perimetre,condition,item,classe_norc,type,n_cellules,exactitude,distance,desirabilite_simulee,desirabilite_humaine,ecart_desirabilite,masse_sans_score_simulee
1052,humains vague 2,natspac/y,mixte,ordinal,1052,0.729087,0.009030,0.467681,0.458650,0.009030,0.000000
1052,humains vague 2,natenvir/y,temoin,ordinal,1052,0.813688,0.009506,0.778042,0.773289,0.004753,-0.000000
1052,humains vague 2,natheal/y,mixte,ordinal,1052,0.773764,0.011407,0.839829,0.828422,0.011407,0.000000
1052,humains vague 2,natcity/y,mixte,ordinal,1052,0.636882,0.011882,0.479087,0.467205,0.011882,0.000000
1052,humains vague 2,natdrug/y,temoin,ordinal,1052,0.720532,0.002376,0.747624,0.750000,-0.002376,0.000000
1052,humains vague 2,nateduc/y,temoin,ordinal,1052,0.808935,0.002376,0.811787,0.809411,0.002376,-0.000000
1052,humains vague 2,natrace/y,sensible,ordinal,1052,0.761407,0.017110,0.564163,0.568916,-0.004753,0.000000
1052,humains vague 2,natarms/y,temoin,ordinal,1052,0.749049,0.010456,0.435361,0.424905,0.010456,-0.000000
1052,humains vague 2,nataid/y,temoin,ordinal,1052,0.816540,0.007129,0.189164,0.182034,0.007129,-0.000000
1052,humains vague 2,natfare/y,mixte,ordinal,1052,0.804183,0.006179,0.814639,0.808460,0.006179,-0.000000
1052,humains vague 2,natroad,sensible,ordinal,1052,0.722433,0.004753,0.721483,0.719582,0.001901,-0.000000
1052,humains vague 2,natsoc,temoin,ordinal,1052,0.777567,0.001426,0.819867,0.820342,-0.000475,-0.000000
1052,humains vague 2,natmass,temoin,ordinal,1052,0.728137,0.011882,0.669677,0.657795,0.011882,0.000000
1052,humains vague 2,natpark,temoin,ordinal,1052,0.717681,0.014734,0.619297,0.604563,0.014734,0.000000
1052,humains vague 2,natchld,sensible,ordinal,1052,0.743346,0.008555,0.741445,0.732890,0.008555,-0.000000
1052,humains vague 2,natsci,temoin,ordinal,1052,0.703422,0.009981,0.621198,0.618821,0.002376,0.000000
1052,humains vague 2,natenrgy,temoin,ordinal,1052,0.689164,0.001901,0.677757,0.679658,-0.001901,-0.000000
1052,humains vague 2,uswary,non teste,nominal,1052,0.816540,0.006654,,,,1.000000
1052,humains vague 2,prayer,non teste,nominal,1052,0.815589,0.005703,,,,1.000000
1052,humains vague 2,courts,non teste,ordinal,1052,0.759506,0.008080,,,,1.000000
1052,humains vague 2,discaffw,non teste,ordinal,1052,0.611217,0.007288,,,,1.000000
1052,humains vague 2,discaffm,non teste,ordinal,1052,0.584601,0.023447,,,,1.000000
1052,humains vague 2,fehire,non teste,ordinal,1052,0.574144,0.012120,,,,1.000000
1052,humains vague 2,fechld,temoin,ordinal,1052,0.640684,0.019011,0.731305,0.726869,0.004436,0.000000
1052,humains vague 2,fepresch,investiguer,ordinal,1052,0.673954,0.006337,0.653676,0.655577,-0.001901,-0.000000
1052,humains vague 2,fefam,investiguer,ordinal,1052,0.664449,0.013625,0.627060,0.640684,-0.013625,-0.000000
1052,humains vague 2,fepol,non teste,nominal,1052,0.889734,0.049430,0.714829,0.764259,-0.049430,0.000000
1052,humains vague 2,mobile16,non teste,ordinal,1052,0.881179,0.006654,,,,1.000000
1052,humains vague 2,incom16,temoin,ordinal,1052,0.748099,0.008318,0.440114,0.447481,-0.007367,-0.000000
1052,humains vague 2,dwelown16,non teste,nominal,1052,0.933460,0.011407,,,,1.000000
1052,humains vague 2,divorced,temoin,nominal,1052,0.969582,0.001901,0.711027,0.709125,0.001901,0.000000
1052,humains vague 2,posslq/y,temoin,nominal,1052,0.929658,0.016160,,,,1.000000
1052,humains vague 2,wrkstat,temoin,nominal,1052,0.809886,0.037072,,,,1.000000
1052,humains vague 2,evwork,temoin,nominal,1052,0.954373,0.007605,,,,1.000000
1052,humains vague 2,wrkgovt1,non teste,nominal,1052,0.933460,0.009506,,,,1.000000
1052,humains vague 2,wrkgovt2,non teste,nominal,1052,0.827947,0.004753,,,,1.000000
1052,humains vague 2,partfull,non teste,nominal,1052,0.820342,0.028517,,,,1.000000
1052,humains vague 2,wksub1,non teste,nominal,1052,0.786122,0.019011,,,,1.000000
1052,humains vague 2,wksup1,non teste,nominal,1052,0.826046,0.026616,,,,1.000000
1052,humains vague 2,conarmy,investiguer,ordinal,1052,0.742395,0.009030,0.665875,0.674905,-0.009030,0.000000
1052,humains vague 2,conbus,temoin,ordinal,1052,0.721483,0.009506,0.393061,0.402567,-0.009506,-0.000000
1052,humains vague 2,conclerg,temoin,ordinal,1052,0.757605,0.012833,0.323194,0.317966,0.005228,-0.000000
1052,humains vague 2,coneduc,sensible,ordinal,1052,0.683460,0.012833,0.530894,0.543726,-0.012833,0.000000
1052,humains vague 2,confed,temoin,ordinal,1052,0.711027,0.004278,0.352662,0.356939,-0.004278,0.000000
1052,humains vague 2,confinan,temoin,ordinal,1052,0.722433,0.016160,0.445342,0.461502,-0.016160,0.000000
1052,humains vague 2,conjudge,temoin,ordinal,1052,0.727186,0.019011,0.381179,0.400190,-0.019011,0.000000
1052,humains vague 2,conlabor,temoin,ordinal,1052,0.692015,0.008555,0.509981,0.504278,0.005703,-0.000000
1052,humains vague 2,conlegis,sensible,ordinal,1052,0.733840,0.010932,0.282795,0.279468,0.003327,-0.000000
1052,humains vague 2,conmedic,sensible,ordinal,1052,0.714829,0.004278,0.662072,0.666350,-0.004278,-0.000000
1052,humains vague 2,conpress,temoin,ordinal,1052,0.736692,0.007605,0.321293,0.325095,-0.003802,0.000000
1052,humains vague 2,consci,temoin,ordinal,1052,0.755703,0.010456,0.704848,0.699144,0.005703,0.000000
1052,humains vague 2,contv,temoin,ordinal,1052,0.673004,0.001901,0.326046,0.327947,-0.001901,0.000000
1052,humains vague 2,joblose,non teste,nominal,1052,0.778517,0.042776,,,,1.000000
1052,humains vague 2,jobfind,temoin,nominal,1052,0.704373,0.026616,,,,1.000000
1052,humains vague 2,happy,temoin,ordinal,1052,0.732890,0.032795,0.442966,0.475760,-0.032795,0.000000
1052,humains vague 2,hapmar,non teste,nominal,1052,0.817491,0.032319,0.648504,0.684444,-0.035940,0.555133
1052,humains vague 2,satjob,temoin,nominal,1052,0.699620,0.039924,0.672414,0.709071,-0.036658,0.393536
1052,humains vague 2,spdeg*,non teste,nominal,1052,0.846008,0.012357,,,,1.000000
1052,humains vague 2,spjew,non teste,nominal,1052,0.814639,0.026616,,,,1.000000
1052,humains vague 2,spfund,non teste,nominal,1052,0.806084,0.004753,,,,1.000000
1052,humains vague 2,unemp,temoin,nominal,1052,0.830799,0.041825,0.558935,0.600760,-0.041825,0.000000
1052,humains vague 2,union1,non teste,nominal,1052,0.951521,0.009506,,,,1.000000
1052,humains vague 2,spkath/y,temoin,nominal,1052,0.851711,0.003802,0.808935,0.812738,-0.003802,0.000000
1052,humains vague 2,colath,temoin,nominal,1052,0.802281,0.005703,0.742395,0.748099,-0.005703,-0.000000
1052,humains vague 2,spkrac/y,sensible,nominal,1052,0.794677,0.036122,,,,1.000000
1052,humains vague 2,colrac,temoin,nominal,1052,0.788023,0.002852,,,,1.000000
1052,humains vague 2,librac/y,non teste,nominal,1052,0.746198,0.002852,,,,1.000000
1052,humains vague 2,spkcom/y,non teste,nominal,1052,0.852662,0.037072,0.727186,0.690114,0.037072,0.000000
1052,humains vague 2,colcom/y,non teste,nominal,1052,0.790875,0.015209,0.700570,0.685361,0.015209,0.000000
1052,humains vague 2,libcom/y,temoin,nominal,1052,0.835551,0.010456,0.752852,0.742395,0.010456,-0.000000
1052,humains vague 2,spkhomo/y,non teste,nominal,1052,0.923954,0.019011,0.919202,0.938213,-0.019011,0.000000
1052,humains vague 2,colhomo,non teste,nominal,1052,0.937262,0.017110,0.916350,0.933460,-0.017110,-0.000000
1052,humains vague 2,libhomo/y,non teste,nominal,1052,0.894487,0.023764,0.840304,0.864068,-0.023764,-0.000000
1052,humains vague 2,cappun,temoin,nominal,1052,0.872624,0.007605,,,,1.000000
1052,humains vague 2,polhitok/y,temoin,nominal,1052,0.812738,0.004753,0.347909,0.343156,0.004753,0.000000
1052,humains vague 2,polabuse/y,sensible,nominal,1052,0.943916,0.008555,0.946768,0.938213,0.008555,0.000000
1052,humains vague 2,polattak/y,sensible,nominal,1052,0.778517,0.025665,,,,1.000000
1052,humains vague 2,grass,non teste,nominal,1052,0.949620,0.002852,,,,1.000000
1052,humains vague 2,gunlaw,temoin,nominal,1052,0.837452,0.018061,,,,1.000000
1052,humains vague 2,owngun,temoin,nominal,1052,0.946768,0.017110,,,,1.000000
1052,humains vague 2,hunt1,non teste,nominal,1052,0.945817,0.014259,,,,1.000000
1052,humains vague 2,class,non teste,ordinal,1052,0.801331,0.017110,,,,1.000000
1052,humains vague 2,satfin,temoin,ordinal,1052,0.694867,0.053707,0.440589,0.494297,-0.053707,0.000000
1052,humains vague 2,finalter,temoin,ordinal,1052,0.706274,0.019962,0.460076,0.475285,-0.015209,0.000000
1052,humains vague 2,finrela,temoin,ordinal,1052,0.692966,0.015447,0.394011,0.409458,-0.015447,0.000000
1052,humains vague 2,racdif1,temoin,nominal,1052,0.852662,0.012357,0.515209,0.527567,-0.012357,0.000000
1052,humains vague 2,racdif2,temoin,nominal,1052,0.930608,0.010456,0.923004,0.933460,-0.010456,0.000000
1052,humains vague 2,racdif3,temoin,nominal,1052,0.801331,0.000951,0.487643,0.488593,-0.000951,0.000000
1052,humains vague 2,racdif4,temoin,nominal,1052,0.834601,0.015209,0.695817,0.711027,-0.015209,0.000000
1052,humains vague 2,wlthwhts,non teste,ordinal,1052,0.548479,0.007921,,,,1.000000
1052,humains vague 2,wlthblks,non teste,ordinal,1052,0.526616,0.006971,,,,1.000000
1052,humains vague 2,wlthhsps,non teste,ordinal,1052,0.503802,0.007763,,,,1.000000
1052,humains vague 2,racwork,temoin,nominal,1052,0.739544,0.024715,,,,1.000000
1052,humains vague 2,letin1a,temoin,ordinal,1052,0.688213,0.009506,0.372386,0.375238,-0.002852,0.000000
1052,humains vague 2,getahead,non teste,ordinal,1052,0.737643,0.015209,,,,1.000000
1052,humains vague 2,aged,non teste,ordinal,1052,0.712928,0.018536,,,,1.000000
1052,humains vague 2,parsol,temoin,ordinal,1052,0.528517,0.013070,0.515209,0.527329,-0.012120,0.000000
1052,humains vague 2,kidssol,non teste,nominal,1052,0.561787,0.024715,,,,1.000000
1052,humains vague 2,spanking,temoin,ordinal,1052,0.739544,0.009189,0.529151,0.527567,0.001584,-0.000000
1052,humains vague 2,divlaw,non teste,ordinal,1052,0.747148,0.010456,,,,1.000000
1052,humains vague 2,sexeduc,temoin,nominal,1052,0.930608,0.006654,0.856464,0.849810,0.006654,0.000000
1052,humains vague 2,pillok,investiguer,ordinal,1052,0.655894,0.007605,,,,1.000000
1052,humains vague 2,xmarsex,sensible,ordinal,1052,0.704373,0.014892,0.758872,0.764259,-0.005387,0.000000
1052,humains vague 2,homosex,temoin,ordinal,1052,0.788973,0.006337,0.682826,0.685361,-0.002535,-0.000000
1052,humains vague 2,marhomo,temoin,ordinal,1052,0.766160,0.003089,0.716492,0.719582,-0.003089,-0.000000
1052,humains vague 2,discaff,temoin,ordinal,1052,0.710076,0.002376,,,,1.000000
1052,humains vague 2,abdefect,temoin,nominal,1052,0.916350,0.003802,,,,1.000000
1052,humains vague 2,abnomore,temoin,nominal,1052,0.888783,0.035171,,,,1.000000
1052,humains vague 2,abhlth,temoin,nominal,1052,0.958175,0.000000,,,,1.000000
1052,humains vague 2,abpoor,investiguer,nominal,1052,0.909696,0.029468,,,,1.000000
1052,humains vague 2,abrape,investiguer,nominal,1052,0.946768,0.005703,,,,1.000000
1052,humains vague 2,absingle,temoin,nominal,1052,0.902091,0.027567,,,,1.000000
1052,humains vague 2,abany,investiguer,nominal,1052,0.898289,0.016160,,,,1.000000
1052,humains vague 2,letdie1,temoin,nominal,1052,0.899240,0.003802,,,,1.000000
1052,humains vague 2,suicide1,investiguer,nominal,1052,0.894487,0.000951,,,,1.000000
1052,humains vague 2,suicide2,non teste,nominal,1052,0.881179,0.025665,,,,1.000000
1052,humains vague 2,suicide3,non teste,nominal,1052,0.877376,0.029468,,,,1.000000
1052,humains vague 2,suicide4,temoin,nominal,1052,0.864068,0.027567,,,,1.000000
1052,humains vague 2,pornlaw,temoin,ordinal,1052,0.816540,0.016160,0.601711,0.585551,0.016160,-0.000000
1052,humains vague 2,fair,non teste,ordinal,1052,0.682509,0.020913,,,,1.000000
1052,humains vague 2,helpful,non teste,ordinal,1052,0.646388,0.015684,,,,1.000000
1052,humains vague 2,trust,non teste,ordinal,1052,0.706274,0.026141,,,,1.000000
1052,humains vague 2,tax,non teste,ordinal,1052,0.789924,0.001426,,,,1.000000
1052,humains vague 2,vote16,sensible,nominal,1052,0.906844,0.014259,0.703422,0.689164,0.014259,-0.000000
1052,humains vague 2,pres16,temoin,nominal,1052,0.928707,0.017110,,,,1.000000
1052,humains vague 2,if16who,investiguer,nominal,1052,0.906844,0.000951,,,,1.000000
1052,humains vague 2,news,investiguer,ordinal,1052,0.665399,0.006179,0.371911,0.368108,0.003802,-0.000000
1052,humains vague 2,jew,non teste,nominal,1052,0.752852,0.026616,,,,1.000000
1052,humains vague 2,relig16*,non teste,nominal,1052,0.876426,0.032319,,,,1.000000
1052,humains vague 2,jew16*,non teste,nominal,1052,0.750951,0.019011,,,,1.000000
1052,humains vague 2,attend,sensible,ordinal,1052,0.747148,0.009387,0.264140,0.254990,0.009149,0.000000
1052,humains vague 2,pray,investiguer,ordinal,1052,0.724335,0.007414,0.476426,0.469011,0.007414,0.000000
1052,humains vague 2,postlife,non teste,nominal,1052,0.912548,0.022814,,,,1.000000
1052,humains vague 2,bible,non teste,ordinal,1052,0.875475,0.009981,,,,1.000000
1052,humains vague 2,reborn,investiguer,nominal,1052,0.820342,0.011407,0.405738,0.414127,-0.008390,0.304182
1052,humains vague 2,savesoul,investiguer,nominal,1052,0.907795,0.025665,0.345057,0.319392,0.025665,-0.000000
1052,humains vague 2,granborn,non teste,ordinal,1052,0.763308,0.019962,,,,1.000000
1052,humains vague 2,uscitzn*,non teste,nominal,1052,0.997148,0.002852,,,,1.000000
1052,humains vague 2,fucitzn,non teste,nominal,1052,0.985741,0.004753,,,,1.000000
1052,humains vague 2,mnthsusa,non teste,nominal,1052,0.962928,0.008555,,,,1.000000
1052,humains vague 2,income,non teste,ordinal,1052,0.634030,0.007000,0.788541,0.783270,0.005271,0.000000
1052,humains vague 2,othlang,temoin,nominal,1052,0.921103,0.002852,,,,1.000000
1052,humains vague 2,health,temoin,ordinal,1052,0.799430,0.020913,0.578580,0.595057,-0.016477,0.000000
1052,humains vague 2,compuse*,temoin,nominal,1052,0.962928,0.012357,,,,1.000000
1052,humains vague 2,webmob,non teste,nominal,1052,0.965779,0.007605,,,,1.000000
1052,humains vague 2,xmovie,non teste,nominal,1052,0.879278,0.025665,0.594106,0.619772,-0.025665,0.000000
1052,humains vague 2,usewww*,non teste,nominal,1052,0.980989,0.000000,,,,1.000000
1052,humains vague 2,life,temoin,ordinal,1052,0.784221,0.019962,0.599335,0.619297,-0.019962,0.000000
1052,humains vague 2,richwork,temoin,nominal,1052,0.854563,0.029468,0.422053,0.392586,0.029468,0.000000
1052,agents composite,natspac/y,mixte,ordinal,1052,0.465779,0.116920,0.341730,0.458650,-0.116920,0.000000
1052,agents composite,natenvir/y,temoin,ordinal,1052,0.620722,0.152567,0.620722,0.773289,-0.152567,0.000000
1052,agents composite,natheal/y,mixte,ordinal,1052,0.723384,0.010360,0.832065,0.828422,0.003643,0.000000
1052,agents composite,natcity/y,mixte,ordinal,1052,0.489544,0.108840,0.524715,0.467205,0.057510,0.000000
1052,agents composite,natdrug/y,temoin,ordinal,1052,0.583650,0.057034,0.765209,0.750000,0.015209,0.000000
1052,agents composite,nateduc/y,temoin,ordinal,1052,0.676806,0.022814,0.786597,0.809411,-0.022814,-0.000000
1052,agents composite,natrace/y,sensible,ordinal,1052,0.637833,0.092585,0.547098,0.568916,-0.021818,-0.000000
1052,agents composite,natarms/y,temoin,ordinal,1052,0.562738,0.041825,0.430608,0.424905,0.005703,-0.000000
1052,agents composite,nataid/y,temoin,ordinal,1052,0.672053,0.048954,0.230989,0.182034,0.048954,-0.000000
1052,agents composite,natfare/y,mixte,ordinal,1052,0.656844,0.131654,0.676806,0.808460,-0.131654,0.000000
1052,agents composite,natroad,sensible,ordinal,1052,0.516160,0.063688,0.672053,0.719582,-0.047529,-0.000000
1052,agents composite,natsoc,temoin,ordinal,1052,0.591255,0.084601,0.735741,0.820342,-0.084601,-0.000000
1052,agents composite,natmass,temoin,ordinal,1052,0.534221,0.103137,0.652567,0.657795,-0.005228,0.000000
1052,agents composite,natpark,temoin,ordinal,1052,0.580799,0.063688,0.604563,0.604563,-0.000000,0.000000
1052,agents composite,natchld,sensible,ordinal,1052,0.608365,0.065589,0.710076,0.732890,-0.022814,-0.000000
1052,agents composite,natsci,temoin,ordinal,1052,0.528517,0.135456,0.681084,0.618821,0.062262,0.000000
1052,agents composite,natenrgy,temoin,ordinal,1052,0.600760,0.097909,0.740494,0.679658,0.060837,0.000000
1052,agents composite,uswary,non teste,nominal,1052,0.499049,0.432509,,,,1.000000
1052,agents composite,prayer,non teste,nominal,1052,0.770913,0.111217,,,,1.000000
1052,agents composite,courts,non teste,ordinal,1052,0.574144,0.034696,,,,1.000000
1052,agents composite,discaffw,non teste,ordinal,1052,0.400190,0.122624,,,,1.000000
1052,agents composite,discaffm,non teste,ordinal,1052,0.425856,0.107731,,,,1.000000
1052,agents composite,fehire,non teste,ordinal,1052,0.351711,0.071530,,,,1.000000
1052,agents composite,fechld,temoin,ordinal,1052,0.492395,0.025349,0.701521,0.726869,-0.025349,-0.000000
1052,agents composite,fepresch,investiguer,ordinal,1052,0.498099,0.011724,0.648923,0.655577,-0.006654,0.000000
1052,agents composite,fefam,investiguer,ordinal,1052,0.530418,0.019645,0.660330,0.640684,0.019645,0.000000
1052,agents composite,fepol,non teste,nominal,1052,0.801331,0.038973,0.803232,0.764259,0.038973,-0.000000
1052,agents composite,mobile16,non teste,ordinal,1052,0.736692,0.073194,,,,1.000000
1052,agents composite,incom16,temoin,ordinal,1052,0.546578,0.026854,0.445342,0.447481,-0.002139,-0.000000
1052,agents composite,dwelown16,non teste,nominal,1052,0.750000,0.072243,,,,1.000000
1052,agents composite,divorced,temoin,nominal,1052,0.948669,0.017110,0.726236,0.709125,0.017110,0.000000
1052,agents composite,posslq/y,temoin,nominal,1052,0.957224,0.019011,,,,1.000000
1052,agents composite,wrkstat,temoin,nominal,1052,0.777567,0.073573,,,,1.000000
1052,agents composite,evwork,temoin,nominal,1052,0.953422,0.002852,,,,1.000000
1052,agents composite,wrkgovt1,non teste,nominal,1052,0.876426,0.017110,,,,1.000000
1052,agents composite,wrkgovt2,non teste,nominal,1052,0.696768,0.021863,,,,1.000000
1052,agents composite,partfull,non teste,nominal,1052,0.831749,0.073194,,,,1.000000
1052,agents composite,wksub1,non teste,nominal,1052,0.812738,0.061787,,,,1.000000
1052,agents composite,wksup1,non teste,nominal,1052,0.827947,0.066540,,,,1.000000
1052,agents composite,conarmy,investiguer,ordinal,1052,0.514259,0.089354,0.609316,0.674905,-0.065589,0.000000
1052,agents composite,conbus,temoin,ordinal,1052,0.639734,0.065589,0.354087,0.402567,-0.048479,0.000000
1052,agents composite,conclerg,temoin,ordinal,1052,0.641635,0.040264,0.358230,0.317966,0.040264,0.000000
1052,agents composite,coneduc,sensible,ordinal,1052,0.604563,0.149715,0.455798,0.543726,-0.087928,0.000000
1052,agents composite,confed,temoin,ordinal,1052,0.569392,0.106226,0.250714,0.356939,-0.106226,0.000000
1052,agents composite,confinan,temoin,ordinal,1052,0.585551,0.116920,0.344582,0.461502,-0.116920,0.000000
1052,agents composite,conjudge,temoin,ordinal,1052,0.539924,0.134981,0.373574,0.400190,-0.026616,-0.000000
1052,agents composite,conlabor,temoin,ordinal,1052,0.530418,0.171103,0.333175,0.504278,-0.171103,-0.000000
1052,agents composite,conlegis,sensible,ordinal,1052,0.590304,0.162072,0.117395,0.279468,-0.162072,-0.000000
1052,agents composite,conmedic,sensible,ordinal,1052,0.581749,0.128189,0.567555,0.666350,-0.098795,0.000000
1052,agents composite,conpress,temoin,ordinal,1052,0.636882,0.087452,0.237643,0.325095,-0.087452,0.000000
1052,agents composite,consci,temoin,ordinal,1052,0.645437,0.081749,0.686787,0.699144,-0.012357,0.000000
1052,agents composite,contv,temoin,ordinal,1052,0.591255,0.126426,0.201521,0.327947,-0.126426,0.000000
1052,agents composite,joblose,non teste,nominal,1052,0.761407,0.106739,,,,1.000000
1052,agents composite,jobfind,temoin,nominal,1052,0.626426,0.120317,,,,1.000000
1052,agents composite,happy,temoin,ordinal,1052,0.703422,0.070342,0.444392,0.475760,-0.031369,0.000000
1052,agents composite,hapmar,non teste,nominal,1052,0.812738,0.065589,0.759901,0.684444,0.075457,0.615970
1052,agents composite,satjob,temoin,nominal,1052,0.697719,0.060837,0.708754,0.709071,-0.000317,0.435361
1052,agents composite,spdeg*,non teste,nominal,1052,0.683460,0.124525,,,,1.000000
1052,agents composite,spjew,non teste,nominal,1052,0.716730,0.272814,,,,1.000000
1052,agents composite,spfund,non teste,nominal,1052,0.758555,0.092205,,,,1.000000
1052,agents composite,unemp,temoin,nominal,1052,0.740494,0.153042,0.753802,0.600760,0.153042,-0.000000
1052,agents composite,union1,non teste,nominal,1052,0.941065,0.040875,,,,1.000000
1052,agents composite,spkath/y,temoin,nominal,1052,0.828897,0.036122,0.776616,0.812738,-0.036122,-0.000000
1052,agents composite,colath,temoin,nominal,1052,0.765209,0.027567,0.720532,0.748099,-0.027567,0.000000
1052,agents composite,spkrac/y,sensible,nominal,1052,0.707224,0.017110,,,,1.000000
1052,agents composite,colrac,temoin,nominal,1052,0.703422,0.115970,,,,1.000000
1052,agents composite,librac/y,non teste,nominal,1052,0.660646,0.156844,,,,1.000000
1052,agents composite,spkcom/y,non teste,nominal,1052,0.791825,0.096008,0.786122,0.690114,0.096008,0.000000
1052,agents composite,colcom/y,non teste,nominal,1052,0.764259,0.119772,0.805133,0.685361,0.119772,-0.000000
1052,agents composite,libcom/y,temoin,nominal,1052,0.820342,0.057985,0.800380,0.742395,0.057985,0.000000
1052,agents composite,spkhomo/y,non teste,nominal,1052,0.912548,0.041825,0.896388,0.938213,-0.041825,0.000000
1052,agents composite,colhomo,non teste,nominal,1052,0.821293,0.152091,0.781369,0.933460,-0.152091,0.000000
1052,agents composite,libhomo/y,non teste,nominal,1052,0.865019,0.053232,0.810837,0.864068,-0.053232,0.000000
1052,agents composite,cappun,temoin,nominal,1052,0.694867,0.069392,,,,1.000000
1052,agents composite,polhitok/y,temoin,nominal,1052,0.722433,0.064639,0.278517,0.343156,-0.064639,0.000000
1052,agents composite,polabuse/y,sensible,nominal,1052,0.766160,0.165399,0.772814,0.938213,-0.165399,0.000000
1052,agents composite,polattak/y,sensible,nominal,1052,0.404943,0.507605,,,,1.000000
1052,agents composite,grass,non teste,nominal,1052,0.733840,0.091255,,,,1.000000
1052,agents composite,gunlaw,temoin,nominal,1052,0.681559,0.103612,,,,1.000000
1052,agents composite,owngun,temoin,nominal,1052,0.763308,0.014259,,,,1.000000
1052,agents composite,hunt1,non teste,nominal,1052,0.893536,0.102662,,,,1.000000
1052,agents composite,class,non teste,ordinal,1052,0.624525,0.049430,,,,1.000000
1052,agents composite,satfin,temoin,ordinal,1052,0.686312,0.046334,0.540631,0.494297,0.046334,0.000000
1052,agents composite,finalter,temoin,ordinal,1052,0.608365,0.084601,0.395437,0.475285,-0.079848,-0.000000
1052,agents composite,finrela,temoin,ordinal,1052,0.559886,0.029230,0.438688,0.409458,0.029230,0.000000
1052,agents composite,racdif1,temoin,nominal,1052,0.797529,0.090304,0.437262,0.527567,-0.090304,0.000000
1052,agents composite,racdif2,temoin,nominal,1052,0.919201,0.038973,0.972433,0.933460,0.038973,0.000000
1052,agents composite,racdif3,temoin,nominal,1052,0.709125,0.074144,0.414449,0.488593,-0.074144,0.000000
1052,agents composite,racdif4,temoin,nominal,1052,0.769011,0.094106,0.805133,0.711027,0.094106,-0.000000
1052,agents composite,wlthwhts,non teste,ordinal,1052,0.515209,0.052054,,,,1.000000
1052,agents composite,wlthblks,non teste,ordinal,1052,0.310836,0.117063,,,,1.000000
1052,agents composite,wlthhsps,non teste,ordinal,1052,0.379278,0.091274,,,,1.000000
1052,agents composite,racwork,temoin,nominal,1052,0.630228,0.194867,,,,1.000000
1052,agents composite,letin1a,temoin,ordinal,1052,0.473384,0.096958,0.391397,0.375238,0.016160,-0.000000
1052,agents composite,getahead,non teste,ordinal,1052,0.607414,0.043726,,,,1.000000
1052,agents composite,aged,non teste,ordinal,1052,0.469582,0.080323,,,,1.000000
1052,agents composite,parsol,temoin,ordinal,1052,0.350760,0.075333,0.451996,0.527329,-0.075333,-0.000000
1052,agents composite,kidssol,non teste,nominal,1052,0.446768,0.284221,,,,1.000000
1052,agents composite,spanking,temoin,ordinal,1052,0.421103,0.089037,0.574144,0.527567,0.046578,0.000000
1052,agents composite,divlaw,non teste,ordinal,1052,0.553232,0.071768,,,,1.000000
1052,agents composite,sexeduc,temoin,nominal,1052,0.850760,0.008555,0.841255,0.849810,-0.008555,-0.000000
1052,agents composite,pillok,investiguer,ordinal,1052,0.469582,0.076046,,,,1.000000
1052,agents composite,xmarsex,sensible,ordinal,1052,0.537072,0.168251,0.932510,0.764259,0.168251,0.000000
1052,agents composite,homosex,temoin,ordinal,1052,0.753802,0.069475,0.754837,0.685361,0.069475,-0.000000
1052,agents composite,marhomo,temoin,ordinal,1052,0.545627,0.101473,0.618108,0.719582,-0.101473,-0.000000
1052,agents composite,discaff,temoin,ordinal,1052,0.609316,0.046103,,,,1.000000
1052,agents composite,abdefect,temoin,nominal,1052,0.875475,0.004753,,,,1.000000
1052,agents composite,abnomore,temoin,nominal,1052,0.899240,0.007605,,,,1.000000
1052,agents composite,abhlth,temoin,nominal,1052,0.930608,0.029468,,,,1.000000
1052,agents composite,abpoor,investiguer,nominal,1052,0.884981,0.002852,,,,1.000000
1052,agents composite,abrape,investiguer,nominal,1052,0.903992,0.035171,,,,1.000000
1052,agents composite,absingle,temoin,nominal,1052,0.885932,0.036122,,,,1.000000
1052,agents composite,abany,investiguer,nominal,1052,0.859316,0.049430,,,,1.000000
1052,agents composite,letdie1,temoin,nominal,1052,0.851711,0.011407,,,,1.000000
1052,agents composite,suicide1,investiguer,nominal,1052,0.892586,0.008555,,,,1.000000
1052,agents composite,suicide2,non teste,nominal,1052,0.807985,0.146388,,,,1.000000
1052,agents composite,suicide3,non teste,nominal,1052,0.823194,0.024715,,,,1.000000
1052,agents composite,suicide4,temoin,nominal,1052,0.646388,0.268061,,,,1.000000
1052,agents composite,pornlaw,temoin,ordinal,1052,0.718631,0.104848,0.536737,0.585551,-0.048815,-0.000000
1052,agents composite,fair,non teste,ordinal,1052,0.557985,0.101236,,,,1.000000
1052,agents composite,helpful,non teste,ordinal,1052,0.583650,0.059886,,,,1.000000
1052,agents composite,trust,non teste,ordinal,1052,0.575095,0.047053,,,,1.000000
1052,agents composite,tax,non teste,ordinal,1052,0.595057,0.052757,,,,1.000000
1052,agents composite,vote16,sensible,nominal,1052,0.869772,0.035171,0.680608,0.689164,-0.008555,-0.000000
1052,agents composite,pres16,temoin,nominal,1052,0.848859,0.085551,,,,1.000000
1052,agents composite,if16who,investiguer,nominal,1052,0.865019,0.051331,,,,1.000000
1052,agents composite,news,investiguer,ordinal,1052,0.347909,0.113831,0.269011,0.368108,-0.099097,-0.000000
1052,agents composite,jew,non teste,nominal,1052,0.726236,0.247148,,,,1.000000
1052,agents composite,relig16*,non teste,nominal,1052,0.650190,0.193916,,,,1.000000
1052,agents composite,jew16*,non teste,nominal,1052,0.760456,0.212928,,,,1.000000
1052,agents composite,attend,sensible,ordinal,1052,0.548479,0.045390,0.288498,0.254990,0.033508,0.000000
1052,agents composite,pray,investiguer,ordinal,1052,0.538973,0.129087,0.339924,0.469011,-0.129087,-0.000000
1052,agents composite,postlife,non teste,nominal,1052,0.806084,0.083650,,,,1.000000
1052,agents composite,bible,non teste,ordinal,1052,0.673954,0.117360,,,,1.000000
1052,agents composite,reborn,investiguer,nominal,1052,0.689164,0.113118,0.449420,0.414127,0.035292,0.426806
1052,agents composite,savesoul,investiguer,nominal,1052,0.839354,0.012357,0.331749,0.319392,0.012357,-0.000000
1052,agents composite,granborn,non teste,ordinal,1052,0.615970,0.182510,,,,1.000000
1052,agents composite,uscitzn*,non teste,nominal,1052,0.997148,0.002852,,,,1.000000
1052,agents composite,fucitzn,non teste,nominal,1052,0.991445,0.003802,,,,1.000000
1052,agents composite,mnthsusa,non teste,nominal,1052,0.880228,0.080410,,,,1.000000
1052,agents composite,income,non teste,ordinal,1052,0.422053,0.071936,0.855206,0.783270,0.071936,-0.000000
1052,agents composite,othlang,temoin,nominal,1052,0.859316,0.060837,,,,1.000000
1052,agents composite,health,temoin,ordinal,1052,0.624525,0.087769,0.507288,0.595057,-0.087769,0.000000
1052,agents composite,compuse*,temoin,nominal,1052,0.970532,0.019962,,,,1.000000
1052,agents composite,webmob,non teste,nominal,1052,0.978137,0.012357,,,,1.000000
1052,agents composite,xmovie,non teste,nominal,1052,0.683460,0.173954,0.793726,0.619772,0.173954,-0.000000
1052,agents composite,usewww*,non teste,nominal,1052,0.984791,0.009506,,,,1.000000
1052,agents composite,life,temoin,ordinal,1052,0.633080,0.114068,0.505228,0.619297,-0.114068,0.000000
1052,agents composite,richwork,temoin,nominal,1052,0.687262,0.084601,0.307985,0.392586,-0.084601,-0.000000
1052,agents entretien (v3),natspac/y,mixte,ordinal,1051,0.328259,0.404892,0.053758,0.458650,-0.404892,-0.000000
1052,agents entretien (v3),natenvir/y,temoin,ordinal,1051,0.599429,0.191938,0.581351,0.773289,-0.191938,0.000000
1052,agents entretien (v3),natheal/y,mixte,ordinal,1051,0.703140,0.014911,0.813511,0.828422,-0.014911,-0.000000
1052,agents entretien (v3),natcity/y,mixte,ordinal,1051,0.483349,0.132028,0.374405,0.467205,-0.092800,0.000000
1052,agents entretien (v3),natdrug/y,temoin,ordinal,1052,0.562738,0.072243,0.709125,0.750000,-0.040875,-0.000000
1052,agents entretien (v3),nateduc/y,temoin,ordinal,1052,0.680608,0.024715,0.808460,0.809411,-0.000951,0.000000
1052,agents entretien (v3),natrace/y,sensible,ordinal,1052,0.641635,0.085551,0.543251,0.568916,-0.025665,0.000000
1052,agents entretien (v3),natarms/y,temoin,ordinal,1052,0.563688,0.091730,0.333175,0.424905,-0.091730,0.000000
1052,agents entretien (v3),nataid/y,temoin,ordinal,1052,0.698669,0.089829,0.119772,0.182034,-0.062262,0.000000
1052,agents entretien (v3),natfare/y,mixte,ordinal,1052,0.670152,0.105038,0.703422,0.808460,-0.105038,0.000000
1052,agents entretien (v3),natroad,sensible,ordinal,1052,0.443916,0.187262,0.549430,0.719582,-0.170152,-0.000000
1052,agents entretien (v3),natsoc,temoin,ordinal,1052,0.559886,0.091730,0.728612,0.820342,-0.091730,-0.000000
1052,agents entretien (v3),natmass,temoin,ordinal,1052,0.515209,0.133555,0.594582,0.657795,-0.063213,0.000000
1052,agents entretien (v3),natpark,temoin,ordinal,1052,0.542776,0.081749,0.522814,0.604563,-0.081749,0.000000
1052,agents entretien (v3),natchld,sensible,ordinal,1052,0.576046,0.114068,0.618821,0.732890,-0.114068,0.000000
1052,agents entretien (v3),natsci,temoin,ordinal,1052,0.475285,0.135456,0.584125,0.618821,-0.034696,0.000000
1052,agents entretien (v3),natenrgy,temoin,ordinal,1051,0.544244,0.097355,0.582303,0.679658,-0.097355,0.000000
1052,agents entretien (v3),uswary,non teste,nominal,1050,0.513333,0.449462,,,,1.000000
1052,agents entretien (v3),prayer,non teste,nominal,1050,0.746667,0.029877,,,,1.000000
1052,agents entretien (v3),courts,non teste,ordinal,1051,0.558516,0.109749,,,,1.000000
1052,agents entretien (v3),discaffw,non teste,ordinal,1050,0.433333,0.070664,,,,1.000000
1052,agents entretien (v3),discaffm,non teste,ordinal,1050,0.392381,0.042485,,,,1.000000
1052,agents entretien (v3),fehire,non teste,ordinal,1052,0.328897,0.096483,,,,1.000000
1052,agents entretien (v3),fechld,temoin,ordinal,1052,0.478137,0.021414,0.738027,0.726869,0.011158,-0.000000
1052,agents entretien (v3),fepresch,investiguer,ordinal,1052,0.434411,0.041508,0.697085,0.655577,0.041508,0.000000
1052,agents entretien (v3),fefam,investiguer,ordinal,1052,0.430608,0.063688,0.672053,0.640684,0.031369,0.000000
1052,agents entretien (v3),fepol,non teste,nominal,1052,0.783270,0.144487,0.908745,0.764259,0.144487,0.000000
1052,agents entretien (v3),mobile16,non teste,ordinal,1052,0.745247,0.115019,,,,1.000000
1052,agents entretien (v3),incom16,temoin,ordinal,1052,0.531369,0.014496,0.461977,0.447481,0.014496,-0.000000
1052,agents entretien (v3),dwelown16,non teste,nominal,1047,0.758357,0.037427,,,,1.000000
1052,agents entretien (v3),divorced,temoin,nominal,1051,0.944814,0.014947,0.724072,0.709125,0.014947,-0.000000
1052,agents entretien (v3),posslq/y,temoin,nominal,1051,0.946717,0.015457,,,,1.000000
1052,agents entretien (v3),wrkstat,temoin,nominal,1051,0.761180,0.076586,,,,1.000000
1052,agents entretien (v3),evwork,temoin,nominal,1052,0.955323,0.021863,,,,1.000000
1052,agents entretien (v3),wrkgovt1,non teste,nominal,1052,0.883080,0.002852,,,,1.000000
1052,agents entretien (v3),wrkgovt2,non teste,nominal,1052,0.739544,0.169202,,,,1.000000
1052,agents entretien (v3),partfull,non teste,nominal,1052,0.806084,0.058935,,,,1.000000
1052,agents entretien (v3),wksub1,non teste,nominal,1051,0.824929,0.050797,,,,1.000000
1052,agents entretien (v3),wksup1,non teste,nominal,1051,0.831589,0.072986,,,,1.000000
1052,agents entretien (v3),conarmy,investiguer,ordinal,1052,0.493346,0.063688,0.617871,0.674905,-0.057034,0.000000
1052,agents entretien (v3),conbus,temoin,ordinal,1052,0.579848,0.082700,0.319867,0.402567,-0.082700,0.000000
1052,agents entretien (v3),conclerg,temoin,ordinal,1052,0.630228,0.066540,0.384506,0.317966,0.066540,0.000000
1052,agents entretien (v3),coneduc,sensible,ordinal,1051,0.555661,0.121747,0.421979,0.543726,-0.121747,-0.000000
1052,agents entretien (v3),confed,temoin,ordinal,1051,0.497621,0.215169,0.141770,0.356939,-0.215169,-0.000000
1052,agents entretien (v3),confinan,temoin,ordinal,1051,0.517602,0.175584,0.285918,0.461502,-0.175584,-0.000000
1052,agents entretien (v3),conjudge,temoin,ordinal,1051,0.539486,0.059086,0.341104,0.400190,-0.059086,0.000000
1052,agents entretien (v3),conlabor,temoin,ordinal,1051,0.535680,0.146047,0.358230,0.504278,-0.146047,-0.000000
1052,agents entretien (v3),conlegis,sensible,ordinal,1051,0.545195,0.208583,0.070885,0.279468,-0.208583,0.000000
1052,agents entretien (v3),conmedic,sensible,ordinal,1051,0.599429,0.056352,0.645100,0.666350,-0.021250,0.000000
1052,agents entretien (v3),conpress,temoin,ordinal,1051,0.617507,0.083420,0.241675,0.325095,-0.083420,-0.000000
1052,agents entretien (v3),consci,temoin,ordinal,1051,0.627022,0.033955,0.707897,0.699144,0.008753,0.000000
1052,agents entretien (v3),contv,temoin,ordinal,1051,0.574691,0.126234,0.201713,0.327947,-0.126234,-0.000000
1052,agents entretien (v3),joblose,non teste,nominal,1051,0.759277,0.066356,,,,1.000000
1052,agents entretien (v3),jobfind,temoin,nominal,1051,0.592769,0.119240,,,,1.000000
1052,agents entretien (v3),happy,temoin,ordinal,1051,0.668887,0.060216,0.449572,0.475760,-0.026189,0.000000
1052,agents entretien (v3),hapmar,non teste,nominal,1051,0.770695,0.097239,0.808889,0.684444,0.124444,0.571836
1052,agents entretien (v3),satjob,temoin,nominal,1051,0.665081,0.020250,0.720126,0.709071,0.011054,0.394862
1052,agents entretien (v3),spdeg*,non teste,nominal,1052,0.652091,0.135932,,,,1.000000
1052,agents entretien (v3),spjew,non teste,nominal,1051,0.711703,0.275649,,,,1.000000
1052,agents entretien (v3),spfund,non teste,nominal,1052,0.761407,0.078897,,,,1.000000
1052,agents entretien (v3),unemp,temoin,nominal,1052,0.741445,0.036122,0.636882,0.600760,0.036122,0.000000
1052,agents entretien (v3),union1,non teste,nominal,1052,0.938213,0.036111,,,,1.000000
1052,agents entretien (v3),spkath/y,temoin,nominal,1052,0.739544,0.051331,0.761407,0.812738,-0.051331,0.000000
1052,agents entretien (v3),colath,temoin,nominal,1051,0.635585,0.138204,0.609895,0.748099,-0.138204,0.000000
1052,agents entretien (v3),spkrac/y,sensible,nominal,1051,0.558516,0.429644,,,,1.000000
1052,agents entretien (v3),colrac,temoin,nominal,1052,0.709125,0.226236,,,,1.000000
1052,agents entretien (v3),librac/y,non teste,nominal,1052,0.541825,0.220532,,,,1.000000
1052,agents entretien (v3),spkcom/y,non teste,nominal,1052,0.682509,0.074872,0.764986,0.690114,0.074872,-0.000000
1052,agents entretien (v3),colcom/y,non teste,nominal,1052,0.666350,0.035171,0.720532,0.685361,0.035171,0.000000
1052,agents entretien (v3),libcom/y,temoin,nominal,1052,0.749049,0.176806,0.919202,0.742395,0.176806,0.000000
1052,agents entretien (v3),spkhomo/y,non teste,nominal,1052,0.899240,0.025749,0.912464,0.938213,-0.025749,0.000000
1052,agents entretien (v3),colhomo,non teste,nominal,1052,0.826046,0.103612,0.829848,0.933460,-0.103612,-0.000000
1052,agents entretien (v3),libhomo/y,non teste,nominal,1052,0.846008,0.024715,0.839354,0.864068,-0.024715,-0.000000
1052,agents entretien (v3),cappun,temoin,nominal,1052,0.674905,0.142586,,,,1.000000
1052,agents entretien (v3),polhitok/y,temoin,nominal,1052,0.653992,0.184411,0.158745,0.343156,-0.184411,-0.000000
1052,agents entretien (v3),polabuse/y,sensible,nominal,1052,0.936312,0.059886,0.998099,0.938213,0.059886,0.000000
1052,agents entretien (v3),polattak/y,sensible,nominal,1052,0.673004,0.323194,,,,1.000000
1052,agents entretien (v3),grass,non teste,nominal,1052,0.733840,0.038023,,,,1.000000
1052,agents entretien (v3),gunlaw,temoin,nominal,1052,0.699620,0.060837,,,,1.000000
1052,agents entretien (v3),owngun,temoin,nominal,1051,0.760228,0.075848,,,,1.000000
1052,agents entretien (v3),hunt1,non teste,nominal,1052,0.892586,0.091237,,,,1.000000
1052,agents entretien (v3),class,non teste,ordinal,1051,0.623216,0.034949,,,,1.000000
1052,agents entretien (v3),satfin,temoin,ordinal,1050,0.664762,0.042917,0.537214,0.494297,0.042917,0.000000
1052,agents entretien (v3),finalter,temoin,ordinal,1050,0.629524,0.053712,0.431429,0.475285,-0.043857,-0.000000
1052,agents entretien (v3),finrela,temoin,ordinal,1051,0.531874,0.038955,0.417222,0.409458,0.007764,-0.000000
1052,agents entretien (v3),racdif1,temoin,nominal,1050,0.806667,0.013386,0.540952,0.527567,0.013386,0.000000
1052,agents entretien (v3),racdif2,temoin,nominal,1050,0.933333,0.064635,0.998095,0.933460,0.064635,0.000000
1052,agents entretien (v3),racdif3,temoin,nominal,1051,0.706946,0.037572,0.526166,0.488593,0.037572,0.000000
1052,agents entretien (v3),racdif4,temoin,nominal,1051,0.745005,0.003531,0.714558,0.711027,0.003531,-0.000000
1052,agents entretien (v3),wlthwhts,non teste,ordinal,1051,0.326356,0.111672,,,,1.000000
1052,agents entretien (v3),wlthblks,non teste,ordinal,1051,0.151284,0.201432,,,,1.000000
1052,agents entretien (v3),wlthhsps,non teste,ordinal,1051,0.313035,0.109521,,,,1.000000
1052,agents entretien (v3),racwork,temoin,nominal,1051,0.622265,0.182188,,,,1.000000
1052,agents entretien (v3),letin1a,temoin,ordinal,1052,0.487643,0.042776,0.407557,0.375238,0.032319,-0.000000
1052,agents entretien (v3),getahead,non teste,ordinal,1051,0.585157,0.096334,,,,1.000000
1052,agents entretien (v3),aged,non teste,ordinal,1051,0.531874,0.020567,,,,1.000000
1052,agents entretien (v3),parsol,temoin,ordinal,1051,0.361560,0.056247,0.500238,0.527329,-0.027091,0.000000
1052,agents entretien (v3),kidssol,non teste,nominal,1051,0.441484,0.303154,,,,1.000000
1052,agents entretien (v3),spanking,temoin,ordinal,1051,0.392959,0.101358,0.628925,0.527567,0.101358,0.000000
1052,agents entretien (v3),divlaw,non teste,ordinal,1052,0.484791,0.153517,,,,1.000000
1052,agents entretien (v3),sexeduc,temoin,nominal,1052,0.782319,0.096008,0.753802,0.849810,-0.096008,-0.000000
1052,agents entretien (v3),pillok,investiguer,ordinal,1051,0.440533,0.053849,,,,1.000000
1052,agents entretien (v3),xmarsex,sensible,ordinal,1050,0.554286,0.174731,0.938990,0.764259,0.174731,-0.000000
1052,agents entretien (v3),homosex,temoin,ordinal,1050,0.677143,0.066383,0.646928,0.685361,-0.038433,-0.000000
1052,agents entretien (v3),marhomo,temoin,ordinal,1050,0.526667,0.111384,0.608198,0.719582,-0.111383,-0.000000
1052,agents entretien (v3),discaff,temoin,ordinal,1050,0.564762,0.088608,,,,1.000000
1052,agents entretien (v3),abdefect,temoin,nominal,1052,0.834601,0.007605,,,,1.000000
1052,agents entretien (v3),abnomore,temoin,nominal,1052,0.802281,0.053232,,,,1.000000
1052,agents entretien (v3),abhlth,temoin,nominal,1052,0.918251,0.024715,,,,1.000000
1052,agents entretien (v3),abpoor,investiguer,nominal,1052,0.825095,0.049430,,,,1.000000
1052,agents entretien (v3),abrape,investiguer,nominal,1052,0.901141,0.020913,,,,1.000000
1052,agents entretien (v3),absingle,temoin,nominal,1052,0.789924,0.033270,,,,1.000000
1052,agents entretien (v3),abany,investiguer,nominal,1052,0.789924,0.006654,,,,1.000000
1052,agents entretien (v3),letdie1,temoin,nominal,1052,0.737643,0.070342,,,,1.000000
1052,agents entretien (v3),suicide1,investiguer,nominal,1052,0.788973,0.015953,,,,1.000000
1052,agents entretien (v3),suicide2,non teste,nominal,1052,0.746198,0.253802,,,,1.000000
1052,agents entretien (v3),suicide3,non teste,nominal,1051,0.748811,0.199569,,,,1.000000
1052,agents entretien (v3),suicide4,temoin,nominal,1051,0.663178,0.277473,,,,1.000000
1052,agents entretien (v3),pornlaw,temoin,ordinal,1051,0.703140,0.102462,0.543893,0.585551,-0.041658,-0.000000
1052,agents entretien (v3),fair,non teste,ordinal,1051,0.426261,0.199518,,,,1.000000
1052,agents entretien (v3),helpful,non teste,ordinal,1052,0.423954,0.060389,,,,1.000000
1052,agents entretien (v3),trust,non teste,ordinal,1052,0.467681,0.133353,,,,1.000000
1052,agents entretien (v3),tax,non teste,ordinal,1052,0.583650,0.070411,,,,1.000000
1052,agents entretien (v3),vote16,sensible,nominal,1049,0.843661,0.053712,0.704480,0.689164,0.015317,-0.000000
1052,agents entretien (v3),pres16,temoin,nominal,1052,0.769962,0.112890,,,,1.000000
1052,agents entretien (v3),if16who,investiguer,nominal,1052,0.807985,0.049430,,,,1.000000
1052,agents entretien (v3),news,investiguer,ordinal,1052,0.311787,0.139496,0.331274,0.368108,-0.036835,0.000000
1052,agents entretien (v3),jew,non teste,nominal,1051,0.721218,0.262346,,,,1.000000
1052,agents entretien (v3),relig16*,non teste,nominal,1049,0.619638,0.214945,,,,1.000000
1052,agents entretien (v3),jew16*,non teste,nominal,1049,0.754052,0.228093,,,,1.000000
1052,agents entretien (v3),attend,sensible,ordinal,1051,0.558516,0.046757,0.256541,0.254990,0.001551,-0.000000
1052,agents entretien (v3),pray,investiguer,ordinal,1051,0.501427,0.133141,0.335871,0.469011,-0.133141,-0.000000
1052,agents entretien (v3),postlife,non teste,nominal,1051,0.815414,0.047862,,,,1.000000
1052,agents entretien (v3),bible,non teste,ordinal,1051,0.656518,0.107644,,,,1.000000
1052,agents entretien (v3),reborn,investiguer,nominal,1051,0.675547,0.076207,0.381250,0.414127,-0.032877,0.389895
1052,agents entretien (v3),savesoul,investiguer,nominal,1051,0.821123,0.115776,0.203616,0.319392,-0.115776,0.000000
1052,agents entretien (v3),granborn,non teste,ordinal,1052,0.623574,0.130941,,,,1.000000
1052,agents entretien (v3),uscitzn*,non teste,nominal,1052,1.000000,0.000000,,,,1.000000
1052,agents entretien (v3),fucitzn,non teste,nominal,1052,0.993346,0.004753,,,,1.000000
1052,agents entretien (v3),mnthsusa,non teste,nominal,1051,0.767840,0.200242,,,,1.000000
1052,agents entretien (v3),income,non teste,ordinal,1051,0.415794,0.066721,0.849991,0.783270,0.066721,-0.000000
1052,agents entretien (v3),othlang,temoin,nominal,1050,0.851429,0.054800,,,,1.000000
1052,agents entretien (v3),health,temoin,ordinal,1051,0.601332,0.091410,0.503647,0.595057,-0.091410,-0.000000
1052,agents entretien (v3),compuse*,temoin,nominal,1051,0.970504,0.016152,,,,1.000000
1052,agents entretien (v3),webmob,non teste,nominal,1051,0.977165,0.011400,,,,1.000000
1052,agents entretien (v3),xmovie,non teste,nominal,1049,0.660629,0.288625,0.908397,0.619772,0.288625,-0.000000
1052,agents entretien (v3),usewww*,non teste,nominal,1051,0.982873,0.007600,,,,1.000000
1052,agents entretien (v3),life,temoin,ordinal,1050,0.612381,0.119297,0.500000,0.619297,-0.119297,-0.000000
1052,agents entretien (v3),richwork,temoin,nominal,1017,0.685349,0.146765,0.245821,0.392586,-0.146765,0.000000
1052,agents enquete,natspac/y,mixte,ordinal,1051,0.382493,0.265898,0.724548,0.458650,0.265898,0.000000
1052,agents enquete,natenvir/y,temoin,ordinal,1051,0.697431,0.008195,0.775452,0.773289,0.002163,0.000000
1052,agents enquete,natheal/y,mixte,ordinal,1051,0.736441,0.012206,0.840628,0.828422,0.012206,-0.000000
1052,agents enquete,natcity/y,mixte,ordinal,1051,0.467174,0.238313,0.705519,0.467205,0.238313,0.000000
1052,agents enquete,natdrug/y,temoin,ordinal,1052,0.614068,0.105513,0.842205,0.750000,0.092205,0.000000
1052,agents enquete,nateduc/y,temoin,ordinal,1052,0.706274,0.041825,0.851236,0.809411,0.041825,-0.000000
1052,agents enquete,natrace/y,sensible,ordinal,1052,0.631179,0.096958,0.665875,0.568916,0.096958,-0.000000
1052,agents enquete,natarms/y,temoin,ordinal,1052,0.541825,0.048479,0.394487,0.424905,-0.030418,0.000000
1052,agents enquete,nataid/y,temoin,ordinal,1052,0.574144,0.172053,0.354087,0.182034,0.172053,-0.000000
1052,agents enquete,natfare/y,mixte,ordinal,1052,0.673004,0.087453,0.721008,0.808460,-0.087452,0.000000
1052,agents enquete,natroad,sensible,ordinal,1052,0.516160,0.111692,0.644011,0.719582,-0.075570,-0.000000
1052,agents enquete,natsoc,temoin,ordinal,1052,0.543726,0.138783,0.681559,0.820342,-0.138783,0.000000
1052,agents enquete,natmass,temoin,ordinal,1052,0.520913,0.170152,0.827947,0.657795,0.170152,-0.000000
1052,agents enquete,natpark,temoin,ordinal,1052,0.520913,0.113118,0.688213,0.604563,0.083650,-0.000000
1052,agents enquete,natchld,sensible,ordinal,1052,0.635932,0.115019,0.826046,0.732890,0.093156,0.000000
1052,agents enquete,natsci,temoin,ordinal,1052,0.550380,0.159221,0.778042,0.618821,0.159221,0.000000
1052,agents enquete,natenrgy,temoin,ordinal,1052,0.597909,0.161597,0.841255,0.679658,0.161597,0.000000
1052,agents enquete,uswary,non teste,nominal,1051,0.499524,0.433366,,,,1.000000
1052,agents enquete,prayer,non teste,nominal,1051,0.755471,0.114829,,,,1.000000
1052,agents enquete,courts,non teste,ordinal,1052,0.484791,0.116920,,,,1.000000
1052,agents enquete,discaffw,non teste,ordinal,1051,0.463368,0.148841,,,,1.000000
1052,agents enquete,discaffm,non teste,ordinal,1051,0.393911,0.131963,,,,1.000000
1052,agents enquete,fehire,non teste,ordinal,1050,0.291429,0.091324,,,,1.000000
1052,agents enquete,fechld,temoin,ordinal,1050,0.433333,0.028937,0.716825,0.726869,-0.010044,0.000000
1052,agents enquete,fepresch,investiguer,ordinal,1050,0.433333,0.029823,0.660317,0.655577,0.004741,0.000000
1052,agents enquete,fefam,investiguer,ordinal,1050,0.440952,0.088371,0.652381,0.640684,0.011697,-0.000000
1052,agents enquete,fepol,non teste,nominal,1052,0.792776,0.028517,0.792776,0.764259,0.028517,-0.000000
1052,agents enquete,mobile16,non teste,ordinal,1048,0.316794,0.298486,,,,1.000000
1052,agents enquete,incom16,temoin,ordinal,1048,0.465649,0.035841,0.415315,0.447481,-0.032166,0.000000
1052,agents enquete,dwelown16,non teste,nominal,1050,0.674286,0.180521,,,,1.000000
1052,agents enquete,divorced,temoin,nominal,1050,0.859048,0.087065,0.796190,0.709125,0.087065,-0.000000
1052,agents enquete,posslq/y,temoin,nominal,1050,0.773333,0.209102,,,,1.000000
1052,agents enquete,wrkstat,temoin,nominal,1050,0.593333,0.201357,,,,1.000000
1052,agents enquete,evwork,temoin,nominal,1052,0.922053,0.066540,,,,1.000000
1052,agents enquete,wrkgovt1,non teste,nominal,1052,0.839354,0.143536,,,,1.000000
1052,agents enquete,wrkgovt2,non teste,nominal,1052,0.697719,0.287072,,,,1.000000
1052,agents enquete,partfull,non teste,nominal,1052,0.769011,0.038973,,,,1.000000
1052,agents enquete,wksub1,non teste,nominal,1051,0.763083,0.162521,,,,1.000000
1052,agents enquete,wksup1,non teste,nominal,1051,0.745956,0.178704,,,,1.000000
1052,agents enquete,conarmy,investiguer,ordinal,1052,0.526616,0.083650,0.674905,0.674905,-0.000000,-0.000000
1052,agents enquete,conbus,temoin,ordinal,1052,0.662548,0.097433,0.417300,0.402567,0.014734,0.000000
1052,agents enquete,conclerg,temoin,ordinal,1052,0.632129,0.061312,0.379278,0.317966,0.061312,-0.000000
1052,agents enquete,coneduc,sensible,ordinal,1051,0.614653,0.171067,0.497146,0.543726,-0.046581,0.000000
1052,agents enquete,confed,temoin,ordinal,1051,0.493815,0.058739,0.385347,0.356939,0.028408,0.000000
1052,agents enquete,confinan,temoin,ordinal,1051,0.560419,0.171778,0.289724,0.461502,-0.171778,0.000000
1052,agents enquete,conjudge,temoin,ordinal,1051,0.496670,0.197167,0.482398,0.400190,0.082208,0.000000
1052,agents enquete,conlabor,temoin,ordinal,1049,0.556721,0.140121,0.364156,0.504278,-0.140121,0.000000
1052,agents enquete,conlegis,sensible,ordinal,1049,0.595806,0.130755,0.148713,0.279468,-0.130755,-0.000000
1052,agents enquete,conmedic,sensible,ordinal,1049,0.584366,0.057844,0.702574,0.666350,0.036224,-0.000000
1052,agents enquete,conpress,temoin,ordinal,1049,0.628217,0.112035,0.213060,0.325095,-0.112035,0.000000
1052,agents enquete,consci,temoin,ordinal,1051,0.632731,0.119124,0.818268,0.699144,0.119124,0.000000
1052,agents enquete,contv,temoin,ordinal,1051,0.611798,0.116244,0.211703,0.327947,-0.116244,-0.000000
1052,agents enquete,joblose,non teste,nominal,1051,0.716461,0.094104,,,,1.000000
1052,agents enquete,jobfind,temoin,nominal,1051,0.653663,0.174621,,,,1.000000
1052,agents enquete,happy,temoin,ordinal,1049,0.631077,0.086819,0.388942,0.475760,-0.086819,-0.000000
1052,agents enquete,hapmar,non teste,nominal,1049,0.734986,0.181393,0.561842,0.684444,-0.122602,0.637750
1052,agents enquete,satjob,temoin,nominal,1049,0.661582,0.172830,0.631127,0.709071,-0.077944,0.481411
1052,agents enquete,spdeg*,non teste,nominal,1051,0.694577,0.105443,,,,1.000000
1052,agents enquete,spjew,non teste,nominal,1049,0.730219,0.251706,,,,1.000000
1052,agents enquete,spfund,non teste,nominal,1050,0.763810,0.118533,,,,1.000000
1052,agents enquete,unemp,temoin,nominal,1051,0.673644,0.104282,0.705043,0.600760,0.104282,-0.000000
1052,agents enquete,union1,non teste,nominal,1051,0.902950,0.072213,,,,1.000000
1052,agents enquete,spkath/y,temoin,nominal,1050,0.864762,0.015595,0.797143,0.812738,-0.015595,0.000000
1052,agents enquete,colath,temoin,nominal,1052,0.824144,0.031369,0.716730,0.748099,-0.031369,-0.000000
1052,agents enquete,spkrac/y,sensible,nominal,1052,0.731939,0.233840,,,,1.000000
1052,agents enquete,colrac,temoin,nominal,1052,0.741445,0.171103,,,,1.000000
1052,agents enquete,librac/y,non teste,nominal,1052,0.658745,0.090304,,,,1.000000
1052,agents enquete,spkcom/y,non teste,nominal,1050,0.792381,0.157505,0.847619,0.690114,0.157505,-0.000000
1052,agents enquete,colcom/y,non teste,nominal,1050,0.778095,0.093686,0.779048,0.685361,0.093686,0.000000
1052,agents enquete,libcom/y,temoin,nominal,1052,0.813688,0.125475,0.867871,0.742395,0.125475,-0.000000
1052,agents enquete,spkhomo/y,non teste,nominal,1052,0.884030,0.070342,0.867871,0.938213,-0.070342,-0.000000
1052,agents enquete,colhomo,non teste,nominal,1052,0.822243,0.151141,0.782319,0.933460,-0.151141,0.000000
1052,agents enquete,libhomo/y,non teste,nominal,1052,0.863118,0.038023,0.826046,0.864068,-0.038023,0.000000
1052,agents enquete,cappun,temoin,nominal,1052,0.688213,0.076046,,,,1.000000
1052,agents enquete,polhitok/y,temoin,nominal,1050,0.625714,0.080299,0.262857,0.343156,-0.080299,0.000000
1052,agents enquete,polabuse/y,sensible,nominal,1050,0.907619,0.019882,0.958095,0.938213,0.019882,-0.000000
1052,agents enquete,polattak/y,sensible,nominal,1050,0.668571,0.330799,,,,1.000000
1052,agents enquete,grass,non teste,nominal,1052,0.673004,0.146388,,,,1.000000
1052,agents enquete,gunlaw,temoin,nominal,1052,0.679658,0.023764,,,,1.000000
1052,agents enquete,owngun,temoin,nominal,1052,0.741445,0.019011,,,,1.000000
1052,agents enquete,hunt1,non teste,nominal,1050,0.873333,0.077823,,,,1.000000
1052,agents enquete,class,non teste,ordinal,1052,0.485741,0.092205,,,,1.000000
1052,agents enquete,satfin,temoin,ordinal,1052,0.616920,0.098788,0.441092,0.494297,-0.053205,0.000000
1052,agents enquete,finalter,temoin,ordinal,1052,0.520913,0.074620,0.440589,0.475285,-0.034696,0.000000
1052,agents enquete,finrela,temoin,ordinal,1052,0.473384,0.035646,0.402329,0.409458,-0.007129,-0.000000
1052,agents enquete,racdif1,temoin,nominal,1052,0.787072,0.039924,0.487643,0.527567,-0.039924,0.000000
1052,agents enquete,racdif2,temoin,nominal,1052,0.917300,0.038973,0.972433,0.933460,0.038973,0.000000
1052,agents enquete,racdif3,temoin,nominal,1051,0.750714,0.102273,0.590866,0.488593,0.102273,0.000000
1052,agents enquete,racdif4,temoin,nominal,1051,0.741199,0.045946,0.665081,0.711027,-0.045946,-0.000000
1052,agents enquete,wlthwhts,non teste,ordinal,1051,0.335871,0.102455,,,,1.000000
1052,agents enquete,wlthblks,non teste,ordinal,1051,0.222645,0.180234,,,,1.000000
1052,agents enquete,wlthhsps,non teste,ordinal,1051,0.492864,0.055277,,,,1.000000
1052,agents enquete,racwork,temoin,nominal,1051,0.594672,0.128117,,,,1.000000
1052,agents enquete,letin1a,temoin,ordinal,1052,0.398289,0.100760,0.452709,0.375238,0.077471,0.000000
1052,agents enquete,getahead,non teste,ordinal,1051,0.583254,0.107752,,,,1.000000
1052,agents enquete,aged,non teste,ordinal,1051,0.507136,0.058803,,,,1.000000
1052,agents enquete,parsol,temoin,ordinal,1051,0.344434,0.062432,0.495005,0.527329,-0.032324,0.000000
1052,agents enquete,kidssol,non teste,nominal,1051,0.318744,0.383923,,,,1.000000
1052,agents enquete,spanking,temoin,ordinal,1051,0.392008,0.085974,0.590232,0.527567,0.062665,0.000000
1052,agents enquete,divlaw,non teste,ordinal,1052,0.469582,0.108365,,,,1.000000
1052,agents enquete,sexeduc,temoin,nominal,1052,0.824144,0.050380,0.799430,0.849810,-0.050380,0.000000
1052,agents enquete,pillok,investiguer,ordinal,1051,0.450999,0.055752,,,,1.000000
1052,agents enquete,xmarsex,sensible,ordinal,1051,0.542341,0.079930,0.844189,0.764259,0.079930,-0.000000
1052,agents enquete,homosex,temoin,ordinal,1051,0.681256,0.052998,0.657469,0.685361,-0.027892,-0.000000
1052,agents enquete,marhomo,temoin,ordinal,1051,0.511893,0.106594,0.612988,0.719582,-0.106594,-0.000000
1052,agents enquete,discaff,temoin,ordinal,1051,0.565176,0.045020,,,,1.000000
1052,agents enquete,abdefect,temoin,nominal,1052,0.846008,0.081749,,,,1.000000
1052,agents enquete,abnomore,temoin,nominal,1052,0.895437,0.051331,,,,1.000000
1052,agents enquete,abhlth,temoin,nominal,1052,0.878327,0.070342,,,,1.000000
1052,agents enquete,abpoor,investiguer,nominal,1052,0.910646,0.034221,,,,1.000000
1052,agents enquete,abrape,investiguer,nominal,1052,0.833650,0.111217,,,,1.000000
1052,agents enquete,absingle,temoin,nominal,1052,0.919201,0.000951,,,,1.000000
1052,agents enquete,abany,investiguer,nominal,1052,0.884030,0.024715,,,,1.000000
1052,agents enquete,letdie1,temoin,nominal,1052,0.914449,0.007605,,,,1.000000
1052,agents enquete,suicide1,investiguer,nominal,1052,0.919201,0.000951,,,,1.000000
1052,agents enquete,suicide2,non teste,nominal,1052,0.750000,0.248099,,,,1.000000
1052,agents enquete,suicide3,non teste,nominal,1052,0.755703,0.122624,,,,1.000000
1052,agents enquete,suicide4,temoin,nominal,1052,0.764259,0.013308,,,,1.000000
1052,agents enquete,pornlaw,temoin,ordinal,1052,0.704373,0.069392,0.574144,0.585551,-0.011407,-0.000000
1052,agents enquete,fair,non teste,ordinal,1052,0.625475,0.063688,,,,1.000000
1052,agents enquete,helpful,non teste,ordinal,1052,0.595057,0.042300,,,,1.000000
1052,agents enquete,trust,non teste,ordinal,1052,0.546578,0.159696,,,,1.000000
1052,agents enquete,tax,non teste,ordinal,1052,0.559886,0.057985,,,,1.000000
1052,agents enquete,vote16,sensible,nominal,1050,0.872381,0.091845,0.683810,0.689164,-0.005354,0.000000
1052,agents enquete,pres16,temoin,nominal,1052,0.881179,0.060002,,,,1.000000
1052,agents enquete,if16who,investiguer,nominal,1052,0.818441,0.081749,,,,1.000000
1052,agents enquete,news,investiguer,ordinal,1052,0.200570,0.256892,0.558935,0.368108,0.190827,-0.000000
1052,agents enquete,jew,non teste,nominal,1051,0.737393,0.235704,,,,1.000000
1052,agents enquete,relig16*,non teste,nominal,1050,0.360952,0.386732,,,,1.000000
1052,agents enquete,jew16*,non teste,nominal,1050,0.800000,0.148074,,,,1.000000
1052,agents enquete,attend,sensible,ordinal,1051,0.507136,0.054982,0.230595,0.254990,-0.024395,0.000000
1052,agents enquete,pray,investiguer,ordinal,1051,0.431018,0.204501,0.264510,0.469011,-0.204501,0.000000
1052,agents enquete,postlife,non teste,nominal,1051,0.753568,0.130641,,,,1.000000
1052,agents enquete,bible,non teste,ordinal,1052,0.637833,0.146279,,,,1.000000
1052,agents enquete,reborn,investiguer,nominal,1052,0.622624,0.183460,0.172920,0.414127,-0.241207,0.417300
1052,agents enquete,savesoul,investiguer,nominal,1052,0.775665,0.199620,0.119772,0.319392,-0.199620,-0.000000
1052,agents enquete,granborn,non teste,ordinal,1052,0.428707,0.100048,,,,1.000000
1052,agents enquete,uscitzn*,non teste,nominal,1052,0.692015,0.307985,,,,1.000000
1052,agents enquete,fucitzn,non teste,nominal,1052,0.686312,0.301627,,,,1.000000
1052,agents enquete,mnthsusa,non teste,nominal,1048,0.905534,0.061213,,,,1.000000
1052,agents enquete,income,non teste,ordinal,1048,0.312977,0.081369,0.849657,0.783270,0.066387,0.000000
1052,agents enquete,othlang,temoin,nominal,1052,0.788023,0.002852,,,,1.000000
1052,agents enquete,health,temoin,ordinal,1052,0.584601,0.087769,0.595374,0.595057,0.000317,-0.000000
1052,agents enquete,compuse*,temoin,nominal,1052,0.973384,0.022814,,,,1.000000
1052,agents enquete,webmob,non teste,nominal,1052,0.957224,0.006654,,,,1.000000
1052,agents enquete,xmovie,non teste,nominal,1048,0.607824,0.031876,0.587896,0.619772,-0.031876,0.000000
1052,agents enquete,usewww*,non teste,nominal,1052,0.966730,0.010456,,,,1.000000
1052,agents enquete,life,temoin,ordinal,1048,0.588740,0.092102,0.527195,0.619297,-0.092102,-0.000000
1052,agents enquete,richwork,temoin,nominal,1052,0.638783,0.017110,0.375475,0.392586,-0.017110,0.000000
1052,agents demographiques (v6),natspac/y,mixte,ordinal,1047,0.337154,0.218440,0.240210,0.458650,-0.218440,0.000000
1052,agents demographiques (v6),natenvir/y,temoin,ordinal,1047,0.446991,0.093184,0.716810,0.773289,-0.056479,0.000000
1052,agents demographiques (v6),natheal/y,mixte,ordinal,1047,0.651385,0.089438,0.917861,0.828422,0.089439,-0.000000
1052,agents demographiques (v6),natcity/y,mixte,ordinal,1047,0.355301,0.163645,0.630850,0.467205,0.163645,0.000000
1052,agents demographiques (v6),natdrug/y,temoin,ordinal,1050,0.564762,0.190000,0.940000,0.750000,0.190000,0.000000
1052,agents demographiques (v6),nateduc/y,temoin,ordinal,1050,0.685714,0.176780,0.986190,0.809411,0.176780,0.000000
1052,agents demographiques (v6),natrace/y,sensible,ordinal,1050,0.413333,0.235369,0.804286,0.568916,0.235369,-0.000000
1052,agents demographiques (v6),natarms/y,temoin,ordinal,1050,0.382857,0.256810,0.168095,0.424905,-0.256810,-0.000000
1052,agents demographiques (v6),nataid/y,temoin,ordinal,1049,0.678742,0.159155,0.022879,0.182034,-0.159155,0.000000
1052,agents demographiques (v6),natfare/y,mixte,ordinal,1049,0.614871,0.059986,0.868446,0.808460,0.059986,-0.000000
1052,agents demographiques (v6),natroad,sensible,ordinal,1049,0.414681,0.158822,0.605338,0.719582,-0.114243,-0.000000
1052,agents demographiques (v6),natsoc,temoin,ordinal,1049,0.516683,0.046653,0.793613,0.820342,-0.026729,-0.000000
1052,agents demographiques (v6),natmass,temoin,ordinal,1051,0.420552,0.267990,0.925785,0.657795,0.267990,0.000000
1052,agents demographiques (v6),natpark,temoin,ordinal,1051,0.435775,0.152335,0.756898,0.604563,0.152335,-0.000000
1052,agents demographiques (v6),natchld,sensible,ordinal,1051,0.512845,0.162924,0.895814,0.732890,0.162924,0.000000
1052,agents demographiques (v6),natsci,temoin,ordinal,1051,0.418649,0.185651,0.804472,0.618821,0.185651,0.000000
1052,agents demographiques (v6),natenrgy,temoin,ordinal,1051,0.466223,0.163349,0.843007,0.679658,0.163349,0.000000
1052,agents demographiques (v6),uswary,non teste,nominal,1051,0.474786,0.518047,,,,1.000000
1052,agents demographiques (v6),prayer,non teste,nominal,1051,0.670790,0.175723,,,,1.000000
1052,agents demographiques (v6),courts,non teste,ordinal,1051,0.364415,0.158093,,,,1.000000
1052,agents demographiques (v6),discaffw,non teste,ordinal,1051,0.429115,0.213542,,,,1.000000
1052,agents demographiques (v6),discaffm,non teste,ordinal,1051,0.423406,0.180890,,,,1.000000
1052,agents demographiques (v6),fehire,non teste,ordinal,1051,0.282588,0.147715,,,,1.000000
1052,agents demographiques (v6),fechld,temoin,ordinal,1051,0.437678,0.078473,0.711069,0.726869,-0.015801,-0.000000
1052,agents demographiques (v6),fepresch,investiguer,ordinal,1051,0.444339,0.087994,0.638440,0.655577,-0.017137,-0.000000
1052,agents demographiques (v6),fefam,investiguer,ordinal,1051,0.356803,0.049260,0.666032,0.640684,0.025348,-0.000000
1052,agents demographiques (v6),fepol,non teste,nominal,1048,0.754771,0.219520,0.983779,0.764259,0.219520,-0.000000
1052,agents demographiques (v6),mobile16,non teste,ordinal,1049,0.289800,0.452528,,,,1.000000
1052,agents demographiques (v6),incom16,temoin,ordinal,1049,0.389895,0.050483,0.441555,0.447481,-0.005926,0.000000
1052,agents demographiques (v6),dwelown16,non teste,nominal,1049,0.621544,0.136150,,,,1.000000
1052,agents demographiques (v6),divorced,temoin,nominal,1049,1.000000,0.001075,0.710200,0.709125,0.001075,0.000000
1052,agents demographiques (v6),posslq/y,temoin,nominal,1049,0.998093,0.001207,,,,1.000000
1052,agents demographiques (v6),wrkstat,temoin,nominal,1049,0.329838,0.239786,,,,1.000000
1052,agents demographiques (v6),evwork,temoin,nominal,1052,0.915399,0.067491,,,,1.000000
1052,agents demographiques (v6),wrkgovt1,non teste,nominal,1052,0.841255,0.158745,,,,1.000000
1052,agents demographiques (v6),wrkgovt2,non teste,nominal,1052,0.700570,0.297529,,,,1.000000
1052,agents demographiques (v6),partfull,non teste,nominal,1052,0.464829,0.279468,,,,1.000000
1052,agents demographiques (v6),wksub1,non teste,nominal,1051,0.462417,0.190114,,,,1.000000
1052,agents demographiques (v6),wksup1,non teste,nominal,1051,0.449096,0.161577,,,,1.000000
1052,agents demographiques (v6),conarmy,investiguer,ordinal,1048,0.449427,0.228881,0.552481,0.674905,-0.122424,0.000000
1052,agents demographiques (v6),conbus,temoin,ordinal,1048,0.561069,0.170927,0.453721,0.402567,0.051155,0.000000
1052,agents demographiques (v6),conclerg,temoin,ordinal,1048,0.589695,0.043197,0.330153,0.317966,0.012187,0.000000
1052,agents demographiques (v6),coneduc,sensible,ordinal,1047,0.577841,0.196236,0.494747,0.543726,-0.048979,-0.000000
1052,agents demographiques (v6),confed,temoin,ordinal,1047,0.463228,0.159190,0.393505,0.356939,0.036566,0.000000
1052,agents demographiques (v6),confinan,temoin,ordinal,1047,0.511939,0.105930,0.387775,0.461502,-0.073727,0.000000
1052,agents demographiques (v6),conjudge,temoin,ordinal,1047,0.437440,0.249391,0.471824,0.400190,0.071634,0.000000
1052,agents demographiques (v6),conlabor,temoin,ordinal,1050,0.554286,0.207198,0.489048,0.504278,-0.015230,0.000000
1052,agents demographiques (v6),conlegis,sensible,ordinal,1050,0.486667,0.160420,0.119048,0.279468,-0.160420,-0.000000
1052,agents demographiques (v6),conmedic,sensible,ordinal,1050,0.451429,0.262812,0.510952,0.666350,-0.155397,0.000000
1052,agents demographiques (v6),conpress,temoin,ordinal,1050,0.482857,0.159497,0.395238,0.325095,0.070143,-0.000000
1052,agents demographiques (v6),consci,temoin,ordinal,1048,0.478053,0.135255,0.677958,0.699144,-0.021186,0.000000
1052,agents demographiques (v6),contv,temoin,ordinal,1048,0.476145,0.207043,0.452290,0.327947,0.124343,-0.000000
1052,agents demographiques (v6),joblose,non teste,nominal,1048,0.355916,0.246373,,,,1.000000
1052,agents demographiques (v6),jobfind,temoin,nominal,1048,0.341603,0.383646,,,,1.000000
1052,agents demographiques (v6),happy,temoin,ordinal,1048,0.564885,0.197182,0.489504,0.475760,0.013743,0.000000
1052,agents demographiques (v6),hapmar,non teste,nominal,1048,0.732824,0.123132,0.631980,0.684444,-0.052465,0.624046
1052,agents demographiques (v6),satjob,temoin,nominal,1048,0.348282,0.424070,0.634747,0.709071,-0.074324,0.212786
1052,agents demographiques (v6),spdeg*,non teste,nominal,1051,0.669838,0.112830,,,,1.000000
1052,agents demographiques (v6),spjew,non teste,nominal,1048,0.732824,0.247940,,,,1.000000
1052,agents demographiques (v6),spfund,non teste,nominal,1051,0.762131,0.095032,,,,1.000000
1052,agents demographiques (v6),unemp,temoin,nominal,1051,0.570885,0.009721,0.591039,0.600760,-0.009721,0.000000
1052,agents demographiques (v6),union1,non teste,nominal,1051,0.909610,0.088403,,,,1.000000
1052,agents demographiques (v6),spkath/y,temoin,nominal,1051,0.756422,0.051201,0.863939,0.812738,0.051201,0.000000
1052,agents demographiques (v6),colath,temoin,nominal,1051,0.652712,0.008324,0.756422,0.748099,0.008324,0.000000
1052,agents demographiques (v6),spkrac/y,sensible,nominal,1051,0.562322,0.434402,,,,1.000000
1052,agents demographiques (v6),colrac,temoin,nominal,1052,0.655894,0.224335,,,,1.000000
1052,agents demographiques (v6),librac/y,non teste,nominal,1052,0.466730,0.350760,,,,1.000000
1052,agents demographiques (v6),spkcom/y,non teste,nominal,1051,0.669838,0.198457,0.888571,0.690114,0.198457,-0.000000
1052,agents demographiques (v6),colcom/y,non teste,nominal,1051,0.661275,0.189044,0.874405,0.685361,0.189044,0.000000
1052,agents demographiques (v6),libcom/y,temoin,nominal,1052,0.691065,0.134030,0.876426,0.742395,0.134030,-0.000000
1052,agents demographiques (v6),spkhomo/y,non teste,nominal,1050,0.916191,0.034142,0.972355,0.938213,0.034142,-0.000000
1052,agents demographiques (v6),colhomo,non teste,nominal,1050,0.878095,0.006793,0.926667,0.933460,-0.006793,-0.000000
1052,agents demographiques (v6),libhomo/y,non teste,nominal,1050,0.822857,0.062528,0.926597,0.864068,0.062528,0.000000
1052,agents demographiques (v6),cappun,temoin,nominal,1050,0.501905,0.260721,,,,1.000000
1052,agents demographiques (v6),polhitok/y,temoin,nominal,1052,0.658745,0.304145,0.039010,0.343156,-0.304145,0.000000
1052,agents demographiques (v6),polabuse/y,sensible,nominal,1052,0.934411,0.057981,0.996194,0.938213,0.057981,-0.000000
1052,agents demographiques (v6),polattak/y,sensible,nominal,1052,0.668251,0.330799,,,,1.000000
1052,agents demographiques (v6),grass,non teste,nominal,1052,0.661597,0.058935,,,,1.000000
1052,agents demographiques (v6),gunlaw,temoin,nominal,1049,0.659676,0.225008,,,,1.000000
1052,agents demographiques (v6),owngun,temoin,nominal,1050,0.718095,0.236601,,,,1.000000
1052,agents demographiques (v6),hunt1,non teste,nominal,1052,0.882129,0.107401,,,,1.000000
1052,agents demographiques (v6),class,non teste,ordinal,1050,0.490476,0.016429,,,,1.000000
1052,agents demographiques (v6),satfin,temoin,ordinal,1052,0.412548,0.174560,0.406578,0.494297,-0.087719,-0.000000
1052,agents demographiques (v6),finalter,temoin,ordinal,1052,0.410646,0.186312,0.457224,0.475285,-0.018061,0.000000
1052,agents demographiques (v6),finrela,temoin,ordinal,1050,0.355238,0.109458,0.300000,0.409458,-0.109458,-0.000000
1052,agents demographiques (v6),racdif1,temoin,nominal,1052,0.557034,0.326996,0.854563,0.527567,0.326996,-0.000000
1052,agents demographiques (v6),racdif2,temoin,nominal,1052,0.933460,0.066540,1.000000,0.933460,0.066540,0.000000
1052,agents demographiques (v6),racdif3,temoin,nominal,1049,0.493804,0.498061,0.986654,0.488593,0.498061,-0.000000
1052,agents demographiques (v6),racdif4,temoin,nominal,1049,0.713060,0.281347,0.992374,0.711027,0.281347,-0.000000
1052,agents demographiques (v6),wlthwhts,non teste,ordinal,1049,0.256435,0.129268,,,,1.000000
1052,agents demographiques (v6),wlthblks,non teste,ordinal,1049,0.142993,0.205140,,,,1.000000
1052,agents demographiques (v6),wlthhsps,non teste,ordinal,1051,0.314938,0.053675,,,,1.000000
1052,agents demographiques (v6),racwork,temoin,nominal,1051,0.363463,0.258497,,,,1.000000
1052,agents demographiques (v6),letin1a,temoin,ordinal,1049,0.329838,0.204680,0.466873,0.375238,0.091636,0.000000
1052,agents demographiques (v6),getahead,non teste,ordinal,1051,0.511893,0.203375,,,,1.000000
1052,agents demographiques (v6),aged,non teste,ordinal,1051,0.563273,0.133018,,,,1.000000
1052,agents demographiques (v6),parsol,temoin,ordinal,1050,0.263810,0.129197,0.583810,0.527329,0.056481,0.000000
1052,agents demographiques (v6),kidssol,non teste,nominal,1050,0.324762,0.454291,,,,1.000000
1052,agents demographiques (v6),spanking,temoin,ordinal,1050,0.330476,0.161001,0.539048,0.527567,0.011481,-0.000000
1052,agents demographiques (v6),divlaw,non teste,ordinal,1049,0.429933,0.130205,,,,1.000000
1052,agents demographiques (v6),sexeduc,temoin,nominal,1049,0.813155,0.056768,0.906578,0.849810,0.056768,-0.000000
1052,agents demographiques (v6),pillok,investiguer,ordinal,1050,0.313333,0.157982,,,,1.000000
1052,agents demographiques (v6),xmarsex,sensible,ordinal,1051,0.516651,0.174847,0.939106,0.764259,0.174847,-0.000000
1052,agents demographiques (v6),homosex,temoin,ordinal,1051,0.527117,0.083836,0.601525,0.685361,-0.083836,0.000000
1052,agents demographiques (v6),marhomo,temoin,ordinal,1051,0.315890,0.164872,0.554710,0.719582,-0.164872,-0.000000
1052,agents demographiques (v6),discaff,temoin,ordinal,1051,0.483349,0.059647,,,,1.000000
1052,agents demographiques (v6),abdefect,temoin,nominal,1051,0.797336,0.107352,,,,1.000000
1052,agents demographiques (v6),abnomore,temoin,nominal,1052,0.678707,0.180608,,,,1.000000
1052,agents demographiques (v6),abhlth,temoin,nominal,1051,0.923882,0.066535,,,,1.000000
1052,agents demographiques (v6),abpoor,investiguer,nominal,1052,0.689164,0.168251,,,,1.000000
1052,agents demographiques (v6),abrape,investiguer,nominal,1051,0.876308,0.106455,,,,1.000000
1052,agents demographiques (v6),absingle,temoin,nominal,1051,0.673644,0.117636,,,,1.000000
1052,agents demographiques (v6),abany,investiguer,nominal,1051,0.665081,0.081459,,,,1.000000
1052,agents demographiques (v6),letdie1,temoin,nominal,1051,0.708849,0.071590,,,,1.000000
1052,agents demographiques (v6),suicide1,investiguer,nominal,1052,0.721483,0.029468,,,,1.000000
1052,agents demographiques (v6),suicide2,non teste,nominal,1052,0.745247,0.254753,,,,1.000000
1052,agents demographiques (v6),suicide3,non teste,nominal,1052,0.702471,0.065411,,,,1.000000
1052,agents demographiques (v6),suicide4,temoin,nominal,1052,0.628327,0.118821,,,,1.000000
1052,agents demographiques (v6),pornlaw,temoin,ordinal,1052,0.662548,0.093573,0.552807,0.585551,-0.032744,0.000000
1052,agents demographiques (v6),fair,non teste,ordinal,1052,0.385932,0.248099,,,,1.000000
1052,agents demographiques (v6),helpful,non teste,ordinal,1052,0.356464,0.082700,,,,1.000000
1052,agents demographiques (v6),trust,non teste,ordinal,1052,0.366920,0.115019,,,,1.000000
1052,agents demographiques (v6),tax,non teste,ordinal,1052,0.498099,0.036597,,,,1.000000
1052,agents demographiques (v6),vote16,sensible,nominal,1050,0.659048,0.041729,0.724762,0.689164,0.035598,0.000000
1052,agents demographiques (v6),pres16,temoin,nominal,1052,0.425856,0.135932,,,,1.000000
1052,agents demographiques (v6),if16who,investiguer,nominal,1050,0.563810,0.181858,,,,1.000000
1052,agents demographiques (v6),news,investiguer,ordinal,1050,0.202857,0.149621,0.450714,0.368108,0.082606,0.000000
1052,agents demographiques (v6),jew,non teste,nominal,1050,0.895238,0.104197,,,,1.000000
1052,agents demographiques (v6),relig16*,non teste,nominal,1050,0.632381,0.198532,,,,1.000000
1052,agents demographiques (v6),jew16*,non teste,nominal,1050,0.765714,0.191883,,,,1.000000
1052,agents demographiques (v6),attend,sensible,ordinal,1050,0.440000,0.053100,0.280238,0.254990,0.025248,-0.000000
1052,agents demographiques (v6),pray,investiguer,ordinal,1050,0.390476,0.177392,0.291619,0.469011,-0.177392,-0.000000
1052,agents demographiques (v6),postlife,non teste,nominal,1050,0.690476,0.163435,,,,1.000000
1052,agents demographiques (v6),bible,non teste,ordinal,1050,0.572381,0.174187,,,,1.000000
1052,agents demographiques (v6),reborn,investiguer,nominal,1050,0.560952,0.227342,0.239085,0.414127,-0.175042,0.541031
1052,agents demographiques (v6),savesoul,investiguer,nominal,1050,0.716190,0.196534,0.122857,0.319392,-0.196534,0.000000
1052,agents demographiques (v6),granborn,non teste,ordinal,1051,0.485252,0.017343,,,,1.000000
1052,agents demographiques (v6),uscitzn*,non teste,nominal,1051,0.996194,0.003810,,,,1.000000
1052,agents demographiques (v6),fucitzn,non teste,nominal,1051,0.997146,0.000949,,,,1.000000
1052,agents demographiques (v6),mnthsusa,non teste,nominal,1050,1.000000,0.000034,,,,1.000000
1052,agents demographiques (v6),income,non teste,ordinal,1050,0.996190,0.000647,0.782983,0.783270,-0.000287,0.000000
1052,agents demographiques (v6),othlang,temoin,nominal,1052,1.000000,0.000000,,,,1.000000
1052,agents demographiques (v6),health,temoin,ordinal,1051,0.558516,0.147321,0.647954,0.595057,0.052897,0.000000
1052,agents demographiques (v6),compuse*,temoin,nominal,1051,0.970504,0.016152,,,,1.000000
1052,agents demographiques (v6),webmob,non teste,nominal,1052,0.969582,0.007605,,,,1.000000
1052,agents demographiques (v6),xmovie,non teste,nominal,1051,0.607992,0.321237,0.941009,0.619772,0.321237,-0.000000
1052,agents demographiques (v6),usewww*,non teste,nominal,1052,0.980038,0.002852,,,,1.000000
1052,agents demographiques (v6),life,temoin,ordinal,1051,0.600381,0.197241,0.500000,0.619297,-0.119297,-0.000000
1052,agents demographiques (v6),richwork,temoin,nominal,992,0.580645,0.150650,0.241935,0.392586,-0.150650,0.000000
1052,agents v7,natspac/y,mixte,ordinal,1052,0.361217,0.135932,0.357890,0.458650,-0.100760,0.000000
1052,agents v7,natenvir/y,temoin,ordinal,1052,0.597909,0.137833,0.911122,0.773289,0.137833,0.000000
1052,agents v7,natheal/y,mixte,ordinal,1052,0.651141,0.105989,0.934411,0.828422,0.105989,-0.000000
1052,agents v7,natcity/y,mixte,ordinal,1052,0.375475,0.107890,0.575095,0.467205,0.107890,0.000000
1052,agents v7,natdrug/y,temoin,ordinal,1052,0.569392,0.192966,0.942966,0.750000,0.192966,0.000000
1052,agents v7,nateduc/y,temoin,ordinal,1052,0.672053,0.154468,0.963878,0.809411,0.154468,-0.000000
1052,agents v7,natrace/y,sensible,ordinal,1052,0.384981,0.344106,0.913023,0.568916,0.344106,0.000000
1052,agents v7,natarms/y,temoin,ordinal,1052,0.396388,0.295152,0.129753,0.424905,-0.295152,0.000000
1052,agents v7,nataid/y,temoin,ordinal,1052,0.467681,0.205216,0.387250,0.182034,0.205216,0.000000
1052,agents v7,natfare/y,mixte,ordinal,1052,0.613118,0.057382,0.865842,0.808460,0.057382,-0.000000
1052,agents v7,natroad,sensible,ordinal,1052,0.453422,0.067527,0.704286,0.719582,-0.015296,0.000000
1052,agents v7,natsoc,temoin,ordinal,1052,0.534221,0.026781,0.801142,0.820342,-0.019200,-0.000000
1052,agents v7,natmass,temoin,ordinal,1052,0.424905,0.201046,0.858840,0.657795,0.201046,-0.000000
1052,agents v7,natpark,temoin,ordinal,1052,0.377376,0.256179,0.860741,0.604563,0.256179,-0.000000
1052,agents v7,natchld,sensible,ordinal,1052,0.518061,0.134981,0.867871,0.732890,0.134981,0.000000
1052,agents v7,natsci,temoin,ordinal,1052,0.383080,0.224335,0.843156,0.618821,0.224335,0.000000
1052,agents v7,natenrgy,temoin,ordinal,1052,0.472433,0.202471,0.882129,0.679658,0.202471,0.000000
1052,agents v7,uswary,non teste,nominal,1052,0.469582,0.461977,,,,1.000000
1052,agents v7,prayer,non teste,nominal,1052,0.681559,0.196768,,,,1.000000
1052,agents v7,courts,non teste,ordinal,1052,0.318441,0.223384,,,,1.000000
1052,agents v7,discaffw,non teste,ordinal,1052,0.423954,0.214829,,,,1.000000
1052,agents v7,discaffm,non teste,ordinal,1052,0.415399,0.181876,,,,1.000000
1052,agents v7,fehire,non teste,ordinal,1051,0.292103,0.164759,,,,1.000000
1052,agents v7,fechld,temoin,ordinal,1051,0.437678,0.082337,0.809206,0.726869,0.082337,0.000000
1052,agents v7,fepresch,investiguer,ordinal,1051,0.450048,0.078060,0.711111,0.655577,0.055534,0.000000
1052,agents v7,fefam,investiguer,ordinal,1051,0.369172,0.134554,0.775238,0.640684,0.134554,0.000000
1052,agents v7,fepol,non teste,nominal,1050,0.768571,0.210980,0.975238,0.764259,0.210980,0.000000
1052,agents v7,mobile16,non teste,ordinal,1050,0.391429,0.224197,,,,1.000000
1052,agents v7,incom16,temoin,ordinal,1050,0.450476,0.102336,0.517143,0.447481,0.069662,-0.000000
1052,agents v7,dwelown16,non teste,nominal,1051,0.646051,0.065146,,,,1.000000
1052,agents v7,divorced,temoin,nominal,1052,0.704373,0.132129,0.841255,0.709125,0.132129,-0.000000
1052,agents v7,posslq/y,temoin,nominal,1052,0.585551,0.260160,,,,1.000000
1052,agents v7,wrkstat,temoin,nominal,1052,0.435361,0.154943,,,,1.000000
1052,agents v7,evwork,temoin,nominal,1052,0.903992,0.031369,,,,1.000000
1052,agents v7,wrkgovt1,non teste,nominal,1052,0.855513,0.106464,,,,1.000000
1052,agents v7,wrkgovt2,non teste,nominal,1052,0.688213,0.250951,,,,1.000000
1052,agents v7,partfull,non teste,nominal,1052,0.537072,0.177757,,,,1.000000
1052,agents v7,wksub1,non teste,nominal,1052,0.537072,0.116920,,,,1.000000
1052,agents v7,wksup1,non teste,nominal,1052,0.527567,0.103612,,,,1.000000
1052,agents v7,conarmy,investiguer,ordinal,1050,0.457143,0.207556,0.543333,0.674905,-0.131572,0.000000
1052,agents v7,conbus,temoin,ordinal,1050,0.566667,0.154824,0.443333,0.402567,0.040767,-0.000000
1052,agents v7,conclerg,temoin,ordinal,1050,0.446667,0.191795,0.447143,0.317966,0.129177,-0.000000
1052,agents v7,coneduc,sensible,ordinal,1052,0.550380,0.174430,0.488118,0.543726,-0.055608,0.000000
1052,agents v7,confed,temoin,ordinal,1052,0.461027,0.108840,0.343156,0.356939,-0.013783,0.000000
1052,agents v7,confinan,temoin,ordinal,1052,0.537072,0.110266,0.392110,0.461502,-0.069392,0.000000
1052,agents v7,conjudge,temoin,ordinal,1052,0.453422,0.210551,0.438688,0.400190,0.038498,-0.000000
1052,agents v7,conlabor,temoin,ordinal,1051,0.536632,0.182473,0.494767,0.504278,-0.009511,0.000000
1052,agents v7,conlegis,sensible,ordinal,1051,0.508088,0.126756,0.152712,0.279468,-0.126756,-0.000000
1052,agents v7,conmedic,sensible,ordinal,1051,0.453853,0.200976,0.562322,0.666350,-0.104028,-0.000000
1052,agents v7,conpress,temoin,ordinal,1051,0.486204,0.163402,0.399144,0.325095,0.074049,0.000000
1052,agents v7,consci,temoin,ordinal,1052,0.474335,0.078897,0.778042,0.699144,0.078897,-0.000000
1052,agents v7,contv,temoin,ordinal,1052,0.510456,0.125475,0.370722,0.327947,0.042776,-0.000000
1052,agents v7,joblose,non teste,nominal,1052,0.445818,0.166642,,,,1.000000
1052,agents v7,jobfind,temoin,nominal,1052,0.423004,0.325657,,,,1.000000
1052,agents v7,happy,temoin,ordinal,1052,0.547529,0.124525,0.546103,0.475760,0.070342,0.000000
1052,agents v7,hapmar,non teste,nominal,1052,0.637833,0.211027,0.723684,0.684444,0.039240,0.783270
1052,agents v7,satjob,temoin,nominal,1052,0.432510,0.199620,0.736765,0.709071,0.027693,0.353612
1052,agents v7,spdeg*,non teste,nominal,1052,0.470532,0.228137,,,,1.000000
1052,agents v7,spjew,non teste,nominal,1052,0.707224,0.290875,,,,1.000000
1052,agents v7,spfund,non teste,nominal,1052,0.548479,0.107414,,,,1.000000
1052,agents v7,unemp,temoin,nominal,1052,0.624525,0.107414,0.708175,0.600760,0.107414,0.000000
1052,agents v7,union1,non teste,nominal,1052,0.891635,0.057004,,,,1.000000
1052,agents v7,spkath/y,temoin,nominal,1052,0.751901,0.084601,0.897338,0.812738,0.084601,0.000000
1052,agents v7,colath,temoin,nominal,1052,0.679658,0.076996,0.825095,0.748099,0.076996,0.000000
1052,agents v7,spkrac/y,sensible,nominal,1052,0.555133,0.431559,,,,1.000000
1052,agents v7,colrac,temoin,nominal,1052,0.704373,0.246198,,,,1.000000
1052,agents v7,librac/y,non teste,nominal,1052,0.470532,0.373574,,,,1.000000
1052,agents v7,spkcom/y,non teste,nominal,1052,0.656844,0.213878,0.903992,0.690114,0.213878,-0.000000
1052,agents v7,colcom/y,non teste,nominal,1052,0.657795,0.220532,0.905894,0.685361,0.220532,-0.000000
1052,agents v7,libcom/y,temoin,nominal,1052,0.716730,0.205323,0.947719,0.742395,0.205323,0.000000
1052,agents v7,spkhomo/y,non teste,nominal,1051,0.914367,0.023728,0.961941,0.938213,0.023728,0.000000
1052,agents v7,colhomo,non teste,nominal,1051,0.909610,0.024675,0.958135,0.933460,0.024675,-0.000000
1052,agents v7,libhomo/y,non teste,nominal,1051,0.852521,0.094067,0.958135,0.864068,0.094067,-0.000000
1052,agents v7,cappun,temoin,nominal,1051,0.485252,0.412349,,,,1.000000
1052,agents v7,polhitok/y,temoin,nominal,1050,0.631429,0.233632,0.109524,0.343156,-0.233632,0.000000
1052,agents v7,polabuse/y,sensible,nominal,1050,0.934286,0.057978,0.996190,0.938213,0.057978,-0.000000
1052,agents v7,polattak/y,sensible,nominal,1050,0.669524,0.330799,,,,1.000000
1052,agents v7,grass,non teste,nominal,1052,0.686312,0.049430,,,,1.000000
1052,agents v7,gunlaw,temoin,nominal,1050,0.663810,0.201291,,,,1.000000
1052,agents v7,owngun,temoin,nominal,1051,0.702188,0.075848,,,,1.000000
1052,agents v7,hunt1,non teste,nominal,1050,0.854286,0.049139,,,,1.000000
1052,agents v7,class,non teste,ordinal,1051,0.436727,0.194162,,,,1.000000
1052,agents v7,satfin,temoin,ordinal,1052,0.444867,0.227879,0.536260,0.494297,0.041963,0.000000
1052,agents v7,finalter,temoin,ordinal,1052,0.429658,0.192490,0.557510,0.475285,0.082224,0.000000
1052,agents v7,finrela,temoin,ordinal,1051,0.404377,0.134927,0.504044,0.409458,0.094586,0.000000
1052,agents v7,racdif1,temoin,nominal,1052,0.554183,0.400190,0.927757,0.527567,0.400190,-0.000000
1052,agents v7,racdif2,temoin,nominal,1052,0.931559,0.064639,0.998099,0.933460,0.064639,0.000000
1052,agents v7,racdif3,temoin,nominal,1052,0.507605,0.475285,0.963878,0.488593,0.475285,-0.000000
1052,agents v7,racdif4,temoin,nominal,1052,0.711027,0.258555,0.969582,0.711027,0.258555,0.000000
1052,agents v7,wlthwhts,non teste,ordinal,1052,0.268061,0.126579,,,,1.000000
1052,agents v7,wlthblks,non teste,ordinal,1052,0.146388,0.207448,,,,1.000000
1052,agents v7,wlthhsps,non teste,ordinal,1051,0.360609,0.027626,,,,1.000000
1052,agents v7,racwork,temoin,nominal,1051,0.392008,0.177240,,,,1.000000
1052,agents v7,letin1a,temoin,ordinal,1050,0.284762,0.219972,0.570067,0.375238,0.194829,0.000000
1052,agents v7,getahead,non teste,ordinal,1051,0.509039,0.192433,,,,1.000000
1052,agents v7,aged,non teste,ordinal,1051,0.530923,0.075454,,,,1.000000
1052,agents v7,parsol,temoin,ordinal,1051,0.272122,0.217844,0.681018,0.527329,0.153689,-0.000000
1052,agents v7,kidssol,non teste,nominal,1051,0.290200,0.545191,,,,1.000000
1052,agents v7,spanking,temoin,ordinal,1051,0.312084,0.167484,0.636219,0.527567,0.108653,-0.000000
1052,agents v7,divlaw,non teste,ordinal,1050,0.486667,0.106497,,,,1.000000
1052,agents v7,sexeduc,temoin,nominal,1050,0.818095,0.090190,0.940000,0.849810,0.090190,0.000000
1052,agents v7,pillok,investiguer,ordinal,1051,0.379638,0.124076,,,,1.000000
1052,agents v7,xmarsex,sensible,ordinal,1052,0.495247,0.124525,0.888783,0.764259,0.124525,0.000000
1052,agents v7,homosex,temoin,ordinal,1052,0.577947,0.164163,0.849524,0.685361,0.164163,0.000000
1052,agents v7,marhomo,temoin,ordinal,1052,0.403992,0.072956,0.775903,0.719582,0.056321,0.000000
1052,agents v7,discaff,temoin,ordinal,1052,0.484791,0.169202,,,,1.000000
1052,agents v7,abdefect,temoin,nominal,1052,0.818441,0.124525,,,,1.000000
1052,agents v7,abnomore,temoin,nominal,1052,0.672053,0.267110,,,,1.000000
1052,agents v7,abhlth,temoin,nominal,1052,0.928707,0.063688,,,,1.000000
1052,agents v7,abpoor,investiguer,nominal,1052,0.685361,0.263308,,,,1.000000
1052,agents v7,abrape,investiguer,nominal,1052,0.888783,0.101711,,,,1.000000
1052,agents v7,absingle,temoin,nominal,1052,0.652091,0.269962,,,,1.000000
1052,agents v7,abany,investiguer,nominal,1052,0.633080,0.220532,,,,1.000000
1052,agents v7,letdie1,temoin,nominal,1052,0.745247,0.134981,,,,1.000000
1052,agents v7,suicide1,investiguer,nominal,1052,0.768061,0.165399,,,,1.000000
1052,agents v7,suicide2,non teste,nominal,1052,0.745247,0.254753,,,,1.000000
1052,agents v7,suicide3,non teste,nominal,1052,0.721483,0.149240,,,,1.000000
1052,agents v7,suicide4,temoin,nominal,1052,0.634981,0.239544,,,,1.000000
1052,agents v7,pornlaw,temoin,ordinal,1052,0.684411,0.125475,0.511407,0.585551,-0.074144,-0.000000
1052,agents v7,fair,non teste,ordinal,1052,0.372624,0.224810,,,,1.000000
1052,agents v7,helpful,non teste,ordinal,1052,0.332700,0.294201,,,,1.000000
1052,agents v7,trust,non teste,ordinal,1052,0.303232,0.317490,,,,1.000000
1052,agents v7,tax,non teste,ordinal,1052,0.442966,0.172400,,,,1.000000
1052,agents v7,vote16,sensible,nominal,1052,0.680608,0.115970,0.805133,0.689164,0.115970,-0.000000
1052,agents v7,pres16,temoin,nominal,1052,0.424905,0.266160,,,,1.000000
1052,agents v7,if16who,investiguer,nominal,1052,0.514259,0.233564,,,,1.000000
1052,agents v7,news,investiguer,ordinal,1052,0.194867,0.233365,0.538260,0.368108,0.170152,-0.000000
1052,agents v7,jew,non teste,nominal,1051,0.694577,0.266131,,,,1.000000
1052,agents v7,relig16*,non teste,nominal,1052,0.346958,0.379278,,,,1.000000
1052,agents v7,jew16*,non teste,nominal,1052,0.735741,0.250951,,,,1.000000
1052,agents v7,attend,sensible,ordinal,1051,0.408183,0.138554,0.116437,0.254990,-0.138554,-0.000000
1052,agents v7,pray,investiguer,ordinal,1051,0.288297,0.338469,0.130542,0.469011,-0.338469,0.000000
1052,agents v7,postlife,non teste,nominal,1051,0.488107,0.309518,,,,1.000000
1052,agents v7,bible,non teste,ordinal,1052,0.467681,0.187163,,,,1.000000
1052,agents v7,reborn,investiguer,nominal,1052,0.467681,0.255703,0.185882,0.414127,-0.228245,0.192015
1052,agents v7,savesoul,investiguer,nominal,1052,0.688213,0.153992,0.165399,0.319392,-0.153992,0.000000
1052,agents v7,granborn,non teste,ordinal,1052,0.444867,0.063451,,,,1.000000
1052,agents v7,uscitzn*,non teste,nominal,1052,0.940114,0.052390,,,,1.000000
1052,agents v7,fucitzn,non teste,nominal,1052,0.934411,0.043980,,,,1.000000
1052,agents v7,mnthsusa,non teste,nominal,1052,0.763308,0.206274,,,,1.000000
1052,agents v7,income,non teste,ordinal,1052,0.412548,0.159102,0.942372,0.783270,0.159102,0.000000
1052,agents v7,othlang,temoin,nominal,1052,0.692015,0.060162,,,,1.000000
1052,agents v7,health,temoin,ordinal,1050,0.565714,0.114824,0.640903,0.595057,0.045846,0.000000
1052,agents v7,compuse*,temoin,nominal,1051,0.970504,0.021855,,,,1.000000
1052,agents v7,webmob,non teste,nominal,1052,0.976236,0.010456,,,,1.000000
1052,agents v7,xmovie,non teste,nominal,1052,0.598859,0.117871,0.737643,0.619772,0.117871,0.000000
1052,agents v7,usewww*,non teste,nominal,1052,0.977186,0.001901,,,,1.000000
1052,agents v7,life,temoin,ordinal,1052,0.543726,0.082416,0.701713,0.619297,0.082416,-0.000000
1052,agents v7,richwork,temoin,nominal,1052,0.577947,0.070342,0.462928,0.392586,0.070342,0.000000
1052,agents v8,natspac/y,mixte,ordinal,1050,0.357143,0.086745,0.371905,0.458650,-0.086745,0.000000
1052,agents v8,natenvir/y,temoin,ordinal,1050,0.576190,0.158051,0.615238,0.773289,-0.158051,0.000000
1052,agents v8,natheal/y,mixte,ordinal,1050,0.535238,0.174613,0.653810,0.828422,-0.174613,-0.000000
1052,agents v8,natcity/y,mixte,ordinal,1050,0.436190,0.112878,0.541429,0.467205,0.074223,0.000000
1052,agents v8,natdrug/y,temoin,ordinal,1051,0.459562,0.111085,0.638915,0.750000,-0.111085,0.000000
1052,agents v8,nateduc/y,temoin,ordinal,1051,0.555661,0.111028,0.698382,0.809411,-0.111028,-0.000000
1052,agents v8,natrace/y,sensible,ordinal,1051,0.545195,0.101624,0.605614,0.568916,0.036697,0.000000
1052,agents v8,natarms/y,temoin,ordinal,1051,0.480495,0.074022,0.401522,0.424905,-0.023383,0.000000
1052,agents v8,nataid/y,temoin,ordinal,1050,0.468571,0.243204,0.425238,0.182034,0.243204,0.000000
1052,agents v8,natfare/y,mixte,ordinal,1050,0.486667,0.233698,0.574762,0.808460,-0.233698,-0.000000
1052,agents v8,natroad,sensible,ordinal,1050,0.437143,0.090860,0.697143,0.719582,-0.022439,-0.000000
1052,agents v8,natsoc,temoin,ordinal,1050,0.435238,0.198914,0.621429,0.820342,-0.198914,-0.000000
1052,agents v8,natmass,temoin,ordinal,1051,0.433872,0.171981,0.607992,0.657795,-0.049802,-0.000000
1052,agents v8,natpark,temoin,ordinal,1051,0.386299,0.166197,0.566127,0.604563,-0.038435,0.000000
1052,agents v8,natchld,sensible,ordinal,1051,0.482398,0.133461,0.599429,0.732890,-0.133461,0.000000
1052,agents v8,natsci,temoin,ordinal,1051,0.416746,0.165763,0.600856,0.618821,-0.017965,-0.000000
1052,agents v8,natenrgy,temoin,ordinal,1051,0.509039,0.094019,0.596575,0.679658,-0.083083,0.000000
1052,agents v8,uswary,non teste,nominal,1051,0.496670,0.417191,,,,1.000000
1052,agents v8,prayer,non teste,nominal,1051,0.686013,0.001251,,,,1.000000
1052,agents v8,courts,non teste,ordinal,1051,0.462417,0.161128,,,,1.000000
1052,agents v8,discaffw,non teste,ordinal,1051,0.389153,0.052108,,,,1.000000
1052,agents v8,discaffm,non teste,ordinal,1051,0.356803,0.042841,,,,1.000000
1052,agents v8,fehire,non teste,ordinal,1051,0.293054,0.118684,,,,1.000000
1052,agents v8,fechld,temoin,ordinal,1051,0.400571,0.041730,0.688551,0.726869,-0.038319,0.000000
1052,agents v8,fepresch,investiguer,ordinal,1051,0.406280,0.048067,0.653346,0.655577,-0.002231,0.000000
1052,agents v8,fefam,investiguer,ordinal,1051,0.405328,0.071261,0.620362,0.640684,-0.020323,0.000000
1052,agents v8,fepol,non teste,nominal,1052,0.770913,0.067490,0.831749,0.764259,0.067490,0.000000
1052,agents v8,mobile16,non teste,ordinal,1052,0.301331,0.336578,,,,1.000000
1052,agents v8,incom16,temoin,ordinal,1052,0.394487,0.116738,0.558516,0.447481,0.111035,-0.000000
1052,agents v8,dwelown16,non teste,nominal,1051,0.686965,0.129117,,,,1.000000
1052,agents v8,divorced,temoin,nominal,1052,0.626426,0.016452,0.692674,0.709125,-0.016452,0.000000
1052,agents v8,posslq/y,temoin,nominal,1052,0.464829,0.220531,,,,1.000000
1052,agents v8,wrkstat,temoin,nominal,1052,0.410646,0.404928,,,,1.000000
1052,agents v8,evwork,temoin,nominal,1051,0.922931,0.057965,,,,1.000000
1052,agents v8,wrkgovt1,non teste,nominal,1051,0.835395,0.139716,,,,1.000000
1052,agents v8,wrkgovt2,non teste,nominal,1051,0.699334,0.300380,,,,1.000000
1052,agents v8,partfull,non teste,nominal,1051,0.528068,0.182184,,,,1.000000
1052,agents v8,wksub1,non teste,nominal,1051,0.474786,0.149201,,,,1.000000
1052,agents v8,wksup1,non teste,nominal,1051,0.455756,0.051553,,,,1.000000
1052,agents v8,conarmy,investiguer,ordinal,1052,0.445818,0.053707,0.621198,0.674905,-0.053707,0.000000
1052,agents v8,conbus,temoin,ordinal,1052,0.525665,0.057034,0.413973,0.402567,0.011407,-0.000000
1052,agents v8,conclerg,temoin,ordinal,1052,0.444867,0.117871,0.435836,0.317966,0.117871,0.000000
1052,agents v8,coneduc,sensible,ordinal,1052,0.532319,0.144962,0.398764,0.543726,-0.144962,0.000000
1052,agents v8,confed,temoin,ordinal,1052,0.490494,0.081274,0.370722,0.356939,0.013783,-0.000000
1052,agents v8,confinan,temoin,ordinal,1052,0.508555,0.101711,0.359791,0.461502,-0.101711,-0.000000
1052,agents v8,conjudge,temoin,ordinal,1052,0.470532,0.091730,0.491920,0.400190,0.091730,0.000000
1052,agents v8,conlabor,temoin,ordinal,1052,0.515209,0.058460,0.445817,0.504278,-0.058460,0.000000
1052,agents v8,conlegis,sensible,ordinal,1052,0.481939,0.146863,0.132605,0.279468,-0.146863,0.000000
1052,agents v8,conmedic,sensible,ordinal,1052,0.480989,0.232890,0.535171,0.666350,-0.131179,-0.000000
1052,agents v8,conpress,temoin,ordinal,1052,0.610266,0.074144,0.319392,0.325095,-0.005703,0.000000
1052,agents v8,consci,temoin,ordinal,1052,0.557985,0.071293,0.627852,0.699144,-0.071293,0.000000
1052,agents v8,contv,temoin,ordinal,1052,0.531369,0.041350,0.286597,0.327947,-0.041350,0.000000
1052,agents v8,joblose,non teste,nominal,1052,0.415399,0.154154,,,,1.000000
1052,agents v8,jobfind,temoin,nominal,1052,0.401141,0.321293,,,,1.000000
1052,agents v8,happy,temoin,ordinal,1051,0.571836,0.211024,0.502379,0.475760,0.026618,-0.000000
1052,agents v8,hapmar,non teste,nominal,1051,0.430067,0.311311,0.536219,0.684444,-0.148225,0.461465
1052,agents v8,satjob,temoin,nominal,1051,0.420552,0.355167,0.672067,0.709071,-0.037005,0.353949
1052,agents v8,spdeg*,non teste,nominal,1051,0.250238,0.453023,,,,1.000000
1052,agents v8,spjew,non teste,nominal,1051,0.705994,0.290871,,,,1.000000
1052,agents v8,spfund,non teste,nominal,1051,0.367269,0.407261,,,,1.000000
1052,agents v8,unemp,temoin,nominal,1051,0.601332,0.220362,0.821123,0.600760,0.220362,-0.000000
1052,agents v8,union1,non teste,nominal,1051,0.860133,0.033221,,,,1.000000
1052,agents v8,spkath/y,temoin,nominal,1051,0.667935,0.061073,0.751665,0.812738,-0.061073,0.000000
1052,agents v8,colath,temoin,nominal,1051,0.641294,0.074455,0.673644,0.748099,-0.074455,0.000000
1052,agents v8,spkrac/y,sensible,nominal,1051,0.557564,0.438207,,,,1.000000
1052,agents v8,colrac,temoin,nominal,1051,0.633682,0.092005,,,,1.000000
1052,agents v8,librac/y,non teste,nominal,1051,0.490961,0.101258,,,,1.000000
1052,agents v8,spkcom/y,non teste,nominal,1051,0.619410,0.061557,0.751671,0.690114,0.061557,0.000000
1052,agents v8,colcom/y,non teste,nominal,1051,0.630828,0.048226,0.733587,0.685361,0.048226,-0.000000
1052,agents v8,libcom/y,temoin,nominal,1051,0.717412,0.206225,0.948620,0.742395,0.206225,-0.000000
1052,agents v8,spkhomo/y,non teste,nominal,1051,0.782112,0.137071,0.801142,0.938213,-0.137071,-0.000000
1052,agents v8,colhomo,non teste,nominal,1051,0.761180,0.162766,0.770695,0.933460,-0.162766,0.000000
1052,agents v8,libhomo/y,non teste,nominal,1051,0.761180,0.091471,0.772598,0.864068,-0.091471,-0.000000
1052,agents v8,cappun,temoin,nominal,1051,0.646051,0.146887,,,,1.000000
1052,agents v8,polhitok/y,temoin,nominal,1049,0.646330,0.177284,0.165872,0.343156,-0.177284,0.000000
1052,agents v8,polabuse/y,sensible,nominal,1049,0.935176,0.057021,0.995234,0.938213,0.057021,0.000000
1052,agents v8,polattak/y,sensible,nominal,1049,0.670162,0.329845,,,,1.000000
1052,agents v8,grass,non teste,nominal,1051,0.652712,0.077299,,,,1.000000
1052,agents v8,gunlaw,temoin,nominal,1051,0.667935,0.044074,,,,1.000000
1052,agents v8,owngun,temoin,nominal,1051,0.619410,0.146798,,,,1.000000
1052,agents v8,hunt1,non teste,nominal,1049,0.735939,0.116896,,,,1.000000
1052,agents v8,class,non teste,ordinal,1051,0.382493,0.263937,,,,1.000000
1052,agents v8,satfin,temoin,ordinal,1051,0.405328,0.230327,0.562440,0.494297,0.068144,-0.000000
1052,agents v8,finalter,temoin,ordinal,1051,0.402474,0.227116,0.566603,0.475285,0.091318,-0.000000
1052,agents v8,finrela,temoin,ordinal,1051,0.333968,0.153568,0.553520,0.409458,0.144062,0.000000
1052,agents v8,racdif1,temoin,nominal,1051,0.747859,0.104213,0.631779,0.527567,0.104213,0.000000
1052,agents v8,racdif2,temoin,nominal,1051,0.933397,0.066540,1.000000,0.933460,0.066540,0.000000
1052,agents v8,racdif3,temoin,nominal,1050,0.663810,0.176169,0.664762,0.488593,0.176169,0.000000
1052,agents v8,racdif4,temoin,nominal,1050,0.712381,0.000550,0.710476,0.711027,-0.000550,-0.000000
1052,agents v8,wlthwhts,non teste,ordinal,1050,0.244762,0.151176,,,,1.000000
1052,agents v8,wlthblks,non teste,ordinal,1050,0.151429,0.198358,,,,1.000000
1052,agents v8,wlthhsps,non teste,ordinal,1051,0.299715,0.105229,,,,1.000000
1052,agents v8,racwork,temoin,nominal,1051,0.372978,0.202360,,,,1.000000
1052,agents v8,letin1a,temoin,ordinal,1051,0.356803,0.120000,0.495238,0.375238,0.120000,-0.000000
1052,agents v8,getahead,non teste,ordinal,1051,0.568030,0.058344,,,,1.000000
1052,agents v8,aged,non teste,ordinal,1051,0.555661,0.124931,,,,1.000000
1052,agents v8,parsol,temoin,ordinal,1052,0.239544,0.272576,0.729563,0.527329,0.202234,0.000000
1052,agents v8,kidssol,non teste,nominal,1052,0.215779,0.619772,,,,1.000000
1052,agents v8,spanking,temoin,ordinal,1052,0.390684,0.052915,0.580482,0.527567,0.052915,-0.000000
1052,agents v8,divlaw,non teste,ordinal,1051,0.435775,0.113610,,,,1.000000
1052,agents v8,sexeduc,temoin,nominal,1051,0.747859,0.128592,0.721218,0.849810,-0.128592,0.000000
1052,agents v8,pillok,investiguer,ordinal,1052,0.419202,0.044994,,,,1.000000
1052,agents v8,xmarsex,sensible,ordinal,1051,0.468126,0.023047,0.748571,0.764259,-0.015687,-0.000000
1052,agents v8,homosex,temoin,ordinal,1051,0.588963,0.042214,0.671424,0.685361,-0.013937,-0.000000
1052,agents v8,marhomo,temoin,ordinal,1051,0.414843,0.119201,0.600381,0.719582,-0.119201,0.000000
1052,agents v8,discaff,temoin,ordinal,1051,0.539486,0.061196,,,,1.000000
1052,agents v8,abdefect,temoin,nominal,1050,0.772381,0.029853,,,,1.000000
1052,agents v8,abnomore,temoin,nominal,1049,0.755005,0.031411,,,,1.000000
1052,agents v8,abhlth,temoin,nominal,1050,0.909524,0.035102,,,,1.000000
1052,agents v8,abpoor,investiguer,nominal,1049,0.762631,0.046713,,,,1.000000
1052,agents v8,abrape,investiguer,nominal,1050,0.854286,0.035017,,,,1.000000
1052,agents v8,absingle,temoin,nominal,1050,0.733333,0.043552,,,,1.000000
1052,agents v8,abany,investiguer,nominal,1052,0.738593,0.002852,,,,1.000000
1052,agents v8,letdie1,temoin,nominal,1052,0.696768,0.035171,,,,1.000000
1052,agents v8,suicide1,investiguer,nominal,1049,0.700667,0.006958,,,,1.000000
1052,agents v8,suicide2,non teste,nominal,1049,0.745472,0.254753,,,,1.000000
1052,agents v8,suicide3,non teste,nominal,1051,0.684110,0.032110,,,,1.000000
1052,agents v8,suicide4,temoin,nominal,1051,0.629876,0.015818,,,,1.000000
1052,agents v8,pornlaw,temoin,ordinal,1051,0.632731,0.076018,0.509533,0.585551,-0.076018,0.000000
1052,agents v8,fair,non teste,ordinal,1051,0.372978,0.160031,,,,1.000000
1052,agents v8,helpful,non teste,ordinal,1051,0.367269,0.047068,,,,1.000000
1052,agents v8,trust,non teste,ordinal,1051,0.375833,0.143984,,,,1.000000
1052,agents v8,tax,non teste,ordinal,1051,0.481446,0.152917,,,,1.000000
1052,agents v8,vote16,sensible,nominal,1051,0.732636,0.216640,0.905804,0.689164,0.216640,0.000000
1052,agents v8,pres16,temoin,nominal,1051,0.588011,0.283255,,,,1.000000
1052,agents v8,if16who,investiguer,nominal,1051,0.788773,0.043269,,,,1.000000
1052,agents v8,news,investiguer,ordinal,1051,0.197907,0.358755,0.681256,0.368108,0.313148,0.000000
1052,agents v8,jew,non teste,nominal,1052,0.695817,0.288023,,,,1.000000
1052,agents v8,relig16*,non teste,nominal,1051,0.311132,0.484591,,,,1.000000
1052,agents v8,jew16*,non teste,nominal,1051,0.737393,0.260454,,,,1.000000
1052,agents v8,attend,sensible,ordinal,1052,0.326996,0.042657,0.250356,0.254990,-0.004634,0.000000
1052,agents v8,pray,investiguer,ordinal,1052,0.264259,0.235932,0.233080,0.469011,-0.235932,-0.000000
1052,agents v8,postlife,non teste,nominal,1052,0.576046,0.230038,,,,1.000000
1052,agents v8,bible,non teste,ordinal,1051,0.509039,0.096587,,,,1.000000
1052,agents v8,reborn,investiguer,nominal,1051,0.465271,0.177909,0.274136,0.414127,-0.139992,0.200952
1052,agents v8,savesoul,investiguer,nominal,1051,0.701237,0.088183,0.231208,0.319392,-0.088183,0.000000
1052,agents v8,granborn,non teste,ordinal,1051,0.470029,0.163110,,,,1.000000
1052,agents v8,uscitzn*,non teste,nominal,1051,0.981922,0.008568,,,,1.000000
1052,agents v8,fucitzn,non teste,nominal,1051,0.977165,0.008566,,,,1.000000
1052,agents v8,mnthsusa,non teste,nominal,1048,0.967557,0.003748,,,,1.000000
1052,agents v8,income,non teste,ordinal,1048,0.456107,0.200370,0.983640,0.783270,0.200370,-0.000000
1052,agents v8,othlang,temoin,nominal,1048,0.731870,0.055086,,,,1.000000
1052,agents v8,health,temoin,ordinal,1050,0.523810,0.136827,0.643810,0.595057,0.048752,0.000000
1052,agents v8,compuse*,temoin,nominal,1050,0.973333,0.022810,,,,1.000000
1052,agents v8,webmob,non teste,nominal,1051,0.970504,0.008545,,,,1.000000
1052,agents v8,xmovie,non teste,nominal,1052,0.630228,0.037072,0.656844,0.619772,0.037072,0.000000
1052,agents v8,usewww*,non teste,nominal,1051,0.977165,0.000012,,,,1.000000
1052,agents v8,life,temoin,ordinal,1052,0.545627,0.108194,0.590000,0.619297,-0.029297,0.000000
1052,agents v8,richwork,temoin,nominal,1052,0.572243,0.184411,0.576996,0.392586,0.184411,0.000000
1052,B0 mode,natspac/y,mixte,ordinal,1052,0.531369,0.234316,0.500000,0.458650,0.041350,0.000000
1052,B0 mode,natenvir/y,temoin,ordinal,1052,0.660646,0.226711,1.000000,0.773289,0.226711,0.000000
1052,B0 mode,natheal/y,mixte,ordinal,1052,0.716730,0.171578,1.000000,0.828422,0.171578,0.000000
1052,B0 mode,natcity/y,mixte,ordinal,1052,0.478137,0.260932,0.500000,0.467205,0.032795,0.000000
1052,B0 mode,natdrug/y,temoin,ordinal,1052,0.586502,0.250000,1.000000,0.750000,0.250000,0.000000
1052,B0 mode,nateduc/y,temoin,ordinal,1052,0.699620,0.190589,1.000000,0.809411,0.190589,0.000000
1052,B0 mode,natrace/y,sensible,ordinal,1052,0.363118,0.206749,0.599810,0.568916,0.030894,0.000000
1052,B0 mode,natarms/y,temoin,ordinal,1052,0.370722,0.196768,0.400190,0.424905,-0.024715,0.000000
1052,B0 mode,nataid/y,temoin,ordinal,1052,0.686312,0.182034,0.000000,0.182034,-0.182034,0.000000
1052,B0 mode,natfare/y,mixte,ordinal,1052,0.701521,0.191540,1.000000,0.808460,0.191540,0.000000
1052,B0 mode,natroad,sensible,ordinal,1052,0.518061,0.280418,1.000000,0.719582,0.280418,0.000000
1052,B0 mode,natsoc,temoin,ordinal,1052,0.673954,0.179658,1.000000,0.820342,0.179658,0.000000
1052,B0 mode,natmass,temoin,ordinal,1052,0.496198,0.251901,0.500000,0.657795,-0.157795,0.000000
1052,B0 mode,natpark,temoin,ordinal,1052,0.653992,0.173004,0.500000,0.604563,-0.104563,0.000000
1052,B0 mode,natchld,sensible,ordinal,1052,0.549430,0.267110,1.000000,0.732890,0.267110,0.000000
1052,B0 mode,natsci,temoin,ordinal,1052,0.566540,0.216730,0.500000,0.618821,-0.118821,0.000000
1052,B0 mode,natenrgy,temoin,ordinal,1052,0.493346,0.320342,1.000000,0.679658,0.320342,0.000000
1052,B0 mode,uswary,non teste,nominal,1052,0.532319,0.467681,,,,1.000000
1052,B0 mode,prayer,non teste,nominal,1052,0.685361,0.314639,,,,1.000000
1052,B0 mode,courts,non teste,ordinal,1052,0.498099,0.346008,,,,1.000000
1052,B0 mode,discaffw,non teste,ordinal,1052,0.419202,0.234474,,,,1.000000
1052,B0 mode,discaffm,non teste,ordinal,1052,0.427757,0.218314,,,,1.000000
1052,B0 mode,fehire,non teste,ordinal,1052,0.279468,0.137120,,,,1.000000
1052,B0 mode,fechld,temoin,ordinal,1052,0.453422,0.192015,0.666667,0.726869,-0.060203,0.000000
1052,B0 mode,fepresch,investiguer,ordinal,1052,0.486692,0.185361,0.666667,0.655577,0.011090,0.000000
1052,B0 mode,fefam,investiguer,ordinal,1052,0.391635,0.228137,0.666667,0.640684,0.025982,0.000000
1052,B0 mode,fepol,non teste,nominal,1052,0.764259,0.235741,1.000000,0.764259,0.235741,0.000000
1052,B0 mode,mobile16,non teste,ordinal,1052,0.387833,0.453422,,,,1.000000
1052,B0 mode,incom16,temoin,ordinal,1052,0.491445,0.148527,0.500000,0.447481,0.052519,0.000000
1052,B0 mode,dwelown16,non teste,nominal,1052,0.701521,0.298479,,,,1.000000
1052,B0 mode,divorced,temoin,nominal,1052,0.709125,0.290875,1.000000,0.709125,0.290875,0.000000
1052,B0 mode,posslq/y,temoin,nominal,1052,0.427757,0.572243,,,,1.000000
1052,B0 mode,wrkstat,temoin,nominal,1052,0.377376,0.622624,,,,1.000000
1052,B0 mode,evwork,temoin,nominal,1052,0.921103,0.078897,,,,1.000000
1052,B0 mode,wrkgovt1,non teste,nominal,1052,0.841255,0.158745,,,,1.000000
1052,B0 mode,wrkgovt2,non teste,nominal,1052,0.699620,0.300380,,,,1.000000
1052,B0 mode,partfull,non teste,nominal,1052,0.475285,0.524715,,,,1.000000
1052,B0 mode,wksub1,non teste,nominal,1052,0.422053,0.577947,,,,1.000000
1052,B0 mode,wksup1,non teste,nominal,1052,0.398289,0.383080,,,,1.000000
1052,B0 mode,conarmy,investiguer,ordinal,1052,0.458175,0.325095,1.000000,0.674905,0.325095,0.000000
1052,B0 mode,conbus,temoin,ordinal,1052,0.565589,0.217205,0.500000,0.402567,0.097433,0.000000
1052,B0 mode,conclerg,temoin,ordinal,1052,0.489544,0.317966,0.000000,0.317966,-0.317966,0.000000
1052,B0 mode,coneduc,sensible,ordinal,1052,0.583650,0.208175,0.500000,0.543726,-0.043726,0.000000
1052,B0 mode,confed,temoin,ordinal,1052,0.468631,0.265684,0.500000,0.356939,0.143061,0.000000
1052,B0 mode,confinan,temoin,ordinal,1052,0.563688,0.218156,0.500000,0.461502,0.038498,0.000000
1052,B0 mode,conjudge,temoin,ordinal,1052,0.444867,0.277567,0.500000,0.400190,0.099810,0.000000
1052,B0 mode,conlabor,temoin,ordinal,1052,0.557985,0.221008,0.500000,0.504278,-0.004278,0.000000
1052,B0 mode,conlegis,sensible,ordinal,1052,0.503802,0.279468,0.000000,0.279468,-0.279468,0.000000
1052,B0 mode,conmedic,sensible,ordinal,1052,0.424905,0.173954,0.599810,0.666350,-0.066540,0.000000
1052,B0 mode,conpress,temoin,ordinal,1052,0.471483,0.264259,0.500000,0.325095,0.174905,0.000000
1052,B0 mode,consci,temoin,ordinal,1052,0.512357,0.300856,1.000000,0.699144,0.300856,0.000000
1052,B0 mode,contv,temoin,ordinal,1052,0.490494,0.254753,0.500000,0.327947,0.172053,0.000000
1052,B0 mode,joblose,non teste,nominal,1052,0.438213,0.561787,,,,1.000000
1052,B0 mode,jobfind,temoin,nominal,1052,0.410646,0.589354,,,,1.000000
1052,B0 mode,happy,temoin,ordinal,1052,0.573194,0.213403,0.500000,0.475760,0.024240,0.000000
1052,B0 mode,hapmar,non teste,nominal,1052,0.572243,0.427757,,0.684444,,1.000000
1052,B0 mode,satjob,temoin,nominal,1052,0.409696,0.590304,,0.709071,,1.000000
1052,B0 mode,spdeg*,non teste,nominal,1052,0.515209,0.484791,,,,1.000000
1052,B0 mode,spjew,non teste,nominal,1052,0.707224,0.292776,,,,1.000000
1052,B0 mode,spfund,non teste,nominal,1052,0.688213,0.311787,,,,1.000000
1052,B0 mode,unemp,temoin,nominal,1052,0.600760,0.399240,1.000000,0.600760,0.399240,0.000000
1052,B0 mode,union1,non teste,nominal,1052,0.911597,0.088403,,,,1.000000
1052,B0 mode,spkath/y,temoin,nominal,1052,0.812738,0.187262,1.000000,0.812738,0.187262,0.000000
1052,B0 mode,colath,temoin,nominal,1052,0.748099,0.251901,1.000000,0.748099,0.251901,0.000000
1052,B0 mode,spkrac/y,sensible,nominal,1052,0.556084,0.443916,,,,1.000000
1052,B0 mode,colrac,temoin,nominal,1052,0.697719,0.302281,,,,1.000000
1052,B0 mode,librac/y,non teste,nominal,1052,0.577947,0.422053,,,,1.000000
1052,B0 mode,spkcom/y,non teste,nominal,1052,0.690114,0.309886,1.000000,0.690114,0.309886,0.000000
1052,B0 mode,colcom/y,non teste,nominal,1052,0.685361,0.314639,1.000000,0.685361,0.314639,0.000000
1052,B0 mode,libcom/y,temoin,nominal,1052,0.742395,0.257605,1.000000,0.742395,0.257605,0.000000
1052,B0 mode,spkhomo/y,non teste,nominal,1052,0.938213,0.061787,1.000000,0.938213,0.061787,0.000000
1052,B0 mode,colhomo,non teste,nominal,1052,0.933460,0.066540,1.000000,0.933460,0.066540,0.000000
1052,B0 mode,libhomo/y,non teste,nominal,1052,0.864068,0.135932,1.000000,0.864068,0.135932,0.000000
1052,B0 mode,cappun,temoin,nominal,1052,0.621673,0.378327,,,,1.000000
1052,B0 mode,polhitok/y,temoin,nominal,1052,0.656844,0.343156,0.000000,0.343156,-0.343156,0.000000
1052,B0 mode,polabuse/y,sensible,nominal,1052,0.938213,0.061787,1.000000,0.938213,0.061787,0.000000
1052,B0 mode,polattak/y,sensible,nominal,1052,0.669201,0.330799,,,,1.000000
1052,B0 mode,grass,non teste,nominal,1052,0.758555,0.241445,,,,1.000000
1052,B0 mode,gunlaw,temoin,nominal,1052,0.677757,0.322243,,,,1.000000
1052,B0 mode,owngun,temoin,nominal,1052,0.715779,0.284221,,,,1.000000
1052,B0 mode,hunt1,non teste,nominal,1052,0.889734,0.110266,,,,1.000000
1052,B0 mode,class,non teste,ordinal,1052,0.401141,0.208175,,,,1.000000
1052,B0 mode,satfin,temoin,ordinal,1052,0.408745,0.295627,0.500000,0.494297,0.005703,0.000000
1052,B0 mode,finalter,temoin,ordinal,1052,0.397338,0.301331,0.500000,0.475285,0.024715,0.000000
1052,B0 mode,finrela,temoin,ordinal,1052,0.396388,0.191302,0.500000,0.409458,0.090542,0.000000
1052,B0 mode,racdif1,temoin,nominal,1052,0.527567,0.472433,1.000000,0.527567,0.472433,0.000000
1052,B0 mode,racdif2,temoin,nominal,1052,0.933460,0.066540,1.000000,0.933460,0.066540,0.000000
1052,B0 mode,racdif3,temoin,nominal,1052,0.488593,0.288973,0.199620,0.488593,-0.288973,0.000000
1052,B0 mode,racdif4,temoin,nominal,1052,0.711027,0.288973,1.000000,0.711027,0.288973,0.000000
1052,B0 mode,wlthwhts,non teste,ordinal,1052,0.567491,0.088561,,,,1.000000
1052,B0 mode,wlthblks,non teste,ordinal,1052,0.455323,0.103771,,,,1.000000
1052,B0 mode,wlthhsps,non teste,ordinal,1052,0.371673,0.051806,,,,1.000000
1052,B0 mode,racwork,temoin,nominal,1052,0.397338,0.602662,,,,1.000000
1052,B0 mode,letin1a,temoin,ordinal,1052,0.336502,0.263546,0.500000,0.375238,0.124762,0.000000
1052,B0 mode,getahead,non teste,ordinal,1052,0.494297,0.252852,,,,1.000000
1052,B0 mode,aged,non teste,ordinal,1052,0.604563,0.197719,,,,1.000000
1052,B0 mode,parsol,temoin,ordinal,1052,0.284221,0.242158,0.500000,0.527329,-0.027329,0.000000
1052,B0 mode,kidssol,non teste,nominal,1052,0.277567,0.722433,,,,1.000000
1052,B0 mode,spanking,temoin,ordinal,1052,0.320342,0.310837,0.333333,0.527567,-0.194233,0.000000
1052,B0 mode,divlaw,non teste,ordinal,1052,0.477186,0.261407,,,,1.000000
1052,B0 mode,sexeduc,temoin,nominal,1052,0.849810,0.150190,1.000000,0.849810,0.150190,0.000000
1052,B0 mode,pillok,investiguer,ordinal,1052,0.337452,0.195818,,,,1.000000
1052,B0 mode,xmarsex,sensible,ordinal,1052,0.538973,0.235741,1.000000,0.764259,0.235741,0.000000
1052,B0 mode,homosex,temoin,ordinal,1052,0.578897,0.314639,1.000000,0.685361,0.314639,0.000000
1052,B0 mode,marhomo,temoin,ordinal,1052,0.518061,0.280418,1.000000,0.719582,0.280418,0.000000
1052,B0 mode,discaff,temoin,ordinal,1052,0.505703,0.310836,,,,1.000000
1052,B0 mode,abdefect,temoin,nominal,1052,0.826996,0.173004,,,,1.000000
1052,B0 mode,abnomore,temoin,nominal,1052,0.650190,0.349810,,,,1.000000
1052,B0 mode,abhlth,temoin,nominal,1052,0.928707,0.071293,,,,1.000000
1052,B0 mode,abpoor,investiguer,nominal,1052,0.667300,0.332700,,,,1.000000
1052,B0 mode,abrape,investiguer,nominal,1052,0.884030,0.115970,,,,1.000000
1052,B0 mode,absingle,temoin,nominal,1052,0.634981,0.365019,,,,1.000000
1052,B0 mode,abany,investiguer,nominal,1052,0.613118,0.386882,,,,1.000000
1052,B0 mode,letdie1,temoin,nominal,1052,0.758555,0.241445,,,,1.000000
1052,B0 mode,suicide1,investiguer,nominal,1052,0.766160,0.233840,,,,1.000000
1052,B0 mode,suicide2,non teste,nominal,1052,0.745247,0.254753,,,,1.000000
1052,B0 mode,suicide3,non teste,nominal,1052,0.747148,0.252852,,,,1.000000
1052,B0 mode,suicide4,temoin,nominal,1052,0.624525,0.375475,,,,1.000000
1052,B0 mode,pornlaw,temoin,ordinal,1052,0.690114,0.154943,0.500000,0.585551,-0.085551,0.000000
1052,B0 mode,fair,non teste,ordinal,1052,0.385932,0.307034,,,,1.000000
1052,B0 mode,helpful,non teste,ordinal,1052,0.370722,0.314639,,,,1.000000
1052,B0 mode,trust,non teste,ordinal,1052,0.519011,0.326996,,,,1.000000
1052,B0 mode,tax,non teste,ordinal,1052,0.592205,0.215779,,,,1.000000
1052,B0 mode,vote16,sensible,nominal,1052,0.689164,0.310837,1.000000,0.689164,0.310836,0.000000
1052,B0 mode,pres16,temoin,nominal,1052,0.353612,0.646388,,,,1.000000
1052,B0 mode,if16who,investiguer,nominal,1052,0.475285,0.524715,,,,1.000000
1052,B0 mode,news,investiguer,ordinal,1052,0.382129,0.368108,0.000000,0.368108,-0.368108,0.000000
1052,B0 mode,jew,non teste,nominal,1052,0.703422,0.296578,,,,1.000000
1052,B0 mode,relig16*,non teste,nominal,1052,0.305133,0.694867,,,,1.000000
1052,B0 mode,jew16*,non teste,nominal,1052,0.738593,0.261407,,,,1.000000
1052,B0 mode,attend,sensible,ordinal,1052,0.459125,0.254990,0.000000,0.254990,-0.254990,0.000000
1052,B0 mode,pray,investiguer,ordinal,1052,0.313688,0.469011,0.000000,0.469011,-0.469011,0.000000
1052,B0 mode,postlife,non teste,nominal,1052,0.696768,0.303232,,,,1.000000
1052,B0 mode,bible,non teste,ordinal,1052,0.416350,0.291825,,,,1.000000
1052,B0 mode,reborn,investiguer,nominal,1052,0.402091,0.597909,0.000000,0.414127,-0.414127,0.000000
1052,B0 mode,savesoul,investiguer,nominal,1052,0.680608,0.319392,0.000000,0.319392,-0.319392,0.000000
1052,B0 mode,granborn,non teste,ordinal,1052,0.560836,0.321293,,,,1.000000
1052,B0 mode,uscitzn*,non teste,nominal,1052,0.995247,0.004753,,,,1.000000
1052,B0 mode,fucitzn,non teste,nominal,1052,0.990494,0.009506,,,,1.000000
1052,B0 mode,mnthsusa,non teste,nominal,1052,0.981939,0.018061,,,,1.000000
1052,B0 mode,income,non teste,ordinal,1052,0.516160,0.216730,1.000000,0.783270,0.216730,0.000000
1052,B0 mode,othlang,temoin,nominal,1052,0.769962,0.230038,,,,1.000000
1052,B0 mode,health,temoin,ordinal,1052,0.551331,0.166033,0.666667,0.595057,0.071610,0.000000
1052,B0 mode,compuse*,temoin,nominal,1052,0.975285,0.024715,,,,1.000000
1052,B0 mode,webmob,non teste,nominal,1052,0.980989,0.019011,,,,1.000000
1052,B0 mode,xmovie,non teste,nominal,1052,0.619772,0.380228,1.000000,0.619772,0.380228,0.000000
1052,B0 mode,usewww*,non teste,nominal,1052,0.987643,0.012357,,,,1.000000
1052,B0 mode,life,temoin,ordinal,1052,0.603612,0.198194,0.500000,0.619297,-0.119297,0.000000
1052,B0 mode,richwork,temoin,nominal,1052,0.607414,0.392586,0.000000,0.392586,-0.392586,0.000000
1052,B0 tirage,natspac/y,mixte,ordinal,1052,0.384981,0.013308,0.460551,0.458650,0.001901,-0.000000
1052,B0 tirage,natenvir/y,temoin,ordinal,1052,0.493346,0.015684,0.788973,0.773289,0.015684,-0.000000
1052,B0 tirage,natheal/y,mixte,ordinal,1052,0.546578,0.006179,0.833650,0.828422,0.005228,-0.000000
1052,B0 tirage,natcity/y,mixte,ordinal,1052,0.370722,0.002376,0.464829,0.467205,-0.002376,0.000000
1052,B0 tirage,natdrug/y,temoin,ordinal,1052,0.452471,0.006654,0.743346,0.750000,-0.006654,0.000000
1052,B0 tirage,nateduc/y,temoin,ordinal,1052,0.546578,0.004278,0.807034,0.809411,-0.002376,0.000000
1052,B0 tirage,natrace/y,sensible,ordinal,1052,0.366920,0.009981,0.576996,0.568916,0.008080,0.000000
1052,B0 tirage,natarms/y,temoin,ordinal,1052,0.366920,0.014734,0.410171,0.424905,-0.014734,0.000000
1052,B0 tirage,nataid/y,temoin,ordinal,1052,0.546578,0.008080,0.186312,0.182034,0.004278,0.000000
1052,B0 tirage,natfare/y,mixte,ordinal,1052,0.565589,0.009030,0.817490,0.808460,0.009030,0.000000
1052,B0 tirage,natroad,sensible,ordinal,1052,0.443916,0.007129,0.717205,0.719582,-0.002376,0.000000
1052,B0 tirage,natsoc,temoin,ordinal,1052,0.536122,0.006179,0.816065,0.820342,-0.004278,0.000000
1052,B0 tirage,natmass,temoin,ordinal,1052,0.423954,0.005703,0.658745,0.657795,0.000951,0.000000
1052,B0 tirage,natpark,temoin,ordinal,1052,0.512357,0.016635,0.587928,0.604563,-0.016635,-0.000000
1052,B0 tirage,natchld,sensible,ordinal,1052,0.430608,0.006179,0.726711,0.732890,-0.006179,0.000000
1052,B0 tirage,natsci,temoin,ordinal,1052,0.447719,0.004278,0.614544,0.618821,-0.004278,-0.000000
1052,B0 tirage,natenrgy,temoin,ordinal,1052,0.380228,0.008555,0.688213,0.679658,0.008555,0.000000
1052,B0 tirage,uswary,non teste,nominal,1052,0.509506,0.009506,,,,1.000000
1052,B0 tirage,prayer,non teste,nominal,1052,0.569392,0.008555,,,,1.000000
1052,B0 tirage,courts,non teste,ordinal,1052,0.368821,0.005228,,,,1.000000
1052,B0 tirage,discaffw,non teste,ordinal,1052,0.301331,0.017110,,,,1.000000
1052,B0 tirage,discaffm,non teste,ordinal,1052,0.337452,0.007605,,,,1.000000
1052,B0 tirage,fehire,non teste,ordinal,1052,0.204373,0.008317,,,,1.000000
1052,B0 tirage,fechld,temoin,ordinal,1052,0.382129,0.009823,0.726553,0.726869,-0.000317,-0.000000
1052,B0 tirage,fepresch,investiguer,ordinal,1052,0.336502,0.007921,0.653992,0.655577,-0.001584,-0.000000
1052,B0 tirage,fefam,investiguer,ordinal,1052,0.301331,0.009189,0.631496,0.640684,-0.009189,0.000000
1052,B0 tirage,fepol,non teste,nominal,1052,0.643536,0.012357,0.776616,0.764259,0.012357,-0.000000
1052,B0 tirage,mobile16,non teste,ordinal,1052,0.321293,0.007605,,,,1.000000
1052,B0 tirage,incom16,temoin,ordinal,1052,0.330798,0.009981,0.454135,0.447481,0.006654,0.000000
1052,B0 tirage,dwelown16,non teste,nominal,1052,0.559886,0.005703,,,,1.000000
1052,B0 tirage,divorced,temoin,nominal,1052,0.562738,0.001901,0.707224,0.709125,-0.001901,0.000000
1052,B0 tirage,posslq/y,temoin,nominal,1052,0.338403,0.023764,,,,1.000000
1052,B0 tirage,wrkstat,temoin,nominal,1052,0.226236,0.030418,,,,1.000000
1052,B0 tirage,evwork,temoin,nominal,1052,0.847909,0.000000,,,,1.000000
1052,B0 tirage,wrkgovt1,non teste,nominal,1052,0.717681,0.012357,,,,1.000000
1052,B0 tirage,wrkgovt2,non teste,nominal,1052,0.597909,0.010456,,,,1.000000
1052,B0 tirage,partfull,non teste,nominal,1052,0.367871,0.023764,,,,1.000000
1052,B0 tirage,wksub1,non teste,nominal,1052,0.378327,0.022814,,,,1.000000
1052,B0 tirage,wksup1,non teste,nominal,1052,0.384981,0.037072,,,,1.000000
1052,B0 tirage,conarmy,investiguer,ordinal,1052,0.400190,0.007129,0.674430,0.674905,-0.000475,0.000000
1052,B0 tirage,conbus,temoin,ordinal,1052,0.444867,0.011882,0.413498,0.402567,0.010932,0.000000
1052,B0 tirage,conclerg,temoin,ordinal,1052,0.412548,0.006654,0.324620,0.317966,0.006654,0.000000
1052,B0 tirage,coneduc,sensible,ordinal,1052,0.436312,0.015209,0.528517,0.543726,-0.015209,0.000000
1052,B0 tirage,confed,temoin,ordinal,1052,0.410646,0.010456,0.367395,0.356939,0.010456,0.000000
1052,B0 tirage,confinan,temoin,ordinal,1052,0.425856,0.009981,0.451521,0.461502,-0.009981,0.000000
1052,B0 tirage,conjudge,temoin,ordinal,1052,0.373574,0.013783,0.399715,0.400190,-0.000475,0.000000
1052,B0 tirage,conlabor,temoin,ordinal,1052,0.413498,0.004278,0.500000,0.504278,-0.004278,0.000000
1052,B0 tirage,conlegis,sensible,ordinal,1052,0.444867,0.002852,0.279468,0.279468,0.000000,0.000000
1052,B0 tirage,conmedic,sensible,ordinal,1052,0.394487,0.002376,0.667776,0.666350,0.001426,-0.000000
1052,B0 tirage,conpress,temoin,ordinal,1052,0.426806,0.006654,0.329848,0.325095,0.004753,0.000000
1052,B0 tirage,consci,temoin,ordinal,1052,0.413498,0.019011,0.718156,0.699144,0.019011,-0.000000
1052,B0 tirage,contv,temoin,ordinal,1052,0.439164,0.009981,0.337928,0.327947,0.009981,0.000000
1052,B0 tirage,joblose,non teste,nominal,1052,0.339354,0.014259,,,,1.000000
1052,B0 tirage,jobfind,temoin,nominal,1052,0.301331,0.022814,,,,1.000000
1052,B0 tirage,happy,temoin,ordinal,1052,0.398289,0.009506,0.475760,0.475760,0.000000,-0.000000
1052,B0 tirage,hapmar,non teste,nominal,1052,0.387833,0.013308,0.683742,0.684444,-0.000703,0.573194
1052,B0 tirage,satjob,temoin,nominal,1052,0.285171,0.014259,0.704310,0.709071,-0.004762,0.419202
1052,B0 tirage,spdeg*,non teste,nominal,1052,0.296578,0.026616,,,,1.000000
1052,B0 tirage,spjew,non teste,nominal,1052,0.557034,0.010456,,,,1.000000
1052,B0 tirage,spfund,non teste,nominal,1052,0.514259,0.017110,,,,1.000000
1052,B0 tirage,unemp,temoin,nominal,1052,0.506654,0.019962,0.620722,0.600760,0.019962,0.000000
1052,B0 tirage,union1,non teste,nominal,1052,0.831749,0.017110,,,,1.000000
1052,B0 tirage,spkath/y,temoin,nominal,1052,0.692015,0.011407,0.824144,0.812738,0.011407,0.000000
1052,B0 tirage,colath,temoin,nominal,1052,0.608365,0.013308,0.734791,0.748099,-0.013308,0.000000
1052,B0 tirage,spkrac/y,sensible,nominal,1052,0.521863,0.018061,,,,1.000000
1052,B0 tirage,colrac,temoin,nominal,1052,0.581749,0.011407,,,,1.000000
1052,B0 tirage,librac/y,non teste,nominal,1052,0.525665,0.016160,,,,1.000000
1052,B0 tirage,spkcom/y,non teste,nominal,1052,0.550380,0.023764,0.666350,0.690114,-0.023764,-0.000000
1052,B0 tirage,colcom/y,non teste,nominal,1052,0.554183,0.019962,0.665399,0.685361,-0.019962,0.000000
1052,B0 tirage,libcom/y,temoin,nominal,1052,0.631179,0.005703,0.736692,0.742395,-0.005703,0.000000
1052,B0 tirage,spkhomo/y,non teste,nominal,1052,0.895437,0.007605,0.945817,0.938213,0.007605,0.000000
1052,B0 tirage,colhomo,non teste,nominal,1052,0.869772,0.010456,0.923004,0.933460,-0.010456,0.000000
1052,B0 tirage,libhomo/y,non teste,nominal,1052,0.784221,0.002852,0.866920,0.864068,0.002852,-0.000000
1052,B0 tirage,cappun,temoin,nominal,1052,0.526616,0.001901,,,,1.000000
1052,B0 tirage,polhitok/y,temoin,nominal,1052,0.539924,0.009506,0.352662,0.343156,0.009506,0.000000
1052,B0 tirage,polabuse/y,sensible,nominal,1052,0.885932,0.003802,0.942015,0.938213,0.003802,-0.000000
1052,B0 tirage,polattak/y,sensible,nominal,1052,0.565589,0.002852,,,,1.000000
1052,B0 tirage,grass,non teste,nominal,1052,0.612167,0.017110,,,,1.000000
1052,B0 tirage,gunlaw,temoin,nominal,1052,0.561787,0.002852,,,,1.000000
1052,B0 tirage,owngun,temoin,nominal,1052,0.613118,0.031369,,,,1.000000
1052,B0 tirage,hunt1,non teste,nominal,1052,0.793726,0.007605,,,,1.000000
1052,B0 tirage,class,non teste,ordinal,1052,0.320342,0.005703,,,,1.000000
1052,B0 tirage,satfin,temoin,ordinal,1052,0.349810,0.009506,0.484791,0.494297,-0.009506,0.000000
1052,B0 tirage,finalter,temoin,ordinal,1052,0.337452,0.007129,0.468156,0.475285,-0.007129,0.000000
1052,B0 tirage,finrela,temoin,ordinal,1052,0.266160,0.006179,0.409933,0.409458,0.000475,-0.000000
1052,B0 tirage,racdif1,temoin,nominal,1052,0.483840,0.014259,0.513308,0.527567,-0.014259,0.000000
1052,B0 tirage,racdif2,temoin,nominal,1052,0.871673,0.004753,0.928707,0.933460,-0.004753,-0.000000
1052,B0 tirage,racdif3,temoin,nominal,1052,0.486692,0.009506,0.498099,0.488593,0.009506,0.000000
1052,B0 tirage,racdif4,temoin,nominal,1052,0.578897,0.002852,0.713878,0.711027,0.002852,0.000000
1052,B0 tirage,wlthwhts,non teste,ordinal,1052,0.398289,0.002693,,,,1.000000
1052,B0 tirage,wlthblks,non teste,ordinal,1052,0.312738,0.007288,,,,1.000000
1052,B0 tirage,wlthhsps,non teste,ordinal,1052,0.330798,0.004436,,,,1.000000
1052,B0 tirage,racwork,temoin,nominal,1052,0.244297,0.025665,,,,1.000000
1052,B0 tirage,letin1a,temoin,ordinal,1052,0.253802,0.017586,0.357652,0.375238,-0.017586,0.000000
1052,B0 tirage,getahead,non teste,ordinal,1052,0.412548,0.004278,,,,1.000000
1052,B0 tirage,aged,non teste,ordinal,1052,0.492395,0.014259,,,,1.000000
1052,B0 tirage,parsol,temoin,ordinal,1052,0.216730,0.010456,0.522101,0.527329,-0.005228,0.000000
1052,B0 tirage,kidssol,non teste,nominal,1052,0.188213,0.027567,,,,1.000000
1052,B0 tirage,spanking,temoin,ordinal,1052,0.253802,0.005387,0.532953,0.527567,0.005387,-0.000000
1052,B0 tirage,divlaw,non teste,ordinal,1052,0.414449,0.009981,,,,1.000000
1052,B0 tirage,sexeduc,temoin,nominal,1052,0.760456,0.015209,0.865019,0.849810,0.015209,-0.000000
1052,B0 tirage,pillok,investiguer,ordinal,1052,0.263308,0.007921,,,,1.000000
1052,B0 tirage,xmarsex,sensible,ordinal,1052,0.386882,0.001584,0.763942,0.764259,-0.000317,0.000000
1052,B0 tirage,homosex,temoin,ordinal,1052,0.401141,0.003485,0.688213,0.685361,0.002852,0.000000
1052,B0 tirage,marhomo,temoin,ordinal,1052,0.321293,0.017586,0.737167,0.719582,0.017586,-0.000000
1052,B0 tirage,discaff,temoin,ordinal,1052,0.401141,0.009030,,,,1.000000
1052,B0 tirage,abdefect,temoin,nominal,1052,0.721483,0.016160,,,,1.000000
1052,B0 tirage,abnomore,temoin,nominal,1052,0.555133,0.007605,,,,1.000000
1052,B0 tirage,abhlth,temoin,nominal,1052,0.876426,0.011407,,,,1.000000
1052,B0 tirage,abpoor,investiguer,nominal,1052,0.549430,0.001901,,,,1.000000
1052,B0 tirage,abrape,investiguer,nominal,1052,0.788973,0.007605,,,,1.000000
1052,B0 tirage,absingle,temoin,nominal,1052,0.542776,0.025665,,,,1.000000
1052,B0 tirage,abany,investiguer,nominal,1052,0.527567,0.010456,,,,1.000000
1052,B0 tirage,letdie1,temoin,nominal,1052,0.620722,0.006654,,,,1.000000
1052,B0 tirage,suicide1,investiguer,nominal,1052,0.620722,0.031369,,,,1.000000
1052,B0 tirage,suicide2,non teste,nominal,1052,0.634030,0.031369,,,,1.000000
1052,B0 tirage,suicide3,non teste,nominal,1052,0.643536,0.038973,,,,1.000000
1052,B0 tirage,suicide4,temoin,nominal,1052,0.522814,0.022814,,,,1.000000
1052,B0 tirage,pornlaw,temoin,ordinal,1052,0.549430,0.007129,0.578422,0.585551,-0.007129,-0.000000
1052,B0 tirage,fair,non teste,ordinal,1052,0.347909,0.010456,,,,1.000000
1052,B0 tirage,helpful,non teste,ordinal,1052,0.339354,0.021863,,,,1.000000
1052,B0 tirage,trust,non teste,ordinal,1052,0.387833,0.012357,,,,1.000000
1052,B0 tirage,tax,non teste,ordinal,1052,0.512357,0.009030,,,,1.000000
1052,B0 tirage,vote16,sensible,nominal,1052,0.524715,0.008555,0.687262,0.689164,-0.001901,0.000000
1052,B0 tirage,pres16,temoin,nominal,1052,0.295627,0.031369,,,,1.000000
1052,B0 tirage,if16who,investiguer,nominal,1052,0.399240,0.020913,,,,1.000000
1052,B0 tirage,news,investiguer,ordinal,1052,0.253802,0.019487,0.348622,0.368108,-0.019487,0.000000
1052,B0 tirage,jew,non teste,nominal,1052,0.544677,0.006654,,,,1.000000
1052,B0 tirage,relig16*,non teste,nominal,1052,0.229087,0.027567,,,,1.000000
1052,B0 tirage,jew16*,non teste,nominal,1052,0.571293,0.013308,,,,1.000000
1052,B0 tirage,attend,sensible,ordinal,1052,0.284221,0.007605,0.247861,0.254990,-0.007129,-0.000000
1052,B0 tirage,pray,investiguer,ordinal,1052,0.225285,0.011597,0.475665,0.469011,0.006654,-0.000000
1052,B0 tirage,postlife,non teste,nominal,1052,0.573194,0.018061,,,,1.000000
1052,B0 tirage,bible,non teste,ordinal,1052,0.338403,0.003802,,,,1.000000
1052,B0 tirage,reborn,investiguer,nominal,1052,0.322243,0.011407,0.426027,0.414127,0.011900,0.306084
1052,B0 tirage,savesoul,investiguer,nominal,1052,0.576996,0.000951,0.320342,0.319392,0.000951,-0.000000
1052,B0 tirage,granborn,non teste,ordinal,1052,0.388783,0.011407,,,,1.000000
1052,B0 tirage,uscitzn*,non teste,nominal,1052,0.993346,0.002852,,,,1.000000
1052,B0 tirage,fucitzn,non teste,nominal,1052,0.981939,0.002852,,,,1.000000
1052,B0 tirage,mnthsusa,non teste,nominal,1052,0.967681,0.003802,,,,1.000000
1052,B0 tirage,income,non teste,ordinal,1052,0.288973,0.016419,0.766851,0.783270,-0.016419,0.000000
1052,B0 tirage,othlang,temoin,nominal,1052,0.631179,0.009506,,,,1.000000
1052,B0 tirage,health,temoin,ordinal,1052,0.391635,0.007288,0.587769,0.595057,-0.007288,0.000000
1052,B0 tirage,compuse*,temoin,nominal,1052,0.955323,0.002852,,,,1.000000
1052,B0 tirage,webmob,non teste,nominal,1052,0.969582,0.005703,,,,1.000000
1052,B0 tirage,xmovie,non teste,nominal,1052,0.538973,0.006654,0.626426,0.619772,0.006654,0.000000
1052,B0 tirage,usewww*,non teste,nominal,1052,0.975285,0.000000,,,,1.000000
1052,B0 tirage,life,temoin,ordinal,1052,0.478137,0.014259,0.632605,0.619297,0.013308,-0.000000
1052,B0 tirage,richwork,temoin,nominal,1052,0.522814,0.001901,0.394487,0.392586,0.001901,-0.000000
1052,B1 argmax,natspac/y,mixte,ordinal,1052,0.482890,0.129278,0.468156,0.458650,0.009506,-0.000000
1052,B1 argmax,natenvir/y,temoin,ordinal,1052,0.672053,0.095057,0.868346,0.773289,0.095057,0.000000
1052,B1 argmax,natheal/y,mixte,ordinal,1052,0.681559,0.126426,0.954848,0.828422,0.126426,0.000000
1052,B1 argmax,natcity/y,mixte,ordinal,1052,0.524715,0.061312,0.430608,0.467205,-0.036597,0.000000
1052,B1 argmax,natdrug/y,temoin,ordinal,1052,0.547529,0.145437,0.895437,0.750000,0.145437,0.000000
1052,B1 argmax,nateduc/y,temoin,ordinal,1052,0.692966,0.132605,0.942015,0.809411,0.132605,0.000000
1052,B1 argmax,natrace/y,sensible,ordinal,1052,0.566540,0.014259,0.583175,0.568916,0.014259,-0.000000
1052,B1 argmax,natarms/y,temoin,ordinal,1052,0.470532,0.024240,0.413023,0.424905,-0.011882,-0.000000
1052,B1 argmax,nataid/y,temoin,ordinal,1052,0.687262,0.087928,0.094106,0.182034,-0.087928,0.000000
1052,B1 argmax,natfare/y,mixte,ordinal,1052,0.711977,0.091255,0.899715,0.808460,0.091255,-0.000000
1052,B1 argmax,natroad,sensible,ordinal,1052,0.528517,0.109316,0.828897,0.719582,0.109316,-0.000000
1052,B1 argmax,natsoc,temoin,ordinal,1052,0.622624,0.115494,0.935837,0.820342,0.115494,-0.000000
1052,B1 argmax,natmass,temoin,ordinal,1052,0.565589,0.051806,0.680133,0.657795,0.022338,0.000000
1052,B1 argmax,natpark,temoin,ordinal,1052,0.629278,0.112167,0.558935,0.604563,-0.045627,-0.000000
1052,B1 argmax,natchld,sensible,ordinal,1052,0.546578,0.074620,0.807510,0.732890,0.074620,-0.000000
1052,B1 argmax,natsci,temoin,ordinal,1052,0.574144,0.086027,0.612643,0.618821,-0.006179,-0.000000
1052,B1 argmax,natenrgy,temoin,ordinal,1052,0.524715,0.054658,0.734316,0.679658,0.054658,0.000000
1052,B1 argmax,uswary,non teste,nominal,1052,0.555133,0.074144,,,,1.000000
1052,B1 argmax,prayer,non teste,nominal,1052,0.700570,0.099810,,,,1.000000
1052,B1 argmax,courts,non teste,ordinal,1052,0.539924,0.085076,,,,1.000000
1052,B1 argmax,discaffw,non teste,ordinal,1052,0.385932,0.075412,,,,1.000000
1052,B1 argmax,discaffm,non teste,ordinal,1052,0.394487,0.058935,,,,1.000000
1052,B1 argmax,fehire,non teste,ordinal,1052,0.333650,0.039924,,,,1.000000
1052,B1 argmax,fechld,temoin,ordinal,1052,0.444867,0.050380,0.771546,0.726869,0.044677,-0.000000
1052,B1 argmax,fepresch,investiguer,ordinal,1052,0.440114,0.085868,0.669835,0.655577,0.014259,0.000000
1052,B1 argmax,fefam,investiguer,ordinal,1052,0.425856,0.044043,0.679658,0.640684,0.038973,-0.000000
1052,B1 argmax,fepol,non teste,nominal,1052,0.747148,0.096958,0.861217,0.764259,0.096958,0.000000
1052,B1 argmax,mobile16,non teste,ordinal,1052,0.472433,0.037072,,,,1.000000
1052,B1 argmax,incom16,temoin,ordinal,1052,0.461027,0.080086,0.469106,0.447481,0.021625,-0.000000
1052,B1 argmax,dwelown16,non teste,nominal,1052,0.706274,0.139734,,,,1.000000
1052,B1 argmax,divorced,temoin,nominal,1052,0.715779,0.099810,0.808935,0.709125,0.099810,0.000000
1052,B1 argmax,posslq/y,temoin,nominal,1052,0.501901,0.151141,,,,1.000000
1052,B1 argmax,wrkstat,temoin,nominal,1052,0.459125,0.185361,,,,1.000000
1052,B1 argmax,evwork,temoin,nominal,1052,0.917300,0.052281,,,,1.000000
1052,B1 argmax,wrkgovt1,non teste,nominal,1052,0.835551,0.128327,,,,1.000000
1052,B1 argmax,wrkgovt2,non teste,nominal,1052,0.728137,0.129278,,,,1.000000
1052,B1 argmax,partfull,non teste,nominal,1052,0.559886,0.115019,,,,1.000000
1052,B1 argmax,wksub1,non teste,nominal,1052,0.535171,0.132129,,,,1.000000
1052,B1 argmax,wksup1,non teste,nominal,1052,0.539924,0.069392,,,,1.000000
1052,B1 argmax,conarmy,investiguer,ordinal,1052,0.521863,0.071768,0.746673,0.674905,0.071768,-0.000000
1052,B1 argmax,conbus,temoin,ordinal,1052,0.604563,0.093156,0.385456,0.402567,-0.017110,-0.000000
1052,B1 argmax,conclerg,temoin,ordinal,1052,0.495247,0.093631,0.224335,0.317966,-0.093631,0.000000
1052,B1 argmax,coneduc,sensible,ordinal,1052,0.546578,0.120247,0.516635,0.543726,-0.027091,0.000000
1052,B1 argmax,confed,temoin,ordinal,1052,0.547529,0.046578,0.310361,0.356939,-0.046578,0.000000
1052,B1 argmax,confinan,temoin,ordinal,1052,0.552281,0.125000,0.444867,0.461502,-0.016635,-0.000000
1052,B1 argmax,conjudge,temoin,ordinal,1052,0.514259,0.041825,0.381179,0.400190,-0.019011,-0.000000
1052,B1 argmax,conlabor,temoin,ordinal,1052,0.548479,0.111217,0.482414,0.504278,-0.021863,-0.000000
1052,B1 argmax,conlegis,sensible,ordinal,1052,0.510456,0.058460,0.221008,0.279468,-0.058460,0.000000
1052,B1 argmax,conmedic,sensible,ordinal,1052,0.544677,0.052757,0.719106,0.666350,0.052757,-0.000000
1052,B1 argmax,conpress,temoin,ordinal,1052,0.588403,0.039924,0.285171,0.325095,-0.039924,0.000000
1052,B1 argmax,consci,temoin,ordinal,1052,0.594106,0.055133,0.754278,0.699144,0.055133,-0.000000
1052,B1 argmax,contv,temoin,ordinal,1052,0.543726,0.038498,0.291350,0.327947,-0.036597,-0.000000
1052,B1 argmax,joblose,non teste,nominal,1052,0.541825,0.143536,,,,1.000000
1052,B1 argmax,jobfind,temoin,nominal,1052,0.470532,0.147338,,,,1.000000
1052,B1 argmax,happy,temoin,ordinal,1052,0.539924,0.132129,0.461502,0.475760,-0.014259,0.000000
1052,B1 argmax,hapmar,non teste,nominal,1052,0.550380,0.197719,0.750000,0.684444,0.065556,0.769962
1052,B1 argmax,satjob,temoin,nominal,1052,0.450570,0.128327,0.752918,0.709071,0.043847,0.511407
1052,B1 argmax,spdeg*,non teste,nominal,1052,0.502852,0.218631,,,,1.000000
1052,B1 argmax,spjew,non teste,nominal,1052,0.693916,0.192966,,,,1.000000
1052,B1 argmax,spfund,non teste,nominal,1052,0.662548,0.178707,,,,1.000000
1052,B1 argmax,unemp,temoin,nominal,1052,0.614068,0.098859,0.699620,0.600760,0.098859,0.000000
1052,B1 argmax,union1,non teste,nominal,1052,0.907795,0.081749,,,,1.000000
1052,B1 argmax,spkath/y,temoin,nominal,1052,0.803232,0.164449,0.977186,0.812738,0.164449,-0.000000
1052,B1 argmax,colath,temoin,nominal,1052,0.728137,0.186312,0.934411,0.748099,0.186312,0.000000
1052,B1 argmax,spkrac/y,sensible,nominal,1052,0.569392,0.073194,,,,1.000000
1052,B1 argmax,colrac,temoin,nominal,1052,0.688213,0.180608,,,,1.000000
1052,B1 argmax,librac/y,non teste,nominal,1052,0.575095,0.143536,,,,1.000000
1052,B1 argmax,spkcom/y,non teste,nominal,1052,0.666350,0.194867,0.884981,0.690114,0.194867,0.000000
1052,B1 argmax,colcom/y,non teste,nominal,1052,0.674905,0.186312,0.871673,0.685361,0.186312,0.000000
1052,B1 argmax,libcom/y,temoin,nominal,1052,0.717681,0.187262,0.929658,0.742395,0.187262,-0.000000
1052,B1 argmax,spkhomo/y,non teste,nominal,1052,0.935361,0.058935,0.997148,0.938213,0.058935,0.000000
1052,B1 argmax,colhomo,non teste,nominal,1052,0.930608,0.063688,0.997148,0.933460,0.063688,0.000000
1052,B1 argmax,libhomo/y,non teste,nominal,1052,0.857414,0.115970,0.980038,0.864068,0.115970,-0.000000
1052,B1 argmax,cappun,temoin,nominal,1052,0.664449,0.088403,,,,1.000000
1052,B1 argmax,polhitok/y,temoin,nominal,1052,0.661597,0.148289,0.194867,0.343156,-0.148289,-0.000000
1052,B1 argmax,polabuse/y,sensible,nominal,1052,0.937262,0.060836,0.999049,0.938213,0.060837,0.000000
1052,B1 argmax,polattak/y,sensible,nominal,1052,0.615970,0.212928,,,,1.000000
1052,B1 argmax,grass,non teste,nominal,1052,0.750000,0.149240,,,,1.000000
1052,B1 argmax,gunlaw,temoin,nominal,1052,0.696768,0.111217,,,,1.000000
1052,B1 argmax,owngun,temoin,nominal,1052,0.727186,0.141635,,,,1.000000
1052,B1 argmax,hunt1,non teste,nominal,1052,0.876426,0.093156,,,,1.000000
1052,B1 argmax,class,non teste,ordinal,1052,0.556084,0.021546,,,,1.000000
1052,B1 argmax,satfin,temoin,ordinal,1052,0.489544,0.036122,0.499049,0.494297,0.004753,0.000000
1052,B1 argmax,finalter,temoin,ordinal,1052,0.404943,0.039449,0.473859,0.475285,-0.001426,-0.000000
1052,B1 argmax,finrela,temoin,ordinal,1052,0.455323,0.038973,0.423241,0.409458,0.013783,-0.000000
1052,B1 argmax,racdif1,temoin,nominal,1052,0.750000,0.016160,0.543726,0.527567,0.016160,-0.000000
1052,B1 argmax,racdif2,temoin,nominal,1052,0.932509,0.065589,0.999049,0.933460,0.065589,0.000000
1052,B1 argmax,racdif3,temoin,nominal,1052,0.677757,0.016160,0.472433,0.488593,-0.016160,0.000000
1052,B1 argmax,racdif4,temoin,nominal,1052,0.720532,0.114068,0.825095,0.711027,0.114068,0.000000
1052,B1 argmax,wlthwhts,non teste,ordinal,1052,0.530418,0.055608,,,,1.000000
1052,B1 argmax,wlthblks,non teste,ordinal,1052,0.428707,0.044518,,,,1.000000
1052,B1 argmax,wlthhsps,non teste,ordinal,1052,0.414449,0.035646,,,,1.000000
1052,B1 argmax,racwork,temoin,nominal,1052,0.454373,0.186312,,,,1.000000
1052,B1 argmax,letin1a,temoin,ordinal,1052,0.458175,0.052519,0.336977,0.375238,-0.038260,-0.000000
1052,B1 argmax,getahead,non teste,ordinal,1052,0.575095,0.036122,,,,1.000000
1052,B1 argmax,aged,non teste,ordinal,1052,0.581749,0.124525,,,,1.000000
1052,B1 argmax,parsol,temoin,ordinal,1052,0.263308,0.050618,0.538023,0.527329,0.010694,0.000000
1052,B1 argmax,kidssol,non teste,nominal,1052,0.280418,0.153992,,,,1.000000
1052,B1 argmax,spanking,temoin,ordinal,1052,0.419202,0.026933,0.526616,0.527567,-0.000951,0.000000
1052,B1 argmax,divlaw,non teste,ordinal,1052,0.511407,0.067491,,,,1.000000
1052,B1 argmax,sexeduc,temoin,nominal,1052,0.842205,0.121673,0.971483,0.849810,0.121673,0.000000
1052,B1 argmax,pillok,investiguer,ordinal,1052,0.409696,0.039290,,,,1.000000
1052,B1 argmax,xmarsex,sensible,ordinal,1052,0.555133,0.103929,0.868188,0.764259,0.103929,-0.000000
1052,B1 argmax,homosex,temoin,ordinal,1052,0.637833,0.071610,0.756971,0.685361,0.071610,-0.000000
1052,B1 argmax,marhomo,temoin,ordinal,1052,0.546578,0.065114,0.780418,0.719582,0.060837,-0.000000
1052,B1 argmax,discaff,temoin,ordinal,1052,0.532319,0.070342,,,,1.000000
1052,B1 argmax,abdefect,temoin,nominal,1052,0.829848,0.118821,,,,1.000000
1052,B1 argmax,abnomore,temoin,nominal,1052,0.742395,0.046578,,,,1.000000
1052,B1 argmax,abhlth,temoin,nominal,1052,0.923954,0.062738,,,,1.000000
1052,B1 argmax,abpoor,investiguer,nominal,1052,0.762357,0.034221,,,,1.000000
1052,B1 argmax,abrape,investiguer,nominal,1052,0.881179,0.092205,,,,1.000000
1052,B1 argmax,absingle,temoin,nominal,1052,0.740494,0.033270,,,,1.000000
1052,B1 argmax,abany,investiguer,nominal,1052,0.756654,0.024715,,,,1.000000
1052,B1 argmax,letdie1,temoin,nominal,1052,0.772814,0.151141,,,,1.000000
1052,B1 argmax,suicide1,investiguer,nominal,1052,0.776616,0.145437,,,,1.000000
1052,B1 argmax,suicide2,non teste,nominal,1052,0.732890,0.156844,,,,1.000000
1052,B1 argmax,suicide3,non teste,nominal,1052,0.733840,0.171103,,,,1.000000
1052,B1 argmax,suicide4,temoin,nominal,1052,0.616920,0.132129,,,,1.000000
1052,B1 argmax,pornlaw,temoin,ordinal,1052,0.673004,0.092205,0.548479,0.585551,-0.037072,0.000000
1052,B1 argmax,fair,non teste,ordinal,1052,0.388783,0.034696,,,,1.000000
1052,B1 argmax,helpful,non teste,ordinal,1052,0.385932,0.031369,,,,1.000000
1052,B1 argmax,trust,non teste,ordinal,1052,0.489544,0.173479,,,,1.000000
1052,B1 argmax,tax,non teste,ordinal,1052,0.605513,0.082700,,,,1.000000
1052,B1 argmax,vote16,sensible,nominal,1052,0.766160,0.082700,0.771863,0.689164,0.082700,0.000000
1052,B1 argmax,pres16,temoin,nominal,1052,0.720532,0.062738,,,,1.000000
1052,B1 argmax,if16who,investiguer,nominal,1052,0.786122,0.041825,,,,1.000000
1052,B1 argmax,news,investiguer,ordinal,1052,0.347909,0.099097,0.269011,0.368108,-0.099097,0.000000
1052,B1 argmax,jew,non teste,nominal,1052,0.683460,0.231939,,,,1.000000
1052,B1 argmax,relig16*,non teste,nominal,1052,0.374525,0.094106,,,,1.000000
1052,B1 argmax,jew16*,non teste,nominal,1052,0.728137,0.226236,,,,1.000000
1052,B1 argmax,attend,sensible,ordinal,1052,0.424905,0.147695,0.107296,0.254990,-0.147695,-0.000000
1052,B1 argmax,pray,investiguer,ordinal,1052,0.362167,0.090684,0.416350,0.469011,-0.052662,0.000000
1052,B1 argmax,postlife,non teste,nominal,1052,0.701521,0.161597,,,,1.000000
1052,B1 argmax,bible,non teste,ordinal,1052,0.494297,0.029943,,,,1.000000
1052,B1 argmax,reborn,investiguer,nominal,1052,0.491445,0.070342,0.360360,0.414127,-0.053767,0.261407
1052,B1 argmax,savesoul,investiguer,nominal,1052,0.711027,0.108365,0.211027,0.319392,-0.108365,0.000000
1052,B1 argmax,granborn,non teste,ordinal,1052,0.554183,0.153517,,,,1.000000
1052,B1 argmax,uscitzn*,non teste,nominal,1052,0.995247,0.004753,,,,1.000000
1052,B1 argmax,fucitzn,non teste,nominal,1052,0.989544,0.008555,,,,1.000000
1052,B1 argmax,mnthsusa,non teste,nominal,1052,0.981939,0.018061,,,,1.000000
1052,B1 argmax,income,non teste,ordinal,1052,0.518061,0.117179,0.899412,0.783270,0.116142,0.000000
1052,B1 argmax,othlang,temoin,nominal,1052,0.785171,0.138783,,,,1.000000
1052,B1 argmax,health,temoin,ordinal,1052,0.514259,0.115336,0.641318,0.595057,0.046261,-0.000000
1052,B1 argmax,compuse*,temoin,nominal,1052,0.975285,0.024715,,,,1.000000
1052,B1 argmax,webmob,non teste,nominal,1052,0.980989,0.019011,,,,1.000000
1052,B1 argmax,xmovie,non teste,nominal,1052,0.670152,0.069392,0.689164,0.619772,0.069392,0.000000
1052,B1 argmax,usewww*,non teste,nominal,1052,0.987643,0.012357,,,,1.000000
1052,B1 argmax,life,temoin,ordinal,1052,0.556084,0.114544,0.575095,0.619297,-0.044202,0.000000
1052,B1 argmax,richwork,temoin,nominal,1052,0.614068,0.114068,0.278517,0.392586,-0.114068,0.000000
1052,B2 argmax,natspac/y,mixte,ordinal,1052,0.541825,0.194392,0.484791,0.458650,0.026141,0.000000
1052,B2 argmax,natenvir/y,temoin,ordinal,1052,0.701521,0.105989,0.879278,0.773289,0.105989,-0.000000
1052,B2 argmax,natheal/y,mixte,ordinal,1052,0.723384,0.146863,0.975285,0.828422,0.146863,0.000000
1052,B2 argmax,natcity/y,mixte,ordinal,1052,0.540875,0.155894,0.446293,0.467205,-0.020913,-0.000000
1052,B2 argmax,natdrug/y,temoin,ordinal,1052,0.607414,0.182985,0.932985,0.750000,0.182985,0.000000
1052,B2 argmax,nateduc/y,temoin,ordinal,1052,0.723384,0.151141,0.960551,0.809411,0.151141,0.000000
1052,B2 argmax,natrace/y,sensible,ordinal,1052,0.600760,0.082700,0.651616,0.568916,0.082700,0.000000
1052,B2 argmax,natarms/y,temoin,ordinal,1052,0.545627,0.059886,0.365019,0.424905,-0.059886,0.000000
1052,B2 argmax,nataid/y,temoin,ordinal,1052,0.714829,0.073669,0.108365,0.182034,-0.073669,0.000000
1052,B2 argmax,natfare/y,mixte,ordinal,1052,0.716730,0.153517,0.961977,0.808460,0.153517,-0.000000
1052,B2 argmax,natroad,sensible,ordinal,1052,0.568441,0.183935,0.903517,0.719582,0.183935,0.000000
1052,B2 argmax,natsoc,temoin,ordinal,1052,0.686312,0.167776,0.988118,0.820342,0.167776,-0.000000
1052,B2 argmax,natmass,temoin,ordinal,1052,0.632129,0.084601,0.742395,0.657795,0.084601,0.000000
1052,B2 argmax,natpark,temoin,ordinal,1052,0.661597,0.108840,0.564163,0.604563,-0.040399,0.000000
1052,B2 argmax,natchld,sensible,ordinal,1052,0.634981,0.128327,0.861217,0.732890,0.128327,-0.000000
1052,B2 argmax,natsci,temoin,ordinal,1052,0.623574,0.059411,0.648764,0.618821,0.029943,0.000000
1052,B2 argmax,natenrgy,temoin,ordinal,1052,0.608365,0.108365,0.788023,0.679658,0.108365,-0.000000
1052,B2 argmax,uswary,non teste,nominal,1052,0.610266,0.034221,,,,1.000000
1052,B2 argmax,prayer,non teste,nominal,1052,0.751901,0.132129,,,,1.000000
1052,B2 argmax,courts,non teste,ordinal,1052,0.562738,0.051806,,,,1.000000
1052,B2 argmax,discaffw,non teste,ordinal,1052,0.429658,0.159379,,,,1.000000
1052,B2 argmax,discaffm,non teste,ordinal,1052,0.469582,0.128961,,,,1.000000
1052,B2 argmax,fehire,non teste,ordinal,1052,0.385932,0.098146,,,,1.000000
1052,B2 argmax,fechld,temoin,ordinal,1052,0.543726,0.072243,0.783904,0.726869,0.057034,-0.000000
1052,B2 argmax,fepresch,investiguer,ordinal,1052,0.557985,0.101711,0.706591,0.655577,0.051014,-0.000000
1052,B2 argmax,fefam,investiguer,ordinal,1052,0.509506,0.118188,0.758872,0.640684,0.118188,-0.000000
1052,B2 argmax,fepol,non teste,nominal,1052,0.772814,0.183460,0.947719,0.764259,0.183460,0.000000
1052,B2 argmax,mobile16,non teste,ordinal,1052,0.432510,0.032795,,,,1.000000
1052,B2 argmax,incom16,temoin,ordinal,1052,0.496198,0.121673,0.478375,0.447481,0.030894,-0.000000
1052,B2 argmax,dwelown16,non teste,nominal,1052,0.704373,0.287072,,,,1.000000
1052,B2 argmax,divorced,temoin,nominal,1052,0.714829,0.241445,0.950570,0.709125,0.241445,-0.000000
1052,B2 argmax,posslq/y,temoin,nominal,1052,0.685361,0.255703,,,,1.000000
1052,B2 argmax,wrkstat,temoin,nominal,1052,0.590304,0.308935,,,,1.000000
1052,B2 argmax,evwork,temoin,nominal,1052,0.921103,0.078897,,,,1.000000
1052,B2 argmax,wrkgovt1,non teste,nominal,1052,0.841255,0.158745,,,,1.000000
1052,B2 argmax,wrkgovt2,non teste,nominal,1052,0.714829,0.247148,,,,1.000000
1052,B2 argmax,partfull,non teste,nominal,1052,0.718631,0.181559,,,,1.000000
1052,B2 argmax,wksub1,non teste,nominal,1052,0.758555,0.185361,,,,1.000000
1052,B2 argmax,wksup1,non teste,nominal,1052,0.777567,0.151141,,,,1.000000
1052,B2 argmax,conarmy,investiguer,ordinal,1052,0.564639,0.057034,0.731939,0.674905,0.057034,-0.000000
1052,B2 argmax,conbus,temoin,ordinal,1052,0.641635,0.087928,0.373574,0.402567,-0.028992,-0.000000
1052,B2 argmax,conclerg,temoin,ordinal,1052,0.577947,0.129278,0.188688,0.317966,-0.129278,-0.000000
1052,B2 argmax,coneduc,sensible,ordinal,1052,0.633080,0.151616,0.511882,0.543726,-0.031844,0.000000
1052,B2 argmax,confed,temoin,ordinal,1052,0.592205,0.115494,0.359316,0.356939,0.002376,0.000000
1052,B2 argmax,confinan,temoin,ordinal,1052,0.601711,0.141635,0.432034,0.461502,-0.029468,0.000000
1052,B2 argmax,conjudge,temoin,ordinal,1052,0.575095,0.109316,0.290875,0.400190,-0.109316,0.000000
1052,B2 argmax,conlabor,temoin,ordinal,1052,0.604563,0.141635,0.522338,0.504278,0.018061,-0.000000
1052,B2 argmax,conlegis,sensible,ordinal,1052,0.557985,0.091730,0.187738,0.279468,-0.091730,0.000000
1052,B2 argmax,conmedic,sensible,ordinal,1052,0.601711,0.104563,0.770913,0.666350,0.104563,0.000000
1052,B2 argmax,conpress,temoin,ordinal,1052,0.605513,0.106464,0.342205,0.325095,0.017110,0.000000
1052,B2 argmax,consci,temoin,ordinal,1052,0.621673,0.129278,0.828422,0.699144,0.129278,0.000000
1052,B2 argmax,contv,temoin,ordinal,1052,0.558935,0.105989,0.351236,0.327947,0.023289,0.000000
1052,B2 argmax,joblose,non teste,nominal,1052,0.764259,0.181559,,,,1.000000
1052,B2 argmax,jobfind,temoin,nominal,1052,0.632129,0.137833,,,,1.000000
1052,B2 argmax,happy,temoin,ordinal,1052,0.579848,0.174430,0.469582,0.475760,-0.006179,0.000000
1052,B2 argmax,hapmar,non teste,nominal,1052,0.619772,0.322243,0.747748,0.684444,0.063303,0.894487
1052,B2 argmax,satjob,temoin,nominal,1052,0.654943,0.192966,0.737769,0.709071,0.028698,0.514259
1052,B2 argmax,spdeg*,non teste,nominal,1052,0.558935,0.369772,,,,1.000000
1052,B2 argmax,spjew,non teste,nominal,1052,0.707224,0.275665,,,,1.000000
1052,B2 argmax,spfund,non teste,nominal,1052,0.703422,0.282319,,,,1.000000
1052,B2 argmax,unemp,temoin,nominal,1052,0.673954,0.160646,0.761407,0.600760,0.160646,0.000000
1052,B2 argmax,union1,non teste,nominal,1052,0.911597,0.088403,,,,1.000000
1052,B2 argmax,spkath/y,temoin,nominal,1052,0.812738,0.175856,0.988593,0.812738,0.175856,-0.000000
1052,B2 argmax,colath,temoin,nominal,1052,0.795627,0.192966,0.941065,0.748099,0.192966,-0.000000
1052,B2 argmax,spkrac/y,sensible,nominal,1052,0.655894,0.106464,,,,1.000000
1052,B2 argmax,colrac,temoin,nominal,1052,0.709125,0.256654,,,,1.000000
1052,B2 argmax,librac/y,non teste,nominal,1052,0.635932,0.191065,,,,1.000000
1052,B2 argmax,spkcom/y,non teste,nominal,1052,0.783270,0.184411,0.874525,0.690114,0.184411,0.000000
1052,B2 argmax,colcom/y,non teste,nominal,1052,0.756654,0.220532,0.905894,0.685361,0.220532,-0.000000
1052,B2 argmax,libcom/y,temoin,nominal,1052,0.783270,0.193916,0.936312,0.742395,0.193916,0.000000
1052,B2 argmax,spkhomo/y,non teste,nominal,1052,0.938213,0.061787,1.000000,0.938213,0.061787,0.000000
1052,B2 argmax,colhomo,non teste,nominal,1052,0.933460,0.066540,1.000000,0.933460,0.066540,0.000000
1052,B2 argmax,libhomo/y,non teste,nominal,1052,0.866920,0.129278,0.993346,0.864068,0.129278,-0.000000
1052,B2 argmax,cappun,temoin,nominal,1052,0.703422,0.022814,,,,1.000000
1052,B2 argmax,polhitok/y,temoin,nominal,1052,0.695817,0.262357,0.080798,0.343156,-0.262357,0.000000
1052,B2 argmax,polabuse/y,sensible,nominal,1052,0.938213,0.061787,1.000000,0.938213,0.061787,0.000000
1052,B2 argmax,polattak/y,sensible,nominal,1052,0.689164,0.280418,,,,1.000000
1052,B2 argmax,grass,non teste,nominal,1052,0.776616,0.168251,,,,1.000000
1052,B2 argmax,gunlaw,temoin,nominal,1052,0.681559,0.238593,,,,1.000000
1052,B2 argmax,owngun,temoin,nominal,1052,0.716730,0.258555,,,,1.000000
1052,B2 argmax,hunt1,non teste,nominal,1052,0.889734,0.110266,,,,1.000000
1052,B2 argmax,class,non teste,ordinal,1052,0.553232,0.053549,,,,1.000000
1052,B2 argmax,satfin,temoin,ordinal,1052,0.550380,0.075570,0.467205,0.494297,-0.027091,0.000000
1052,B2 argmax,finalter,temoin,ordinal,1052,0.480989,0.134506,0.418726,0.475285,-0.056559,-0.000000
1052,B2 argmax,finrela,temoin,ordinal,1052,0.463878,0.090779,0.411835,0.409458,0.002376,-0.000000
1052,B2 argmax,racdif1,temoin,nominal,1052,0.773764,0.093156,0.620722,0.527567,0.093156,0.000000
1052,B2 argmax,racdif2,temoin,nominal,1052,0.933460,0.066540,1.000000,0.933460,0.066540,0.000000
1052,B2 argmax,racdif3,temoin,nominal,1052,0.715779,0.086502,0.575095,0.488593,0.086502,0.000000
1052,B2 argmax,racdif4,temoin,nominal,1052,0.750000,0.134030,0.845057,0.711027,0.134030,0.000000
1052,B2 argmax,wlthwhts,non teste,ordinal,1052,0.574144,0.075887,,,,1.000000
1052,B2 argmax,wlthblks,non teste,ordinal,1052,0.517110,0.062579,,,,1.000000
1052,B2 argmax,wlthhsps,non teste,ordinal,1052,0.486692,0.050855,,,,1.000000
1052,B2 argmax,racwork,temoin,nominal,1052,0.613118,0.263308,,,,1.000000
1052,B2 argmax,letin1a,temoin,ordinal,1052,0.503802,0.082700,0.372386,0.375238,-0.002852,0.000000
1052,B2 argmax,getahead,non teste,ordinal,1052,0.590304,0.060836,,,,1.000000
1052,B2 argmax,aged,non teste,ordinal,1052,0.602662,0.182985,,,,1.000000
1052,B2 argmax,parsol,temoin,ordinal,1052,0.326046,0.093631,0.481702,0.527329,-0.045627,-0.000000
1052,B2 argmax,kidssol,non teste,nominal,1052,0.324144,0.385932,,,,1.000000
1052,B2 argmax,spanking,temoin,ordinal,1052,0.418251,0.102978,0.630545,0.527567,0.102978,0.000000
1052,B2 argmax,divlaw,non teste,ordinal,1052,0.556084,0.068916,,,,1.000000
1052,B2 argmax,sexeduc,temoin,nominal,1052,0.852662,0.132129,0.981939,0.849810,0.132129,0.000000
1052,B2 argmax,pillok,investiguer,ordinal,1052,0.501901,0.109632,,,,1.000000
1052,B2 argmax,xmarsex,sensible,ordinal,1052,0.567491,0.071927,0.836185,0.764259,0.071926,-0.000000
1052,B2 argmax,homosex,temoin,ordinal,1052,0.699620,0.134664,0.820025,0.685361,0.134664,0.000000
1052,B2 argmax,marhomo,temoin,ordinal,1052,0.629278,0.114306,0.833888,0.719582,0.114306,-0.000000
1052,B2 argmax,discaff,temoin,ordinal,1052,0.604563,0.127376,,,,1.000000
1052,B2 argmax,abdefect,temoin,nominal,1052,0.867871,0.109316,,,,1.000000
1052,B2 argmax,abnomore,temoin,nominal,1052,0.859316,0.070342,,,,1.000000
1052,B2 argmax,abhlth,temoin,nominal,1052,0.927757,0.068441,,,,1.000000
1052,B2 argmax,abpoor,investiguer,nominal,1052,0.871673,0.075095,,,,1.000000
1052,B2 argmax,abrape,investiguer,nominal,1052,0.912548,0.081749,,,,1.000000
1052,B2 argmax,absingle,temoin,nominal,1052,0.860266,0.107414,,,,1.000000
1052,B2 argmax,abany,investiguer,nominal,1052,0.846008,0.123574,,,,1.000000
1052,B2 argmax,letdie1,temoin,nominal,1052,0.831749,0.137833,,,,1.000000
1052,B2 argmax,suicide1,investiguer,nominal,1052,0.847909,0.129278,,,,1.000000
1052,B2 argmax,suicide2,non teste,nominal,1052,0.856464,0.096008,,,,1.000000
1052,B2 argmax,suicide3,non teste,nominal,1052,0.862167,0.092205,,,,1.000000
1052,B2 argmax,suicide4,temoin,nominal,1052,0.789924,0.025665,,,,1.000000
1052,B2 argmax,pornlaw,temoin,ordinal,1052,0.719582,0.122148,0.532795,0.585551,-0.052757,0.000000
1052,B2 argmax,fair,non teste,ordinal,1052,0.514259,0.123099,,,,1.000000
1052,B2 argmax,helpful,non teste,ordinal,1052,0.533270,0.090779,,,,1.000000
1052,B2 argmax,trust,non teste,ordinal,1052,0.591255,0.123574,,,,1.000000
1052,B2 argmax,tax,non teste,ordinal,1052,0.640684,0.038023,,,,1.000000
1052,B2 argmax,vote16,sensible,nominal,1052,0.708175,0.267110,0.956274,0.689164,0.267110,0.000000
1052,B2 argmax,pres16,temoin,nominal,1052,0.673954,0.200570,,,,1.000000
1052,B2 argmax,if16who,investiguer,nominal,1052,0.718631,0.187262,,,,1.000000
1052,B2 argmax,news,investiguer,ordinal,1052,0.378327,0.208413,0.159696,0.368108,-0.208413,0.000000
1052,B2 argmax,jew,non teste,nominal,1052,0.704373,0.294677,,,,1.000000
1052,B2 argmax,relig16*,non teste,nominal,1052,0.400190,0.274715,,,,1.000000
1052,B2 argmax,jew16*,non teste,nominal,1052,0.737643,0.260456,,,,1.000000
1052,B2 argmax,attend,sensible,ordinal,1052,0.492395,0.157557,0.097433,0.254990,-0.157557,-0.000000
1052,B2 argmax,pray,investiguer,ordinal,1052,0.433460,0.199049,0.273764,0.469011,-0.195247,0.000000
1052,B2 argmax,postlife,non teste,nominal,1052,0.728137,0.041825,,,,1.000000
1052,B2 argmax,bible,non teste,ordinal,1052,0.592205,0.124049,,,,1.000000
1052,B2 argmax,reborn,investiguer,nominal,1052,0.563688,0.113118,0.291734,0.414127,-0.122393,0.413498
1052,B2 argmax,savesoul,investiguer,nominal,1052,0.768061,0.155894,0.163498,0.319392,-0.155894,0.000000
1052,B2 argmax,granborn,non teste,ordinal,1052,0.557034,0.291825,,,,1.000000
1052,B2 argmax,uscitzn*,non teste,nominal,1052,0.995247,0.004753,,,,1.000000
1052,B2 argmax,fucitzn,non teste,nominal,1052,0.990494,0.009506,,,,1.000000
1052,B2 argmax,mnthsusa,non teste,nominal,1052,0.981939,0.018061,,,,1.000000
1052,B2 argmax,income,non teste,ordinal,1052,0.517110,0.215693,0.998963,0.783270,0.215693,0.000000
1052,B2 argmax,othlang,temoin,nominal,1052,0.769962,0.230038,,,,1.000000
1052,B2 argmax,health,temoin,ordinal,1052,0.557985,0.127376,0.629911,0.595057,0.034854,0.000000
1052,B2 argmax,compuse*,temoin,nominal,1052,0.975285,0.024715,,,,1.000000
1052,B2 argmax,webmob,non teste,nominal,1052,0.980989,0.019011,,,,1.000000
1052,B2 argmax,xmovie,non teste,nominal,1052,0.634030,0.274715,0.894487,0.619772,0.274715,0.000000
1052,B2 argmax,usewww*,non teste,nominal,1052,0.987643,0.012357,,,,1.000000
1052,B2 argmax,life,temoin,ordinal,1052,0.615970,0.165875,0.532319,0.619297,-0.086977,0.000000
1052,B2 argmax,richwork,temoin,nominal,1052,0.613118,0.282319,0.110266,0.392586,-0.282319,-0.000000
150,humains vague 2,natspac/y,mixte,ordinal,150,0.626667,0.056667,0.423333,0.480000,-0.056667,0.000000
150,humains vague 2,natenvir/y,temoin,ordinal,150,0.806667,0.016667,0.770000,0.773333,-0.003333,-0.000000
150,humains vague 2,natheal/y,mixte,ordinal,150,0.733333,0.030000,0.843333,0.813333,0.030000,-0.000000
150,humains vague 2,natcity/y,mixte,ordinal,150,0.640000,0.033333,0.470000,0.503333,-0.033333,0.000000
150,humains vague 2,natdrug/y,temoin,ordinal,150,0.726667,0.026667,0.760000,0.740000,0.020000,0.000000
150,humains vague 2,nateduc/y,temoin,ordinal,150,0.800000,0.010000,0.816667,0.806667,0.010000,-0.000000
150,humains vague 2,natrace/y,sensible,ordinal,150,0.740000,0.016667,0.566667,0.576667,-0.010000,0.000000
150,humains vague 2,natarms/y,temoin,ordinal,150,0.760000,0.036667,0.413333,0.376667,0.036667,-0.000000
150,humains vague 2,nataid/y,temoin,ordinal,150,0.766667,0.023333,0.196667,0.186667,0.010000,0.000000
150,humains vague 2,natfare/y,mixte,ordinal,150,0.766667,0.016667,0.813333,0.816667,-0.003333,-0.000000
150,humains vague 2,natroad,sensible,ordinal,150,0.766667,0.036667,0.706667,0.743333,-0.036667,0.000000
150,humains vague 2,natsoc,temoin,ordinal,150,0.680000,0.003333,0.820000,0.816667,0.003333,-0.000000
150,humains vague 2,natmass,temoin,ordinal,150,0.793333,0.016667,0.676667,0.693333,-0.016667,0.000000
150,humains vague 2,natpark,temoin,ordinal,150,0.713333,0.030000,0.593333,0.616667,-0.023333,-0.000000
150,humains vague 2,natchld,sensible,ordinal,150,0.713333,0.020000,0.746667,0.746667,0.000000,0.000000
150,humains vague 2,natsci,temoin,ordinal,150,0.646667,0.033333,0.620000,0.586667,0.033333,0.000000
150,humains vague 2,natenrgy,temoin,ordinal,150,0.746667,0.040000,0.636667,0.656667,-0.020000,-0.000000
150,humains vague 2,uswary,non teste,nominal,150,0.833333,0.020000,,,,1.000000
150,humains vague 2,prayer,non teste,nominal,150,0.800000,0.066667,,,,1.000000
150,humains vague 2,courts,non teste,ordinal,150,0.740000,0.036667,,,,1.000000
150,humains vague 2,discaffw,non teste,ordinal,150,0.626667,0.028889,,,,1.000000
150,humains vague 2,discaffm,non teste,ordinal,150,0.586667,0.033333,,,,1.000000
150,humains vague 2,fehire,non teste,ordinal,150,0.620000,0.011667,,,,1.000000
150,humains vague 2,fechld,temoin,ordinal,150,0.613333,0.017778,0.728889,0.711111,0.017778,0.000000
150,humains vague 2,fepresch,investiguer,ordinal,150,0.580000,0.022222,0.631111,0.608889,0.022222,-0.000000
150,humains vague 2,fefam,investiguer,ordinal,150,0.693333,0.024444,0.622222,0.633333,-0.011111,-0.000000
150,humains vague 2,fepol,non teste,nominal,150,0.846667,0.086667,0.686667,0.773333,-0.086667,0.000000
150,humains vague 2,mobile16,non teste,ordinal,150,0.853333,0.010000,,,,1.000000
150,humains vague 2,incom16,temoin,ordinal,150,0.720000,0.006667,0.441667,0.448333,-0.006667,0.000000
150,humains vague 2,dwelown16,non teste,nominal,150,0.933333,0.040000,,,,1.000000
150,humains vague 2,divorced,temoin,nominal,150,0.966667,0.006667,0.693333,0.700000,-0.006667,0.000000
150,humains vague 2,posslq/y,temoin,nominal,150,0.940000,0.026667,,,,1.000000
150,humains vague 2,wrkstat,temoin,nominal,150,0.853333,0.046667,,,,1.000000
150,humains vague 2,evwork,temoin,nominal,150,0.946667,0.026667,,,,1.000000
150,humains vague 2,wrkgovt1,non teste,nominal,150,0.906667,0.013333,,,,1.000000
150,humains vague 2,wrkgovt2,non teste,nominal,150,0.866667,0.000000,,,,1.000000
150,humains vague 2,partfull,non teste,nominal,150,0.813333,0.060000,,,,1.000000
150,humains vague 2,wksub1,non teste,nominal,150,0.773333,0.006667,,,,1.000000
150,humains vague 2,wksup1,non teste,nominal,150,0.826667,0.006667,,,,1.000000
150,humains vague 2,conarmy,investiguer,ordinal,150,0.760000,0.033333,0.666667,0.700000,-0.033333,0.000000
150,humains vague 2,conbus,temoin,ordinal,150,0.693333,0.033333,0.413333,0.446667,-0.033333,-0.000000
150,humains vague 2,conclerg,temoin,ordinal,150,0.726667,0.033333,0.326667,0.300000,0.026667,-0.000000
150,humains vague 2,coneduc,sensible,ordinal,150,0.686667,0.013333,0.563333,0.556667,0.006667,0.000000
150,humains vague 2,confed,temoin,ordinal,150,0.693333,0.036667,0.366667,0.403333,-0.036667,0.000000
150,humains vague 2,confinan,temoin,ordinal,150,0.746667,0.033333,0.463333,0.436667,0.026667,0.000000
150,humains vague 2,conjudge,temoin,ordinal,150,0.673333,0.053333,0.396667,0.450000,-0.053333,0.000000
150,humains vague 2,conlabor,temoin,ordinal,150,0.733333,0.006667,0.516667,0.510000,0.006667,0.000000
150,humains vague 2,conlegis,sensible,ordinal,150,0.733333,0.020000,0.293333,0.300000,-0.006667,-0.000000
150,humains vague 2,conmedic,sensible,ordinal,150,0.733333,0.023333,0.686667,0.696667,-0.010000,0.000000
150,humains vague 2,conpress,temoin,ordinal,150,0.693333,0.040000,0.306667,0.346667,-0.040000,-0.000000
150,humains vague 2,consci,temoin,ordinal,150,0.766667,0.006667,0.703333,0.710000,-0.006667,-0.000000
150,humains vague 2,contv,temoin,ordinal,150,0.626667,0.026667,0.360000,0.333333,0.026667,-0.000000
150,humains vague 2,joblose,non teste,nominal,150,0.706667,0.086667,,,,1.000000
150,humains vague 2,jobfind,temoin,nominal,150,0.666667,0.080000,,,,1.000000
150,humains vague 2,happy,temoin,ordinal,150,0.746667,0.040000,0.426667,0.466667,-0.040000,0.000000
150,humains vague 2,hapmar,non teste,nominal,150,0.886667,0.040000,0.587719,0.586538,0.001181,0.620000
150,humains vague 2,satjob,temoin,nominal,150,0.620000,0.060000,0.628866,0.645390,-0.016524,0.353333
150,humains vague 2,spdeg*,non teste,nominal,150,0.833333,0.060000,,,,1.000000
150,humains vague 2,spjew,non teste,nominal,150,0.846667,0.040000,,,,1.000000
150,humains vague 2,spfund,non teste,nominal,150,0.820000,0.040000,,,,1.000000
150,humains vague 2,unemp,temoin,nominal,150,0.800000,0.066667,0.513333,0.580000,-0.066667,0.000000
150,humains vague 2,union1,non teste,nominal,150,0.960000,0.020000,,,,1.000000
150,humains vague 2,spkath/y,temoin,nominal,150,0.833333,0.033333,0.806667,0.773333,0.033333,0.000000
150,humains vague 2,colath,temoin,nominal,150,0.806667,0.020000,0.753333,0.733333,0.020000,0.000000
150,humains vague 2,spkrac/y,sensible,nominal,150,0.793333,0.006667,,,,1.000000
150,humains vague 2,colrac,temoin,nominal,150,0.793333,0.006667,,,,1.000000
150,humains vague 2,librac/y,non teste,nominal,150,0.726667,0.006667,,,,1.000000
150,humains vague 2,spkcom/y,non teste,nominal,150,0.813333,0.026667,0.733333,0.706667,0.026667,-0.000000
150,humains vague 2,colcom/y,non teste,nominal,150,0.773333,0.013333,0.720000,0.733333,-0.013333,-0.000000
150,humains vague 2,libcom/y,temoin,nominal,150,0.853333,0.000000,0.780000,0.780000,0.000000,0.000000
150,humains vague 2,spkhomo/y,non teste,nominal,150,0.880000,0.026667,0.893333,0.920000,-0.026667,0.000000
150,humains vague 2,colhomo,non teste,nominal,150,0.960000,0.000000,0.933333,0.933333,0.000000,-0.000000
150,humains vague 2,libhomo/y,non teste,nominal,150,0.900000,0.006667,0.853333,0.860000,-0.006667,-0.000000
150,humains vague 2,cappun,temoin,nominal,150,0.853333,0.026667,,,,1.000000
150,humains vague 2,polhitok/y,temoin,nominal,150,0.833333,0.006667,0.360000,0.366667,-0.006667,0.000000
150,humains vague 2,polabuse/y,sensible,nominal,150,0.940000,0.006667,0.946667,0.940000,0.006667,0.000000
150,humains vague 2,polattak/y,sensible,nominal,150,0.813333,0.066667,,,,1.000000
150,humains vague 2,grass,non teste,nominal,150,0.973333,0.000000,,,,1.000000
150,humains vague 2,gunlaw,temoin,nominal,150,0.853333,0.040000,,,,1.000000
150,humains vague 2,owngun,temoin,nominal,150,0.946667,0.013333,,,,1.000000
150,humains vague 2,hunt1,non teste,nominal,150,0.940000,0.046667,,,,1.000000
150,humains vague 2,class,non teste,ordinal,150,0.773333,0.013333,,,,1.000000
150,humains vague 2,satfin,temoin,ordinal,150,0.766667,0.016667,0.446667,0.463333,-0.016667,0.000000
150,humains vague 2,finalter,temoin,ordinal,150,0.720000,0.040000,0.443333,0.483333,-0.040000,0.000000
150,humains vague 2,finrela,temoin,ordinal,150,0.700000,0.011667,0.415000,0.413333,0.001667,0.000000
150,humains vague 2,racdif1,temoin,nominal,150,0.813333,0.013333,0.546667,0.560000,-0.013333,-0.000000
150,humains vague 2,racdif2,temoin,nominal,150,0.940000,0.020000,0.920000,0.940000,-0.020000,-0.000000
150,humains vague 2,racdif3,temoin,nominal,150,0.806667,0.020000,0.486667,0.506667,-0.020000,0.000000
150,humains vague 2,racdif4,temoin,nominal,150,0.840000,0.093333,0.640000,0.733333,-0.093333,0.000000
150,humains vague 2,wlthwhts,non teste,ordinal,150,0.533333,0.017778,,,,1.000000
150,humains vague 2,wlthblks,non teste,ordinal,150,0.620000,0.021111,,,,1.000000
150,humains vague 2,wlthhsps,non teste,ordinal,150,0.600000,0.013333,,,,1.000000
150,humains vague 2,racwork,temoin,nominal,150,0.726667,0.033333,,,,1.000000
150,humains vague 2,letin1a,temoin,ordinal,150,0.713333,0.023333,0.376667,0.396667,-0.020000,-0.000000
150,humains vague 2,getahead,non teste,ordinal,150,0.713333,0.066667,,,,1.000000
150,humains vague 2,aged,non teste,ordinal,150,0.726667,0.016667,,,,1.000000
150,humains vague 2,parsol,temoin,ordinal,150,0.506667,0.021667,0.496667,0.475000,0.021667,-0.000000
150,humains vague 2,kidssol,non teste,nominal,150,0.560000,0.093333,,,,1.000000
150,humains vague 2,spanking,temoin,ordinal,150,0.753333,0.008889,0.540000,0.531111,0.008889,-0.000000
150,humains vague 2,divlaw,non teste,ordinal,150,0.733333,0.006667,,,,1.000000
150,humains vague 2,sexeduc,temoin,nominal,150,0.920000,0.026667,0.880000,0.853333,0.026667,0.000000
150,humains vague 2,pillok,investiguer,ordinal,150,0.620000,0.006667,,,,1.000000
150,humains vague 2,xmarsex,sensible,ordinal,150,0.746667,0.024444,0.788889,0.764444,0.024444,-0.000000
150,humains vague 2,homosex,temoin,ordinal,150,0.786667,0.013333,0.686667,0.691111,-0.004444,0.000000
150,humains vague 2,marhomo,temoin,ordinal,150,0.766667,0.016667,0.698333,0.708333,-0.010000,0.000000
150,humains vague 2,discaff,temoin,ordinal,150,0.713333,0.023333,,,,1.000000
150,humains vague 2,abdefect,temoin,nominal,150,0.940000,0.020000,,,,1.000000
150,humains vague 2,abnomore,temoin,nominal,150,0.866667,0.026667,,,,1.000000
150,humains vague 2,abhlth,temoin,nominal,150,0.960000,0.013333,,,,1.000000
150,humains vague 2,abpoor,investiguer,nominal,150,0.886667,0.006667,,,,1.000000
150,humains vague 2,abrape,investiguer,nominal,150,0.960000,0.013333,,,,1.000000
150,humains vague 2,absingle,temoin,nominal,150,0.880000,0.013333,,,,1.000000
150,humains vague 2,abany,investiguer,nominal,150,0.920000,0.026667,,,,1.000000
150,humains vague 2,letdie1,temoin,nominal,150,0.886667,0.060000,,,,1.000000
150,humains vague 2,suicide1,investiguer,nominal,150,0.840000,0.000000,,,,1.000000
150,humains vague 2,suicide2,non teste,nominal,150,0.893333,0.066667,,,,1.000000
150,humains vague 2,suicide3,non teste,nominal,150,0.906667,0.053333,,,,1.000000
150,humains vague 2,suicide4,temoin,nominal,150,0.893333,0.040000,,,,1.000000
150,humains vague 2,pornlaw,temoin,ordinal,150,0.793333,0.046667,0.610000,0.563333,0.046667,-0.000000
150,humains vague 2,fair,non teste,ordinal,150,0.666667,0.013333,,,,1.000000
150,humains vague 2,helpful,non teste,ordinal,150,0.673333,0.026667,,,,1.000000
150,humains vague 2,trust,non teste,ordinal,150,0.686667,0.040000,,,,1.000000
150,humains vague 2,tax,non teste,ordinal,150,0.773333,0.043333,,,,1.000000
150,humains vague 2,vote16,sensible,nominal,150,0.913333,0.006667,0.640000,0.633333,0.006667,0.000000
150,humains vague 2,pres16,temoin,nominal,150,0.940000,0.013333,,,,1.000000
150,humains vague 2,if16who,investiguer,nominal,150,0.913333,0.020000,,,,1.000000
150,humains vague 2,news,investiguer,ordinal,150,0.700000,0.023333,0.386667,0.376667,0.010000,-0.000000
150,humains vague 2,jew,non teste,nominal,150,0.720000,0.033333,,,,1.000000
150,humains vague 2,relig16*,non teste,nominal,150,0.873333,0.053333,,,,1.000000
150,humains vague 2,jew16*,non teste,nominal,150,0.753333,0.093333,,,,1.000000
150,humains vague 2,attend,sensible,ordinal,150,0.700000,0.024167,0.292500,0.273333,0.019167,0.000000
150,humains vague 2,pray,investiguer,ordinal,150,0.773333,0.010667,0.454667,0.460000,-0.005333,0.000000
150,humains vague 2,postlife,non teste,nominal,150,0.940000,0.033333,,,,1.000000
150,humains vague 2,bible,non teste,ordinal,150,0.866667,0.016667,,,,1.000000
150,humains vague 2,reborn,investiguer,nominal,150,0.826667,0.013333,0.446602,0.427184,0.019418,0.313333
150,humains vague 2,savesoul,investiguer,nominal,150,0.866667,0.013333,0.320000,0.333333,-0.013333,0.000000
150,humains vague 2,granborn,non teste,ordinal,150,0.766667,0.008333,,,,1.000000
150,humains vague 2,uscitzn*,non teste,nominal,150,1.000000,0.000000,,,,1.000000
150,humains vague 2,fucitzn,non teste,nominal,150,0.980000,0.006667,,,,1.000000
150,humains vague 2,mnthsusa,non teste,nominal,150,0.966667,0.006667,,,,1.000000
150,humains vague 2,income,non teste,ordinal,150,0.573333,0.018788,0.805455,0.800000,0.005455,0.000000
150,humains vague 2,othlang,temoin,nominal,150,0.953333,0.006667,,,,1.000000
150,humains vague 2,health,temoin,ordinal,150,0.846667,0.017778,0.566667,0.575556,-0.008889,0.000000
150,humains vague 2,compuse*,temoin,nominal,150,0.946667,0.013333,,,,1.000000
150,humains vague 2,webmob,non teste,nominal,150,0.926667,0.006667,,,,1.000000
150,humains vague 2,xmovie,non teste,nominal,150,0.853333,0.026667,0.580000,0.606667,-0.026667,0.000000
150,humains vague 2,usewww*,non teste,nominal,150,0.986667,0.000000,,,,1.000000
150,humains vague 2,life,temoin,ordinal,150,0.786667,0.026667,0.603333,0.630000,-0.026667,-0.000000
150,humains vague 2,richwork,temoin,nominal,150,0.826667,0.026667,0.466667,0.440000,0.026667,-0.000000
150,agents composite,natspac/y,mixte,ordinal,150,0.440000,0.150000,0.330000,0.480000,-0.150000,0.000000
150,agents composite,natenvir/y,temoin,ordinal,150,0.606667,0.136667,0.636667,0.773333,-0.136667,0.000000
150,agents composite,natheal/y,mixte,ordinal,150,0.666667,0.040000,0.853333,0.813333,0.040000,0.000000
150,agents composite,natcity/y,mixte,ordinal,150,0.400000,0.136667,0.553333,0.503333,0.050000,0.000000
150,agents composite,natdrug/y,temoin,ordinal,150,0.586667,0.063333,0.803333,0.740000,0.063333,0.000000
150,agents composite,nateduc/y,temoin,ordinal,150,0.653333,0.013333,0.813333,0.806667,0.006667,0.000000
150,agents composite,natrace/y,sensible,ordinal,150,0.593333,0.142752,0.583893,0.576667,0.007226,0.000000
150,agents composite,natarms/y,temoin,ordinal,150,0.553333,0.076667,0.413333,0.376667,0.036667,0.000000
150,agents composite,nataid/y,temoin,ordinal,150,0.640000,0.036667,0.210000,0.186667,0.023333,0.000000
150,agents composite,natfare/y,mixte,ordinal,150,0.660000,0.140000,0.676667,0.816667,-0.140000,0.000000
150,agents composite,natroad,sensible,ordinal,150,0.513333,0.086667,0.656667,0.743333,-0.086667,0.000000
150,agents composite,natsoc,temoin,ordinal,150,0.546667,0.066667,0.750000,0.816667,-0.066667,-0.000000
150,agents composite,natmass,temoin,ordinal,150,0.560000,0.090000,0.696667,0.693333,0.003333,-0.000000
150,agents composite,natpark,temoin,ordinal,150,0.573333,0.040000,0.616667,0.616667,-0.000000,-0.000000
150,agents composite,natchld,sensible,ordinal,150,0.620000,0.040000,0.720000,0.746667,-0.026667,0.000000
150,agents composite,natsci,temoin,ordinal,150,0.546667,0.123333,0.656667,0.586667,0.070000,-0.000000
150,agents composite,natenrgy,temoin,ordinal,150,0.620000,0.093333,0.750000,0.656667,0.093333,0.000000
150,agents composite,uswary,non teste,nominal,150,0.513333,0.420000,,,,1.000000
150,agents composite,prayer,non teste,nominal,150,0.773333,0.146667,,,,1.000000
150,agents composite,courts,non teste,ordinal,150,0.560000,0.026667,,,,1.000000
150,agents composite,discaffw,non teste,ordinal,150,0.426667,0.111111,,,,1.000000
150,agents composite,discaffm,non teste,ordinal,150,0.466667,0.091111,,,,1.000000
150,agents composite,fehire,non teste,ordinal,150,0.353333,0.070000,,,,1.000000
150,agents composite,fechld,temoin,ordinal,150,0.506667,0.031111,0.684444,0.711111,-0.026667,-0.000000
150,agents composite,fepresch,investiguer,ordinal,150,0.513333,0.051111,0.660000,0.608889,0.051111,0.000000
150,agents composite,fefam,investiguer,ordinal,150,0.453333,0.026667,0.660000,0.633333,0.026667,-0.000000
150,agents composite,fepol,non teste,nominal,150,0.780000,0.020000,0.793333,0.773333,0.020000,-0.000000
150,agents composite,mobile16,non teste,ordinal,150,0.760000,0.080000,,,,1.000000
150,agents composite,incom16,temoin,ordinal,150,0.513333,0.021667,0.450000,0.448333,0.001667,0.000000
150,agents composite,dwelown16,non teste,nominal,150,0.780000,0.120000,,,,1.000000
150,agents composite,divorced,temoin,nominal,150,0.973333,0.013333,0.713333,0.700000,0.013333,0.000000
150,agents composite,posslq/y,temoin,nominal,150,0.953333,0.013333,,,,1.000000
150,agents composite,wrkstat,temoin,nominal,150,0.786667,0.113333,,,,1.000000
150,agents composite,evwork,temoin,nominal,150,0.940000,0.006667,,,,1.000000
150,agents composite,wrkgovt1,non teste,nominal,150,0.873333,0.020000,,,,1.000000
150,agents composite,wrkgovt2,non teste,nominal,150,0.706667,0.053333,,,,1.000000
150,agents composite,partfull,non teste,nominal,150,0.780000,0.113333,,,,1.000000
150,agents composite,wksub1,non teste,nominal,150,0.746667,0.093333,,,,1.000000
150,agents composite,wksup1,non teste,nominal,150,0.833333,0.060000,,,,1.000000
150,agents composite,conarmy,investiguer,ordinal,150,0.566667,0.100000,0.600000,0.700000,-0.100000,0.000000
150,agents composite,conbus,temoin,ordinal,150,0.660000,0.080000,0.366667,0.446667,-0.080000,-0.000000
150,agents composite,conclerg,temoin,ordinal,150,0.666667,0.086667,0.386667,0.300000,0.086667,0.000000
150,agents composite,coneduc,sensible,ordinal,150,0.573333,0.173333,0.456667,0.556667,-0.100000,0.000000
150,agents composite,confed,temoin,ordinal,150,0.533333,0.170000,0.233333,0.403333,-0.170000,-0.000000
150,agents composite,confinan,temoin,ordinal,150,0.653333,0.083333,0.353333,0.436667,-0.083333,-0.000000
150,agents composite,conjudge,temoin,ordinal,150,0.513333,0.136667,0.380000,0.450000,-0.070000,-0.000000
150,agents composite,conlabor,temoin,ordinal,150,0.573333,0.156667,0.353333,0.510000,-0.156667,0.000000
150,agents composite,conlegis,sensible,ordinal,150,0.586667,0.166667,0.133333,0.300000,-0.166667,-0.000000
150,agents composite,conmedic,sensible,ordinal,150,0.593333,0.123333,0.586667,0.696667,-0.110000,-0.000000
150,agents composite,conpress,temoin,ordinal,150,0.620000,0.093333,0.253333,0.346667,-0.093333,0.000000
150,agents composite,consci,temoin,ordinal,150,0.666667,0.070000,0.700000,0.710000,-0.010000,-0.000000
150,agents composite,contv,temoin,ordinal,150,0.593333,0.123333,0.210000,0.333333,-0.123333,0.000000
150,agents composite,joblose,non teste,nominal,150,0.713333,0.109885,,,,1.000000
150,agents composite,jobfind,temoin,nominal,150,0.633333,0.130022,,,,1.000000
150,agents composite,happy,temoin,ordinal,150,0.726667,0.093333,0.420000,0.466667,-0.046667,0.000000
150,agents composite,hapmar,non teste,nominal,150,0.846667,0.080000,0.740385,0.586538,0.153846,0.653333
150,agents composite,satjob,temoin,nominal,150,0.680000,0.046667,0.670330,0.645390,0.024940,0.393333
150,agents composite,spdeg*,non teste,nominal,150,0.746667,0.106667,,,,1.000000
150,agents composite,spjew,non teste,nominal,150,0.713333,0.286667,,,,1.000000
150,agents composite,spfund,non teste,nominal,150,0.820000,0.073333,,,,1.000000
150,agents composite,unemp,temoin,nominal,150,0.726667,0.153333,0.733333,0.580000,0.153333,-0.000000
150,agents composite,union1,non teste,nominal,150,0.986667,0.006667,,,,1.000000
150,agents composite,spkath/y,temoin,nominal,150,0.853333,0.026667,0.746667,0.773333,-0.026667,0.000000
150,agents composite,colath,temoin,nominal,150,0.786667,0.000000,0.733333,0.733333,0.000000,-0.000000
150,agents composite,spkrac/y,sensible,nominal,150,0.673333,0.006667,,,,1.000000
150,agents composite,colrac,temoin,nominal,150,0.700000,0.113333,,,,1.000000
150,agents composite,librac/y,non teste,nominal,150,0.626667,0.133333,,,,1.000000
150,agents composite,spkcom/y,non teste,nominal,150,0.833333,0.073333,0.780000,0.706667,0.073333,0.000000
150,agents composite,colcom/y,non teste,nominal,150,0.786667,0.093333,0.826667,0.733333,0.093333,0.000000
150,agents composite,libcom/y,temoin,nominal,150,0.820000,0.020000,0.800000,0.780000,0.020000,-0.000000
150,agents composite,spkhomo/y,non teste,nominal,150,0.900000,0.020000,0.900000,0.920000,-0.020000,0.000000
150,agents composite,colhomo,non teste,nominal,150,0.800000,0.173333,0.760000,0.933333,-0.173333,0.000000
150,agents composite,libhomo/y,non teste,nominal,150,0.866667,0.053333,0.806667,0.860000,-0.053333,0.000000
150,agents composite,cappun,temoin,nominal,150,0.693333,0.013333,,,,1.000000
150,agents composite,polhitok/y,temoin,nominal,150,0.766667,0.046667,0.320000,0.366667,-0.046667,0.000000
150,agents composite,polabuse/y,sensible,nominal,150,0.793333,0.140000,0.800000,0.940000,-0.140000,-0.000000
150,agents composite,polattak/y,sensible,nominal,150,0.453333,0.413333,,,,1.000000
150,agents composite,grass,non teste,nominal,150,0.713333,0.073333,,,,1.000000
150,agents composite,gunlaw,temoin,nominal,150,0.673333,0.086667,,,,1.000000
150,agents composite,owngun,temoin,nominal,150,0.786667,0.013333,,,,1.000000
150,agents composite,hunt1,non teste,nominal,150,0.926667,0.073333,,,,1.000000
150,agents composite,class,non teste,ordinal,150,0.620000,0.055556,,,,1.000000
150,agents composite,satfin,temoin,ordinal,150,0.700000,0.056667,0.520000,0.463333,0.056667,0.000000
150,agents composite,finalter,temoin,ordinal,150,0.653333,0.113333,0.370000,0.483333,-0.113333,0.000000
150,agents composite,finrela,temoin,ordinal,150,0.526667,0.031667,0.441667,0.413333,0.028333,-0.000000
150,agents composite,racdif1,temoin,nominal,150,0.793333,0.126667,0.433333,0.560000,-0.126667,0.000000
150,agents composite,racdif2,temoin,nominal,150,0.913333,0.006667,0.946667,0.940000,0.006667,0.000000
150,agents composite,racdif3,temoin,nominal,150,0.746667,0.066667,0.440000,0.506667,-0.066667,0.000000
150,agents composite,racdif4,temoin,nominal,150,0.813333,0.080000,0.813333,0.733333,0.080000,0.000000
150,agents composite,wlthwhts,non teste,ordinal,150,0.526667,0.057778,,,,1.000000
150,agents composite,wlthblks,non teste,ordinal,150,0.306667,0.131156,,,,1.000000
150,agents composite,wlthhsps,non teste,ordinal,150,0.360000,0.086667,,,,1.000000
150,agents composite,racwork,temoin,nominal,150,0.586667,0.233333,,,,1.000000
150,agents composite,letin1a,temoin,ordinal,150,0.500000,0.095000,0.401667,0.396667,0.005000,-0.000000
150,agents composite,getahead,non teste,ordinal,150,0.600000,0.063333,,,,1.000000
150,agents composite,aged,non teste,ordinal,150,0.440000,0.123333,,,,1.000000
150,agents composite,parsol,temoin,ordinal,150,0.346667,0.045000,0.453333,0.475000,-0.021667,0.000000
150,agents composite,kidssol,non teste,nominal,150,0.460000,0.260000,,,,1.000000
150,agents composite,spanking,temoin,ordinal,150,0.446667,0.095556,0.582222,0.531111,0.051111,-0.000000
150,agents composite,divlaw,non teste,ordinal,150,0.553333,0.053333,,,,1.000000
150,agents composite,sexeduc,temoin,nominal,150,0.826667,0.000000,0.853333,0.853333,0.000000,-0.000000
150,agents composite,pillok,investiguer,ordinal,150,0.466667,0.073333,,,,1.000000
150,agents composite,xmarsex,sensible,ordinal,150,0.540000,0.166667,0.931111,0.764444,0.166667,-0.000000
150,agents composite,homosex,temoin,ordinal,150,0.740000,0.040000,0.726667,0.691111,0.035556,-0.000000
150,agents composite,marhomo,temoin,ordinal,150,0.586667,0.073333,0.635000,0.708333,-0.073333,0.000000
150,agents composite,discaff,temoin,ordinal,150,0.666667,0.036667,,,,1.000000
150,agents composite,abdefect,temoin,nominal,150,0.886667,0.033333,,,,1.000000
150,agents composite,abnomore,temoin,nominal,150,0.893333,0.013333,,,,1.000000
150,agents composite,abhlth,temoin,nominal,150,0.933333,0.013333,,,,1.000000
150,agents composite,abpoor,investiguer,nominal,150,0.860000,0.033333,,,,1.000000
150,agents composite,abrape,investiguer,nominal,150,0.926667,0.020000,,,,1.000000
150,agents composite,absingle,temoin,nominal,150,0.840000,0.053333,,,,1.000000
150,agents composite,abany,investiguer,nominal,150,0.853333,0.066667,,,,1.000000
150,agents composite,letdie1,temoin,nominal,150,0.873333,0.046667,,,,1.000000
150,agents composite,suicide1,investiguer,nominal,150,0.826667,0.013333,,,,1.000000
150,agents composite,suicide2,non teste,nominal,150,0.786667,0.186667,,,,1.000000
150,agents composite,suicide3,non teste,nominal,150,0.806667,0.033333,,,,1.000000
150,agents composite,suicide4,temoin,nominal,150,0.640000,0.266667,,,,1.000000
150,agents composite,pornlaw,temoin,ordinal,150,0.700000,0.133087,0.523490,0.563333,-0.039843,-0.000000
150,agents composite,fair,non teste,ordinal,150,0.560000,0.076667,,,,1.000000
150,agents composite,helpful,non teste,ordinal,150,0.546667,0.060000,,,,1.000000
150,agents composite,trust,non teste,ordinal,150,0.626667,0.023333,,,,1.000000
150,agents composite,tax,non teste,ordinal,150,0.506667,0.096667,,,,1.000000
150,agents composite,vote16,sensible,nominal,150,0.846667,0.053333,0.626667,0.633333,-0.006667,0.000000
150,agents composite,pres16,temoin,nominal,150,0.826667,0.113333,,,,1.000000
150,agents composite,if16who,investiguer,nominal,150,0.880000,0.066667,,,,1.000000
150,agents composite,news,investiguer,ordinal,150,0.320000,0.145000,0.261667,0.376667,-0.115000,-0.000000
150,agents composite,jew,non teste,nominal,150,0.700000,0.273333,,,,1.000000
150,agents composite,relig16*,non teste,nominal,150,0.633333,0.146667,,,,1.000000
150,agents composite,jew16*,non teste,nominal,150,0.720000,0.246667,,,,1.000000
150,agents composite,attend,sensible,ordinal,150,0.553333,0.045833,0.292500,0.273333,0.019167,0.000000
150,agents composite,pray,investiguer,ordinal,150,0.566667,0.121333,0.338667,0.460000,-0.121333,0.000000
150,agents composite,postlife,non teste,nominal,150,0.806667,0.033333,,,,1.000000
150,agents composite,bible,non teste,ordinal,150,0.660000,0.147987,,,,1.000000
150,agents composite,reborn,investiguer,nominal,150,0.680000,0.113333,0.465116,0.427184,0.037932,0.426667
150,agents composite,savesoul,investiguer,nominal,150,0.806667,0.046667,0.380000,0.333333,0.046667,0.000000
150,agents composite,granborn,non teste,ordinal,150,0.606667,0.146667,,,,1.000000
150,agents composite,uscitzn*,non teste,nominal,150,1.000000,0.000000,,,,1.000000
150,agents composite,fucitzn,non teste,nominal,150,0.986667,0.013333,,,,1.000000
150,agents composite,mnthsusa,non teste,nominal,150,0.860000,0.107472,,,,1.000000
150,agents composite,income,non teste,ordinal,150,0.400000,0.056970,0.855758,0.800000,0.055758,0.000000
150,agents composite,othlang,temoin,nominal,150,0.846667,0.046667,,,,1.000000
150,agents composite,health,temoin,ordinal,150,0.686667,0.060000,0.515556,0.575556,-0.060000,-0.000000
150,agents composite,compuse*,temoin,nominal,150,0.966667,0.020000,,,,1.000000
150,agents composite,webmob,non teste,nominal,150,0.953333,0.033333,,,,1.000000
150,agents composite,xmovie,non teste,nominal,150,0.653333,0.173333,0.780000,0.606667,0.173333,0.000000
150,agents composite,usewww*,non teste,nominal,150,0.986667,0.013333,,,,1.000000
150,agents composite,life,temoin,ordinal,150,0.660000,0.110000,0.520000,0.630000,-0.110000,-0.000000
150,agents composite,richwork,temoin,nominal,150,0.673333,0.153333,0.286667,0.440000,-0.153333,0.000000
150,agents entretien (v3),natspac/y,mixte,ordinal,150,0.300000,0.426667,0.053333,0.480000,-0.426667,-0.000000
150,agents entretien (v3),natenvir/y,temoin,ordinal,150,0.573333,0.186667,0.586667,0.773333,-0.186667,-0.000000
150,agents entretien (v3),natheal/y,mixte,ordinal,150,0.653333,0.016667,0.796667,0.813333,-0.016667,-0.000000
150,agents entretien (v3),natcity/y,mixte,ordinal,150,0.506667,0.133333,0.390000,0.503333,-0.113333,0.000000
150,agents entretien (v3),natdrug/y,temoin,ordinal,150,0.580000,0.063333,0.710000,0.740000,-0.030000,-0.000000
150,agents entretien (v3),nateduc/y,temoin,ordinal,150,0.653333,0.046667,0.820000,0.806667,0.013333,-0.000000
150,agents entretien (v3),natrace/y,sensible,ordinal,150,0.586667,0.113333,0.583333,0.576667,0.006667,-0.000000
150,agents entretien (v3),natarms/y,temoin,ordinal,150,0.593333,0.060000,0.316667,0.376667,-0.060000,0.000000
150,agents entretien (v3),nataid/y,temoin,ordinal,150,0.673333,0.086667,0.126667,0.186667,-0.060000,0.000000
150,agents entretien (v3),natfare/y,mixte,ordinal,150,0.653333,0.100000,0.716667,0.816667,-0.100000,0.000000
150,agents entretien (v3),natroad,sensible,ordinal,150,0.420000,0.176667,0.566667,0.743333,-0.176667,0.000000
150,agents entretien (v3),natsoc,temoin,ordinal,150,0.560000,0.100000,0.730000,0.816667,-0.086667,0.000000
150,agents entretien (v3),natmass,temoin,ordinal,150,0.573333,0.103333,0.610000,0.693333,-0.083333,0.000000
150,agents entretien (v3),natpark,temoin,ordinal,150,0.520000,0.100000,0.516667,0.616667,-0.100000,-0.000000
150,agents entretien (v3),natchld,sensible,ordinal,150,0.573333,0.106667,0.640000,0.746667,-0.106667,-0.000000
150,agents entretien (v3),natsci,temoin,ordinal,150,0.473333,0.133333,0.593333,0.586667,0.006667,0.000000
150,agents entretien (v3),natenrgy,temoin,ordinal,150,0.580000,0.093333,0.596667,0.656667,-0.060000,0.000000
150,agents entretien (v3),uswary,non teste,nominal,150,0.520000,0.440000,,,,1.000000
150,agents entretien (v3),prayer,non teste,nominal,150,0.773333,0.040000,,,,1.000000
150,agents entretien (v3),courts,non teste,ordinal,150,0.553333,0.096667,,,,1.000000
150,agents entretien (v3),discaffw,non teste,ordinal,150,0.466667,0.086667,,,,1.000000
150,agents entretien (v3),discaffm,non teste,ordinal,150,0.386667,0.033333,,,,1.000000
150,agents entretien (v3),fehire,non teste,ordinal,150,0.326667,0.081667,,,,1.000000
150,agents entretien (v3),fechld,temoin,ordinal,150,0.460000,0.057778,0.768889,0.711111,0.057778,-0.000000
150,agents entretien (v3),fepresch,investiguer,ordinal,150,0.380000,0.100000,0.708889,0.608889,0.100000,-0.000000
150,agents entretien (v3),fefam,investiguer,ordinal,150,0.340000,0.057778,0.691111,0.633333,0.057778,-0.000000
150,agents entretien (v3),fepol,non teste,nominal,150,0.800000,0.133333,0.906667,0.773333,0.133333,-0.000000
150,agents entretien (v3),mobile16,non teste,ordinal,150,0.800000,0.080000,,,,1.000000
150,agents entretien (v3),incom16,temoin,ordinal,150,0.520000,0.010000,0.458333,0.448333,0.010000,-0.000000
150,agents entretien (v3),dwelown16,non teste,nominal,149,0.778524,0.068904,,,,1.000000
150,agents entretien (v3),divorced,temoin,nominal,149,0.959732,0.024832,0.724832,0.700000,0.024832,-0.000000
150,agents entretien (v3),posslq/y,temoin,nominal,149,0.946309,0.023758,,,,1.000000
150,agents entretien (v3),wrkstat,temoin,nominal,149,0.751678,0.103714,,,,1.000000
150,agents entretien (v3),evwork,temoin,nominal,150,0.940000,0.033333,,,,1.000000
150,agents entretien (v3),wrkgovt1,non teste,nominal,150,0.873333,0.020000,,,,1.000000
150,agents entretien (v3),wrkgovt2,non teste,nominal,150,0.740000,0.153333,,,,1.000000
150,agents entretien (v3),partfull,non teste,nominal,150,0.766667,0.100000,,,,1.000000
150,agents entretien (v3),wksub1,non teste,nominal,150,0.753333,0.093333,,,,1.000000
150,agents entretien (v3),wksup1,non teste,nominal,150,0.813333,0.073333,,,,1.000000
150,agents entretien (v3),conarmy,investiguer,ordinal,150,0.533333,0.076667,0.623333,0.700000,-0.076667,0.000000
150,agents entretien (v3),conbus,temoin,ordinal,150,0.613333,0.110000,0.336667,0.446667,-0.110000,0.000000
150,agents entretien (v3),conclerg,temoin,ordinal,150,0.620000,0.120000,0.420000,0.300000,0.120000,0.000000
150,agents entretien (v3),coneduc,sensible,ordinal,150,0.500000,0.153333,0.450000,0.556667,-0.106667,-0.000000
150,agents entretien (v3),confed,temoin,ordinal,150,0.466667,0.286667,0.116667,0.403333,-0.286667,0.000000
150,agents entretien (v3),confinan,temoin,ordinal,150,0.593333,0.140000,0.296667,0.436667,-0.140000,0.000000
150,agents entretien (v3),conjudge,temoin,ordinal,150,0.480000,0.130000,0.320000,0.450000,-0.130000,-0.000000
150,agents entretien (v3),conlabor,temoin,ordinal,150,0.540000,0.123333,0.386667,0.510000,-0.123333,-0.000000
150,agents entretien (v3),conlegis,sensible,ordinal,150,0.553333,0.220000,0.080000,0.300000,-0.220000,0.000000
150,agents entretien (v3),conmedic,sensible,ordinal,150,0.620000,0.053333,0.670000,0.696667,-0.026667,-0.000000
150,agents entretien (v3),conpress,temoin,ordinal,150,0.580000,0.093333,0.253333,0.346667,-0.093333,-0.000000
150,agents entretien (v3),consci,temoin,ordinal,149,0.664430,0.024855,0.724832,0.710000,0.014832,0.000000
150,agents entretien (v3),contv,temoin,ordinal,149,0.550336,0.131991,0.201342,0.333333,-0.131991,0.000000
150,agents entretien (v3),joblose,non teste,nominal,149,0.691275,0.102989,,,,1.000000
150,agents entretien (v3),jobfind,temoin,nominal,149,0.570470,0.115862,,,,1.000000
150,agents entretien (v3),happy,temoin,ordinal,150,0.706667,0.073333,0.433333,0.466667,-0.033333,-0.000000
150,agents entretien (v3),hapmar,non teste,nominal,150,0.813333,0.146667,0.789474,0.586538,0.202935,0.620000
150,agents entretien (v3),satjob,temoin,nominal,150,0.646667,0.086667,0.683673,0.645390,0.038283,0.346667
150,agents entretien (v3),spdeg*,non teste,nominal,150,0.620000,0.160000,,,,1.000000
150,agents entretien (v3),spjew,non teste,nominal,150,0.713333,0.286667,,,,1.000000
150,agents entretien (v3),spfund,non teste,nominal,150,0.826667,0.040000,,,,1.000000
150,agents entretien (v3),unemp,temoin,nominal,150,0.726667,0.006667,0.586667,0.580000,0.006667,0.000000
150,agents entretien (v3),union1,non teste,nominal,150,0.980000,0.013333,,,,1.000000
150,agents entretien (v3),spkath/y,temoin,nominal,150,0.786667,0.013333,0.786667,0.773333,0.013333,-0.000000
150,agents entretien (v3),colath,temoin,nominal,150,0.646667,0.100000,0.633333,0.733333,-0.100000,0.000000
150,agents entretien (v3),spkrac/y,sensible,nominal,150,0.560000,0.413333,,,,1.000000
150,agents entretien (v3),colrac,temoin,nominal,150,0.760000,0.213333,,,,1.000000
150,agents entretien (v3),librac/y,non teste,nominal,150,0.533333,0.226667,,,,1.000000
150,agents entretien (v3),spkcom/y,non teste,nominal,150,0.720000,0.080000,0.786667,0.706667,0.080000,-0.000000
150,agents entretien (v3),colcom/y,non teste,nominal,150,0.673333,0.006667,0.740000,0.733333,0.006667,0.000000
150,agents entretien (v3),libcom/y,temoin,nominal,150,0.806667,0.153333,0.933333,0.780000,0.153333,-0.000000
150,agents entretien (v3),spkhomo/y,non teste,nominal,150,0.926667,0.006667,0.913333,0.920000,-0.006667,-0.000000
150,agents entretien (v3),colhomo,non teste,nominal,150,0.840000,0.120000,0.813333,0.933333,-0.120000,0.000000
150,agents entretien (v3),libhomo/y,non teste,nominal,150,0.900000,0.006667,0.853333,0.860000,-0.006667,-0.000000
150,agents entretien (v3),cappun,temoin,nominal,150,0.700000,0.086667,,,,1.000000
150,agents entretien (v3),polhitok/y,temoin,nominal,150,0.626667,0.200000,0.166667,0.366667,-0.200000,0.000000
150,agents entretien (v3),polabuse/y,sensible,nominal,150,0.940000,0.060000,1.000000,0.940000,0.060000,0.000000
150,agents entretien (v3),polattak/y,sensible,nominal,150,0.606667,0.393333,,,,1.000000
150,agents entretien (v3),grass,non teste,nominal,150,0.693333,0.026667,,,,1.000000
150,agents entretien (v3),gunlaw,temoin,nominal,150,0.706667,0.013333,,,,1.000000
150,agents entretien (v3),owngun,temoin,nominal,150,0.793333,0.073333,,,,1.000000
150,agents entretien (v3),hunt1,non teste,nominal,150,0.913333,0.066667,,,,1.000000
150,agents entretien (v3),class,non teste,ordinal,150,0.646667,0.060000,,,,1.000000
150,agents entretien (v3),satfin,temoin,ordinal,149,0.651007,0.050089,0.513423,0.463333,0.050089,-0.000000
150,agents entretien (v3),finalter,temoin,ordinal,149,0.610738,0.067226,0.416107,0.483333,-0.067226,0.000000
150,agents entretien (v3),finrela,temoin,ordinal,150,0.506667,0.040000,0.433333,0.413333,0.020000,-0.000000
150,agents entretien (v3),racdif1,temoin,nominal,149,0.825503,0.010470,0.570470,0.560000,0.010470,0.000000
150,agents entretien (v3),racdif2,temoin,nominal,149,0.932886,0.053289,0.993289,0.940000,0.053289,0.000000
150,agents entretien (v3),racdif3,temoin,nominal,150,0.733333,0.106667,0.613333,0.506667,0.106667,0.000000
150,agents entretien (v3),racdif4,temoin,nominal,150,0.733333,0.040000,0.773333,0.733333,0.040000,0.000000
150,agents entretien (v3),wlthwhts,non teste,ordinal,150,0.360000,0.102222,,,,1.000000
150,agents entretien (v3),wlthblks,non teste,ordinal,150,0.146667,0.203120,,,,1.000000
150,agents entretien (v3),wlthhsps,non teste,ordinal,149,0.369128,0.095839,,,,1.000000
150,agents entretien (v3),racwork,temoin,nominal,149,0.570470,0.217808,,,,1.000000
150,agents entretien (v3),letin1a,temoin,ordinal,150,0.493333,0.028333,0.421667,0.396667,0.025000,-0.000000
150,agents entretien (v3),getahead,non teste,ordinal,149,0.557047,0.136197,,,,1.000000
150,agents entretien (v3),aged,non teste,ordinal,149,0.550336,0.047696,,,,1.000000
150,agents entretien (v3),parsol,temoin,ordinal,150,0.393333,0.053333,0.491667,0.475000,0.016667,-0.000000
150,agents entretien (v3),kidssol,non teste,nominal,150,0.446667,0.306667,,,,1.000000
150,agents entretien (v3),spanking,temoin,ordinal,150,0.400000,0.108889,0.640000,0.531111,0.108889,-0.000000
150,agents entretien (v3),divlaw,non teste,ordinal,150,0.466667,0.146667,,,,1.000000
150,agents entretien (v3),sexeduc,temoin,nominal,150,0.753333,0.140000,0.713333,0.853333,-0.140000,0.000000
150,agents entretien (v3),pillok,investiguer,ordinal,150,0.453333,0.088889,,,,1.000000
150,agents entretien (v3),xmarsex,sensible,ordinal,150,0.546667,0.164444,0.928889,0.764444,0.164444,0.000000
150,agents entretien (v3),homosex,temoin,ordinal,150,0.680000,0.076197,0.675615,0.691111,-0.015496,0.000000
150,agents entretien (v3),marhomo,temoin,ordinal,150,0.566667,0.081667,0.626667,0.708333,-0.081667,-0.000000
150,agents entretien (v3),discaff,temoin,ordinal,150,0.566667,0.093333,,,,1.000000
150,agents entretien (v3),abdefect,temoin,nominal,150,0.833333,0.020000,,,,1.000000
150,agents entretien (v3),abnomore,temoin,nominal,150,0.800000,0.080000,,,,1.000000
150,agents entretien (v3),abhlth,temoin,nominal,150,0.913333,0.046667,,,,1.000000
150,agents entretien (v3),abpoor,investiguer,nominal,150,0.860000,0.060000,,,,1.000000
150,agents entretien (v3),abrape,investiguer,nominal,150,0.926667,0.006667,,,,1.000000
150,agents entretien (v3),absingle,temoin,nominal,150,0.773333,0.026667,,,,1.000000
150,agents entretien (v3),abany,investiguer,nominal,150,0.813333,0.026667,,,,1.000000
150,agents entretien (v3),letdie1,temoin,nominal,150,0.760000,0.106667,,,,1.000000
150,agents entretien (v3),suicide1,investiguer,nominal,150,0.813333,0.053333,,,,1.000000
150,agents entretien (v3),suicide2,non teste,nominal,150,0.733333,0.266667,,,,1.000000
150,agents entretien (v3),suicide3,non teste,nominal,149,0.751678,0.192931,,,,1.000000
150,agents entretien (v3),suicide4,temoin,nominal,149,0.671141,0.259418,,,,1.000000
150,agents entretien (v3),pornlaw,temoin,ordinal,149,0.697987,0.122703,0.533784,0.563333,-0.029550,0.000000
150,agents entretien (v3),fair,non teste,ordinal,149,0.416107,0.179195,,,,1.000000
150,agents entretien (v3),helpful,non teste,ordinal,150,0.320000,0.093333,,,,1.000000
150,agents entretien (v3),trust,non teste,ordinal,150,0.420000,0.140000,,,,1.000000
150,agents entretien (v3),tax,non teste,ordinal,150,0.513333,0.090000,,,,1.000000
150,agents entretien (v3),vote16,sensible,nominal,148,0.831081,0.091261,0.668919,0.633333,0.035586,0.000000
150,agents entretien (v3),pres16,temoin,nominal,150,0.740000,0.126667,,,,1.000000
150,agents entretien (v3),if16who,investiguer,nominal,150,0.813333,0.100000,,,,1.000000
150,agents entretien (v3),news,investiguer,ordinal,150,0.306667,0.130000,0.326667,0.376667,-0.050000,-0.000000
150,agents entretien (v3),jew,non teste,nominal,150,0.700000,0.286667,,,,1.000000
150,agents entretien (v3),relig16*,non teste,nominal,148,0.628378,0.196036,,,,1.000000
150,agents entretien (v3),jew16*,non teste,nominal,148,0.716216,0.259864,,,,1.000000
150,agents entretien (v3),attend,sensible,ordinal,150,0.540000,0.038333,0.265000,0.273333,-0.008333,0.000000
150,agents entretien (v3),pray,investiguer,ordinal,150,0.520000,0.138667,0.321333,0.460000,-0.138667,0.000000
150,agents entretien (v3),postlife,non teste,nominal,150,0.826667,0.026667,,,,1.000000
150,agents entretien (v3),bible,non teste,ordinal,150,0.666667,0.126871,,,,1.000000
150,agents entretien (v3),reborn,investiguer,nominal,150,0.660000,0.069217,0.423913,0.427184,-0.003271,0.382550
150,agents entretien (v3),savesoul,investiguer,nominal,150,0.833333,0.100000,0.233333,0.333333,-0.100000,0.000000
150,agents entretien (v3),granborn,non teste,ordinal,150,0.566667,0.101667,,,,1.000000
150,agents entretien (v3),uscitzn*,non teste,nominal,150,1.000000,0.000000,,,,1.000000
150,agents entretien (v3),fucitzn,non teste,nominal,150,0.986667,0.013333,,,,1.000000
150,agents entretien (v3),mnthsusa,non teste,nominal,150,0.746667,0.226667,,,,1.000000
150,agents entretien (v3),income,non teste,ordinal,150,0.366667,0.036101,0.835982,0.800000,0.035982,-0.000000
150,agents entretien (v3),othlang,temoin,nominal,150,0.866667,0.040000,,,,1.000000
150,agents entretien (v3),health,temoin,ordinal,150,0.600000,0.068889,0.506667,0.575556,-0.068889,0.000000
150,agents entretien (v3),compuse*,temoin,nominal,150,0.966667,0.020000,,,,1.000000
150,agents entretien (v3),webmob,non teste,nominal,150,0.953333,0.033333,,,,1.000000
150,agents entretien (v3),xmovie,non teste,nominal,150,0.646667,0.313333,0.920000,0.606667,0.313333,-0.000000
150,agents entretien (v3),usewww*,non teste,nominal,150,0.973333,0.000000,,,,1.000000
150,agents entretien (v3),life,temoin,ordinal,150,0.633333,0.130000,0.500000,0.630000,-0.130000,-0.000000
150,agents entretien (v3),richwork,temoin,nominal,147,0.680272,0.181497,0.258503,0.440000,-0.181497,-0.000000
150,agents enquete,natspac/y,mixte,ordinal,150,0.413333,0.210000,0.690000,0.480000,0.210000,0.000000
150,agents enquete,natenvir/y,temoin,ordinal,150,0.673333,0.010000,0.763333,0.773333,-0.010000,-0.000000
150,agents enquete,natheal/y,mixte,ordinal,150,0.646667,0.033333,0.833333,0.813333,0.020000,-0.000000
150,agents enquete,natcity/y,mixte,ordinal,150,0.460000,0.203333,0.706667,0.503333,0.203333,0.000000
150,agents enquete,natdrug/y,temoin,ordinal,150,0.600000,0.113333,0.853333,0.740000,0.113333,0.000000
150,agents enquete,nateduc/y,temoin,ordinal,150,0.720000,0.040000,0.846667,0.806667,0.040000,-0.000000
150,agents enquete,natrace/y,sensible,ordinal,150,0.566667,0.133333,0.683333,0.576667,0.106667,0.000000
150,agents enquete,natarms/y,temoin,ordinal,150,0.560000,0.080000,0.363333,0.376667,-0.013333,0.000000
150,agents enquete,nataid/y,temoin,ordinal,150,0.560000,0.220000,0.406667,0.186667,0.220000,0.000000
150,agents enquete,natfare/y,mixte,ordinal,150,0.646667,0.073333,0.743333,0.816667,-0.073333,-0.000000
150,agents enquete,natroad,sensible,ordinal,150,0.520000,0.120000,0.650000,0.743333,-0.093333,-0.000000
150,agents enquete,natsoc,temoin,ordinal,150,0.546667,0.140000,0.676667,0.816667,-0.140000,0.000000
150,agents enquete,natmass,temoin,ordinal,150,0.580000,0.170000,0.863333,0.693333,0.170000,-0.000000
150,agents enquete,natpark,temoin,ordinal,150,0.533333,0.083333,0.700000,0.616667,0.083333,-0.000000
150,agents enquete,natchld,sensible,ordinal,150,0.700000,0.096667,0.843333,0.746667,0.096667,0.000000
150,agents enquete,natsci,temoin,ordinal,150,0.506667,0.190000,0.776667,0.586667,0.190000,0.000000
150,agents enquete,natenrgy,temoin,ordinal,150,0.586667,0.203333,0.860000,0.656667,0.203333,-0.000000
150,agents enquete,uswary,non teste,nominal,150,0.493333,0.413333,,,,1.000000
150,agents enquete,prayer,non teste,nominal,150,0.746667,0.106667,,,,1.000000
150,agents enquete,courts,non teste,ordinal,150,0.466667,0.116667,,,,1.000000
150,agents enquete,discaffw,non teste,ordinal,150,0.453333,0.164444,,,,1.000000
150,agents enquete,discaffm,non teste,ordinal,150,0.426667,0.140000,,,,1.000000
150,agents enquete,fehire,non teste,ordinal,149,0.335570,0.095224,,,,1.000000
150,agents enquete,fechld,temoin,ordinal,149,0.442953,0.043729,0.727069,0.711111,0.015958,-0.000000
150,agents enquete,fepresch,investiguer,ordinal,149,0.483221,0.062252,0.671141,0.608889,0.062252,0.000000
150,agents enquete,fefam,investiguer,ordinal,149,0.382550,0.086518,0.668904,0.633333,0.035570,0.000000
150,agents enquete,fepol,non teste,nominal,150,0.793333,0.020000,0.793333,0.773333,0.020000,-0.000000
150,agents enquete,mobile16,non teste,ordinal,149,0.362416,0.345213,,,,1.000000
150,agents enquete,incom16,temoin,ordinal,149,0.409396,0.033680,0.421141,0.448333,-0.027192,-0.000000
150,agents enquete,dwelown16,non teste,nominal,150,0.660000,0.266667,,,,1.000000
150,agents enquete,divorced,temoin,nominal,150,0.886667,0.086667,0.786667,0.700000,0.086667,-0.000000
150,agents enquete,posslq/y,temoin,nominal,150,0.760000,0.226667,,,,1.000000
150,agents enquete,wrkstat,temoin,nominal,150,0.573333,0.220000,,,,1.000000
150,agents enquete,evwork,temoin,nominal,150,0.893333,0.080000,,,,1.000000
150,agents enquete,wrkgovt1,non teste,nominal,150,0.840000,0.133333,,,,1.000000
150,agents enquete,wrkgovt2,non teste,nominal,150,0.693333,0.293333,,,,1.000000
150,agents enquete,partfull,non teste,nominal,150,0.813333,0.020000,,,,1.000000
150,agents enquete,wksub1,non teste,nominal,150,0.740000,0.180000,,,,1.000000
150,agents enquete,wksup1,non teste,nominal,150,0.760000,0.173333,,,,1.000000
150,agents enquete,conarmy,investiguer,ordinal,150,0.546667,0.060000,0.680000,0.700000,-0.020000,0.000000
150,agents enquete,conbus,temoin,ordinal,150,0.680000,0.083333,0.410000,0.446667,-0.036667,-0.000000
150,agents enquete,conclerg,temoin,ordinal,150,0.633333,0.083333,0.383333,0.300000,0.083333,0.000000
150,agents enquete,coneduc,sensible,ordinal,150,0.566667,0.200000,0.510000,0.556667,-0.046667,0.000000
150,agents enquete,confed,temoin,ordinal,150,0.460000,0.053333,0.350000,0.403333,-0.053333,-0.000000
150,agents enquete,confinan,temoin,ordinal,150,0.613333,0.130000,0.306667,0.436667,-0.130000,-0.000000
150,agents enquete,conjudge,temoin,ordinal,150,0.493333,0.226667,0.496667,0.450000,0.046667,0.000000
150,agents enquete,conlabor,temoin,ordinal,150,0.526667,0.146667,0.363333,0.510000,-0.146667,0.000000
150,agents enquete,conlegis,sensible,ordinal,150,0.586667,0.150000,0.150000,0.300000,-0.150000,0.000000
150,agents enquete,conmedic,sensible,ordinal,150,0.573333,0.090000,0.686667,0.696667,-0.010000,-0.000000
150,agents enquete,conpress,temoin,ordinal,150,0.580000,0.113333,0.233333,0.346667,-0.113333,-0.000000
150,agents enquete,consci,temoin,ordinal,149,0.590604,0.108792,0.818792,0.710000,0.108792,-0.000000
150,agents enquete,contv,temoin,ordinal,149,0.624161,0.098434,0.234899,0.333333,-0.098434,0.000000
150,agents enquete,joblose,non teste,nominal,149,0.644295,0.142973,,,,1.000000
150,agents enquete,jobfind,temoin,nominal,149,0.637584,0.145414,,,,1.000000
150,agents enquete,happy,temoin,ordinal,150,0.633333,0.086667,0.380000,0.466667,-0.086667,-0.000000
150,agents enquete,hapmar,non teste,nominal,150,0.806667,0.120000,0.574468,0.586538,-0.012070,0.686667
150,agents enquete,satjob,temoin,nominal,150,0.620000,0.160000,0.602410,0.645390,-0.042980,0.446667
150,agents enquete,spdeg*,non teste,nominal,150,0.700000,0.120000,,,,1.000000
150,agents enquete,spjew,non teste,nominal,150,0.726667,0.266532,,,,1.000000
150,agents enquete,spfund,non teste,nominal,150,0.833333,0.100000,,,,1.000000
150,agents enquete,unemp,temoin,nominal,150,0.686667,0.126667,0.706667,0.580000,0.126667,0.000000
150,agents enquete,union1,non teste,nominal,150,0.946667,0.040000,,,,1.000000
150,agents enquete,spkath/y,temoin,nominal,150,0.866667,0.053333,0.826667,0.773333,0.053333,0.000000
150,agents enquete,colath,temoin,nominal,150,0.820000,0.020000,0.713333,0.733333,-0.020000,0.000000
150,agents enquete,spkrac/y,sensible,nominal,150,0.733333,0.240000,,,,1.000000
150,agents enquete,colrac,temoin,nominal,150,0.706667,0.253333,,,,1.000000
150,agents enquete,librac/y,non teste,nominal,150,0.606667,0.113333,,,,1.000000
150,agents enquete,spkcom/y,non teste,nominal,150,0.786667,0.173333,0.880000,0.706667,0.173333,0.000000
150,agents enquete,colcom/y,non teste,nominal,150,0.780000,0.033333,0.766667,0.733333,0.033333,0.000000
150,agents enquete,libcom/y,temoin,nominal,150,0.813333,0.106667,0.886667,0.780000,0.106667,0.000000
150,agents enquete,spkhomo/y,non teste,nominal,150,0.873333,0.060000,0.860000,0.920000,-0.060000,-0.000000
150,agents enquete,colhomo,non teste,nominal,150,0.833333,0.153333,0.780000,0.933333,-0.153333,0.000000
150,agents enquete,libhomo/y,non teste,nominal,150,0.846667,0.020000,0.840000,0.860000,-0.020000,0.000000
150,agents enquete,cappun,temoin,nominal,150,0.646667,0.046667,,,,1.000000
150,agents enquete,polhitok/y,temoin,nominal,150,0.640000,0.066667,0.300000,0.366667,-0.066667,0.000000
150,agents enquete,polabuse/y,sensible,nominal,150,0.913333,0.033333,0.973333,0.940000,0.033333,-0.000000
150,agents enquete,polattak/y,sensible,nominal,150,0.600000,0.400000,,,,1.000000
150,agents enquete,grass,non teste,nominal,150,0.686667,0.100000,,,,1.000000
150,agents enquete,gunlaw,temoin,nominal,150,0.746667,0.040000,,,,1.000000
150,agents enquete,owngun,temoin,nominal,150,0.726667,0.073333,,,,1.000000
150,agents enquete,hunt1,non teste,nominal,150,0.920000,0.053333,,,,1.000000
150,agents enquete,class,non teste,ordinal,150,0.493333,0.080000,,,,1.000000
150,agents enquete,satfin,temoin,ordinal,150,0.626667,0.100901,0.418919,0.463333,-0.044414,0.000000
150,agents enquete,finalter,temoin,ordinal,150,0.573333,0.086667,0.430000,0.483333,-0.053333,0.000000
150,agents enquete,finrela,temoin,ordinal,150,0.480000,0.041667,0.395000,0.413333,-0.018333,0.000000
150,agents enquete,racdif1,temoin,nominal,150,0.833333,0.020000,0.540000,0.560000,-0.020000,-0.000000
150,agents enquete,racdif2,temoin,nominal,150,0.933333,0.040000,0.980000,0.940000,0.040000,-0.000000
150,agents enquete,racdif3,temoin,nominal,149,0.771812,0.130917,0.637584,0.506667,0.130917,-0.000000
150,agents enquete,racdif4,temoin,nominal,149,0.751678,0.062192,0.671141,0.733333,-0.062192,-0.000000
150,agents enquete,wlthwhts,non teste,ordinal,149,0.315436,0.089650,,,,1.000000
150,agents enquete,wlthblks,non teste,ordinal,149,0.181208,0.190563,,,,1.000000
150,agents enquete,wlthhsps,non teste,ordinal,150,0.533333,0.052222,,,,1.000000
150,agents enquete,racwork,temoin,nominal,150,0.506667,0.120000,,,,1.000000
150,agents enquete,letin1a,temoin,ordinal,150,0.386667,0.083333,0.460000,0.396667,0.063333,0.000000
150,agents enquete,getahead,non teste,ordinal,150,0.540000,0.126667,,,,1.000000
150,agents enquete,aged,non teste,ordinal,150,0.440000,0.026667,,,,1.000000
150,agents enquete,parsol,temoin,ordinal,150,0.413333,0.066667,0.505000,0.475000,0.030000,-0.000000
150,agents enquete,kidssol,non teste,nominal,150,0.386667,0.406667,,,,1.000000
150,agents enquete,spanking,temoin,ordinal,150,0.406667,0.075556,0.602222,0.531111,0.071111,0.000000
150,agents enquete,divlaw,non teste,ordinal,150,0.400000,0.070000,,,,1.000000
150,agents enquete,sexeduc,temoin,nominal,150,0.800000,0.080000,0.773333,0.853333,-0.080000,0.000000
150,agents enquete,pillok,investiguer,ordinal,150,0.460000,0.097778,,,,1.000000
150,agents enquete,xmarsex,sensible,ordinal,150,0.533333,0.082222,0.846667,0.764444,0.082222,0.000000
150,agents enquete,homosex,temoin,ordinal,150,0.666667,0.080000,0.646667,0.691111,-0.044444,-0.000000
150,agents enquete,marhomo,temoin,ordinal,150,0.500000,0.111667,0.596667,0.708333,-0.111667,0.000000
150,agents enquete,discaff,temoin,ordinal,150,0.593333,0.070000,,,,1.000000
150,agents enquete,abdefect,temoin,nominal,150,0.833333,0.073333,,,,1.000000
150,agents enquete,abnomore,temoin,nominal,150,0.846667,0.073333,,,,1.000000
150,agents enquete,abhlth,temoin,nominal,150,0.866667,0.053333,,,,1.000000
150,agents enquete,abpoor,investiguer,nominal,150,0.880000,0.053333,,,,1.000000
150,agents enquete,abrape,investiguer,nominal,150,0.860000,0.113333,,,,1.000000
150,agents enquete,absingle,temoin,nominal,150,0.886667,0.006667,,,,1.000000
150,agents enquete,abany,investiguer,nominal,150,0.880000,0.000000,,,,1.000000
150,agents enquete,letdie1,temoin,nominal,150,0.880000,0.040000,,,,1.000000
150,agents enquete,suicide1,investiguer,nominal,150,0.886667,0.046667,,,,1.000000
150,agents enquete,suicide2,non teste,nominal,150,0.740000,0.246667,,,,1.000000
150,agents enquete,suicide3,non teste,nominal,150,0.700000,0.113333,,,,1.000000
150,agents enquete,suicide4,temoin,nominal,150,0.773333,0.066667,,,,1.000000
150,agents enquete,pornlaw,temoin,ordinal,150,0.693333,0.076667,0.573333,0.563333,0.010000,-0.000000
150,agents enquete,fair,non teste,ordinal,150,0.580000,0.056667,,,,1.000000
150,agents enquete,helpful,non teste,ordinal,150,0.573333,0.073333,,,,1.000000
150,agents enquete,trust,non teste,ordinal,150,0.540000,0.153333,,,,1.000000
150,agents enquete,tax,non teste,ordinal,150,0.533333,0.073333,,,,1.000000
150,agents enquete,vote16,sensible,nominal,150,0.833333,0.113333,0.626667,0.633333,-0.006667,-0.000000
150,agents enquete,pres16,temoin,nominal,150,0.840000,0.084564,,,,1.000000
150,agents enquete,if16who,investiguer,nominal,150,0.800000,0.080000,,,,1.000000
150,agents enquete,news,investiguer,ordinal,150,0.213333,0.266667,0.566667,0.376667,0.190000,0.000000
150,agents enquete,jew,non teste,nominal,150,0.713333,0.260000,,,,1.000000
150,agents enquete,relig16*,non teste,nominal,150,0.406667,0.440000,,,,1.000000
150,agents enquete,jew16*,non teste,nominal,150,0.813333,0.146667,,,,1.000000
150,agents enquete,attend,sensible,ordinal,150,0.493333,0.078333,0.228333,0.273333,-0.045000,0.000000
150,agents enquete,pray,investiguer,ordinal,150,0.473333,0.202667,0.257333,0.460000,-0.202667,-0.000000
150,agents enquete,postlife,non teste,nominal,150,0.720000,0.120000,,,,1.000000
150,agents enquete,bible,non teste,ordinal,150,0.666667,0.154698,,,,1.000000
150,agents enquete,reborn,investiguer,nominal,150,0.646667,0.160000,0.229885,0.427184,-0.197299,0.420000
150,agents enquete,savesoul,investiguer,nominal,150,0.773333,0.186667,0.146667,0.333333,-0.186667,-0.000000
150,agents enquete,granborn,non teste,ordinal,150,0.400000,0.123333,,,,1.000000
150,agents enquete,uscitzn*,non teste,nominal,150,0.693333,0.306667,,,,1.000000
150,agents enquete,fucitzn,non teste,nominal,150,0.673333,0.300000,,,,1.000000
150,agents enquete,mnthsusa,non teste,nominal,150,0.906667,0.066667,,,,1.000000
150,agents enquete,income,non teste,ordinal,150,0.253333,0.069363,0.843537,0.800000,0.043537,-0.000000
150,agents enquete,othlang,temoin,nominal,150,0.773333,0.013333,,,,1.000000
150,agents enquete,health,temoin,ordinal,150,0.586667,0.108889,0.591111,0.575556,0.015556,0.000000
150,agents enquete,compuse*,temoin,nominal,150,0.973333,0.026667,,,,1.000000
150,agents enquete,webmob,non teste,nominal,150,0.933333,0.013333,,,,1.000000
150,agents enquete,xmovie,non teste,nominal,147,0.619048,0.065571,0.541096,0.606667,-0.065571,-0.000000
150,agents enquete,usewww*,non teste,nominal,150,0.966667,0.006667,,,,1.000000
150,agents enquete,life,temoin,ordinal,147,0.605442,0.099388,0.530612,0.630000,-0.099388,0.000000
150,agents enquete,richwork,temoin,nominal,150,0.546667,0.106667,0.333333,0.440000,-0.106667,-0.000000
150,agents demographiques (v6),natspac/y,mixte,ordinal,150,0.286667,0.250000,0.230000,0.480000,-0.250000,0.000000
150,agents demographiques (v6),natenvir/y,temoin,ordinal,150,0.440000,0.073333,0.700000,0.773333,-0.073333,0.000000
150,agents demographiques (v6),natheal/y,mixte,ordinal,150,0.666667,0.126667,0.940000,0.813333,0.126667,0.000000
150,agents demographiques (v6),natcity/y,mixte,ordinal,150,0.333333,0.136667,0.640000,0.503333,0.136667,0.000000
150,agents demographiques (v6),natdrug/y,temoin,ordinal,149,0.543624,0.226443,0.966443,0.740000,0.226443,0.000000
150,agents demographiques (v6),nateduc/y,temoin,ordinal,149,0.657718,0.179910,0.986577,0.806667,0.179911,-0.000000
150,agents demographiques (v6),natrace/y,sensible,ordinal,149,0.416107,0.232058,0.808725,0.576667,0.232058,-0.000000
150,agents demographiques (v6),natarms/y,temoin,ordinal,149,0.510067,0.232371,0.144295,0.376667,-0.232371,-0.000000
150,agents demographiques (v6),nataid/y,temoin,ordinal,150,0.700000,0.173333,0.013333,0.186667,-0.173333,-0.000000
150,agents demographiques (v6),natfare/y,mixte,ordinal,150,0.620000,0.083333,0.900000,0.816667,0.083333,-0.000000
150,agents demographiques (v6),natroad,sensible,ordinal,150,0.440000,0.136667,0.613333,0.743333,-0.130000,-0.000000
150,agents demographiques (v6),natsoc,temoin,ordinal,150,0.560000,0.043333,0.800000,0.816667,-0.016667,-0.000000
150,agents demographiques (v6),natmass,temoin,ordinal,150,0.440000,0.236667,0.930000,0.693333,0.236667,-0.000000
150,agents demographiques (v6),natpark,temoin,ordinal,150,0.453333,0.136667,0.753333,0.616667,0.136667,0.000000
150,agents demographiques (v6),natchld,sensible,ordinal,150,0.553333,0.146667,0.893333,0.746667,0.146667,-0.000000
150,agents demographiques (v6),natsci,temoin,ordinal,150,0.440000,0.240000,0.826667,0.586667,0.240000,0.000000
150,agents demographiques (v6),natenrgy,temoin,ordinal,150,0.453333,0.196667,0.853333,0.656667,0.196667,-0.000000
150,agents demographiques (v6),uswary,non teste,nominal,150,0.473333,0.526667,,,,1.000000
150,agents demographiques (v6),prayer,non teste,nominal,150,0.660000,0.193333,,,,1.000000
150,agents demographiques (v6),courts,non teste,ordinal,150,0.380000,0.136667,,,,1.000000
150,agents demographiques (v6),discaffw,non teste,ordinal,150,0.473333,0.208889,,,,1.000000
150,agents demographiques (v6),discaffm,non teste,ordinal,150,0.406667,0.184444,,,,1.000000
150,agents demographiques (v6),fehire,non teste,ordinal,150,0.226667,0.161667,,,,1.000000
150,agents demographiques (v6),fechld,temoin,ordinal,150,0.486667,0.071111,0.720000,0.711111,0.008889,-0.000000
150,agents demographiques (v6),fepresch,investiguer,ordinal,150,0.466667,0.104444,0.646667,0.608889,0.037778,0.000000
150,agents demographiques (v6),fefam,investiguer,ordinal,150,0.346667,0.037778,0.671111,0.633333,0.037778,0.000000
150,agents demographiques (v6),fepol,non teste,nominal,150,0.760000,0.213333,0.986667,0.773333,0.213333,-0.000000
150,agents demographiques (v6),mobile16,non teste,ordinal,150,0.306667,0.462662,,,,1.000000
150,agents demographiques (v6),incom16,temoin,ordinal,150,0.413333,0.040000,0.441667,0.448333,-0.006667,-0.000000
150,agents demographiques (v6),dwelown16,non teste,nominal,150,0.660000,0.200000,,,,1.000000
150,agents demographiques (v6),divorced,temoin,nominal,149,1.000000,0.002013,0.697987,0.700000,-0.002013,-0.000000
150,agents demographiques (v6),posslq/y,temoin,nominal,149,1.000000,0.003624,,,,1.000000
150,agents demographiques (v6),wrkstat,temoin,nominal,149,0.308725,0.216644,,,,1.000000
150,agents demographiques (v6),evwork,temoin,nominal,150,0.893333,0.106667,,,,1.000000
150,agents demographiques (v6),wrkgovt1,non teste,nominal,150,0.840000,0.160000,,,,1.000000
150,agents demographiques (v6),wrkgovt2,non teste,nominal,150,0.686667,0.313333,,,,1.000000
150,agents demographiques (v6),partfull,non teste,nominal,150,0.533333,0.280000,,,,1.000000
150,agents demographiques (v6),wksub1,non teste,nominal,150,0.420000,0.226667,,,,1.000000
150,agents demographiques (v6),wksup1,non teste,nominal,150,0.440000,0.186667,,,,1.000000
150,agents demographiques (v6),conarmy,investiguer,ordinal,150,0.500000,0.210000,0.556667,0.700000,-0.143333,0.000000
150,agents demographiques (v6),conbus,temoin,ordinal,150,0.586667,0.143333,0.436667,0.446667,-0.010000,0.000000
150,agents demographiques (v6),conclerg,temoin,ordinal,150,0.593333,0.023333,0.316667,0.300000,0.016667,0.000000
150,agents demographiques (v6),coneduc,sensible,ordinal,149,0.536913,0.226644,0.503356,0.556667,-0.053311,0.000000
150,agents demographiques (v6),confed,temoin,ordinal,149,0.469799,0.132550,0.382550,0.403333,-0.020783,0.000000
150,agents demographiques (v6),confinan,temoin,ordinal,149,0.536913,0.082528,0.379195,0.436667,-0.057472,0.000000
150,agents demographiques (v6),conjudge,temoin,ordinal,149,0.449664,0.256532,0.479866,0.450000,0.029866,0.000000
150,agents demographiques (v6),conlabor,temoin,ordinal,150,0.566667,0.193333,0.483333,0.510000,-0.026667,0.000000
150,agents demographiques (v6),conlegis,sensible,ordinal,150,0.473333,0.170000,0.130000,0.300000,-0.170000,0.000000
150,agents demographiques (v6),conmedic,sensible,ordinal,150,0.453333,0.273333,0.510000,0.696667,-0.186667,-0.000000
150,agents demographiques (v6),conpress,temoin,ordinal,150,0.520000,0.143333,0.383333,0.346667,0.036667,0.000000
150,agents demographiques (v6),consci,temoin,ordinal,150,0.506667,0.103333,0.693333,0.710000,-0.016667,0.000000
150,agents demographiques (v6),contv,temoin,ordinal,150,0.460000,0.160000,0.426667,0.333333,0.093333,-0.000000
150,agents demographiques (v6),joblose,non teste,nominal,150,0.340000,0.235884,,,,1.000000
150,agents demographiques (v6),jobfind,temoin,nominal,150,0.360000,0.400000,,,,1.000000
150,agents demographiques (v6),happy,temoin,ordinal,150,0.560000,0.203333,0.490000,0.466667,0.023333,-0.000000
150,agents demographiques (v6),hapmar,non teste,nominal,150,0.813333,0.053333,0.677083,0.586538,0.090545,0.680000
150,agents demographiques (v6),satjob,temoin,nominal,150,0.433333,0.333333,0.628986,0.645390,-0.016405,0.233333
150,agents demographiques (v6),spdeg*,non teste,nominal,150,0.686667,0.120000,,,,1.000000
150,agents demographiques (v6),spjew,non teste,nominal,150,0.746667,0.246667,,,,1.000000
150,agents demographiques (v6),spfund,non teste,nominal,150,0.853333,0.046667,,,,1.000000
150,agents demographiques (v6),unemp,temoin,nominal,150,0.513333,0.006667,0.586667,0.580000,0.006667,0.000000
150,agents demographiques (v6),union1,non teste,nominal,150,0.940000,0.046667,,,,1.000000
150,agents demographiques (v6),spkath/y,temoin,nominal,150,0.766667,0.073333,0.846667,0.773333,0.073333,-0.000000
150,agents demographiques (v6),colath,temoin,nominal,150,0.646667,0.033333,0.766667,0.733333,0.033333,0.000000
150,agents demographiques (v6),spkrac/y,sensible,nominal,150,0.566667,0.433333,,,,1.000000
150,agents demographiques (v6),colrac,temoin,nominal,150,0.700000,0.180000,,,,1.000000
150,agents demographiques (v6),librac/y,non teste,nominal,150,0.453333,0.333333,,,,1.000000
150,agents demographiques (v6),spkcom/y,non teste,nominal,150,0.720000,0.152394,0.859060,0.706667,0.152394,0.000000
150,agents demographiques (v6),colcom/y,non teste,nominal,150,0.680000,0.120000,0.853333,0.733333,0.120000,-0.000000
150,agents demographiques (v6),libcom/y,temoin,nominal,150,0.753333,0.100000,0.880000,0.780000,0.100000,0.000000
150,agents demographiques (v6),spkhomo/y,non teste,nominal,150,0.880000,0.040000,0.960000,0.920000,0.040000,0.000000
150,agents demographiques (v6),colhomo,non teste,nominal,150,0.873333,0.033333,0.900000,0.933333,-0.033333,0.000000
150,agents demographiques (v6),libhomo/y,non teste,nominal,150,0.820000,0.046667,0.906667,0.860000,0.046667,-0.000000
150,agents demographiques (v6),cappun,temoin,nominal,150,0.553333,0.193333,,,,1.000000
150,agents demographiques (v6),polhitok/y,temoin,nominal,150,0.660000,0.340000,0.026667,0.366667,-0.340000,-0.000000
150,agents demographiques (v6),polabuse/y,sensible,nominal,150,0.926667,0.046667,0.986667,0.940000,0.046667,-0.000000
150,agents demographiques (v6),polattak/y,sensible,nominal,150,0.600000,0.400000,,,,1.000000
150,agents demographiques (v6),grass,non teste,nominal,150,0.660000,0.020000,,,,1.000000
150,agents demographiques (v6),gunlaw,temoin,nominal,149,0.677852,0.252752,,,,1.000000
150,agents demographiques (v6),owngun,temoin,nominal,149,0.778524,0.179732,,,,1.000000
150,agents demographiques (v6),hunt1,non teste,nominal,150,0.920000,0.080000,,,,1.000000
150,agents demographiques (v6),class,non teste,ordinal,149,0.489933,0.016048,,,,1.000000
150,agents demographiques (v6),satfin,temoin,ordinal,150,0.420000,0.193333,0.416667,0.463333,-0.046667,0.000000
150,agents demographiques (v6),finalter,temoin,ordinal,150,0.420000,0.193333,0.476667,0.483333,-0.006667,0.000000
150,agents demographiques (v6),finrela,temoin,ordinal,149,0.308725,0.128098,0.285235,0.413333,-0.128098,0.000000
150,agents demographiques (v6),racdif1,temoin,nominal,150,0.580000,0.326667,0.886667,0.560000,0.326667,0.000000
150,agents demographiques (v6),racdif2,temoin,nominal,150,0.940000,0.060000,1.000000,0.940000,0.060000,0.000000
150,agents demographiques (v6),racdif3,temoin,nominal,149,0.503356,0.493333,1.000000,0.506667,0.493333,0.000000
150,agents demographiques (v6),racdif4,temoin,nominal,149,0.731544,0.266667,1.000000,0.733333,0.266667,0.000000
150,agents demographiques (v6),wlthwhts,non teste,ordinal,149,0.308725,0.114437,,,,1.000000
150,agents demographiques (v6),wlthblks,non teste,ordinal,149,0.120805,0.204262,,,,1.000000
150,agents demographiques (v6),wlthhsps,non teste,ordinal,149,0.315436,0.059970,,,,1.000000
150,agents demographiques (v6),racwork,temoin,nominal,149,0.295302,0.277673,,,,1.000000
150,agents demographiques (v6),letin1a,temoin,ordinal,149,0.362416,0.184609,0.464765,0.396667,0.068098,-0.000000
150,agents demographiques (v6),getahead,non teste,ordinal,149,0.510067,0.233110,,,,1.000000
150,agents demographiques (v6),aged,non teste,ordinal,149,0.577181,0.099463,,,,1.000000
150,agents demographiques (v6),parsol,temoin,ordinal,150,0.246667,0.161667,0.586667,0.475000,0.111667,-0.000000
150,agents demographiques (v6),kidssol,non teste,nominal,150,0.366667,0.446667,,,,1.000000
150,agents demographiques (v6),spanking,temoin,ordinal,150,0.333333,0.155556,0.544444,0.531111,0.013333,-0.000000
150,agents demographiques (v6),divlaw,non teste,ordinal,149,0.503356,0.119217,,,,1.000000
150,agents demographiques (v6),sexeduc,temoin,nominal,149,0.852349,0.052707,0.906040,0.853333,0.052707,0.000000
150,agents demographiques (v6),pillok,investiguer,ordinal,150,0.353333,0.124444,,,,1.000000
150,agents demographiques (v6),xmarsex,sensible,ordinal,150,0.473333,0.173333,0.937778,0.764444,0.173333,-0.000000
150,agents demographiques (v6),homosex,temoin,ordinal,150,0.566667,0.073333,0.680000,0.691111,-0.011111,-0.000000
150,agents demographiques (v6),marhomo,temoin,ordinal,150,0.286667,0.103333,0.611667,0.708333,-0.096667,-0.000000
150,agents demographiques (v6),discaff,temoin,ordinal,150,0.513333,0.050000,,,,1.000000
150,agents demographiques (v6),abdefect,temoin,nominal,150,0.760000,0.106667,,,,1.000000
150,agents demographiques (v6),abnomore,temoin,nominal,150,0.720000,0.146667,,,,1.000000
150,agents demographiques (v6),abhlth,temoin,nominal,150,0.906667,0.093333,,,,1.000000
150,agents demographiques (v6),abpoor,investiguer,nominal,150,0.700000,0.126667,,,,1.000000
150,agents demographiques (v6),abrape,investiguer,nominal,150,0.893333,0.106667,,,,1.000000
150,agents demographiques (v6),absingle,temoin,nominal,150,0.706667,0.106667,,,,1.000000
150,agents demographiques (v6),abany,investiguer,nominal,150,0.693333,0.053333,,,,1.000000
150,agents demographiques (v6),letdie1,temoin,nominal,150,0.773333,0.093333,,,,1.000000
150,agents demographiques (v6),suicide1,investiguer,nominal,150,0.720000,0.026667,,,,1.000000
150,agents demographiques (v6),suicide2,non teste,nominal,150,0.733333,0.266667,,,,1.000000
150,agents demographiques (v6),suicide3,non teste,nominal,150,0.700000,0.033333,,,,1.000000
150,agents demographiques (v6),suicide4,temoin,nominal,150,0.626667,0.066667,,,,1.000000
150,agents demographiques (v6),pornlaw,temoin,ordinal,150,0.613333,0.090000,0.560000,0.563333,-0.003333,0.000000
150,agents demographiques (v6),fair,non teste,ordinal,150,0.360000,0.230000,,,,1.000000
150,agents demographiques (v6),helpful,non teste,ordinal,150,0.366667,0.056667,,,,1.000000
150,agents demographiques (v6),trust,non teste,ordinal,150,0.380000,0.080000,,,,1.000000
150,agents demographiques (v6),tax,non teste,ordinal,150,0.486667,0.056667,,,,1.000000
150,agents demographiques (v6),vote16,sensible,nominal,149,0.610738,0.066309,0.684564,0.633333,0.051230,-0.000000
150,agents demographiques (v6),pres16,temoin,nominal,150,0.446667,0.126667,,,,1.000000
150,agents demographiques (v6),if16who,investiguer,nominal,150,0.560000,0.200000,,,,1.000000
150,agents demographiques (v6),news,investiguer,ordinal,150,0.220000,0.170000,0.460000,0.376667,0.083333,-0.000000
150,agents demographiques (v6),jew,non teste,nominal,150,0.840000,0.160000,,,,1.000000
150,agents demographiques (v6),relig16*,non teste,nominal,149,0.644295,0.189351,,,,1.000000
150,agents demographiques (v6),jew16*,non teste,nominal,149,0.744966,0.253244,,,,1.000000
150,agents demographiques (v6),attend,sensible,ordinal,150,0.440000,0.050833,0.265833,0.273333,-0.007500,-0.000000
150,agents demographiques (v6),pray,investiguer,ordinal,150,0.453333,0.177333,0.282667,0.460000,-0.177333,-0.000000
150,agents demographiques (v6),postlife,non teste,nominal,150,0.653333,0.200000,,,,1.000000
150,agents demographiques (v6),bible,non teste,ordinal,150,0.606667,0.216667,,,,1.000000
150,agents demographiques (v6),reborn,investiguer,nominal,150,0.540000,0.266667,0.317460,0.427184,-0.109724,0.580000
150,agents demographiques (v6),savesoul,investiguer,nominal,150,0.706667,0.186667,0.146667,0.333333,-0.186667,-0.000000
150,agents demographiques (v6),granborn,non teste,ordinal,149,0.483221,0.030872,,,,1.000000
150,agents demographiques (v6),uscitzn*,non teste,nominal,149,0.993289,0.006801,,,,1.000000
150,agents demographiques (v6),fucitzn,non teste,nominal,149,0.993289,0.006622,,,,1.000000
150,agents demographiques (v6),mnthsusa,non teste,nominal,149,1.000000,0.000090,,,,1.000000
150,agents demographiques (v6),income,non teste,ordinal,149,0.993289,0.002703,0.797297,0.800000,-0.002703,0.000000
150,agents demographiques (v6),othlang,temoin,nominal,150,1.000000,0.000000,,,,1.000000
150,agents demographiques (v6),health,temoin,ordinal,149,0.510067,0.173229,0.651007,0.575556,0.075451,-0.000000
150,agents demographiques (v6),compuse*,temoin,nominal,149,0.966443,0.019955,,,,1.000000
150,agents demographiques (v6),webmob,non teste,nominal,150,0.960000,0.040000,,,,1.000000
150,agents demographiques (v6),xmovie,non teste,nominal,150,0.620000,0.340000,0.946667,0.606667,0.340000,0.000000
150,agents demographiques (v6),usewww*,non teste,nominal,150,0.986667,0.013333,,,,1.000000
150,agents demographiques (v6),life,temoin,ordinal,150,0.613333,0.186667,0.503333,0.630000,-0.126667,-0.000000
150,agents demographiques (v6),richwork,temoin,nominal,144,0.541667,0.190000,0.250000,0.440000,-0.190000,0.000000
150,agents v7,natspac/y,mixte,ordinal,150,0.360000,0.140000,0.340000,0.480000,-0.140000,0.000000
150,agents v7,natenvir/y,temoin,ordinal,150,0.593333,0.123333,0.896667,0.773333,0.123333,0.000000
150,agents v7,natheal/y,mixte,ordinal,150,0.626667,0.116667,0.930000,0.813333,0.116667,0.000000
150,agents v7,natcity/y,mixte,ordinal,150,0.333333,0.076667,0.580000,0.503333,0.076667,0.000000
150,agents v7,natdrug/y,temoin,ordinal,150,0.560000,0.193333,0.933333,0.740000,0.193333,0.000000
150,agents v7,nateduc/y,temoin,ordinal,150,0.640000,0.136667,0.943333,0.806667,0.136667,-0.000000
150,agents v7,natrace/y,sensible,ordinal,150,0.433333,0.326667,0.903333,0.576667,0.326667,0.000000
150,agents v7,natarms/y,temoin,ordinal,150,0.446667,0.250000,0.126667,0.376667,-0.250000,0.000000
150,agents v7,nataid/y,temoin,ordinal,150,0.433333,0.205951,0.392617,0.186667,0.205951,0.000000
150,agents v7,natfare/y,mixte,ordinal,150,0.586667,0.025615,0.842282,0.816667,0.025615,-0.000000
150,agents v7,natroad,sensible,ordinal,150,0.453333,0.068523,0.701342,0.743333,-0.041991,-0.000000
150,agents v7,natsoc,temoin,ordinal,150,0.506667,0.034788,0.781879,0.816667,-0.034787,0.000000
150,agents v7,natmass,temoin,ordinal,150,0.466667,0.203333,0.896667,0.693333,0.203333,-0.000000
150,agents v7,natpark,temoin,ordinal,150,0.413333,0.260000,0.876667,0.616667,0.260000,-0.000000
150,agents v7,natchld,sensible,ordinal,150,0.573333,0.133333,0.880000,0.746667,0.133333,0.000000
150,agents v7,natsci,temoin,ordinal,150,0.406667,0.250000,0.836667,0.586667,0.250000,-0.000000
150,agents v7,natenrgy,temoin,ordinal,150,0.466667,0.216667,0.873333,0.656667,0.216667,0.000000
150,agents v7,uswary,non teste,nominal,150,0.493333,0.453333,,,,1.000000
150,agents v7,prayer,non teste,nominal,150,0.686667,0.206667,,,,1.000000
150,agents v7,courts,non teste,ordinal,150,0.366667,0.200000,,,,1.000000
150,agents v7,discaffw,non teste,ordinal,150,0.440000,0.217778,,,,1.000000
150,agents v7,discaffm,non teste,ordinal,150,0.406667,0.186667,,,,1.000000
150,agents v7,fehire,non teste,ordinal,150,0.266667,0.175000,,,,1.000000
150,agents v7,fechld,temoin,ordinal,150,0.440000,0.108889,0.820000,0.711111,0.108889,0.000000
150,agents v7,fepresch,investiguer,ordinal,150,0.413333,0.100000,0.708889,0.608889,0.100000,-0.000000
150,agents v7,fefam,investiguer,ordinal,150,0.320000,0.137778,0.771111,0.633333,0.137778,0.000000
150,agents v7,fepol,non teste,nominal,150,0.786667,0.200000,0.973333,0.773333,0.200000,-0.000000
150,agents v7,mobile16,non teste,ordinal,150,0.360000,0.190000,,,,1.000000
150,agents v7,incom16,temoin,ordinal,150,0.493333,0.101667,0.520000,0.448333,0.071667,0.000000
150,agents v7,dwelown16,non teste,nominal,150,0.653333,0.060000,,,,1.000000
150,agents v7,divorced,temoin,nominal,150,0.706667,0.146667,0.846667,0.700000,0.146667,-0.000000
150,agents v7,posslq/y,temoin,nominal,150,0.620000,0.160000,,,,1.000000
150,agents v7,wrkstat,temoin,nominal,150,0.453333,0.206667,,,,1.000000
150,agents v7,evwork,temoin,nominal,150,0.866667,0.040000,,,,1.000000
150,agents v7,wrkgovt1,non teste,nominal,150,0.840000,0.093333,,,,1.000000
150,agents v7,wrkgovt2,non teste,nominal,150,0.666667,0.240000,,,,1.000000
150,agents v7,partfull,non teste,nominal,150,0.533333,0.133333,,,,1.000000
150,agents v7,wksub1,non teste,nominal,150,0.506667,0.206667,,,,1.000000
150,agents v7,wksup1,non teste,nominal,150,0.473333,0.166667,,,,1.000000
150,agents v7,conarmy,investiguer,ordinal,150,0.506667,0.196667,0.536667,0.700000,-0.163333,-0.000000
150,agents v7,conbus,temoin,ordinal,150,0.573333,0.153333,0.446667,0.446667,-0.000000,0.000000
150,agents v7,conclerg,temoin,ordinal,150,0.460000,0.206667,0.446667,0.300000,0.146667,0.000000
150,agents v7,coneduc,sensible,ordinal,150,0.500000,0.203333,0.493333,0.556667,-0.063333,0.000000
150,agents v7,confed,temoin,ordinal,150,0.493333,0.096667,0.346667,0.403333,-0.056667,0.000000
150,agents v7,confinan,temoin,ordinal,150,0.606667,0.106667,0.403333,0.436667,-0.033333,0.000000
150,agents v7,conjudge,temoin,ordinal,150,0.446667,0.220000,0.450000,0.450000,-0.000000,0.000000
150,agents v7,conlabor,temoin,ordinal,150,0.566667,0.170000,0.500000,0.510000,-0.010000,-0.000000
150,agents v7,conlegis,sensible,ordinal,150,0.513333,0.153333,0.146667,0.300000,-0.153333,0.000000
150,agents v7,conmedic,sensible,ordinal,150,0.400000,0.200000,0.570000,0.696667,-0.126667,0.000000
150,agents v7,conpress,temoin,ordinal,150,0.466667,0.156667,0.396667,0.346667,0.050000,-0.000000
150,agents v7,consci,temoin,ordinal,150,0.433333,0.063333,0.773333,0.710000,0.063333,-0.000000
150,agents v7,contv,temoin,ordinal,150,0.553333,0.103333,0.370000,0.333333,0.036667,0.000000
150,agents v7,joblose,non teste,nominal,150,0.433333,0.132245,,,,1.000000
150,agents v7,jobfind,temoin,nominal,150,0.433333,0.324116,,,,1.000000
150,agents v7,happy,temoin,ordinal,150,0.553333,0.120000,0.553333,0.466667,0.086667,0.000000
150,agents v7,hapmar,non teste,nominal,150,0.686667,0.180000,0.839286,0.586538,0.252747,0.813333
150,agents v7,satjob,temoin,nominal,150,0.433333,0.120000,0.717687,0.645390,0.072297,0.346667
150,agents v7,spdeg*,non teste,nominal,150,0.520000,0.206667,,,,1.000000
150,agents v7,spjew,non teste,nominal,150,0.713333,0.286667,,,,1.000000
150,agents v7,spfund,non teste,nominal,150,0.600000,0.100000,,,,1.000000
150,agents v7,unemp,temoin,nominal,150,0.646667,0.166667,0.746667,0.580000,0.166667,0.000000
150,agents v7,union1,non teste,nominal,150,0.913333,0.013333,,,,1.000000
150,agents v7,spkath/y,temoin,nominal,150,0.726667,0.153333,0.926667,0.773333,0.153333,-0.000000
150,agents v7,colath,temoin,nominal,150,0.700000,0.086667,0.820000,0.733333,0.086667,0.000000
150,agents v7,spkrac/y,sensible,nominal,150,0.546667,0.426667,,,,1.000000
150,agents v7,colrac,temoin,nominal,150,0.720000,0.200000,,,,1.000000
150,agents v7,librac/y,non teste,nominal,150,0.466667,0.413333,,,,1.000000
150,agents v7,spkcom/y,non teste,nominal,150,0.666667,0.226667,0.933333,0.706667,0.226667,-0.000000
150,agents v7,colcom/y,non teste,nominal,150,0.693333,0.200000,0.933333,0.733333,0.200000,-0.000000
150,agents v7,libcom/y,temoin,nominal,150,0.773333,0.186667,0.966667,0.780000,0.186667,0.000000
150,agents v7,spkhomo/y,non teste,nominal,150,0.880000,0.026667,0.946667,0.920000,0.026667,0.000000
150,agents v7,colhomo,non teste,nominal,150,0.886667,0.006667,0.940000,0.933333,0.006667,0.000000
150,agents v7,libhomo/y,non teste,nominal,150,0.833333,0.086667,0.946667,0.860000,0.086667,0.000000
150,agents v7,cappun,temoin,nominal,150,0.560000,0.320000,,,,1.000000
150,agents v7,polhitok/y,temoin,nominal,149,0.617450,0.212304,0.154362,0.366667,-0.212304,0.000000
150,agents v7,polabuse/y,sensible,nominal,149,0.932886,0.053289,0.993289,0.940000,0.053289,0.000000
150,agents v7,polattak/y,sensible,nominal,149,0.604027,0.400000,,,,1.000000
150,agents v7,grass,non teste,nominal,150,0.693333,0.106667,,,,1.000000
150,agents v7,gunlaw,temoin,nominal,149,0.671141,0.219195,,,,1.000000
150,agents v7,owngun,temoin,nominal,150,0.746667,0.040000,,,,1.000000
150,agents v7,hunt1,non teste,nominal,149,0.892617,0.039732,,,,1.000000
150,agents v7,class,non teste,ordinal,150,0.446667,0.204444,,,,1.000000
150,agents v7,satfin,temoin,ordinal,150,0.506667,0.206667,0.543333,0.463333,0.080000,-0.000000
150,agents v7,finalter,temoin,ordinal,150,0.420000,0.186667,0.556667,0.483333,0.073333,0.000000
150,agents v7,finrela,temoin,ordinal,150,0.400000,0.131667,0.511667,0.413333,0.098333,0.000000
150,agents v7,racdif1,temoin,nominal,150,0.606667,0.393333,0.953333,0.560000,0.393333,0.000000
150,agents v7,racdif2,temoin,nominal,150,0.940000,0.060000,1.000000,0.940000,0.060000,0.000000
150,agents v7,racdif3,temoin,nominal,150,0.526667,0.460000,0.966667,0.506667,0.460000,0.000000
150,agents v7,racdif4,temoin,nominal,150,0.746667,0.226667,0.960000,0.733333,0.226667,0.000000
150,agents v7,wlthwhts,non teste,ordinal,150,0.220000,0.109963,,,,1.000000
150,agents v7,wlthblks,non teste,ordinal,150,0.126667,0.202102,,,,1.000000
150,agents v7,wlthhsps,non teste,ordinal,149,0.382550,0.020641,,,,1.000000
150,agents v7,racwork,temoin,nominal,149,0.348993,0.205638,,,,1.000000
150,agents v7,letin1a,temoin,ordinal,149,0.315436,0.193669,0.573826,0.396667,0.177159,0.000000
150,agents v7,getahead,non teste,ordinal,149,0.496644,0.206264,,,,1.000000
150,agents v7,aged,non teste,ordinal,149,0.550336,0.039060,,,,1.000000
150,agents v7,parsol,temoin,ordinal,149,0.255034,0.256186,0.681208,0.475000,0.206208,0.000000
150,agents v7,kidssol,non teste,nominal,149,0.302013,0.550180,,,,1.000000
150,agents v7,spanking,temoin,ordinal,149,0.322148,0.141163,0.642058,0.531111,0.110947,-0.000000
150,agents v7,divlaw,non teste,ordinal,149,0.523490,0.089016,,,,1.000000
150,agents v7,sexeduc,temoin,nominal,149,0.798658,0.079553,0.932886,0.853333,0.079553,0.000000
150,agents v7,pillok,investiguer,ordinal,149,0.442953,0.116957,,,,1.000000
150,agents v7,xmarsex,sensible,ordinal,150,0.526667,0.142222,0.906667,0.764444,0.142222,-0.000000
150,agents v7,homosex,temoin,ordinal,150,0.593333,0.135556,0.826667,0.691111,0.135556,0.000000
150,agents v7,marhomo,temoin,ordinal,150,0.380000,0.066667,0.761667,0.708333,0.053333,0.000000
150,agents v7,discaff,temoin,ordinal,150,0.480000,0.146667,,,,1.000000
150,agents v7,abdefect,temoin,nominal,150,0.846667,0.126667,,,,1.000000
150,agents v7,abnomore,temoin,nominal,150,0.700000,0.260000,,,,1.000000
150,agents v7,abhlth,temoin,nominal,150,0.913333,0.086667,,,,1.000000
150,agents v7,abpoor,investiguer,nominal,150,0.713333,0.260000,,,,1.000000
150,agents v7,abrape,investiguer,nominal,150,0.913333,0.086667,,,,1.000000
150,agents v7,absingle,temoin,nominal,150,0.660000,0.260000,,,,1.000000
150,agents v7,abany,investiguer,nominal,150,0.660000,0.206667,,,,1.000000
150,agents v7,letdie1,temoin,nominal,150,0.766667,0.100000,,,,1.000000
150,agents v7,suicide1,investiguer,nominal,150,0.780000,0.180000,,,,1.000000
150,agents v7,suicide2,non teste,nominal,150,0.733333,0.266667,,,,1.000000
150,agents v7,suicide3,non teste,nominal,150,0.733333,0.160000,,,,1.000000
150,agents v7,suicide4,temoin,nominal,150,0.700000,0.246667,,,,1.000000
150,agents v7,pornlaw,temoin,ordinal,150,0.666667,0.146667,0.516667,0.563333,-0.046667,0.000000
150,agents v7,fair,non teste,ordinal,150,0.386667,0.233333,,,,1.000000
150,agents v7,helpful,non teste,ordinal,150,0.306667,0.303333,,,,1.000000
150,agents v7,trust,non teste,ordinal,150,0.326667,0.300000,,,,1.000000
150,agents v7,tax,non teste,ordinal,150,0.386667,0.200000,,,,1.000000
150,agents v7,vote16,sensible,nominal,150,0.640000,0.173333,0.806667,0.633333,0.173333,-0.000000
150,agents v7,pres16,temoin,nominal,150,0.393333,0.266667,,,,1.000000
150,agents v7,if16who,investiguer,nominal,150,0.513333,0.260000,,,,1.000000
150,agents v7,news,investiguer,ordinal,150,0.213333,0.241667,0.541667,0.376667,0.165000,0.000000
150,agents v7,jew,non teste,nominal,149,0.691275,0.280000,,,,1.000000
150,agents v7,relig16*,non teste,nominal,150,0.386667,0.333333,,,,1.000000
150,agents v7,jew16*,non teste,nominal,150,0.726667,0.260000,,,,1.000000
150,agents v7,attend,sensible,ordinal,149,0.402685,0.164273,0.109060,0.273333,-0.164273,0.000000
150,agents v7,pray,investiguer,ordinal,149,0.281879,0.341879,0.118121,0.460000,-0.341879,-0.000000
150,agents v7,postlife,non teste,nominal,149,0.483221,0.364385,,,,1.000000
150,agents v7,bible,non teste,ordinal,150,0.526667,0.183333,,,,1.000000
150,agents v7,reborn,investiguer,nominal,150,0.460000,0.286667,0.163934,0.427184,-0.263250,0.186667
150,agents v7,savesoul,investiguer,nominal,150,0.706667,0.173333,0.160000,0.333333,-0.173333,0.000000
150,agents v7,granborn,non teste,ordinal,150,0.426667,0.061667,,,,1.000000
150,agents v7,uscitzn*,non teste,nominal,150,0.946667,0.026667,,,,1.000000
150,agents v7,fucitzn,non teste,nominal,150,0.933333,0.026667,,,,1.000000
150,agents v7,mnthsusa,non teste,nominal,150,0.753333,0.220000,,,,1.000000
150,agents v7,income,non teste,ordinal,150,0.360000,0.146815,0.946815,0.800000,0.146815,0.000000
150,agents v7,othlang,temoin,nominal,150,0.720000,0.053333,,,,1.000000
150,agents v7,health,temoin,ordinal,149,0.496644,0.148620,0.648770,0.575556,0.073214,0.000000
150,agents v7,compuse*,temoin,nominal,149,0.973154,0.026667,,,,1.000000
150,agents v7,webmob,non teste,nominal,150,0.933333,0.013333,,,,1.000000
150,agents v7,xmovie,non teste,nominal,150,0.606667,0.140000,0.746667,0.606667,0.140000,0.000000
150,agents v7,usewww*,non teste,nominal,150,0.966667,0.006667,,,,1.000000
150,agents v7,life,temoin,ordinal,150,0.580000,0.056667,0.686667,0.630000,0.056667,0.000000
150,agents v7,richwork,temoin,nominal,150,0.586667,0.013333,0.453333,0.440000,0.013333,-0.000000
150,agents v8,natspac/y,mixte,ordinal,150,0.346667,0.076667,0.403333,0.480000,-0.076667,0.000000
150,agents v8,natenvir/y,temoin,ordinal,150,0.580000,0.096667,0.676667,0.773333,-0.096667,0.000000
150,agents v8,natheal/y,mixte,ordinal,150,0.546667,0.106667,0.706667,0.813333,-0.106667,0.000000
150,agents v8,natcity/y,mixte,ordinal,150,0.380000,0.130000,0.573333,0.503333,0.070000,0.000000
150,agents v8,natdrug/y,temoin,ordinal,150,0.513333,0.066667,0.673333,0.740000,-0.066667,-0.000000
150,agents v8,nateduc/y,temoin,ordinal,150,0.533333,0.093333,0.713333,0.806667,-0.093333,-0.000000
150,agents v8,natrace/y,sensible,ordinal,150,0.533333,0.130000,0.653333,0.576667,0.076667,-0.000000
150,agents v8,natarms/y,temoin,ordinal,150,0.540000,0.033333,0.370000,0.376667,-0.006667,-0.000000
150,agents v8,nataid/y,temoin,ordinal,150,0.466667,0.253333,0.440000,0.186667,0.253333,0.000000
150,agents v8,natfare/y,mixte,ordinal,150,0.446667,0.216667,0.600000,0.816667,-0.216667,-0.000000
150,agents v8,natroad,sensible,ordinal,150,0.420000,0.100000,0.683333,0.743333,-0.060000,-0.000000
150,agents v8,natsoc,temoin,ordinal,150,0.433333,0.206667,0.610000,0.816667,-0.206667,0.000000
150,agents v8,natmass,temoin,ordinal,150,0.486667,0.170000,0.643333,0.693333,-0.050000,0.000000
150,agents v8,natpark,temoin,ordinal,150,0.420000,0.143333,0.586667,0.616667,-0.030000,0.000000
150,agents v8,natchld,sensible,ordinal,150,0.480000,0.103333,0.643333,0.746667,-0.103333,0.000000
150,agents v8,natsci,temoin,ordinal,150,0.453333,0.170000,0.636667,0.586667,0.050000,0.000000
150,agents v8,natenrgy,temoin,ordinal,150,0.560000,0.090000,0.640000,0.656667,-0.016667,-0.000000
150,agents v8,uswary,non teste,nominal,150,0.500000,0.406667,,,,1.000000
150,agents v8,prayer,non teste,nominal,150,0.673333,0.046667,,,,1.000000
150,agents v8,courts,non teste,ordinal,150,0.440000,0.153333,,,,1.000000
150,agents v8,discaffw,non teste,ordinal,150,0.446667,0.077778,,,,1.000000
150,agents v8,discaffm,non teste,ordinal,150,0.326667,0.017778,,,,1.000000
150,agents v8,fehire,non teste,ordinal,150,0.280000,0.101667,,,,1.000000
150,agents v8,fechld,temoin,ordinal,150,0.426667,0.031111,0.702222,0.711111,-0.008889,0.000000
150,agents v8,fepresch,investiguer,ordinal,150,0.446667,0.064444,0.673333,0.608889,0.064444,0.000000
150,agents v8,fefam,investiguer,ordinal,150,0.366667,0.062222,0.628889,0.633333,-0.004444,0.000000
150,agents v8,fepol,non teste,nominal,150,0.806667,0.100000,0.873333,0.773333,0.100000,0.000000
150,agents v8,mobile16,non teste,ordinal,150,0.320000,0.380000,,,,1.000000
150,agents v8,incom16,temoin,ordinal,150,0.440000,0.105000,0.543333,0.448333,0.095000,-0.000000
150,agents v8,dwelown16,non teste,nominal,150,0.720000,0.086667,,,,1.000000
150,agents v8,divorced,temoin,nominal,150,0.686667,0.033333,0.733333,0.700000,0.033333,-0.000000
150,agents v8,posslq/y,temoin,nominal,150,0.420000,0.226667,,,,1.000000
150,agents v8,wrkstat,temoin,nominal,150,0.460000,0.400000,,,,1.000000
150,agents v8,evwork,temoin,nominal,150,0.900000,0.060000,,,,1.000000
150,agents v8,wrkgovt1,non teste,nominal,150,0.840000,0.160000,,,,1.000000
150,agents v8,wrkgovt2,non teste,nominal,150,0.686667,0.313333,,,,1.000000
150,agents v8,partfull,non teste,nominal,150,0.613333,0.133333,,,,1.000000
150,agents v8,wksub1,non teste,nominal,150,0.500000,0.173333,,,,1.000000
150,agents v8,wksup1,non teste,nominal,150,0.473333,0.040000,,,,1.000000
150,agents v8,conarmy,investiguer,ordinal,150,0.473333,0.090000,0.610000,0.700000,-0.090000,-0.000000
150,agents v8,conbus,temoin,ordinal,150,0.526667,0.056667,0.403333,0.446667,-0.043333,0.000000
150,agents v8,conclerg,temoin,ordinal,150,0.400000,0.120000,0.420000,0.300000,0.120000,0.000000
150,agents v8,coneduc,sensible,ordinal,150,0.486667,0.146667,0.416667,0.556667,-0.140000,0.000000
150,agents v8,confed,temoin,ordinal,150,0.493333,0.083333,0.386667,0.403333,-0.016667,-0.000000
150,agents v8,confinan,temoin,ordinal,150,0.593333,0.070000,0.366667,0.436667,-0.070000,-0.000000
150,agents v8,conjudge,temoin,ordinal,150,0.473333,0.033333,0.463333,0.450000,0.013333,0.000000
150,agents v8,conlabor,temoin,ordinal,150,0.560000,0.060000,0.450000,0.510000,-0.060000,0.000000
150,agents v8,conlegis,sensible,ordinal,150,0.440000,0.153333,0.146667,0.300000,-0.153333,0.000000
150,agents v8,conmedic,sensible,ordinal,150,0.453333,0.246667,0.536667,0.696667,-0.160000,-0.000000
150,agents v8,conpress,temoin,ordinal,150,0.580000,0.096667,0.343333,0.346667,-0.003333,-0.000000
150,agents v8,consci,temoin,ordinal,150,0.593333,0.083333,0.626667,0.710000,-0.083333,-0.000000
150,agents v8,contv,temoin,ordinal,150,0.493333,0.040000,0.293333,0.333333,-0.040000,0.000000
150,agents v8,joblose,non teste,nominal,150,0.426667,0.168770,,,,1.000000
150,agents v8,jobfind,temoin,nominal,150,0.413333,0.273333,,,,1.000000
150,agents v8,happy,temoin,ordinal,150,0.573333,0.206667,0.506667,0.466667,0.040000,-0.000000
150,agents v8,hapmar,non teste,nominal,150,0.460000,0.300000,0.526316,0.586538,-0.060223,0.493333
150,agents v8,satjob,temoin,nominal,150,0.460000,0.253333,0.673835,0.645390,0.028445,0.380000
150,agents v8,spdeg*,non teste,nominal,150,0.253333,0.446667,,,,1.000000
150,agents v8,spjew,non teste,nominal,150,0.713333,0.286667,,,,1.000000
150,agents v8,spfund,non teste,nominal,150,0.360000,0.393333,,,,1.000000
150,agents v8,unemp,temoin,nominal,150,0.573333,0.226667,0.806667,0.580000,0.226667,0.000000
150,agents v8,union1,non teste,nominal,150,0.893333,0.013647,,,,1.000000
150,agents v8,spkath/y,temoin,nominal,150,0.666667,0.026667,0.800000,0.773333,0.026667,-0.000000
150,agents v8,colath,temoin,nominal,150,0.633333,0.020000,0.713333,0.733333,-0.020000,0.000000
150,agents v8,spkrac/y,sensible,nominal,150,0.560000,0.440000,,,,1.000000
150,agents v8,colrac,temoin,nominal,150,0.706667,0.120000,,,,1.000000
150,agents v8,librac/y,non teste,nominal,150,0.526667,0.153333,,,,1.000000
150,agents v8,spkcom/y,non teste,nominal,150,0.613333,0.105414,0.812081,0.706667,0.105414,-0.000000
150,agents v8,colcom/y,non teste,nominal,150,0.653333,0.066667,0.800000,0.733333,0.066667,-0.000000
150,agents v8,libcom/y,temoin,nominal,150,0.746667,0.160000,0.940000,0.780000,0.160000,0.000000
150,agents v8,spkhomo/y,non teste,nominal,150,0.826667,0.080000,0.840000,0.920000,-0.080000,0.000000
150,agents v8,colhomo,non teste,nominal,150,0.773333,0.133333,0.800000,0.933333,-0.133333,-0.000000
150,agents v8,libhomo/y,non teste,nominal,150,0.780000,0.046667,0.813333,0.860000,-0.046667,0.000000
150,agents v8,cappun,temoin,nominal,150,0.693333,0.066667,,,,1.000000
150,agents v8,polhitok/y,temoin,nominal,149,0.630872,0.219016,0.147651,0.366667,-0.219016,0.000000
150,agents v8,polabuse/y,sensible,nominal,149,0.939597,0.060000,1.000000,0.940000,0.060000,0.000000
150,agents v8,polattak/y,sensible,nominal,149,0.610738,0.393289,,,,1.000000
150,agents v8,grass,non teste,nominal,150,0.653333,0.000000,,,,1.000000
150,agents v8,gunlaw,temoin,nominal,150,0.700000,0.006667,,,,1.000000
150,agents v8,owngun,temoin,nominal,150,0.633333,0.166667,,,,1.000000
150,agents v8,hunt1,non teste,nominal,149,0.771812,0.087785,,,,1.000000
150,agents v8,class,non teste,ordinal,150,0.340000,0.271111,,,,1.000000
150,agents v8,satfin,temoin,ordinal,150,0.406667,0.230000,0.553333,0.463333,0.090000,0.000000
150,agents v8,finalter,temoin,ordinal,150,0.426667,0.240000,0.563333,0.483333,0.080000,0.000000
150,agents v8,finrela,temoin,ordinal,150,0.313333,0.155000,0.538333,0.413333,0.125000,-0.000000
150,agents v8,racdif1,temoin,nominal,150,0.793333,0.100000,0.660000,0.560000,0.100000,-0.000000
150,agents v8,racdif2,temoin,nominal,150,0.940000,0.060000,1.000000,0.940000,0.060000,0.000000
150,agents v8,racdif3,temoin,nominal,150,0.706667,0.200000,0.706667,0.506667,0.200000,0.000000
150,agents v8,racdif4,temoin,nominal,150,0.713333,0.006667,0.740000,0.733333,0.006667,0.000000
150,agents v8,wlthwhts,non teste,ordinal,150,0.273333,0.130000,,,,1.000000
150,agents v8,wlthblks,non teste,ordinal,150,0.100000,0.204167,,,,1.000000
150,agents v8,wlthhsps,non teste,ordinal,150,0.340000,0.091111,,,,1.000000
150,agents v8,racwork,temoin,nominal,150,0.393333,0.206667,,,,1.000000
150,agents v8,letin1a,temoin,ordinal,150,0.333333,0.111723,0.508389,0.396667,0.111723,0.000000
150,agents v8,getahead,non teste,ordinal,150,0.580000,0.100000,,,,1.000000
150,agents v8,aged,non teste,ordinal,150,0.580000,0.126667,,,,1.000000
150,agents v8,parsol,temoin,ordinal,150,0.240000,0.300000,0.725000,0.475000,0.250000,-0.000000
150,agents v8,kidssol,non teste,nominal,150,0.213333,0.680000,,,,1.000000
150,agents v8,spanking,temoin,ordinal,150,0.433333,0.064444,0.595556,0.531111,0.064444,-0.000000
150,agents v8,divlaw,non teste,ordinal,150,0.393333,0.083333,,,,1.000000
150,agents v8,sexeduc,temoin,nominal,150,0.753333,0.086667,0.766667,0.853333,-0.086667,0.000000
150,agents v8,pillok,investiguer,ordinal,150,0.420000,0.046667,,,,1.000000
150,agents v8,xmarsex,sensible,ordinal,150,0.460000,0.040000,0.742222,0.764444,-0.022222,0.000000
150,agents v8,homosex,temoin,ordinal,150,0.566667,0.048889,0.731111,0.691111,0.040000,0.000000
150,agents v8,marhomo,temoin,ordinal,150,0.426667,0.088333,0.643333,0.708333,-0.065000,-0.000000
150,agents v8,discaff,temoin,ordinal,150,0.606667,0.073333,,,,1.000000
150,agents v8,abdefect,temoin,nominal,150,0.760000,0.000000,,,,1.000000
150,agents v8,abnomore,temoin,nominal,149,0.744966,0.064832,,,,1.000000
150,agents v8,abhlth,temoin,nominal,150,0.880000,0.053333,,,,1.000000
150,agents v8,abpoor,investiguer,nominal,149,0.771812,0.064966,,,,1.000000
150,agents v8,abrape,investiguer,nominal,150,0.860000,0.046667,,,,1.000000
150,agents v8,absingle,temoin,nominal,150,0.733333,0.013333,,,,1.000000
150,agents v8,abany,investiguer,nominal,150,0.760000,0.000000,,,,1.000000
150,agents v8,letdie1,temoin,nominal,150,0.726667,0.046667,,,,1.000000
150,agents v8,suicide1,investiguer,nominal,149,0.697987,0.045324,,,,1.000000
150,agents v8,suicide2,non teste,nominal,149,0.738255,0.266667,,,,1.000000
150,agents v8,suicide3,non teste,nominal,150,0.673333,0.020000,,,,1.000000
150,agents v8,suicide4,temoin,nominal,150,0.653333,0.053333,,,,1.000000
150,agents v8,pornlaw,temoin,ordinal,150,0.633333,0.113333,0.510000,0.563333,-0.053333,0.000000
150,agents v8,fair,non teste,ordinal,150,0.386667,0.166667,,,,1.000000
150,agents v8,helpful,non teste,ordinal,150,0.380000,0.060000,,,,1.000000
150,agents v8,trust,non teste,ordinal,150,0.333333,0.123333,,,,1.000000
150,agents v8,tax,non teste,ordinal,150,0.453333,0.170000,,,,1.000000
150,agents v8,vote16,sensible,nominal,150,0.700000,0.240000,0.866667,0.633333,0.233333,-0.000000
150,agents v8,pres16,temoin,nominal,150,0.553333,0.320000,,,,1.000000
150,agents v8,if16who,investiguer,nominal,150,0.773333,0.066667,,,,1.000000
150,agents v8,news,investiguer,ordinal,150,0.260000,0.348333,0.668333,0.376667,0.291667,0.000000
150,agents v8,jew,non teste,nominal,150,0.686667,0.280000,,,,1.000000
150,agents v8,relig16*,non teste,nominal,150,0.326667,0.433333,,,,1.000000
150,agents v8,jew16*,non teste,nominal,150,0.733333,0.266667,,,,1.000000
150,agents v8,attend,sensible,ordinal,150,0.346667,0.063333,0.225000,0.273333,-0.048333,-0.000000
150,agents v8,pray,investiguer,ordinal,150,0.266667,0.238667,0.221333,0.460000,-0.238667,0.000000
150,agents v8,postlife,non teste,nominal,150,0.606667,0.260000,,,,1.000000
150,agents v8,bible,non teste,ordinal,150,0.506667,0.110000,,,,1.000000
150,agents v8,reborn,investiguer,nominal,150,0.453333,0.233333,0.229508,0.427184,-0.197676,0.186667
150,agents v8,savesoul,investiguer,nominal,150,0.720000,0.146667,0.186667,0.333333,-0.146667,0.000000
150,agents v8,granborn,non teste,ordinal,150,0.480000,0.138333,,,,1.000000
150,agents v8,uscitzn*,non teste,nominal,150,0.946667,0.026667,,,,1.000000
150,agents v8,fucitzn,non teste,nominal,150,0.933333,0.026667,,,,1.000000
150,agents v8,mnthsusa,non teste,nominal,150,0.966667,0.006667,,,,1.000000
150,agents v8,income,non teste,ordinal,150,0.413333,0.179021,0.979021,0.800000,0.179021,0.000000
150,agents v8,othlang,temoin,nominal,150,0.726667,0.006667,,,,1.000000
150,agents v8,health,temoin,ordinal,150,0.473333,0.160000,0.642222,0.575556,0.066667,-0.000000
150,agents v8,compuse*,temoin,nominal,150,0.973333,0.026667,,,,1.000000
150,agents v8,webmob,non teste,nominal,150,0.946667,0.026667,,,,1.000000
150,agents v8,xmovie,non teste,nominal,150,0.640000,0.000000,0.606667,0.606667,0.000000,-0.000000
150,agents v8,usewww*,non teste,nominal,150,0.973333,0.000000,,,,1.000000
150,agents v8,life,temoin,ordinal,150,0.580000,0.083333,0.606667,0.630000,-0.023333,-0.000000
150,agents v8,richwork,temoin,nominal,150,0.580000,0.153333,0.593333,0.440000,0.153333,0.000000
150,B0 mode,natspac/y,mixte,ordinal,150,0.520000,0.240000,0.500000,0.480000,0.020000,0.000000
150,B0 mode,natenvir/y,temoin,ordinal,150,0.640000,0.226667,1.000000,0.773333,0.226667,0.000000
150,B0 mode,natheal/y,mixte,ordinal,150,0.673333,0.186667,1.000000,0.813333,0.186667,0.000000
150,B0 mode,natcity/y,mixte,ordinal,150,0.553333,0.223333,0.500000,0.503333,-0.003333,0.000000
150,B0 mode,natdrug/y,temoin,ordinal,150,0.573333,0.260000,1.000000,0.740000,0.260000,0.000000
150,B0 mode,nateduc/y,temoin,ordinal,150,0.673333,0.193333,1.000000,0.806667,0.193333,0.000000
150,B0 mode,natrace/y,sensible,ordinal,150,0.426667,0.170000,0.600000,0.576667,0.023333,-0.000000
150,B0 mode,natarms/y,temoin,ordinal,150,0.273333,0.223333,0.400000,0.376667,0.023333,-0.000000
150,B0 mode,nataid/y,temoin,ordinal,150,0.686667,0.186667,0.000000,0.186667,-0.186667,0.000000
150,B0 mode,natfare/y,mixte,ordinal,150,0.700000,0.183333,1.000000,0.816667,0.183333,0.000000
150,B0 mode,natroad,sensible,ordinal,150,0.533333,0.256667,1.000000,0.743333,0.256667,0.000000
150,B0 mode,natsoc,temoin,ordinal,150,0.666667,0.183333,1.000000,0.816667,0.183333,0.000000
150,B0 mode,natmass,temoin,ordinal,150,0.480000,0.260000,0.500000,0.693333,-0.193333,0.000000
150,B0 mode,natpark,temoin,ordinal,150,0.620000,0.190000,0.500000,0.616667,-0.116667,0.000000
150,B0 mode,natchld,sensible,ordinal,150,0.573333,0.253333,1.000000,0.746667,0.253333,0.000000
150,B0 mode,natsci,temoin,ordinal,150,0.586667,0.206667,0.500000,0.586667,-0.086667,0.000000
150,B0 mode,natenrgy,temoin,ordinal,150,0.466667,0.343333,1.000000,0.656667,0.343333,0.000000
150,B0 mode,uswary,non teste,nominal,150,0.526667,0.473333,,,,1.000000
150,B0 mode,prayer,non teste,nominal,150,0.673333,0.326667,,,,1.000000
150,B0 mode,courts,non teste,ordinal,150,0.453333,0.376667,,,,1.000000
150,B0 mode,discaffw,non teste,ordinal,150,0.440000,0.237778,,,,1.000000
150,B0 mode,discaffm,non teste,ordinal,150,0.406667,0.224444,,,,1.000000
150,B0 mode,fehire,non teste,ordinal,150,0.280000,0.141667,,,,1.000000
150,B0 mode,fechld,temoin,ordinal,150,0.486667,0.182222,0.666667,0.711111,-0.044444,0.000000
150,B0 mode,fepresch,investiguer,ordinal,150,0.440000,0.204444,0.666667,0.608889,0.057778,0.000000
150,B0 mode,fefam,investiguer,ordinal,150,0.413333,0.224444,0.666667,0.633333,0.033333,0.000000
150,B0 mode,fepol,non teste,nominal,150,0.773333,0.226667,1.000000,0.773333,0.226667,0.000000
150,B0 mode,mobile16,non teste,ordinal,150,0.393333,0.436667,,,,1.000000
150,B0 mode,incom16,temoin,ordinal,150,0.520000,0.141667,0.500000,0.448333,0.051667,0.000000
150,B0 mode,dwelown16,non teste,nominal,150,0.733333,0.266667,,,,1.000000
150,B0 mode,divorced,temoin,nominal,150,0.700000,0.300000,1.000000,0.700000,0.300000,0.000000
150,B0 mode,posslq/y,temoin,nominal,150,0.460000,0.540000,,,,1.000000
150,B0 mode,wrkstat,temoin,nominal,150,0.406667,0.593333,,,,1.000000
150,B0 mode,evwork,temoin,nominal,150,0.893333,0.106667,,,,1.000000
150,B0 mode,wrkgovt1,non teste,nominal,150,0.840000,0.160000,,,,1.000000
150,B0 mode,wrkgovt2,non teste,nominal,150,0.686667,0.313333,,,,1.000000
150,B0 mode,partfull,non teste,nominal,150,0.520000,0.480000,,,,1.000000
150,B0 mode,wksub1,non teste,nominal,150,0.480000,0.520000,,,,1.000000
150,B0 mode,wksup1,non teste,nominal,150,0.440000,0.340000,,,,1.000000
150,B0 mode,conarmy,investiguer,ordinal,150,0.466667,0.300000,1.000000,0.700000,0.300000,0.000000
150,B0 mode,conbus,temoin,ordinal,150,0.586667,0.206667,0.500000,0.446667,0.053333,0.000000
150,B0 mode,conclerg,temoin,ordinal,150,0.520000,0.300000,0.000000,0.300000,-0.300000,0.000000
150,B0 mode,coneduc,sensible,ordinal,150,0.540000,0.230000,0.500000,0.556667,-0.056667,0.000000
150,B0 mode,confed,temoin,ordinal,150,0.500000,0.250000,0.500000,0.403333,0.096667,0.000000
150,B0 mode,confinan,temoin,ordinal,150,0.593333,0.203333,0.500000,0.436667,0.063333,0.000000
150,B0 mode,conjudge,temoin,ordinal,150,0.446667,0.276667,0.500000,0.450000,0.050000,0.000000
150,B0 mode,conlabor,temoin,ordinal,150,0.580000,0.210000,0.500000,0.510000,-0.010000,0.000000
150,B0 mode,conlegis,sensible,ordinal,150,0.493333,0.300000,0.000000,0.300000,-0.300000,0.000000
150,B0 mode,conmedic,sensible,ordinal,150,0.466667,0.183333,0.600000,0.696667,-0.096667,-0.000000
150,B0 mode,conpress,temoin,ordinal,150,0.480000,0.260000,0.500000,0.346667,0.153333,0.000000
150,B0 mode,consci,temoin,ordinal,150,0.506667,0.290000,1.000000,0.710000,0.290000,0.000000
150,B0 mode,contv,temoin,ordinal,150,0.533333,0.233333,0.500000,0.333333,0.166667,0.000000
150,B0 mode,joblose,non teste,nominal,150,0.386667,0.613333,,,,1.000000
150,B0 mode,jobfind,temoin,nominal,150,0.373333,0.626667,,,,1.000000
150,B0 mode,happy,temoin,ordinal,150,0.573333,0.213333,0.500000,0.466667,0.033333,0.000000
150,B0 mode,hapmar,non teste,nominal,150,0.653333,0.346667,,0.586538,,1.000000
150,B0 mode,satjob,temoin,nominal,150,0.373333,0.626667,,0.645390,,1.000000
150,B0 mode,spdeg*,non teste,nominal,150,0.586667,0.413333,,,,1.000000
150,B0 mode,spjew,non teste,nominal,150,0.713333,0.286667,,,,1.000000
150,B0 mode,spfund,non teste,nominal,150,0.740000,0.260000,,,,1.000000
150,B0 mode,unemp,temoin,nominal,150,0.580000,0.420000,1.000000,0.580000,0.420000,0.000000
150,B0 mode,union1,non teste,nominal,150,0.953333,0.046667,,,,1.000000
150,B0 mode,spkath/y,temoin,nominal,150,0.773333,0.226667,1.000000,0.773333,0.226667,0.000000
150,B0 mode,colath,temoin,nominal,150,0.733333,0.266667,1.000000,0.733333,0.266667,0.000000
150,B0 mode,spkrac/y,sensible,nominal,150,0.560000,0.440000,,,,1.000000
150,B0 mode,colrac,temoin,nominal,150,0.746667,0.253333,,,,1.000000
150,B0 mode,librac/y,non teste,nominal,150,0.566667,0.433333,,,,1.000000
150,B0 mode,spkcom/y,non teste,nominal,150,0.706667,0.293333,1.000000,0.706667,0.293333,0.000000
150,B0 mode,colcom/y,non teste,nominal,150,0.733333,0.266667,1.000000,0.733333,0.266667,0.000000
150,B0 mode,libcom/y,temoin,nominal,150,0.780000,0.220000,1.000000,0.780000,0.220000,0.000000
150,B0 mode,spkhomo/y,non teste,nominal,150,0.920000,0.080000,1.000000,0.920000,0.080000,0.000000
150,B0 mode,colhomo,non teste,nominal,150,0.933333,0.066667,1.000000,0.933333,0.066667,0.000000
150,B0 mode,libhomo/y,non teste,nominal,150,0.860000,0.140000,1.000000,0.860000,0.140000,0.000000
150,B0 mode,cappun,temoin,nominal,150,0.520000,0.480000,,,,1.000000
150,B0 mode,polhitok/y,temoin,nominal,150,0.633333,0.366667,0.000000,0.366667,-0.366667,0.000000
150,B0 mode,polabuse/y,sensible,nominal,150,0.940000,0.060000,1.000000,0.940000,0.060000,0.000000
150,B0 mode,polattak/y,sensible,nominal,150,0.600000,0.400000,,,,1.000000
150,B0 mode,grass,non teste,nominal,150,0.733333,0.266667,,,,1.000000
150,B0 mode,gunlaw,temoin,nominal,150,0.660000,0.340000,,,,1.000000
150,B0 mode,owngun,temoin,nominal,150,0.780000,0.220000,,,,1.000000
150,B0 mode,hunt1,non teste,nominal,150,0.920000,0.080000,,,,1.000000
150,B0 mode,class,non teste,ordinal,150,0.440000,0.195556,,,,1.000000
150,B0 mode,satfin,temoin,ordinal,150,0.433333,0.283333,0.500000,0.463333,0.036667,0.000000
150,B0 mode,finalter,temoin,ordinal,150,0.393333,0.303333,0.500000,0.483333,0.016667,0.000000
150,B0 mode,finrela,temoin,ordinal,150,0.386667,0.193333,0.500000,0.413333,0.086667,0.000000
150,B0 mode,racdif1,temoin,nominal,150,0.560000,0.440000,1.000000,0.560000,0.440000,0.000000
150,B0 mode,racdif2,temoin,nominal,150,0.940000,0.060000,1.000000,0.940000,0.060000,0.000000
150,B0 mode,racdif3,temoin,nominal,150,0.493333,0.306667,0.200000,0.506667,-0.306667,-0.000000
150,B0 mode,racdif4,temoin,nominal,150,0.733333,0.266667,1.000000,0.733333,0.266667,0.000000
150,B0 mode,wlthwhts,non teste,ordinal,150,0.566667,0.091111,,,,1.000000
150,B0 mode,wlthblks,non teste,ordinal,150,0.520000,0.086667,,,,1.000000
150,B0 mode,wlthhsps,non teste,ordinal,150,0.433333,0.033333,,,,1.000000
150,B0 mode,racwork,temoin,nominal,150,0.346667,0.653333,,,,1.000000
150,B0 mode,letin1a,temoin,ordinal,150,0.380000,0.243333,0.500000,0.396667,0.103333,0.000000
150,B0 mode,getahead,non teste,ordinal,150,0.466667,0.266667,,,,1.000000
150,B0 mode,aged,non teste,ordinal,150,0.640000,0.180000,,,,1.000000
150,B0 mode,parsol,temoin,ordinal,150,0.260000,0.248333,0.500000,0.475000,0.025000,0.000000
150,B0 mode,kidssol,non teste,nominal,150,0.313333,0.686667,,,,1.000000
150,B0 mode,spanking,temoin,ordinal,150,0.306667,0.313333,0.333333,0.531111,-0.197778,0.000000
150,B0 mode,divlaw,non teste,ordinal,150,0.526667,0.236667,,,,1.000000
150,B0 mode,sexeduc,temoin,nominal,150,0.853333,0.146667,1.000000,0.853333,0.146667,0.000000
150,B0 mode,pillok,investiguer,ordinal,150,0.366667,0.173333,,,,1.000000
150,B0 mode,xmarsex,sensible,ordinal,150,0.533333,0.235556,1.000000,0.764444,0.235556,0.000000
150,B0 mode,homosex,temoin,ordinal,150,0.566667,0.308889,1.000000,0.691111,0.308889,0.000000
150,B0 mode,marhomo,temoin,ordinal,150,0.493333,0.291667,1.000000,0.708333,0.291667,0.000000
150,B0 mode,discaff,temoin,ordinal,150,0.526667,0.286667,,,,1.000000
150,B0 mode,abdefect,temoin,nominal,150,0.820000,0.180000,,,,1.000000
150,B0 mode,abnomore,temoin,nominal,150,0.660000,0.340000,,,,1.000000
150,B0 mode,abhlth,temoin,nominal,150,0.906667,0.093333,,,,1.000000
150,B0 mode,abpoor,investiguer,nominal,150,0.680000,0.320000,,,,1.000000
150,B0 mode,abrape,investiguer,nominal,150,0.893333,0.106667,,,,1.000000
150,B0 mode,absingle,temoin,nominal,150,0.640000,0.360000,,,,1.000000
150,B0 mode,abany,investiguer,nominal,150,0.640000,0.360000,,,,1.000000
150,B0 mode,letdie1,temoin,nominal,150,0.793333,0.206667,,,,1.000000
150,B0 mode,suicide1,investiguer,nominal,150,0.753333,0.246667,,,,1.000000
150,B0 mode,suicide2,non teste,nominal,150,0.733333,0.266667,,,,1.000000
150,B0 mode,suicide3,non teste,nominal,150,0.746667,0.253333,,,,1.000000
150,B0 mode,suicide4,temoin,nominal,150,0.653333,0.346667,,,,1.000000
150,B0 mode,pornlaw,temoin,ordinal,150,0.660000,0.170000,0.500000,0.563333,-0.063333,0.000000
150,B0 mode,fair,non teste,ordinal,150,0.400000,0.300000,,,,1.000000
150,B0 mode,helpful,non teste,ordinal,150,0.380000,0.310000,,,,1.000000
150,B0 mode,trust,non teste,ordinal,150,0.486667,0.340000,,,,1.000000
150,B0 mode,tax,non teste,ordinal,150,0.633333,0.200000,,,,1.000000
150,B0 mode,vote16,sensible,nominal,150,0.633333,0.366667,1.000000,0.633333,0.366667,0.000000
150,B0 mode,pres16,temoin,nominal,150,0.313333,0.686667,,,,1.000000
150,B0 mode,if16who,investiguer,nominal,150,0.460000,0.540000,,,,1.000000
150,B0 mode,news,investiguer,ordinal,150,0.400000,0.376667,0.000000,0.376667,-0.376667,0.000000
150,B0 mode,jew,non teste,nominal,150,0.706667,0.293333,,,,1.000000
150,B0 mode,relig16*,non teste,nominal,150,0.293333,0.706667,,,,1.000000
150,B0 mode,jew16*,non teste,nominal,150,0.733333,0.266667,,,,1.000000
150,B0 mode,attend,sensible,ordinal,150,0.446667,0.273333,0.000000,0.273333,-0.273333,0.000000
150,B0 mode,pray,investiguer,ordinal,150,0.340000,0.460000,0.000000,0.460000,-0.460000,0.000000
150,B0 mode,postlife,non teste,nominal,150,0.706667,0.293333,,,,1.000000
150,B0 mode,bible,non teste,ordinal,150,0.420000,0.290000,,,,1.000000
150,B0 mode,reborn,investiguer,nominal,150,0.393333,0.606667,0.000000,0.427184,-0.427184,0.000000
150,B0 mode,savesoul,investiguer,nominal,150,0.666667,0.333333,0.000000,0.333333,-0.333333,0.000000
150,B0 mode,granborn,non teste,ordinal,150,0.553333,0.323333,,,,1.000000
150,B0 mode,uscitzn*,non teste,nominal,150,0.986667,0.013333,,,,1.000000
150,B0 mode,fucitzn,non teste,nominal,150,0.973333,0.026667,,,,1.000000
150,B0 mode,mnthsusa,non teste,nominal,150,0.986667,0.013333,,,,1.000000
150,B0 mode,income,non teste,ordinal,150,0.473333,0.200000,1.000000,0.800000,0.200000,0.000000
150,B0 mode,othlang,temoin,nominal,150,0.740000,0.260000,,,,1.000000
150,B0 mode,health,temoin,ordinal,150,0.493333,0.188889,0.666667,0.575556,0.091111,0.000000
150,B0 mode,compuse*,temoin,nominal,150,0.973333,0.026667,,,,1.000000
150,B0 mode,webmob,non teste,nominal,150,0.960000,0.040000,,,,1.000000
150,B0 mode,xmovie,non teste,nominal,150,0.606667,0.393333,1.000000,0.606667,0.393333,0.000000
150,B0 mode,usewww*,non teste,nominal,150,0.986667,0.013333,,,,1.000000
150,B0 mode,life,temoin,ordinal,150,0.620000,0.190000,0.500000,0.630000,-0.130000,0.000000
150,B0 mode,richwork,temoin,nominal,150,0.560000,0.440000,0.000000,0.440000,-0.440000,0.000000
150,B0 tirage,natspac/y,mixte,ordinal,150,0.433333,0.050000,0.430000,0.480000,-0.050000,0.000000
150,B0 tirage,natenvir/y,temoin,ordinal,150,0.553333,0.046667,0.820000,0.773333,0.046667,-0.000000
150,B0 tirage,natheal/y,mixte,ordinal,150,0.526667,0.030000,0.836667,0.813333,0.023333,-0.000000
150,B0 tirage,natcity/y,mixte,ordinal,150,0.393333,0.060000,0.503333,0.503333,-0.000000,0.000000
150,B0 tirage,natdrug/y,temoin,ordinal,150,0.460000,0.000000,0.740000,0.740000,0.000000,0.000000
150,B0 tirage,nateduc/y,temoin,ordinal,150,0.553333,0.043333,0.836667,0.806667,0.030000,-0.000000
150,B0 tirage,natrace/y,sensible,ordinal,150,0.346667,0.023333,0.573333,0.576667,-0.003333,0.000000
150,B0 tirage,natarms/y,temoin,ordinal,150,0.393333,0.023333,0.380000,0.376667,0.003333,0.000000
150,B0 tirage,nataid/y,temoin,ordinal,150,0.473333,0.056667,0.243333,0.186667,0.056667,0.000000
150,B0 tirage,natfare/y,mixte,ordinal,150,0.546667,0.023333,0.793333,0.816667,-0.023333,-0.000000
150,B0 tirage,natroad,sensible,ordinal,150,0.420000,0.040000,0.703333,0.743333,-0.040000,0.000000
150,B0 tirage,natsoc,temoin,ordinal,150,0.580000,0.033333,0.850000,0.816667,0.033333,-0.000000
150,B0 tirage,natmass,temoin,ordinal,150,0.380000,0.036667,0.656667,0.693333,-0.036667,0.000000
150,B0 tirage,natpark,temoin,ordinal,150,0.526667,0.036667,0.580000,0.616667,-0.036667,-0.000000
150,B0 tirage,natchld,sensible,ordinal,150,0.500000,0.013333,0.733333,0.746667,-0.013333,-0.000000
150,B0 tirage,natsci,temoin,ordinal,150,0.466667,0.006667,0.593333,0.586667,0.006667,0.000000
150,B0 tirage,natenrgy,temoin,ordinal,150,0.386667,0.073333,0.730000,0.656667,0.073333,-0.000000
150,B0 tirage,uswary,non teste,nominal,150,0.473333,0.033333,,,,1.000000
150,B0 tirage,prayer,non teste,nominal,150,0.546667,0.066667,,,,1.000000
150,B0 tirage,courts,non teste,ordinal,150,0.346667,0.026667,,,,1.000000
150,B0 tirage,discaffw,non teste,ordinal,150,0.313333,0.051111,,,,1.000000
150,B0 tirage,discaffm,non teste,ordinal,150,0.346667,0.048889,,,,1.000000
150,B0 tirage,fehire,non teste,ordinal,150,0.173333,0.025000,,,,1.000000
150,B0 tirage,fechld,temoin,ordinal,150,0.340000,0.022222,0.715556,0.711111,0.004444,-0.000000
150,B0 tirage,fepresch,investiguer,ordinal,150,0.293333,0.020000,0.620000,0.608889,0.011111,-0.000000
150,B0 tirage,fefam,investiguer,ordinal,150,0.286667,0.008889,0.624444,0.633333,-0.008889,-0.000000
150,B0 tirage,fepol,non teste,nominal,150,0.653333,0.013333,0.786667,0.773333,0.013333,-0.000000
150,B0 tirage,mobile16,non teste,ordinal,150,0.273333,0.060000,,,,1.000000
150,B0 tirage,incom16,temoin,ordinal,150,0.360000,0.026667,0.438333,0.448333,-0.010000,0.000000
150,B0 tirage,dwelown16,non teste,nominal,150,0.553333,0.080000,,,,1.000000
150,B0 tirage,divorced,temoin,nominal,150,0.540000,0.020000,0.720000,0.700000,0.020000,-0.000000
150,B0 tirage,posslq/y,temoin,nominal,150,0.406667,0.080000,,,,1.000000
150,B0 tirage,wrkstat,temoin,nominal,150,0.266667,0.080000,,,,1.000000
150,B0 tirage,evwork,temoin,nominal,150,0.800000,0.013333,,,,1.000000
150,B0 tirage,wrkgovt1,non teste,nominal,150,0.673333,0.033333,,,,1.000000
150,B0 tirage,wrkgovt2,non teste,nominal,150,0.553333,0.020000,,,,1.000000
150,B0 tirage,partfull,non teste,nominal,150,0.360000,0.106667,,,,1.000000
150,B0 tirage,wksub1,non teste,nominal,150,0.380000,0.013333,,,,1.000000
150,B0 tirage,wksup1,non teste,nominal,150,0.413333,0.140000,,,,1.000000
150,B0 tirage,conarmy,investiguer,ordinal,150,0.426667,0.013333,0.693333,0.700000,-0.006667,0.000000
150,B0 tirage,conbus,temoin,ordinal,150,0.433333,0.043333,0.403333,0.446667,-0.043333,-0.000000
150,B0 tirage,conclerg,temoin,ordinal,150,0.393333,0.033333,0.333333,0.300000,0.033333,-0.000000
150,B0 tirage,coneduc,sensible,ordinal,150,0.453333,0.053333,0.563333,0.556667,0.006667,0.000000
150,B0 tirage,confed,temoin,ordinal,150,0.406667,0.026667,0.376667,0.403333,-0.026667,0.000000
150,B0 tirage,confinan,temoin,ordinal,150,0.440000,0.013333,0.423333,0.436667,-0.013333,0.000000
150,B0 tirage,conjudge,temoin,ordinal,150,0.400000,0.043333,0.406667,0.450000,-0.043333,0.000000
150,B0 tirage,conlabor,temoin,ordinal,150,0.393333,0.033333,0.543333,0.510000,0.033333,0.000000
150,B0 tirage,conlegis,sensible,ordinal,150,0.426667,0.026667,0.273333,0.300000,-0.026667,0.000000
150,B0 tirage,conmedic,sensible,ordinal,150,0.406667,0.050000,0.646667,0.696667,-0.050000,-0.000000
150,B0 tirage,conpress,temoin,ordinal,150,0.460000,0.026667,0.326667,0.346667,-0.020000,-0.000000
150,B0 tirage,consci,temoin,ordinal,150,0.400000,0.046667,0.710000,0.710000,-0.000000,-0.000000
150,B0 tirage,contv,temoin,ordinal,150,0.406667,0.076667,0.410000,0.333333,0.076667,0.000000
150,B0 tirage,joblose,non teste,nominal,150,0.313333,0.026667,,,,1.000000
150,B0 tirage,jobfind,temoin,nominal,150,0.280000,0.113333,,,,1.000000
150,B0 tirage,happy,temoin,ordinal,150,0.426667,0.026667,0.453333,0.466667,-0.013333,0.000000
150,B0 tirage,hapmar,non teste,nominal,150,0.406667,0.093333,0.713115,0.586538,0.126576,0.593333
150,B0 tirage,satjob,temoin,nominal,150,0.306667,0.113333,0.670782,0.645390,0.025392,0.460000
150,B0 tirage,spdeg*,non teste,nominal,150,0.353333,0.060000,,,,1.000000
150,B0 tirage,spjew,non teste,nominal,150,0.520000,0.026667,,,,1.000000
150,B0 tirage,spfund,non teste,nominal,150,0.573333,0.046667,,,,1.000000
150,B0 tirage,unemp,temoin,nominal,150,0.506667,0.053333,0.633333,0.580000,0.053333,0.000000
150,B0 tirage,union1,non teste,nominal,150,0.846667,0.060000,,,,1.000000
150,B0 tirage,spkath/y,temoin,nominal,150,0.726667,0.113333,0.886667,0.773333,0.113333,0.000000
150,B0 tirage,colath,temoin,nominal,150,0.613333,0.026667,0.760000,0.733333,0.026667,0.000000
150,B0 tirage,spkrac/y,sensible,nominal,150,0.546667,0.040000,,,,1.000000
150,B0 tirage,colrac,temoin,nominal,150,0.566667,0.100000,,,,1.000000
150,B0 tirage,librac/y,non teste,nominal,150,0.480000,0.013333,,,,1.000000
150,B0 tirage,spkcom/y,non teste,nominal,150,0.533333,0.066667,0.640000,0.706667,-0.066667,0.000000
150,B0 tirage,colcom/y,non teste,nominal,150,0.606667,0.060000,0.673333,0.733333,-0.060000,0.000000
150,B0 tirage,libcom/y,temoin,nominal,150,0.666667,0.026667,0.753333,0.780000,-0.026667,0.000000
150,B0 tirage,spkhomo/y,non teste,nominal,150,0.873333,0.020000,0.940000,0.920000,0.020000,0.000000
150,B0 tirage,colhomo,non teste,nominal,150,0.880000,0.013333,0.946667,0.933333,0.013333,0.000000
150,B0 tirage,libhomo/y,non teste,nominal,150,0.773333,0.026667,0.886667,0.860000,0.026667,0.000000
150,B0 tirage,cappun,temoin,nominal,150,0.526667,0.166667,,,,1.000000
150,B0 tirage,polhitok/y,temoin,nominal,150,0.546667,0.066667,0.300000,0.366667,-0.066667,0.000000
150,B0 tirage,polabuse/y,sensible,nominal,150,0.886667,0.006667,0.946667,0.940000,0.006667,0.000000
150,B0 tirage,polattak/y,sensible,nominal,150,0.593333,0.100000,,,,1.000000
150,B0 tirage,grass,non teste,nominal,150,0.566667,0.033333,,,,1.000000
150,B0 tirage,gunlaw,temoin,nominal,150,0.540000,0.033333,,,,1.000000
150,B0 tirage,owngun,temoin,nominal,150,0.593333,0.060000,,,,1.000000
150,B0 tirage,hunt1,non teste,nominal,150,0.846667,0.026667,,,,1.000000
150,B0 tirage,class,non teste,ordinal,150,0.286667,0.017778,,,,1.000000
150,B0 tirage,satfin,temoin,ordinal,150,0.373333,0.023333,0.486667,0.463333,0.023333,-0.000000
150,B0 tirage,finalter,temoin,ordinal,150,0.346667,0.030000,0.453333,0.483333,-0.030000,-0.000000
150,B0 tirage,finrela,temoin,ordinal,150,0.266667,0.038333,0.431667,0.413333,0.018333,-0.000000
150,B0 tirage,racdif1,temoin,nominal,150,0.500000,0.073333,0.486667,0.560000,-0.073333,0.000000
150,B0 tirage,racdif2,temoin,nominal,150,0.873333,0.006667,0.933333,0.940000,-0.006667,-0.000000
150,B0 tirage,racdif3,temoin,nominal,150,0.546667,0.120000,0.626667,0.506667,0.120000,0.000000
150,B0 tirage,racdif4,temoin,nominal,150,0.706667,0.040000,0.773333,0.733333,0.040000,0.000000
150,B0 tirage,wlthwhts,non teste,ordinal,150,0.446667,0.021111,,,,1.000000
150,B0 tirage,wlthblks,non teste,ordinal,150,0.386667,0.010000,,,,1.000000
150,B0 tirage,wlthhsps,non teste,ordinal,150,0.333333,0.031111,,,,1.000000
150,B0 tirage,racwork,temoin,nominal,150,0.246667,0.066667,,,,1.000000
150,B0 tirage,letin1a,temoin,ordinal,150,0.220000,0.028333,0.368333,0.396667,-0.028333,0.000000
150,B0 tirage,getahead,non teste,ordinal,150,0.426667,0.023333,,,,1.000000
150,B0 tirage,aged,non teste,ordinal,150,0.546667,0.013333,,,,1.000000
150,B0 tirage,parsol,temoin,ordinal,150,0.333333,0.028333,0.503333,0.475000,0.028333,0.000000
150,B0 tirage,kidssol,non teste,nominal,150,0.173333,0.113333,,,,1.000000
150,B0 tirage,spanking,temoin,ordinal,150,0.246667,0.022222,0.517778,0.531111,-0.013333,0.000000
150,B0 tirage,divlaw,non teste,ordinal,150,0.493333,0.050000,,,,1.000000
150,B0 tirage,sexeduc,temoin,nominal,150,0.753333,0.020000,0.833333,0.853333,-0.020000,0.000000
150,B0 tirage,pillok,investiguer,ordinal,150,0.273333,0.033333,,,,1.000000
150,B0 tirage,xmarsex,sensible,ordinal,150,0.360000,0.024444,0.771111,0.764444,0.006667,0.000000
150,B0 tirage,homosex,temoin,ordinal,150,0.413333,0.093333,0.597778,0.691111,-0.093333,-0.000000
150,B0 tirage,marhomo,temoin,ordinal,150,0.346667,0.026667,0.735000,0.708333,0.026667,-0.000000
150,B0 tirage,discaff,temoin,ordinal,150,0.453333,0.040000,,,,1.000000
150,B0 tirage,abdefect,temoin,nominal,150,0.680000,0.040000,,,,1.000000
150,B0 tirage,abnomore,temoin,nominal,150,0.580000,0.073333,,,,1.000000
150,B0 tirage,abhlth,temoin,nominal,150,0.886667,0.073333,,,,1.000000
150,B0 tirage,abpoor,investiguer,nominal,150,0.580000,0.006667,,,,1.000000
150,B0 tirage,abrape,investiguer,nominal,150,0.793333,0.006667,,,,1.000000
150,B0 tirage,absingle,temoin,nominal,150,0.513333,0.046667,,,,1.000000
150,B0 tirage,abany,investiguer,nominal,150,0.486667,0.006667,,,,1.000000
150,B0 tirage,letdie1,temoin,nominal,150,0.640000,0.013333,,,,1.000000
150,B0 tirage,suicide1,investiguer,nominal,150,0.620000,0.006667,,,,1.000000
150,B0 tirage,suicide2,non teste,nominal,150,0.626667,0.000000,,,,1.000000
150,B0 tirage,suicide3,non teste,nominal,150,0.640000,0.013333,,,,1.000000
150,B0 tirage,suicide4,temoin,nominal,150,0.506667,0.013333,,,,1.000000
150,B0 tirage,pornlaw,temoin,ordinal,150,0.493333,0.020000,0.583333,0.563333,0.020000,0.000000
150,B0 tirage,fair,non teste,ordinal,150,0.386667,0.046667,,,,1.000000
150,B0 tirage,helpful,non teste,ordinal,150,0.353333,0.010000,,,,1.000000
150,B0 tirage,trust,non teste,ordinal,150,0.333333,0.043333,,,,1.000000
150,B0 tirage,tax,non teste,ordinal,150,0.486667,0.046667,,,,1.000000
150,B0 tirage,vote16,sensible,nominal,150,0.513333,0.060000,0.693333,0.633333,0.060000,0.000000
150,B0 tirage,pres16,temoin,nominal,150,0.286667,0.053333,,,,1.000000
150,B0 tirage,if16who,investiguer,nominal,150,0.373333,0.053333,,,,1.000000
150,B0 tirage,news,investiguer,ordinal,150,0.260000,0.028333,0.348333,0.376667,-0.028333,-0.000000
150,B0 tirage,jew,non teste,nominal,150,0.560000,0.033333,,,,1.000000
150,B0 tirage,relig16*,non teste,nominal,150,0.206667,0.093333,,,,1.000000
150,B0 tirage,jew16*,non teste,nominal,150,0.640000,0.113333,,,,1.000000
150,B0 tirage,attend,sensible,ordinal,150,0.280000,0.022500,0.259167,0.273333,-0.014167,-0.000000
150,B0 tirage,pray,investiguer,ordinal,150,0.180000,0.038667,0.498667,0.460000,0.038667,-0.000000
150,B0 tirage,postlife,non teste,nominal,150,0.560000,0.013333,,,,1.000000
150,B0 tirage,bible,non teste,ordinal,150,0.280000,0.036667,,,,1.000000
150,B0 tirage,reborn,investiguer,nominal,150,0.333333,0.060000,0.381818,0.427184,-0.045366,0.266667
150,B0 tirage,savesoul,investiguer,nominal,150,0.593333,0.006667,0.326667,0.333333,-0.006667,0.000000
150,B0 tirage,granborn,non teste,ordinal,150,0.433333,0.015000,,,,1.000000
150,B0 tirage,uscitzn*,non teste,nominal,150,0.986667,0.013333,,,,1.000000
150,B0 tirage,fucitzn,non teste,nominal,150,0.966667,0.020000,,,,1.000000
150,B0 tirage,mnthsusa,non teste,nominal,150,0.953333,0.020000,,,,1.000000
150,B0 tirage,income,non teste,ordinal,150,0.266667,0.066061,0.736364,0.800000,-0.063636,-0.000000
150,B0 tirage,othlang,temoin,nominal,150,0.546667,0.026667,,,,1.000000
150,B0 tirage,health,temoin,ordinal,150,0.366667,0.013333,0.562222,0.575556,-0.013333,0.000000
150,B0 tirage,compuse*,temoin,nominal,150,0.946667,0.000000,,,,1.000000
150,B0 tirage,webmob,non teste,nominal,150,0.960000,0.040000,,,,1.000000
150,B0 tirage,xmovie,non teste,nominal,150,0.500000,0.033333,0.640000,0.606667,0.033333,0.000000
150,B0 tirage,usewww*,non teste,nominal,150,0.980000,0.006667,,,,1.000000
150,B0 tirage,life,temoin,ordinal,150,0.486667,0.030000,0.626667,0.630000,-0.003333,0.000000
150,B0 tirage,richwork,temoin,nominal,150,0.546667,0.053333,0.386667,0.440000,-0.053333,0.000000
150,B1 argmax,natspac/y,mixte,ordinal,150,0.453333,0.153333,0.473333,0.480000,-0.006667,0.000000
150,B1 argmax,natenvir/y,temoin,ordinal,150,0.693333,0.120000,0.893333,0.773333,0.120000,-0.000000
150,B1 argmax,natheal/y,mixte,ordinal,150,0.633333,0.160000,0.973333,0.813333,0.160000,0.000000
150,B1 argmax,natcity/y,mixte,ordinal,150,0.506667,0.053333,0.450000,0.503333,-0.053333,-0.000000
150,B1 argmax,natdrug/y,temoin,ordinal,150,0.493333,0.153333,0.893333,0.740000,0.153333,-0.000000
150,B1 argmax,nateduc/y,temoin,ordinal,150,0.673333,0.133333,0.940000,0.806667,0.133333,-0.000000
150,B1 argmax,natrace/y,sensible,ordinal,150,0.560000,0.023333,0.580000,0.576667,0.003333,0.000000
150,B1 argmax,natarms/y,temoin,ordinal,150,0.560000,0.060000,0.403333,0.376667,0.026667,-0.000000
150,B1 argmax,nataid/y,temoin,ordinal,150,0.666667,0.086667,0.100000,0.186667,-0.086667,0.000000
150,B1 argmax,natfare/y,mixte,ordinal,150,0.733333,0.083333,0.900000,0.816667,0.083333,0.000000
150,B1 argmax,natroad,sensible,ordinal,150,0.500000,0.106667,0.850000,0.743333,0.106667,0.000000
150,B1 argmax,natsoc,temoin,ordinal,150,0.653333,0.113333,0.930000,0.816667,0.113333,-0.000000
150,B1 argmax,natmass,temoin,ordinal,150,0.573333,0.033333,0.706667,0.693333,0.013333,-0.000000
150,B1 argmax,natpark,temoin,ordinal,150,0.626667,0.150000,0.540000,0.616667,-0.076667,-0.000000
150,B1 argmax,natchld,sensible,ordinal,150,0.566667,0.080000,0.826667,0.746667,0.080000,-0.000000
150,B1 argmax,natsci,temoin,ordinal,150,0.573333,0.080000,0.613333,0.586667,0.026667,0.000000
150,B1 argmax,natenrgy,temoin,ordinal,150,0.566667,0.090000,0.746667,0.656667,0.090000,0.000000
150,B1 argmax,uswary,non teste,nominal,150,0.573333,0.040000,,,,1.000000
150,B1 argmax,prayer,non teste,nominal,150,0.673333,0.140000,,,,1.000000
150,B1 argmax,courts,non teste,ordinal,150,0.546667,0.103333,,,,1.000000
150,B1 argmax,discaffw,non teste,ordinal,150,0.413333,0.100000,,,,1.000000
150,B1 argmax,discaffm,non teste,ordinal,150,0.413333,0.080000,,,,1.000000
150,B1 argmax,fehire,non teste,ordinal,150,0.286667,0.051667,,,,1.000000
150,B1 argmax,fechld,temoin,ordinal,150,0.473333,0.053333,0.764444,0.711111,0.053333,-0.000000
150,B1 argmax,fepresch,investiguer,ordinal,150,0.453333,0.113333,0.677778,0.608889,0.068889,-0.000000
150,B1 argmax,fefam,investiguer,ordinal,150,0.333333,0.057778,0.677778,0.633333,0.044444,-0.000000
150,B1 argmax,fepol,non teste,nominal,150,0.773333,0.080000,0.853333,0.773333,0.080000,-0.000000
150,B1 argmax,mobile16,non teste,ordinal,150,0.473333,0.040000,,,,1.000000
150,B1 argmax,incom16,temoin,ordinal,150,0.480000,0.056667,0.438333,0.448333,-0.010000,0.000000
150,B1 argmax,dwelown16,non teste,nominal,150,0.760000,0.100000,,,,1.000000
150,B1 argmax,divorced,temoin,nominal,150,0.726667,0.140000,0.840000,0.700000,0.140000,0.000000
150,B1 argmax,posslq/y,temoin,nominal,150,0.553333,0.180000,,,,1.000000
150,B1 argmax,wrkstat,temoin,nominal,150,0.480000,0.140000,,,,1.000000
150,B1 argmax,evwork,temoin,nominal,150,0.900000,0.086667,,,,1.000000
150,B1 argmax,wrkgovt1,non teste,nominal,150,0.853333,0.133333,,,,1.000000
150,B1 argmax,wrkgovt2,non teste,nominal,150,0.706667,0.133333,,,,1.000000
150,B1 argmax,partfull,non teste,nominal,150,0.593333,0.093333,,,,1.000000
150,B1 argmax,wksub1,non teste,nominal,150,0.553333,0.153333,,,,1.000000
150,B1 argmax,wksup1,non teste,nominal,150,0.600000,0.066667,,,,1.000000
150,B1 argmax,conarmy,investiguer,ordinal,150,0.560000,0.056667,0.750000,0.700000,0.050000,0.000000
150,B1 argmax,conbus,temoin,ordinal,150,0.620000,0.090000,0.356667,0.446667,-0.090000,-0.000000
150,B1 argmax,conclerg,temoin,ordinal,150,0.500000,0.093333,0.206667,0.300000,-0.093333,-0.000000
150,B1 argmax,coneduc,sensible,ordinal,150,0.493333,0.156667,0.533333,0.556667,-0.023333,-0.000000
150,B1 argmax,confed,temoin,ordinal,150,0.540000,0.106667,0.296667,0.403333,-0.106667,-0.000000
150,B1 argmax,confinan,temoin,ordinal,150,0.600000,0.103333,0.433333,0.436667,-0.003333,-0.000000
150,B1 argmax,conjudge,temoin,ordinal,150,0.480000,0.103333,0.346667,0.450000,-0.103333,0.000000
150,B1 argmax,conlabor,temoin,ordinal,150,0.566667,0.116667,0.460000,0.510000,-0.050000,-0.000000
150,B1 argmax,conlegis,sensible,ordinal,150,0.473333,0.106667,0.193333,0.300000,-0.106667,-0.000000
150,B1 argmax,conmedic,sensible,ordinal,150,0.613333,0.070000,0.766667,0.696667,0.070000,-0.000000
150,B1 argmax,conpress,temoin,ordinal,150,0.466667,0.050000,0.296667,0.346667,-0.050000,0.000000
150,B1 argmax,consci,temoin,ordinal,150,0.633333,0.063333,0.773333,0.710000,0.063333,-0.000000
150,B1 argmax,contv,temoin,ordinal,150,0.580000,0.043333,0.316667,0.333333,-0.016667,-0.000000
150,B1 argmax,joblose,non teste,nominal,150,0.513333,0.180000,,,,1.000000
150,B1 argmax,jobfind,temoin,nominal,150,0.500000,0.193333,,,,1.000000
150,B1 argmax,happy,temoin,ordinal,150,0.546667,0.126667,0.460000,0.466667,-0.006667,0.000000
150,B1 argmax,hapmar,non teste,nominal,150,0.580000,0.120000,0.728571,0.586538,0.142033,0.766667
150,B1 argmax,satjob,temoin,nominal,150,0.486667,0.133333,0.743243,0.645390,0.097853,0.506667
150,B1 argmax,spdeg*,non teste,nominal,150,0.546667,0.126667,,,,1.000000
150,B1 argmax,spjew,non teste,nominal,150,0.706667,0.166667,,,,1.000000
150,B1 argmax,spfund,non teste,nominal,150,0.693333,0.080000,,,,1.000000
150,B1 argmax,unemp,temoin,nominal,150,0.566667,0.100000,0.680000,0.580000,0.100000,0.000000
150,B1 argmax,union1,non teste,nominal,150,0.946667,0.040000,,,,1.000000
150,B1 argmax,spkath/y,temoin,nominal,150,0.766667,0.193333,0.966667,0.773333,0.193333,0.000000
150,B1 argmax,colath,temoin,nominal,150,0.713333,0.193333,0.926667,0.733333,0.193333,-0.000000
150,B1 argmax,spkrac/y,sensible,nominal,150,0.540000,0.060000,,,,1.000000
150,B1 argmax,colrac,temoin,nominal,150,0.726667,0.140000,,,,1.000000
150,B1 argmax,librac/y,non teste,nominal,150,0.566667,0.153333,,,,1.000000
150,B1 argmax,spkcom/y,non teste,nominal,150,0.706667,0.240000,0.946667,0.706667,0.240000,0.000000
150,B1 argmax,colcom/y,non teste,nominal,150,0.726667,0.166667,0.900000,0.733333,0.166667,0.000000
150,B1 argmax,libcom/y,temoin,nominal,150,0.760000,0.146667,0.926667,0.780000,0.146667,-0.000000
150,B1 argmax,spkhomo/y,non teste,nominal,150,0.913333,0.073333,0.993333,0.920000,0.073333,-0.000000
150,B1 argmax,colhomo,non teste,nominal,150,0.933333,0.066667,1.000000,0.933333,0.066667,0.000000
150,B1 argmax,libhomo/y,non teste,nominal,150,0.840000,0.120000,0.980000,0.860000,0.120000,-0.000000
150,B1 argmax,cappun,temoin,nominal,150,0.640000,0.146667,,,,1.000000
150,B1 argmax,polhitok/y,temoin,nominal,150,0.693333,0.186667,0.180000,0.366667,-0.186667,0.000000
150,B1 argmax,polabuse/y,sensible,nominal,150,0.940000,0.060000,1.000000,0.940000,0.060000,0.000000
150,B1 argmax,polattak/y,sensible,nominal,150,0.586667,0.306667,,,,1.000000
150,B1 argmax,grass,non teste,nominal,150,0.740000,0.180000,,,,1.000000
150,B1 argmax,gunlaw,temoin,nominal,150,0.720000,0.146667,,,,1.000000
150,B1 argmax,owngun,temoin,nominal,150,0.713333,0.060000,,,,1.000000
150,B1 argmax,hunt1,non teste,nominal,150,0.913333,0.073333,,,,1.000000
150,B1 argmax,class,non teste,ordinal,150,0.600000,0.028889,,,,1.000000
150,B1 argmax,satfin,temoin,ordinal,150,0.533333,0.050000,0.513333,0.463333,0.050000,0.000000
150,B1 argmax,finalter,temoin,ordinal,150,0.480000,0.063333,0.466667,0.483333,-0.016667,0.000000
150,B1 argmax,finrela,temoin,ordinal,150,0.513333,0.056667,0.433333,0.413333,0.020000,0.000000
150,B1 argmax,racdif1,temoin,nominal,150,0.813333,0.026667,0.586667,0.560000,0.026667,0.000000
150,B1 argmax,racdif2,temoin,nominal,150,0.940000,0.060000,1.000000,0.940000,0.060000,0.000000
150,B1 argmax,racdif3,temoin,nominal,150,0.706667,0.013333,0.520000,0.506667,0.013333,0.000000
150,B1 argmax,racdif4,temoin,nominal,150,0.726667,0.126667,0.860000,0.733333,0.126667,-0.000000
150,B1 argmax,wlthwhts,non teste,ordinal,150,0.546667,0.051111,,,,1.000000
150,B1 argmax,wlthblks,non teste,ordinal,150,0.506667,0.041111,,,,1.000000
150,B1 argmax,wlthhsps,non teste,ordinal,150,0.420000,0.035556,,,,1.000000
150,B1 argmax,racwork,temoin,nominal,150,0.413333,0.233333,,,,1.000000
150,B1 argmax,letin1a,temoin,ordinal,150,0.493333,0.051667,0.368333,0.396667,-0.028333,0.000000
150,B1 argmax,getahead,non teste,ordinal,150,0.646667,0.073333,,,,1.000000
150,B1 argmax,aged,non teste,ordinal,150,0.620000,0.096667,,,,1.000000
150,B1 argmax,parsol,temoin,ordinal,150,0.260000,0.075000,0.546667,0.475000,0.071667,-0.000000
150,B1 argmax,kidssol,non teste,nominal,150,0.353333,0.133333,,,,1.000000
150,B1 argmax,spanking,temoin,ordinal,150,0.460000,0.026667,0.535556,0.531111,0.004444,-0.000000
150,B1 argmax,divlaw,non teste,ordinal,150,0.486667,0.083333,,,,1.000000
150,B1 argmax,sexeduc,temoin,nominal,150,0.846667,0.140000,0.993333,0.853333,0.140000,-0.000000
150,B1 argmax,pillok,investiguer,ordinal,150,0.380000,0.064444,,,,1.000000
150,B1 argmax,xmarsex,sensible,ordinal,150,0.546667,0.115556,0.880000,0.764444,0.115556,0.000000
150,B1 argmax,homosex,temoin,ordinal,150,0.566667,0.100000,0.791111,0.691111,0.100000,0.000000
150,B1 argmax,marhomo,temoin,ordinal,150,0.513333,0.106667,0.815000,0.708333,0.106667,0.000000
150,B1 argmax,discaff,temoin,ordinal,150,0.540000,0.070000,,,,1.000000
150,B1 argmax,abdefect,temoin,nominal,150,0.846667,0.140000,,,,1.000000
150,B1 argmax,abnomore,temoin,nominal,150,0.786667,0.053333,,,,1.000000
150,B1 argmax,abhlth,temoin,nominal,150,0.913333,0.086667,,,,1.000000
150,B1 argmax,abpoor,investiguer,nominal,150,0.766667,0.046667,,,,1.000000
150,B1 argmax,abrape,investiguer,nominal,150,0.900000,0.100000,,,,1.000000
150,B1 argmax,absingle,temoin,nominal,150,0.746667,0.080000,,,,1.000000
150,B1 argmax,abany,investiguer,nominal,150,0.773333,0.040000,,,,1.000000
150,B1 argmax,letdie1,temoin,nominal,150,0.793333,0.140000,,,,1.000000
150,B1 argmax,suicide1,investiguer,nominal,150,0.753333,0.180000,,,,1.000000
150,B1 argmax,suicide2,non teste,nominal,150,0.760000,0.160000,,,,1.000000
150,B1 argmax,suicide3,non teste,nominal,150,0.753333,0.166667,,,,1.000000
150,B1 argmax,suicide4,temoin,nominal,150,0.680000,0.093333,,,,1.000000
150,B1 argmax,pornlaw,temoin,ordinal,150,0.640000,0.113333,0.543333,0.563333,-0.020000,0.000000
150,B1 argmax,fair,non teste,ordinal,150,0.406667,0.006667,,,,1.000000
150,B1 argmax,helpful,non teste,ordinal,150,0.360000,0.010000,,,,1.000000
150,B1 argmax,trust,non teste,ordinal,150,0.453333,0.150000,,,,1.000000
150,B1 argmax,tax,non teste,ordinal,150,0.600000,0.083333,,,,1.000000
150,B1 argmax,vote16,sensible,nominal,150,0.760000,0.093333,0.726667,0.633333,0.093333,-0.000000
150,B1 argmax,pres16,temoin,nominal,150,0.753333,0.073333,,,,1.000000
150,B1 argmax,if16who,investiguer,nominal,150,0.753333,0.033333,,,,1.000000
150,B1 argmax,news,investiguer,ordinal,150,0.413333,0.090000,0.286667,0.376667,-0.090000,0.000000
150,B1 argmax,jew,non teste,nominal,150,0.726667,0.240000,,,,1.000000
150,B1 argmax,relig16*,non teste,nominal,150,0.406667,0.086667,,,,1.000000
150,B1 argmax,jew16*,non teste,nominal,150,0.740000,0.246667,,,,1.000000
150,B1 argmax,attend,sensible,ordinal,150,0.420000,0.197500,0.075833,0.273333,-0.197500,0.000000
150,B1 argmax,pray,investiguer,ordinal,150,0.320000,0.098667,0.388000,0.460000,-0.072000,0.000000
150,B1 argmax,postlife,non teste,nominal,150,0.686667,0.193333,,,,1.000000
150,B1 argmax,bible,non teste,ordinal,150,0.426667,0.053333,,,,1.000000
150,B1 argmax,reborn,investiguer,nominal,150,0.500000,0.100000,0.333333,0.427184,-0.093851,0.260000
150,B1 argmax,savesoul,investiguer,nominal,150,0.713333,0.126667,0.206667,0.333333,-0.126667,-0.000000
150,B1 argmax,granborn,non teste,ordinal,150,0.533333,0.125000,,,,1.000000
150,B1 argmax,uscitzn*,non teste,nominal,150,0.986667,0.013333,,,,1.000000
150,B1 argmax,fucitzn,non teste,nominal,150,0.966667,0.020000,,,,1.000000
150,B1 argmax,mnthsusa,non teste,nominal,150,0.986667,0.013333,,,,1.000000
150,B1 argmax,income,non teste,ordinal,150,0.500000,0.120606,0.908485,0.800000,0.108485,-0.000000
150,B1 argmax,othlang,temoin,nominal,150,0.806667,0.153333,,,,1.000000
150,B1 argmax,health,temoin,ordinal,150,0.446667,0.126667,0.640000,0.575556,0.064444,0.000000
150,B1 argmax,compuse*,temoin,nominal,150,0.973333,0.026667,,,,1.000000
150,B1 argmax,webmob,non teste,nominal,150,0.960000,0.040000,,,,1.000000
150,B1 argmax,xmovie,non teste,nominal,150,0.700000,0.086667,0.693333,0.606667,0.086667,0.000000
150,B1 argmax,usewww*,non teste,nominal,150,0.986667,0.013333,,,,1.000000
150,B1 argmax,life,temoin,ordinal,150,0.633333,0.100000,0.576667,0.630000,-0.053333,0.000000
150,B1 argmax,richwork,temoin,nominal,150,0.633333,0.180000,0.260000,0.440000,-0.180000,0.000000
150,B2 argmax,natspac/y,mixte,ordinal,150,0.560000,0.210000,0.476667,0.480000,-0.003333,0.000000
150,B2 argmax,natenvir/y,temoin,ordinal,150,0.680000,0.093333,0.866667,0.773333,0.093333,-0.000000
150,B2 argmax,natheal/y,mixte,ordinal,150,0.673333,0.170000,0.983333,0.813333,0.170000,-0.000000
150,B2 argmax,natcity/y,mixte,ordinal,150,0.546667,0.120000,0.463333,0.503333,-0.040000,-0.000000
150,B2 argmax,natdrug/y,temoin,ordinal,150,0.606667,0.186667,0.926667,0.740000,0.186667,-0.000000
150,B2 argmax,nateduc/y,temoin,ordinal,150,0.706667,0.156667,0.963333,0.806667,0.156667,-0.000000
150,B2 argmax,natrace/y,sensible,ordinal,150,0.546667,0.093333,0.670000,0.576667,0.093333,-0.000000
150,B2 argmax,natarms/y,temoin,ordinal,150,0.580000,0.013333,0.363333,0.376667,-0.013333,-0.000000
150,B2 argmax,nataid/y,temoin,ordinal,150,0.653333,0.076667,0.110000,0.186667,-0.076667,0.000000
150,B2 argmax,natfare/y,mixte,ordinal,150,0.700000,0.143333,0.960000,0.816667,0.143333,0.000000
150,B2 argmax,natroad,sensible,ordinal,150,0.586667,0.156667,0.900000,0.743333,0.156667,-0.000000
150,B2 argmax,natsoc,temoin,ordinal,150,0.693333,0.170000,0.986667,0.816667,0.170000,-0.000000
150,B2 argmax,natmass,temoin,ordinal,150,0.693333,0.050000,0.743333,0.693333,0.050000,0.000000
150,B2 argmax,natpark,temoin,ordinal,150,0.666667,0.120000,0.570000,0.616667,-0.046667,-0.000000
150,B2 argmax,natchld,sensible,ordinal,150,0.653333,0.120000,0.866667,0.746667,0.120000,-0.000000
150,B2 argmax,natsci,temoin,ordinal,150,0.606667,0.066667,0.633333,0.586667,0.046667,-0.000000
150,B2 argmax,natenrgy,temoin,ordinal,150,0.613333,0.130000,0.786667,0.656667,0.130000,-0.000000
150,B2 argmax,uswary,non teste,nominal,150,0.533333,0.026667,,,,1.000000
150,B2 argmax,prayer,non teste,nominal,150,0.760000,0.133333,,,,1.000000
150,B2 argmax,courts,non teste,ordinal,150,0.553333,0.073333,,,,1.000000
150,B2 argmax,discaffw,non teste,ordinal,150,0.453333,0.160000,,,,1.000000
150,B2 argmax,discaffm,non teste,ordinal,150,0.453333,0.124444,,,,1.000000
150,B2 argmax,fehire,non teste,ordinal,150,0.373333,0.115000,,,,1.000000
150,B2 argmax,fechld,temoin,ordinal,150,0.546667,0.075556,0.773333,0.711111,0.062222,0.000000
150,B2 argmax,fepresch,investiguer,ordinal,150,0.466667,0.133333,0.715556,0.608889,0.106667,-0.000000
150,B2 argmax,fefam,investiguer,ordinal,150,0.466667,0.115556,0.748889,0.633333,0.115556,-0.000000
150,B2 argmax,fepol,non teste,nominal,150,0.773333,0.186667,0.960000,0.773333,0.186667,0.000000
150,B2 argmax,mobile16,non teste,ordinal,150,0.440000,0.036667,,,,1.000000
150,B2 argmax,incom16,temoin,ordinal,150,0.493333,0.108333,0.476667,0.448333,0.028333,-0.000000
150,B2 argmax,dwelown16,non teste,nominal,150,0.733333,0.253333,,,,1.000000
150,B2 argmax,divorced,temoin,nominal,150,0.720000,0.240000,0.940000,0.700000,0.240000,0.000000
150,B2 argmax,posslq/y,temoin,nominal,150,0.666667,0.280000,,,,1.000000
150,B2 argmax,wrkstat,temoin,nominal,150,0.646667,0.293333,,,,1.000000
150,B2 argmax,evwork,temoin,nominal,150,0.893333,0.106667,,,,1.000000
150,B2 argmax,wrkgovt1,non teste,nominal,150,0.840000,0.160000,,,,1.000000
150,B2 argmax,wrkgovt2,non teste,nominal,150,0.706667,0.266667,,,,1.000000
150,B2 argmax,partfull,non teste,nominal,150,0.726667,0.166667,,,,1.000000
150,B2 argmax,wksub1,non teste,nominal,150,0.760000,0.193333,,,,1.000000
150,B2 argmax,wksup1,non teste,nominal,150,0.793333,0.153333,,,,1.000000
150,B2 argmax,conarmy,investiguer,ordinal,150,0.620000,0.050000,0.750000,0.700000,0.050000,0.000000
150,B2 argmax,conbus,temoin,ordinal,150,0.640000,0.083333,0.363333,0.446667,-0.083333,0.000000
150,B2 argmax,conclerg,temoin,ordinal,150,0.593333,0.103333,0.196667,0.300000,-0.103333,-0.000000
150,B2 argmax,coneduc,sensible,ordinal,150,0.593333,0.180000,0.503333,0.556667,-0.053333,0.000000
150,B2 argmax,confed,temoin,ordinal,150,0.633333,0.093333,0.363333,0.403333,-0.040000,0.000000
150,B2 argmax,confinan,temoin,ordinal,150,0.680000,0.116667,0.440000,0.436667,0.003333,0.000000
150,B2 argmax,conjudge,temoin,ordinal,150,0.466667,0.156667,0.293333,0.450000,-0.156667,0.000000
150,B2 argmax,conlabor,temoin,ordinal,150,0.620000,0.150000,0.520000,0.510000,0.010000,0.000000
150,B2 argmax,conlegis,sensible,ordinal,150,0.546667,0.086667,0.213333,0.300000,-0.086667,0.000000
150,B2 argmax,conmedic,sensible,ordinal,150,0.566667,0.080000,0.776667,0.696667,0.080000,-0.000000
150,B2 argmax,conpress,temoin,ordinal,150,0.593333,0.103333,0.343333,0.346667,-0.003333,0.000000
150,B2 argmax,consci,temoin,ordinal,150,0.640000,0.116667,0.826667,0.710000,0.116667,-0.000000
150,B2 argmax,contv,temoin,ordinal,150,0.546667,0.083333,0.350000,0.333333,0.016667,0.000000
150,B2 argmax,joblose,non teste,nominal,150,0.726667,0.193333,,,,1.000000
150,B2 argmax,jobfind,temoin,nominal,150,0.666667,0.120000,,,,1.000000
150,B2 argmax,happy,temoin,ordinal,150,0.606667,0.176667,0.463333,0.466667,-0.003333,-0.000000
150,B2 argmax,hapmar,non teste,nominal,150,0.700000,0.240000,0.687500,0.586538,0.100962,0.893333
150,B2 argmax,satjob,temoin,nominal,150,0.666667,0.166667,0.729958,0.645390,0.084568,0.473333
150,B2 argmax,spdeg*,non teste,nominal,150,0.620000,0.293333,,,,1.000000
150,B2 argmax,spjew,non teste,nominal,150,0.713333,0.280000,,,,1.000000
150,B2 argmax,spfund,non teste,nominal,150,0.740000,0.213333,,,,1.000000
150,B2 argmax,unemp,temoin,nominal,150,0.660000,0.166667,0.746667,0.580000,0.166667,0.000000
150,B2 argmax,union1,non teste,nominal,150,0.953333,0.046667,,,,1.000000
150,B2 argmax,spkath/y,temoin,nominal,150,0.780000,0.220000,0.993333,0.773333,0.220000,-0.000000
150,B2 argmax,colath,temoin,nominal,150,0.800000,0.186667,0.920000,0.733333,0.186667,-0.000000
150,B2 argmax,spkrac/y,sensible,nominal,150,0.666667,0.120000,,,,1.000000
150,B2 argmax,colrac,temoin,nominal,150,0.773333,0.213333,,,,1.000000
150,B2 argmax,librac/y,non teste,nominal,150,0.560000,0.213333,,,,1.000000
150,B2 argmax,spkcom/y,non teste,nominal,150,0.813333,0.160000,0.866667,0.706667,0.160000,-0.000000
150,B2 argmax,colcom/y,non teste,nominal,150,0.800000,0.173333,0.906667,0.733333,0.173333,-0.000000
150,B2 argmax,libcom/y,temoin,nominal,150,0.800000,0.173333,0.953333,0.780000,0.173333,0.000000
150,B2 argmax,spkhomo/y,non teste,nominal,150,0.920000,0.080000,1.000000,0.920000,0.080000,0.000000
150,B2 argmax,colhomo,non teste,nominal,150,0.933333,0.066667,1.000000,0.933333,0.066667,0.000000
150,B2 argmax,libhomo/y,non teste,nominal,150,0.866667,0.133333,0.993333,0.860000,0.133333,-0.000000
150,B2 argmax,cappun,temoin,nominal,150,0.653333,0.106667,,,,1.000000
150,B2 argmax,polhitok/y,temoin,nominal,150,0.653333,0.293333,0.073333,0.366667,-0.293333,-0.000000
150,B2 argmax,polabuse/y,sensible,nominal,150,0.940000,0.060000,1.000000,0.940000,0.060000,0.000000
150,B2 argmax,polattak/y,sensible,nominal,150,0.646667,0.340000,,,,1.000000
150,B2 argmax,grass,non teste,nominal,150,0.766667,0.193333,,,,1.000000
150,B2 argmax,gunlaw,temoin,nominal,150,0.660000,0.273333,,,,1.000000
150,B2 argmax,owngun,temoin,nominal,150,0.773333,0.200000,,,,1.000000
150,B2 argmax,hunt1,non teste,nominal,150,0.920000,0.080000,,,,1.000000
150,B2 argmax,class,non teste,ordinal,150,0.620000,0.060000,,,,1.000000
150,B2 argmax,satfin,temoin,ordinal,150,0.500000,0.073333,0.476667,0.463333,0.013333,0.000000
150,B2 argmax,finalter,temoin,ordinal,150,0.506667,0.130000,0.413333,0.483333,-0.070000,0.000000
150,B2 argmax,finrela,temoin,ordinal,150,0.446667,0.080000,0.396667,0.413333,-0.016667,0.000000
150,B2 argmax,racdif1,temoin,nominal,150,0.806667,0.046667,0.606667,0.560000,0.046667,-0.000000
150,B2 argmax,racdif2,temoin,nominal,150,0.940000,0.060000,1.000000,0.940000,0.060000,0.000000
150,B2 argmax,racdif3,temoin,nominal,150,0.733333,0.066667,0.573333,0.506667,0.066667,0.000000
150,B2 argmax,racdif4,temoin,nominal,150,0.773333,0.133333,0.866667,0.733333,0.133333,-0.000000
150,B2 argmax,wlthwhts,non teste,ordinal,150,0.560000,0.077778,,,,1.000000
150,B2 argmax,wlthblks,non teste,ordinal,150,0.493333,0.044444,,,,1.000000
150,B2 argmax,wlthhsps,non teste,ordinal,150,0.460000,0.030000,,,,1.000000
150,B2 argmax,racwork,temoin,nominal,150,0.586667,0.260000,,,,1.000000
150,B2 argmax,letin1a,temoin,ordinal,150,0.540000,0.075000,0.385000,0.396667,-0.011667,0.000000
150,B2 argmax,getahead,non teste,ordinal,150,0.560000,0.083333,,,,1.000000
150,B2 argmax,aged,non teste,ordinal,150,0.633333,0.163333,,,,1.000000
150,B2 argmax,parsol,temoin,ordinal,150,0.333333,0.085000,0.466667,0.475000,-0.008333,0.000000
150,B2 argmax,kidssol,non teste,nominal,150,0.366667,0.406667,,,,1.000000
150,B2 argmax,spanking,temoin,ordinal,150,0.446667,0.091111,0.622222,0.531111,0.091111,0.000000
150,B2 argmax,divlaw,non teste,ordinal,150,0.473333,0.076667,,,,1.000000
150,B2 argmax,sexeduc,temoin,nominal,150,0.840000,0.133333,0.986667,0.853333,0.133333,-0.000000
150,B2 argmax,pillok,investiguer,ordinal,150,0.513333,0.120000,,,,1.000000
150,B2 argmax,xmarsex,sensible,ordinal,150,0.573333,0.068889,0.833333,0.764444,0.068889,0.000000
150,B2 argmax,homosex,temoin,ordinal,150,0.693333,0.111111,0.802222,0.691111,0.111111,-0.000000
150,B2 argmax,marhomo,temoin,ordinal,150,0.606667,0.118333,0.826667,0.708333,0.118333,-0.000000
150,B2 argmax,discaff,temoin,ordinal,150,0.606667,0.106667,,,,1.000000
150,B2 argmax,abdefect,temoin,nominal,150,0.873333,0.086667,,,,1.000000
150,B2 argmax,abnomore,temoin,nominal,150,0.826667,0.040000,,,,1.000000
150,B2 argmax,abhlth,temoin,nominal,150,0.906667,0.093333,,,,1.000000
150,B2 argmax,abpoor,investiguer,nominal,150,0.866667,0.053333,,,,1.000000
150,B2 argmax,abrape,investiguer,nominal,150,0.946667,0.053333,,,,1.000000
150,B2 argmax,absingle,temoin,nominal,150,0.833333,0.100000,,,,1.000000
150,B2 argmax,abany,investiguer,nominal,150,0.840000,0.080000,,,,1.000000
150,B2 argmax,letdie1,temoin,nominal,150,0.846667,0.100000,,,,1.000000
150,B2 argmax,suicide1,investiguer,nominal,150,0.853333,0.120000,,,,1.000000
150,B2 argmax,suicide2,non teste,nominal,150,0.886667,0.073333,,,,1.000000
150,B2 argmax,suicide3,non teste,nominal,150,0.853333,0.080000,,,,1.000000
150,B2 argmax,suicide4,temoin,nominal,150,0.813333,0.013333,,,,1.000000
150,B2 argmax,pornlaw,temoin,ordinal,150,0.700000,0.140000,0.530000,0.563333,-0.033333,0.000000
150,B2 argmax,fair,non teste,ordinal,150,0.540000,0.136667,,,,1.000000
150,B2 argmax,helpful,non teste,ordinal,150,0.540000,0.113333,,,,1.000000
150,B2 argmax,trust,non teste,ordinal,150,0.560000,0.113333,,,,1.000000
150,B2 argmax,tax,non teste,ordinal,150,0.600000,0.030000,,,,1.000000
150,B2 argmax,vote16,sensible,nominal,150,0.646667,0.340000,0.973333,0.633333,0.340000,-0.000000
150,B2 argmax,pres16,temoin,nominal,150,0.653333,0.246667,,,,1.000000
150,B2 argmax,if16who,investiguer,nominal,150,0.693333,0.213333,,,,1.000000
150,B2 argmax,news,investiguer,ordinal,150,0.440000,0.225000,0.151667,0.376667,-0.225000,-0.000000
150,B2 argmax,jew,non teste,nominal,150,0.706667,0.286667,,,,1.000000
150,B2 argmax,relig16*,non teste,nominal,150,0.400000,0.273333,,,,1.000000
150,B2 argmax,jew16*,non teste,nominal,150,0.733333,0.266667,,,,1.000000
150,B2 argmax,attend,sensible,ordinal,150,0.486667,0.147500,0.125833,0.273333,-0.147500,-0.000000
150,B2 argmax,pray,investiguer,ordinal,150,0.493333,0.188000,0.296000,0.460000,-0.164000,0.000000
150,B2 argmax,postlife,non teste,nominal,150,0.680000,0.000000,,,,1.000000
150,B2 argmax,bible,non teste,ordinal,150,0.586667,0.136667,,,,1.000000
150,B2 argmax,reborn,investiguer,nominal,150,0.593333,0.133333,0.349398,0.427184,-0.077787,0.446667
150,B2 argmax,savesoul,investiguer,nominal,150,0.773333,0.146667,0.186667,0.333333,-0.146667,0.000000
150,B2 argmax,granborn,non teste,ordinal,150,0.533333,0.283333,,,,1.000000
150,B2 argmax,uscitzn*,non teste,nominal,150,0.986667,0.013333,,,,1.000000
150,B2 argmax,fucitzn,non teste,nominal,150,0.973333,0.026667,,,,1.000000
150,B2 argmax,mnthsusa,non teste,nominal,150,0.986667,0.013333,,,,1.000000
150,B2 argmax,income,non teste,ordinal,150,0.473333,0.200000,1.000000,0.800000,0.200000,0.000000
150,B2 argmax,othlang,temoin,nominal,150,0.740000,0.260000,,,,1.000000
150,B2 argmax,health,temoin,ordinal,150,0.520000,0.148889,0.626667,0.575556,0.051111,0.000000
150,B2 argmax,compuse*,temoin,nominal,150,0.973333,0.026667,,,,1.000000
150,B2 argmax,webmob,non teste,nominal,150,0.960000,0.040000,,,,1.000000
150,B2 argmax,xmovie,non teste,nominal,150,0.613333,0.333333,0.940000,0.606667,0.333333,0.000000
150,B2 argmax,usewww*,non teste,nominal,150,0.986667,0.013333,,,,1.000000
150,B2 argmax,life,temoin,ordinal,150,0.626667,0.153333,0.536667,0.630000,-0.093333,-0.000000
150,B2 argmax,richwork,temoin,nominal,150,0.546667,0.373333,0.066667,0.440000,-0.373333,-0.000000
150,C2,natspac/y,mixte,ordinal,150,0.373333,0.173333,0.653333,0.480000,0.173333,-0.000000
150,C2,natenvir/y,temoin,ordinal,150,0.433333,0.170000,0.603333,0.773333,-0.170000,0.000000
150,C2,natheal/y,mixte,ordinal,150,0.320000,0.296667,0.516667,0.813333,-0.296667,0.000000
150,C2,natcity/y,mixte,ordinal,150,0.506667,0.160000,0.343333,0.503333,-0.160000,0.000000
150,C2,natdrug/y,temoin,ordinal,150,0.440000,0.230000,0.510000,0.740000,-0.230000,0.000000
150,C2,nateduc/y,temoin,ordinal,150,0.400000,0.223333,0.583333,0.806667,-0.223333,-0.000000
150,C2,natrace/y,sensible,ordinal,150,0.460000,0.103333,0.473333,0.576667,-0.103333,-0.000000
150,C2,natarms/y,temoin,ordinal,150,0.480000,0.133333,0.243333,0.376667,-0.133333,0.000000
150,C2,nataid/y,temoin,ordinal,150,0.366667,0.296667,0.483333,0.186667,0.296667,0.000000
150,C2,natfare/y,mixte,ordinal,150,0.293333,0.333333,0.483333,0.816667,-0.333333,-0.000000
150,C2,natroad,sensible,ordinal,150,0.420000,0.183333,0.560000,0.743333,-0.183333,-0.000000
150,C2,natsoc,temoin,ordinal,150,0.240000,0.406667,0.410000,0.816667,-0.406667,-0.000000
150,C2,natmass,temoin,ordinal,150,0.526667,0.010000,0.696667,0.693333,0.003333,0.000000
150,C2,natpark,temoin,ordinal,150,0.606667,0.136667,0.546667,0.616667,-0.070000,0.000000
150,C2,natchld,sensible,ordinal,150,0.506667,0.063333,0.810000,0.746667,0.063333,0.000000
150,C2,natsci,temoin,ordinal,150,0.520000,0.083333,0.576667,0.586667,-0.010000,0.000000
150,C2,natenrgy,temoin,ordinal,150,0.533333,0.040000,0.643333,0.656667,-0.013333,0.000000
150,C2,uswary,non teste,nominal,150,0.473333,0.526667,,,,1.000000
150,C2,prayer,non teste,nominal,150,0.673333,0.326667,,,,1.000000
150,C2,courts,non teste,ordinal,150,0.400000,0.156667,,,,1.000000
150,C2,discaffw,non teste,ordinal,150,0.440000,0.200000,,,,1.000000
150,C2,discaffm,non teste,ordinal,150,0.233333,0.328889,,,,1.000000
150,C2,fehire,non teste,ordinal,150,0.260000,0.151667,,,,1.000000
150,C2,fechld,temoin,ordinal,150,0.373333,0.233333,0.944444,0.711111,0.233333,-0.000000
150,C2,fepresch,investiguer,ordinal,150,0.360000,0.122222,0.731111,0.608889,0.122222,0.000000
150,C2,fefam,investiguer,ordinal,150,0.353333,0.113333,0.720000,0.633333,0.086667,0.000000
150,C2,fepol,non teste,nominal,150,0.766667,0.060000,0.833333,0.773333,0.060000,0.000000
150,C2,mobile16,non teste,ordinal,150,0.306667,0.043333,,,,1.000000
150,C2,incom16,temoin,ordinal,150,0.333333,0.105000,0.553333,0.448333,0.105000,0.000000
150,C2,dwelown16,non teste,nominal,150,0.240000,0.753333,,,,1.000000
150,C2,divorced,temoin,nominal,150,0.700000,0.113333,0.813333,0.700000,0.113333,0.000000
150,C2,posslq/y,temoin,nominal,150,0.433333,0.306667,,,,1.000000
150,C2,wrkstat,temoin,nominal,150,0.533333,0.273333,,,,1.000000
150,C2,evwork,temoin,nominal,150,0.893333,0.106667,,,,1.000000
150,C2,wrkgovt1,non teste,nominal,150,0.833333,0.126667,,,,1.000000
150,C2,wrkgovt2,non teste,nominal,150,0.613333,0.040000,,,,1.000000
150,C2,partfull,non teste,nominal,150,0.560000,0.326667,,,,1.000000
150,C2,wksub1,non teste,nominal,150,0.540000,0.200000,,,,1.000000
150,C2,wksup1,non teste,nominal,150,0.486667,0.206667,,,,1.000000
150,C2,conarmy,investiguer,ordinal,150,0.453333,0.146667,0.553333,0.700000,-0.146667,-0.000000
150,C2,conbus,temoin,ordinal,150,0.593333,0.103333,0.456667,0.446667,0.010000,-0.000000
150,C2,conclerg,temoin,ordinal,150,0.340000,0.220000,0.520000,0.300000,0.220000,0.000000
150,C2,coneduc,sensible,ordinal,150,0.540000,0.213333,0.483333,0.556667,-0.073333,0.000000
150,C2,confed,temoin,ordinal,150,0.513333,0.183333,0.466667,0.403333,0.063333,-0.000000
150,C2,confinan,temoin,ordinal,150,0.600000,0.100000,0.430000,0.436667,-0.006667,-0.000000
150,C2,conjudge,temoin,ordinal,150,0.453333,0.236667,0.533333,0.450000,0.083333,-0.000000
150,C2,conlabor,temoin,ordinal,150,0.520000,0.073333,0.436667,0.510000,-0.073333,0.000000
150,C2,conlegis,sensible,ordinal,150,0.406667,0.136667,0.343333,0.300000,0.043333,0.000000
150,C2,conmedic,sensible,ordinal,150,0.426667,0.193333,0.590000,0.696667,-0.106667,0.000000
150,C2,conpress,temoin,ordinal,150,0.500000,0.160000,0.400000,0.346667,0.053333,-0.000000
150,C2,consci,temoin,ordinal,150,0.466667,0.160000,0.636667,0.710000,-0.073333,-0.000000
150,C2,contv,temoin,ordinal,150,0.480000,0.066667,0.333333,0.333333,-0.000000,-0.000000
150,C2,joblose,non teste,nominal,150,0.146667,0.853333,,,,1.000000
150,C2,jobfind,temoin,nominal,150,0.246667,0.413333,,,,1.000000
150,C2,happy,temoin,ordinal,150,0.513333,0.136667,0.603333,0.466667,0.136667,-0.000000
150,C2,hapmar,non teste,nominal,150,0.326667,0.480000,0.784483,0.586538,0.197944,0.226667
150,C2,satjob,temoin,nominal,150,0.266667,0.500000,0.820000,0.645390,0.174610,-0.000000
150,C2,spdeg*,non teste,nominal,150,0.320000,0.286667,,,,1.000000
150,C2,spjew,non teste,nominal,150,0.713333,0.286667,,,,1.000000
150,C2,spfund,non teste,nominal,150,0.340000,0.526667,,,,1.000000
150,C2,unemp,temoin,nominal,150,0.580000,0.420000,1.000000,0.580000,0.420000,0.000000
150,C2,union1,non teste,nominal,150,0.880000,0.053333,,,,1.000000
150,C2,spkath/y,temoin,nominal,150,0.773333,0.226667,1.000000,0.773333,0.226667,0.000000
150,C2,colath,temoin,nominal,150,0.720000,0.146667,0.880000,0.733333,0.146667,0.000000
150,C2,spkrac/y,sensible,nominal,150,0.560000,0.440000,,,,1.000000
150,C2,colrac,temoin,nominal,150,0.746667,0.253333,,,,1.000000
150,C2,librac/y,non teste,nominal,150,0.566667,0.433333,,,,1.000000
150,C2,spkcom/y,non teste,nominal,150,0.706667,0.280000,0.986667,0.706667,0.280000,-0.000000
150,C2,colcom/y,non teste,nominal,150,0.640000,0.066667,0.800000,0.733333,0.066667,-0.000000
150,C2,libcom/y,temoin,nominal,150,0.766667,0.166667,0.946667,0.780000,0.166667,0.000000
150,C2,spkhomo/y,non teste,nominal,150,0.920000,0.080000,1.000000,0.920000,0.080000,0.000000
150,C2,colhomo,non teste,nominal,150,0.833333,0.073333,0.860000,0.933333,-0.073333,-0.000000
150,C2,libhomo/y,non teste,nominal,150,0.853333,0.133333,0.993333,0.860000,0.133333,-0.000000
150,C2,cappun,temoin,nominal,150,0.566667,0.340000,,,,1.000000
150,C2,polhitok/y,temoin,nominal,150,0.366667,0.633333,1.000000,0.366667,0.633333,0.000000
150,C2,polabuse/y,sensible,nominal,150,0.546667,0.413333,0.526667,0.940000,-0.413333,0.000000
150,C2,polattak/y,sensible,nominal,150,0.540000,0.246667,,,,1.000000
150,C2,grass,non teste,nominal,150,0.713333,0.073333,,,,1.000000
150,C2,gunlaw,temoin,nominal,150,0.333333,0.653333,,,,1.000000
150,C2,owngun,temoin,nominal,150,0.666667,0.093333,,,,1.000000
150,C2,hunt1,non teste,nominal,150,0.653333,0.246667,,,,1.000000
150,C2,class,non teste,ordinal,150,0.433333,0.191111,,,,1.000000
150,C2,satfin,temoin,ordinal,150,0.360000,0.346667,0.810000,0.463333,0.346667,0.000000
150,C2,finalter,temoin,ordinal,150,0.453333,0.053333,0.436667,0.483333,-0.046667,0.000000
150,C2,finrela,temoin,ordinal,150,0.306667,0.156667,0.570000,0.413333,0.156667,0.000000
150,C2,racdif1,temoin,nominal,150,0.740000,0.113333,0.446667,0.560000,-0.113333,0.000000
150,C2,racdif2,temoin,nominal,150,0.940000,0.060000,1.000000,0.940000,0.060000,0.000000
150,C2,racdif3,temoin,nominal,150,0.360000,0.360000,0.146667,0.506667,-0.360000,-0.000000
150,C2,racdif4,temoin,nominal,150,0.733333,0.266667,1.000000,0.733333,0.266667,0.000000
150,C2,wlthwhts,non teste,ordinal,150,0.533333,0.091111,,,,1.000000
150,C2,wlthblks,non teste,ordinal,150,0.306667,0.113333,,,,1.000000
150,C2,wlthhsps,non teste,ordinal,150,0.340000,0.100000,,,,1.000000
150,C2,racwork,temoin,nominal,150,0.273333,0.580000,,,,1.000000
150,C2,letin1a,temoin,ordinal,150,0.320000,0.133333,0.523333,0.396667,0.126667,0.000000
150,C2,getahead,non teste,ordinal,150,0.566667,0.103333,,,,1.000000
150,C2,aged,non teste,ordinal,150,0.286667,0.336667,,,,1.000000
150,C2,parsol,temoin,ordinal,150,0.213333,0.315000,0.790000,0.475000,0.315000,-0.000000
150,C2,kidssol,non teste,nominal,150,0.200000,0.553333,,,,1.000000
150,C2,spanking,temoin,ordinal,150,0.380000,0.100000,0.595556,0.531111,0.064444,-0.000000
150,C2,divlaw,non teste,ordinal,150,0.353333,0.076667,,,,1.000000
150,C2,sexeduc,temoin,nominal,150,0.786667,0.053333,0.800000,0.853333,-0.053333,-0.000000
150,C2,pillok,investiguer,ordinal,150,0.413333,0.051111,,,,1.000000
150,C2,xmarsex,sensible,ordinal,150,0.333333,0.255556,0.508889,0.764444,-0.255556,-0.000000
150,C2,homosex,temoin,ordinal,150,0.580000,0.215556,0.906667,0.691111,0.215556,-0.000000
150,C2,marhomo,temoin,ordinal,150,0.500000,0.096667,0.805000,0.708333,0.096667,0.000000
150,C2,discaff,temoin,ordinal,150,0.526667,0.163333,,,,1.000000
150,C2,abdefect,temoin,nominal,150,0.726667,0.046667,,,,1.000000
150,C2,abnomore,temoin,nominal,150,0.753333,0.126667,,,,1.000000
150,C2,abhlth,temoin,nominal,150,0.806667,0.073333,,,,1.000000
150,C2,abpoor,investiguer,nominal,150,0.780000,0.126667,,,,1.000000
150,C2,abrape,investiguer,nominal,150,0.853333,0.013333,,,,1.000000
150,C2,absingle,temoin,nominal,150,0.760000,0.053333,,,,1.000000
150,C2,abany,investiguer,nominal,150,0.760000,0.106667,,,,1.000000
150,C2,letdie1,temoin,nominal,150,0.766667,0.126667,,,,1.000000
150,C2,suicide1,investiguer,nominal,150,0.766667,0.193333,,,,1.000000
150,C2,suicide2,non teste,nominal,150,0.733333,0.266667,,,,1.000000
150,C2,suicide3,non teste,nominal,150,0.746667,0.253333,,,,1.000000
150,C2,suicide4,temoin,nominal,150,0.433333,0.553333,,,,1.000000
150,C2,pornlaw,temoin,ordinal,150,0.673333,0.163333,0.493333,0.563333,-0.070000,-0.000000
150,C2,fair,non teste,ordinal,150,0.260000,0.540000,,,,1.000000
150,C2,helpful,non teste,ordinal,150,0.353333,0.153333,,,,1.000000
150,C2,trust,non teste,ordinal,150,0.466667,0.213333,,,,1.000000
150,C2,tax,non teste,ordinal,150,0.520000,0.016667,,,,1.000000
150,C2,vote16,sensible,nominal,150,0.393333,0.586667,0.166667,0.633333,-0.466667,0.000000
150,C2,pres16,temoin,nominal,150,0.600000,0.233333,,,,1.000000
150,C2,if16who,investiguer,nominal,150,0.706667,0.146667,,,,1.000000
150,C2,news,investiguer,ordinal,150,0.220000,0.300000,0.256667,0.376667,-0.120000,-0.000000
150,C2,jew,non teste,nominal,150,0.706667,0.293333,,,,1.000000
150,C2,relig16*,non teste,nominal,150,0.320000,0.166667,,,,1.000000
150,C2,jew16*,non teste,nominal,150,0.733333,0.266667,,,,1.000000
150,C2,attend,sensible,ordinal,150,0.213333,0.119167,0.214167,0.273333,-0.059167,0.000000
150,C2,pray,investiguer,ordinal,150,0.146667,0.249333,0.336000,0.460000,-0.124000,0.000000
150,C2,postlife,non teste,nominal,150,0.706667,0.293333,,,,1.000000
150,C2,bible,non teste,ordinal,150,0.433333,0.203333,,,,1.000000
150,C2,reborn,investiguer,nominal,150,0.406667,0.320000,0.137097,0.427184,-0.290088,0.173333
150,C2,savesoul,investiguer,nominal,150,0.666667,0.053333,0.280000,0.333333,-0.053333,-0.000000
150,C2,granborn,non teste,ordinal,150,0.533333,0.271667,,,,1.000000
150,C2,uscitzn*,non teste,nominal,150,0.986667,0.013333,,,,1.000000
150,C2,fucitzn,non teste,nominal,150,0.240000,0.740000,,,,1.000000
150,C2,mnthsusa,non teste,nominal,150,0.986667,0.013333,,,,1.000000
150,C2,income,non teste,ordinal,150,0.086667,0.147273,0.655152,0.800000,-0.144848,0.000000
150,C2,othlang,temoin,nominal,150,0.426667,0.480000,,,,1.000000
150,C2,health,temoin,ordinal,150,0.480000,0.157778,0.662222,0.575556,0.086667,-0.000000
150,C2,compuse*,temoin,nominal,150,0.973333,0.026667,,,,1.000000
150,C2,webmob,non teste,nominal,150,0.960000,0.040000,,,,1.000000
150,C2,xmovie,non teste,nominal,150,0.600000,0.373333,0.980000,0.606667,0.373333,-0.000000
150,C2,usewww*,non teste,nominal,150,0.986667,0.013333,,,,1.000000
150,C2,life,temoin,ordinal,150,0.593333,0.080000,0.610000,0.630000,-0.020000,0.000000
150,C2,richwork,temoin,nominal,150,0.580000,0.366667,0.073333,0.440000,-0.366667,-0.000000
150,C3,natspac/y,mixte,ordinal,150,0.220000,0.520000,1.000000,0.480000,0.520000,0.000000
150,C3,natenvir/y,temoin,ordinal,150,0.653333,0.200000,0.973333,0.773333,0.200000,0.000000
150,C3,natheal/y,mixte,ordinal,150,0.680000,0.096667,0.910000,0.813333,0.096667,-0.000000
150,C3,natcity/y,mixte,ordinal,150,0.306667,0.366667,0.870000,0.503333,0.366667,0.000000
150,C3,natdrug/y,temoin,ordinal,150,0.593333,0.213333,0.953333,0.740000,0.213333,0.000000
150,C3,nateduc/y,temoin,ordinal,150,0.666667,0.046667,0.853333,0.806667,0.046667,-0.000000
150,C3,natrace/y,sensible,ordinal,150,0.480000,0.296667,0.873333,0.576667,0.296667,0.000000
150,C3,natarms/y,temoin,ordinal,150,0.413333,0.090000,0.466667,0.376667,0.090000,0.000000
150,C3,nataid/y,temoin,ordinal,150,0.133333,0.716667,0.903333,0.186667,0.716667,-0.000000
150,C3,natfare/y,mixte,ordinal,150,0.726667,0.106667,0.923333,0.816667,0.106667,0.000000
150,C3,natroad,sensible,ordinal,150,0.546667,0.116667,0.860000,0.743333,0.116667,-0.000000
150,C3,natsoc,temoin,ordinal,150,0.600000,0.073333,0.810000,0.816667,-0.006667,-0.000000
150,C3,natmass,temoin,ordinal,150,0.493333,0.263333,0.956667,0.693333,0.263333,0.000000
150,C3,natpark,temoin,ordinal,150,0.373333,0.343333,0.960000,0.616667,0.343333,-0.000000
150,C3,natchld,sensible,ordinal,150,0.606667,0.226667,0.973333,0.746667,0.226667,0.000000
150,C3,natsci,temoin,ordinal,150,0.320000,0.396667,0.983333,0.586667,0.396667,0.000000
150,C3,natenrgy,temoin,ordinal,150,0.466667,0.343333,1.000000,0.656667,0.343333,0.000000
150,C3,uswary,non teste,nominal,150,0.473333,0.526667,,,,1.000000
150,C3,prayer,non teste,nominal,150,0.673333,0.326667,,,,1.000000
150,C3,courts,non teste,ordinal,150,0.393333,0.126667,,,,1.000000
150,C3,discaffw,non teste,ordinal,150,0.213333,0.168889,,,,1.000000
150,C3,discaffm,non teste,ordinal,150,0.486667,0.120000,,,,1.000000
150,C3,fehire,non teste,ordinal,150,0.293333,0.195000,,,,1.000000
150,C3,fechld,temoin,ordinal,150,0.540000,0.042222,0.700000,0.711111,-0.011111,-0.000000
150,C3,fepresch,investiguer,ordinal,150,0.426667,0.137778,0.746667,0.608889,0.137778,0.000000
150,C3,fefam,investiguer,ordinal,150,0.466667,0.175556,0.808889,0.633333,0.175556,-0.000000
150,C3,fepol,non teste,nominal,150,0.760000,0.053333,0.720000,0.773333,-0.053333,-0.000000
150,C3,mobile16,non teste,ordinal,150,0.266667,0.040000,,,,1.000000
150,C3,incom16,temoin,ordinal,150,0.400000,0.051667,0.413333,0.448333,-0.035000,0.000000
150,C3,dwelown16,non teste,nominal,150,0.053333,0.846667,,,,1.000000
150,C3,divorced,temoin,nominal,150,0.700000,0.300000,1.000000,0.700000,0.300000,0.000000
150,C3,posslq/y,temoin,nominal,150,0.606667,0.366667,,,,1.000000
150,C3,wrkstat,temoin,nominal,150,0.606667,0.320000,,,,1.000000
150,C3,evwork,temoin,nominal,150,0.626667,0.306667,,,,1.000000
150,C3,wrkgovt1,non teste,nominal,150,0.840000,0.160000,,,,1.000000
150,C3,wrkgovt2,non teste,nominal,150,0.520000,0.333333,,,,1.000000
150,C3,partfull,non teste,nominal,150,0.786667,0.106667,,,,1.000000
150,C3,wksub1,non teste,nominal,150,0.573333,0.313333,,,,1.000000
150,C3,wksup1,non teste,nominal,150,0.613333,0.273333,,,,1.000000
150,C3,conarmy,investiguer,ordinal,150,0.346667,0.326667,0.373333,0.700000,-0.326667,0.000000
150,C3,conbus,temoin,ordinal,150,0.626667,0.093333,0.453333,0.446667,0.006667,0.000000
150,C3,conclerg,temoin,ordinal,150,0.613333,0.080000,0.280000,0.300000,-0.020000,0.000000
150,C3,coneduc,sensible,ordinal,150,0.606667,0.123333,0.433333,0.556667,-0.123333,0.000000
150,C3,confed,temoin,ordinal,150,0.593333,0.156667,0.453333,0.403333,0.050000,0.000000
150,C3,confinan,temoin,ordinal,150,0.573333,0.096667,0.340000,0.436667,-0.096667,-0.000000
150,C3,conjudge,temoin,ordinal,150,0.540000,0.053333,0.416667,0.450000,-0.033333,-0.000000
150,C3,conlabor,temoin,ordinal,150,0.433333,0.273333,0.236667,0.510000,-0.273333,0.000000
150,C3,conlegis,sensible,ordinal,150,0.600000,0.106667,0.326667,0.300000,0.026667,-0.000000
150,C3,conmedic,sensible,ordinal,150,0.520000,0.193333,0.503333,0.696667,-0.193333,0.000000
150,C3,conpress,temoin,ordinal,150,0.553333,0.173333,0.460000,0.346667,0.113333,0.000000
150,C3,consci,temoin,ordinal,150,0.526667,0.160000,0.550000,0.710000,-0.160000,0.000000
150,C3,contv,temoin,ordinal,150,0.586667,0.133333,0.433333,0.333333,0.100000,-0.000000
150,C3,joblose,non teste,nominal,150,0.520000,0.466667,,,,1.000000
150,C3,jobfind,temoin,nominal,150,0.673333,0.180000,,,,1.000000
150,C3,happy,temoin,ordinal,150,0.680000,0.103333,0.363333,0.466667,-0.103333,0.000000
150,C3,hapmar,non teste,nominal,150,0.700000,0.146667,0.550000,0.586538,-0.036538,0.800000
150,C3,satjob,temoin,nominal,150,0.586667,0.253333,0.578059,0.645390,-0.067331,0.473333
150,C3,spdeg*,non teste,nominal,150,0.626667,0.306667,,,,1.000000
150,C3,spjew,non teste,nominal,150,0.726667,0.273333,,,,1.000000
150,C3,spfund,non teste,nominal,150,0.746667,0.226667,,,,1.000000
150,C3,unemp,temoin,nominal,150,0.586667,0.413333,0.993333,0.580000,0.413333,-0.000000
150,C3,union1,non teste,nominal,150,0.926667,0.033333,,,,1.000000
150,C3,spkath/y,temoin,nominal,150,0.900000,0.033333,0.806667,0.773333,0.033333,0.000000
150,C3,colath,temoin,nominal,150,0.846667,0.020000,0.713333,0.733333,-0.020000,0.000000
150,C3,spkrac/y,sensible,nominal,150,0.653333,0.160000,,,,1.000000
150,C3,colrac,temoin,nominal,150,0.746667,0.253333,,,,1.000000
150,C3,librac/y,non teste,nominal,150,0.500000,0.313333,,,,1.000000
150,C3,spkcom/y,non teste,nominal,150,0.860000,0.073333,0.780000,0.706667,0.073333,0.000000
150,C3,colcom/y,non teste,nominal,150,0.800000,0.080000,0.653333,0.733333,-0.080000,0.000000
150,C3,libcom/y,temoin,nominal,150,0.793333,0.046667,0.826667,0.780000,0.046667,0.000000
150,C3,spkhomo/y,non teste,nominal,150,0.946667,0.013333,0.933333,0.920000,0.013333,-0.000000
150,C3,colhomo,non teste,nominal,150,0.900000,0.060000,0.873333,0.933333,-0.060000,0.000000
150,C3,libhomo/y,non teste,nominal,150,0.873333,0.126667,0.986667,0.860000,0.126667,-0.000000
150,C3,cappun,temoin,nominal,150,0.553333,0.073333,,,,1.000000
150,C3,polhitok/y,temoin,nominal,150,0.373333,0.573333,0.940000,0.366667,0.573333,0.000000
150,C3,polabuse/y,sensible,nominal,150,0.660000,0.273333,0.666667,0.940000,-0.273333,-0.000000
150,C3,polattak/y,sensible,nominal,150,0.433333,0.433333,,,,1.000000
150,C3,grass,non teste,nominal,150,0.700000,0.046667,,,,1.000000
150,C3,gunlaw,temoin,nominal,150,0.333333,0.653333,,,,1.000000
150,C3,owngun,temoin,nominal,150,0.773333,0.080000,,,,1.000000
150,C3,hunt1,non teste,nominal,150,0.913333,0.026667,,,,1.000000
150,C3,class,non teste,ordinal,150,0.466667,0.151111,,,,1.000000
150,C3,satfin,temoin,ordinal,150,0.546667,0.160000,0.563333,0.463333,0.100000,0.000000
150,C3,finalter,temoin,ordinal,150,0.520000,0.253333,0.230000,0.483333,-0.253333,0.000000
150,C3,finrela,temoin,ordinal,150,0.420000,0.033333,0.430000,0.413333,0.016667,0.000000
150,C3,racdif1,temoin,nominal,150,0.546667,0.200000,0.360000,0.560000,-0.200000,0.000000
150,C3,racdif2,temoin,nominal,150,0.940000,0.060000,1.000000,0.940000,0.060000,0.000000
150,C3,racdif3,temoin,nominal,150,0.493333,0.466667,0.040000,0.506667,-0.466667,0.000000
150,C3,racdif4,temoin,nominal,150,0.746667,0.253333,0.986667,0.733333,0.253333,-0.000000
150,C3,wlthwhts,non teste,ordinal,150,0.380000,0.077778,,,,1.000000
150,C3,wlthblks,non teste,ordinal,150,0.313333,0.137778,,,,1.000000
150,C3,wlthhsps,non teste,ordinal,150,0.400000,0.074444,,,,1.000000
150,C3,racwork,temoin,nominal,150,0.466667,0.380000,,,,1.000000
150,C3,letin1a,temoin,ordinal,150,0.346667,0.148333,0.385000,0.396667,-0.011667,-0.000000
150,C3,getahead,non teste,ordinal,150,0.420000,0.173333,,,,1.000000
150,C3,aged,non teste,ordinal,150,0.326667,0.290000,,,,1.000000
150,C3,parsol,temoin,ordinal,150,0.360000,0.106667,0.581667,0.475000,0.106667,0.000000
150,C3,kidssol,non teste,nominal,150,0.346667,0.446667,,,,1.000000
150,C3,spanking,temoin,ordinal,150,0.380000,0.153333,0.684444,0.531111,0.153333,-0.000000
150,C3,divlaw,non teste,ordinal,150,0.193333,0.536667,,,,1.000000
150,C3,sexeduc,temoin,nominal,150,0.486667,0.500000,0.353333,0.853333,-0.500000,0.000000
150,C3,pillok,investiguer,ordinal,150,0.213333,0.371111,,,,1.000000
150,C3,xmarsex,sensible,ordinal,150,0.353333,0.375556,0.388889,0.764444,-0.375556,-0.000000
150,C3,homosex,temoin,ordinal,150,0.700000,0.084444,0.775556,0.691111,0.084444,0.000000
150,C3,marhomo,temoin,ordinal,150,0.480000,0.093333,0.661667,0.708333,-0.046667,0.000000
150,C3,discaff,temoin,ordinal,150,0.520000,0.256667,,,,1.000000
150,C3,abdefect,temoin,nominal,150,0.720000,0.226667,,,,1.000000
150,C3,abnomore,temoin,nominal,150,0.806667,0.153333,,,,1.000000
150,C3,abhlth,temoin,nominal,150,0.926667,0.046667,,,,1.000000
150,C3,abpoor,investiguer,nominal,150,0.846667,0.060000,,,,1.000000
150,C3,abrape,investiguer,nominal,150,0.920000,0.066667,,,,1.000000
150,C3,absingle,temoin,nominal,150,0.846667,0.073333,,,,1.000000
150,C3,abany,investiguer,nominal,150,0.586667,0.413333,,,,1.000000
150,C3,letdie1,temoin,nominal,150,0.880000,0.040000,,,,1.000000
150,C3,suicide1,investiguer,nominal,150,0.880000,0.040000,,,,1.000000
150,C3,suicide2,non teste,nominal,150,0.786667,0.213333,,,,1.000000
150,C3,suicide3,non teste,nominal,150,0.746667,0.253333,,,,1.000000
150,C3,suicide4,temoin,nominal,150,0.593333,0.406667,,,,1.000000
150,C3,pornlaw,temoin,ordinal,150,0.606667,0.123333,0.440000,0.563333,-0.123333,0.000000
150,C3,fair,non teste,ordinal,150,0.480000,0.200000,,,,1.000000
150,C3,helpful,non teste,ordinal,150,0.526667,0.340000,,,,1.000000
150,C3,trust,non teste,ordinal,150,0.533333,0.296667,,,,1.000000
150,C3,tax,non teste,ordinal,150,0.553333,0.036667,,,,1.000000
150,C3,vote16,sensible,nominal,150,0.340000,0.660000,0.093333,0.633333,-0.540000,-0.000000
150,C3,pres16,temoin,nominal,150,0.826667,0.146667,,,,1.000000
150,C3,if16who,investiguer,nominal,150,0.760000,0.213333,,,,1.000000
150,C3,news,investiguer,ordinal,150,0.320000,0.185000,0.191667,0.376667,-0.185000,0.000000
150,C3,jew,non teste,nominal,150,0.880000,0.073333,,,,1.000000
150,C3,relig16*,non teste,nominal,150,0.206667,0.786667,,,,1.000000
150,C3,jew16*,non teste,nominal,150,0.786667,0.180000,,,,1.000000
150,C3,attend,sensible,ordinal,150,0.406667,0.092500,0.229167,0.273333,-0.044167,0.000000
150,C3,pray,investiguer,ordinal,150,0.413333,0.276000,0.184000,0.460000,-0.276000,0.000000
150,C3,postlife,non teste,nominal,150,0.466667,0.186667,,,,1.000000
150,C3,bible,non teste,ordinal,150,0.406667,0.283333,,,,1.000000
150,C3,reborn,investiguer,nominal,150,0.346667,0.586667,0.000000,0.427184,-0.427184,0.900000
150,C3,savesoul,investiguer,nominal,150,0.840000,0.040000,0.293333,0.333333,-0.040000,0.000000
150,C3,granborn,non teste,ordinal,150,0.553333,0.323333,,,,1.000000
150,C3,uscitzn*,non teste,nominal,150,0.986667,0.000000,,,,1.000000
150,C3,fucitzn,non teste,nominal,150,0.973333,0.026667,,,,1.000000
150,C3,mnthsusa,non teste,nominal,150,0.960000,0.013333,,,,1.000000
150,C3,income,non teste,ordinal,150,0.093333,0.313939,0.488485,0.800000,-0.311515,-0.000000
150,C3,othlang,temoin,nominal,150,0.280000,0.640000,,,,1.000000
150,C3,health,temoin,ordinal,150,0.526667,0.100000,0.511111,0.575556,-0.064444,-0.000000
150,C3,compuse*,temoin,nominal,150,0.960000,0.013333,,,,1.000000
150,C3,webmob,non teste,nominal,150,0.946667,0.026667,,,,1.000000
150,C3,xmovie,non teste,nominal,150,0.606667,0.393333,1.000000,0.606667,0.393333,0.000000
150,C3,usewww*,non teste,nominal,150,0.946667,0.026667,,,,1.000000
150,C3,life,temoin,ordinal,150,0.620000,0.160000,0.470000,0.630000,-0.160000,0.000000
150,C3,richwork,temoin,nominal,150,0.560000,0.413333,0.026667,0.440000,-0.413333,-0.000000
