condition,item,n_cellules,distance,entropie_humaine,entropie_simulee,ratio_entropie,ecart_desirabilite,perimetre,camp,n_personnes,classe_norc,type,classe_comportement
agents composite,natspac/y,150,0.150000,1.486056,1.428201,0.961068,-0.150000,150,tous,150,mixte,ordinal 3 et plus,attitude
agents entretien (v3),natspac/y,150,0.426667,1.486056,0.512340,0.344765,-0.426667,150,tous,150,mixte,ordinal 3 et plus,attitude
agents enquete,natspac/y,150,0.210000,1.486056,1.407138,0.946894,0.210000,150,tous,150,mixte,ordinal 3 et plus,attitude
agents demographiques (v6),natspac/y,150,0.250000,1.486056,1.256748,0.845693,-0.250000,150,tous,150,mixte,ordinal 3 et plus,attitude
agents v7,natspac/y,150,0.140000,1.486056,1.475397,0.992827,-0.140000,150,tous,150,mixte,ordinal 3 et plus,attitude
agents v8,natspac/y,150,0.076667,1.486056,1.504958,1.012719,-0.076667,150,tous,150,mixte,ordinal 3 et plus,attitude
C2,natspac/y,150,0.173333,1.486056,1.481821,0.997150,0.173333,150,tous,150,mixte,ordinal 3 et plus,attitude
C3,natspac/y,150,0.520000,1.486056,0.000000,0.000000,0.520000,150,tous,150,mixte,ordinal 3 et plus,attitude
B0 mode,natspac/y,150,0.240000,1.486056,0.000000,0.000000,0.020000,150,tous,150,mixte,ordinal 3 et plus,attitude
B0 tirage,natspac/y,150,0.050000,1.486056,1.494544,1.005712,-0.050000,150,tous,150,mixte,ordinal 3 et plus,attitude
B1 argmax,natspac/y,150,0.153333,1.486056,0.836193,0.562693,-0.006667,150,tous,150,mixte,ordinal 3 et plus,attitude
B2 argmax,natspac/y,150,0.210000,1.486056,0.367258,0.247136,-0.003333,150,tous,150,mixte,ordinal 3 et plus,attitude
B3 foret,natspac/y,150,0.233333,1.486056,0.125109,0.084189,0.020000,150,tous,150,mixte,ordinal 3 et plus,attitude
humains vague 2,natspac/y,150,0.056667,1.486056,1.390091,0.935423,-0.056667,150,tous,150,mixte,ordinal 3 et plus,attitude
agents composite,natenvir/y,150,0.136667,1.249527,1.501783,1.201881,-0.136667,150,tous,150,temoin,ordinal 3 et plus,attitude
agents entretien (v3),natenvir/y,150,0.186667,1.249527,1.504239,1.203847,-0.186667,150,tous,150,temoin,ordinal 3 et plus,attitude
agents enquete,natenvir/y,150,0.010000,1.249527,1.275808,1.021033,-0.010000,150,tous,150,temoin,ordinal 3 et plus,attitude
agents demographiques (v6),natenvir/y,150,0.073333,1.249527,1.358685,1.087360,-0.073333,150,tous,150,temoin,ordinal 3 et plus,attitude
agents v7,natenvir/y,150,0.123333,1.249527,0.798629,0.639145,0.123333,150,tous,150,temoin,ordinal 3 et plus,attitude
agents v8,natenvir/y,150,0.096667,1.249527,1.396191,1.117376,-0.096667,150,tous,150,temoin,ordinal 3 et plus,attitude
C2,natenvir/y,150,0.170000,1.249527,1.430409,1.144761,-0.170000,150,tous,150,temoin,ordinal 3 et plus,attitude
C3,natenvir/y,150,0.200000,1.249527,0.288642,0.231001,0.200000,150,tous,150,temoin,ordinal 3 et plus,attitude
B0 mode,natenvir/y,150,0.226667,1.249527,0.000000,0.000000,0.226667,150,tous,150,temoin,ordinal 3 et plus,attitude
B0 tirage,natenvir/y,150,0.046667,1.249527,1.095344,0.876607,0.046667,150,tous,150,temoin,ordinal 3 et plus,attitude
B1 argmax,natenvir/y,150,0.120000,1.249527,0.733628,0.587124,0.120000,150,tous,150,temoin,ordinal 3 et plus,attitude
B2 argmax,natenvir/y,150,0.093333,1.249527,0.924302,0.739722,0.093333,150,tous,150,temoin,ordinal 3 et plus,attitude
B3 foret,natenvir/y,150,0.146667,1.249527,0.606064,0.485035,0.146667,150,tous,150,temoin,ordinal 3 et plus,attitude
humains vague 2,natenvir/y,150,0.016667,1.249527,1.249805,1.000223,-0.003333,150,tous,150,temoin,ordinal 3 et plus,attitude
agents composite,natheal/y,150,0.040000,1.114382,0.988180,0.886752,0.040000,150,tous,150,mixte,ordinal 3 et plus,attitude
agents entretien (v3),natheal/y,150,0.016667,1.114382,1.183445,1.061975,-0.016667,150,tous,150,mixte,ordinal 3 et plus,attitude
agents enquete,natheal/y,150,0.033333,1.114382,1.063361,0.954215,0.020000,150,tous,150,mixte,ordinal 3 et plus,attitude
agents demographiques (v6),natheal/y,150,0.126667,1.114382,0.534170,0.479342,0.126667,150,tous,150,mixte,ordinal 3 et plus,attitude
agents v7,natheal/y,150,0.116667,1.114382,0.616982,0.553653,0.116667,150,tous,150,mixte,ordinal 3 et plus,attitude
agents v8,natheal/y,150,0.106667,1.114382,1.393379,1.250360,-0.106667,150,tous,150,mixte,ordinal 3 et plus,attitude
C2,natheal/y,150,0.296667,1.114382,1.188232,1.066269,-0.296667,150,tous,150,mixte,ordinal 3 et plus,attitude
C3,natheal/y,150,0.096667,1.114382,0.714694,0.641336,0.096667,150,tous,150,mixte,ordinal 3 et plus,attitude
B0 mode,natheal/y,150,0.186667,1.114382,0.000000,0.000000,0.186667,150,tous,150,mixte,ordinal 3 et plus,attitude
B0 tirage,natheal/y,150,0.030000,1.114382,1.050456,0.942635,0.023333,150,tous,150,mixte,ordinal 3 et plus,attitude
B1 argmax,natheal/y,150,0.160000,1.114382,0.309294,0.277548,0.160000,150,tous,150,mixte,ordinal 3 et plus,attitude
B2 argmax,natheal/y,150,0.170000,1.114382,0.208642,0.187226,0.170000,150,tous,150,mixte,ordinal 3 et plus,attitude
B3 foret,natheal/y,150,0.183333,1.114382,0.062587,0.056163,0.183333,150,tous,150,mixte,ordinal 3 et plus,attitude
humains vague 2,natheal/y,150,0.030000,1.114382,1.012522,0.908595,0.030000,150,tous,150,mixte,ordinal 3 et plus,attitude
agents composite,natcity/y,150,0.136667,1.447990,1.573628,1.086767,0.050000,150,tous,150,mixte,ordinal 3 et plus,attitude
agents entretien (v3),natcity/y,150,0.133333,1.447990,1.537577,1.061870,-0.113333,150,tous,150,mixte,ordinal 3 et plus,attitude
agents enquete,natcity/y,150,0.203333,1.447990,1.401270,0.967735,0.203333,150,tous,150,mixte,ordinal 3 et plus,attitude
agents demographiques (v6),natcity/y,150,0.136667,1.447990,1.508307,1.041655,0.136667,150,tous,150,mixte,ordinal 3 et plus,attitude
agents v7,natcity/y,150,0.076667,1.447990,1.549416,1.070046,0.076667,150,tous,150,mixte,ordinal 3 et plus,attitude
agents v8,natcity/y,150,0.130000,1.447990,1.567155,1.082297,0.070000,150,tous,150,mixte,ordinal 3 et plus,attitude
C2,natcity/y,150,0.160000,1.447990,1.095570,0.756615,-0.160000,150,tous,150,mixte,ordinal 3 et plus,attitude
C3,natcity/y,150,0.366667,1.447990,0.884500,0.610846,0.366667,150,tous,150,mixte,ordinal 3 et plus,attitude
B0 mode,natcity/y,150,0.223333,1.447990,0.000000,0.000000,-0.003333,150,tous,150,mixte,ordinal 3 et plus,attitude
B0 tirage,natcity/y,150,0.060000,1.447990,1.563366,1.079680,0.000000,150,tous,150,mixte,ordinal 3 et plus,attitude
B1 argmax,natcity/y,150,0.053333,1.447990,1.413292,0.976037,-0.053333,150,tous,150,mixte,ordinal 3 et plus,attitude
B2 argmax,natcity/y,150,0.120000,1.447990,0.932162,0.643762,-0.040000,150,tous,150,mixte,ordinal 3 et plus,attitude
B3 foret,natcity/y,150,0.113333,1.447990,0.933799,0.644894,-0.066667,150,tous,150,mixte,ordinal 3 et plus,attitude
humains vague 2,natcity/y,150,0.033333,1.447990,1.475397,1.018928,-0.033333,150,tous,150,mixte,ordinal 3 et plus,attitude
agents composite,natdrug/y,150,0.063333,1.317406,1.159244,0.879944,0.063333,150,tous,150,temoin,ordinal 3 et plus,attitude
agents entretien (v3),natdrug/y,150,0.063333,1.317406,1.369134,1.039265,-0.030000,150,tous,150,temoin,ordinal 3 et plus,attitude
agents enquete,natdrug/y,150,0.113333,1.317406,0.971811,0.737670,0.113333,150,tous,150,temoin,ordinal 3 et plus,attitude
agents demographiques (v6),natdrug/y,149,0.226443,1.317406,0.359902,0.273190,0.226443,150,tous,150,temoin,ordinal 3 et plus,attitude
agents v7,natdrug/y,150,0.193333,1.317406,0.570443,0.433005,0.193333,150,tous,150,temoin,ordinal 3 et plus,attitude
agents v8,natdrug/y,150,0.066667,1.317406,1.438914,1.092232,-0.066667,150,tous,150,temoin,ordinal 3 et plus,attitude
C2,natdrug/y,150,0.230000,1.317406,1.509041,1.145463,-0.230000,150,tous,150,temoin,ordinal 3 et plus,attitude
C3,natdrug/y,150,0.213333,1.317406,0.353278,0.268161,0.213333,150,tous,150,temoin,ordinal 3 et plus,attitude
B0 mode,natdrug/y,150,0.260000,1.317406,0.000000,0.000000,0.260000,150,tous,150,temoin,ordinal 3 et plus,attitude
B0 tirage,natdrug/y,150,0.000000,1.317406,1.317406,1.000000,0.000000,150,tous,150,temoin,ordinal 3 et plus,attitude
B1 argmax,natdrug/y,150,0.153333,1.317406,0.810778,0.615435,0.153333,150,tous,150,temoin,ordinal 3 et plus,attitude
B2 argmax,natdrug/y,150,0.186667,1.317406,0.638660,0.484786,0.186667,150,tous,150,temoin,ordinal 3 et plus,attitude
B3 foret,natdrug/y,150,0.226667,1.317406,0.358168,0.271874,0.226667,150,tous,150,temoin,ordinal 3 et plus,attitude
humains vague 2,natdrug/y,150,0.026667,1.317406,1.210353,0.918739,0.020000,150,tous,150,temoin,ordinal 3 et plus,attitude
agents composite,nateduc/y,150,0.013333,1.145865,1.130555,0.986639,0.006667,150,tous,150,temoin,ordinal 3 et plus,attitude
agents entretien (v3),nateduc/y,150,0.046667,1.145865,1.095344,0.955910,0.013333,150,tous,150,temoin,ordinal 3 et plus,attitude
agents enquete,nateduc/y,150,0.040000,1.145865,1.008883,0.880456,0.040000,150,tous,150,temoin,ordinal 3 et plus,attitude
agents demographiques (v6),nateduc/y,149,0.179911,1.145865,0.183159,0.159843,0.179911,150,tous,150,temoin,ordinal 3 et plus,attitude
agents v7,nateduc/y,150,0.136667,1.145865,0.527079,0.459984,0.136667,150,tous,150,temoin,ordinal 3 et plus,attitude
agents v8,nateduc/y,150,0.093333,1.145865,1.358568,1.185627,-0.093333,150,tous,150,temoin,ordinal 3 et plus,attitude
C2,nateduc/y,150,0.223333,1.145865,1.267658,1.106290,-0.223333,150,tous,150,temoin,ordinal 3 et plus,attitude
C3,nateduc/y,150,0.046667,1.145865,0.971324,0.847678,0.046667,150,tous,150,temoin,ordinal 3 et plus,attitude
B0 mode,nateduc/y,150,0.193333,1.145865,0.000000,0.000000,0.193333,150,tous,150,temoin,ordinal 3 et plus,attitude
B0 tirage,nateduc/y,150,0.043333,1.145865,1.046040,0.912883,0.030000,150,tous,150,temoin,ordinal 3 et plus,attitude
B1 argmax,nateduc/y,150,0.133333,1.145865,0.537675,0.469231,0.133333,150,tous,150,temoin,ordinal 3 et plus,attitude
B2 argmax,nateduc/y,150,0.156667,1.145865,0.394244,0.344058,0.156667,150,tous,150,temoin,ordinal 3 et plus,attitude
B3 foret,nateduc/y,150,0.186667,1.145865,0.106967,0.093350,0.186667,150,tous,150,temoin,ordinal 3 et plus,attitude
humains vague 2,nateduc/y,150,0.010000,1.145865,1.105780,0.965018,0.010000,150,tous,150,temoin,ordinal 3 et plus,attitude
agents composite,natrace/y,149,0.142752,1.513153,1.478302,0.976968,0.007226,150,tous,150,sensible,ordinal 3 et plus,attitude
agents entretien (v3),natrace/y,150,0.113333,1.513153,1.533716,1.013589,0.006667,150,tous,150,sensible,ordinal 3 et plus,attitude
agents enquete,natrace/y,150,0.133333,1.513153,1.399927,0.925172,0.106667,150,tous,150,sensible,ordinal 3 et plus,attitude
agents demographiques (v6),natrace/y,149,0.232058,1.513153,1.066537,0.704844,0.232058,150,tous,150,sensible,ordinal 3 et plus,attitude
agents v7,natrace/y,150,0.326667,1.513153,0.765359,0.505804,0.326667,150,tous,150,sensible,ordinal 3 et plus,attitude
agents v8,natrace/y,150,0.130000,1.513153,1.444538,0.954654,0.076667,150,tous,150,sensible,ordinal 3 et plus,attitude
C2,natrace/y,150,0.103333,1.513153,1.255065,0.829437,-0.103333,150,tous,150,sensible,ordinal 3 et plus,attitude
C3,natrace/y,150,0.296667,1.513153,0.904782,0.597944,0.296667,150,tous,150,sensible,ordinal 3 et plus,attitude
B0 mode,natrace/y,150,0.170000,1.513153,0.726737,0.480280,0.023333,150,tous,150,sensible,ordinal 3 et plus,attitude
B0 tirage,natrace/y,150,0.023333,1.513153,1.547770,1.022877,-0.003333,150,tous,150,sensible,ordinal 3 et plus,attitude
B1 argmax,natrace/y,150,0.023333,1.513153,1.542623,1.019476,0.003333,150,tous,150,sensible,ordinal 3 et plus,attitude
B2 argmax,natrace/y,150,0.093333,1.513153,1.452174,0.959700,0.093333,150,tous,150,sensible,ordinal 3 et plus,attitude
B3 foret,natrace/y,150,0.050000,1.513153,1.483775,0.980585,0.050000,150,tous,150,sensible,ordinal 3 et plus,attitude
humains vague 2,natrace/y,150,0.016667,1.513153,1.490545,0.985059,-0.010000,150,tous,150,sensible,ordinal 3 et plus,attitude
agents composite,natarms/y,150,0.076667,1.523673,1.457941,0.956859,0.036667,150,tous,150,temoin,ordinal 3 et plus,attitude
agents entretien (v3),natarms/y,150,0.060000,1.523673,1.442276,0.946578,-0.060000,150,tous,150,temoin,ordinal 3 et plus,attitude
agents enquete,natarms/y,150,0.080000,1.523673,1.378321,0.904604,-0.013333,150,tous,150,temoin,ordinal 3 et plus,attitude
agents demographiques (v6),natarms/y,149,0.232371,1.523673,0.913438,0.599497,-0.232371,150,tous,150,temoin,ordinal 3 et plus,attitude
agents v7,natarms/y,150,0.250000,1.523673,0.878949,0.576862,-0.250000,150,tous,150,temoin,ordinal 3 et plus,attitude
agents v8,natarms/y,150,0.033333,1.523673,1.517368,0.995862,-0.006667,150,tous,150,temoin,ordinal 3 et plus,attitude
C2,natarms/y,150,0.133333,1.523673,1.004296,0.659128,-0.133333,150,tous,150,temoin,ordinal 3 et plus,attitude
C3,natarms/y,150,0.090000,1.523673,1.522281,0.999086,0.090000,150,tous,150,temoin,ordinal 3 et plus,attitude
B0 mode,natarms/y,150,0.223333,1.523673,0.726737,0.476964,0.023333,150,tous,150,temoin,ordinal 3 et plus,attitude
B0 tirage,natarms/y,150,0.023333,1.523673,1.509343,0.990595,0.003333,150,tous,150,temoin,ordinal 3 et plus,attitude
B1 argmax,natarms/y,150,0.060000,1.523673,1.481821,0.972532,0.026667,150,tous,150,temoin,ordinal 3 et plus,attitude
B2 argmax,natarms/y,150,0.013333,1.523673,1.503075,0.986481,-0.013333,150,tous,150,temoin,ordinal 3 et plus,attitude
B3 foret,natarms/y,150,0.043333,1.523673,1.442646,0.946821,-0.023333,150,tous,150,temoin,ordinal 3 et plus,attitude
humains vague 2,natarms/y,150,0.036667,1.523673,1.558011,1.022536,0.036667,150,tous,150,temoin,ordinal 3 et plus,attitude
agents composite,nataid/y,150,0.036667,1.127369,1.182194,1.048631,0.023333,150,tous,150,temoin,ordinal 3 et plus,attitude
agents entretien (v3),nataid/y,150,0.086667,1.127369,0.826115,0.732781,-0.060000,150,tous,150,temoin,ordinal 3 et plus,attitude
agents enquete,nataid/y,150,0.220000,1.127369,1.522281,1.350295,0.220000,150,tous,150,temoin,ordinal 3 et plus,attitude
agents demographiques (v6),nataid/y,150,0.173333,1.127369,0.169424,0.150283,-0.173333,150,tous,150,temoin,ordinal 3 et plus,attitude
agents v7,nataid/y,149,0.205951,1.127369,1.507765,1.337419,0.205951,150,tous,150,temoin,ordinal 3 et plus,attitude
agents v8,nataid/y,150,0.253333,1.127369,1.578644,1.400290,0.253333,150,tous,150,temoin,ordinal 3 et plus,attitude
C2,nataid/y,150,0.296667,1.127369,1.157859,1.027045,0.296667,150,tous,150,temoin,ordinal 3 et plus,attitude
C3,nataid/y,150,0.716667,1.127369,0.743404,0.659415,0.716667,150,tous,150,temoin,ordinal 3 et plus,attitude
B0 mode,nataid/y,150,0.186667,1.127369,0.000000,0.000000,-0.186667,150,tous,150,temoin,ordinal 3 et plus,attitude
B0 tirage,nataid/y,150,0.056667,1.127369,1.256202,1.114278,0.056667,150,tous,150,temoin,ordinal 3 et plus,attitude
B1 argmax,nataid/y,150,0.086667,1.127369,0.773361,0.685987,-0.086667,150,tous,150,temoin,ordinal 3 et plus,attitude
B2 argmax,nataid/y,150,0.076667,1.127369,0.764976,0.678550,-0.076667,150,tous,150,temoin,ordinal 3 et plus,attitude
B3 foret,nataid/y,150,0.156667,1.127369,0.332254,0.294716,-0.156667,150,tous,150,temoin,ordinal 3 et plus,attitude
humains vague 2,nataid/y,150,0.023333,1.127369,1.138260,1.009661,0.010000,150,tous,150,temoin,ordinal 3 et plus,attitude
agents composite,natfare/y,150,0.140000,1.120170,1.409162,1.257989,-0.140000,150,tous,150,mixte,ordinal 3 et plus,attitude
agents entretien (v3),natfare/y,150,0.100000,1.120170,1.306581,1.166413,-0.100000,150,tous,150,mixte,ordinal 3 et plus,attitude
agents enquete,natfare/y,150,0.073333,1.120170,1.259707,1.124567,-0.073333,150,tous,150,mixte,ordinal 3 et plus,attitude
agents demographiques (v6),natfare/y,150,0.083333,1.120170,0.749750,0.669318,0.083333,150,tous,150,mixte,ordinal 3 et plus,attitude
agents v7,natfare/y,149,0.025615,1.120170,1.030254,0.919730,0.025615,150,tous,150,mixte,ordinal 3 et plus,attitude
agents v8,natfare/y,150,0.216667,1.120170,1.495093,1.334702,-0.216667,150,tous,150,mixte,ordinal 3 et plus,attitude
C2,natfare/y,150,0.333333,1.120170,1.272076,1.135609,-0.333333,150,tous,150,mixte,ordinal 3 et plus,attitude
C3,natfare/y,150,0.106667,1.120170,0.604858,0.539970,0.106667,150,tous,150,mixte,ordinal 3 et plus,attitude
B0 mode,natfare/y,150,0.183333,1.120170,0.000000,0.000000,0.183333,150,tous,150,mixte,ordinal 3 et plus,attitude
B0 tirage,natfare/y,150,0.023333,1.120170,1.189684,1.062056,-0.023333,150,tous,150,mixte,ordinal 3 et plus,attitude
B1 argmax,natfare/y,150,0.083333,1.120170,0.773732,0.690727,0.083333,150,tous,150,mixte,ordinal 3 et plus,attitude
B2 argmax,natfare/y,150,0.143333,1.120170,0.363343,0.324364,0.143333,150,tous,150,mixte,ordinal 3 et plus,attitude
B3 foret,natfare/y,150,0.166667,1.120170,0.215651,0.192517,0.166667,150,tous,150,mixte,ordinal 3 et plus,attitude
humains vague 2,natfare/y,150,0.016667,1.120170,1.122007,1.001639,-0.003333,150,tous,150,mixte,ordinal 3 et plus,attitude
agents composite,natroad,150,0.086667,1.225274,1.221698,0.997081,-0.086667,150,tous,150,sensible,ordinal 3 et plus,attitude
agents entretien (v3),natroad,150,0.176667,1.225274,0.948042,0.773738,-0.176667,150,tous,150,sensible,ordinal 3 et plus,attitude
agents enquete,natroad,150,0.120000,1.225274,1.044174,0.852196,-0.093333,150,tous,150,sensible,ordinal 3 et plus,attitude
agents demographiques (v6),natroad,150,0.136667,1.225274,1.070219,0.873453,-0.130000,150,tous,150,sensible,ordinal 3 et plus,attitude
agents v7,natroad,149,0.068523,1.225274,1.118436,0.912805,-0.041991,150,tous,150,sensible,ordinal 3 et plus,attitude
agents v8,natroad,150,0.100000,1.225274,1.016079,0.829267,-0.060000,150,tous,150,sensible,ordinal 3 et plus,attitude
C2,natroad,150,0.183333,1.225274,1.200732,0.979970,-0.183333,150,tous,150,sensible,ordinal 3 et plus,attitude
C3,natroad,150,0.116667,1.225274,0.956504,0.780645,0.116667,150,tous,150,sensible,ordinal 3 et plus,attitude
B0 mode,natroad,150,0.256667,1.225274,0.000000,0.000000,0.256667,150,tous,150,sensible,ordinal 3 et plus,attitude
B0 tirage,natroad,150,0.040000,1.225274,1.343944,1.096852,-0.040000,150,tous,150,sensible,ordinal 3 et plus,attitude
B1 argmax,natroad,150,0.106667,1.225274,0.928510,0.757798,0.106667,150,tous,150,sensible,ordinal 3 et plus,attitude
B2 argmax,natroad,150,0.156667,1.225274,0.726737,0.593122,0.156667,150,tous,150,sensible,ordinal 3 et plus,attitude
B3 foret,natroad,150,0.130000,1.225274,0.821328,0.670322,0.130000,150,tous,150,sensible,ordinal 3 et plus,attitude
humains vague 2,natroad,150,0.036667,1.225274,1.277029,1.042239,-0.036667,150,tous,150,sensible,ordinal 3 et plus,attitude
agents composite,natsoc,150,0.066667,1.084246,1.265155,1.166852,-0.066667,150,tous,150,temoin,ordinal 3 et plus,attitude
agents entretien (v3),natsoc,150,0.100000,1.084246,1.130764,1.042904,-0.086667,150,tous,150,temoin,ordinal 3 et plus,attitude
agents enquete,natsoc,150,0.140000,1.084246,1.347318,1.242632,-0.140000,150,tous,150,temoin,ordinal 3 et plus,attitude
agents demographiques (v6),natsoc,150,0.043333,1.084246,1.025289,0.945624,-0.016667,150,tous,150,temoin,ordinal 3 et plus,attitude
agents v7,natsoc,149,0.034787,1.084246,1.148819,1.059556,-0.034787,150,tous,150,temoin,ordinal 3 et plus,attitude
agents v8,natsoc,150,0.206667,1.084246,1.421364,1.310924,-0.206667,150,tous,150,temoin,ordinal 3 et plus,attitude
C2,natsoc,150,0.406667,1.084246,1.202060,1.108660,-0.406667,150,tous,150,temoin,ordinal 3 et plus,attitude
C3,natsoc,150,0.073333,1.084246,1.108581,1.022444,-0.006667,150,tous,150,temoin,ordinal 3 et plus,attitude
B0 mode,natsoc,150,0.183333,1.084246,0.000000,0.000000,0.183333,150,tous,150,temoin,ordinal 3 et plus,attitude
B0 tirage,natsoc,150,0.033333,1.084246,0.991209,0.914192,0.033333,150,tous,150,temoin,ordinal 3 et plus,attitude
B1 argmax,natsoc,150,0.113333,1.084246,0.589048,0.543279,0.113333,150,tous,150,temoin,ordinal 3 et plus,attitude
B2 argmax,natsoc,150,0.170000,1.084246,0.182198,0.168042,0.170000,150,tous,150,temoin,ordinal 3 et plus,attitude
B3 foret,natsoc,150,0.183333,1.084246,0.000000,0.000000,0.183333,150,tous,150,temoin,ordinal 3 et plus,attitude
humains vague 2,natsoc,150,0.003333,1.084246,1.061974,0.979458,0.003333,150,tous,150,temoin,ordinal 3 et plus,attitude
agents composite,natmass,150,0.090000,1.295761,1.421806,1.097275,0.003333,150,tous,150,temoin,ordinal 3 et plus,attitude
agents entretien (v3),natmass,150,0.103333,1.295761,1.533684,1.183616,-0.083333,150,tous,150,temoin,ordinal 3 et plus,attitude
agents enquete,natmass,150,0.170000,1.295761,0.940282,0.725660,0.170000,150,tous,150,temoin,ordinal 3 et plus,attitude
agents demographiques (v6),natmass,150,0.236667,1.295761,0.614314,0.474095,0.236667,150,tous,150,temoin,ordinal 3 et plus,attitude
agents v7,natmass,150,0.203333,1.295761,0.770661,0.594756,0.203333,150,tous,150,temoin,ordinal 3 et plus,attitude
agents v8,natmass,150,0.170000,1.295761,1.383591,1.067783,-0.050000,150,tous,150,temoin,ordinal 3 et plus,attitude
C2,natmass,150,0.010000,1.295761,1.254507,0.968163,0.003333,150,tous,150,temoin,ordinal 3 et plus,attitude
C3,natmass,150,0.263333,1.295761,0.396527,0.306019,0.263333,150,tous,150,temoin,ordinal 3 et plus,attitude
B0 mode,natmass,150,0.260000,1.295761,0.000000,0.000000,-0.193333,150,tous,150,temoin,ordinal 3 et plus,attitude
B0 tirage,natmass,150,0.036667,1.295761,1.338025,1.032617,-0.036667,150,tous,150,temoin,ordinal 3 et plus,attitude
B1 argmax,natmass,150,0.033333,1.295761,1.121583,0.865579,0.013333,150,tous,150,temoin,ordinal 3 et plus,attitude
B2 argmax,natmass,150,0.050000,1.295761,1.004296,0.775063,0.050000,150,tous,150,temoin,ordinal 3 et plus,attitude
B3 foret,natmass,150,0.083333,1.295761,0.941819,0.726846,-0.016667,150,tous,150,temoin,ordinal 3 et plus,attitude
humains vague 2,natmass,150,0.016667,1.295761,1.347318,1.039789,-0.016667,150,tous,150,temoin,ordinal 3 et plus,attitude
agents composite,natpark,150,0.040000,1.236574,1.375519,1.112363,0.000000,150,tous,150,temoin,ordinal 3 et plus,attitude
agents entretien (v3),natpark,150,0.100000,1.236574,1.367828,1.106143,-0.100000,150,tous,150,temoin,ordinal 3 et plus,attitude
agents enquete,natpark,150,0.083333,1.236574,1.296311,1.048308,0.083333,150,tous,150,temoin,ordinal 3 et plus,attitude
agents demographiques (v6),natpark,150,0.136667,1.236574,1.127096,0.911467,0.136667,150,tous,150,temoin,ordinal 3 et plus,attitude
agents v7,natpark,150,0.260000,1.236574,0.890813,0.720388,0.260000,150,tous,150,temoin,ordinal 3 et plus,attitude
agents v8,natpark,150,0.143333,1.236574,1.561695,1.262921,-0.030000,150,tous,150,temoin,ordinal 3 et plus,attitude
C2,natpark,150,0.136667,1.236574,0.535375,0.432950,-0.070000,150,tous,150,temoin,ordinal 3 et plus,attitude
C3,natpark,150,0.343333,1.236574,0.406988,0.329126,0.343333,150,tous,150,temoin,ordinal 3 et plus,attitude
B0 mode,natpark,150,0.190000,1.236574,0.000000,0.000000,-0.116667,150,tous,150,temoin,ordinal 3 et plus,attitude
B0 tirage,natpark,150,0.036667,1.236574,1.203496,0.973250,-0.036667,150,tous,150,temoin,ordinal 3 et plus,attitude
B1 argmax,natpark,150,0.150000,1.236574,0.406988,0.329126,-0.076667,150,tous,150,temoin,ordinal 3 et plus,attitude
B2 argmax,natpark,150,0.120000,1.236574,0.589048,0.476355,-0.046667,150,tous,150,temoin,ordinal 3 et plus,attitude
B3 foret,natpark,150,0.186667,1.236574,0.062587,0.050613,-0.113333,150,tous,150,temoin,ordinal 3 et plus,attitude
humains vague 2,natpark,150,0.030000,1.236574,1.150251,0.930191,-0.023333,150,tous,150,temoin,ordinal 3 et plus,attitude
agents composite,natchld,150,0.040000,1.291095,1.375673,1.065508,-0.026667,150,tous,150,sensible,ordinal 3 et plus,attitude
agents entretien (v3),natchld,150,0.106667,1.291095,1.508296,1.168230,-0.106667,150,tous,150,sensible,ordinal 3 et plus,attitude
agents enquete,natchld,150,0.096667,1.291095,1.009818,0.782140,0.096667,150,tous,150,sensible,ordinal 3 et plus,attitude
agents demographiques (v6),natchld,150,0.146667,1.291095,0.802218,0.621347,0.146667,150,tous,150,sensible,ordinal 3 et plus,attitude
agents v7,natchld,150,0.133333,1.291095,0.872160,0.675520,0.133333,150,tous,150,sensible,ordinal 3 et plus,attitude
agents v8,natchld,150,0.103333,1.291095,1.449561,1.122737,-0.103333,150,tous,150,sensible,ordinal 3 et plus,attitude
C2,natchld,150,0.063333,1.291095,1.040330,0.805773,0.063333,150,tous,150,sensible,ordinal 3 et plus,attitude
C3,natchld,150,0.226667,1.291095,0.309294,0.239559,0.226667,150,tous,150,sensible,ordinal 3 et plus,attitude
B0 mode,natchld,150,0.253333,1.291095,0.000000,0.000000,0.253333,150,tous,150,sensible,ordinal 3 et plus,attitude
B0 tirage,natchld,150,0.013333,1.291095,1.308099,1.013170,-0.013333,150,tous,150,sensible,ordinal 3 et plus,attitude
B1 argmax,natchld,150,0.080000,1.291095,1.029649,0.797501,0.080000,150,tous,150,sensible,ordinal 3 et plus,attitude
B2 argmax,natchld,150,0.120000,1.291095,0.841450,0.651733,0.120000,150,tous,150,sensible,ordinal 3 et plus,attitude
B3 foret,natchld,150,0.136667,1.291095,0.788586,0.610788,0.136667,150,tous,150,sensible,ordinal 3 et plus,attitude
humains vague 2,natchld,150,0.020000,1.291095,1.255633,0.972533,0.000000,150,tous,150,sensible,ordinal 3 et plus,attitude
agents composite,natsci,150,0.123333,1.347079,1.482688,1.100669,0.070000,150,tous,150,temoin,ordinal 3 et plus,attitude
agents entretien (v3),natsci,150,0.133333,1.347079,1.556557,1.155506,0.006667,150,tous,150,temoin,ordinal 3 et plus,attitude
agents enquete,natsci,150,0.190000,1.347079,1.238958,0.919737,0.190000,150,tous,150,temoin,ordinal 3 et plus,attitude
agents demographiques (v6),natsci,150,0.240000,1.347079,1.046421,0.776807,0.240000,150,tous,150,temoin,ordinal 3 et plus,attitude
agents v7,natsci,150,0.250000,1.347079,1.047075,0.777293,0.250000,150,tous,150,temoin,ordinal 3 et plus,attitude
agents v8,natsci,150,0.170000,1.347079,1.495706,1.110332,0.050000,150,tous,150,temoin,ordinal 3 et plus,attitude
C2,natsci,150,0.083333,1.347079,0.988180,0.733573,-0.010000,150,tous,150,temoin,ordinal 3 et plus,attitude
C3,natsci,150,0.396667,1.347079,0.215651,0.160088,0.396667,150,tous,150,temoin,ordinal 3 et plus,attitude
B0 mode,natsci,150,0.206667,1.347079,0.000000,0.000000,-0.086667,150,tous,150,temoin,ordinal 3 et plus,attitude
B0 tirage,natsci,150,0.006667,1.347079,1.338102,0.993336,0.006667,150,tous,150,temoin,ordinal 3 et plus,attitude
B1 argmax,natsci,150,0.080000,1.347079,0.901496,0.669223,0.026667,150,tous,150,temoin,ordinal 3 et plus,attitude
B2 argmax,natsci,150,0.066667,1.347079,0.910520,0.675922,0.046667,150,tous,150,temoin,ordinal 3 et plus,attitude
B3 foret,natsci,150,0.130000,1.347079,0.622928,0.462429,-0.010000,150,tous,150,temoin,ordinal 3 et plus,attitude
humains vague 2,natsci,150,0.033333,1.347079,1.294060,0.960641,0.033333,150,tous,150,temoin,ordinal 3 et plus,attitude
agents composite,natenrgy,150,0.093333,1.467994,1.299370,0.885133,0.093333,150,tous,150,temoin,ordinal 3 et plus,attitude
agents entretien (v3),natenrgy,150,0.093333,1.467994,1.490925,1.015621,-0.060000,150,tous,150,temoin,ordinal 3 et plus,attitude
agents enquete,natenrgy,150,0.203333,1.467994,0.925736,0.630613,0.203333,150,tous,150,temoin,ordinal 3 et plus,attitude
agents demographiques (v6),natenrgy,150,0.196667,1.467994,0.942403,0.641967,0.196667,150,tous,150,temoin,ordinal 3 et plus,attitude
agents v7,natenrgy,150,0.216667,1.467994,0.904782,0.616339,0.216667,150,tous,150,temoin,ordinal 3 et plus,attitude
agents v8,natenrgy,150,0.090000,1.467994,1.459335,0.994102,-0.016667,150,tous,150,temoin,ordinal 3 et plus,attitude
C2,natenrgy,150,0.040000,1.467994,1.429377,0.973694,-0.013333,150,tous,150,temoin,ordinal 3 et plus,attitude
C3,natenrgy,150,0.343333,1.467994,0.000000,0.000000,0.343333,150,tous,150,temoin,ordinal 3 et plus,attitude
B0 mode,natenrgy,150,0.343333,1.467994,0.000000,0.000000,0.343333,150,tous,150,temoin,ordinal 3 et plus,attitude
B0 tirage,natenrgy,150,0.073333,1.467994,1.299210,0.885025,0.073333,150,tous,150,temoin,ordinal 3 et plus,attitude
B1 argmax,natenrgy,150,0.090000,1.467994,1.299539,0.885249,0.090000,150,tous,150,temoin,ordinal 3 et plus,attitude
B2 argmax,natenrgy,150,0.130000,1.467994,1.213064,0.826342,0.130000,150,tous,150,temoin,ordinal 3 et plus,attitude
B3 foret,natenrgy,150,0.153333,1.467994,1.098991,0.748635,0.153333,150,tous,150,temoin,ordinal 3 et plus,attitude
humains vague 2,natenrgy,150,0.040000,1.467994,1.440425,0.981220,-0.020000,150,tous,150,temoin,ordinal 3 et plus,attitude
agents composite,uswary,150,0.420000,1.002756,0.494588,0.493229,,150,tous,150,non teste,binaire,attitude
agents entretien (v3),uswary,150,0.440000,1.002756,0.430054,0.428872,,150,tous,150,non teste,binaire,attitude
agents enquete,uswary,150,0.413333,1.002756,0.514698,0.513283,,150,tous,150,non teste,binaire,attitude
agents demographiques (v6),uswary,150,0.526667,1.002756,0.000000,0.000000,,150,tous,150,non teste,binaire,attitude
agents v7,uswary,150,0.453333,1.002756,0.383051,0.381998,,150,tous,150,non teste,binaire,attitude
agents v8,uswary,150,0.406667,1.002756,0.534170,0.532702,,150,tous,150,non teste,binaire,attitude
C2,uswary,150,0.526667,1.002756,0.000000,0.000000,,150,tous,150,non teste,binaire,attitude
C3,uswary,150,0.526667,1.002756,0.000000,0.000000,,150,tous,150,non teste,binaire,attitude
B0 mode,uswary,150,0.473333,1.002756,0.000000,0.000000,,150,tous,150,non teste,binaire,attitude
B0 tirage,uswary,150,0.033333,1.002756,1.004681,1.001919,,150,tous,150,non teste,binaire,attitude
B1 argmax,uswary,150,0.040000,1.002756,0.991947,0.989220,,150,tous,150,non teste,binaire,attitude
B2 argmax,uswary,150,0.026667,1.002756,1.004809,1.002047,,150,tous,150,non teste,binaire,attitude
B3 foret,uswary,150,0.060000,1.002756,0.983027,0.980325,,150,tous,150,non teste,binaire,attitude
humains vague 2,uswary,150,0.020000,1.002756,0.998516,0.995772,,150,tous,150,non teste,binaire,attitude
agents composite,prayer,150,0.146667,0.916293,0.684886,0.747453,,150,tous,150,non teste,binaire,attitude
agents entretien (v3),prayer,150,0.040000,0.916293,0.869185,0.948588,,150,tous,150,non teste,binaire,attitude
agents enquete,prayer,150,0.106667,0.916293,0.764976,0.834860,,150,tous,150,non teste,binaire,attitude
agents demographiques (v6),prayer,150,0.193333,0.916293,0.571318,0.623510,,150,tous,150,non teste,binaire,attitude
agents v7,prayer,150,0.206667,0.916293,0.534170,0.582968,,150,tous,150,non teste,binaire,attitude
agents v8,prayer,150,0.046667,0.916293,0.860260,0.938848,,150,tous,150,non teste,binaire,attitude
C2,prayer,150,0.326667,0.916293,0.000000,0.000000,,150,tous,150,non teste,binaire,attitude
C3,prayer,150,0.326667,0.916293,0.000000,0.000000,,150,tous,150,non teste,binaire,attitude
B0 mode,prayer,150,0.326667,0.916293,0.000000,0.000000,,150,tous,150,non teste,binaire,attitude
B0 tirage,prayer,150,0.066667,0.916293,0.831555,0.907521,,150,tous,150,non teste,binaire,attitude
B1 argmax,prayer,150,0.140000,0.916293,0.699255,0.763134,,150,tous,150,non teste,binaire,attitude
B2 argmax,prayer,150,0.133333,0.916293,0.713202,0.778355,,150,tous,150,non teste,binaire,attitude
B3 foret,prayer,150,0.233333,0.916293,0.452308,0.493628,,150,tous,150,non teste,binaire,attitude
humains vague 2,prayer,150,0.066667,0.916293,0.831555,0.907521,,150,tous,150,non teste,binaire,attitude
agents composite,courts,150,0.026667,1.526295,1.516767,0.993757,,150,tous,150,non teste,ordinal 3 et plus,attitude
agents entretien (v3),courts,150,0.096667,1.526295,1.571000,1.029290,,150,tous,150,non teste,ordinal 3 et plus,attitude
agents enquete,courts,150,0.116667,1.526295,1.554941,1.018768,,150,tous,150,non teste,ordinal 3 et plus,attitude
agents demographiques (v6),courts,150,0.136667,1.526295,1.346873,0.882446,,150,tous,150,non teste,ordinal 3 et plus,attitude
agents v7,courts,150,0.200000,1.526295,1.390091,0.910762,,150,tous,150,non teste,ordinal 3 et plus,attitude
agents v8,courts,150,0.153333,1.526295,1.590574,1.042114,,150,tous,150,non teste,ordinal 3 et plus,attitude
C2,courts,150,0.156667,1.526295,0.994397,0.651510,,150,tous,150,non teste,ordinal 3 et plus,attitude
C3,courts,150,0.126667,1.526295,1.004809,0.658332,,150,tous,150,non teste,ordinal 3 et plus,attitude
B0 mode,courts,150,0.376667,1.526295,0.000000,0.000000,,150,tous,150,non teste,ordinal 3 et plus,attitude
B0 tirage,courts,150,0.026667,1.526295,1.517368,0.994151,,150,tous,150,non teste,ordinal 3 et plus,attitude
B1 argmax,courts,150,0.103333,1.526295,1.350566,0.884866,,150,tous,150,non teste,ordinal 3 et plus,attitude
B2 argmax,courts,150,0.073333,1.526295,1.314492,0.861230,,150,tous,150,non teste,ordinal 3 et plus,attitude
B3 foret,courts,150,0.186667,1.526295,1.141901,0.748152,,150,tous,150,non teste,ordinal 3 et plus,attitude
humains vague 2,courts,150,0.036667,1.526295,1.479078,0.969064,,150,tous,150,non teste,ordinal 3 et plus,attitude
agents composite,discaffw,150,0.111111,1.867012,1.349869,0.723011,,150,tous,150,non teste,ordinal 3 et plus,attitude
agents entretien (v3),discaffw,150,0.086667,1.867012,1.456266,0.779998,,150,tous,150,non teste,ordinal 3 et plus,attitude
agents enquete,discaffw,150,0.164444,1.867012,0.890810,0.477132,,150,tous,150,non teste,ordinal 3 et plus,attitude
agents demographiques (v6),discaffw,150,0.208889,1.867012,0.488542,0.261671,,150,tous,150,non teste,ordinal 3 et plus,attitude
agents v7,discaffw,150,0.217778,1.867012,0.367258,0.196709,,150,tous,150,non teste,ordinal 3 et plus,attitude
agents v8,discaffw,150,0.077778,1.867012,1.564293,0.837859,,150,tous,150,non teste,ordinal 3 et plus,attitude
C2,discaffw,150,0.200000,1.867012,0.514698,0.275680,,150,tous,150,non teste,ordinal 3 et plus,attitude
C3,discaffw,150,0.168889,1.867012,1.836173,0.983482,,150,tous,150,non teste,ordinal 3 et plus,attitude
B0 mode,discaffw,150,0.237778,1.867012,0.000000,0.000000,,150,tous,150,non teste,ordinal 3 et plus,attitude
B0 tirage,discaffw,150,0.051111,1.867012,1.862858,0.997776,,150,tous,150,non teste,ordinal 3 et plus,attitude
B1 argmax,discaffw,150,0.100000,1.867012,1.447447,0.775275,,150,tous,150,non teste,ordinal 3 et plus,attitude
B2 argmax,discaffw,150,0.160000,1.867012,0.918485,0.491955,,150,tous,150,non teste,ordinal 3 et plus,attitude
B3 foret,discaffw,150,0.164444,1.867012,0.922947,0.494344,,150,tous,150,non teste,ordinal 3 et plus,attitude
humains vague 2,discaffw,150,0.028889,1.867012,1.856705,0.994480,,150,tous,150,non teste,ordinal 3 et plus,attitude
agents composite,discaffm,150,0.091111,1.835928,1.510904,0.822965,,150,tous,150,non teste,ordinal 3 et plus,attitude
agents entretien (v3),discaffm,150,0.033333,1.835928,1.715628,0.934474,,150,tous,150,non teste,ordinal 3 et plus,attitude
agents enquete,discaffm,150,0.140000,1.835928,1.635942,0.891071,,150,tous,150,non teste,ordinal 3 et plus,attitude
agents demographiques (v6),discaffm,150,0.184444,1.835928,0.630683,0.343523,,150,tous,150,non teste,ordinal 3 et plus,attitude
agents v7,discaffm,150,0.186667,1.835928,0.612376,0.333551,,150,tous,150,non teste,ordinal 3 et plus,attitude
agents v8,discaffm,150,0.017778,1.835928,1.845116,1.005004,,150,tous,150,non teste,ordinal 3 et plus,attitude
C2,discaffm,150,0.328889,1.835928,0.430054,0.234243,,150,tous,150,non teste,ordinal 3 et plus,attitude
C3,discaffm,150,0.120000,1.835928,1.437460,0.782961,,150,tous,150,non teste,ordinal 3 et plus,attitude
B0 mode,discaffm,150,0.224444,1.835928,0.000000,0.000000,,150,tous,150,non teste,ordinal 3 et plus,attitude
B0 tirage,discaffm,150,0.048889,1.835928,1.655456,0.901700,,150,tous,150,non teste,ordinal 3 et plus,attitude
B1 argmax,discaffm,150,0.080000,1.835928,1.479647,0.805939,,150,tous,150,non teste,ordinal 3 et plus,attitude
B2 argmax,discaffm,150,0.124444,1.835928,1.230732,0.670359,,150,tous,150,non teste,ordinal 3 et plus,attitude
B3 foret,discaffm,150,0.144444,1.835928,1.030865,0.561495,,150,tous,150,non teste,ordinal 3 et plus,attitude
humains vague 2,discaffm,150,0.033333,1.835928,1.805171,0.983247,,150,tous,150,non teste,ordinal 3 et plus,attitude
agents composite,fehire,150,0.070000,2.221733,2.045467,0.920663,,150,tous,150,non teste,ordinal 3 et plus,attitude
agents entretien (v3),fehire,150,0.081667,2.221733,2.166154,0.974984,,150,tous,150,non teste,ordinal 3 et plus,attitude
agents enquete,fehire,149,0.095224,2.221733,1.772490,0.797796,,150,tous,150,non teste,ordinal 3 et plus,attitude
agents demographiques (v6),fehire,150,0.161667,2.221733,1.235808,0.556236,,150,tous,150,non teste,ordinal 3 et plus,attitude
agents v7,fehire,150,0.175000,2.221733,1.218476,0.548435,,150,tous,150,non teste,ordinal 3 et plus,attitude
agents v8,fehire,150,0.101667,2.221733,1.989528,0.895485,,150,tous,150,non teste,ordinal 3 et plus,attitude
C2,fehire,150,0.151667,2.221733,1.814671,0.816781,,150,tous,150,non teste,ordinal 3 et plus,attitude
C3,fehire,150,0.195000,2.221733,1.613293,0.726142,,150,tous,150,non teste,ordinal 3 et plus,attitude
B0 mode,fehire,150,0.141667,2.221733,0.975760,0.439188,,150,tous,150,non teste,ordinal 3 et plus,attitude
B0 tirage,fehire,150,0.025000,2.221733,2.175203,0.979057,,150,tous,150,non teste,ordinal 3 et plus,attitude
B1 argmax,fehire,150,0.051667,2.221733,2.043757,0.919893,,150,tous,150,non teste,ordinal 3 et plus,attitude
B2 argmax,fehire,150,0.115000,2.221733,1.632485,0.734780,,150,tous,150,non teste,ordinal 3 et plus,attitude
B3 foret,fehire,150,0.130000,2.221733,1.472392,0.662722,,150,tous,150,non teste,ordinal 3 et plus,attitude
humains vague 2,fehire,150,0.011667,2.221733,2.205238,0.992575,,150,tous,150,non teste,ordinal 3 et plus,attitude
agents composite,fechld,150,0.031111,1.609918,1.561676,0.970035,-0.026667,150,tous,150,temoin,ordinal 3 et plus,attitude
agents entretien (v3),fechld,150,0.057778,1.609918,1.497147,0.929952,0.057778,150,tous,150,temoin,ordinal 3 et plus,attitude
agents enquete,fechld,149,0.043729,1.609918,1.679522,1.043235,0.015958,150,tous,150,temoin,ordinal 3 et plus,attitude
agents demographiques (v6),fechld,150,0.071111,1.609918,1.203496,0.747551,0.008889,150,tous,150,temoin,ordinal 3 et plus,attitude
agents v7,fechld,150,0.108889,1.609918,1.274413,0.791601,0.108889,150,tous,150,temoin,ordinal 3 et plus,attitude
agents v8,fechld,150,0.031111,1.609918,1.720505,1.068691,-0.008889,150,tous,150,temoin,ordinal 3 et plus,attitude
C2,fechld,150,0.233333,1.609918,0.699866,0.434722,0.233333,150,tous,150,temoin,ordinal 3 et plus,attitude
C3,fechld,150,0.042222,1.609918,1.465929,0.910562,-0.011111,150,tous,150,temoin,ordinal 3 et plus,attitude
B0 mode,fechld,150,0.182222,1.609918,0.000000,0.000000,-0.044444,150,tous,150,temoin,ordinal 3 et plus,attitude
B0 tirage,fechld,150,0.022222,1.609918,1.509519,0.937637,0.004444,150,tous,150,temoin,ordinal 3 et plus,attitude
B1 argmax,fechld,150,0.053333,1.609918,1.207172,0.749835,0.053333,150,tous,150,temoin,ordinal 3 et plus,attitude
B2 argmax,fechld,150,0.075556,1.609918,0.909190,0.564743,0.062222,150,tous,150,temoin,ordinal 3 et plus,attitude
B3 foret,fechld,150,0.088889,1.609918,0.860260,0.534350,0.048889,150,tous,150,temoin,ordinal 3 et plus,attitude
humains vague 2,fechld,150,0.017778,1.609918,1.611243,1.000823,0.017778,150,tous,150,temoin,ordinal 3 et plus,attitude
agents composite,fepresch,150,0.051111,1.758416,1.685545,0.958559,0.051111,150,tous,150,investiguer,ordinal 3 et plus,attitude
agents entretien (v3),fepresch,150,0.100000,1.758416,1.702551,0.968230,0.100000,150,tous,150,investiguer,ordinal 3 et plus,attitude
agents enquete,fepresch,149,0.062252,1.758416,1.689315,0.960703,0.062252,150,tous,150,investiguer,ordinal 3 et plus,attitude
agents demographiques (v6),fepresch,150,0.104444,1.758416,1.182194,0.672306,0.037778,150,tous,150,investiguer,ordinal 3 et plus,attitude
agents v7,fepresch,150,0.100000,1.758416,1.263087,0.718309,0.100000,150,tous,150,investiguer,ordinal 3 et plus,attitude
agents v8,fepresch,150,0.064444,1.758416,1.757271,0.999349,0.064444,150,tous,150,investiguer,ordinal 3 et plus,attitude
C2,fepresch,150,0.122222,1.758416,1.596129,0.907708,0.122222,150,tous,150,investiguer,ordinal 3 et plus,attitude
C3,fepresch,150,0.137778,1.758416,0.799849,0.454869,0.137778,150,tous,150,investiguer,ordinal 3 et plus,attitude
B0 mode,fepresch,150,0.204444,1.758416,0.000000,0.000000,0.057778,150,tous,150,investiguer,ordinal 3 et plus,attitude
B0 tirage,fepresch,150,0.020000,1.758416,1.797618,1.022294,0.011111,150,tous,150,investiguer,ordinal 3 et plus,attitude
B1 argmax,fepresch,150,0.113333,1.758416,1.153079,0.655748,0.068889,150,tous,150,investiguer,ordinal 3 et plus,attitude
B2 argmax,fepresch,150,0.133333,1.758416,0.890813,0.506600,0.106667,150,tous,150,investiguer,ordinal 3 et plus,attitude
B3 foret,fepresch,150,0.184444,1.758416,0.367258,0.208857,0.073333,150,tous,150,investiguer,ordinal 3 et plus,attitude
humains vague 2,fepresch,150,0.022222,1.758416,1.753599,0.997260,0.022222,150,tous,150,investiguer,ordinal 3 et plus,attitude
agents composite,fefam,150,0.026667,1.839277,1.717783,0.933945,0.026667,150,tous,150,investiguer,ordinal 3 et plus,attitude
agents entretien (v3),fefam,150,0.057778,1.839277,1.812462,0.985421,0.057778,150,tous,150,investiguer,ordinal 3 et plus,attitude
agents enquete,fefam,149,0.086518,1.839277,1.842749,1.001888,0.035570,150,tous,150,investiguer,ordinal 3 et plus,attitude
agents demographiques (v6),fefam,150,0.037778,1.839277,1.696704,0.922484,0.037778,150,tous,150,investiguer,ordinal 3 et plus,attitude
agents v7,fefam,150,0.137778,1.839277,1.470170,0.799319,0.137778,150,tous,150,investiguer,ordinal 3 et plus,attitude
agents v8,fefam,150,0.062222,1.839277,1.905061,1.035766,-0.004444,150,tous,150,investiguer,ordinal 3 et plus,attitude
C2,fefam,150,0.113333,1.839277,1.660978,0.903060,0.086667,150,tous,150,investiguer,ordinal 3 et plus,attitude
C3,fefam,150,0.175556,1.839277,1.284154,0.698184,0.175556,150,tous,150,investiguer,ordinal 3 et plus,attitude
B0 mode,fefam,150,0.224444,1.839277,0.000000,0.000000,0.033333,150,tous,150,investiguer,ordinal 3 et plus,attitude
B0 tirage,fefam,150,0.008889,1.839277,1.865365,1.014184,-0.008889,150,tous,150,investiguer,ordinal 3 et plus,attitude
B1 argmax,fefam,150,0.057778,1.839277,1.603534,0.871829,0.044444,150,tous,150,investiguer,ordinal 3 et plus,attitude
B2 argmax,fefam,150,0.115556,1.839277,1.505915,0.818754,0.115556,150,tous,150,investiguer,ordinal 3 et plus,attitude
B3 foret,fefam,150,0.120000,1.839277,1.220328,0.663482,0.057778,150,tous,150,investiguer,ordinal 3 et plus,attitude
humains vague 2,fefam,150,0.024444,1.839277,1.827903,0.993816,-0.011111,150,tous,150,investiguer,ordinal 3 et plus,attitude
agents composite,fepol,150,0.020000,0.776964,0.739872,0.952260,0.020000,150,tous,150,non teste,binaire,attitude
agents entretien (v3),fepol,150,0.133333,0.776964,0.452308,0.582148,0.133333,150,tous,150,non teste,binaire,attitude
agents enquete,fepol,150,0.020000,0.776964,0.739872,0.952260,0.020000,150,tous,150,non teste,binaire,attitude
agents demographiques (v6),fepol,150,0.213333,0.776964,0.106967,0.137673,0.213333,150,tous,150,non teste,binaire,attitude
agents v7,fepol,150,0.200000,0.776964,0.182198,0.234500,0.200000,150,tous,150,non teste,binaire,attitude
agents v8,fepol,150,0.100000,0.776964,0.553034,0.711788,0.100000,150,tous,150,non teste,binaire,attitude
C2,fepol,150,0.060000,0.776964,0.654831,0.842808,0.060000,150,tous,150,non teste,binaire,attitude
C3,fepol,150,0.053333,0.776964,0.860260,1.107207,-0.053333,150,tous,150,non teste,binaire,attitude
B0 mode,fepol,150,0.226667,0.776964,0.000000,0.000000,0.226667,150,tous,150,non teste,binaire,attitude
B0 tirage,fepol,150,0.013333,0.776964,0.752615,0.968661,0.013333,150,tous,150,non teste,binaire,attitude
B1 argmax,fepol,150,0.080000,0.776964,0.606244,0.780273,0.080000,150,tous,150,non teste,binaire,attitude
B2 argmax,fepol,150,0.186667,0.776964,0.247101,0.318034,0.186667,150,tous,150,non teste,binaire,attitude
B3 foret,fepol,150,0.173333,0.776964,0.305200,0.392811,0.173333,150,tous,150,non teste,binaire,attitude
humains vague 2,fepol,150,0.086667,0.776964,0.901793,1.160662,-0.086667,150,tous,150,non teste,binaire,attitude
agents composite,mobile16,150,0.080000,1.576792,1.589763,1.008227,,150,tous,150,non teste,ordinal 3 et plus,comportement
agents entretien (v3),mobile16,150,0.080000,1.576792,1.562007,0.990624,,150,tous,150,non teste,ordinal 3 et plus,comportement
agents enquete,mobile16,149,0.345213,1.576792,1.223142,0.775716,,150,tous,150,non teste,ordinal 3 et plus,comportement
agents demographiques (v6),mobile16,149,0.462662,1.576792,0.777230,0.492919,,150,tous,150,non teste,ordinal 3 et plus,comportement
agents v7,mobile16,150,0.190000,1.576792,1.513451,0.959830,,150,tous,150,non teste,ordinal 3 et plus,comportement
agents v8,mobile16,150,0.380000,1.576792,1.112835,0.705759,,150,tous,150,non teste,ordinal 3 et plus,comportement
C2,mobile16,150,0.043333,1.576792,1.570053,0.995726,,150,tous,150,non teste,ordinal 3 et plus,comportement
C3,mobile16,150,0.040000,1.576792,1.541481,0.977606,,150,tous,150,non teste,ordinal 3 et plus,comportement
B0 mode,mobile16,150,0.436667,1.576792,0.000000,0.000000,,150,tous,150,non teste,ordinal 3 et plus,comportement
B0 tirage,mobile16,150,0.060000,1.576792,1.593222,1.010420,,150,tous,150,non teste,ordinal 3 et plus,comportement
B1 argmax,mobile16,150,0.040000,1.576792,1.553279,0.985088,,150,tous,150,non teste,ordinal 3 et plus,comportement
B2 argmax,mobile16,150,0.036667,1.576792,1.558289,0.988266,,150,tous,150,non teste,ordinal 3 et plus,comportement
B3 foret,mobile16,150,0.063333,1.576792,1.496305,0.948955,,150,tous,150,non teste,ordinal 3 et plus,comportement
humains vague 2,mobile16,150,0.010000,1.576792,1.575018,0.998875,,150,tous,150,non teste,ordinal 3 et plus,comportement
agents composite,incom16,150,0.021667,1.782085,1.618560,0.908239,0.001667,150,tous,150,temoin,ordinal 3 et plus,comportement
agents entretien (v3),incom16,150,0.010000,1.782085,1.745612,0.979534,0.010000,150,tous,150,temoin,ordinal 3 et plus,comportement
agents enquete,incom16,149,0.033680,1.782085,1.728738,0.970065,-0.027192,150,tous,150,temoin,ordinal 3 et plus,comportement
agents demographiques (v6),incom16,150,0.040000,1.782085,1.333537,0.748301,-0.006667,150,tous,150,temoin,ordinal 3 et plus,comportement
agents v7,incom16,150,0.101667,1.782085,0.773732,0.434172,0.071667,150,tous,150,temoin,ordinal 3 et plus,comportement
agents v8,incom16,150,0.105000,1.782085,0.853182,0.478755,0.095000,150,tous,150,temoin,ordinal 3 et plus,comportement
C2,incom16,150,0.105000,1.782085,1.792261,1.005710,0.105000,150,tous,150,temoin,ordinal 3 et plus,comportement
C3,incom16,150,0.051667,1.782085,2.015734,1.131110,-0.035000,150,tous,150,temoin,ordinal 3 et plus,comportement
B0 mode,incom16,150,0.141667,1.782085,0.000000,0.000000,0.051667,150,tous,150,temoin,ordinal 3 et plus,comportement
B0 tirage,incom16,150,0.026667,1.782085,1.813331,1.017533,-0.010000,150,tous,150,temoin,ordinal 3 et plus,comportement
B1 argmax,incom16,150,0.056667,1.782085,1.245451,0.698873,-0.010000,150,tous,150,temoin,ordinal 3 et plus,comportement
B2 argmax,incom16,150,0.108333,1.782085,0.657440,0.368916,0.028333,150,tous,150,temoin,ordinal 3 et plus,comportement
B3 foret,incom16,150,0.130000,1.782085,0.276874,0.155365,0.040000,150,tous,150,temoin,ordinal 3 et plus,comportement
humains vague 2,incom16,150,0.006667,1.782085,1.795252,1.007388,-0.006667,150,tous,150,temoin,ordinal 3 et plus,comportement
agents composite,dwelown16,150,0.120000,1.008883,1.177684,1.167315,,150,tous,150,non teste,nominal,comportement
agents entretien (v3),dwelown16,149,0.068904,1.008883,1.107837,1.098083,,150,tous,150,non teste,nominal,comportement
agents enquete,dwelown16,150,0.266667,1.008883,1.131026,1.121068,,150,tous,150,non teste,nominal,comportement
agents demographiques (v6),dwelown16,150,0.200000,1.008883,0.989236,0.980526,,150,tous,150,non teste,nominal,comportement
agents v7,dwelown16,150,0.060000,1.008883,0.739872,0.733357,,150,tous,150,non teste,nominal,comportement
agents v8,dwelown16,150,0.086667,1.008883,0.730832,0.724397,,150,tous,150,non teste,nominal,comportement
C2,dwelown16,150,0.753333,1.008883,0.169424,0.167933,,150,tous,150,non teste,nominal,comportement
C3,dwelown16,150,0.846667,1.008883,0.514698,0.510166,,150,tous,150,non teste,nominal,comportement
B0 mode,dwelown16,150,0.266667,1.008883,0.000000,0.000000,,150,tous,150,non teste,nominal,comportement
B0 tirage,dwelown16,150,0.080000,1.008883,1.185515,1.175078,,150,tous,150,non teste,nominal,comportement
B1 argmax,dwelown16,150,0.100000,1.008883,0.654831,0.649066,,150,tous,150,non teste,nominal,comportement
B2 argmax,dwelown16,150,0.253333,1.008883,0.106967,0.106025,,150,tous,150,non teste,nominal,comportement
B3 foret,dwelown16,150,0.166667,1.008883,0.473805,0.469633,,150,tous,150,non teste,nominal,comportement
humains vague 2,dwelown16,150,0.040000,1.008883,0.978643,0.970027,,150,tous,150,non teste,nominal,comportement
agents composite,divorced,150,0.013333,0.886100,0.869185,0.980911,0.013333,150,tous,150,temoin,binaire,comportement
agents entretien (v3),divorced,149,0.024832,0.886100,0.853624,0.963350,0.024832,150,tous,150,temoin,binaire,comportement
agents enquete,divorced,150,0.086667,0.886100,0.752615,0.849357,0.086667,150,tous,150,temoin,binaire,comportement
agents demographiques (v6),divorced,149,0.002013,0.886100,0.888579,1.002798,-0.002013,150,tous,150,temoin,binaire,comportement
agents v7,divorced,150,0.146667,0.886100,0.622928,0.703000,0.146667,150,tous,150,temoin,binaire,comportement
agents v8,divorced,150,0.033333,0.886100,0.841450,0.949610,0.033333,150,tous,150,temoin,binaire,comportement
C2,divorced,150,0.113333,0.886100,0.699255,0.789138,0.113333,150,tous,150,temoin,binaire,comportement
C3,divorced,150,0.300000,0.886100,0.000000,0.000000,0.300000,150,tous,150,temoin,binaire,comportement
B0 mode,divorced,150,0.300000,0.886100,0.000000,0.000000,0.300000,150,tous,150,temoin,binaire,comportement
B0 tirage,divorced,150,0.020000,0.886100,0.860260,0.970838,0.020000,150,tous,150,temoin,binaire,comportement
B1 argmax,divorced,150,0.140000,0.886100,0.639119,0.721271,0.140000,150,tous,150,temoin,binaire,comportement
B2 argmax,divorced,150,0.240000,0.886100,0.332254,0.374962,0.240000,150,tous,150,temoin,binaire,comportement
B3 foret,divorced,150,0.233333,0.886100,0.358168,0.404208,0.233333,150,tous,150,temoin,binaire,comportement
humains vague 2,divorced,150,0.006667,0.886100,0.894097,1.009025,-0.006667,150,tous,150,temoin,binaire,comportement
agents composite,posslq/y,150,0.013333,1.723552,1.748471,1.014458,,150,tous,150,temoin,nominal,comportement
agents entretien (v3),posslq/y,149,0.023758,1.723552,1.784206,1.035191,,150,tous,150,temoin,nominal,comportement
agents enquete,posslq/y,150,0.226667,1.723552,0.960750,0.557424,,150,tous,150,temoin,nominal,comportement
agents demographiques (v6),posslq/y,149,0.003624,1.723552,1.727563,1.002327,,150,tous,150,temoin,nominal,comportement
agents v7,posslq/y,150,0.160000,1.723552,1.273613,0.738947,,150,tous,150,temoin,nominal,comportement
agents v8,posslq/y,150,0.226667,1.723552,1.029485,0.597304,,150,tous,150,temoin,nominal,comportement
C2,posslq/y,150,0.306667,1.723552,1.369134,0.794368,,150,tous,150,temoin,nominal,comportement
C3,posslq/y,150,0.366667,1.723552,0.742707,0.430916,,150,tous,150,temoin,nominal,comportement
B0 mode,posslq/y,150,0.540000,1.723552,0.000000,0.000000,,150,tous,150,temoin,nominal,comportement
B0 tirage,posslq/y,150,0.080000,1.723552,1.721959,0.999075,,150,tous,150,temoin,nominal,comportement
B1 argmax,posslq/y,150,0.180000,1.723552,1.288296,0.747465,,150,tous,150,temoin,nominal,comportement
B2 argmax,posslq/y,150,0.280000,1.723552,0.831555,0.482466,,150,tous,150,temoin,nominal,comportement
B3 foret,posslq/y,150,0.226667,1.723552,1.029485,0.597304,,150,tous,150,temoin,nominal,comportement
humains vague 2,posslq/y,150,0.026667,1.723552,1.751100,1.015983,,150,tous,150,temoin,nominal,comportement
agents composite,wrkstat,150,0.113333,2.452756,2.602706,1.061135,,150,tous,150,temoin,nominal,comportement
agents entretien (v3),wrkstat,149,0.103714,2.452756,2.549068,1.039267,,150,tous,150,temoin,nominal,comportement
agents enquete,wrkstat,150,0.220000,2.452756,2.359357,0.961921,,150,tous,150,temoin,nominal,comportement
agents demographiques (v6),wrkstat,149,0.216644,2.452756,2.417016,0.985429,,150,tous,150,temoin,nominal,comportement
agents v7,wrkstat,150,0.206667,2.452756,2.439314,0.994520,,150,tous,150,temoin,nominal,comportement
agents v8,wrkstat,150,0.400000,2.452756,1.446112,0.589587,,150,tous,150,temoin,nominal,comportement
C2,wrkstat,150,0.273333,2.452756,1.795578,0.732065,,150,tous,150,temoin,nominal,comportement
C3,wrkstat,150,0.320000,2.452756,1.559753,0.635919,,150,tous,150,temoin,nominal,comportement
B0 mode,wrkstat,150,0.593333,2.452756,0.000000,0.000000,,150,tous,150,temoin,nominal,comportement
B0 tirage,wrkstat,150,0.080000,2.452756,2.437757,0.993885,,150,tous,150,temoin,nominal,comportement
B1 argmax,wrkstat,150,0.140000,2.452756,2.105145,0.858277,,150,tous,150,temoin,nominal,comportement
B2 argmax,wrkstat,150,0.293333,2.452756,1.663687,0.678293,,150,tous,150,temoin,nominal,comportement
B3 foret,wrkstat,150,0.353333,2.452756,1.234211,0.503193,,150,tous,150,temoin,nominal,comportement
humains vague 2,wrkstat,150,0.046667,2.452756,2.482512,1.012132,,150,tous,150,temoin,nominal,comportement
agents composite,evwork,150,0.006667,0.494588,0.473805,0.957978,,150,tous,150,temoin,binaire,comportement
agents entretien (v3),evwork,150,0.033333,0.494588,0.383051,0.774484,,150,tous,150,temoin,binaire,comportement
agents enquete,evwork,150,0.080000,0.494588,0.182198,0.368384,,150,tous,150,temoin,binaire,comportement
agents demographiques (v6),evwork,150,0.106667,0.494588,0.000000,0.000000,,150,tous,150,temoin,binaire,comportement
agents v7,evwork,150,0.040000,0.494588,0.358168,0.724175,,150,tous,150,temoin,binaire,comportement
agents v8,evwork,150,0.060000,0.494588,0.276874,0.559807,,150,tous,150,temoin,binaire,comportement
C2,evwork,150,0.106667,0.494588,0.000000,0.000000,,150,tous,150,temoin,binaire,comportement
C3,evwork,150,0.306667,0.494588,0.983027,1.987567,,150,tous,150,temoin,binaire,comportement
B0 mode,evwork,150,0.106667,0.494588,0.000000,0.000000,,150,tous,150,temoin,binaire,comportement
B0 tirage,evwork,150,0.013333,0.494588,0.452308,0.914515,,150,tous,150,temoin,binaire,comportement
B1 argmax,evwork,150,0.086667,0.494588,0.146250,0.295700,,150,tous,150,temoin,binaire,comportement
B2 argmax,evwork,150,0.106667,0.494588,0.000000,0.000000,,150,tous,150,temoin,binaire,comportement
B3 foret,evwork,150,0.106667,0.494588,0.000000,0.000000,,150,tous,150,temoin,binaire,comportement
humains vague 2,evwork,150,0.026667,0.494588,0.571318,1.155140,,150,tous,150,temoin,binaire,comportement
agents composite,wrkgovt1,150,0.020000,0.639119,0.684886,1.071610,,150,tous,150,non teste,binaire,comportement
agents entretien (v3),wrkgovt1,150,0.020000,0.639119,0.684886,1.071610,,150,tous,150,non teste,binaire,comportement
agents enquete,wrkgovt1,150,0.133333,0.639119,0.182198,0.285078,,150,tous,150,non teste,binaire,comportement
agents demographiques (v6),wrkgovt1,150,0.160000,0.639119,0.000000,0.000000,,150,tous,150,non teste,binaire,comportement
agents v7,wrkgovt1,150,0.093333,0.639119,0.358168,0.560410,,150,tous,150,non teste,binaire,comportement
agents v8,wrkgovt1,150,0.160000,0.639119,0.000000,0.000000,,150,tous,150,non teste,binaire,comportement
C2,wrkgovt1,150,0.126667,0.639119,0.215651,0.337420,,150,tous,150,non teste,binaire,comportement
C3,wrkgovt1,150,0.160000,0.639119,0.000000,0.000000,,150,tous,150,non teste,binaire,comportement
B0 mode,wrkgovt1,150,0.160000,0.639119,0.000000,0.000000,,150,tous,150,non teste,binaire,comportement
B0 tirage,wrkgovt1,150,0.033333,0.639119,0.713202,1.115915,,150,tous,150,non teste,binaire,comportement
B1 argmax,wrkgovt1,150,0.133333,0.639119,0.182198,0.285078,,150,tous,150,non teste,binaire,comportement
B2 argmax,wrkgovt1,150,0.160000,0.639119,0.000000,0.000000,,150,tous,150,non teste,binaire,comportement
B3 foret,wrkgovt1,150,0.160000,0.639119,0.000000,0.000000,,150,tous,150,non teste,binaire,comportement
humains vague 2,wrkgovt1,150,0.013333,0.639119,0.670083,1.048448,,150,tous,150,non teste,binaire,comportement
agents composite,wrkgovt2,150,0.053333,0.901793,0.831555,0.922114,,150,tous,150,non teste,binaire,comportement
agents entretien (v3),wrkgovt2,150,0.153333,0.901793,0.639119,0.708720,,150,tous,150,non teste,binaire,comportement
agents enquete,wrkgovt2,150,0.293333,0.901793,0.146250,0.162176,,150,tous,150,non teste,binaire,comportement
agents demographiques (v6),wrkgovt2,150,0.313333,0.901793,0.000000,0.000000,,150,tous,150,non teste,binaire,comportement
agents v7,wrkgovt2,150,0.240000,0.901793,0.383051,0.424766,,150,tous,150,non teste,binaire,comportement
agents v8,wrkgovt2,150,0.313333,0.901793,0.000000,0.000000,,150,tous,150,non teste,binaire,comportement
C2,wrkgovt2,150,0.040000,0.901793,0.851016,0.943694,,150,tous,150,non teste,binaire,comportement
C3,wrkgovt2,150,0.333333,0.901793,0.941819,1.044385,,150,tous,150,non teste,binaire,comportement
B0 mode,wrkgovt2,150,0.313333,0.901793,0.000000,0.000000,,150,tous,150,non teste,binaire,comportement
B0 tirage,wrkgovt2,150,0.020000,0.901793,0.877797,0.973391,,150,tous,150,non teste,binaire,comportement
B1 argmax,wrkgovt2,150,0.133333,0.901793,0.684886,0.759472,,150,tous,150,non teste,binaire,comportement
B2 argmax,wrkgovt2,150,0.266667,0.901793,0.276874,0.307026,,150,tous,150,non teste,binaire,comportement
B3 foret,wrkgovt2,150,0.206667,0.901793,0.494588,0.548450,,150,tous,150,non teste,binaire,comportement
humains vague 2,wrkgovt2,150,0.000000,0.901793,0.901793,1.000000,,150,tous,150,non teste,binaire,comportement
agents composite,partfull,150,0.113333,1.466592,1.567155,1.068569,,150,tous,150,non teste,nominal,comportement
agents entretien (v3),partfull,150,0.100000,1.466592,1.563366,1.065986,,150,tous,150,non teste,nominal,comportement
agents enquete,partfull,150,0.020000,1.466592,1.486217,1.013381,,150,tous,150,non teste,nominal,comportement
agents demographiques (v6),partfull,150,0.280000,1.466592,0.948742,0.646902,,150,tous,150,non teste,nominal,comportement
agents v7,partfull,150,0.133333,1.466592,1.389929,0.947727,,150,tous,150,non teste,nominal,comportement
agents v8,partfull,150,0.133333,1.466592,1.281398,0.873725,,150,tous,150,non teste,nominal,comportement
C2,partfull,150,0.326667,1.466592,0.958006,0.653219,,150,tous,150,non teste,nominal,comportement
C3,partfull,150,0.106667,1.466592,1.492627,1.017752,,150,tous,150,non teste,nominal,comportement
B0 mode,partfull,150,0.480000,1.466592,0.000000,0.000000,,150,tous,150,non teste,nominal,comportement
B0 tirage,partfull,150,0.106667,1.466592,1.572533,1.072237,,150,tous,150,non teste,nominal,comportement
B1 argmax,partfull,150,0.093333,1.466592,1.325043,0.903485,,150,tous,150,non teste,nominal,comportement
B2 argmax,partfull,150,0.166667,1.466592,1.064905,0.726109,,150,tous,150,non teste,nominal,comportement
B3 foret,partfull,150,0.173333,1.466592,0.975061,0.664848,,150,tous,150,non teste,nominal,comportement
humains vague 2,partfull,150,0.060000,1.466592,1.446266,0.986141,,150,tous,150,non teste,nominal,comportement
agents composite,wksub1,150,0.093333,1.508307,1.543928,1.023617,,150,tous,150,non teste,nominal,comportement
agents entretien (v3),wksub1,150,0.093333,1.508307,1.549744,1.027473,,150,tous,150,non teste,nominal,comportement
agents enquete,wksub1,150,0.180000,1.508307,1.125523,0.746216,,150,tous,150,non teste,nominal,comportement
agents demographiques (v6),wksub1,150,0.226667,1.508307,0.998516,0.662011,,150,tous,150,non teste,nominal,comportement
agents v7,wksub1,150,0.206667,1.508307,1.267182,0.840136,,150,tous,150,non teste,nominal,comportement
agents v8,wksub1,150,0.173333,1.508307,1.117209,0.740704,,150,tous,150,non teste,nominal,comportement
C2,wksub1,150,0.200000,1.508307,0.991947,0.657656,,150,tous,150,non teste,nominal,comportement
C3,wksub1,150,0.313333,1.508307,1.491088,0.988584,,150,tous,150,non teste,nominal,comportement
B0 mode,wksub1,150,0.520000,1.508307,0.000000,0.000000,,150,tous,150,non teste,nominal,comportement
B0 tirage,wksub1,150,0.013333,1.508307,1.498214,0.993309,,150,tous,150,non teste,nominal,comportement
B1 argmax,wksub1,150,0.153333,1.508307,1.232290,0.817003,,150,tous,150,non teste,nominal,comportement
B2 argmax,wksub1,150,0.193333,1.508307,1.033412,0.685147,,150,tous,150,non teste,nominal,comportement
B3 foret,wksub1,150,0.200000,1.508307,0.991947,0.657656,,150,tous,150,non teste,nominal,comportement
humains vague 2,wksub1,150,0.006667,1.508307,1.503524,0.996829,,150,tous,150,non teste,nominal,comportement
agents composite,wksup1,150,0.060000,1.500876,1.413725,0.941933,,150,tous,150,non teste,nominal,comportement
agents entretien (v3),wksup1,150,0.073333,1.500876,1.383521,0.921809,,150,tous,150,non teste,nominal,comportement
agents enquete,wksup1,150,0.173333,1.500876,1.053455,0.701893,,150,tous,150,non teste,nominal,comportement
agents demographiques (v6),wksup1,150,0.186667,1.500876,1.175120,0.782956,,150,tous,150,non teste,nominal,comportement
agents v7,wksup1,150,0.166667,1.500876,1.285150,0.856267,,150,tous,150,non teste,nominal,comportement
agents v8,wksup1,150,0.040000,1.500876,1.541481,1.027054,,150,tous,150,non teste,nominal,comportement
C2,wksup1,150,0.206667,1.500876,1.585357,1.056288,,150,tous,150,non teste,nominal,comportement
C3,wksup1,150,0.273333,1.500876,1.513451,1.008378,,150,tous,150,non teste,nominal,comportement
B0 mode,wksup1,150,0.340000,1.500876,0.726737,0.484209,,150,tous,150,non teste,nominal,comportement
B0 tirage,wksup1,150,0.140000,1.500876,1.437343,0.957670,,150,tous,150,non teste,nominal,comportement
B1 argmax,wksup1,150,0.066667,1.500876,1.405270,0.936300,,150,tous,150,non teste,nominal,comportement
B2 argmax,wksup1,150,0.153333,1.500876,1.134356,0.755796,,150,tous,150,non teste,nominal,comportement
B3 foret,wksup1,150,0.126667,1.500876,1.243084,0.828239,,150,tous,150,non teste,nominal,comportement
humains vague 2,wksup1,150,0.006667,1.500876,1.507277,1.004265,,150,tous,150,non teste,nominal,comportement
agents composite,conarmy,150,0.100000,1.296311,1.227415,0.946852,-0.100000,150,tous,150,investiguer,ordinal 3 et plus,attitude
agents entretien (v3),conarmy,150,0.076667,1.296311,1.322471,1.020180,-0.076667,150,tous,150,investiguer,ordinal 3 et plus,attitude
agents enquete,conarmy,150,0.060000,1.296311,1.130484,0.872078,-0.020000,150,tous,150,investiguer,ordinal 3 et plus,attitude
agents demographiques (v6),conarmy,150,0.210000,1.296311,0.514698,0.397048,-0.143333,150,tous,150,investiguer,ordinal 3 et plus,attitude
agents v7,conarmy,150,0.196667,1.296311,0.704717,0.543633,-0.163333,150,tous,150,investiguer,ordinal 3 et plus,attitude
agents v8,conarmy,150,0.090000,1.296311,1.275777,0.984160,-0.090000,150,tous,150,investiguer,ordinal 3 et plus,attitude
C2,conarmy,150,0.146667,1.296311,1.081270,0.834113,-0.146667,150,tous,150,investiguer,ordinal 3 et plus,attitude
C3,conarmy,150,0.326667,1.296311,1.327233,1.023854,-0.326667,150,tous,150,investiguer,ordinal 3 et plus,attitude
B0 mode,conarmy,150,0.300000,1.296311,0.000000,0.000000,0.300000,150,tous,150,investiguer,ordinal 3 et plus,attitude
B0 tirage,conarmy,150,0.013333,1.296311,1.275391,0.983862,-0.006667,150,tous,150,investiguer,ordinal 3 et plus,attitude
B1 argmax,conarmy,150,0.056667,1.296311,1.276488,0.984708,0.050000,150,tous,150,investiguer,ordinal 3 et plus,attitude
B2 argmax,conarmy,150,0.050000,1.296311,1.155592,0.891447,0.050000,150,tous,150,investiguer,ordinal 3 et plus,attitude
B3 foret,conarmy,150,0.073333,1.296311,0.998516,0.770275,0.073333,150,tous,150,investiguer,ordinal 3 et plus,attitude
humains vague 2,conarmy,150,0.033333,1.296311,1.324955,1.022097,-0.033333,150,tous,150,investiguer,ordinal 3 et plus,attitude
agents composite,conbus,150,0.080000,1.381086,0.910520,0.659278,-0.080000,150,tous,150,temoin,ordinal 3 et plus,attitude
agents entretien (v3),conbus,150,0.110000,1.381086,1.028535,0.744729,-0.110000,150,tous,150,temoin,ordinal 3 et plus,attitude
agents enquete,conbus,150,0.083333,1.381086,0.956504,0.692574,-0.036667,150,tous,150,temoin,ordinal 3 et plus,attitude
agents demographiques (v6),conbus,150,0.143333,1.381086,0.553034,0.400434,-0.010000,150,tous,150,temoin,ordinal 3 et plus,attitude
agents v7,conbus,150,0.153333,1.381086,0.494588,0.358115,0.000000,150,tous,150,temoin,ordinal 3 et plus,attitude
agents v8,conbus,150,0.056667,1.381086,1.093466,0.791744,-0.043333,150,tous,150,temoin,ordinal 3 et plus,attitude
C2,conbus,150,0.103333,1.381086,0.924302,0.669258,0.010000,150,tous,150,temoin,ordinal 3 et plus,attitude
C3,conbus,150,0.093333,1.381086,0.979875,0.709496,0.006667,150,tous,150,temoin,ordinal 3 et plus,attitude
B0 mode,conbus,150,0.206667,1.381086,0.000000,0.000000,0.053333,150,tous,150,temoin,ordinal 3 et plus,attitude
B0 tirage,conbus,150,0.043333,1.381086,1.298252,0.940023,-0.043333,150,tous,150,temoin,ordinal 3 et plus,attitude
B1 argmax,conbus,150,0.090000,1.381086,0.986150,0.714040,-0.090000,150,tous,150,temoin,ordinal 3 et plus,attitude
B2 argmax,conbus,150,0.083333,1.381086,0.969602,0.702058,-0.083333,150,tous,150,temoin,ordinal 3 et plus,attitude
B3 foret,conbus,150,0.100000,1.381086,0.752615,0.544944,-0.053333,150,tous,150,temoin,ordinal 3 et plus,attitude
humains vague 2,conbus,150,0.033333,1.381086,1.300803,0.941870,-0.033333,150,tous,150,temoin,ordinal 3 et plus,attitude
agents composite,conclerg,150,0.086667,1.397877,1.537865,1.100143,0.086667,150,tous,150,temoin,ordinal 3 et plus,attitude
agents entretien (v3),conclerg,150,0.120000,1.397877,1.562913,1.118062,0.120000,150,tous,150,temoin,ordinal 3 et plus,attitude
agents enquete,conclerg,150,0.083333,1.397877,1.522729,1.089315,0.083333,150,tous,150,temoin,ordinal 3 et plus,attitude
agents demographiques (v6),conclerg,150,0.023333,1.397877,1.401794,1.002802,0.016667,150,tous,150,temoin,ordinal 3 et plus,attitude
agents v7,conclerg,150,0.206667,1.397877,0.970760,0.694453,0.146667,150,tous,150,temoin,ordinal 3 et plus,attitude
agents v8,conclerg,150,0.120000,1.397877,1.504579,1.076332,0.120000,150,tous,150,temoin,ordinal 3 et plus,attitude
C2,conclerg,150,0.220000,1.397877,1.333051,0.953625,0.220000,150,tous,150,temoin,ordinal 3 et plus,attitude
C3,conclerg,150,0.080000,1.397877,1.128407,0.807229,-0.020000,150,tous,150,temoin,ordinal 3 et plus,attitude
B0 mode,conclerg,150,0.300000,1.397877,0.000000,0.000000,-0.300000,150,tous,150,temoin,ordinal 3 et plus,attitude
B0 tirage,conclerg,150,0.033333,1.397877,1.418396,1.014679,0.033333,150,tous,150,temoin,ordinal 3 et plus,attitude
B1 argmax,conclerg,150,0.093333,1.397877,1.130608,0.808804,-0.093333,150,tous,150,temoin,ordinal 3 et plus,attitude
B2 argmax,conclerg,150,0.103333,1.397877,1.020820,0.730265,-0.103333,150,tous,150,temoin,ordinal 3 et plus,attitude
B3 foret,conclerg,150,0.156667,1.397877,0.869185,0.621790,-0.156667,150,tous,150,temoin,ordinal 3 et plus,attitude
humains vague 2,conclerg,150,0.033333,1.397877,1.405270,1.005288,0.026667,150,tous,150,temoin,ordinal 3 et plus,attitude
agents composite,coneduc,150,0.173333,1.444646,0.578731,0.400604,-0.100000,150,tous,150,sensible,ordinal 3 et plus,attitude
agents entretien (v3),coneduc,150,0.153333,1.444646,0.729946,0.505277,-0.106667,150,tous,150,sensible,ordinal 3 et plus,attitude
agents enquete,coneduc,150,0.200000,1.444646,0.392161,0.271458,-0.046667,150,tous,150,sensible,ordinal 3 et plus,attitude
agents demographiques (v6),coneduc,149,0.226644,1.444646,0.062942,0.043569,-0.053311,150,tous,150,sensible,ordinal 3 et plus,attitude
agents v7,coneduc,150,0.203333,1.444646,0.360913,0.249828,-0.063333,150,tous,150,sensible,ordinal 3 et plus,attitude
agents v8,coneduc,150,0.146667,1.444646,0.654831,0.453282,-0.140000,150,tous,150,sensible,ordinal 3 et plus,attitude
C2,coneduc,150,0.213333,1.444646,0.215651,0.149276,-0.073333,150,tous,150,sensible,ordinal 3 et plus,attitude
C3,coneduc,150,0.123333,1.444646,1.026206,0.710352,-0.123333,150,tous,150,sensible,ordinal 3 et plus,attitude
B0 mode,coneduc,150,0.230000,1.444646,0.000000,0.000000,-0.056667,150,tous,150,sensible,ordinal 3 et plus,attitude
B0 tirage,coneduc,150,0.053333,1.444646,1.266465,0.876662,0.006667,150,tous,150,sensible,ordinal 3 et plus,attitude
B1 argmax,coneduc,150,0.156667,1.444646,0.735038,0.508802,-0.023333,150,tous,150,sensible,ordinal 3 et plus,attitude
B2 argmax,coneduc,150,0.180000,1.444646,0.578293,0.400301,-0.053333,150,tous,150,sensible,ordinal 3 et plus,attitude
B3 foret,coneduc,150,0.213333,1.444646,0.252825,0.175009,-0.053333,150,tous,150,sensible,ordinal 3 et plus,attitude
humains vague 2,coneduc,150,0.013333,1.444646,1.471714,1.018737,0.006667,150,tous,150,sensible,ordinal 3 et plus,attitude
agents composite,confed,150,0.170000,1.454262,1.055268,0.725638,-0.170000,150,tous,150,temoin,ordinal 3 et plus,attitude
agents entretien (v3),confed,150,0.286667,1.454262,0.842352,0.579230,-0.286667,150,tous,150,temoin,ordinal 3 et plus,attitude
agents enquete,confed,150,0.053333,1.454262,1.265155,0.869963,-0.053333,150,tous,150,temoin,ordinal 3 et plus,attitude
agents demographiques (v6),confed,149,0.132550,1.454262,0.791296,0.544122,-0.020783,150,tous,150,temoin,ordinal 3 et plus,attitude
agents v7,confed,150,0.096667,1.454262,0.894097,0.614812,-0.056667,150,tous,150,temoin,ordinal 3 et plus,attitude
agents v8,confed,150,0.083333,1.454262,1.139350,0.783456,-0.016667,150,tous,150,temoin,ordinal 3 et plus,attitude
C2,confed,150,0.183333,1.454262,0.684298,0.470546,0.063333,150,tous,150,temoin,ordinal 3 et plus,attitude
C3,confed,150,0.156667,1.454262,0.855503,0.588273,0.050000,150,tous,150,temoin,ordinal 3 et plus,attitude
B0 mode,confed,150,0.250000,1.454262,0.000000,0.000000,0.096667,150,tous,150,temoin,ordinal 3 et plus,attitude
B0 tirage,confed,150,0.026667,1.454262,1.472548,1.012574,-0.026667,150,tous,150,temoin,ordinal 3 et plus,attitude
B1 argmax,confed,150,0.106667,1.454262,1.151892,0.792080,-0.106667,150,tous,150,temoin,ordinal 3 et plus,attitude
B2 argmax,confed,150,0.093333,1.454262,1.013907,0.697197,-0.040000,150,tous,150,temoin,ordinal 3 et plus,attitude
B3 foret,confed,150,0.086667,1.454262,1.016079,0.698690,-0.086667,150,tous,150,temoin,ordinal 3 et plus,attitude
humains vague 2,confed,150,0.036667,1.454262,1.409629,0.969309,-0.036667,150,tous,150,temoin,ordinal 3 et plus,attitude
agents composite,confinan,150,0.083333,1.362063,0.993962,0.729747,-0.083333,150,tous,150,temoin,ordinal 3 et plus,attitude
agents entretien (v3),confinan,150,0.140000,1.362063,0.979526,0.719149,-0.140000,150,tous,150,temoin,ordinal 3 et plus,attitude
agents enquete,confinan,150,0.130000,1.362063,1.175120,0.862750,-0.130000,150,tous,150,temoin,ordinal 3 et plus,attitude
agents demographiques (v6),confinan,149,0.082528,1.362063,0.802550,0.589216,-0.057472,150,tous,150,temoin,ordinal 3 et plus,attitude
agents v7,confinan,150,0.106667,1.362063,0.713202,0.523619,-0.033333,150,tous,150,temoin,ordinal 3 et plus,attitude
agents v8,confinan,150,0.070000,1.362063,0.910520,0.668486,-0.070000,150,tous,150,temoin,ordinal 3 et plus,attitude
C2,confinan,150,0.100000,1.362063,0.876407,0.643441,-0.006667,150,tous,150,temoin,ordinal 3 et plus,attitude
C3,confinan,150,0.096667,1.362063,1.136056,0.834070,-0.096667,150,tous,150,temoin,ordinal 3 et plus,attitude
B0 mode,confinan,150,0.203333,1.362063,0.000000,0.000000,0.063333,150,tous,150,temoin,ordinal 3 et plus,attitude
B0 tirage,confinan,150,0.013333,1.362063,1.348248,0.989858,-0.013333,150,tous,150,temoin,ordinal 3 et plus,attitude
B1 argmax,confinan,150,0.103333,1.362063,0.861551,0.632534,-0.003333,150,tous,150,temoin,ordinal 3 et plus,attitude
B2 argmax,confinan,150,0.116667,1.362063,0.782251,0.574313,0.003333,150,tous,150,temoin,ordinal 3 et plus,attitude
B3 foret,confinan,150,0.180000,1.362063,0.276874,0.203275,0.040000,150,tous,150,temoin,ordinal 3 et plus,attitude
humains vague 2,confinan,150,0.033333,1.362063,1.472670,1.081205,0.026667,150,tous,150,temoin,ordinal 3 et plus,attitude
agents composite,conjudge,150,0.136667,1.541620,0.969014,0.628569,-0.070000,150,tous,150,temoin,ordinal 3 et plus,attitude
agents entretien (v3),conjudge,150,0.130000,1.541620,1.363784,0.884643,-0.130000,150,tous,150,temoin,ordinal 3 et plus,attitude
agents enquete,conjudge,150,0.226667,1.541620,0.578293,0.375120,0.046667,150,tous,150,temoin,ordinal 3 et plus,attitude
agents demographiques (v6),conjudge,149,0.256532,1.541620,0.248363,0.161105,0.029866,150,tous,150,temoin,ordinal 3 et plus,attitude
agents v7,conjudge,150,0.220000,1.541620,0.556086,0.360715,0.000000,150,tous,150,temoin,ordinal 3 et plus,attitude
agents v8,conjudge,150,0.033333,1.541620,1.487770,0.965069,0.013333,150,tous,150,temoin,ordinal 3 et plus,attitude
C2,conjudge,150,0.236667,1.541620,0.444903,0.288594,0.083333,150,tous,150,temoin,ordinal 3 et plus,attitude
C3,conjudge,150,0.053333,1.541620,1.402098,0.909497,-0.033333,150,tous,150,temoin,ordinal 3 et plus,attitude
B0 mode,conjudge,150,0.276667,1.541620,0.000000,0.000000,0.050000,150,tous,150,temoin,ordinal 3 et plus,attitude
B0 tirage,conjudge,150,0.043333,1.541620,1.479031,0.959401,-0.043333,150,tous,150,temoin,ordinal 3 et plus,attitude
B1 argmax,conjudge,150,0.103333,1.541620,1.389138,0.901090,-0.103333,150,tous,150,temoin,ordinal 3 et plus,attitude
B2 argmax,conjudge,150,0.156667,1.541620,1.277029,0.828368,-0.156667,150,tous,150,temoin,ordinal 3 et plus,attitude
B3 foret,conjudge,150,0.096667,1.541620,1.133474,0.735249,-0.090000,150,tous,150,temoin,ordinal 3 et plus,attitude
humains vague 2,conjudge,150,0.053333,1.541620,1.524638,0.988984,-0.053333,150,tous,150,temoin,ordinal 3 et plus,attitude
agents composite,conlabor,150,0.156667,1.410385,0.877797,0.622381,-0.156667,150,tous,150,temoin,ordinal 3 et plus,attitude
agents entretien (v3),conlabor,150,0.123333,1.410385,1.139350,0.807830,-0.123333,150,tous,150,temoin,ordinal 3 et plus,attitude
agents enquete,conlabor,150,0.146667,1.410385,0.969602,0.687474,-0.146667,150,tous,150,temoin,ordinal 3 et plus,attitude
agents demographiques (v6),conlabor,150,0.193333,1.410385,0.215651,0.152902,-0.026667,150,tous,150,temoin,ordinal 3 et plus,attitude
agents v7,conlabor,150,0.170000,1.410385,0.491797,0.348697,-0.010000,150,tous,150,temoin,ordinal 3 et plus,attitude
agents v8,conlabor,150,0.060000,1.410385,1.373080,0.973550,-0.060000,150,tous,150,temoin,ordinal 3 et plus,attitude
C2,conlabor,150,0.073333,1.410385,1.421792,1.008088,-0.073333,150,tous,150,temoin,ordinal 3 et plus,attitude
C3,conlabor,150,0.273333,1.410385,1.002756,0.710981,-0.273333,150,tous,150,temoin,ordinal 3 et plus,attitude
B0 mode,conlabor,150,0.210000,1.410385,0.000000,0.000000,-0.010000,150,tous,150,temoin,ordinal 3 et plus,attitude
B0 tirage,conlabor,150,0.033333,1.410385,1.309445,0.928431,0.033333,150,tous,150,temoin,ordinal 3 et plus,attitude
B1 argmax,conlabor,150,0.116667,1.410385,0.865180,0.613435,-0.050000,150,tous,150,temoin,ordinal 3 et plus,attitude
B2 argmax,conlabor,150,0.150000,1.410385,0.649174,0.460282,0.010000,150,tous,150,temoin,ordinal 3 et plus,attitude
B3 foret,conlabor,150,0.186667,1.410385,0.309294,0.219298,-0.026667,150,tous,150,temoin,ordinal 3 et plus,attitude
humains vague 2,conlabor,150,0.006667,1.410385,1.389029,0.984858,0.006667,150,tous,150,temoin,ordinal 3 et plus,attitude
agents composite,conlegis,150,0.166667,1.358685,0.841450,0.619312,-0.166667,150,tous,150,sensible,ordinal 3 et plus,attitude
agents entretien (v3),conlegis,150,0.220000,1.358685,0.639119,0.470395,-0.220000,150,tous,150,sensible,ordinal 3 et plus,attitude
agents enquete,conlegis,150,0.150000,1.358685,0.886100,0.652174,-0.150000,150,tous,150,sensible,ordinal 3 et plus,attitude
agents demographiques (v6),conlegis,150,0.170000,1.358685,0.831555,0.612029,-0.170000,150,tous,150,sensible,ordinal 3 et plus,attitude
agents v7,conlegis,150,0.153333,1.358685,0.877797,0.646064,-0.153333,150,tous,150,sensible,ordinal 3 et plus,attitude
agents v8,conlegis,150,0.153333,1.358685,0.877797,0.646064,-0.153333,150,tous,150,sensible,ordinal 3 et plus,attitude
C2,conlegis,150,0.136667,1.358685,0.901793,0.663725,0.043333,150,tous,150,sensible,ordinal 3 et plus,attitude
C3,conlegis,150,0.106667,1.358685,1.045801,0.769716,0.026667,150,tous,150,sensible,ordinal 3 et plus,attitude
B0 mode,conlegis,150,0.300000,1.358685,0.000000,0.000000,-0.300000,150,tous,150,sensible,ordinal 3 et plus,attitude
B0 tirage,conlegis,150,0.026667,1.358685,1.253287,0.922426,-0.026667,150,tous,150,sensible,ordinal 3 et plus,attitude
B1 argmax,conlegis,150,0.106667,1.358685,1.045801,0.769716,-0.106667,150,tous,150,sensible,ordinal 3 et plus,attitude
B2 argmax,conlegis,150,0.086667,1.358685,0.989236,0.728083,-0.086667,150,tous,150,sensible,ordinal 3 et plus,attitude
B3 foret,conlegis,150,0.096667,1.358685,0.979526,0.720937,-0.096667,150,tous,150,sensible,ordinal 3 et plus,attitude
humains vague 2,conlegis,150,0.020000,1.358685,1.295761,0.953687,-0.006667,150,tous,150,sensible,ordinal 3 et plus,attitude
agents composite,conmedic,150,0.123333,1.346475,1.162497,0.863363,-0.110000,150,tous,150,sensible,ordinal 3 et plus,attitude
agents entretien (v3),conmedic,150,0.053333,1.346475,1.261966,0.937237,-0.026667,150,tous,150,sensible,ordinal 3 et plus,attitude
agents enquete,conmedic,150,0.090000,1.346475,1.020820,0.758143,-0.010000,150,tous,150,sensible,ordinal 3 et plus,attitude
agents demographiques (v6),conmedic,150,0.273333,1.346475,0.146250,0.108617,-0.186667,150,tous,150,sensible,ordinal 3 et plus,attitude
agents v7,conmedic,150,0.200000,1.346475,0.726670,0.539683,-0.126667,150,tous,150,sensible,ordinal 3 et plus,attitude
agents v8,conmedic,150,0.246667,1.346475,0.383051,0.284484,-0.160000,150,tous,150,sensible,ordinal 3 et plus,attitude
C2,conmedic,150,0.193333,1.346475,0.684886,0.508651,-0.106667,150,tous,150,sensible,ordinal 3 et plus,attitude
C3,conmedic,150,0.193333,1.346475,1.026591,0.762428,-0.193333,150,tous,150,sensible,ordinal 3 et plus,attitude
B0 mode,conmedic,150,0.183333,1.346475,0.726737,0.539733,-0.096667,150,tous,150,sensible,ordinal 3 et plus,attitude
B0 tirage,conmedic,150,0.050000,1.346475,1.453819,1.079722,-0.050000,150,tous,150,sensible,ordinal 3 et plus,attitude
B1 argmax,conmedic,150,0.070000,1.346475,1.119216,0.831219,0.070000,150,tous,150,sensible,ordinal 3 et plus,attitude
B2 argmax,conmedic,150,0.080000,1.346475,1.049046,0.779105,0.080000,150,tous,150,sensible,ordinal 3 et plus,attitude
B3 foret,conmedic,150,0.056667,1.346475,1.004681,0.746156,0.056667,150,tous,150,sensible,ordinal 3 et plus,attitude
humains vague 2,conmedic,150,0.023333,1.346475,1.313661,0.975630,-0.010000,150,tous,150,sensible,ordinal 3 et plus,attitude
agents composite,conpress,150,0.093333,1.389138,1.004681,0.723240,-0.093333,150,tous,150,temoin,ordinal 3 et plus,attitude
agents entretien (v3),conpress,150,0.093333,1.389138,1.060697,0.763565,-0.093333,150,tous,150,temoin,ordinal 3 et plus,attitude
agents enquete,conpress,150,0.113333,1.389138,1.001601,0.721023,-0.113333,150,tous,150,temoin,ordinal 3 et plus,attitude
agents demographiques (v6),conpress,150,0.143333,1.389138,0.788586,0.567680,0.036667,150,tous,150,temoin,ordinal 3 et plus,attitude
agents v7,conpress,150,0.156667,1.389138,0.739872,0.532612,0.050000,150,tous,150,temoin,ordinal 3 et plus,attitude
agents v8,conpress,150,0.096667,1.389138,0.968053,0.696873,-0.003333,150,tous,150,temoin,ordinal 3 et plus,attitude
C2,conpress,150,0.160000,1.389138,0.726737,0.523157,0.053333,150,tous,150,temoin,ordinal 3 et plus,attitude
C3,conpress,150,0.173333,1.389138,0.820554,0.590693,0.113333,150,tous,150,temoin,ordinal 3 et plus,attitude
B0 mode,conpress,150,0.260000,1.389138,0.000000,0.000000,0.153333,150,tous,150,temoin,ordinal 3 et plus,attitude
B0 tirage,conpress,150,0.026667,1.389138,1.264713,0.910430,-0.020000,150,tous,150,temoin,ordinal 3 et plus,attitude
B1 argmax,conpress,150,0.050000,1.389138,1.181514,0.850538,-0.050000,150,tous,150,temoin,ordinal 3 et plus,attitude
B2 argmax,conpress,150,0.103333,1.389138,0.901793,0.649174,-0.003333,150,tous,150,temoin,ordinal 3 et plus,attitude
B3 foret,conpress,150,0.063333,1.389138,0.991947,0.714073,-0.063333,150,tous,150,temoin,ordinal 3 et plus,attitude
humains vague 2,conpress,150,0.040000,1.389138,1.374299,0.989317,-0.040000,150,tous,150,temoin,ordinal 3 et plus,attitude
agents composite,consci,150,0.070000,1.340282,1.149642,0.857761,-0.010000,150,tous,150,temoin,ordinal 3 et plus,attitude
agents entretien (v3),consci,149,0.024855,1.340282,1.234901,0.921374,0.014832,150,tous,150,temoin,ordinal 3 et plus,attitude
agents enquete,consci,149,0.108792,1.340282,1.024929,0.764712,0.108792,150,tous,150,temoin,ordinal 3 et plus,attitude
agents demographiques (v6),consci,150,0.103333,1.340282,0.967424,0.721806,-0.016667,150,tous,150,temoin,ordinal 3 et plus,attitude
agents v7,consci,150,0.063333,1.340282,1.085406,0.809834,0.063333,150,tous,150,temoin,ordinal 3 et plus,attitude
agents v8,consci,150,0.083333,1.340282,1.368316,1.020916,-0.083333,150,tous,150,temoin,ordinal 3 et plus,attitude
C2,consci,150,0.160000,1.340282,0.851016,0.634953,-0.073333,150,tous,150,temoin,ordinal 3 et plus,attitude
C3,consci,150,0.160000,1.340282,1.279264,0.954474,-0.160000,150,tous,150,temoin,ordinal 3 et plus,attitude
B0 mode,consci,150,0.290000,1.340282,0.000000,0.000000,0.290000,150,tous,150,temoin,ordinal 3 et plus,attitude
B0 tirage,consci,150,0.046667,1.340282,1.394220,1.040244,-0.000000,150,tous,150,temoin,ordinal 3 et plus,attitude
B1 argmax,consci,150,0.063333,1.340282,1.207172,0.900685,0.063333,150,tous,150,temoin,ordinal 3 et plus,attitude
B2 argmax,consci,150,0.116667,1.340282,0.981776,0.732514,0.116667,150,tous,150,temoin,ordinal 3 et plus,attitude
B3 foret,consci,150,0.083333,1.340282,1.033412,0.771041,0.083333,150,tous,150,temoin,ordinal 3 et plus,attitude
humains vague 2,consci,150,0.006667,1.340282,1.368291,1.020898,-0.006667,150,tous,150,temoin,ordinal 3 et plus,attitude
agents composite,contv,150,0.123333,1.282524,0.986263,0.769002,-0.123333,150,tous,150,temoin,ordinal 3 et plus,attitude
agents entretien (v3),contv,149,0.131991,1.282524,0.977341,0.762045,-0.131991,150,tous,150,temoin,ordinal 3 et plus,attitude
agents enquete,contv,149,0.098434,1.282524,1.056356,0.823654,-0.098434,150,tous,150,temoin,ordinal 3 et plus,attitude
agents demographiques (v6),contv,150,0.160000,1.282524,0.606244,0.472696,0.093333,150,tous,150,temoin,ordinal 3 et plus,attitude
agents v7,contv,150,0.103333,1.282524,0.831555,0.648374,0.036667,150,tous,150,temoin,ordinal 3 et plus,attitude
agents v8,contv,150,0.040000,1.282524,0.983027,0.766478,-0.040000,150,tous,150,temoin,ordinal 3 et plus,attitude
C2,contv,150,0.066667,1.282524,0.923105,0.719757,0.000000,150,tous,150,temoin,ordinal 3 et plus,attitude
C3,contv,150,0.133333,1.282524,0.861551,0.671762,0.100000,150,tous,150,temoin,ordinal 3 et plus,attitude
B0 mode,contv,150,0.233333,1.282524,0.000000,0.000000,0.166667,150,tous,150,temoin,ordinal 3 et plus,attitude
B0 tirage,contv,150,0.076667,1.282524,1.374485,1.071704,0.076667,150,tous,150,temoin,ordinal 3 et plus,attitude
B1 argmax,contv,150,0.043333,1.282524,1.016079,0.792250,-0.016667,150,tous,150,temoin,ordinal 3 et plus,attitude
B2 argmax,contv,150,0.083333,1.282524,0.886100,0.690903,0.016667,150,tous,150,temoin,ordinal 3 et plus,attitude
B3 foret,contv,150,0.056667,1.282524,0.941819,0.734348,-0.010000,150,tous,150,temoin,ordinal 3 et plus,attitude
humains vague 2,contv,150,0.026667,1.282524,1.322438,1.031122,0.026667,150,tous,150,temoin,ordinal 3 et plus,attitude
agents composite,joblose,145,0.109885,1.803453,1.557218,0.863465,,150,tous,150,non teste,nominal,comportement
agents entretien (v3),joblose,145,0.102989,1.803453,1.465167,0.812423,,150,tous,150,non teste,nominal,comportement
agents enquete,joblose,148,0.142973,1.803453,1.736210,0.962714,,150,tous,150,non teste,nominal,comportement
agents demographiques (v6),joblose,149,0.235884,1.803453,1.657825,0.919250,,150,tous,150,non teste,nominal,comportement
agents v7,joblose,147,0.132245,1.803453,1.634716,0.906437,,150,tous,150,non teste,nominal,comportement
agents v8,joblose,149,0.168770,1.803453,1.588842,0.881000,,150,tous,150,non teste,nominal,comportement
C2,joblose,150,0.853333,1.803453,0.000000,0.000000,,150,tous,150,non teste,nominal,comportement
C3,joblose,150,0.466667,1.803453,0.967424,0.536428,,150,tous,150,non teste,nominal,comportement
B0 mode,joblose,150,0.613333,1.803453,0.000000,0.000000,,150,tous,150,non teste,nominal,comportement
B0 tirage,joblose,150,0.026667,1.803453,1.831981,1.015818,,150,tous,150,non teste,nominal,comportement
B1 argmax,joblose,150,0.180000,1.803453,1.211983,0.672035,,150,tous,150,non teste,nominal,comportement
B2 argmax,joblose,150,0.193333,1.803453,1.121583,0.621908,,150,tous,150,non teste,nominal,comportement
B3 foret,joblose,150,0.213333,1.803453,0.994397,0.551385,,150,tous,150,non teste,nominal,comportement
humains vague 2,joblose,150,0.086667,1.803453,1.935110,1.073003,,150,tous,150,non teste,nominal,comportement
agents composite,jobfind,149,0.130022,1.833090,1.584316,0.864287,,150,tous,150,temoin,nominal,auto evaluation
agents entretien (v3),jobfind,145,0.115862,1.833090,1.661454,0.906368,,150,tous,150,temoin,nominal,auto evaluation
agents enquete,jobfind,149,0.145414,1.833090,1.560627,0.851364,,150,tous,150,temoin,nominal,auto evaluation
agents demographiques (v6),jobfind,150,0.400000,1.833090,1.117604,0.609683,,150,tous,150,temoin,nominal,auto evaluation
agents v7,jobfind,149,0.324116,1.833090,1.245465,0.679434,,150,tous,150,temoin,nominal,auto evaluation
agents v8,jobfind,150,0.273333,1.833090,1.248174,0.680912,,150,tous,150,temoin,nominal,auto evaluation
C2,jobfind,150,0.413333,1.833090,1.323686,0.722106,,150,tous,150,temoin,nominal,auto evaluation
C3,jobfind,150,0.180000,1.833090,1.661138,0.906195,,150,tous,150,temoin,nominal,auto evaluation
B0 mode,jobfind,150,0.626667,1.833090,0.000000,0.000000,,150,tous,150,temoin,nominal,auto evaluation
B0 tirage,jobfind,150,0.113333,1.833090,1.888113,1.030016,,150,tous,150,temoin,nominal,auto evaluation
B1 argmax,jobfind,150,0.193333,1.833090,1.556055,0.848870,,150,tous,150,temoin,nominal,auto evaluation
B2 argmax,jobfind,150,0.120000,1.833090,1.575319,0.859379,,150,tous,150,temoin,nominal,auto evaluation
B3 foret,jobfind,150,0.326667,1.833090,1.000195,0.545633,,150,tous,150,temoin,nominal,auto evaluation
humains vague 2,jobfind,150,0.080000,1.833090,1.854465,1.011661,,150,tous,150,temoin,nominal,auto evaluation
agents composite,happy,150,0.093333,1.413167,0.960664,0.679795,-0.046667,150,tous,150,temoin,ordinal 3 et plus,auto evaluation
agents entretien (v3),happy,150,0.073333,1.413167,1.097359,0.776525,-0.033333,150,tous,150,temoin,ordinal 3 et plus,auto evaluation
agents enquete,happy,150,0.086667,1.413167,0.922631,0.652882,-0.086667,150,tous,150,temoin,ordinal 3 et plus,auto evaluation
agents demographiques (v6),happy,150,0.203333,1.413167,0.146250,0.103491,0.023333,150,tous,150,temoin,ordinal 3 et plus,auto evaluation
agents v7,happy,150,0.120000,1.413167,0.843988,0.597232,0.086667,150,tous,150,temoin,ordinal 3 et plus,auto evaluation
agents v8,happy,150,0.206667,1.413167,0.106967,0.075693,0.040000,150,tous,150,temoin,ordinal 3 et plus,auto evaluation
C2,happy,150,0.136667,1.413167,0.739872,0.523556,0.136667,150,tous,150,temoin,ordinal 3 et plus,auto evaluation
C3,happy,150,0.103333,1.413167,1.246082,0.881766,-0.103333,150,tous,150,temoin,ordinal 3 et plus,auto evaluation
B0 mode,happy,150,0.213333,1.413167,0.000000,0.000000,0.033333,150,tous,150,temoin,ordinal 3 et plus,auto evaluation
B0 tirage,happy,150,0.026667,1.413167,1.475289,1.043959,-0.013333,150,tous,150,temoin,ordinal 3 et plus,auto evaluation
B1 argmax,happy,150,0.126667,1.413167,0.820554,0.580649,-0.006667,150,tous,150,temoin,ordinal 3 et plus,auto evaluation
B2 argmax,happy,150,0.176667,1.413167,0.383051,0.271058,-0.003333,150,tous,150,temoin,ordinal 3 et plus,auto evaluation
B3 foret,happy,150,0.210000,1.413167,0.062587,0.044288,0.030000,150,tous,150,temoin,ordinal 3 et plus,auto evaluation
humains vague 2,happy,150,0.040000,1.413167,1.293444,0.915281,-0.040000,150,tous,150,temoin,ordinal 3 et plus,auto evaluation
agents composite,hapmar,150,0.080000,1.442510,1.391021,0.964306,0.153846,150,tous,150,non teste,nominal,auto evaluation
agents entretien (v3),hapmar,150,0.146667,1.442510,1.424567,0.987562,0.202935,150,tous,150,non teste,nominal,auto evaluation
agents enquete,hapmar,150,0.120000,1.442510,1.096849,0.760375,-0.012070,150,tous,150,non teste,nominal,auto evaluation
agents demographiques (v6),hapmar,150,0.053333,1.442510,1.214074,0.841640,0.090545,150,tous,150,non teste,nominal,auto evaluation
agents v7,hapmar,150,0.180000,1.442510,0.898979,0.623205,0.252747,150,tous,150,non teste,nominal,auto evaluation
agents v8,hapmar,150,0.300000,1.442510,1.160209,0.804299,-0.060223,150,tous,150,non teste,nominal,auto evaluation
C2,hapmar,150,0.480000,1.442510,1.544460,1.070675,0.197944,150,tous,150,non teste,nominal,auto evaluation
C3,hapmar,150,0.146667,1.442510,0.933389,0.647059,-0.036538,150,tous,150,non teste,nominal,auto evaluation
B0 mode,hapmar,150,0.346667,1.442510,0.000000,0.000000,,150,tous,150,non teste,nominal,auto evaluation
B0 tirage,hapmar,150,0.093333,1.442510,1.525736,1.057696,0.126576,150,tous,150,non teste,nominal,auto evaluation
B1 argmax,hapmar,150,0.120000,1.442510,1.090623,0.756060,0.142033,150,tous,150,non teste,nominal,auto evaluation
B2 argmax,hapmar,150,0.240000,1.442510,0.601203,0.416776,0.100962,150,tous,150,non teste,nominal,auto evaluation
B3 foret,hapmar,150,0.333333,1.442510,0.125109,0.086730,0.163462,150,tous,150,non teste,nominal,auto evaluation
humains vague 2,hapmar,150,0.040000,1.442510,1.484945,1.029418,0.001181,150,tous,150,non teste,nominal,auto evaluation
agents composite,satjob,150,0.046667,1.979600,1.861150,0.940165,0.024940,150,tous,150,temoin,nominal,auto evaluation
agents entretien (v3),satjob,150,0.086667,1.979600,2.035249,1.028112,0.038283,150,tous,150,temoin,nominal,auto evaluation
agents enquete,satjob,150,0.160000,1.979600,1.711507,0.864572,-0.042980,150,tous,150,temoin,nominal,auto evaluation
agents demographiques (v6),satjob,150,0.333333,1.979600,1.183650,0.597924,-0.016405,150,tous,150,temoin,nominal,auto evaluation
agents v7,satjob,150,0.120000,1.979600,1.672925,0.845082,0.072297,150,tous,150,temoin,nominal,auto evaluation
agents v8,satjob,150,0.253333,1.979600,1.060543,0.535736,0.028445,150,tous,150,temoin,nominal,auto evaluation
C2,satjob,150,0.500000,1.979600,1.000187,0.505247,0.174610,150,tous,150,temoin,nominal,auto evaluation
C3,satjob,150,0.253333,1.979600,1.854117,0.936612,-0.067331,150,tous,150,temoin,nominal,auto evaluation
B0 mode,satjob,150,0.626667,1.979600,0.000000,0.000000,,150,tous,150,temoin,nominal,auto evaluation
B0 tirage,satjob,150,0.113333,1.979600,1.924977,0.972407,0.025392,150,tous,150,temoin,nominal,auto evaluation
B1 argmax,satjob,150,0.133333,1.979600,1.572895,0.794552,0.097853,150,tous,150,temoin,nominal,auto evaluation
B2 argmax,satjob,150,0.166667,1.979600,1.376867,0.695528,0.084568,150,tous,150,temoin,nominal,auto evaluation
B3 foret,satjob,150,0.260000,1.979600,1.257777,0.635370,0.106125,150,tous,150,temoin,nominal,auto evaluation
humains vague 2,satjob,150,0.060000,1.979600,2.008599,1.014649,-0.016524,150,tous,150,temoin,nominal,auto evaluation
agents composite,spdeg*,150,0.106667,1.832151,1.528440,0.834233,,150,tous,150,non teste,nominal,comportement
agents entretien (v3),spdeg*,150,0.160000,1.832151,1.683771,0.919013,,150,tous,150,non teste,nominal,comportement
agents enquete,spdeg*,150,0.120000,1.832151,1.404865,0.766785,,150,tous,150,non teste,nominal,comportement
agents demographiques (v6),spdeg*,150,0.120000,1.832151,1.556196,0.849382,,150,tous,150,non teste,nominal,comportement
agents v7,spdeg*,150,0.206667,1.832151,1.345080,0.734154,,150,tous,150,non teste,nominal,comportement
agents v8,spdeg*,150,0.446667,1.832151,1.567889,0.855764,,150,tous,150,non teste,nominal,comportement
C2,spdeg*,150,0.286667,1.832151,2.238723,1.221910,,150,tous,150,non teste,nominal,comportement
C3,spdeg*,150,0.306667,1.832151,0.589048,0.321506,,150,tous,150,non teste,nominal,comportement
B0 mode,spdeg*,150,0.413333,1.832151,0.000000,0.000000,,150,tous,150,non teste,nominal,comportement
B0 tirage,spdeg*,150,0.060000,1.832151,2.013971,1.099239,,150,tous,150,non teste,nominal,comportement
B1 argmax,spdeg*,150,0.126667,1.832151,1.498495,0.817889,,150,tous,150,non teste,nominal,comportement
B2 argmax,spdeg*,150,0.293333,1.832151,0.679984,0.371140,,150,tous,150,non teste,nominal,comportement
B3 foret,spdeg*,150,0.380000,1.832151,0.276000,0.150643,,150,tous,150,non teste,nominal,comportement
humains vague 2,spdeg*,150,0.060000,1.832151,1.810280,0.988063,,150,tous,150,non teste,nominal,comportement
agents composite,spjew,150,0.286667,1.249224,0.000000,0.000000,,150,tous,150,non teste,nominal,comportement
agents entretien (v3),spjew,150,0.286667,1.249224,0.000000,0.000000,,150,tous,150,non teste,nominal,comportement
agents enquete,spjew,149,0.266532,1.249224,0.170365,0.136377,,150,tous,150,non teste,nominal,comportement
agents demographiques (v6),spjew,150,0.246667,1.249224,0.247101,0.197804,,150,tous,150,non teste,nominal,comportement
agents v7,spjew,150,0.286667,1.249224,0.000000,0.000000,,150,tous,150,non teste,nominal,comportement
agents v8,spjew,149,0.286667,1.249224,0.000000,0.000000,,150,tous,150,non teste,nominal,comportement
C2,spjew,150,0.286667,1.249224,0.000000,0.000000,,150,tous,150,non teste,nominal,comportement
C3,spjew,150,0.273333,1.249224,0.106967,0.085627,,150,tous,150,non teste,nominal,comportement
B0 mode,spjew,150,0.286667,1.249224,0.000000,0.000000,,150,tous,150,non teste,nominal,comportement
B0 tirage,spjew,150,0.026667,1.249224,1.193812,0.955643,,150,tous,150,non teste,nominal,comportement
B1 argmax,spjew,150,0.166667,1.249224,0.616982,0.493892,,150,tous,150,non teste,nominal,comportement
B2 argmax,spjew,150,0.280000,1.249224,0.062587,0.050101,,150,tous,150,non teste,nominal,comportement
B3 foret,spjew,150,0.286667,1.249224,0.000000,0.000000,,150,tous,150,non teste,nominal,comportement
humains vague 2,spjew,150,0.040000,1.249224,1.091060,0.873390,,150,tous,150,non teste,nominal,comportement
agents composite,spfund,150,0.073333,1.113459,0.919105,0.825450,,150,tous,150,non teste,nominal,comportement
agents entretien (v3),spfund,150,0.040000,1.113459,1.106168,0.993452,,150,tous,150,non teste,nominal,comportement
agents enquete,spfund,150,0.100000,1.113459,0.958657,0.860972,,150,tous,150,non teste,nominal,comportement
agents demographiques (v6),spfund,150,0.046667,1.113459,0.876357,0.787058,,150,tous,150,non teste,nominal,comportement
agents v7,spfund,150,0.100000,1.113459,1.324298,1.189355,,150,tous,150,non teste,nominal,comportement
agents v8,spfund,150,0.393333,1.113459,1.937773,1.740318,,150,tous,150,non teste,nominal,comportement
C2,spfund,150,0.526667,1.113459,1.940921,1.743145,,150,tous,150,non teste,nominal,comportement
C3,spfund,150,0.226667,1.113459,0.512340,0.460134,,150,tous,150,non teste,nominal,comportement
B0 mode,spfund,150,0.260000,1.113459,0.000000,0.000000,,150,tous,150,non teste,nominal,comportement
B0 tirage,spfund,150,0.046667,1.113459,1.285140,1.154187,,150,tous,150,non teste,nominal,comportement
B1 argmax,spfund,150,0.080000,1.113459,0.881303,0.791500,,150,tous,150,non teste,nominal,comportement
B2 argmax,spfund,150,0.213333,1.113459,0.276874,0.248661,,150,tous,150,non teste,nominal,comportement
B3 foret,spfund,150,0.260000,1.113459,0.000000,0.000000,,150,tous,150,non teste,nominal,comportement
humains vague 2,spfund,150,0.040000,1.113459,1.211794,1.088315,,150,tous,150,non teste,nominal,comportement
agents composite,unemp,150,0.153333,0.986263,0.841450,0.853170,0.153333,150,tous,150,temoin,binaire,comportement
agents entretien (v3),unemp,150,0.006667,0.986263,0.983027,0.996719,0.006667,150,tous,150,temoin,binaire,comportement
agents enquete,unemp,150,0.126667,0.986263,0.877797,0.890024,0.126667,150,tous,150,temoin,binaire,comportement
agents demographiques (v6),unemp,150,0.006667,0.986263,0.983027,0.996719,0.006667,150,tous,150,temoin,binaire,comportement
agents v7,unemp,150,0.166667,0.986263,0.821328,0.832768,0.166667,150,tous,150,temoin,binaire,comportement
agents v8,unemp,150,0.226667,0.986263,0.713202,0.723135,0.226667,150,tous,150,temoin,binaire,comportement
C2,unemp,150,0.420000,0.986263,0.000000,0.000000,0.420000,150,tous,150,temoin,binaire,comportement
C3,unemp,150,0.413333,0.986263,0.062587,0.063459,0.413333,150,tous,150,temoin,binaire,comportement
B0 mode,unemp,150,0.420000,0.986263,0.000000,0.000000,0.420000,150,tous,150,temoin,binaire,comportement
B0 tirage,unemp,150,0.053333,0.986263,0.952887,0.966159,0.053333,150,tous,150,temoin,binaire,comportement
B1 argmax,unemp,150,0.100000,0.986263,0.909190,0.921854,0.100000,150,tous,150,temoin,binaire,comportement
B2 argmax,unemp,150,0.166667,0.986263,0.821328,0.832768,0.166667,150,tous,150,temoin,binaire,comportement
B3 foret,unemp,150,0.173333,0.986263,0.810761,0.822054,0.173333,150,tous,150,temoin,binaire,comportement
humains vague 2,unemp,150,0.066667,0.986263,1.004296,1.018284,-0.066667,150,tous,150,temoin,binaire,comportement
agents composite,union1,150,0.006667,0.321962,0.309294,0.960655,,150,tous,150,non teste,nominal,comportement
agents entretien (v3),union1,150,0.013333,0.321962,0.338999,1.052919,,150,tous,150,non teste,nominal,comportement
agents enquete,union1,150,0.040000,0.321962,0.062587,0.194393,,150,tous,150,non teste,nominal,comportement
agents demographiques (v6),union1,148,0.046667,0.321962,0.000000,0.000000,,150,tous,150,non teste,nominal,comportement
agents v7,union1,150,0.013333,0.321962,0.247101,0.767486,,150,tous,150,non teste,nominal,comportement
agents v8,union1,149,0.013647,0.321962,0.386133,1.199312,,150,tous,150,non teste,nominal,comportement
C2,union1,150,0.053333,0.321962,0.430054,1.335729,,150,tous,150,non teste,nominal,comportement
C3,union1,150,0.033333,0.321962,0.182198,0.565901,,150,tous,150,non teste,nominal,comportement
B0 mode,union1,150,0.046667,0.321962,0.000000,0.000000,,150,tous,150,non teste,nominal,comportement
B0 tirage,union1,150,0.060000,0.321962,0.637279,1.979362,,150,tous,150,non teste,nominal,comportement
B1 argmax,union1,150,0.040000,0.321962,0.062587,0.194393,,150,tous,150,non teste,nominal,comportement
B2 argmax,union1,150,0.046667,0.321962,0.000000,0.000000,,150,tous,150,non teste,nominal,comportement
B3 foret,union1,150,0.046667,0.321962,0.000000,0.000000,,150,tous,150,non teste,nominal,comportement
humains vague 2,union1,150,0.020000,0.321962,0.444905,1.381857,,150,tous,150,non teste,nominal,comportement
agents composite,spkath/y,150,0.026667,0.776964,0.821328,1.057099,-0.026667,150,tous,150,temoin,binaire,attitude
agents entretien (v3),spkath/y,150,0.013333,0.776964,0.752615,0.968661,0.013333,150,tous,150,temoin,binaire,attitude
agents enquete,spkath/y,150,0.053333,0.776964,0.670083,0.862437,0.053333,150,tous,150,temoin,binaire,attitude
agents demographiques (v6),spkath/y,150,0.073333,0.776964,0.622928,0.801747,0.073333,150,tous,150,temoin,binaire,attitude
agents v7,spkath/y,150,0.153333,0.776964,0.383051,0.493009,0.153333,150,tous,150,temoin,binaire,attitude
agents v8,spkath/y,150,0.026667,0.776964,0.726737,0.935355,0.026667,150,tous,150,temoin,binaire,attitude
C2,spkath/y,150,0.226667,0.776964,0.000000,0.000000,0.226667,150,tous,150,temoin,binaire,attitude
C3,spkath/y,150,0.033333,0.776964,0.713202,0.917934,0.033333,150,tous,150,temoin,binaire,attitude
B0 mode,spkath/y,150,0.226667,0.776964,0.000000,0.000000,0.226667,150,tous,150,temoin,binaire,attitude
B0 tirage,spkath/y,150,0.113333,0.776964,0.514698,0.662448,0.113333,150,tous,150,temoin,binaire,attitude
B1 argmax,spkath/y,150,0.193333,0.776964,0.215651,0.277556,0.193333,150,tous,150,temoin,binaire,attitude
B2 argmax,spkath/y,150,0.220000,0.776964,0.062587,0.080553,0.220000,150,tous,150,temoin,binaire,attitude
B3 foret,spkath/y,150,0.226667,0.776964,0.000000,0.000000,0.226667,150,tous,150,temoin,binaire,attitude
humains vague 2,spkath/y,150,0.033333,0.776964,0.713202,0.917934,0.033333,150,tous,150,temoin,binaire,attitude
agents composite,colath,150,0.000000,0.841450,0.841450,1.000000,0.000000,150,tous,150,temoin,binaire,attitude
agents entretien (v3),colath,150,0.100000,0.841450,0.952887,1.132435,-0.100000,150,tous,150,temoin,binaire,attitude
agents enquete,colath,150,0.020000,0.841450,0.869185,1.032962,-0.020000,150,tous,150,temoin,binaire,attitude
agents demographiques (v6),colath,150,0.033333,0.841450,0.788586,0.937175,0.033333,150,tous,150,temoin,binaire,attitude
agents v7,colath,150,0.086667,0.841450,0.684886,0.813936,0.086667,150,tous,150,temoin,binaire,attitude
agents v8,colath,150,0.020000,0.841450,0.869185,1.032962,-0.020000,150,tous,150,temoin,binaire,attitude
C2,colath,150,0.146667,0.841450,0.534170,0.634821,0.146667,150,tous,150,temoin,binaire,attitude
C3,colath,150,0.020000,0.841450,0.869185,1.032962,-0.020000,150,tous,150,temoin,binaire,attitude
B0 mode,colath,150,0.266667,0.841450,0.000000,0.000000,0.266667,150,tous,150,temoin,binaire,attitude
B0 tirage,colath,150,0.026667,0.841450,0.799849,0.950561,0.026667,150,tous,150,temoin,binaire,attitude
B1 argmax,colath,150,0.193333,0.841450,0.383051,0.455227,0.193333,150,tous,150,temoin,binaire,attitude
B2 argmax,colath,150,0.186667,0.841450,0.406988,0.483675,0.186667,150,tous,150,temoin,binaire,attitude
B3 foret,colath,150,0.260000,0.841450,0.062587,0.074380,0.260000,150,tous,150,temoin,binaire,attitude
humains vague 2,colath,150,0.020000,0.841450,0.810761,0.963529,0.020000,150,tous,150,temoin,binaire,attitude
agents composite,spkrac/y,150,0.006667,0.994397,0.996586,1.002202,,150,tous,150,sensible,binaire,attitude
agents entretien (v3),spkrac/y,150,0.413333,0.994397,0.182198,0.183225,,150,tous,150,sensible,binaire,attitude
agents enquete,spkrac/y,150,0.240000,0.994397,0.726737,0.730832,,150,tous,150,sensible,binaire,attitude
agents demographiques (v6),spkrac/y,150,0.433333,0.994397,0.062587,0.062940,,150,tous,150,sensible,binaire,attitude
agents v7,spkrac/y,150,0.426667,0.994397,0.106967,0.107570,,150,tous,150,sensible,binaire,attitude
agents v8,spkrac/y,150,0.440000,0.994397,0.000000,0.000000,,150,tous,150,sensible,binaire,attitude
C2,spkrac/y,150,0.440000,0.994397,0.000000,0.000000,,150,tous,150,sensible,binaire,attitude
C3,spkrac/y,150,0.160000,0.994397,0.975760,0.981258,,150,tous,150,sensible,binaire,attitude
B0 mode,spkrac/y,150,0.440000,0.994397,0.000000,0.000000,,150,tous,150,sensible,binaire,attitude
B0 tirage,spkrac/y,150,0.040000,0.994397,1.003655,1.009310,,150,tous,150,sensible,binaire,attitude
B1 argmax,spkrac/y,150,0.060000,0.994397,0.962851,0.968277,,150,tous,150,sensible,binaire,attitude
B2 argmax,spkrac/y,150,0.120000,0.994397,0.909190,0.914314,,150,tous,150,sensible,binaire,attitude
B3 foret,spkrac/y,150,0.200000,0.994397,0.799849,0.804356,,150,tous,150,sensible,binaire,attitude
humains vague 2,spkrac/y,150,0.006667,0.994397,0.991947,0.997536,,150,tous,150,sensible,binaire,attitude
agents composite,colrac,150,0.113333,0.821328,0.952887,1.160179,,150,tous,150,temoin,binaire,attitude
agents entretien (v3),colrac,150,0.213333,0.821328,0.247101,0.300856,,150,tous,150,temoin,binaire,attitude
agents enquete,colrac,150,0.253333,0.821328,1.004681,1.223240,,150,tous,150,temoin,binaire,attitude
agents demographiques (v6),colrac,150,0.180000,0.821328,0.383051,0.466380,,150,tous,150,temoin,binaire,attitude
agents v7,colrac,150,0.200000,0.821328,0.305200,0.371594,,150,tous,150,temoin,binaire,attitude
agents v8,colrac,150,0.120000,0.821328,0.571318,0.695604,,150,tous,150,temoin,binaire,attitude
C2,colrac,150,0.253333,0.821328,0.000000,0.000000,,150,tous,150,temoin,binaire,attitude
C3,colrac,150,0.253333,0.821328,0.000000,0.000000,,150,tous,150,temoin,binaire,attitude
B0 mode,colrac,150,0.253333,0.821328,0.000000,0.000000,,150,tous,150,temoin,binaire,attitude
B0 tirage,colrac,150,0.100000,0.821328,0.941819,1.146703,,150,tous,150,temoin,binaire,attitude
B1 argmax,colrac,150,0.140000,0.821328,0.514698,0.626666,,150,tous,150,temoin,binaire,attitude
B2 argmax,colrac,150,0.213333,0.821328,0.247101,0.300856,,150,tous,150,temoin,binaire,attitude
B3 foret,colrac,150,0.253333,0.821328,0.000000,0.000000,,150,tous,150,temoin,binaire,attitude
humains vague 2,colrac,150,0.006667,0.821328,0.810761,0.987135,,150,tous,150,temoin,binaire,attitude
agents composite,librac/y,150,0.133333,0.991947,0.886100,0.893294,,150,tous,150,non teste,binaire,attitude
agents entretien (v3),librac/y,150,0.226667,0.991947,0.929628,0.937175,,150,tous,150,non teste,binaire,attitude
agents enquete,librac/y,150,0.113333,0.991947,0.909190,0.916572,,150,tous,150,non teste,binaire,attitude
agents demographiques (v6),librac/y,150,0.333333,0.991947,0.788586,0.794988,,150,tous,150,non teste,binaire,attitude
agents v7,librac/y,150,0.413333,0.991947,0.622928,0.627986,,150,tous,150,non teste,binaire,attitude
agents v8,librac/y,150,0.153333,0.991947,0.983027,0.991007,,150,tous,150,non teste,binaire,attitude
C2,librac/y,150,0.433333,0.991947,0.000000,0.000000,,150,tous,150,non teste,binaire,attitude
C3,librac/y,150,0.313333,0.991947,0.534170,0.538507,,150,tous,150,non teste,binaire,attitude
B0 mode,librac/y,150,0.433333,0.991947,0.000000,0.000000,,150,tous,150,non teste,binaire,attitude
B0 tirage,librac/y,150,0.013333,0.991947,0.996586,1.004677,,150,tous,150,non teste,binaire,attitude
B1 argmax,librac/y,150,0.153333,0.991947,0.860260,0.867244,,150,tous,150,non teste,binaire,attitude
B2 argmax,librac/y,150,0.213333,0.991947,0.764976,0.771187,,150,tous,150,non teste,binaire,attitude
B3 foret,librac/y,150,0.193333,0.991947,0.799849,0.806343,,150,tous,150,non teste,binaire,attitude
humains vague 2,librac/y,150,0.006667,0.991947,0.994397,1.002470,,150,tous,150,non teste,binaire,attitude
agents composite,spkcom/y,150,0.073333,0.877797,0.764976,0.871473,0.073333,150,tous,150,non teste,binaire,attitude
agents entretien (v3),spkcom/y,150,0.080000,0.877797,0.752615,0.857391,0.080000,150,tous,150,non teste,binaire,attitude
agents enquete,spkcom/y,150,0.173333,0.877797,0.534170,0.608534,0.173333,150,tous,150,non teste,binaire,attitude
agents demographiques (v6),spkcom/y,149,0.152394,0.877797,0.591536,0.673886,0.152394,150,tous,150,non teste,binaire,attitude
agents v7,spkcom/y,150,0.226667,0.877797,0.358168,0.408031,0.226667,150,tous,150,non teste,binaire,attitude
agents v8,spkcom/y,149,0.105414,0.877797,0.701940,0.799661,0.105414,150,tous,150,non teste,binaire,attitude
C2,spkcom/y,150,0.280000,0.877797,0.106967,0.121858,0.280000,150,tous,150,non teste,binaire,attitude
C3,spkcom/y,150,0.073333,0.877797,0.764976,0.871473,0.073333,150,tous,150,non teste,binaire,attitude
B0 mode,spkcom/y,150,0.293333,0.877797,0.000000,0.000000,0.293333,150,tous,150,non teste,binaire,attitude
B0 tirage,spkcom/y,150,0.066667,0.877797,0.947492,1.079397,-0.066667,150,tous,150,non teste,binaire,attitude
B1 argmax,spkcom/y,150,0.240000,0.877797,0.305200,0.347689,0.240000,150,tous,150,non teste,binaire,attitude
B2 argmax,spkcom/y,150,0.160000,0.877797,0.571318,0.650855,0.160000,150,tous,150,non teste,binaire,attitude
B3 foret,spkcom/y,150,0.273333,0.877797,0.146250,0.166610,0.273333,150,tous,150,non teste,binaire,attitude
humains vague 2,spkcom/y,150,0.026667,0.877797,0.841450,0.958592,0.026667,150,tous,150,non teste,binaire,attitude
agents composite,colcom/y,150,0.093333,0.841450,0.670083,0.796343,0.093333,150,tous,150,non teste,binaire,attitude
agents entretien (v3),colcom/y,150,0.006667,0.841450,0.831555,0.988241,0.006667,150,tous,150,non teste,binaire,attitude
agents enquete,colcom/y,150,0.033333,0.841450,0.788586,0.937175,0.033333,150,tous,150,non teste,binaire,attitude
agents demographiques (v6),colcom/y,150,0.120000,0.841450,0.606244,0.720476,0.120000,150,tous,150,non teste,binaire,attitude
agents v7,colcom/y,150,0.200000,0.841450,0.358168,0.425656,0.200000,150,tous,150,non teste,binaire,attitude
agents v8,colcom/y,150,0.066667,0.841450,0.726737,0.863673,0.066667,150,tous,150,non teste,binaire,attitude
C2,colcom/y,150,0.066667,0.841450,0.726737,0.863673,0.066667,150,tous,150,non teste,binaire,attitude
C3,colcom/y,150,0.080000,0.841450,0.935865,1.112205,-0.080000,150,tous,150,non teste,binaire,attitude
B0 mode,colcom/y,150,0.266667,0.841450,0.000000,0.000000,0.266667,150,tous,150,non teste,binaire,attitude
B0 tirage,colcom/y,150,0.060000,0.841450,0.916293,1.088946,-0.060000,150,tous,150,non teste,binaire,attitude
B1 argmax,colcom/y,150,0.166667,0.841450,0.473805,0.563081,0.166667,150,tous,150,non teste,binaire,attitude
B2 argmax,colcom/y,150,0.173333,0.841450,0.452308,0.537534,0.173333,150,tous,150,non teste,binaire,attitude
B3 foret,colcom/y,150,0.260000,0.841450,0.062587,0.074380,0.260000,150,tous,150,non teste,binaire,attitude
humains vague 2,colcom/y,150,0.013333,0.841450,0.860260,1.022354,-0.013333,150,tous,150,non teste,binaire,attitude
agents composite,libcom/y,150,0.020000,0.764976,0.726737,0.950012,0.020000,150,tous,150,temoin,binaire,attitude
agents entretien (v3),libcom/y,150,0.153333,0.764976,0.358168,0.468208,0.153333,150,tous,150,temoin,binaire,attitude
agents enquete,libcom/y,150,0.106667,0.764976,0.514698,0.672829,0.106667,150,tous,150,temoin,binaire,attitude
agents demographiques (v6),libcom/y,150,0.100000,0.764976,0.534170,0.698283,0.100000,150,tous,150,temoin,binaire,attitude
agents v7,libcom/y,150,0.186667,0.764976,0.215651,0.281906,0.186667,150,tous,150,temoin,binaire,attitude
agents v8,libcom/y,150,0.160000,0.764976,0.332254,0.434332,0.160000,150,tous,150,temoin,binaire,attitude
C2,libcom/y,150,0.166667,0.764976,0.305200,0.398967,0.166667,150,tous,150,temoin,binaire,attitude
C3,libcom/y,150,0.046667,0.764976,0.670083,0.875952,0.046667,150,tous,150,temoin,binaire,attitude
B0 mode,libcom/y,150,0.220000,0.764976,0.000000,0.000000,0.220000,150,tous,150,temoin,binaire,attitude
B0 tirage,libcom/y,150,0.026667,0.764976,0.810761,1.059851,-0.026667,150,tous,150,temoin,binaire,attitude
B1 argmax,libcom/y,150,0.146667,0.764976,0.383051,0.500735,0.146667,150,tous,150,temoin,binaire,attitude
B2 argmax,libcom/y,150,0.173333,0.764976,0.276874,0.361938,0.173333,150,tous,150,temoin,binaire,attitude
B3 foret,libcom/y,150,0.213333,0.764976,0.062587,0.081816,0.213333,150,tous,150,temoin,binaire,attitude
humains vague 2,libcom/y,150,0.000000,0.764976,0.764976,1.000000,0.000000,150,tous,150,temoin,binaire,attitude
agents composite,spkhomo/y,150,0.020000,0.406988,0.473805,1.164173,-0.020000,150,tous,150,non teste,binaire,attitude
agents entretien (v3),spkhomo/y,150,0.006667,0.406988,0.430054,1.056673,-0.006667,150,tous,150,non teste,binaire,attitude
agents enquete,spkhomo/y,150,0.060000,0.406988,0.589048,1.447334,-0.060000,150,tous,150,non teste,binaire,attitude
agents demographiques (v6),spkhomo/y,150,0.040000,0.406988,0.247101,0.607146,0.040000,150,tous,150,non teste,binaire,attitude
agents v7,spkhomo/y,150,0.026667,0.406988,0.305200,0.749900,0.026667,150,tous,150,non teste,binaire,attitude
agents v8,spkhomo/y,150,0.080000,0.406988,0.639119,1.570361,-0.080000,150,tous,150,non teste,binaire,attitude
C2,spkhomo/y,150,0.080000,0.406988,0.000000,0.000000,0.080000,150,tous,150,non teste,binaire,attitude
C3,spkhomo/y,150,0.013333,0.406988,0.358168,0.880046,0.013333,150,tous,150,non teste,binaire,attitude
B0 mode,spkhomo/y,150,0.080000,0.406988,0.000000,0.000000,0.080000,150,tous,150,non teste,binaire,attitude
B0 tirage,spkhomo/y,150,0.020000,0.406988,0.332254,0.816372,0.020000,150,tous,150,non teste,binaire,attitude
B1 argmax,spkhomo/y,150,0.073333,0.406988,0.062587,0.153781,0.073333,150,tous,150,non teste,binaire,attitude
B2 argmax,spkhomo/y,150,0.080000,0.406988,0.000000,0.000000,0.080000,150,tous,150,non teste,binaire,attitude
B3 foret,spkhomo/y,150,0.080000,0.406988,0.000000,0.000000,0.080000,150,tous,150,non teste,binaire,attitude
humains vague 2,spkhomo/y,150,0.026667,0.406988,0.494588,1.215239,-0.026667,150,tous,150,non teste,binaire,attitude
agents composite,colhomo,150,0.173333,0.358168,0.799849,2.233166,-0.173333,150,tous,150,non teste,binaire,attitude
agents entretien (v3),colhomo,150,0.120000,0.358168,0.699255,1.952309,-0.120000,150,tous,150,non teste,binaire,attitude
agents enquete,colhomo,150,0.153333,0.358168,0.764976,2.135802,-0.153333,150,tous,150,non teste,binaire,attitude
agents demographiques (v6),colhomo,150,0.033333,0.358168,0.473805,1.322855,-0.033333,150,tous,150,non teste,binaire,attitude
agents v7,colhomo,150,0.006667,0.358168,0.332254,0.927647,0.006667,150,tous,150,non teste,binaire,attitude
agents v8,colhomo,150,0.133333,0.358168,0.726737,2.029038,-0.133333,150,tous,150,non teste,binaire,attitude
C2,colhomo,150,0.073333,0.358168,0.589048,1.644612,-0.073333,150,tous,150,non teste,binaire,attitude
C3,colhomo,150,0.060000,0.358168,0.553034,1.544062,-0.060000,150,tous,150,non teste,binaire,attitude
B0 mode,colhomo,150,0.066667,0.358168,0.000000,0.000000,0.066667,150,tous,150,non teste,binaire,attitude
B0 tirage,colhomo,150,0.013333,0.358168,0.305200,0.852114,0.013333,150,tous,150,non teste,binaire,attitude
B1 argmax,colhomo,150,0.066667,0.358168,0.000000,0.000000,0.066667,150,tous,150,non teste,binaire,attitude
B2 argmax,colhomo,150,0.066667,0.358168,0.000000,0.000000,0.066667,150,tous,150,non teste,binaire,attitude
B3 foret,colhomo,150,0.066667,0.358168,0.000000,0.000000,0.066667,150,tous,150,non teste,binaire,attitude
humains vague 2,colhomo,150,0.000000,0.358168,0.358168,1.000000,0.000000,150,tous,150,non teste,binaire,attitude
agents composite,libhomo/y,150,0.053333,0.589048,0.713202,1.210770,-0.053333,150,tous,150,non teste,binaire,attitude
agents entretien (v3),libhomo/y,150,0.006667,0.589048,0.606244,1.029194,-0.006667,150,tous,150,non teste,binaire,attitude
agents enquete,libhomo/y,150,0.020000,0.589048,0.639119,1.085003,-0.020000,150,tous,150,non teste,binaire,attitude
agents demographiques (v6),libhomo/y,150,0.046667,0.589048,0.452308,0.767863,0.046667,150,tous,150,non teste,binaire,attitude
agents v7,libhomo/y,150,0.086667,0.589048,0.305200,0.518125,0.086667,150,tous,150,non teste,binaire,attitude
agents v8,libhomo/y,150,0.046667,0.589048,0.699255,1.187094,-0.046667,150,tous,150,non teste,binaire,attitude
C2,libhomo/y,150,0.133333,0.589048,0.062587,0.106251,0.133333,150,tous,150,non teste,binaire,attitude
C3,libhomo/y,150,0.126667,0.589048,0.106967,0.181593,0.126667,150,tous,150,non teste,binaire,attitude
B0 mode,libhomo/y,150,0.140000,0.589048,0.000000,0.000000,0.140000,150,tous,150,non teste,binaire,attitude
B0 tirage,libhomo/y,150,0.026667,0.589048,0.514698,0.873780,0.026667,150,tous,150,non teste,binaire,attitude
B1 argmax,libhomo/y,150,0.120000,0.589048,0.146250,0.248281,0.120000,150,tous,150,non teste,binaire,attitude
B2 argmax,libhomo/y,150,0.133333,0.589048,0.062587,0.106251,0.133333,150,tous,150,non teste,binaire,attitude
B3 foret,libhomo/y,150,0.140000,0.589048,0.000000,0.000000,0.140000,150,tous,150,non teste,binaire,attitude
humains vague 2,libhomo/y,150,0.006667,0.589048,0.606244,1.029194,-0.006667,150,tous,150,non teste,binaire,attitude
agents composite,cappun,150,0.013333,1.003655,1.004681,1.001022,,150,tous,150,temoin,binaire,attitude
agents entretien (v3),cappun,150,0.086667,1.003655,0.991947,0.988335,,150,tous,150,temoin,binaire,attitude
agents enquete,cappun,150,0.046667,1.003655,1.002756,0.999105,,150,tous,150,temoin,binaire,attitude
agents demographiques (v6),cappun,150,0.193333,1.003655,0.916293,0.912957,,150,tous,150,temoin,binaire,attitude
agents v7,cappun,150,0.320000,1.003655,0.726737,0.724091,,150,tous,150,temoin,binaire,attitude
agents v8,cappun,150,0.066667,1.003655,0.998516,0.994880,,150,tous,150,temoin,binaire,attitude
C2,cappun,150,0.340000,1.003655,0.684886,0.682392,,150,tous,150,temoin,binaire,attitude
C3,cappun,150,0.073333,1.003655,0.996586,0.992957,,150,tous,150,temoin,binaire,attitude
B0 mode,cappun,150,0.480000,1.003655,0.000000,0.000000,,150,tous,150,temoin,binaire,attitude
B0 tirage,cappun,150,0.166667,1.003655,0.901793,0.898509,,150,tous,150,temoin,binaire,attitude
B1 argmax,cappun,150,0.146667,1.003655,0.923105,0.919744,,150,tous,150,temoin,binaire,attitude
B2 argmax,cappun,150,0.106667,1.003655,0.958006,0.954518,,150,tous,150,temoin,binaire,attitude
B3 foret,cappun,150,0.206667,1.003655,0.851016,0.847917,,150,tous,150,temoin,binaire,attitude
humains vague 2,cappun,150,0.026667,1.003655,0.998516,0.994880,,150,tous,150,temoin,binaire,attitude
agents composite,polhitok/y,150,0.046667,0.952887,0.909190,0.954143,-0.046667,150,tous,150,temoin,binaire,attitude
agents entretien (v3),polhitok/y,150,0.200000,0.952887,0.654831,0.687208,-0.200000,150,tous,150,temoin,binaire,attitude
agents enquete,polhitok/y,150,0.066667,0.952887,0.886100,0.929911,-0.066667,150,tous,150,temoin,binaire,attitude
agents demographiques (v6),polhitok/y,150,0.340000,0.952887,0.182198,0.191207,-0.340000,150,tous,150,temoin,binaire,attitude
agents v7,polhitok/y,149,0.212304,0.952887,0.625492,0.656417,-0.212304,150,tous,150,temoin,binaire,attitude
agents v8,polhitok/y,149,0.219016,0.952887,0.608772,0.638871,-0.219016,150,tous,150,temoin,binaire,attitude
C2,polhitok/y,150,0.633333,0.952887,0.000000,0.000000,0.633333,150,tous,150,temoin,binaire,attitude
C3,polhitok/y,150,0.573333,0.952887,0.332254,0.348681,0.573333,150,tous,150,temoin,binaire,attitude
B0 mode,polhitok/y,150,0.366667,0.952887,0.000000,0.000000,-0.366667,150,tous,150,temoin,binaire,attitude
B0 tirage,polhitok/y,150,0.066667,0.952887,0.886100,0.929911,-0.066667,150,tous,150,temoin,binaire,attitude
B1 argmax,polhitok/y,150,0.186667,0.952887,0.684886,0.718748,-0.186667,150,tous,150,temoin,binaire,attitude
B2 argmax,polhitok/y,150,0.293333,0.952887,0.383051,0.401989,-0.293333,150,tous,150,temoin,binaire,attitude
B3 foret,polhitok/y,150,0.253333,0.952887,0.514698,0.540146,-0.253333,150,tous,150,temoin,binaire,attitude
humains vague 2,polhitok/y,150,0.006667,0.952887,0.947492,0.994338,-0.006667,150,tous,150,temoin,binaire,attitude
agents composite,polabuse/y,150,0.140000,0.332254,0.726737,2.187294,-0.140000,150,tous,150,sensible,binaire,attitude
agents entretien (v3),polabuse/y,150,0.060000,0.332254,0.000000,0.000000,0.060000,150,tous,150,sensible,binaire,attitude
agents enquete,polabuse/y,150,0.033333,0.332254,0.182198,0.548371,0.033333,150,tous,150,sensible,binaire,attitude
agents demographiques (v6),polabuse/y,150,0.046667,0.332254,0.106967,0.321944,0.046667,150,tous,150,sensible,binaire,attitude
agents v7,polabuse/y,149,0.053289,0.332254,0.062942,0.189439,0.053289,150,tous,150,sensible,binaire,attitude
agents v8,polabuse/y,149,0.060000,0.332254,0.000000,0.000000,0.060000,150,tous,150,sensible,binaire,attitude
C2,polabuse/y,150,0.413333,0.332254,1.002756,3.018042,-0.413333,150,tous,150,sensible,binaire,attitude
C3,polabuse/y,150,0.273333,0.332254,0.923105,2.778311,-0.273333,150,tous,150,sensible,binaire,attitude
B0 mode,polabuse/y,150,0.060000,0.332254,0.000000,0.000000,0.060000,150,tous,150,sensible,binaire,attitude
B0 tirage,polabuse/y,150,0.006667,0.332254,0.305200,0.918576,0.006667,150,tous,150,sensible,binaire,attitude
B1 argmax,polabuse/y,150,0.060000,0.332254,0.000000,0.000000,0.060000,150,tous,150,sensible,binaire,attitude
B2 argmax,polabuse/y,150,0.060000,0.332254,0.000000,0.000000,0.060000,150,tous,150,sensible,binaire,attitude
B3 foret,polabuse/y,150,0.060000,0.332254,0.000000,0.000000,0.060000,150,tous,150,sensible,binaire,attitude
humains vague 2,polabuse/y,150,0.006667,0.332254,0.305200,0.918576,0.006667,150,tous,150,sensible,binaire,attitude
agents composite,polattak/y,150,0.413333,0.975760,0.699255,0.716626,,150,tous,150,sensible,binaire,attitude
agents entretien (v3),polattak/y,150,0.393333,0.975760,0.062587,0.064142,,150,tous,150,sensible,binaire,attitude
agents enquete,polattak/y,150,0.400000,0.975760,0.000000,0.000000,,150,tous,150,sensible,binaire,attitude
agents demographiques (v6),polattak/y,150,0.400000,0.975760,0.000000,0.000000,,150,tous,150,sensible,binaire,attitude
agents v7,polattak/y,149,0.400000,0.975760,0.000000,0.000000,,150,tous,150,sensible,binaire,attitude
agents v8,polattak/y,149,0.393289,0.975760,0.062942,0.064506,,150,tous,150,sensible,binaire,attitude
C2,polattak/y,150,0.246667,0.975760,0.941819,0.965216,,150,tous,150,sensible,binaire,attitude
C3,polattak/y,150,0.433333,0.975760,0.654831,0.671099,,150,tous,150,sensible,binaire,attitude
B0 mode,polattak/y,150,0.400000,0.975760,0.000000,0.000000,,150,tous,150,sensible,binaire,attitude
B0 tirage,polattak/y,150,0.100000,0.975760,0.886100,0.908113,,150,tous,150,sensible,binaire,attitude
B1 argmax,polattak/y,150,0.306667,0.975760,0.452308,0.463545,,150,tous,150,sensible,binaire,attitude
B2 argmax,polattak/y,150,0.340000,0.975760,0.332254,0.340508,,150,tous,150,sensible,binaire,attitude
B3 foret,polattak/y,150,0.373333,0.975760,0.182198,0.186725,,150,tous,150,sensible,binaire,attitude
humains vague 2,polattak/y,150,0.066667,0.975760,0.923105,0.946037,,150,tous,150,sensible,binaire,attitude
agents composite,grass,150,0.073333,0.841450,0.929628,1.104793,,150,tous,150,non teste,binaire,attitude
agents entretien (v3),grass,150,0.026667,0.841450,0.877797,1.043196,,150,tous,150,non teste,binaire,attitude
agents enquete,grass,150,0.100000,0.841450,0.952887,1.132435,,150,tous,150,non teste,binaire,attitude
agents demographiques (v6),grass,150,0.020000,0.841450,0.810761,0.963529,,150,tous,150,non teste,binaire,attitude
agents v7,grass,150,0.106667,0.841450,0.639119,0.759545,,150,tous,150,non teste,binaire,attitude
agents v8,grass,150,0.000000,0.841450,0.841450,1.000000,,150,tous,150,non teste,binaire,attitude
C2,grass,150,0.073333,0.841450,0.713202,0.847587,,150,tous,150,non teste,binaire,attitude
C3,grass,150,0.046667,0.841450,0.901793,1.071713,,150,tous,150,non teste,binaire,attitude
B0 mode,grass,150,0.266667,0.841450,0.000000,0.000000,,150,tous,150,non teste,binaire,attitude
B0 tirage,grass,150,0.033333,0.841450,0.788586,0.937175,,150,tous,150,non teste,binaire,attitude
B1 argmax,grass,150,0.180000,0.841450,0.430054,0.511087,,150,tous,150,non teste,binaire,attitude
B2 argmax,grass,150,0.193333,0.841450,0.383051,0.455227,,150,tous,150,non teste,binaire,attitude
B3 foret,grass,150,0.260000,0.841450,0.062587,0.074380,,150,tous,150,non teste,binaire,attitude
humains vague 2,grass,150,0.000000,0.841450,0.841450,1.000000,,150,tous,150,non teste,binaire,attitude
agents composite,gunlaw,150,0.086667,0.929628,0.989236,1.064121,,150,tous,150,temoin,binaire,attitude
agents entretien (v3),gunlaw,150,0.013333,0.929628,0.941819,1.013114,,150,tous,150,temoin,binaire,attitude
agents enquete,gunlaw,150,0.040000,0.929628,0.886100,0.953177,,150,tous,150,temoin,binaire,attitude
agents demographiques (v6),gunlaw,149,0.252752,0.929628,0.432059,0.464766,,150,tous,150,temoin,binaire,attitude
agents v7,gunlaw,149,0.219195,0.929628,0.536513,0.577126,,150,tous,150,temoin,binaire,attitude
agents v8,gunlaw,150,0.006667,0.929628,0.923105,0.992983,,150,tous,150,temoin,binaire,attitude
C2,gunlaw,150,0.653333,0.929628,0.062587,0.067325,,150,tous,150,temoin,binaire,attitude
C3,gunlaw,150,0.653333,0.929628,0.062587,0.067325,,150,tous,150,temoin,binaire,attitude
B0 mode,gunlaw,150,0.340000,0.929628,0.000000,0.000000,,150,tous,150,temoin,binaire,attitude
B0 tirage,gunlaw,150,0.033333,0.929628,0.958006,1.030527,,150,tous,150,temoin,binaire,attitude
B1 argmax,gunlaw,150,0.146667,0.929628,0.713202,0.767191,,150,tous,150,temoin,binaire,attitude
B2 argmax,gunlaw,150,0.273333,0.929628,0.358168,0.385281,,150,tous,150,temoin,binaire,attitude
B3 foret,gunlaw,150,0.260000,0.929628,0.406988,0.437797,,150,tous,150,temoin,binaire,attitude
humains vague 2,gunlaw,150,0.040000,0.929628,0.886100,0.953177,,150,tous,150,temoin,binaire,attitude
agents composite,owngun,150,0.013333,0.764976,0.788586,1.030863,,150,tous,150,temoin,binaire,comportement
agents entretien (v3),owngun,150,0.073333,0.764976,0.606244,0.792501,,150,tous,150,temoin,binaire,comportement
agents enquete,owngun,150,0.073333,0.764976,0.877797,1.147483,,150,tous,150,temoin,binaire,comportement
agents demographiques (v6),owngun,149,0.179732,0.764976,0.248363,0.324667,,150,tous,150,temoin,binaire,comportement
agents v7,owngun,150,0.040000,0.764976,0.684886,0.895303,,150,tous,150,temoin,binaire,comportement
agents v8,owngun,150,0.166667,0.764976,0.967424,1.264645,,150,tous,150,temoin,binaire,comportement
C2,owngun,150,0.093333,0.764976,0.901793,1.178850,,150,tous,150,temoin,binaire,comportement
C3,owngun,150,0.080000,0.764976,0.589048,0.770021,,150,tous,150,temoin,binaire,comportement
B0 mode,owngun,150,0.220000,0.764976,0.000000,0.000000,,150,tous,150,temoin,binaire,comportement
B0 tirage,owngun,150,0.060000,0.764976,0.860260,1.124557,,150,tous,150,temoin,binaire,comportement
B1 argmax,owngun,150,0.060000,0.764976,0.639119,0.835475,,150,tous,150,temoin,binaire,comportement
B2 argmax,owngun,150,0.200000,0.764976,0.146250,0.191182,,150,tous,150,temoin,binaire,comportement
B3 foret,owngun,150,0.180000,0.764976,0.247101,0.323018,,150,tous,150,temoin,binaire,comportement
humains vague 2,owngun,150,0.013333,0.764976,0.788586,1.030863,,150,tous,150,temoin,binaire,comportement
agents composite,hunt1,150,0.073333,0.519060,0.062587,0.120577,,150,tous,150,non teste,nominal,comportement
agents entretien (v3),hunt1,150,0.066667,0.519060,0.125109,0.241031,,150,tous,150,non teste,nominal,comportement
agents enquete,hunt1,150,0.053333,0.519060,0.182198,0.351016,,150,tous,150,non teste,nominal,comportement
agents demographiques (v6),hunt1,150,0.080000,0.519060,0.000000,0.000000,,150,tous,150,non teste,nominal,comportement
agents v7,hunt1,149,0.039732,0.519060,0.290183,0.559054,,150,tous,150,non teste,nominal,comportement
agents v8,hunt1,149,0.087785,0.519060,0.897162,1.728437,,150,tous,150,non teste,nominal,comportement
C2,hunt1,150,0.246667,0.519060,1.233999,2.377374,,150,tous,150,non teste,nominal,comportement
C3,hunt1,150,0.026667,0.519060,0.338999,0.653103,,150,tous,150,non teste,nominal,comportement
B0 mode,hunt1,150,0.080000,0.519060,0.000000,0.000000,,150,tous,150,non teste,nominal,comportement
B0 tirage,hunt1,150,0.026667,0.519060,0.507994,0.978681,,150,tous,150,non teste,nominal,comportement
B1 argmax,hunt1,150,0.073333,0.519060,0.062587,0.120577,,150,tous,150,non teste,nominal,comportement
B2 argmax,hunt1,150,0.080000,0.519060,0.000000,0.000000,,150,tous,150,non teste,nominal,comportement
B3 foret,hunt1,150,0.080000,0.519060,0.000000,0.000000,,150,tous,150,non teste,nominal,comportement
humains vague 2,hunt1,150,0.046667,0.519060,0.747818,1.440717,,150,tous,150,non teste,nominal,comportement
agents composite,class,150,0.055556,1.650634,1.498678,0.907941,,150,tous,150,non teste,ordinal 3 et plus,auto evaluation
agents entretien (v3),class,150,0.060000,1.650634,1.439753,0.872242,,150,tous,150,non teste,ordinal 3 et plus,auto evaluation
agents enquete,class,150,0.080000,1.650634,1.350700,0.818292,,150,tous,150,non teste,ordinal 3 et plus,auto evaluation
agents demographiques (v6),class,149,0.016048,1.650634,1.502090,0.910008,,150,tous,150,non teste,ordinal 3 et plus,auto evaluation
agents v7,class,150,0.204444,1.650634,0.848520,0.514057,,150,tous,150,non teste,ordinal 3 et plus,auto evaluation
agents v8,class,150,0.271111,1.650634,0.106967,0.064804,,150,tous,150,non teste,ordinal 3 et plus,auto evaluation
C2,class,150,0.191111,1.650634,0.927080,0.561651,,150,tous,150,non teste,ordinal 3 et plus,auto evaluation
C3,class,150,0.151111,1.650634,1.114382,0.675124,,150,tous,150,non teste,ordinal 3 et plus,auto evaluation
B0 mode,class,150,0.195556,1.650634,0.000000,0.000000,,150,tous,150,non teste,ordinal 3 et plus,auto evaluation
B0 tirage,class,150,0.017778,1.650634,1.599443,0.968987,,150,tous,150,non teste,ordinal 3 et plus,auto evaluation
B1 argmax,class,150,0.028889,1.650634,1.474063,0.893029,,150,tous,150,non teste,ordinal 3 et plus,auto evaluation
B2 argmax,class,150,0.060000,1.650634,1.289567,0.781255,,150,tous,150,non teste,ordinal 3 et plus,auto evaluation
B3 foret,class,150,0.046667,1.650634,1.405270,0.851351,,150,tous,150,non teste,ordinal 3 et plus,auto evaluation
humains vague 2,class,150,0.013333,1.650634,1.583188,0.959139,,150,tous,150,non teste,ordinal 3 et plus,auto evaluation
agents composite,satfin,150,0.056667,1.556557,1.572533,1.010264,0.056667,150,tous,150,temoin,ordinal 3 et plus,auto evaluation
agents entretien (v3),satfin,149,0.050089,1.556557,1.530586,0.983315,0.050089,150,tous,150,temoin,ordinal 3 et plus,auto evaluation
agents enquete,satfin,148,0.100901,1.556557,1.267408,0.814238,-0.044414,150,tous,150,temoin,ordinal 3 et plus,auto evaluation
agents demographiques (v6),satfin,150,0.193333,1.556557,0.730832,0.469518,-0.046667,150,tous,150,temoin,ordinal 3 et plus,auto evaluation
agents v7,satfin,150,0.206667,1.556557,0.743562,0.477696,0.080000,150,tous,150,temoin,ordinal 3 et plus,auto evaluation
agents v8,satfin,150,0.230000,1.556557,0.494588,0.317745,0.090000,150,tous,150,temoin,ordinal 3 et plus,auto evaluation
C2,satfin,150,0.346667,1.556557,1.063737,0.683391,0.346667,150,tous,150,temoin,ordinal 3 et plus,auto evaluation
C3,satfin,150,0.160000,1.556557,1.013000,0.650795,0.100000,150,tous,150,temoin,ordinal 3 et plus,auto evaluation
B0 mode,satfin,150,0.283333,1.556557,0.000000,0.000000,0.036667,150,tous,150,temoin,ordinal 3 et plus,auto evaluation
B0 tirage,satfin,150,0.023333,1.556557,1.566483,1.006377,0.023333,150,tous,150,temoin,ordinal 3 et plus,auto evaluation
B1 argmax,satfin,150,0.050000,1.556557,1.501783,0.964810,0.050000,150,tous,150,temoin,ordinal 3 et plus,auto evaluation
B2 argmax,satfin,150,0.073333,1.556557,1.407324,0.904126,0.013333,150,tous,150,temoin,ordinal 3 et plus,auto evaluation
B3 foret,satfin,150,0.103333,1.556557,1.299370,0.834771,0.076667,150,tous,150,temoin,ordinal 3 et plus,auto evaluation
humains vague 2,satfin,150,0.016667,1.556557,1.560434,1.002491,-0.016667,150,tous,150,temoin,ordinal 3 et plus,auto evaluation
agents composite,finalter,150,0.113333,1.581880,1.331696,0.841844,-0.113333,150,tous,150,temoin,ordinal 3 et plus,auto evaluation
agents entretien (v3),finalter,149,0.067226,1.581880,1.485631,0.939156,-0.067226,150,tous,150,temoin,ordinal 3 et plus,auto evaluation
agents enquete,finalter,150,0.086667,1.581880,1.396869,0.883044,-0.053333,150,tous,150,temoin,ordinal 3 et plus,auto evaluation
agents demographiques (v6),finalter,150,0.193333,1.581880,0.982590,0.621154,-0.006667,150,tous,150,temoin,ordinal 3 et plus,auto evaluation
agents v7,finalter,150,0.186667,1.581880,0.985289,0.622860,0.073333,150,tous,150,temoin,ordinal 3 et plus,auto evaluation
agents v8,finalter,150,0.240000,1.581880,0.553034,0.349606,0.080000,150,tous,150,temoin,ordinal 3 et plus,auto evaluation
C2,finalter,150,0.053333,1.581880,1.486217,0.939526,-0.046667,150,tous,150,temoin,ordinal 3 et plus,auto evaluation
C3,finalter,150,0.253333,1.581880,1.198062,0.757366,-0.253333,150,tous,150,temoin,ordinal 3 et plus,auto evaluation
B0 mode,finalter,150,0.303333,1.581880,0.000000,0.000000,0.016667,150,tous,150,temoin,ordinal 3 et plus,auto evaluation
B0 tirage,finalter,150,0.030000,1.581880,1.579417,0.998443,-0.030000,150,tous,150,temoin,ordinal 3 et plus,auto evaluation
B1 argmax,finalter,150,0.063333,1.581880,1.481763,0.936710,-0.016667,150,tous,150,temoin,ordinal 3 et plus,auto evaluation
B2 argmax,finalter,150,0.130000,1.581880,1.221917,0.772446,-0.070000,150,tous,150,temoin,ordinal 3 et plus,auto evaluation
B3 foret,finalter,150,0.126667,1.581880,1.299870,0.821725,0.013333,150,tous,150,temoin,ordinal 3 et plus,auto evaluation
humains vague 2,finalter,150,0.040000,1.581880,1.580610,0.999197,-0.040000,150,tous,150,temoin,ordinal 3 et plus,auto evaluation
agents composite,finrela,150,0.031667,2.015734,2.031202,1.007674,0.028333,150,tous,150,temoin,ordinal 3 et plus,auto evaluation
agents entretien (v3),finrela,150,0.040000,2.015734,2.037345,1.010721,0.020000,150,tous,150,temoin,ordinal 3 et plus,auto evaluation
agents enquete,finrela,150,0.041667,2.015734,1.728895,0.857700,-0.018333,150,tous,150,temoin,ordinal 3 et plus,auto evaluation
agents demographiques (v6),finrela,149,0.128098,2.015734,1.770298,0.878240,-0.128098,150,tous,150,temoin,ordinal 3 et plus,auto evaluation
agents v7,finrela,150,0.131667,2.015734,1.101267,0.546336,0.098333,150,tous,150,temoin,ordinal 3 et plus,auto evaluation
agents v8,finrela,150,0.155000,2.015734,0.622928,0.309033,0.125000,150,tous,150,temoin,ordinal 3 et plus,auto evaluation
C2,finrela,150,0.156667,2.015734,1.963320,0.973998,0.156667,150,tous,150,temoin,ordinal 3 et plus,auto evaluation
C3,finrela,150,0.033333,2.015734,1.836311,0.910989,0.016667,150,tous,150,temoin,ordinal 3 et plus,auto evaluation
B0 mode,finrela,150,0.193333,2.015734,0.000000,0.000000,0.086667,150,tous,150,temoin,ordinal 3 et plus,auto evaluation
B0 tirage,finrela,150,0.038333,2.015734,2.069174,1.026512,0.018333,150,tous,150,temoin,ordinal 3 et plus,auto evaluation
B1 argmax,finrela,150,0.056667,2.015734,1.680434,0.833658,0.020000,150,tous,150,temoin,ordinal 3 et plus,auto evaluation
B2 argmax,finrela,150,0.080000,2.015734,1.277410,0.633719,-0.016667,150,tous,150,temoin,ordinal 3 et plus,auto evaluation
B3 foret,finrela,150,0.103333,2.015734,1.301167,0.645505,0.033333,150,tous,150,temoin,ordinal 3 et plus,auto evaluation
humains vague 2,finrela,150,0.011667,2.015734,1.956870,0.970798,0.001667,150,tous,150,temoin,ordinal 3 et plus,auto evaluation
agents composite,racdif1,150,0.126667,0.994397,0.991947,0.997536,-0.126667,150,tous,150,temoin,binaire,attitude
agents entretien (v3),racdif1,149,0.010470,0.994397,0.990465,0.996046,0.010470,150,tous,150,temoin,binaire,attitude
agents enquete,racdif1,150,0.020000,0.994397,1.000187,1.005824,-0.020000,150,tous,150,temoin,binaire,attitude
agents demographiques (v6),racdif1,150,0.326667,0.994397,0.514698,0.517598,0.326667,150,tous,150,temoin,binaire,attitude
agents v7,racdif1,150,0.393333,0.994397,0.276874,0.278434,0.393333,150,tous,150,temoin,binaire,attitude
agents v8,racdif1,150,0.100000,0.994397,0.929628,0.934866,0.100000,150,tous,150,temoin,binaire,attitude
C2,racdif1,150,0.113333,0.994397,0.996586,1.002202,-0.113333,150,tous,150,temoin,binaire,attitude
C3,racdif1,150,0.200000,0.994397,0.947492,0.952831,-0.200000,150,tous,150,temoin,binaire,attitude
B0 mode,racdif1,150,0.440000,0.994397,0.000000,0.000000,0.440000,150,tous,150,temoin,binaire,attitude
B0 tirage,racdif1,150,0.073333,0.994397,1.004296,1.009955,-0.073333,150,tous,150,temoin,binaire,attitude
B1 argmax,racdif1,150,0.026667,0.994397,0.983027,0.988566,0.026667,150,tous,150,temoin,binaire,attitude
B2 argmax,racdif1,150,0.046667,0.994397,0.971726,0.977202,0.046667,150,tous,150,temoin,binaire,attitude
B3 foret,racdif1,150,0.033333,0.994397,0.979526,0.985046,0.033333,150,tous,150,temoin,binaire,attitude
humains vague 2,racdif1,150,0.013333,0.994397,0.998516,1.004143,-0.013333,150,tous,150,temoin,binaire,attitude
agents composite,racdif2,150,0.006667,0.332254,0.305200,0.918576,0.006667,150,tous,150,temoin,binaire,attitude
agents entretien (v3),racdif2,149,0.053289,0.332254,0.062942,0.189439,0.053289,150,tous,150,temoin,binaire,attitude
agents enquete,racdif2,150,0.040000,0.332254,0.146250,0.440174,0.040000,150,tous,150,temoin,binaire,attitude
agents demographiques (v6),racdif2,150,0.060000,0.332254,0.000000,0.000000,0.060000,150,tous,150,temoin,binaire,attitude
agents v7,racdif2,150,0.060000,0.332254,0.000000,0.000000,0.060000,150,tous,150,temoin,binaire,attitude
agents v8,racdif2,150,0.060000,0.332254,0.000000,0.000000,0.060000,150,tous,150,temoin,binaire,attitude
C2,racdif2,150,0.060000,0.332254,0.000000,0.000000,0.060000,150,tous,150,temoin,binaire,attitude
C3,racdif2,150,0.060000,0.332254,0.000000,0.000000,0.060000,150,tous,150,temoin,binaire,attitude
B0 mode,racdif2,150,0.060000,0.332254,0.000000,0.000000,0.060000,150,tous,150,temoin,binaire,attitude
B0 tirage,racdif2,150,0.006667,0.332254,0.358168,1.077996,-0.006667,150,tous,150,temoin,binaire,attitude
B1 argmax,racdif2,150,0.060000,0.332254,0.000000,0.000000,0.060000,150,tous,150,temoin,binaire,attitude
B2 argmax,racdif2,150,0.060000,0.332254,0.000000,0.000000,0.060000,150,tous,150,temoin,binaire,attitude
B3 foret,racdif2,150,0.060000,0.332254,0.000000,0.000000,0.060000,150,tous,150,temoin,binaire,attitude
humains vague 2,racdif2,150,0.020000,0.332254,0.406988,1.224931,-0.020000,150,tous,150,temoin,binaire,attitude
agents composite,racdif3,150,0.066667,1.004681,0.994397,0.989764,-0.066667,150,tous,150,temoin,binaire,attitude
agents entretien (v3),racdif3,150,0.106667,1.004681,0.967424,0.962917,0.106667,150,tous,150,temoin,binaire,attitude
agents enquete,racdif3,149,0.130917,1.004681,0.949512,0.945088,0.130917,150,tous,150,temoin,binaire,attitude
agents demographiques (v6),racdif3,149,0.493333,1.004681,0.000000,0.000000,0.493333,150,tous,150,temoin,binaire,attitude
agents v7,racdif3,150,0.460000,1.004681,0.215651,0.214647,0.460000,150,tous,150,temoin,binaire,attitude
agents v8,racdif3,150,0.200000,1.004681,0.877797,0.873708,0.200000,150,tous,150,temoin,binaire,attitude
C2,racdif3,150,0.360000,1.004681,0.606244,0.603420,-0.360000,150,tous,150,temoin,binaire,attitude
C3,racdif3,150,0.466667,1.004681,0.247101,0.245950,-0.466667,150,tous,150,temoin,binaire,attitude
B0 mode,racdif3,150,0.306667,1.004681,0.726737,0.723351,-0.306667,150,tous,150,temoin,binaire,attitude
B0 tirage,racdif3,150,0.120000,1.004681,0.958006,0.953543,0.120000,150,tous,150,temoin,binaire,attitude
B1 argmax,racdif3,150,0.013333,1.004681,1.003655,0.998979,0.013333,150,tous,150,temoin,binaire,attitude
B2 argmax,racdif3,150,0.066667,1.004681,0.989236,0.984627,0.066667,150,tous,150,temoin,binaire,attitude
B3 foret,racdif3,150,0.040000,1.004681,0.998516,0.993864,0.040000,150,tous,150,temoin,binaire,attitude
humains vague 2,racdif3,150,0.020000,1.004681,1.004296,0.999617,-0.020000,150,tous,150,temoin,binaire,attitude
agents composite,racdif4,150,0.080000,0.841450,0.699255,0.831012,0.080000,150,tous,150,temoin,binaire,attitude
agents entretien (v3),racdif4,150,0.040000,0.841450,0.776964,0.923364,0.040000,150,tous,150,temoin,binaire,attitude
agents enquete,racdif4,149,0.062192,0.841450,0.918598,1.091685,-0.062192,150,tous,150,temoin,binaire,attitude
agents demographiques (v6),racdif4,149,0.266667,0.841450,0.000000,0.000000,0.266667,150,tous,150,temoin,binaire,attitude
agents v7,racdif4,150,0.226667,0.841450,0.247101,0.293661,0.226667,150,tous,150,temoin,binaire,attitude
agents v8,racdif4,150,0.006667,0.841450,0.831555,0.988241,0.006667,150,tous,150,temoin,binaire,attitude
C2,racdif4,150,0.266667,0.841450,0.000000,0.000000,0.266667,150,tous,150,temoin,binaire,attitude
C3,racdif4,150,0.253333,0.841450,0.106967,0.127122,0.253333,150,tous,150,temoin,binaire,attitude
B0 mode,racdif4,150,0.266667,0.841450,0.000000,0.000000,0.266667,150,tous,150,temoin,binaire,attitude
B0 tirage,racdif4,150,0.040000,0.841450,0.776964,0.923364,0.040000,150,tous,150,temoin,binaire,attitude
B1 argmax,racdif4,150,0.126667,0.841450,0.589048,0.700039,0.126667,150,tous,150,temoin,binaire,attitude
B2 argmax,racdif4,150,0.133333,0.841450,0.571318,0.678969,0.133333,150,tous,150,temoin,binaire,attitude
B3 foret,racdif4,150,0.186667,0.841450,0.406988,0.483675,0.186667,150,tous,150,temoin,binaire,attitude
humains vague 2,racdif4,150,0.093333,0.841450,0.947492,1.126024,-0.093333,150,tous,150,temoin,binaire,attitude
agents composite,wlthwhts,150,0.057778,1.693003,0.856354,0.505820,,150,tous,150,non teste,ordinal 3 et plus,attitude
agents entretien (v3),wlthwhts,150,0.102222,1.693003,1.196297,0.706613,,150,tous,150,non teste,ordinal 3 et plus,attitude
agents enquete,wlthwhts,149,0.089650,1.693003,1.082832,0.639593,,150,tous,150,non teste,ordinal 3 et plus,attitude
agents demographiques (v6),wlthwhts,149,0.114437,1.693003,0.873424,0.515902,,150,tous,150,non teste,ordinal 3 et plus,attitude
agents v7,wlthwhts,149,0.109963,1.693003,1.027567,0.606949,,150,tous,150,non teste,ordinal 3 et plus,attitude
agents v8,wlthwhts,150,0.130000,1.693003,1.134801,0.670289,,150,tous,150,non teste,ordinal 3 et plus,attitude
C2,wlthwhts,150,0.091111,1.693003,0.483651,0.285676,,150,tous,150,non teste,ordinal 3 et plus,attitude
C3,wlthwhts,150,0.077778,1.693003,1.558278,0.920423,,150,tous,150,non teste,ordinal 3 et plus,attitude
B0 mode,wlthwhts,150,0.091111,1.693003,0.000000,0.000000,,150,tous,150,non teste,ordinal 3 et plus,attitude
B0 tirage,wlthwhts,150,0.021111,1.693003,1.546245,0.913315,,150,tous,150,non teste,ordinal 3 et plus,attitude
B1 argmax,wlthwhts,150,0.051111,1.693003,0.931724,0.550338,,150,tous,150,non teste,ordinal 3 et plus,attitude
B2 argmax,wlthwhts,150,0.077778,1.693003,0.406988,0.240394,,150,tous,150,non teste,ordinal 3 et plus,attitude
B3 foret,wlthwhts,150,0.080000,1.693003,0.358168,0.211558,,150,tous,150,non teste,ordinal 3 et plus,attitude
humains vague 2,wlthwhts,150,0.017778,1.693003,1.898949,1.121646,,150,tous,150,non teste,ordinal 3 et plus,attitude
agents composite,wlthblks,148,0.131156,1.604864,1.593043,0.992634,,150,tous,150,non teste,ordinal 3 et plus,attitude
agents entretien (v3),wlthblks,146,0.203120,1.604864,0.960244,0.598333,,150,tous,150,non teste,ordinal 3 et plus,attitude
agents enquete,wlthblks,146,0.190563,1.604864,0.934656,0.582390,,150,tous,150,non teste,ordinal 3 et plus,attitude
agents demographiques (v6),wlthblks,146,0.204262,1.604864,0.346091,0.215651,,150,tous,150,non teste,ordinal 3 et plus,attitude
agents v7,wlthblks,148,0.202102,1.604864,0.532278,0.331666,,150,tous,150,non teste,ordinal 3 et plus,attitude
agents v8,wlthblks,144,0.204167,1.604864,0.612837,0.381862,,150,tous,150,non teste,ordinal 3 et plus,attitude
C2,wlthblks,150,0.113333,1.604864,0.571318,0.355992,,150,tous,150,non teste,ordinal 3 et plus,attitude
C3,wlthblks,150,0.137778,1.604864,2.310657,1.439784,,150,tous,150,non teste,ordinal 3 et plus,attitude
B0 mode,wlthblks,150,0.086667,1.604864,0.000000,0.000000,,150,tous,150,non teste,ordinal 3 et plus,attitude
B0 tirage,wlthblks,150,0.010000,1.604864,1.714959,1.068601,,150,tous,150,non teste,ordinal 3 et plus,attitude
B1 argmax,wlthblks,150,0.041111,1.604864,0.981891,0.611822,,150,tous,150,non teste,ordinal 3 et plus,attitude
B2 argmax,wlthblks,150,0.044444,1.604864,0.821328,0.511774,,150,tous,150,non teste,ordinal 3 et plus,attitude
B3 foret,wlthblks,150,0.054444,1.604864,0.713202,0.444400,,150,tous,150,non teste,ordinal 3 et plus,attitude
humains vague 2,wlthblks,150,0.021111,1.604864,1.797433,1.119991,,150,tous,150,non teste,ordinal 3 et plus,attitude
agents composite,wlthhsps,150,0.086667,1.686188,1.532519,0.908866,,150,tous,150,non teste,ordinal 3 et plus,attitude
agents entretien (v3),wlthhsps,149,0.095839,1.686188,1.712520,1.015616,,150,tous,150,non teste,ordinal 3 et plus,attitude
agents enquete,wlthhsps,150,0.052222,1.686188,1.538161,0.912212,,150,tous,150,non teste,ordinal 3 et plus,attitude
agents demographiques (v6),wlthhsps,149,0.059970,1.686188,1.586315,0.940770,,150,tous,150,non teste,ordinal 3 et plus,attitude
agents v7,wlthhsps,149,0.020641,1.686188,1.483190,0.879611,,150,tous,150,non teste,ordinal 3 et plus,attitude
agents v8,wlthhsps,150,0.091111,1.686188,1.617388,0.959198,,150,tous,150,non teste,ordinal 3 et plus,attitude
C2,wlthhsps,150,0.100000,1.686188,0.452308,0.268243,,150,tous,150,non teste,ordinal 3 et plus,attitude
C3,wlthhsps,150,0.074444,1.686188,1.972244,1.169647,,150,tous,150,non teste,ordinal 3 et plus,attitude
B0 mode,wlthhsps,150,0.033333,1.686188,0.975760,0.578678,,150,tous,150,non teste,ordinal 3 et plus,attitude
B0 tirage,wlthhsps,150,0.031111,1.686188,1.905219,1.129897,,150,tous,150,non teste,ordinal 3 et plus,attitude
B1 argmax,wlthhsps,150,0.035556,1.686188,1.151582,0.682950,,150,tous,150,non teste,ordinal 3 et plus,attitude
B2 argmax,wlthhsps,150,0.030000,1.686188,0.986263,0.584907,,150,tous,150,non teste,ordinal 3 et plus,attitude
B3 foret,wlthhsps,150,0.043333,1.686188,1.004809,0.595906,,150,tous,150,non teste,ordinal 3 et plus,attitude
humains vague 2,wlthhsps,150,0.013333,1.686188,1.730121,1.026055,,150,tous,150,non teste,ordinal 3 et plus,attitude
agents composite,racwork,150,0.233333,2.228463,1.949156,0.874664,,150,tous,150,temoin,nominal,comportement
agents entretien (v3),racwork,149,0.217808,2.228463,2.076080,0.931620,,150,tous,150,temoin,nominal,comportement
agents enquete,racwork,150,0.120000,2.228463,1.906567,0.855553,,150,tous,150,temoin,nominal,comportement
agents demographiques (v6),racwork,149,0.277673,2.228463,1.588378,0.712768,,150,tous,150,temoin,nominal,comportement
agents v7,racwork,149,0.205638,2.228463,1.969138,0.883631,,150,tous,150,temoin,nominal,comportement
agents v8,racwork,150,0.206667,2.228463,1.676769,0.752433,,150,tous,150,temoin,nominal,comportement
C2,racwork,150,0.580000,2.228463,1.282944,0.575708,,150,tous,150,temoin,nominal,comportement
C3,racwork,150,0.380000,2.228463,1.523683,0.683737,,150,tous,150,temoin,nominal,comportement
B0 mode,racwork,150,0.653333,2.228463,0.000000,0.000000,,150,tous,150,temoin,nominal,comportement
B0 tirage,racwork,150,0.066667,2.228463,2.132639,0.957000,,150,tous,150,temoin,nominal,comportement
B1 argmax,racwork,150,0.233333,2.228463,1.586520,0.711934,,150,tous,150,temoin,nominal,comportement
B2 argmax,racwork,150,0.260000,2.228463,1.429925,0.641664,,150,tous,150,temoin,nominal,comportement
B3 foret,racwork,150,0.333333,2.228463,1.076410,0.483028,,150,tous,150,temoin,nominal,comportement
humains vague 2,racwork,150,0.033333,2.228463,2.236772,1.003729,,150,tous,150,temoin,nominal,comportement
agents composite,letin1a,150,0.095000,2.125921,1.725789,0.811784,0.005000,150,tous,150,temoin,ordinal 3 et plus,attitude
agents entretien (v3),letin1a,150,0.028333,2.125921,2.196190,1.033053,0.025000,150,tous,150,temoin,ordinal 3 et plus,attitude
agents enquete,letin1a,150,0.083333,2.125921,2.095475,0.985679,0.063333,150,tous,150,temoin,ordinal 3 et plus,attitude
agents demographiques (v6),letin1a,149,0.184609,2.125921,1.016601,0.478193,0.068098,150,tous,150,temoin,ordinal 3 et plus,attitude
agents v7,letin1a,149,0.193669,2.125921,1.636499,0.769783,0.177159,150,tous,150,temoin,ordinal 3 et plus,attitude
agents v8,letin1a,149,0.111723,2.125921,2.293996,1.079060,0.111723,150,tous,150,temoin,ordinal 3 et plus,attitude
C2,letin1a,150,0.133333,2.125921,1.926820,0.906346,0.126667,150,tous,150,temoin,ordinal 3 et plus,attitude
C3,letin1a,150,0.148333,2.125921,1.000187,0.470473,-0.011667,150,tous,150,temoin,ordinal 3 et plus,attitude
B0 mode,letin1a,150,0.243333,2.125921,0.000000,0.000000,0.103333,150,tous,150,temoin,ordinal 3 et plus,attitude
B0 tirage,letin1a,150,0.028333,2.125921,2.102490,0.988978,-0.028333,150,tous,150,temoin,ordinal 3 et plus,attitude
B1 argmax,letin1a,150,0.051667,2.125921,1.752970,0.824570,-0.028333,150,tous,150,temoin,ordinal 3 et plus,attitude
B2 argmax,letin1a,150,0.075000,2.125921,1.378186,0.648277,-0.011667,150,tous,150,temoin,ordinal 3 et plus,attitude
B3 foret,letin1a,150,0.103333,2.125921,1.058472,0.497889,-0.073333,150,tous,150,temoin,ordinal 3 et plus,attitude
humains vague 2,letin1a,150,0.023333,2.125921,2.009335,0.945160,-0.020000,150,tous,150,temoin,ordinal 3 et plus,attitude
agents composite,getahead,150,0.063333,1.277029,0.979526,0.767035,,150,tous,150,non teste,ordinal 3 et plus,attitude
agents entretien (v3),getahead,149,0.136197,1.277029,1.079004,0.844933,,150,tous,150,non teste,ordinal 3 et plus,attitude
agents enquete,getahead,150,0.126667,1.277029,0.942403,0.737966,,150,tous,150,non teste,ordinal 3 et plus,attitude
agents demographiques (v6),getahead,149,0.233110,1.277029,0.359902,0.281827,,150,tous,150,non teste,ordinal 3 et plus,attitude
agents v7,getahead,149,0.206264,1.277029,0.602150,0.471524,,150,tous,150,non teste,ordinal 3 et plus,attitude
agents v8,getahead,150,0.100000,1.277029,1.185515,0.928339,,150,tous,150,non teste,ordinal 3 et plus,attitude
C2,getahead,150,0.103333,1.277029,0.916293,0.717520,,150,tous,150,non teste,ordinal 3 et plus,attitude
C3,getahead,150,0.173333,1.277029,1.394189,1.091745,,150,tous,150,non teste,ordinal 3 et plus,attitude
B0 mode,getahead,150,0.266667,1.277029,0.000000,0.000000,,150,tous,150,non teste,ordinal 3 et plus,attitude
B0 tirage,getahead,150,0.023333,1.277029,1.348161,1.055701,,150,tous,150,non teste,ordinal 3 et plus,attitude
B1 argmax,getahead,150,0.073333,1.277029,1.055906,0.826846,,150,tous,150,non teste,ordinal 3 et plus,attitude
B2 argmax,getahead,150,0.083333,1.277029,0.952887,0.746175,,150,tous,150,non teste,ordinal 3 et plus,attitude
B3 foret,getahead,150,0.110000,1.277029,0.901793,0.706165,,150,tous,150,non teste,ordinal 3 et plus,attitude
humains vague 2,getahead,150,0.066667,1.277029,1.300182,1.018131,,150,tous,150,non teste,ordinal 3 et plus,attitude
agents composite,aged,150,0.123333,1.214840,1.269374,1.044890,,150,tous,150,non teste,ordinal 3 et plus,attitude
agents entretien (v3),aged,149,0.047696,1.214840,1.053903,0.867525,,150,tous,150,non teste,ordinal 3 et plus,attitude
agents enquete,aged,150,0.026667,1.214840,1.070219,0.880955,,150,tous,150,non teste,ordinal 3 et plus,attitude
agents demographiques (v6),aged,149,0.099463,1.214840,0.641714,0.528229,,150,tous,150,non teste,ordinal 3 et plus,attitude
agents v7,aged,149,0.039060,1.214840,1.016124,0.836426,,150,tous,150,non teste,ordinal 3 et plus,attitude
agents v8,aged,150,0.126667,1.214840,0.573660,0.472210,,150,tous,150,non teste,ordinal 3 et plus,attitude
C2,aged,150,0.336667,1.214840,0.535265,0.440605,,150,tous,150,non teste,ordinal 3 et plus,attitude
C3,aged,150,0.290000,1.214840,1.434030,1.180428,,150,tous,150,non teste,ordinal 3 et plus,attitude
B0 mode,aged,150,0.180000,1.214840,0.000000,0.000000,,150,tous,150,non teste,ordinal 3 et plus,attitude
B0 tirage,aged,150,0.013333,1.214840,1.168556,0.961902,,150,tous,150,non teste,ordinal 3 et plus,attitude
B1 argmax,aged,150,0.096667,1.214840,0.700022,0.576226,,150,tous,150,non teste,ordinal 3 et plus,attitude
B2 argmax,aged,150,0.163333,1.214840,0.215651,0.177514,,150,tous,150,non teste,ordinal 3 et plus,attitude
B3 foret,aged,150,0.176667,1.214840,0.062587,0.051519,,150,tous,150,non teste,ordinal 3 et plus,attitude
humains vague 2,aged,150,0.016667,1.214840,1.222258,1.006107,,150,tous,150,non teste,ordinal 3 et plus,attitude
agents composite,parsol,150,0.045000,2.266826,2.046698,0.902892,-0.021667,150,tous,150,temoin,ordinal 3 et plus,auto evaluation
agents entretien (v3),parsol,150,0.053333,2.266826,2.021270,0.891674,0.016667,150,tous,150,temoin,ordinal 3 et plus,auto evaluation
agents enquete,parsol,150,0.066667,2.266826,1.866917,0.823582,0.030000,150,tous,150,temoin,ordinal 3 et plus,auto evaluation
agents demographiques (v6),parsol,150,0.161667,2.266826,1.510861,0.666510,0.111667,150,tous,150,temoin,ordinal 3 et plus,auto evaluation
agents v7,parsol,149,0.256186,2.266826,1.033229,0.455804,0.206208,150,tous,150,temoin,ordinal 3 et plus,auto evaluation
agents v8,parsol,150,0.300000,2.266826,0.489628,0.215997,0.250000,150,tous,150,temoin,ordinal 3 et plus,auto evaluation
C2,parsol,150,0.315000,2.266826,1.517811,0.669576,0.315000,150,tous,150,temoin,ordinal 3 et plus,auto evaluation
C3,parsol,150,0.106667,2.266826,2.219094,0.978943,0.106667,150,tous,150,temoin,ordinal 3 et plus,auto evaluation
B0 mode,parsol,150,0.248333,2.266826,0.000000,0.000000,0.025000,150,tous,150,temoin,ordinal 3 et plus,auto evaluation
B0 tirage,parsol,150,0.028333,2.266826,2.232353,0.984793,0.028333,150,tous,150,temoin,ordinal 3 et plus,auto evaluation
B1 argmax,parsol,150,0.075000,2.266826,2.087682,0.920972,0.071667,150,tous,150,temoin,ordinal 3 et plus,auto evaluation
B2 argmax,parsol,150,0.085000,2.266826,1.749863,0.771944,-0.008333,150,tous,150,temoin,ordinal 3 et plus,auto evaluation
B3 foret,parsol,150,0.123333,2.266826,1.596040,0.704086,0.056667,150,tous,150,temoin,ordinal 3 et plus,auto evaluation
humains vague 2,parsol,150,0.021667,2.266826,2.255058,0.994809,0.021667,150,tous,150,temoin,ordinal 3 et plus,auto evaluation
agents composite,kidssol,150,0.260000,2.389709,1.772050,0.741534,,150,tous,150,non teste,nominal,auto evaluation
agents entretien (v3),kidssol,150,0.306667,2.389709,1.854589,0.776073,,150,tous,150,non teste,nominal,auto evaluation
agents enquete,kidssol,150,0.406667,2.389709,1.285864,0.538084,,150,tous,150,non teste,nominal,auto evaluation
agents demographiques (v6),kidssol,150,0.446667,2.389709,1.061974,0.444395,,150,tous,150,non teste,nominal,auto evaluation
agents v7,kidssol,148,0.550180,2.389709,1.015695,0.425029,,150,tous,150,non teste,nominal,auto evaluation
agents v8,kidssol,150,0.680000,2.389709,0.780736,0.326707,,150,tous,150,non teste,nominal,auto evaluation
C2,kidssol,150,0.553333,2.389709,1.193848,0.499579,,150,tous,150,non teste,nominal,auto evaluation
C3,kidssol,150,0.446667,2.389709,1.001986,0.419292,,150,tous,150,non teste,nominal,auto evaluation
B0 mode,kidssol,150,0.686667,2.389709,0.000000,0.000000,,150,tous,150,non teste,nominal,auto evaluation
B0 tirage,kidssol,150,0.113333,2.389709,2.445498,1.023346,,150,tous,150,non teste,nominal,auto evaluation
B1 argmax,kidssol,150,0.133333,2.389709,2.091438,0.875185,,150,tous,150,non teste,nominal,auto evaluation
B2 argmax,kidssol,150,0.406667,2.389709,1.277098,0.534416,,150,tous,150,non teste,nominal,auto evaluation
B3 foret,kidssol,150,0.320000,2.389709,1.593321,0.666743,,150,tous,150,non teste,nominal,auto evaluation
humains vague 2,kidssol,150,0.093333,2.389709,2.392843,1.001312,,150,tous,150,non teste,nominal,auto evaluation
agents composite,spanking,150,0.095556,1.985214,1.599443,0.805678,0.051111,150,tous,150,temoin,ordinal 3 et plus,attitude
agents entretien (v3),spanking,150,0.108889,1.985214,1.641719,0.826973,0.108889,150,tous,150,temoin,ordinal 3 et plus,attitude
agents enquete,spanking,150,0.075556,1.985214,1.708767,0.860747,0.071111,150,tous,150,temoin,ordinal 3 et plus,attitude
agents demographiques (v6),spanking,150,0.155556,1.985214,1.166295,0.587491,0.013333,150,tous,150,temoin,ordinal 3 et plus,attitude
agents v7,spanking,149,0.141163,1.985214,1.476316,0.743656,0.110947,150,tous,150,temoin,ordinal 3 et plus,attitude
agents v8,spanking,150,0.064444,1.985214,1.842584,0.928154,0.064444,150,tous,150,temoin,ordinal 3 et plus,attitude
C2,spanking,150,0.100000,1.985214,1.811977,0.912736,0.064444,150,tous,150,temoin,ordinal 3 et plus,attitude
C3,spanking,150,0.153333,1.985214,1.511928,0.761594,0.153333,150,tous,150,temoin,ordinal 3 et plus,attitude
B0 mode,spanking,150,0.313333,1.985214,0.000000,0.000000,-0.197778,150,tous,150,temoin,ordinal 3 et plus,attitude
B0 tirage,spanking,150,0.022222,1.985214,1.980616,0.997684,-0.013333,150,tous,150,temoin,ordinal 3 et plus,attitude
B1 argmax,spanking,150,0.026667,1.985214,1.921082,0.967695,0.004444,150,tous,150,temoin,ordinal 3 et plus,attitude
B2 argmax,spanking,150,0.091111,1.985214,1.691667,0.852133,0.091111,150,tous,150,temoin,ordinal 3 et plus,attitude
B3 foret,spanking,150,0.075556,1.985214,1.707718,0.860218,-0.017778,150,tous,150,temoin,ordinal 3 et plus,attitude
humains vague 2,spanking,150,0.008889,1.985214,1.985214,1.000000,0.008889,150,tous,150,temoin,ordinal 3 et plus,attitude
agents composite,divlaw,150,0.053333,1.437645,1.304438,0.907344,,150,tous,150,non teste,ordinal 3 et plus,attitude
agents entretien (v3),divlaw,150,0.146667,1.437645,1.421792,0.988973,,150,tous,150,non teste,ordinal 3 et plus,attitude
agents enquete,divlaw,150,0.070000,1.437645,1.487394,1.034605,,150,tous,150,non teste,ordinal 3 et plus,attitude
agents demographiques (v6),divlaw,149,0.119217,1.437645,1.024213,0.712424,,150,tous,150,non teste,ordinal 3 et plus,attitude
agents v7,divlaw,149,0.089016,1.437645,1.151633,0.801056,,150,tous,150,non teste,ordinal 3 et plus,attitude
agents v8,divlaw,150,0.083333,1.437645,1.528464,1.063172,,150,tous,150,non teste,ordinal 3 et plus,attitude
C2,divlaw,150,0.076667,1.437645,1.542623,1.073021,,150,tous,150,non teste,ordinal 3 et plus,attitude
C3,divlaw,150,0.536667,1.437645,0.449852,0.312909,,150,tous,150,non teste,ordinal 3 et plus,attitude
B0 mode,divlaw,150,0.236667,1.437645,0.000000,0.000000,,150,tous,150,non teste,ordinal 3 et plus,attitude
B0 tirage,divlaw,150,0.050000,1.437645,1.254660,0.872719,,150,tous,150,non teste,ordinal 3 et plus,attitude
B1 argmax,divlaw,150,0.083333,1.437645,1.146095,0.797203,,150,tous,150,non teste,ordinal 3 et plus,attitude
B2 argmax,divlaw,150,0.076667,1.437645,1.225966,0.852760,,150,tous,150,non teste,ordinal 3 et plus,attitude
B3 foret,divlaw,150,0.100000,1.437645,0.851016,0.591952,,150,tous,150,non teste,ordinal 3 et plus,attitude
humains vague 2,divlaw,150,0.006667,1.437645,1.420430,0.988026,,150,tous,150,non teste,ordinal 3 et plus,attitude
agents composite,sexeduc,150,0.000000,0.606244,0.606244,1.000000,0.000000,150,tous,150,temoin,binaire,attitude
agents entretien (v3),sexeduc,150,0.140000,0.606244,0.869185,1.433721,-0.140000,150,tous,150,temoin,binaire,attitude
agents enquete,sexeduc,150,0.080000,0.606244,0.776964,1.281602,-0.080000,150,tous,150,temoin,binaire,attitude
agents demographiques (v6),sexeduc,149,0.052707,0.606244,0.454392,0.749519,0.052707,150,tous,150,temoin,binaire,attitude
agents v7,sexeduc,149,0.079553,0.606244,0.359902,0.593658,0.079553,150,tous,150,temoin,binaire,attitude
agents v8,sexeduc,150,0.086667,0.606244,0.788586,1.300772,-0.086667,150,tous,150,temoin,binaire,attitude
C2,sexeduc,150,0.053333,0.606244,0.726737,1.198753,-0.053333,150,tous,150,temoin,binaire,attitude
C3,sexeduc,150,0.500000,0.606244,0.941819,1.553530,-0.500000,150,tous,150,temoin,binaire,attitude
B0 mode,sexeduc,150,0.146667,0.606244,0.000000,0.000000,0.146667,150,tous,150,temoin,binaire,attitude
B0 tirage,sexeduc,150,0.020000,0.606244,0.654831,1.080144,-0.020000,150,tous,150,temoin,binaire,attitude
B1 argmax,sexeduc,150,0.140000,0.606244,0.062587,0.103237,0.140000,150,tous,150,temoin,binaire,attitude
B2 argmax,sexeduc,150,0.133333,0.606244,0.106967,0.176442,0.133333,150,tous,150,temoin,binaire,attitude
B3 foret,sexeduc,150,0.146667,0.606244,0.000000,0.000000,0.146667,150,tous,150,temoin,binaire,attitude
humains vague 2,sexeduc,150,0.026667,0.606244,0.534170,0.881113,0.026667,150,tous,150,temoin,binaire,attitude
agents composite,pillok,150,0.073333,1.877165,1.973758,1.051456,,150,tous,150,investiguer,ordinal 3 et plus,attitude
agents entretien (v3),pillok,150,0.088889,1.877165,1.953904,1.040880,,150,tous,150,investiguer,ordinal 3 et plus,attitude
agents enquete,pillok,150,0.097778,1.877165,1.837083,0.978647,,150,tous,150,investiguer,ordinal 3 et plus,attitude
agents demographiques (v6),pillok,150,0.124444,1.877165,1.442132,0.768250,,150,tous,150,investiguer,ordinal 3 et plus,attitude
agents v7,pillok,149,0.116957,1.877165,1.370593,0.730140,,150,tous,150,investiguer,ordinal 3 et plus,attitude
agents v8,pillok,150,0.046667,1.877165,1.930606,1.028469,,150,tous,150,investiguer,ordinal 3 et plus,attitude
C2,pillok,150,0.051111,1.877165,1.715681,0.913974,,150,tous,150,investiguer,ordinal 3 et plus,attitude
C3,pillok,150,0.371111,1.877165,0.810761,0.431907,,150,tous,150,investiguer,ordinal 3 et plus,attitude
B0 mode,pillok,150,0.173333,1.877165,0.726737,0.387146,,150,tous,150,investiguer,ordinal 3 et plus,attitude
B0 tirage,pillok,150,0.033333,1.877165,1.811756,0.965155,,150,tous,150,investiguer,ordinal 3 et plus,attitude
B1 argmax,pillok,150,0.064444,1.877165,1.710047,0.910973,,150,tous,150,investiguer,ordinal 3 et plus,attitude
B2 argmax,pillok,150,0.120000,1.877165,1.499286,0.798697,,150,tous,150,investiguer,ordinal 3 et plus,attitude
B3 foret,pillok,150,0.126667,1.877165,1.400977,0.746326,,150,tous,150,investiguer,ordinal 3 et plus,attitude
humains vague 2,pillok,150,0.006667,1.877165,1.867408,0.994802,,150,tous,150,investiguer,ordinal 3 et plus,attitude
agents composite,xmarsex,150,0.166667,1.615377,0.766793,0.474684,0.166667,150,tous,150,sensible,ordinal 3 et plus,attitude
agents entretien (v3),xmarsex,150,0.164444,1.615377,0.747818,0.462937,0.164444,150,tous,150,sensible,ordinal 3 et plus,attitude
agents enquete,xmarsex,150,0.082222,1.615377,1.205573,0.746310,0.082222,150,tous,150,sensible,ordinal 3 et plus,attitude
agents demographiques (v6),xmarsex,150,0.173333,1.615377,0.722418,0.447213,0.173333,150,tous,150,sensible,ordinal 3 et plus,attitude
agents v7,xmarsex,150,0.142222,1.615377,0.945092,0.585060,0.142222,150,tous,150,sensible,ordinal 3 et plus,attitude
agents v8,xmarsex,150,0.040000,1.615377,1.664119,1.030174,-0.022222,150,tous,150,sensible,ordinal 3 et plus,attitude
C2,xmarsex,150,0.255556,1.615377,1.122660,0.694983,-0.255556,150,tous,150,sensible,ordinal 3 et plus,attitude
C3,xmarsex,150,0.375556,1.615377,1.318451,0.816187,-0.375556,150,tous,150,sensible,ordinal 3 et plus,attitude
B0 mode,xmarsex,150,0.235556,1.615377,0.000000,0.000000,0.235556,150,tous,150,sensible,ordinal 3 et plus,attitude
B0 tirage,xmarsex,150,0.024444,1.615377,1.552679,0.961186,0.006667,150,tous,150,sensible,ordinal 3 et plus,attitude
B1 argmax,xmarsex,150,0.115556,1.615377,1.103323,0.683013,0.115556,150,tous,150,sensible,ordinal 3 et plus,attitude
B2 argmax,xmarsex,150,0.068889,1.615377,1.300377,0.804999,0.068889,150,tous,150,sensible,ordinal 3 et plus,attitude
B3 foret,xmarsex,150,0.168889,1.615377,0.782251,0.484253,0.168889,150,tous,150,sensible,ordinal 3 et plus,attitude
humains vague 2,xmarsex,150,0.024444,1.615377,1.484045,0.918699,0.024444,150,tous,150,sensible,ordinal 3 et plus,attitude
agents composite,homosex,150,0.040000,1.607897,1.302636,0.810149,0.035556,150,tous,150,temoin,ordinal 3 et plus,attitude
agents entretien (v3),homosex,149,0.076197,1.607897,1.166804,0.725671,-0.015496,150,tous,150,temoin,ordinal 3 et plus,attitude
agents enquete,homosex,150,0.080000,1.607897,1.273613,0.792099,-0.044444,150,tous,150,temoin,ordinal 3 et plus,attitude
agents demographiques (v6),homosex,150,0.073333,1.607897,1.156916,0.719521,-0.011111,150,tous,150,temoin,ordinal 3 et plus,attitude
agents v7,homosex,150,0.135556,1.607897,0.843988,0.524902,0.135556,150,tous,150,temoin,ordinal 3 et plus,attitude
agents v8,homosex,150,0.048889,1.607897,1.287851,0.800954,0.040000,150,tous,150,temoin,ordinal 3 et plus,attitude
C2,homosex,150,0.215556,1.607897,0.452308,0.281304,0.215556,150,tous,150,temoin,ordinal 3 et plus,attitude
C3,homosex,150,0.084444,1.607897,0.915037,0.569089,0.084444,150,tous,150,temoin,ordinal 3 et plus,attitude
B0 mode,homosex,150,0.308889,1.607897,0.000000,0.000000,0.308889,150,tous,150,temoin,ordinal 3 et plus,attitude
B0 tirage,homosex,150,0.093333,1.607897,1.748072,1.087179,-0.093333,150,tous,150,temoin,ordinal 3 et plus,attitude
B1 argmax,homosex,150,0.100000,1.607897,0.978429,0.608515,0.100000,150,tous,150,temoin,ordinal 3 et plus,attitude
B2 argmax,homosex,150,0.111111,1.607897,0.816005,0.507498,0.111111,150,tous,150,temoin,ordinal 3 et plus,attitude
B3 foret,homosex,150,0.128889,1.607897,0.684886,0.425952,0.128889,150,tous,150,temoin,ordinal 3 et plus,attitude
humains vague 2,homosex,150,0.013333,1.607897,1.593647,0.991138,-0.004444,150,tous,150,temoin,ordinal 3 et plus,attitude
agents composite,marhomo,150,0.073333,1.929389,1.980120,1.026294,-0.073333,150,tous,150,temoin,ordinal 3 et plus,attitude
agents entretien (v3),marhomo,150,0.081667,1.929389,1.868419,0.968399,-0.081667,150,tous,150,temoin,ordinal 3 et plus,attitude
agents enquete,marhomo,150,0.111667,1.929389,1.860346,0.964215,-0.111667,150,tous,150,temoin,ordinal 3 et plus,attitude
agents demographiques (v6),marhomo,150,0.103333,1.929389,1.905263,0.987496,-0.096667,150,tous,150,temoin,ordinal 3 et plus,attitude
agents v7,marhomo,150,0.066667,1.929389,1.715729,0.889260,0.053333,150,tous,150,temoin,ordinal 3 et plus,attitude
agents v8,marhomo,150,0.088333,1.929389,1.926350,0.998425,-0.065000,150,tous,150,temoin,ordinal 3 et plus,attitude
C2,marhomo,150,0.096667,1.929389,1.430820,0.741592,0.096667,150,tous,150,temoin,ordinal 3 et plus,attitude
C3,marhomo,150,0.093333,1.929389,1.831574,0.949303,-0.046667,150,tous,150,temoin,ordinal 3 et plus,attitude
B0 mode,marhomo,150,0.291667,1.929389,0.000000,0.000000,0.291667,150,tous,150,temoin,ordinal 3 et plus,attitude
B0 tirage,marhomo,150,0.026667,1.929389,1.863203,0.965696,0.026667,150,tous,150,temoin,ordinal 3 et plus,attitude
B1 argmax,marhomo,150,0.106667,1.929389,1.403708,0.727540,0.106667,150,tous,150,temoin,ordinal 3 et plus,attitude
B2 argmax,marhomo,150,0.118333,1.929389,1.288192,0.667668,0.118333,150,tous,150,temoin,ordinal 3 et plus,attitude
B3 foret,marhomo,150,0.168333,1.929389,0.753333,0.390452,0.168333,150,tous,150,temoin,ordinal 3 et plus,attitude
humains vague 2,marhomo,150,0.016667,1.929389,2.022385,1.048200,-0.010000,150,tous,150,temoin,ordinal 3 et plus,attitude
agents composite,discaff,150,0.036667,1.359677,1.276488,0.938817,,150,tous,150,temoin,ordinal 3 et plus,attitude
agents entretien (v3),discaff,150,0.093333,1.359677,1.379285,1.014421,,150,tous,150,temoin,ordinal 3 et plus,attitude
agents enquete,discaff,150,0.070000,1.359677,1.447415,1.064529,,150,tous,150,temoin,ordinal 3 et plus,attitude
agents demographiques (v6),discaff,150,0.050000,1.359677,1.189210,0.874627,,150,tous,150,temoin,ordinal 3 et plus,attitude
agents v7,discaff,150,0.146667,1.359677,0.956504,0.703479,,150,tous,150,temoin,ordinal 3 et plus,attitude
agents v8,discaff,150,0.073333,1.359677,1.409162,1.036394,,150,tous,150,temoin,ordinal 3 et plus,attitude
C2,discaff,150,0.163333,1.359677,0.879365,0.646745,,150,tous,150,temoin,ordinal 3 et plus,attitude
C3,discaff,150,0.256667,1.359677,0.332254,0.244362,,150,tous,150,temoin,ordinal 3 et plus,attitude
B0 mode,discaff,150,0.286667,1.359677,0.000000,0.000000,,150,tous,150,temoin,ordinal 3 et plus,attitude
B0 tirage,discaff,150,0.040000,1.359677,1.348161,0.991530,,150,tous,150,temoin,ordinal 3 et plus,attitude
B1 argmax,discaff,150,0.070000,1.359677,1.190020,0.875222,,150,tous,150,temoin,ordinal 3 et plus,attitude
B2 argmax,discaff,150,0.106667,1.359677,1.022207,0.751802,,150,tous,150,temoin,ordinal 3 et plus,attitude
B3 foret,discaff,150,0.146667,1.359677,0.901042,0.662688,,150,tous,150,temoin,ordinal 3 et plus,attitude
humains vague 2,discaff,150,0.023333,1.359677,1.407138,1.034906,,150,tous,150,temoin,ordinal 3 et plus,attitude
agents composite,abdefect,150,0.033333,0.684886,0.606244,0.885176,,150,tous,150,temoin,binaire,attitude
agents entretien (v3),abdefect,150,0.020000,0.684886,0.639119,0.933175,,150,tous,150,temoin,binaire,attitude
agents enquete,abdefect,150,0.073333,0.684886,0.821328,1.199218,,150,tous,150,temoin,binaire,attitude
agents demographiques (v6),abdefect,150,0.106667,0.684886,0.383051,0.559291,,150,tous,150,temoin,binaire,attitude
agents v7,abdefect,150,0.126667,0.684886,0.305200,0.445622,,150,tous,150,temoin,binaire,attitude
agents v8,abdefect,150,0.000000,0.684886,0.684886,1.000000,,150,tous,150,temoin,binaire,attitude
C2,abdefect,150,0.046667,0.684886,0.776964,1.134443,,150,tous,150,temoin,binaire,attitude
C3,abdefect,150,0.226667,0.684886,0.979526,1.430203,,150,tous,150,temoin,binaire,attitude
B0 mode,abdefect,150,0.180000,0.684886,0.000000,0.000000,,150,tous,150,temoin,binaire,attitude
B0 tirage,abdefect,150,0.040000,0.684886,0.764976,1.116940,,150,tous,150,temoin,binaire,attitude
B1 argmax,abdefect,150,0.140000,0.684886,0.247101,0.360792,,150,tous,150,temoin,binaire,attitude
B2 argmax,abdefect,150,0.086667,0.684886,0.452308,0.660414,,150,tous,150,temoin,binaire,attitude
B3 foret,abdefect,150,0.180000,0.684886,0.000000,0.000000,,150,tous,150,temoin,binaire,attitude
humains vague 2,abdefect,150,0.020000,0.684886,0.639119,0.933175,,150,tous,150,temoin,binaire,attitude
agents composite,abnomore,150,0.013333,0.929628,0.941819,1.013114,,150,tous,150,temoin,binaire,attitude
agents entretien (v3),abnomore,150,0.080000,0.929628,0.831555,0.894504,,150,tous,150,temoin,binaire,attitude
agents enquete,abnomore,150,0.073333,0.929628,0.841450,0.905147,,150,tous,150,temoin,binaire,attitude
agents demographiques (v6),abnomore,150,0.146667,0.929628,0.713202,0.767191,,150,tous,150,temoin,binaire,attitude
agents v7,abnomore,150,0.260000,0.929628,0.406988,0.437797,,150,tous,150,temoin,binaire,attitude
agents v8,abnomore,149,0.064832,0.929628,0.853624,0.918243,,150,tous,150,temoin,binaire,attitude
C2,abnomore,150,0.126667,0.929628,0.752615,0.809588,,150,tous,150,temoin,binaire,attitude
C3,abnomore,150,0.153333,0.929628,1.004681,1.080735,,150,tous,150,temoin,binaire,attitude
B0 mode,abnomore,150,0.340000,0.929628,0.000000,0.000000,,150,tous,150,temoin,binaire,attitude
B0 tirage,abnomore,150,0.073333,0.929628,0.983027,1.057441,,150,tous,150,temoin,binaire,attitude
B1 argmax,abnomore,150,0.053333,0.929628,0.869185,0.934982,,150,tous,150,temoin,binaire,attitude
B2 argmax,abnomore,150,0.040000,0.929628,0.886100,0.953177,,150,tous,150,temoin,binaire,attitude
B3 foret,abnomore,150,0.106667,0.929628,0.788586,0.848281,,150,tous,150,temoin,binaire,attitude
humains vague 2,abnomore,150,0.026667,0.929628,0.952887,1.025020,,150,tous,150,temoin,binaire,attitude
agents composite,abhlth,150,0.013333,0.452308,0.494588,1.093476,,150,tous,150,temoin,binaire,attitude
agents entretien (v3),abhlth,150,0.046667,0.452308,0.276874,0.612135,,150,tous,150,temoin,binaire,attitude
agents enquete,abhlth,150,0.053333,0.452308,0.606244,1.340335,,150,tous,150,temoin,binaire,attitude
agents demographiques (v6),abhlth,150,0.093333,0.452308,0.000000,0.000000,,150,tous,150,temoin,binaire,attitude
agents v7,abhlth,150,0.086667,0.452308,0.062587,0.138372,,150,tous,150,temoin,binaire,attitude
agents v8,abhlth,150,0.053333,0.452308,0.247101,0.546311,,150,tous,150,temoin,binaire,attitude
C2,abhlth,150,0.073333,0.452308,0.654831,1.447755,,150,tous,150,temoin,binaire,attitude
C3,abhlth,150,0.046667,0.452308,0.589048,1.302315,,150,tous,150,temoin,binaire,attitude
B0 mode,abhlth,150,0.093333,0.452308,0.000000,0.000000,,150,tous,150,temoin,binaire,attitude
B0 tirage,abhlth,150,0.073333,0.452308,0.146250,0.323340,,150,tous,150,temoin,binaire,attitude
B1 argmax,abhlth,150,0.086667,0.452308,0.062587,0.138372,,150,tous,150,temoin,binaire,attitude
B2 argmax,abhlth,150,0.093333,0.452308,0.000000,0.000000,,150,tous,150,temoin,binaire,attitude
B3 foret,abhlth,150,0.093333,0.452308,0.000000,0.000000,,150,tous,150,temoin,binaire,attitude
humains vague 2,abhlth,150,0.013333,0.452308,0.406988,0.899803,,150,tous,150,temoin,binaire,attitude
agents composite,abpoor,150,0.033333,0.909190,0.941819,1.035887,,150,tous,150,investiguer,binaire,attitude
agents entretien (v3),abpoor,150,0.060000,0.909190,0.831555,0.914611,,150,tous,150,investiguer,binaire,attitude
agents enquete,abpoor,150,0.053333,0.909190,0.841450,0.925493,,150,tous,150,investiguer,binaire,attitude
agents demographiques (v6),abpoor,150,0.126667,0.909190,0.713202,0.784436,,150,tous,150,investiguer,binaire,attitude
agents v7,abpoor,150,0.260000,0.909190,0.332254,0.365439,,150,tous,150,investiguer,binaire,attitude
agents v8,abpoor,149,0.064966,0.909190,0.824000,0.906301,,150,tous,150,investiguer,binaire,attitude
C2,abpoor,150,0.126667,0.909190,0.713202,0.784436,,150,tous,150,investiguer,binaire,attitude
C3,abpoor,150,0.060000,0.909190,0.831555,0.914611,,150,tous,150,investiguer,binaire,attitude
B0 mode,abpoor,150,0.320000,0.909190,0.000000,0.000000,,150,tous,150,investiguer,binaire,attitude
B0 tirage,abpoor,150,0.006667,0.909190,0.901793,0.991863,,150,tous,150,investiguer,binaire,attitude
B1 argmax,abpoor,150,0.046667,0.909190,0.851016,0.936015,,150,tous,150,investiguer,binaire,attitude
B2 argmax,abpoor,150,0.053333,0.909190,0.841450,0.925493,,150,tous,150,investiguer,binaire,attitude
B3 foret,abpoor,150,0.113333,0.909190,0.739872,0.813770,,150,tous,150,investiguer,binaire,attitude
humains vague 2,abpoor,150,0.006667,0.909190,0.901793,0.991863,,150,tous,150,investiguer,binaire,attitude
agents composite,abrape,150,0.020000,0.494588,0.553034,1.118171,,150,tous,150,investiguer,binaire,attitude
agents entretien (v3),abrape,150,0.006667,0.494588,0.473805,0.957978,,150,tous,150,investiguer,binaire,attitude
agents enquete,abrape,150,0.113333,0.494588,0.764976,1.546694,,150,tous,150,investiguer,binaire,attitude
agents demographiques (v6),abrape,150,0.106667,0.494588,0.000000,0.000000,,150,tous,150,investiguer,binaire,attitude
agents v7,abrape,150,0.086667,0.494588,0.146250,0.295700,,150,tous,150,investiguer,binaire,attitude
agents v8,abrape,150,0.046667,0.494588,0.332254,0.671779,,150,tous,150,investiguer,binaire,attitude
C2,abrape,150,0.013333,0.494588,0.452308,0.914515,,150,tous,150,investiguer,binaire,attitude
C3,abrape,150,0.066667,0.494588,0.670083,1.354830,,150,tous,150,investiguer,binaire,attitude
B0 mode,abrape,150,0.106667,0.494588,0.000000,0.000000,,150,tous,150,investiguer,binaire,attitude
B0 tirage,abrape,150,0.006667,0.494588,0.514698,1.040660,,150,tous,150,investiguer,binaire,attitude
B1 argmax,abrape,150,0.100000,0.494588,0.062587,0.126544,,150,tous,150,investiguer,binaire,attitude
B2 argmax,abrape,150,0.053333,0.494588,0.305200,0.617080,,150,tous,150,investiguer,binaire,attitude
B3 foret,abrape,150,0.106667,0.494588,0.000000,0.000000,,150,tous,150,investiguer,binaire,attitude
humains vague 2,abrape,150,0.013333,0.494588,0.534170,1.080030,,150,tous,150,investiguer,binaire,attitude
agents composite,absingle,150,0.053333,0.947492,0.894097,0.943646,,150,tous,150,temoin,binaire,attitude
agents entretien (v3),absingle,150,0.026667,0.947492,0.923105,0.974261,,150,tous,150,temoin,binaire,attitude
agents enquete,absingle,150,0.006667,0.947492,0.941819,0.994012,,150,tous,150,temoin,binaire,attitude
agents demographiques (v6),absingle,150,0.106667,0.947492,0.821328,0.866844,,150,tous,150,temoin,binaire,attitude
agents v7,absingle,150,0.260000,0.947492,0.473805,0.500062,,150,tous,150,temoin,binaire,attitude
agents v8,absingle,150,0.013333,0.947492,0.935865,0.987728,,150,tous,150,temoin,binaire,attitude
C2,absingle,150,0.053333,0.947492,0.894097,0.943646,,150,tous,150,temoin,binaire,attitude
C3,absingle,150,0.073333,0.947492,0.991947,1.046918,,150,tous,150,temoin,binaire,attitude
B0 mode,absingle,150,0.360000,0.947492,0.000000,0.000000,,150,tous,150,temoin,binaire,attitude
B0 tirage,absingle,150,0.046667,0.947492,0.979526,1.033809,,150,tous,150,temoin,binaire,attitude
B1 argmax,absingle,150,0.080000,0.947492,0.860260,0.907933,,150,tous,150,temoin,binaire,attitude
B2 argmax,absingle,150,0.100000,0.947492,0.831555,0.877638,,150,tous,150,temoin,binaire,attitude
B3 foret,absingle,150,0.120000,0.947492,0.799849,0.844175,,150,tous,150,temoin,binaire,attitude
humains vague 2,absingle,150,0.013333,0.947492,0.958006,1.011097,,150,tous,150,temoin,binaire,attitude
agents composite,abany,150,0.066667,0.947492,0.989236,1.044057,,150,tous,150,investiguer,binaire,attitude
agents entretien (v3),abany,150,0.026667,0.947492,0.923105,0.974261,,150,tous,150,investiguer,binaire,attitude
agents enquete,abany,150,0.000000,0.947492,0.947492,1.000000,,150,tous,150,investiguer,binaire,attitude
agents demographiques (v6),abany,150,0.053333,0.947492,0.894097,0.943646,,150,tous,150,investiguer,binaire,attitude
agents v7,abany,150,0.206667,0.947492,0.622928,0.657450,,150,tous,150,investiguer,binaire,attitude
agents v8,abany,150,0.000000,0.947492,0.947492,1.000000,,150,tous,150,investiguer,binaire,attitude
C2,abany,150,0.106667,0.947492,0.821328,0.866844,,150,tous,150,investiguer,binaire,attitude
C3,abany,150,0.413333,0.947492,0.776964,0.820022,,150,tous,150,investiguer,binaire,attitude
B0 mode,abany,150,0.360000,0.947492,0.000000,0.000000,,150,tous,150,investiguer,binaire,attitude
B0 tirage,abany,150,0.006667,0.947492,0.952887,1.005694,,150,tous,150,investiguer,binaire,attitude
B1 argmax,abany,150,0.040000,0.947492,0.909190,0.959576,,150,tous,150,investiguer,binaire,attitude
B2 argmax,abany,150,0.080000,0.947492,0.860260,0.907933,,150,tous,150,investiguer,binaire,attitude
B3 foret,abany,150,0.086667,0.947492,0.851016,0.898178,,150,tous,150,investiguer,binaire,attitude
humains vague 2,abany,150,0.026667,0.947492,0.967424,1.021036,,150,tous,150,investiguer,binaire,attitude
agents composite,letdie1,150,0.046667,0.739872,0.821328,1.110095,,150,tous,150,temoin,binaire,attitude
agents entretien (v3),letdie1,150,0.106667,0.739872,0.901793,1.218850,,150,tous,150,temoin,binaire,attitude
agents enquete,letdie1,150,0.040000,0.739872,0.810761,1.095813,,150,tous,150,temoin,binaire,attitude
agents demographiques (v6),letdie1,150,0.093333,0.739872,0.886100,1.197640,,150,tous,150,temoin,binaire,attitude
agents v7,letdie1,150,0.100000,0.739872,0.494588,0.668478,,150,tous,150,temoin,binaire,attitude
agents v8,letdie1,150,0.046667,0.739872,0.821328,1.110095,,150,tous,150,temoin,binaire,attitude
C2,letdie1,150,0.126667,0.739872,0.406988,0.550079,,150,tous,150,temoin,binaire,attitude
C3,letdie1,150,0.040000,0.739872,0.810761,1.095813,,150,tous,150,temoin,binaire,attitude
B0 mode,letdie1,150,0.206667,0.739872,0.000000,0.000000,,150,tous,150,temoin,binaire,attitude
B0 tirage,letdie1,150,0.013333,0.739872,0.713202,0.963953,,150,tous,150,temoin,binaire,attitude
B1 argmax,letdie1,150,0.140000,0.739872,0.358168,0.484095,,150,tous,150,temoin,binaire,attitude
B2 argmax,letdie1,150,0.100000,0.739872,0.494588,0.668478,,150,tous,150,temoin,binaire,attitude
B3 foret,letdie1,150,0.186667,0.739872,0.146250,0.197669,,150,tous,150,temoin,binaire,attitude
humains vague 2,letdie1,150,0.060000,0.739872,0.841450,1.137291,,150,tous,150,temoin,binaire,attitude
agents composite,suicide1,150,0.013333,0.810761,0.831555,1.025648,,150,tous,150,investiguer,binaire,attitude
agents entretien (v3),suicide1,150,0.053333,0.810761,0.713202,0.879669,,150,tous,150,investiguer,binaire,attitude
agents enquete,suicide1,150,0.046667,0.810761,0.726737,0.896364,,150,tous,150,investiguer,binaire,attitude
agents demographiques (v6),suicide1,150,0.026667,0.810761,0.764976,0.943529,,150,tous,150,investiguer,binaire,attitude
agents v7,suicide1,150,0.180000,0.810761,0.358168,0.441768,,150,tous,150,investiguer,binaire,attitude
agents v8,suicide1,149,0.045324,0.810761,0.729446,0.899705,,150,tous,150,investiguer,binaire,attitude
C2,suicide1,150,0.193333,0.810761,0.305200,0.376437,,150,tous,150,investiguer,binaire,attitude
C3,suicide1,150,0.040000,0.810761,0.739872,0.912564,,150,tous,150,investiguer,binaire,attitude
B0 mode,suicide1,150,0.246667,0.810761,0.000000,0.000000,,150,tous,150,investiguer,binaire,attitude
B0 tirage,suicide1,150,0.006667,0.810761,0.821328,1.013033,,150,tous,150,investiguer,binaire,attitude
B1 argmax,suicide1,150,0.180000,0.810761,0.358168,0.441768,,150,tous,150,investiguer,binaire,attitude
B2 argmax,suicide1,150,0.120000,0.810761,0.553034,0.682117,,150,tous,150,investiguer,binaire,attitude
B3 foret,suicide1,150,0.233333,0.810761,0.106967,0.131934,,150,tous,150,investiguer,binaire,attitude
humains vague 2,suicide1,150,0.000000,0.810761,0.810761,1.000000,,150,tous,150,investiguer,binaire,attitude
agents composite,suicide2,150,0.186667,0.841450,0.406988,0.483675,,150,tous,150,non teste,binaire,attitude
agents entretien (v3),suicide2,150,0.266667,0.841450,0.000000,0.000000,,150,tous,150,non teste,binaire,attitude
agents enquete,suicide2,150,0.246667,0.841450,0.146250,0.173807,,150,tous,150,non teste,binaire,attitude
agents demographiques (v6),suicide2,150,0.266667,0.841450,0.000000,0.000000,,150,tous,150,non teste,binaire,attitude
agents v7,suicide2,150,0.266667,0.841450,0.000000,0.000000,,150,tous,150,non teste,binaire,attitude
agents v8,suicide2,149,0.266667,0.841450,0.000000,0.000000,,150,tous,150,non teste,binaire,attitude
C2,suicide2,150,0.266667,0.841450,0.000000,0.000000,,150,tous,150,non teste,binaire,attitude
C3,suicide2,150,0.213333,0.841450,0.305200,0.362708,,150,tous,150,non teste,binaire,attitude
B0 mode,suicide2,150,0.266667,0.841450,0.000000,0.000000,,150,tous,150,non teste,binaire,attitude
B0 tirage,suicide2,150,0.000000,0.841450,0.841450,1.000000,,150,tous,150,non teste,binaire,attitude
B1 argmax,suicide2,150,0.160000,0.841450,0.494588,0.587781,,150,tous,150,non teste,binaire,attitude
B2 argmax,suicide2,150,0.073333,0.841450,0.713202,0.847587,,150,tous,150,non teste,binaire,attitude
B3 foret,suicide2,150,0.260000,0.841450,0.062587,0.074380,,150,tous,150,non teste,binaire,attitude
humains vague 2,suicide2,150,0.066667,0.841450,0.726737,0.863673,,150,tous,150,non teste,binaire,attitude
agents composite,suicide3,150,0.033333,0.821328,0.764976,0.931390,,150,tous,150,non teste,binaire,attitude
agents entretien (v3),suicide3,149,0.192931,0.821328,0.333883,0.406516,,150,tous,150,non teste,binaire,attitude
agents enquete,suicide3,150,0.113333,0.821328,0.952887,1.160179,,150,tous,150,non teste,binaire,attitude
agents demographiques (v6),suicide3,150,0.033333,0.821328,0.764976,0.931390,,150,tous,150,non teste,binaire,attitude
agents v7,suicide3,150,0.160000,0.821328,0.452308,0.550704,,150,tous,150,non teste,binaire,attitude
agents v8,suicide3,150,0.020000,0.821328,0.788586,0.960136,,150,tous,150,non teste,binaire,attitude
C2,suicide3,150,0.253333,0.821328,0.000000,0.000000,,150,tous,150,non teste,binaire,attitude
C3,suicide3,150,0.253333,0.821328,0.000000,0.000000,,150,tous,150,non teste,binaire,attitude
B0 mode,suicide3,150,0.253333,0.821328,0.000000,0.000000,,150,tous,150,non teste,binaire,attitude
B0 tirage,suicide3,150,0.013333,0.821328,0.799849,0.973849,,150,tous,150,non teste,binaire,attitude
B1 argmax,suicide3,150,0.166667,0.821328,0.430054,0.523608,,150,tous,150,non teste,binaire,attitude
B2 argmax,suicide3,150,0.080000,0.821328,0.670083,0.815853,,150,tous,150,non teste,binaire,attitude
B3 foret,suicide3,150,0.246667,0.821328,0.062587,0.076202,,150,tous,150,non teste,binaire,attitude
humains vague 2,suicide3,150,0.053333,0.821328,0.726737,0.884832,,150,tous,150,non teste,binaire,attitude
agents composite,suicide4,150,0.266667,0.935865,0.967424,1.033722,,150,tous,150,temoin,binaire,attitude
agents entretien (v3),suicide4,149,0.259418,0.935865,0.432059,0.461668,,150,tous,150,temoin,binaire,attitude
agents enquete,suicide4,150,0.066667,0.935865,0.983027,1.050394,,150,tous,150,temoin,binaire,attitude
agents demographiques (v6),suicide4,150,0.066667,0.935865,0.860260,0.919214,,150,tous,150,temoin,binaire,attitude
agents v7,suicide4,150,0.246667,0.935865,0.473805,0.506275,,150,tous,150,temoin,binaire,attitude
agents v8,suicide4,150,0.053333,0.935865,0.975760,1.042629,,150,tous,150,temoin,binaire,attitude
C2,suicide4,150,0.553333,0.935865,0.473805,0.506275,,150,tous,150,temoin,binaire,attitude
C3,suicide4,150,0.406667,0.935865,0.810761,0.866323,,150,tous,150,temoin,binaire,attitude
B0 mode,suicide4,150,0.346667,0.935865,0.000000,0.000000,,150,tous,150,temoin,binaire,attitude
B0 tirage,suicide4,150,0.013333,0.935865,0.923105,0.986366,,150,tous,150,temoin,binaire,attitude
B1 argmax,suicide4,150,0.093333,0.935865,0.821328,0.877614,,150,tous,150,temoin,binaire,attitude
B2 argmax,suicide4,150,0.013333,0.935865,0.923105,0.986366,,150,tous,150,temoin,binaire,attitude
B3 foret,suicide4,150,0.180000,0.935865,0.654831,0.699707,,150,tous,150,temoin,binaire,attitude
humains vague 2,suicide4,150,0.040000,0.935865,0.894097,0.955370,,150,tous,150,temoin,binaire,attitude
agents composite,pornlaw,149,0.133087,1.239562,0.440222,0.355143,-0.039843,150,tous,150,temoin,ordinal 3 et plus,attitude
agents entretien (v3),pornlaw,148,0.122703,1.239562,0.517340,0.417357,-0.029550,150,tous,150,temoin,ordinal 3 et plus,attitude
agents enquete,pornlaw,150,0.076667,1.239562,0.795762,0.641970,0.010000,150,tous,150,temoin,ordinal 3 et plus,attitude
agents demographiques (v6),pornlaw,150,0.090000,1.239562,0.730898,0.589642,-0.003333,150,tous,150,temoin,ordinal 3 et plus,attitude
agents v7,pornlaw,150,0.146667,1.239562,0.309294,0.249519,-0.046667,150,tous,150,temoin,ordinal 3 et plus,attitude
agents v8,pornlaw,150,0.113333,1.239562,0.630281,0.508471,-0.053333,150,tous,150,temoin,ordinal 3 et plus,attitude
C2,pornlaw,150,0.163333,1.239562,0.106967,0.086294,-0.070000,150,tous,150,temoin,ordinal 3 et plus,attitude
C3,pornlaw,150,0.123333,1.239562,0.534170,0.430934,-0.123333,150,tous,150,temoin,ordinal 3 et plus,attitude
B0 mode,pornlaw,150,0.170000,1.239562,0.000000,0.000000,-0.063333,150,tous,150,temoin,ordinal 3 et plus,attitude
B0 tirage,pornlaw,150,0.020000,1.239562,1.240935,1.001108,0.020000,150,tous,150,temoin,ordinal 3 et plus,attitude
B1 argmax,pornlaw,150,0.113333,1.239562,0.578731,0.466883,-0.020000,150,tous,150,temoin,ordinal 3 et plus,attitude
B2 argmax,pornlaw,150,0.140000,1.239562,0.332254,0.268041,-0.033333,150,tous,150,temoin,ordinal 3 et plus,attitude
B3 foret,pornlaw,150,0.156667,1.239562,0.182198,0.146986,-0.050000,150,tous,150,temoin,ordinal 3 et plus,attitude
humains vague 2,pornlaw,150,0.046667,1.239562,1.163017,0.938248,0.046667,150,tous,150,temoin,ordinal 3 et plus,attitude
agents composite,fair,150,0.076667,1.572851,1.446266,0.919518,,150,tous,150,non teste,ordinal 3 et plus,attitude
agents entretien (v3),fair,149,0.179195,1.572851,1.048464,0.666601,,150,tous,150,non teste,ordinal 3 et plus,attitude
agents enquete,fair,150,0.056667,1.572851,1.471714,0.935698,,150,tous,150,non teste,ordinal 3 et plus,attitude
agents demographiques (v6),fair,150,0.230000,1.572851,0.589048,0.374510,,150,tous,150,non teste,ordinal 3 et plus,attitude
agents v7,fair,150,0.233333,1.572851,1.229325,0.781590,,150,tous,150,non teste,ordinal 3 et plus,attitude
agents v8,fair,150,0.166667,1.572851,1.112925,0.707585,,150,tous,150,non teste,ordinal 3 et plus,attitude
C2,fair,150,0.540000,1.572851,0.000000,0.000000,,150,tous,150,non teste,ordinal 3 et plus,attitude
C3,fair,150,0.200000,1.572851,1.464369,0.931028,,150,tous,150,non teste,ordinal 3 et plus,attitude
B0 mode,fair,150,0.300000,1.572851,0.000000,0.000000,,150,tous,150,non teste,ordinal 3 et plus,attitude
B0 tirage,fair,150,0.046667,1.572851,1.577182,1.002753,,150,tous,150,non teste,ordinal 3 et plus,attitude
B1 argmax,fair,150,0.006667,1.572851,1.578017,1.003285,,150,tous,150,non teste,ordinal 3 et plus,attitude
B2 argmax,fair,150,0.136667,1.572851,1.235792,0.785702,,150,tous,150,non teste,ordinal 3 et plus,attitude
B3 foret,fair,150,0.076667,1.572851,1.481483,0.941909,,150,tous,150,non teste,ordinal 3 et plus,attitude
humains vague 2,fair,150,0.013333,1.572851,1.571000,0.998823,,150,tous,150,non teste,ordinal 3 et plus,attitude
agents composite,helpful,150,0.060000,1.583465,1.490925,0.941559,,150,tous,150,non teste,ordinal 3 et plus,attitude
agents entretien (v3),helpful,150,0.093333,1.583465,1.533626,0.968525,,150,tous,150,non teste,ordinal 3 et plus,attitude
agents enquete,helpful,150,0.073333,1.583465,1.579713,0.997631,,150,tous,150,non teste,ordinal 3 et plus,attitude
agents demographiques (v6),helpful,150,0.056667,1.583465,1.516156,0.957493,,150,tous,150,non teste,ordinal 3 et plus,attitude
agents v7,helpful,150,0.303333,1.583465,1.249527,0.789109,,150,tous,150,non teste,ordinal 3 et plus,attitude
agents v8,helpful,150,0.060000,1.583465,1.529290,0.965787,,150,tous,150,non teste,ordinal 3 et plus,attitude
C2,helpful,150,0.153333,1.583465,1.509554,0.953323,,150,tous,150,non teste,ordinal 3 et plus,attitude
C3,helpful,150,0.340000,1.583465,0.903974,0.570884,,150,tous,150,non teste,ordinal 3 et plus,attitude
B0 mode,helpful,150,0.310000,1.583465,0.000000,0.000000,,150,tous,150,non teste,ordinal 3 et plus,attitude
B0 tirage,helpful,150,0.010000,1.583465,1.589091,1.003553,,150,tous,150,non teste,ordinal 3 et plus,attitude
B1 argmax,helpful,150,0.010000,1.583465,1.582095,0.999135,,150,tous,150,non teste,ordinal 3 et plus,attitude
B2 argmax,helpful,150,0.113333,1.583465,1.367828,0.863820,,150,tous,150,non teste,ordinal 3 et plus,attitude
B3 foret,helpful,150,0.060000,1.583465,1.500876,0.947843,,150,tous,150,non teste,ordinal 3 et plus,attitude
humains vague 2,helpful,150,0.026667,1.583465,1.576321,0.995488,,150,tous,150,non teste,ordinal 3 et plus,attitude
agents composite,trust,150,0.023333,1.475927,1.424962,0.965469,,150,tous,150,non teste,ordinal 3 et plus,attitude
agents entretien (v3),trust,150,0.140000,1.475927,1.165746,0.789840,,150,tous,150,non teste,ordinal 3 et plus,attitude
agents enquete,trust,150,0.153333,1.475927,1.592054,1.078681,,150,tous,150,non teste,ordinal 3 et plus,attitude
agents demographiques (v6),trust,150,0.080000,1.475927,1.464705,0.992397,,150,tous,150,non teste,ordinal 3 et plus,attitude
agents v7,trust,150,0.300000,1.475927,1.381067,0.935729,,150,tous,150,non teste,ordinal 3 et plus,attitude
agents v8,trust,150,0.123333,1.475927,1.401788,0.949768,,150,tous,150,non teste,ordinal 3 et plus,attitude
C2,trust,150,0.213333,1.475927,0.821328,0.556483,,150,tous,150,non teste,ordinal 3 et plus,attitude
C3,trust,150,0.296667,1.475927,0.430054,0.291379,,150,tous,150,non teste,ordinal 3 et plus,attitude
B0 mode,trust,150,0.340000,1.475927,0.000000,0.000000,,150,tous,150,non teste,ordinal 3 et plus,attitude
B0 tirage,trust,150,0.043333,1.475927,1.527534,1.034966,,150,tous,150,non teste,ordinal 3 et plus,attitude
B1 argmax,trust,150,0.150000,1.475927,1.141901,0.773684,,150,tous,150,non teste,ordinal 3 et plus,attitude
B2 argmax,trust,150,0.113333,1.475927,1.218894,0.825850,,150,tous,150,non teste,ordinal 3 et plus,attitude
B3 foret,trust,150,0.283333,1.475927,0.535375,0.362738,,150,tous,150,non teste,ordinal 3 et plus,attitude
humains vague 2,trust,150,0.040000,1.475927,1.418396,0.961020,,150,tous,150,non teste,ordinal 3 et plus,attitude
agents composite,tax,150,0.096667,1.118845,1.095191,0.978858,,150,tous,150,non teste,ordinal 3 et plus,attitude
agents entretien (v3),tax,150,0.090000,1.118845,1.256676,1.123190,,150,tous,150,non teste,ordinal 3 et plus,attitude
agents enquete,tax,150,0.073333,1.118845,1.160209,1.036970,,150,tous,150,non teste,ordinal 3 et plus,attitude
agents demographiques (v6),tax,150,0.056667,1.118845,0.869185,0.776859,,150,tous,150,non teste,ordinal 3 et plus,attitude
agents v7,tax,150,0.200000,1.118845,0.891235,0.796567,,150,tous,150,non teste,ordinal 3 et plus,attitude
agents v8,tax,150,0.170000,1.118845,1.234774,1.103615,,150,tous,150,non teste,ordinal 3 et plus,attitude
C2,tax,150,0.016667,1.118845,0.952887,0.851670,,150,tous,150,non teste,ordinal 3 et plus,attitude
C3,tax,150,0.036667,1.118845,1.037070,0.926911,,150,tous,150,non teste,ordinal 3 et plus,attitude
B0 mode,tax,150,0.200000,1.118845,0.000000,0.000000,,150,tous,150,non teste,ordinal 3 et plus,attitude
B0 tirage,tax,150,0.046667,1.118845,1.177520,1.052442,,150,tous,150,non teste,ordinal 3 et plus,attitude
B1 argmax,tax,150,0.083333,1.118845,0.788586,0.704821,,150,tous,150,non teste,ordinal 3 et plus,attitude
B2 argmax,tax,150,0.030000,1.118845,0.971726,0.868508,,150,tous,150,non teste,ordinal 3 et plus,attitude
B3 foret,tax,150,0.113333,1.118845,0.670083,0.598906,,150,tous,150,non teste,ordinal 3 et plus,attitude
humains vague 2,tax,150,0.043333,1.118845,1.213889,1.084949,,150,tous,150,non teste,ordinal 3 et plus,attitude
agents composite,vote16,150,0.053333,1.292139,1.334773,1.032995,-0.006667,150,tous,150,sensible,nominal,comportement
agents entretien (v3),vote16,148,0.091261,1.292139,1.255960,0.972001,0.035586,150,tous,150,sensible,nominal,comportement
agents enquete,vote16,150,0.113333,1.292139,1.045801,0.809357,-0.006667,150,tous,150,sensible,nominal,comportement
agents demographiques (v6),vote16,149,0.066309,1.292139,1.116649,0.864187,0.051230,150,tous,150,sensible,nominal,comportement
agents v7,vote16,150,0.173333,1.292139,0.897688,0.694730,0.173333,150,tous,150,sensible,nominal,comportement
agents v8,vote16,150,0.240000,1.292139,0.614314,0.475424,0.233333,150,tous,150,sensible,nominal,comportement
C2,vote16,150,0.586667,1.292139,0.654831,0.506781,-0.466667,150,tous,150,sensible,nominal,comportement
C3,vote16,150,0.660000,1.292139,0.452308,0.350046,-0.540000,150,tous,150,sensible,nominal,comportement
B0 mode,vote16,150,0.366667,1.292139,0.000000,0.000000,0.366667,150,tous,150,sensible,nominal,comportement
B0 tirage,vote16,150,0.060000,1.292139,1.117604,0.864926,0.060000,150,tous,150,sensible,nominal,comportement
B1 argmax,vote16,150,0.093333,1.292139,1.119580,0.866455,0.093333,150,tous,150,sensible,nominal,comportement
B2 argmax,vote16,150,0.340000,1.292139,0.182198,0.141005,0.340000,150,tous,150,sensible,nominal,comportement
B3 foret,vote16,150,0.180000,1.292139,0.884500,0.684524,0.180000,150,tous,150,sensible,nominal,comportement
humains vague 2,vote16,150,0.006667,1.292139,1.282888,0.992841,0.006667,150,tous,150,sensible,nominal,comportement
agents composite,pres16,150,0.113333,1.792403,1.666290,0.929640,,150,tous,150,temoin,nominal,comportement
agents entretien (v3),pres16,150,0.126667,1.792403,1.717510,0.958216,,150,tous,150,temoin,nominal,comportement
agents enquete,pres16,149,0.084564,1.792403,1.749616,0.976128,,150,tous,150,temoin,nominal,comportement
agents demographiques (v6),pres16,150,0.126667,1.792403,1.559866,0.870265,,150,tous,150,temoin,nominal,comportement
agents v7,pres16,150,0.266667,1.792403,1.566357,0.873887,,150,tous,150,temoin,nominal,comportement
agents v8,pres16,150,0.320000,1.792403,1.553324,0.866615,,150,tous,150,temoin,nominal,comportement
C2,pres16,150,0.233333,1.792403,1.454109,0.811262,,150,tous,150,temoin,nominal,comportement
C3,pres16,150,0.146667,1.792403,1.751257,0.977044,,150,tous,150,temoin,nominal,comportement
B0 mode,pres16,150,0.686667,1.792403,0.000000,0.000000,,150,tous,150,temoin,nominal,comportement
B0 tirage,pres16,150,0.053333,1.792403,1.788629,0.997894,,150,tous,150,temoin,nominal,comportement
B1 argmax,pres16,150,0.073333,1.792403,1.702019,0.949574,,150,tous,150,temoin,nominal,comportement
B2 argmax,pres16,150,0.246667,1.792403,1.457628,0.813226,,150,tous,150,temoin,nominal,comportement
B3 foret,pres16,150,0.100000,1.792403,1.574284,0.878309,,150,tous,150,temoin,nominal,comportement
humains vague 2,pres16,150,0.013333,1.792403,1.772762,0.989042,,150,tous,150,temoin,nominal,comportement
agents composite,if16who,150,0.066667,1.500876,1.393076,0.928175,,150,tous,150,investiguer,nominal,comportement
agents entretien (v3),if16who,150,0.100000,1.500876,1.339425,0.892429,,150,tous,150,investiguer,nominal,comportement
agents enquete,if16who,150,0.080000,1.500876,1.352469,0.901120,,150,tous,150,investiguer,nominal,comportement
agents demographiques (v6),if16who,150,0.200000,1.500876,1.231590,0.820581,,150,tous,150,investiguer,nominal,comportement
agents v7,if16who,150,0.260000,1.500876,1.122192,0.747691,,150,tous,150,investiguer,nominal,comportement
agents v8,if16who,150,0.066667,1.500876,1.413564,0.941826,,150,tous,150,investiguer,nominal,comportement
C2,if16who,150,0.146667,1.500876,1.308179,0.871610,,150,tous,150,investiguer,nominal,comportement
C3,if16who,150,0.213333,1.500876,1.581880,1.053971,,150,tous,150,investiguer,nominal,comportement
B0 mode,if16who,150,0.540000,1.500876,0.000000,0.000000,,150,tous,150,investiguer,nominal,comportement
B0 tirage,if16who,150,0.053333,1.500876,1.550626,1.033147,,150,tous,150,investiguer,nominal,comportement
B1 argmax,if16who,150,0.033333,1.500876,1.479078,0.985476,,150,tous,150,investiguer,nominal,comportement
B2 argmax,if16who,150,0.213333,1.500876,0.916293,0.610506,,150,tous,150,investiguer,nominal,comportement
B3 foret,if16who,150,0.106667,1.500876,1.280997,0.853500,,150,tous,150,investiguer,nominal,comportement
humains vague 2,if16who,150,0.020000,1.500876,1.506525,1.003764,,150,tous,150,investiguer,nominal,comportement
agents composite,news,150,0.145000,2.097919,1.603218,0.764194,-0.115000,150,tous,150,investiguer,ordinal 3 et plus,comportement
agents entretien (v3),news,150,0.130000,2.097919,1.734660,0.826848,-0.050000,150,tous,150,investiguer,ordinal 3 et plus,comportement
agents enquete,news,150,0.266667,2.097919,1.306362,0.622694,0.190000,150,tous,150,investiguer,ordinal 3 et plus,comportement
agents demographiques (v6),news,150,0.170000,2.097919,1.479078,0.705021,0.083333,150,tous,150,investiguer,ordinal 3 et plus,comportement
agents v7,news,150,0.241667,2.097919,1.526905,0.727819,0.165000,150,tous,150,investiguer,ordinal 3 et plus,comportement
agents v8,news,150,0.348333,2.097919,1.045196,0.498206,0.291667,150,tous,150,investiguer,ordinal 3 et plus,comportement
C2,news,150,0.300000,2.097919,0.460755,0.219625,-0.120000,150,tous,150,investiguer,ordinal 3 et plus,comportement
C3,news,150,0.185000,2.097919,1.358389,0.647493,-0.185000,150,tous,150,investiguer,ordinal 3 et plus,comportement
B0 mode,news,150,0.376667,2.097919,0.000000,0.000000,-0.376667,150,tous,150,investiguer,ordinal 3 et plus,comportement
B0 tirage,news,150,0.028333,2.097919,2.102840,1.002346,-0.028333,150,tous,150,investiguer,ordinal 3 et plus,comportement
B1 argmax,news,150,0.090000,2.097919,1.713545,0.816783,-0.090000,150,tous,150,investiguer,ordinal 3 et plus,comportement
B2 argmax,news,150,0.225000,2.097919,1.255185,0.598300,-0.225000,150,tous,150,investiguer,ordinal 3 et plus,comportement
B3 foret,news,150,0.238333,2.097919,0.891373,0.424884,-0.238333,150,tous,150,investiguer,ordinal 3 et plus,comportement
humains vague 2,news,150,0.023333,2.097919,2.174416,1.036463,0.010000,150,tous,150,investiguer,ordinal 3 et plus,comportement
agents composite,jew,150,0.273333,1.274892,0.146250,0.114715,,150,tous,150,non teste,nominal,comportement
agents entretien (v3),jew,150,0.286667,1.274892,0.062587,0.049092,,150,tous,150,non teste,nominal,comportement
agents enquete,jew,150,0.260000,1.274892,0.276000,0.216489,,150,tous,150,non teste,nominal,comportement
agents demographiques (v6),jew,150,0.160000,1.274892,0.777301,0.609699,,150,tous,150,non teste,nominal,comportement
agents v7,jew,149,0.280000,1.274892,0.183159,0.143666,,150,tous,150,non teste,nominal,comportement
agents v8,jew,150,0.280000,1.274892,0.146250,0.114715,,150,tous,150,non teste,nominal,comportement
C2,jew,150,0.293333,1.274892,0.000000,0.000000,,150,tous,150,non teste,nominal,comportement
C3,jew,150,0.073333,1.274892,1.015745,0.796730,,150,tous,150,non teste,nominal,comportement
B0 mode,jew,150,0.293333,1.274892,0.000000,0.000000,,150,tous,150,non teste,nominal,comportement
B0 tirage,jew,150,0.033333,1.274892,1.375158,1.078646,,150,tous,150,non teste,nominal,comportement
B1 argmax,jew,150,0.240000,1.274892,0.363343,0.284999,,150,tous,150,non teste,nominal,comportement
B2 argmax,jew,150,0.286667,1.274892,0.062587,0.049092,,150,tous,150,non teste,nominal,comportement
B3 foret,jew,150,0.293333,1.274892,0.000000,0.000000,,150,tous,150,non teste,nominal,comportement
humains vague 2,jew,150,0.033333,1.274892,1.212186,0.950815,,150,tous,150,non teste,nominal,comportement
agents composite,relig16*,150,0.146667,2.031489,1.880331,0.925592,,150,tous,150,non teste,nominal,comportement
agents entretien (v3),relig16*,148,0.196036,2.031489,1.830726,0.901174,,150,tous,150,non teste,nominal,comportement
agents enquete,relig16*,150,0.440000,2.031489,1.667576,0.820864,,150,tous,150,non teste,nominal,comportement
agents demographiques (v6),relig16*,149,0.189351,2.031489,2.016351,0.992548,,150,tous,150,non teste,nominal,comportement
agents v7,relig16*,150,0.333333,2.031489,1.607298,0.791192,,150,tous,150,non teste,nominal,comportement
agents v8,relig16*,150,0.433333,2.031489,1.191419,0.586476,,150,tous,150,non teste,nominal,comportement
C2,relig16*,150,0.166667,2.031489,1.928652,0.949379,,150,tous,150,non teste,nominal,comportement
C3,relig16*,150,0.786667,2.031489,0.276874,0.136291,,150,tous,150,non teste,nominal,comportement
B0 mode,relig16*,150,0.706667,2.031489,0.000000,0.000000,,150,tous,150,non teste,nominal,comportement
B0 tirage,relig16*,150,0.093333,2.031489,2.113377,1.040309,,150,tous,150,non teste,nominal,comportement
B1 argmax,relig16*,150,0.086667,2.031489,1.973899,0.971652,,150,tous,150,non teste,nominal,comportement
B2 argmax,relig16*,150,0.273333,2.031489,1.625979,0.800388,,150,tous,150,non teste,nominal,comportement
B3 foret,relig16*,150,0.220000,2.031489,1.678690,0.826335,,150,tous,150,non teste,nominal,comportement
humains vague 2,relig16*,150,0.053333,2.031489,2.063014,1.015518,,150,tous,150,non teste,nominal,comportement
agents composite,jew16*,150,0.246667,1.190756,0.213674,0.179444,,150,tous,150,non teste,nominal,comportement
agents entretien (v3),jew16*,147,0.259864,1.190756,0.063665,0.053466,,150,tous,150,non teste,nominal,comportement
agents enquete,jew16*,150,0.146667,1.190756,0.752068,0.631589,,150,tous,150,non teste,nominal,comportement
agents demographiques (v6),jew16*,149,0.253244,1.190756,0.107555,0.090325,,150,tous,150,non teste,nominal,comportement
agents v7,jew16*,150,0.260000,1.190756,0.062587,0.052561,,150,tous,150,non teste,nominal,comportement
agents v8,jew16*,150,0.266667,1.190756,0.000000,0.000000,,150,tous,150,non teste,nominal,comportement
C2,jew16*,150,0.266667,1.190756,0.000000,0.000000,,150,tous,150,non teste,nominal,comportement
C3,jew16*,150,0.180000,1.190756,0.538482,0.452218,,150,tous,150,non teste,nominal,comportement
B0 mode,jew16*,150,0.266667,1.190756,0.000000,0.000000,,150,tous,150,non teste,nominal,comportement
B0 tirage,jew16*,150,0.113333,1.190756,1.011089,0.849116,,150,tous,150,non teste,nominal,comportement
B1 argmax,jew16*,150,0.246667,1.190756,0.169424,0.142283,,150,tous,150,non teste,nominal,comportement
B2 argmax,jew16*,150,0.266667,1.190756,0.000000,0.000000,,150,tous,150,non teste,nominal,comportement
B3 foret,jew16*,150,0.266667,1.190756,0.000000,0.000000,,150,tous,150,non teste,nominal,comportement
humains vague 2,jew16*,150,0.093333,1.190756,1.055354,0.886289,,150,tous,150,non teste,nominal,comportement
agents composite,attend,150,0.045833,2.521092,2.025062,0.803248,0.019167,150,tous,150,sensible,ordinal 3 et plus,comportement
agents entretien (v3),attend,150,0.038333,2.521092,1.823890,0.723452,-0.008333,150,tous,150,sensible,ordinal 3 et plus,comportement
agents enquete,attend,150,0.078333,2.521092,1.968093,0.780651,-0.045000,150,tous,150,sensible,ordinal 3 et plus,comportement
agents demographiques (v6),attend,150,0.050833,2.521092,1.790837,0.710342,-0.007500,150,tous,150,sensible,ordinal 3 et plus,comportement
agents v7,attend,149,0.164273,2.521092,1.290339,0.511818,-0.164273,150,tous,150,sensible,ordinal 3 et plus,comportement
agents v8,attend,150,0.063333,2.521092,1.778168,0.705317,-0.048333,150,tous,150,sensible,ordinal 3 et plus,comportement
C2,attend,150,0.119167,2.521092,1.768443,0.701459,-0.059167,150,tous,150,sensible,ordinal 3 et plus,comportement
C3,attend,150,0.092500,2.521092,1.469278,0.582794,-0.044167,150,tous,150,sensible,ordinal 3 et plus,comportement
B0 mode,attend,150,0.273333,2.521092,0.000000,0.000000,-0.273333,150,tous,150,sensible,ordinal 3 et plus,comportement
B0 tirage,attend,150,0.022500,2.521092,2.342835,0.929294,-0.014167,150,tous,150,sensible,ordinal 3 et plus,comportement
B1 argmax,attend,150,0.197500,2.521092,1.017741,0.403691,-0.197500,150,tous,150,sensible,ordinal 3 et plus,comportement
B2 argmax,attend,150,0.147500,2.521092,0.925772,0.367211,-0.147500,150,tous,150,sensible,ordinal 3 et plus,comportement
B3 foret,attend,150,0.273333,2.521092,0.000000,0.000000,-0.273333,150,tous,150,sensible,ordinal 3 et plus,comportement
humains vague 2,attend,150,0.024167,2.521092,2.642460,1.048141,0.019167,150,tous,150,sensible,ordinal 3 et plus,comportement
agents composite,pray,150,0.121333,2.362617,2.300236,0.973597,-0.121333,150,tous,150,investiguer,ordinal 3 et plus,comportement
agents entretien (v3),pray,150,0.138667,2.362617,2.143496,0.907255,-0.138667,150,tous,150,investiguer,ordinal 3 et plus,comportement
agents enquete,pray,150,0.202667,2.362617,2.013936,0.852417,-0.202667,150,tous,150,investiguer,ordinal 3 et plus,comportement
agents demographiques (v6),pray,150,0.177333,2.362617,1.755149,0.742883,-0.177333,150,tous,150,investiguer,ordinal 3 et plus,comportement
agents v7,pray,149,0.341879,2.362617,1.369798,0.579780,-0.341879,150,tous,150,investiguer,ordinal 3 et plus,comportement
agents v8,pray,150,0.238667,2.362617,1.801505,0.762504,-0.238667,150,tous,150,investiguer,ordinal 3 et plus,comportement
C2,pray,150,0.249333,2.362617,1.306131,0.552833,-0.124000,150,tous,150,investiguer,ordinal 3 et plus,comportement
C3,pray,150,0.276000,2.362617,1.549440,0.655815,-0.276000,150,tous,150,investiguer,ordinal 3 et plus,comportement
B0 mode,pray,150,0.460000,2.362617,0.000000,0.000000,-0.460000,150,tous,150,investiguer,ordinal 3 et plus,comportement
B0 tirage,pray,150,0.038667,2.362617,2.420155,1.024354,0.038667,150,tous,150,investiguer,ordinal 3 et plus,comportement
B1 argmax,pray,150,0.098667,2.362617,1.859725,0.787146,-0.072000,150,tous,150,investiguer,ordinal 3 et plus,comportement
B2 argmax,pray,150,0.188000,2.362617,1.256377,0.531774,-0.164000,150,tous,150,investiguer,ordinal 3 et plus,comportement
B3 foret,pray,150,0.188000,2.362617,1.013907,0.429146,-0.150667,150,tous,150,investiguer,ordinal 3 et plus,comportement
humains vague 2,pray,150,0.010667,2.362617,2.360591,0.999143,-0.005333,150,tous,150,investiguer,ordinal 3 et plus,comportement
agents composite,postlife,150,0.033333,0.877797,0.916293,1.043855,,150,tous,150,non teste,binaire,attitude
agents entretien (v3),postlife,150,0.026667,0.877797,0.909190,1.035764,,150,tous,150,non teste,binaire,attitude
agents enquete,postlife,150,0.120000,0.877797,0.983027,1.119879,,150,tous,150,non teste,binaire,attitude
agents demographiques (v6),postlife,150,0.200000,0.877797,1.004681,1.144548,,150,tous,150,non teste,binaire,attitude
agents v7,postlife,149,0.364385,0.877797,0.931827,1.061551,,150,tous,150,non teste,binaire,attitude
agents v8,postlife,150,0.260000,0.877797,0.996586,1.135326,,150,tous,150,non teste,binaire,attitude
C2,postlife,150,0.293333,0.877797,0.000000,0.000000,,150,tous,150,non teste,binaire,attitude
C3,postlife,150,0.186667,0.877797,1.003655,1.143378,,150,tous,150,non teste,binaire,attitude
B0 mode,postlife,150,0.293333,0.877797,0.000000,0.000000,,150,tous,150,non teste,binaire,attitude
B0 tirage,postlife,150,0.013333,0.877797,0.894097,1.018569,,150,tous,150,non teste,binaire,attitude
B1 argmax,postlife,150,0.193333,0.877797,0.473805,0.539765,,150,tous,150,non teste,binaire,attitude
B2 argmax,postlife,150,0.000000,0.877797,0.877797,1.000000,,150,tous,150,non teste,binaire,attitude
B3 foret,postlife,150,0.240000,0.877797,0.305200,0.347689,,150,tous,150,non teste,binaire,attitude
humains vague 2,postlife,150,0.033333,0.877797,0.831555,0.947320,,150,tous,150,non teste,binaire,attitude
agents composite,bible,149,0.147987,1.558572,1.207206,0.774559,,150,tous,150,non teste,ordinal 3 et plus,attitude
agents entretien (v3),bible,147,0.126871,1.558572,1.294243,0.830403,,150,tous,150,non teste,ordinal 3 et plus,attitude
agents enquete,bible,149,0.154698,1.558572,1.297315,0.832374,,150,tous,150,non teste,ordinal 3 et plus,attitude
agents demographiques (v6),bible,150,0.216667,1.558572,1.001601,0.642640,,150,tous,150,non teste,ordinal 3 et plus,attitude
agents v7,bible,150,0.183333,1.558572,0.829379,0.532140,,150,tous,150,non teste,ordinal 3 et plus,attitude
agents v8,bible,150,0.110000,1.558572,1.249527,0.801712,,150,tous,150,non teste,ordinal 3 et plus,attitude
C2,bible,150,0.203333,1.558572,0.670083,0.429933,,150,tous,150,non teste,ordinal 3 et plus,attitude
C3,bible,150,0.283333,1.558572,0.125109,0.080272,,150,tous,150,non teste,ordinal 3 et plus,attitude
B0 mode,bible,150,0.290000,1.558572,0.000000,0.000000,,150,tous,150,non teste,ordinal 3 et plus,attitude
B0 tirage,bible,150,0.036667,1.558572,1.554443,0.997350,,150,tous,150,non teste,ordinal 3 et plus,attitude
B1 argmax,bible,150,0.053333,1.558572,1.422236,0.912525,,150,tous,150,non teste,ordinal 3 et plus,attitude
B2 argmax,bible,150,0.136667,1.558572,1.438383,0.922885,,150,tous,150,non teste,ordinal 3 et plus,attitude
B3 foret,bible,150,0.090000,1.558572,1.322438,0.848493,,150,tous,150,non teste,ordinal 3 et plus,attitude
humains vague 2,bible,150,0.016667,1.558572,1.534882,0.984800,,150,tous,150,non teste,ordinal 3 et plus,attitude
agents composite,reborn,150,0.113333,1.582726,1.565363,0.989030,0.037932,150,tous,150,investiguer,nominal,comportement
agents entretien (v3),reborn,149,0.069217,1.582726,1.576601,0.996130,-0.003271,150,tous,150,investiguer,nominal,comportement
agents enquete,reborn,150,0.160000,1.582726,1.442202,0.911214,-0.197299,150,tous,150,investiguer,nominal,comportement
agents demographiques (v6),reborn,150,0.266667,1.582726,1.369743,0.865433,-0.109724,150,tous,150,investiguer,nominal,comportement
agents v7,reborn,150,0.286667,1.582726,1.227557,0.775597,-0.263250,150,tous,150,investiguer,nominal,comportement
agents v8,reborn,150,0.233333,1.582726,1.336148,0.844207,-0.197676,150,tous,150,investiguer,nominal,comportement
C2,reborn,150,0.320000,1.582726,1.151535,0.727564,-0.290088,150,tous,150,investiguer,nominal,comportement
C3,reborn,150,0.586667,1.582726,0.473805,0.299360,-0.427184,150,tous,150,investiguer,nominal,comportement
B0 mode,reborn,150,0.606667,1.582726,0.000000,0.000000,-0.427184,150,tous,150,investiguer,nominal,comportement
B0 tirage,reborn,150,0.060000,1.582726,1.549757,0.979170,-0.045366,150,tous,150,investiguer,nominal,comportement
B1 argmax,reborn,150,0.100000,1.582726,1.515903,0.957780,-0.093851,150,tous,150,investiguer,nominal,comportement
B2 argmax,reborn,150,0.133333,1.582726,1.517948,0.959072,-0.077787,150,tous,150,investiguer,nominal,comportement
B3 foret,reborn,150,0.140000,1.582726,1.450566,0.916498,-0.181901,150,tous,150,investiguer,nominal,comportement
humains vague 2,reborn,150,0.013333,1.582726,1.587608,1.003085,0.019417,150,tous,150,investiguer,nominal,comportement
agents composite,savesoul,150,0.046667,0.923105,0.962851,1.043057,0.046667,150,tous,150,investiguer,binaire,comportement
agents entretien (v3),savesoul,150,0.100000,0.923105,0.788586,0.854276,-0.100000,150,tous,150,investiguer,binaire,comportement
agents enquete,savesoul,150,0.186667,0.923105,0.606244,0.656745,-0.186667,150,tous,150,investiguer,binaire,comportement
agents demographiques (v6),savesoul,150,0.186667,0.923105,0.606244,0.656745,-0.186667,150,tous,150,investiguer,binaire,comportement
agents v7,savesoul,150,0.173333,0.923105,0.639119,0.692357,-0.173333,150,tous,150,investiguer,binaire,comportement
agents v8,savesoul,150,0.146667,0.923105,0.699255,0.757503,-0.146667,150,tous,150,investiguer,binaire,comportement
C2,savesoul,150,0.053333,0.923105,0.860260,0.931920,-0.053333,150,tous,150,investiguer,binaire,comportement
C3,savesoul,150,0.040000,0.923105,0.877797,0.950918,-0.040000,150,tous,150,investiguer,binaire,comportement
B0 mode,savesoul,150,0.333333,0.923105,0.000000,0.000000,-0.333333,150,tous,150,investiguer,binaire,comportement
B0 tirage,savesoul,150,0.006667,0.923105,0.916293,0.992621,-0.006667,150,tous,150,investiguer,binaire,comportement
B1 argmax,savesoul,150,0.126667,0.923105,0.739872,0.801503,-0.126667,150,tous,150,investiguer,binaire,comportement
B2 argmax,savesoul,150,0.146667,0.923105,0.699255,0.757503,-0.146667,150,tous,150,investiguer,binaire,comportement
B3 foret,savesoul,150,0.246667,0.923105,0.430054,0.465877,-0.246667,150,tous,150,investiguer,binaire,comportement
humains vague 2,savesoul,150,0.013333,0.923105,0.909190,0.984927,-0.013333,150,tous,150,investiguer,binaire,comportement
agents composite,granborn,150,0.146667,1.717655,1.193607,0.694905,,150,tous,150,non teste,ordinal 3 et plus,comportement
agents entretien (v3),granborn,150,0.101667,1.717655,1.241873,0.723005,,150,tous,150,non teste,ordinal 3 et plus,comportement
agents enquete,granborn,150,0.123333,1.717655,1.663153,0.968270,,150,tous,150,non teste,ordinal 3 et plus,comportement
agents demographiques (v6),granborn,149,0.030872,1.717655,1.500474,0.873560,,150,tous,150,non teste,ordinal 3 et plus,comportement
agents v7,granborn,150,0.061667,1.717655,1.529509,0.890464,,150,tous,150,non teste,ordinal 3 et plus,comportement
agents v8,granborn,150,0.138333,1.717655,1.232537,0.717570,,150,tous,150,non teste,ordinal 3 et plus,comportement
C2,granborn,150,0.271667,1.717655,0.708497,0.412479,,150,tous,150,non teste,ordinal 3 et plus,comportement
C3,granborn,150,0.323333,1.717655,0.000000,0.000000,,150,tous,150,non teste,ordinal 3 et plus,comportement
B0 mode,granborn,150,0.323333,1.717655,0.000000,0.000000,,150,tous,150,non teste,ordinal 3 et plus,comportement
B0 tirage,granborn,150,0.015000,1.717655,1.765029,1.027581,,150,tous,150,non teste,ordinal 3 et plus,comportement
B1 argmax,granborn,150,0.125000,1.717655,0.951084,0.553711,,150,tous,150,non teste,ordinal 3 et plus,comportement
B2 argmax,granborn,150,0.283333,1.717655,0.247101,0.143860,,150,tous,150,non teste,ordinal 3 et plus,comportement
B3 foret,granborn,150,0.230000,1.717655,0.452308,0.263329,,150,tous,150,non teste,ordinal 3 et plus,comportement
humains vague 2,granborn,150,0.008333,1.717655,1.769373,1.030110,,150,tous,150,non teste,ordinal 3 et plus,comportement
agents composite,uscitzn*,150,0.000000,0.106967,0.106967,1.000000,,150,tous,150,non teste,binaire,comportement
agents entretien (v3),uscitzn*,150,0.000000,0.106967,0.106967,1.000000,,150,tous,150,non teste,binaire,comportement
agents enquete,uscitzn*,150,0.306667,0.106967,0.909190,8.499727,,150,tous,150,non teste,binaire,comportement
agents demographiques (v6),uscitzn*,149,0.006801,0.106967,0.147035,1.374581,,150,tous,150,non teste,binaire,comportement
agents v7,uscitzn*,150,0.026667,0.106967,0.247101,2.310069,,150,tous,150,non teste,binaire,comportement
agents v8,uscitzn*,150,0.026667,0.106967,0.247101,2.310069,,150,tous,150,non teste,binaire,comportement
C2,uscitzn*,150,0.013333,0.106967,0.000000,0.000000,,150,tous,150,non teste,binaire,comportement
C3,uscitzn*,150,0.000000,0.106967,0.106967,1.000000,,150,tous,150,non teste,binaire,comportement
B0 mode,uscitzn*,150,0.013333,0.106967,0.000000,0.000000,,150,tous,150,non teste,binaire,comportement
B0 tirage,uscitzn*,150,0.013333,0.106967,0.000000,0.000000,,150,tous,150,non teste,binaire,comportement
B1 argmax,uscitzn*,150,0.013333,0.106967,0.000000,0.000000,,150,tous,150,non teste,binaire,comportement
B2 argmax,uscitzn*,150,0.013333,0.106967,0.000000,0.000000,,150,tous,150,non teste,binaire,comportement
B3 foret,uscitzn*,150,0.013333,0.106967,0.000000,0.000000,,150,tous,150,non teste,binaire,comportement
humains vague 2,uscitzn*,150,0.000000,0.106967,0.106967,1.000000,,150,tous,150,non teste,binaire,comportement
agents composite,fucitzn,150,0.013333,0.231816,0.125109,0.539691,,150,tous,150,non teste,nominal,comportement
agents entretien (v3),fucitzn,150,0.013333,0.231816,0.125109,0.539691,,150,tous,150,non teste,nominal,comportement
agents enquete,fucitzn,150,0.300000,0.231816,1.302230,5.617506,,150,tous,150,non teste,nominal,comportement
agents demographiques (v6),fucitzn,149,0.006622,0.231816,0.188629,0.813701,,150,tous,150,non teste,nominal,comportement
agents v7,fucitzn,150,0.026667,0.231816,0.277911,1.198841,,150,tous,150,non teste,nominal,comportement
agents v8,fucitzn,150,0.026667,0.231816,0.277911,1.198841,,150,tous,150,non teste,nominal,comportement
C2,fucitzn,150,0.740000,0.231816,1.057732,4.562799,,150,tous,150,non teste,nominal,comportement
C3,fucitzn,150,0.026667,0.231816,0.106967,0.461430,,150,tous,150,non teste,nominal,comportement
B0 mode,fucitzn,150,0.026667,0.231816,0.000000,0.000000,,150,tous,150,non teste,nominal,comportement
B0 tirage,fucitzn,150,0.020000,0.231816,0.062587,0.269985,,150,tous,150,non teste,nominal,comportement
B1 argmax,fucitzn,150,0.020000,0.231816,0.062587,0.269985,,150,tous,150,non teste,nominal,comportement
B2 argmax,fucitzn,150,0.026667,0.231816,0.000000,0.000000,,150,tous,150,non teste,nominal,comportement
B3 foret,fucitzn,150,0.026667,0.231816,0.000000,0.000000,,150,tous,150,non teste,nominal,comportement
humains vague 2,fucitzn,150,0.006667,0.231816,0.169424,0.730856,,150,tous,150,non teste,nominal,comportement
agents composite,mnthsusa,149,0.107472,0.106967,0.536513,5.015683,,150,tous,150,non teste,nominal,comportement
agents entretien (v3),mnthsusa,150,0.226667,0.106967,0.799849,7.477532,,150,tous,150,non teste,nominal,comportement
agents enquete,mnthsusa,150,0.066667,0.106967,0.406988,3.804801,,150,tous,150,non teste,nominal,comportement
agents demographiques (v6),mnthsusa,149,0.000089,0.106967,0.107555,1.005492,,150,tous,150,non teste,nominal,comportement
agents v7,mnthsusa,150,0.220000,0.106967,0.968626,9.055370,,150,tous,150,non teste,nominal,comportement
agents v8,mnthsusa,150,0.006667,0.106967,0.146250,1.367239,,150,tous,150,non teste,nominal,comportement
C2,mnthsusa,150,0.013333,0.106967,0.000000,0.000000,,150,tous,150,non teste,nominal,comportement
C3,mnthsusa,150,0.013333,0.106967,0.182198,1.703314,,150,tous,150,non teste,nominal,comportement
B0 mode,mnthsusa,150,0.013333,0.106967,0.000000,0.000000,,150,tous,150,non teste,nominal,comportement
B0 tirage,mnthsusa,150,0.020000,0.106967,0.215651,2.016054,,150,tous,150,non teste,nominal,comportement
B1 argmax,mnthsusa,150,0.013333,0.106967,0.000000,0.000000,,150,tous,150,non teste,nominal,comportement
B2 argmax,mnthsusa,150,0.013333,0.106967,0.000000,0.000000,,150,tous,150,non teste,nominal,comportement
B3 foret,mnthsusa,150,0.013333,0.106967,0.000000,0.000000,,150,tous,150,non teste,nominal,comportement
humains vague 2,mnthsusa,150,0.006667,0.106967,0.146250,1.367239,,150,tous,150,non teste,nominal,comportement
agents composite,income,150,0.056970,2.676537,2.165981,0.809247,0.055758,150,tous,150,non teste,ordinal 3 et plus,comportement
agents entretien (v3),income,143,0.036101,2.676537,2.335926,0.872742,0.035982,150,tous,150,non teste,ordinal 3 et plus,comportement
agents enquete,income,147,0.069363,2.676537,2.407289,0.899404,0.043537,150,tous,150,non teste,ordinal 3 et plus,comportement
agents demographiques (v6),income,148,0.002703,2.676537,2.697978,1.008011,-0.002703,150,tous,150,non teste,ordinal 3 et plus,comportement
agents v7,income,147,0.146815,2.676537,1.201926,0.449060,0.146815,150,tous,150,non teste,ordinal 3 et plus,comportement
agents v8,income,143,0.179021,2.676537,0.659099,0.246251,0.179021,150,tous,150,non teste,ordinal 3 et plus,comportement
C2,income,150,0.147273,2.676537,2.415381,0.902428,-0.144848,150,tous,150,non teste,ordinal 3 et plus,comportement
C3,income,150,0.313939,2.676537,2.128898,0.795393,-0.311515,150,tous,150,non teste,ordinal 3 et plus,comportement
B0 mode,income,150,0.200000,2.676537,0.000000,0.000000,0.200000,150,tous,150,non teste,ordinal 3 et plus,comportement
B0 tirage,income,150,0.066061,2.676537,2.700887,1.009098,-0.063636,150,tous,150,non teste,ordinal 3 et plus,comportement
B1 argmax,income,150,0.120606,2.676537,1.251000,0.467395,0.108485,150,tous,150,non teste,ordinal 3 et plus,comportement
B2 argmax,income,150,0.200000,2.676537,0.000000,0.000000,0.200000,150,tous,150,non teste,ordinal 3 et plus,comportement
B3 foret,income,150,0.152727,2.676537,0.702268,0.262379,0.147879,150,tous,150,non teste,ordinal 3 et plus,comportement
humains vague 2,income,150,0.018788,2.676537,2.622529,0.979821,0.005455,150,tous,150,non teste,ordinal 3 et plus,comportement
agents composite,othlang,150,0.046667,0.831555,0.752615,0.905069,,150,tous,150,temoin,binaire,comportement
agents entretien (v3),othlang,150,0.040000,0.831555,0.764976,0.919935,,150,tous,150,temoin,binaire,comportement
agents enquete,othlang,150,0.013333,0.831555,0.851016,1.023403,,150,tous,150,temoin,binaire,comportement
agents demographiques (v6),othlang,150,0.000000,0.831555,0.831555,1.000000,,150,tous,150,temoin,binaire,comportement
agents v7,othlang,150,0.053333,0.831555,0.901793,1.084465,,150,tous,150,temoin,binaire,comportement
agents v8,othlang,150,0.006667,0.831555,0.841450,1.011899,,150,tous,150,temoin,binaire,comportement
C2,othlang,150,0.480000,0.831555,0.831555,1.000000,,150,tous,150,temoin,binaire,comportement
C3,othlang,150,0.640000,0.831555,0.473805,0.569781,,150,tous,150,temoin,binaire,comportement
B0 mode,othlang,150,0.260000,0.831555,0.000000,0.000000,,150,tous,150,temoin,binaire,comportement
B0 tirage,othlang,150,0.026667,0.831555,0.869185,1.045253,,150,tous,150,temoin,binaire,comportement
B1 argmax,othlang,150,0.153333,0.831555,0.494588,0.594775,,150,tous,150,temoin,binaire,comportement
B2 argmax,othlang,150,0.260000,0.831555,0.000000,0.000000,,150,tous,150,temoin,binaire,comportement
B3 foret,othlang,150,0.186667,0.831555,0.383051,0.460644,,150,tous,150,temoin,binaire,comportement
humains vague 2,othlang,150,0.006667,0.831555,0.841450,1.011899,,150,tous,150,temoin,binaire,comportement
agents composite,health,150,0.060000,1.688114,1.642246,0.972829,-0.060000,150,tous,150,temoin,ordinal 3 et plus,auto evaluation
agents entretien (v3),health,150,0.068889,1.688114,1.665329,0.986503,-0.068889,150,tous,150,temoin,ordinal 3 et plus,auto evaluation
agents enquete,health,150,0.108889,1.688114,0.848608,0.502696,0.015556,150,tous,150,temoin,ordinal 3 et plus,auto evaluation
agents demographiques (v6),health,149,0.173229,1.688114,0.278268,0.164839,0.075451,150,tous,150,temoin,ordinal 3 et plus,auto evaluation
agents v7,health,149,0.148620,1.688114,0.659710,0.390797,0.073214,150,tous,150,temoin,ordinal 3 et plus,auto evaluation
agents v8,health,150,0.160000,1.688114,0.468770,0.277689,0.066667,150,tous,150,temoin,ordinal 3 et plus,auto evaluation
C2,health,150,0.157778,1.688114,0.549072,0.325258,0.086667,150,tous,150,temoin,ordinal 3 et plus,auto evaluation
C3,health,150,0.100000,1.688114,1.055268,0.625116,-0.064444,150,tous,150,temoin,ordinal 3 et plus,auto evaluation
B0 mode,health,150,0.188889,1.688114,0.000000,0.000000,0.091111,150,tous,150,temoin,ordinal 3 et plus,auto evaluation
B0 tirage,health,150,0.013333,1.688114,1.646605,0.975411,-0.013333,150,tous,150,temoin,ordinal 3 et plus,auto evaluation
B1 argmax,health,150,0.126667,1.688114,0.889993,0.527211,0.064444,150,tous,150,temoin,ordinal 3 et plus,auto evaluation
B2 argmax,health,150,0.148889,1.688114,0.534170,0.316430,0.051111,150,tous,150,temoin,ordinal 3 et plus,auto evaluation
B3 foret,health,150,0.186667,1.688114,0.062587,0.037075,0.088889,150,tous,150,temoin,ordinal 3 et plus,auto evaluation
humains vague 2,health,150,0.017778,1.688114,1.593393,0.943889,-0.008889,150,tous,150,temoin,ordinal 3 et plus,auto evaluation
agents composite,compuse*,150,0.020000,0.182198,0.062587,0.343510,,150,tous,150,temoin,binaire,comportement
agents entretien (v3),compuse*,150,0.020000,0.182198,0.062587,0.343510,,150,tous,150,temoin,binaire,comportement
agents enquete,compuse*,150,0.026667,0.182198,0.000000,0.000000,,150,tous,150,temoin,binaire,comportement
agents demographiques (v6),compuse*,149,0.019955,0.182198,0.062942,0.345459,,150,tous,150,temoin,binaire,comportement
agents v7,compuse*,149,0.026667,0.182198,0.000000,0.000000,,150,tous,150,temoin,binaire,comportement
agents v8,compuse*,150,0.026667,0.182198,0.000000,0.000000,,150,tous,150,temoin,binaire,comportement
C2,compuse*,150,0.026667,0.182198,0.000000,0.000000,,150,tous,150,temoin,binaire,comportement
C3,compuse*,150,0.013333,0.182198,0.106967,0.587091,,150,tous,150,temoin,binaire,comportement
B0 mode,compuse*,150,0.026667,0.182198,0.000000,0.000000,,150,tous,150,temoin,binaire,comportement
B0 tirage,compuse*,150,0.000000,0.182198,0.182198,1.000000,,150,tous,150,temoin,binaire,comportement
B1 argmax,compuse*,150,0.026667,0.182198,0.000000,0.000000,,150,tous,150,temoin,binaire,comportement
B2 argmax,compuse*,150,0.026667,0.182198,0.000000,0.000000,,150,tous,150,temoin,binaire,comportement
B3 foret,compuse*,150,0.026667,0.182198,0.000000,0.000000,,150,tous,150,temoin,binaire,comportement
humains vague 2,compuse*,150,0.013333,0.182198,0.247101,1.356220,,150,tous,150,temoin,binaire,comportement
agents composite,webmob,150,0.033333,0.247101,0.062587,0.253285,,150,tous,150,non teste,binaire,comportement
agents entretien (v3),webmob,150,0.033333,0.247101,0.062587,0.253285,,150,tous,150,non teste,binaire,comportement
agents enquete,webmob,150,0.013333,0.247101,0.182198,0.737343,,150,tous,150,non teste,binaire,comportement
agents demographiques (v6),webmob,150,0.040000,0.247101,0.000000,0.000000,,150,tous,150,non teste,binaire,comportement
agents v7,webmob,150,0.013333,0.247101,0.182198,0.737343,,150,tous,150,non teste,binaire,comportement
agents v8,webmob,150,0.026667,0.247101,0.106967,0.432888,,150,tous,150,non teste,binaire,comportement
C2,webmob,150,0.040000,0.247101,0.000000,0.000000,,150,tous,150,non teste,binaire,comportement
C3,webmob,150,0.026667,0.247101,0.106967,0.432888,,150,tous,150,non teste,binaire,comportement
B0 mode,webmob,150,0.040000,0.247101,0.000000,0.000000,,150,tous,150,non teste,binaire,comportement
B0 tirage,webmob,150,0.040000,0.247101,0.000000,0.000000,,150,tous,150,non teste,binaire,comportement
B1 argmax,webmob,150,0.040000,0.247101,0.000000,0.000000,,150,tous,150,non teste,binaire,comportement
B2 argmax,webmob,150,0.040000,0.247101,0.000000,0.000000,,150,tous,150,non teste,binaire,comportement
B3 foret,webmob,150,0.040000,0.247101,0.000000,0.000000,,150,tous,150,non teste,binaire,comportement
humains vague 2,webmob,150,0.006667,0.247101,0.215651,0.872725,,150,tous,150,non teste,binaire,comportement
agents composite,xmovie,150,0.173333,0.971726,0.764976,0.787235,0.173333,150,tous,150,non teste,binaire,comportement
agents entretien (v3),xmovie,150,0.313333,0.971726,0.406988,0.418830,0.313333,150,tous,150,non teste,binaire,comportement
agents enquete,xmovie,146,0.065571,0.971726,1.000062,1.029161,-0.065571,150,tous,150,non teste,binaire,comportement
agents demographiques (v6),xmovie,150,0.340000,0.971726,0.305200,0.314081,0.340000,150,tous,150,non teste,binaire,comportement
agents v7,xmovie,150,0.140000,0.971726,0.821328,0.845226,0.140000,150,tous,150,non teste,binaire,comportement
agents v8,xmovie,150,0.000000,0.971726,0.971726,1.000000,0.000000,150,tous,150,non teste,binaire,comportement
C2,xmovie,150,0.373333,0.971726,0.146250,0.150505,0.373333,150,tous,150,non teste,binaire,comportement
C3,xmovie,150,0.393333,0.971726,0.000000,0.000000,0.393333,150,tous,150,non teste,binaire,comportement
B0 mode,xmovie,150,0.393333,0.971726,0.000000,0.000000,0.393333,150,tous,150,non teste,binaire,comportement
B0 tirage,xmovie,150,0.033333,0.971726,0.947492,0.975061,0.033333,150,tous,150,non teste,binaire,comportement
B1 argmax,xmovie,150,0.086667,0.971726,0.894097,0.920112,0.086667,150,tous,150,non teste,binaire,comportement
B2 argmax,xmovie,150,0.333333,0.971726,0.332254,0.341921,0.333333,150,tous,150,non teste,binaire,comportement
B3 foret,xmovie,150,0.120000,0.971726,0.851016,0.875778,0.120000,150,tous,150,non teste,binaire,comportement
humains vague 2,xmovie,150,0.026667,0.971726,0.986263,1.014960,-0.026667,150,tous,150,non teste,binaire,comportement
agents composite,usewww*,150,0.013333,0.106967,0.000000,0.000000,,150,tous,150,non teste,binaire,comportement
agents entretien (v3),usewww*,150,0.000000,0.106967,0.106967,1.000000,,150,tous,150,non teste,binaire,comportement
agents enquete,usewww*,150,0.006667,0.106967,0.146250,1.367239,,150,tous,150,non teste,binaire,comportement
agents demographiques (v6),usewww*,150,0.013333,0.106967,0.000000,0.000000,,150,tous,150,non teste,binaire,comportement
agents v7,usewww*,150,0.006667,0.106967,0.146250,1.367239,,150,tous,150,non teste,binaire,comportement
agents v8,usewww*,150,0.000000,0.106967,0.106967,1.000000,,150,tous,150,non teste,binaire,comportement
C2,usewww*,150,0.013333,0.106967,0.000000,0.000000,,150,tous,150,non teste,binaire,comportement
C3,usewww*,150,0.026667,0.106967,0.247101,2.310069,,150,tous,150,non teste,binaire,comportement
B0 mode,usewww*,150,0.013333,0.106967,0.000000,0.000000,,150,tous,150,non teste,binaire,comportement
B0 tirage,usewww*,150,0.006667,0.106967,0.062587,0.585105,,150,tous,150,non teste,binaire,comportement
B1 argmax,usewww*,150,0.013333,0.106967,0.000000,0.000000,,150,tous,150,non teste,binaire,comportement
B2 argmax,usewww*,150,0.013333,0.106967,0.000000,0.000000,,150,tous,150,non teste,binaire,comportement
B3 foret,usewww*,150,0.013333,0.106967,0.000000,0.000000,,150,tous,150,non teste,binaire,comportement
humains vague 2,usewww*,150,0.000000,0.106967,0.106967,1.000000,,150,tous,150,non teste,binaire,comportement
agents composite,life,150,0.110000,1.206775,0.925736,0.767116,-0.110000,150,tous,150,temoin,ordinal 3 et plus,auto evaluation
agents entretien (v3),life,149,0.130000,1.206775,0.807629,0.669246,-0.130000,150,tous,150,temoin,ordinal 3 et plus,auto evaluation
agents enquete,life,147,0.099388,1.206775,1.376152,1.140356,-0.099388,150,tous,150,temoin,ordinal 3 et plus,auto evaluation
agents demographiques (v6),life,150,0.186667,1.206775,0.062587,0.051863,-0.126667,150,tous,150,temoin,ordinal 3 et plus,auto evaluation
agents v7,life,150,0.056667,1.206775,1.137955,0.942972,0.056667,150,tous,150,temoin,ordinal 3 et plus,auto evaluation
agents v8,life,150,0.083333,1.206775,0.752615,0.623658,-0.023333,150,tous,150,temoin,ordinal 3 et plus,auto evaluation
C2,life,150,0.080000,1.206775,0.764976,0.633902,-0.020000,150,tous,150,temoin,ordinal 3 et plus,auto evaluation
C3,life,150,0.160000,1.206775,0.608715,0.504415,-0.160000,150,tous,150,temoin,ordinal 3 et plus,auto evaluation
B0 mode,life,150,0.190000,1.206775,0.000000,0.000000,-0.130000,150,tous,150,temoin,ordinal 3 et plus,auto evaluation
B0 tirage,life,150,0.030000,1.206775,1.327233,1.099819,-0.003333,150,tous,150,temoin,ordinal 3 et plus,auto evaluation
B1 argmax,life,150,0.100000,1.206775,0.758265,0.628340,-0.053333,150,tous,150,temoin,ordinal 3 et plus,auto evaluation
B2 argmax,life,150,0.153333,1.206775,0.383051,0.317417,-0.093333,150,tous,150,temoin,ordinal 3 et plus,auto evaluation
B3 foret,life,150,0.166667,1.206775,0.276874,0.229433,-0.106667,150,tous,150,temoin,ordinal 3 et plus,auto evaluation
humains vague 2,life,150,0.026667,1.206775,1.177202,0.975494,-0.026667,150,tous,150,temoin,ordinal 3 et plus,auto evaluation
agents composite,richwork,150,0.153333,0.994397,0.869185,0.874083,-0.153333,150,tous,150,temoin,binaire,attitude
agents entretien (v3),richwork,147,0.181497,0.994397,0.829387,0.834060,-0.181497,150,tous,150,temoin,binaire,attitude
agents enquete,richwork,150,0.106667,0.994397,0.923105,0.928307,-0.106667,150,tous,150,temoin,binaire,attitude
agents demographiques (v6),richwork,144,0.190000,0.994397,0.816287,0.820887,-0.190000,150,tous,150,temoin,binaire,attitude
agents v7,richwork,150,0.013333,0.994397,0.998516,1.004143,0.013333,150,tous,150,temoin,binaire,attitude
agents v8,richwork,150,0.153333,0.994397,0.979526,0.985046,0.153333,150,tous,150,temoin,binaire,attitude
C2,richwork,150,0.366667,0.994397,0.383051,0.385209,-0.366667,150,tous,150,temoin,binaire,attitude
C3,richwork,150,0.413333,0.994397,0.182198,0.183225,-0.413333,150,tous,150,temoin,binaire,attitude
B0 mode,richwork,150,0.440000,0.994397,0.000000,0.000000,-0.440000,150,tous,150,temoin,binaire,attitude
B0 tirage,richwork,150,0.053333,0.994397,0.967424,0.972875,-0.053333,150,tous,150,temoin,binaire,attitude
B1 argmax,richwork,150,0.180000,0.994397,0.831555,0.836241,-0.180000,150,tous,150,temoin,binaire,attitude
B2 argmax,richwork,150,0.373333,0.994397,0.358168,0.360187,-0.373333,150,tous,150,temoin,binaire,attitude
B3 foret,richwork,150,0.286667,0.994397,0.622928,0.626439,-0.286667,150,tous,150,temoin,binaire,attitude
humains vague 2,richwork,150,0.026667,0.994397,1.001601,1.007245,0.026667,150,tous,150,temoin,binaire,attitude
agents composite,natspac/y,1052,0.116920,1.456579,1.451294,0.996372,-0.116920,1052,tous,1052,mixte,ordinal 3 et plus,attitude
agents entretien (v3),natspac/y,1051,0.404892,1.456579,0.509078,0.349503,-0.404892,1052,tous,1052,mixte,ordinal 3 et plus,attitude
agents enquete,natspac/y,1051,0.265898,1.456579,1.347296,0.924973,0.265898,1052,tous,1052,mixte,ordinal 3 et plus,attitude
agents demographiques (v6),natspac/y,1047,0.218440,1.456579,1.273436,0.874265,-0.218440,1052,tous,1052,mixte,ordinal 3 et plus,attitude
agents v7,natspac/y,1052,0.135932,1.456579,1.487117,1.020966,-0.100760,1052,tous,1052,mixte,ordinal 3 et plus,attitude
agents v8,natspac/y,1050,0.086745,1.456579,1.455908,0.999540,-0.086745,1052,tous,1052,mixte,ordinal 3 et plus,attitude
B0 mode,natspac/y,1052,0.234316,1.456579,0.000000,0.000000,0.041350,1052,tous,1052,mixte,ordinal 3 et plus,attitude
B0 tirage,natspac/y,1052,0.013308,1.456579,1.487448,1.021193,0.001901,1052,tous,1052,mixte,ordinal 3 et plus,attitude
B1 argmax,natspac/y,1052,0.129278,1.456579,0.938926,0.644611,0.009506,1052,tous,1052,mixte,ordinal 3 et plus,attitude
B2 argmax,natspac/y,1052,0.194392,1.456579,0.474289,0.325618,0.026141,1052,tous,1052,mixte,ordinal 3 et plus,attitude
B3 foret,natspac/y,1052,0.220057,1.456579,0.216697,0.148771,0.040399,1052,tous,1052,mixte,ordinal 3 et plus,attitude
humains vague 2,natspac/y,1052,0.009030,1.456579,1.481341,1.017001,0.009030,1052,tous,1052,mixte,ordinal 3 et plus,attitude
agents composite,natenvir/y,1052,0.152567,1.238139,1.514119,1.222899,-0.152567,1052,tous,1052,temoin,ordinal 3 et plus,attitude
agents entretien (v3),natenvir/y,1051,0.191938,1.238139,1.502710,1.213685,-0.191938,1052,tous,1052,temoin,ordinal 3 et plus,attitude
agents enquete,natenvir/y,1051,0.008195,1.238139,1.235753,0.998073,0.002163,1052,tous,1052,temoin,ordinal 3 et plus,attitude
agents demographiques (v6),natenvir/y,1047,0.093184,1.238139,1.309107,1.057318,-0.056479,1052,tous,1052,temoin,ordinal 3 et plus,attitude
agents v7,natenvir/y,1052,0.137833,1.238139,0.716858,0.578980,0.137833,1052,tous,1052,temoin,ordinal 3 et plus,attitude
agents v8,natenvir/y,1050,0.158051,1.238139,1.471081,1.188139,-0.158051,1052,tous,1052,temoin,ordinal 3 et plus,attitude
B0 mode,natenvir/y,1052,0.226711,1.238139,0.000000,0.000000,0.226711,1052,tous,1052,temoin,ordinal 3 et plus,attitude
B0 tirage,natenvir/y,1052,0.015684,1.238139,1.194961,0.965127,0.015684,1052,tous,1052,temoin,ordinal 3 et plus,attitude
B1 argmax,natenvir/y,1052,0.095057,1.238139,0.883832,0.713839,0.095057,1052,tous,1052,temoin,ordinal 3 et plus,attitude
B2 argmax,natenvir/y,1052,0.105989,1.238139,0.855560,0.691004,0.105989,1052,tous,1052,temoin,ordinal 3 et plus,attitude
B3 foret,natenvir/y,1052,0.139259,1.238139,0.672966,0.543530,0.139259,1052,tous,1052,temoin,ordinal 3 et plus,attitude
humains vague 2,natenvir/y,1052,0.009506,1.238139,1.229023,0.992637,0.004753,1052,tous,1052,temoin,ordinal 3 et plus,attitude
agents composite,natheal/y,1051,0.010360,1.072040,1.059096,0.987926,0.003643,1052,tous,1052,mixte,ordinal 3 et plus,attitude
agents entretien (v3),natheal/y,1051,0.014911,1.072040,1.122254,1.046840,-0.014911,1052,tous,1052,mixte,ordinal 3 et plus,attitude
agents enquete,natheal/y,1051,0.012206,1.072040,1.028622,0.959499,0.012206,1052,tous,1052,mixte,ordinal 3 et plus,attitude
agents demographiques (v6),natheal/y,1047,0.089439,1.072040,0.656307,0.612204,0.089439,1052,tous,1052,mixte,ordinal 3 et plus,attitude
agents v7,natheal/y,1052,0.105989,1.072040,0.583648,0.544428,0.105989,1052,tous,1052,mixte,ordinal 3 et plus,attitude
agents v8,natheal/y,1050,0.174613,1.072040,1.463456,1.365114,-0.174613,1052,tous,1052,mixte,ordinal 3 et plus,attitude
B0 mode,natheal/y,1052,0.171578,1.072040,0.000000,0.000000,0.171578,1052,tous,1052,mixte,ordinal 3 et plus,attitude
B0 tirage,natheal/y,1052,0.006179,1.072040,1.054017,0.983188,0.005228,1052,tous,1052,mixte,ordinal 3 et plus,attitude
B1 argmax,natheal/y,1052,0.126426,1.072040,0.448580,0.418436,0.126426,1052,tous,1052,mixte,ordinal 3 et plus,attitude
B2 argmax,natheal/y,1052,0.146863,1.072040,0.271635,0.253382,0.146863,1052,tous,1052,mixte,ordinal 3 et plus,attitude
B3 foret,natheal/y,1052,0.170627,1.072040,0.020610,0.019225,0.170627,1052,tous,1052,mixte,ordinal 3 et plus,attitude
humains vague 2,natheal/y,1052,0.011407,1.072040,1.031540,0.962222,0.011407,1052,tous,1052,mixte,ordinal 3 et plus,attitude
agents composite,natcity/y,1052,0.108840,1.515893,1.565964,1.033031,0.057510,1052,tous,1052,mixte,ordinal 3 et plus,attitude
agents entretien (v3),natcity/y,1051,0.132028,1.515893,1.477563,0.974715,-0.092800,1052,tous,1052,mixte,ordinal 3 et plus,attitude
agents enquete,natcity/y,1051,0.238313,1.515893,1.397119,0.921648,0.238313,1052,tous,1052,mixte,ordinal 3 et plus,attitude
agents demographiques (v6),natcity/y,1047,0.163645,1.515893,1.493133,0.984986,0.163645,1052,tous,1052,mixte,ordinal 3 et plus,attitude
agents v7,natcity/y,1052,0.107890,1.515893,1.561294,1.029950,0.107890,1052,tous,1052,mixte,ordinal 3 et plus,attitude
agents v8,natcity/y,1050,0.112878,1.515893,1.557385,1.027372,0.074223,1052,tous,1052,mixte,ordinal 3 et plus,attitude
B0 mode,natcity/y,1052,0.260932,1.515893,0.000000,0.000000,0.032795,1052,tous,1052,mixte,ordinal 3 et plus,attitude
B0 tirage,natcity/y,1052,0.002376,1.515893,1.519144,1.002145,-0.002376,1052,tous,1052,mixte,ordinal 3 et plus,attitude
B1 argmax,natcity/y,1052,0.061312,1.515893,1.335577,0.881050,-0.036597,1052,tous,1052,mixte,ordinal 3 et plus,attitude
B2 argmax,natcity/y,1052,0.155894,1.515893,0.911520,0.601309,-0.020913,1052,tous,1052,mixte,ordinal 3 et plus,attitude
B3 foret,natcity/y,1052,0.143536,1.515893,0.907377,0.598576,-0.057985,1052,tous,1052,mixte,ordinal 3 et plus,attitude
humains vague 2,natcity/y,1052,0.011882,1.515893,1.528302,1.008186,0.011882,1052,tous,1052,mixte,ordinal 3 et plus,attitude
agents composite,natdrug/y,1052,0.057034,1.285637,1.253352,0.974888,0.015209,1052,tous,1052,temoin,ordinal 3 et plus,attitude
agents entretien (v3),natdrug/y,1052,0.072243,1.285637,1.342480,1.044214,-0.040875,1052,tous,1052,temoin,ordinal 3 et plus,attitude
agents enquete,natdrug/y,1052,0.105513,1.285637,0.968663,0.753450,0.092205,1052,tous,1052,temoin,ordinal 3 et plus,attitude
agents demographiques (v6),natdrug/y,1050,0.190000,1.285637,0.530048,0.412284,0.190000,1052,tous,1052,temoin,ordinal 3 et plus,attitude
agents v7,natdrug/y,1052,0.192966,1.285637,0.519858,0.404359,0.192966,1052,tous,1052,temoin,ordinal 3 et plus,attitude
agents v8,natdrug/y,1051,0.111085,1.285637,1.438121,1.118606,-0.111085,1052,tous,1052,temoin,ordinal 3 et plus,attitude
B0 mode,natdrug/y,1052,0.250000,1.285637,0.000000,0.000000,0.250000,1052,tous,1052,temoin,ordinal 3 et plus,attitude
B0 tirage,natdrug/y,1052,0.006654,1.285637,1.299592,1.010855,-0.006654,1052,tous,1052,temoin,ordinal 3 et plus,attitude
B1 argmax,natdrug/y,1052,0.145437,1.285637,0.794448,0.617941,0.145437,1052,tous,1052,temoin,ordinal 3 et plus,attitude
B2 argmax,natdrug/y,1052,0.182985,1.285637,0.590398,0.459226,0.182985,1052,tous,1052,temoin,ordinal 3 et plus,attitude
B3 foret,natdrug/y,1052,0.215779,1.285637,0.360765,0.280612,0.215779,1052,tous,1052,temoin,ordinal 3 et plus,attitude
humains vague 2,natdrug/y,1052,0.002376,1.285637,1.293595,1.006190,-0.002376,1052,tous,1052,temoin,ordinal 3 et plus,attitude
agents composite,nateduc/y,1052,0.022814,1.135448,1.199327,1.056259,-0.022814,1052,tous,1052,temoin,ordinal 3 et plus,attitude
agents entretien (v3),nateduc/y,1052,0.024715,1.135448,1.118113,0.984733,-0.000951,1052,tous,1052,temoin,ordinal 3 et plus,attitude
agents enquete,nateduc/y,1052,0.041825,1.135448,0.983572,0.866241,0.041825,1052,tous,1052,temoin,ordinal 3 et plus,attitude
agents demographiques (v6),nateduc/y,1050,0.176780,1.135448,0.182994,0.161165,0.176780,1052,tous,1052,temoin,ordinal 3 et plus,attitude
agents v7,nateduc/y,1052,0.154468,1.135448,0.372346,0.327929,0.154468,1052,tous,1052,temoin,ordinal 3 et plus,attitude
agents v8,nateduc/y,1051,0.111028,1.135448,1.385778,1.220467,-0.111028,1052,tous,1052,temoin,ordinal 3 et plus,attitude
B0 mode,nateduc/y,1052,0.190589,1.135448,0.000000,0.000000,0.190589,1052,tous,1052,temoin,ordinal 3 et plus,attitude
B0 tirage,nateduc/y,1052,0.004278,1.135448,1.141235,1.005097,-0.002376,1052,tous,1052,temoin,ordinal 3 et plus,attitude
B1 argmax,nateduc/y,1052,0.132605,1.135448,0.511633,0.450600,0.132605,1052,tous,1052,temoin,ordinal 3 et plus,attitude
B2 argmax,nateduc/y,1052,0.151141,1.135448,0.398344,0.350825,0.151141,1052,tous,1052,temoin,ordinal 3 et plus,attitude
B3 foret,nateduc/y,1052,0.182985,1.135448,0.114267,0.100636,0.182985,1052,tous,1052,temoin,ordinal 3 et plus,attitude
humains vague 2,nateduc/y,1052,0.002376,1.135448,1.127895,0.993348,0.002376,1052,tous,1052,temoin,ordinal 3 et plus,attitude
agents composite,natrace/y,1051,0.092585,1.554704,1.516964,0.975725,-0.021818,1052,tous,1052,sensible,ordinal 3 et plus,attitude
agents entretien (v3),natrace/y,1052,0.085551,1.554704,1.531081,0.984806,-0.025665,1052,tous,1052,sensible,ordinal 3 et plus,attitude
agents enquete,natrace/y,1052,0.096958,1.554704,1.437444,0.924577,0.096958,1052,tous,1052,sensible,ordinal 3 et plus,attitude
agents demographiques (v6),natrace/y,1050,0.235369,1.554704,1.041294,0.669770,0.235369,1052,tous,1052,sensible,ordinal 3 et plus,attitude
agents v7,natrace/y,1052,0.344106,1.554704,0.706759,0.454594,0.344106,1052,tous,1052,sensible,ordinal 3 et plus,attitude
agents v8,natrace/y,1051,0.101624,1.554704,1.465826,0.942833,0.036697,1052,tous,1052,sensible,ordinal 3 et plus,attitude
B0 mode,natrace/y,1052,0.206749,1.554704,0.721853,0.464302,0.030894,1052,tous,1052,sensible,ordinal 3 et plus,attitude
B0 tirage,natrace/y,1052,0.009981,1.554704,1.540169,0.990651,0.008080,1052,tous,1052,sensible,ordinal 3 et plus,attitude
B1 argmax,natrace/y,1052,0.014259,1.554704,1.537611,0.989006,0.014259,1052,tous,1052,sensible,ordinal 3 et plus,attitude
B2 argmax,natrace/y,1052,0.082700,1.554704,1.481546,0.952945,0.082700,1052,tous,1052,sensible,ordinal 3 et plus,attitude
B3 foret,natrace/y,1052,0.048479,1.554704,1.504140,0.967477,0.048479,1052,tous,1052,sensible,ordinal 3 et plus,attitude
humains vague 2,natrace/y,1052,0.017110,1.554704,1.541541,0.991534,-0.004753,1052,tous,1052,sensible,ordinal 3 et plus,attitude
agents composite,natarms/y,1052,0.041825,1.541608,1.483000,0.961982,0.005703,1052,tous,1052,temoin,ordinal 3 et plus,attitude
agents entretien (v3),natarms/y,1052,0.091730,1.541608,1.463012,0.949017,-0.091730,1052,tous,1052,temoin,ordinal 3 et plus,attitude
agents enquete,natarms/y,1052,0.048479,1.541608,1.430680,0.928044,-0.030418,1052,tous,1052,temoin,ordinal 3 et plus,attitude
agents demographiques (v6),natarms/y,1050,0.256810,1.541608,0.962848,0.624574,-0.256810,1052,tous,1052,temoin,ordinal 3 et plus,attitude
agents v7,natarms/y,1052,0.295152,1.541608,0.897771,0.582360,-0.295152,1052,tous,1052,temoin,ordinal 3 et plus,attitude
agents v8,natarms/y,1051,0.074021,1.541608,1.529294,0.992012,-0.023383,1052,tous,1052,temoin,ordinal 3 et plus,attitude
B0 mode,natarms/y,1052,0.196768,1.541608,0.721853,0.468247,-0.024715,1052,tous,1052,temoin,ordinal 3 et plus,attitude
B0 tirage,natarms/y,1052,0.014734,1.541608,1.541573,0.999977,-0.014734,1052,tous,1052,temoin,ordinal 3 et plus,attitude
B1 argmax,natarms/y,1052,0.024240,1.541608,1.499495,0.972683,-0.011882,1052,tous,1052,temoin,ordinal 3 et plus,attitude
B2 argmax,natarms/y,1052,0.059886,1.541608,1.480814,0.960564,-0.059886,1052,tous,1052,temoin,ordinal 3 et plus,attitude
B3 foret,natarms/y,1052,0.037548,1.541608,1.458771,0.946266,-0.037548,1052,tous,1052,temoin,ordinal 3 et plus,attitude
humains vague 2,natarms/y,1052,0.010456,1.541608,1.544941,1.002162,0.010456,1052,tous,1052,temoin,ordinal 3 et plus,attitude
agents composite,nataid/y,1052,0.048954,1.098186,1.226311,1.116670,0.048954,1052,tous,1052,temoin,ordinal 3 et plus,attitude
agents entretien (v3),nataid/y,1052,0.089829,1.098186,0.800939,0.729329,-0.062262,1052,tous,1052,temoin,ordinal 3 et plus,attitude
agents enquete,nataid/y,1052,0.172053,1.098186,1.450156,1.320501,0.172053,1052,tous,1052,temoin,ordinal 3 et plus,attitude
agents demographiques (v6),nataid/y,1049,0.159155,1.098186,0.271959,0.247644,-0.159155,1052,tous,1052,temoin,ordinal 3 et plus,attitude
agents v7,nataid/y,1051,0.205216,1.098186,1.467260,1.336076,0.205216,1052,tous,1052,temoin,ordinal 3 et plus,attitude
agents v8,nataid/y,1050,0.243204,1.098186,1.549606,1.411060,0.243204,1052,tous,1052,temoin,ordinal 3 et plus,attitude
B0 mode,nataid/y,1052,0.182034,1.098186,0.000000,0.000000,-0.182034,1052,tous,1052,temoin,ordinal 3 et plus,attitude
B0 tirage,nataid/y,1052,0.008080,1.098186,1.105119,1.006313,0.004278,1052,tous,1052,temoin,ordinal 3 et plus,attitude
B1 argmax,nataid/y,1052,0.087928,1.098186,0.732189,0.666726,-0.087928,1052,tous,1052,temoin,ordinal 3 et plus,attitude
B2 argmax,nataid/y,1052,0.073669,1.098186,0.754837,0.687349,-0.073669,1052,tous,1052,temoin,ordinal 3 et plus,attitude
B3 foret,nataid/y,1052,0.150665,1.098186,0.338904,0.308603,-0.150665,1052,tous,1052,temoin,ordinal 3 et plus,attitude
humains vague 2,nataid/y,1052,0.007129,1.098186,1.120305,1.020141,0.007129,1052,tous,1052,temoin,ordinal 3 et plus,attitude
agents composite,natfare/y,1052,0.131654,1.137516,1.371479,1.205679,-0.131654,1052,tous,1052,mixte,ordinal 3 et plus,attitude
agents entretien (v3),natfare/y,1052,0.105038,1.137516,1.304739,1.147008,-0.105038,1052,tous,1052,mixte,ordinal 3 et plus,attitude
agents enquete,natfare/y,1052,0.087452,1.137516,1.281040,1.126174,-0.087452,1052,tous,1052,mixte,ordinal 3 et plus,attitude
agents demographiques (v6),natfare/y,1049,0.059986,1.137516,0.913968,0.803477,0.059986,1052,tous,1052,mixte,ordinal 3 et plus,attitude
agents v7,natfare/y,1051,0.057382,1.137516,0.926675,0.814648,0.057382,1052,tous,1052,mixte,ordinal 3 et plus,attitude
agents v8,natfare/y,1050,0.233698,1.137516,1.507561,1.325310,-0.233698,1052,tous,1052,mixte,ordinal 3 et plus,attitude
B0 mode,natfare/y,1052,0.191540,1.137516,0.000000,0.000000,0.191540,1052,tous,1052,mixte,ordinal 3 et plus,attitude
B0 tirage,natfare/y,1052,0.009030,1.137516,1.109655,0.975508,0.009030,1052,tous,1052,mixte,ordinal 3 et plus,attitude
B1 argmax,natfare/y,1052,0.091255,1.137516,0.761990,0.669872,0.091255,1052,tous,1052,mixte,ordinal 3 et plus,attitude
B2 argmax,natfare/y,1052,0.153517,1.137516,0.372653,0.327603,0.153517,1052,tous,1052,mixte,ordinal 3 et plus,attitude
B3 foret,natfare/y,1052,0.173479,1.137516,0.227372,0.199885,0.173479,1052,tous,1052,mixte,ordinal 3 et plus,attitude
humains vague 2,natfare/y,1052,0.006179,1.137516,1.118952,0.983681,0.006179,1052,tous,1052,mixte,ordinal 3 et plus,attitude
agents composite,natroad,1052,0.063688,1.310368,1.265065,0.965427,-0.047529,1052,tous,1052,sensible,ordinal 3 et plus,attitude
agents entretien (v3),natroad,1052,0.187262,1.310368,0.955561,0.729231,-0.170152,1052,tous,1052,sensible,ordinal 3 et plus,attitude
agents enquete,natroad,1052,0.111692,1.310368,1.146524,0.874963,-0.075570,1052,tous,1052,sensible,ordinal 3 et plus,attitude
agents demographiques (v6),natroad,1049,0.158822,1.310368,1.006033,0.767748,-0.114243,1052,tous,1052,sensible,ordinal 3 et plus,attitude
agents v7,natroad,1050,0.067527,1.310368,1.144241,0.873221,-0.015296,1052,tous,1052,sensible,ordinal 3 et plus,attitude
agents v8,natroad,1050,0.090860,1.310368,1.051080,0.802126,-0.022439,1052,tous,1052,sensible,ordinal 3 et plus,attitude
B0 mode,natroad,1052,0.280418,1.310368,0.000000,0.000000,0.280418,1052,tous,1052,sensible,ordinal 3 et plus,attitude
B0 tirage,natroad,1052,0.007129,1.310368,1.301931,0.993561,-0.002376,1052,tous,1052,sensible,ordinal 3 et plus,attitude
B1 argmax,natroad,1052,0.109316,1.310368,0.973291,0.742762,0.109316,1052,tous,1052,sensible,ordinal 3 et plus,attitude
B2 argmax,natroad,1052,0.183935,1.310368,0.708320,0.540550,0.183935,1052,tous,1052,sensible,ordinal 3 et plus,attitude
B3 foret,natroad,1052,0.152091,1.310368,0.822341,0.627565,0.152091,1052,tous,1052,sensible,ordinal 3 et plus,attitude
humains vague 2,natroad,1052,0.004753,1.310368,1.295157,0.988391,0.001901,1052,tous,1052,sensible,ordinal 3 et plus,attitude
agents composite,natsoc,1052,0.084601,1.067219,1.328315,1.244651,-0.084601,1052,tous,1052,temoin,ordinal 3 et plus,attitude
agents entretien (v3),natsoc,1052,0.091730,1.067219,1.199225,1.123691,-0.091730,1052,tous,1052,temoin,ordinal 3 et plus,attitude
agents enquete,natsoc,1052,0.138783,1.067219,1.375145,1.288531,-0.138783,1052,tous,1052,temoin,ordinal 3 et plus,attitude
agents demographiques (v6),natsoc,1049,0.046653,1.067219,1.056361,0.989826,-0.026729,1052,tous,1052,temoin,ordinal 3 et plus,attitude
agents v7,natsoc,1051,0.026781,1.067219,1.088404,1.019851,-0.019200,1052,tous,1052,temoin,ordinal 3 et plus,attitude
agents v8,natsoc,1050,0.198914,1.067219,1.417077,1.327822,-0.198914,1052,tous,1052,temoin,ordinal 3 et plus,attitude
B0 mode,natsoc,1052,0.179658,1.067219,0.000000,0.000000,0.179658,1052,tous,1052,temoin,ordinal 3 et plus,attitude
B0 tirage,natsoc,1052,0.006179,1.067219,1.073263,1.005663,-0.004278,1052,tous,1052,temoin,ordinal 3 et plus,attitude
B1 argmax,natsoc,1052,0.115494,1.067219,0.569983,0.534083,0.115494,1052,tous,1052,temoin,ordinal 3 et plus,attitude
B2 argmax,natsoc,1052,0.167776,1.067219,0.162769,0.152517,0.167776,1052,tous,1052,temoin,ordinal 3 et plus,attitude
B3 foret,natsoc,1052,0.177281,1.067219,0.044204,0.041420,0.177281,1052,tous,1052,temoin,ordinal 3 et plus,attitude
humains vague 2,natsoc,1052,0.001426,1.067219,1.071942,1.004426,-0.000475,1052,tous,1052,temoin,ordinal 3 et plus,attitude
agents composite,natmass,1052,0.103137,1.351328,1.482336,1.096948,-0.005228,1052,tous,1052,temoin,ordinal 3 et plus,attitude
agents entretien (v3),natmass,1052,0.133555,1.351328,1.514875,1.121027,-0.063213,1052,tous,1052,temoin,ordinal 3 et plus,attitude
agents enquete,natmass,1052,0.170152,1.351328,1.060566,0.784833,0.170152,1052,tous,1052,temoin,ordinal 3 et plus,attitude
agents demographiques (v6),natmass,1051,0.267990,1.351328,0.627274,0.464191,0.267990,1052,tous,1052,temoin,ordinal 3 et plus,attitude
agents v7,natmass,1052,0.201046,1.351328,0.931557,0.689364,0.201046,1052,tous,1052,temoin,ordinal 3 et plus,attitude
agents v8,natmass,1051,0.171981,1.351328,1.424410,1.054082,-0.049802,1052,tous,1052,temoin,ordinal 3 et plus,attitude
B0 mode,natmass,1052,0.251901,1.351328,0.000000,0.000000,-0.157795,1052,tous,1052,temoin,ordinal 3 et plus,attitude
B0 tirage,natmass,1052,0.005703,1.351328,1.333479,0.986792,0.000951,1052,tous,1052,temoin,ordinal 3 et plus,attitude
B1 argmax,natmass,1052,0.051806,1.351328,1.086844,0.804279,0.022338,1052,tous,1052,temoin,ordinal 3 et plus,attitude
B2 argmax,natmass,1052,0.084601,1.351328,1.033349,0.764691,0.084601,1052,tous,1052,temoin,ordinal 3 et plus,attitude
B3 foret,natmass,1052,0.080798,1.351328,0.927599,0.686435,0.013308,1052,tous,1052,temoin,ordinal 3 et plus,attitude
humains vague 2,natmass,1052,0.011882,1.351328,1.353740,1.001785,0.011882,1052,tous,1052,temoin,ordinal 3 et plus,attitude
agents composite,natpark,1052,0.063688,1.180087,1.403712,1.189498,0.000000,1052,tous,1052,temoin,ordinal 3 et plus,attitude
agents entretien (v3),natpark,1052,0.081749,1.180087,1.455917,1.233737,-0.081749,1052,tous,1052,temoin,ordinal 3 et plus,attitude
agents enquete,natpark,1052,0.113118,1.180087,1.364058,1.155896,0.083650,1052,tous,1052,temoin,ordinal 3 et plus,attitude
agents demographiques (v6),natpark,1051,0.152335,1.180087,1.104652,0.936076,0.152335,1052,tous,1052,temoin,ordinal 3 et plus,attitude
agents v7,natpark,1052,0.256179,1.180087,0.946261,0.801857,0.256179,1052,tous,1052,temoin,ordinal 3 et plus,attitude
agents v8,natpark,1051,0.166197,1.180087,1.567167,1.328009,-0.038435,1052,tous,1052,temoin,ordinal 3 et plus,attitude
B0 mode,natpark,1052,0.173004,1.180087,0.000000,0.000000,-0.104563,1052,tous,1052,temoin,ordinal 3 et plus,attitude
B0 tirage,natpark,1052,0.016635,1.180087,1.161676,0.984399,-0.016635,1052,tous,1052,temoin,ordinal 3 et plus,attitude
B1 argmax,natpark,1052,0.112167,1.180087,0.549650,0.465771,-0.045627,1052,tous,1052,temoin,ordinal 3 et plus,attitude
B2 argmax,natpark,1052,0.108840,1.180087,0.553518,0.469048,-0.040399,1052,tous,1052,temoin,ordinal 3 et plus,attitude
B3 foret,natpark,1052,0.166825,1.180087,0.096730,0.081969,-0.098384,1052,tous,1052,temoin,ordinal 3 et plus,attitude
humains vague 2,natpark,1052,0.014734,1.180087,1.188755,1.007345,0.014734,1052,tous,1052,temoin,ordinal 3 et plus,attitude
agents composite,natchld,1052,0.065589,1.306236,1.377290,1.054396,-0.022814,1052,tous,1052,sensible,ordinal 3 et plus,attitude
agents entretien (v3),natchld,1052,0.114068,1.306236,1.507865,1.154359,-0.114068,1052,tous,1052,sensible,ordinal 3 et plus,attitude
agents enquete,natchld,1052,0.115019,1.306236,1.039831,0.796052,0.093156,1052,tous,1052,sensible,ordinal 3 et plus,attitude
agents demographiques (v6),natchld,1051,0.162924,1.306236,0.773920,0.592481,0.162924,1052,tous,1052,sensible,ordinal 3 et plus,attitude
agents v7,natchld,1052,0.134981,1.306236,0.920596,0.704770,0.134981,1052,tous,1052,sensible,ordinal 3 et plus,attitude
agents v8,natchld,1051,0.133461,1.306236,1.473530,1.128074,-0.133461,1052,tous,1052,sensible,ordinal 3 et plus,attitude
B0 mode,natchld,1052,0.267110,1.306236,0.000000,0.000000,0.267110,1052,tous,1052,sensible,ordinal 3 et plus,attitude
B0 tirage,natchld,1052,0.006179,1.306236,1.331034,1.018985,-0.006179,1052,tous,1052,sensible,ordinal 3 et plus,attitude
B1 argmax,natchld,1052,0.074620,1.306236,1.079463,0.826392,0.074620,1052,tous,1052,sensible,ordinal 3 et plus,attitude
B2 argmax,natchld,1052,0.128327,1.306236,0.915435,0.700819,0.128327,1052,tous,1052,sensible,ordinal 3 et plus,attitude
B3 foret,natchld,1052,0.151141,1.306236,0.782062,0.598714,0.151141,1052,tous,1052,sensible,ordinal 3 et plus,attitude
humains vague 2,natchld,1052,0.008555,1.306236,1.278986,0.979138,0.008555,1052,tous,1052,sensible,ordinal 3 et plus,attitude
agents composite,natsci,1052,0.135456,1.322650,1.440647,1.089213,0.062262,1052,tous,1052,temoin,ordinal 3 et plus,attitude
agents entretien (v3),natsci,1052,0.135456,1.322650,1.552351,1.173668,-0.034696,1052,tous,1052,temoin,ordinal 3 et plus,attitude
agents enquete,natsci,1052,0.159221,1.322650,1.229021,0.929211,0.159221,1052,tous,1052,temoin,ordinal 3 et plus,attitude
agents demographiques (v6),natsci,1051,0.185651,1.322650,1.079822,0.816408,0.185651,1052,tous,1052,temoin,ordinal 3 et plus,attitude
agents v7,natsci,1052,0.224335,1.322650,1.016475,0.768514,0.224335,1052,tous,1052,temoin,ordinal 3 et plus,attitude
agents v8,natsci,1051,0.165763,1.322650,1.514184,1.144811,-0.017965,1052,tous,1052,temoin,ordinal 3 et plus,attitude
B0 mode,natsci,1052,0.216730,1.322650,0.000000,0.000000,-0.118821,1052,tous,1052,temoin,ordinal 3 et plus,attitude
B0 tirage,natsci,1052,0.004278,1.322650,1.319123,0.997333,-0.004278,1052,tous,1052,temoin,ordinal 3 et plus,attitude
B1 argmax,natsci,1052,0.086027,1.322650,0.924999,0.699353,-0.006179,1052,tous,1052,temoin,ordinal 3 et plus,attitude
B2 argmax,natsci,1052,0.059411,1.322650,0.956493,0.723165,0.029943,1052,tous,1052,temoin,ordinal 3 et plus,attitude
B3 foret,natsci,1052,0.159221,1.322650,0.515557,0.389791,-0.061312,1052,tous,1052,temoin,ordinal 3 et plus,attitude
humains vague 2,natsci,1052,0.009981,1.322650,1.349994,1.020674,0.002376,1052,tous,1052,temoin,ordinal 3 et plus,attitude
agents composite,natenrgy,1052,0.097909,1.423550,1.281399,0.900143,0.060837,1052,tous,1052,temoin,ordinal 3 et plus,attitude
agents entretien (v3),natenrgy,1051,0.097355,1.423550,1.480524,1.040022,-0.097355,1052,tous,1052,temoin,ordinal 3 et plus,attitude
agents enquete,natenrgy,1052,0.161597,1.423550,0.963931,0.677132,0.161597,1052,tous,1052,temoin,ordinal 3 et plus,attitude
agents demographiques (v6),natenrgy,1051,0.163349,1.423550,0.970639,0.681844,0.163349,1052,tous,1052,temoin,ordinal 3 et plus,attitude
agents v7,natenrgy,1052,0.202471,1.423550,0.858785,0.603270,0.202471,1052,tous,1052,temoin,ordinal 3 et plus,attitude
agents v8,natenrgy,1051,0.094019,1.423550,1.473475,1.035071,-0.083083,1052,tous,1052,temoin,ordinal 3 et plus,attitude
B0 mode,natenrgy,1052,0.320342,1.423550,0.000000,0.000000,0.320342,1052,tous,1052,temoin,ordinal 3 et plus,attitude
B0 tirage,natenrgy,1052,0.008555,1.423550,1.414769,0.993831,0.008555,1052,tous,1052,temoin,ordinal 3 et plus,attitude
B1 argmax,natenrgy,1052,0.054658,1.423550,1.311374,0.921200,0.054658,1052,tous,1052,temoin,ordinal 3 et plus,attitude
B2 argmax,natenrgy,1052,0.108365,1.423550,1.200689,0.843447,0.108365,1052,tous,1052,temoin,ordinal 3 et plus,attitude
B3 foret,natenrgy,1052,0.137833,1.423550,1.075839,0.755744,0.137833,1052,tous,1052,temoin,ordinal 3 et plus,attitude
humains vague 2,natenrgy,1052,0.001901,1.423550,1.425041,1.001047,-0.001901,1052,tous,1052,temoin,ordinal 3 et plus,attitude
agents composite,uswary,1052,0.432510,0.997670,0.469078,0.470174,,1052,tous,1052,non teste,binaire,attitude
agents entretien (v3),uswary,1050,0.449462,0.997670,0.412854,0.413819,,1052,tous,1052,non teste,binaire,attitude
agents enquete,uswary,1051,0.433366,0.997670,0.466355,0.467445,,1052,tous,1052,non teste,binaire,attitude
agents demographiques (v6),uswary,1051,0.518047,0.997670,0.108626,0.108880,,1052,tous,1052,non teste,binaire,attitude
agents v7,uswary,1052,0.461977,0.997670,0.367885,0.368744,,1052,tous,1052,non teste,binaire,attitude
agents v8,uswary,1051,0.417191,0.997670,0.515880,0.517085,,1052,tous,1052,non teste,binaire,attitude
B0 mode,uswary,1052,0.467681,0.997670,0.000000,0.000000,,1052,tous,1052,non teste,binaire,attitude
B0 tirage,uswary,1052,0.009506,0.997670,0.999183,1.001517,,1052,tous,1052,non teste,binaire,attitude
B1 argmax,uswary,1052,0.074144,0.997670,0.967729,0.969990,,1052,tous,1052,non teste,binaire,attitude
B2 argmax,uswary,1052,0.034221,0.997670,1.000675,1.003013,,1052,tous,1052,non teste,binaire,attitude
B3 foret,uswary,1052,0.101711,0.997670,0.948213,0.950428,,1052,tous,1052,non teste,binaire,attitude
humains vague 2,uswary,1052,0.006654,0.997670,0.996299,0.998626,,1052,tous,1052,non teste,binaire,attitude
agents composite,prayer,1052,0.111217,0.899141,0.729405,0.811224,,1052,tous,1052,non teste,binaire,attitude
agents entretien (v3),prayer,1050,0.029877,0.899141,0.862545,0.959299,,1052,tous,1052,non teste,binaire,attitude
agents enquete,prayer,1051,0.114829,0.899141,0.722234,0.803248,,1052,tous,1052,non teste,binaire,attitude
agents demographiques (v6),prayer,1051,0.175723,0.899141,0.582077,0.647370,,1052,tous,1052,non teste,binaire,attitude
agents v7,prayer,1052,0.196768,0.899141,0.523895,0.582661,,1052,tous,1052,non teste,binaire,attitude
agents v8,prayer,1051,0.001251,0.899141,0.900542,1.001557,,1052,tous,1052,non teste,binaire,attitude
B0 mode,prayer,1052,0.314639,0.899141,0.000000,0.000000,,1052,tous,1052,non teste,binaire,attitude
B0 tirage,prayer,1052,0.008555,0.899141,0.889287,0.989040,,1052,tous,1052,non teste,binaire,attitude
B1 argmax,prayer,1052,0.099810,0.899141,0.751298,0.835572,,1052,tous,1052,non teste,binaire,attitude
B2 argmax,prayer,1052,0.132129,0.899141,0.686222,0.763197,,1052,tous,1052,non teste,binaire,attitude
B3 foret,prayer,1052,0.182510,0.899141,0.563935,0.627192,,1052,tous,1052,non teste,binaire,attitude
humains vague 2,prayer,1052,0.005703,0.899141,0.892626,0.992754,,1052,tous,1052,non teste,binaire,attitude
agents composite,courts,1052,0.034696,1.481771,1.481271,0.999662,,1052,tous,1052,non teste,ordinal 3 et plus,attitude
agents entretien (v3),courts,1051,0.109749,1.481771,1.566125,1.056928,,1052,tous,1052,non teste,ordinal 3 et plus,attitude
agents enquete,courts,1052,0.116920,1.481771,1.523498,1.028160,,1052,tous,1052,non teste,ordinal 3 et plus,attitude
agents demographiques (v6),courts,1051,0.158093,1.481771,1.322659,0.892620,,1052,tous,1052,non teste,ordinal 3 et plus,attitude
agents v7,courts,1052,0.223384,1.481771,1.477194,0.996911,,1052,tous,1052,non teste,ordinal 3 et plus,attitude
agents v8,courts,1051,0.161128,1.481771,1.579666,1.066066,,1052,tous,1052,non teste,ordinal 3 et plus,attitude
B0 mode,courts,1052,0.346008,1.481771,0.000000,0.000000,,1052,tous,1052,non teste,ordinal 3 et plus,attitude
B0 tirage,courts,1052,0.005228,1.481771,1.474389,0.995018,,1052,tous,1052,non teste,ordinal 3 et plus,attitude
B1 argmax,courts,1052,0.085076,1.481771,1.322891,0.892777,,1052,tous,1052,non teste,ordinal 3 et plus,attitude
B2 argmax,courts,1052,0.051806,1.481771,1.346731,0.908865,,1052,tous,1052,non teste,ordinal 3 et plus,attitude
B3 foret,courts,1052,0.171578,1.481771,1.081632,0.729959,,1052,tous,1052,non teste,ordinal 3 et plus,attitude
humains vague 2,courts,1052,0.008080,1.481771,1.469601,0.991787,,1052,tous,1052,non teste,ordinal 3 et plus,attitude
agents composite,discaffw,1052,0.122624,1.867731,1.338737,0.716772,,1052,tous,1052,non teste,ordinal 3 et plus,attitude
agents entretien (v3),discaffw,1050,0.070664,1.867731,1.526105,0.817090,,1052,tous,1052,non teste,ordinal 3 et plus,attitude
agents enquete,discaffw,1051,0.148841,1.867731,0.966484,0.517464,,1052,tous,1052,non teste,ordinal 3 et plus,attitude
agents demographiques (v6),discaffw,1051,0.213542,1.867731,0.365620,0.195756,,1052,tous,1052,non teste,ordinal 3 et plus,attitude
agents v7,discaffw,1052,0.214829,1.867731,0.376489,0.201576,,1052,tous,1052,non teste,ordinal 3 et plus,attitude
agents v8,discaffw,1051,0.052108,1.867731,1.667881,0.892999,,1052,tous,1052,non teste,ordinal 3 et plus,attitude
B0 mode,discaffw,1052,0.234474,1.867731,0.000000,0.000000,,1052,tous,1052,non teste,ordinal 3 et plus,attitude
B0 tirage,discaffw,1052,0.017110,1.867731,1.902083,1.018392,,1052,tous,1052,non teste,ordinal 3 et plus,attitude
B1 argmax,discaffw,1052,0.075412,1.867731,1.541819,0.825504,,1052,tous,1052,non teste,ordinal 3 et plus,attitude
B2 argmax,discaffw,1052,0.159379,1.867731,0.950914,0.509128,,1052,tous,1052,non teste,ordinal 3 et plus,attitude
B3 foret,discaffw,1052,0.155260,1.867731,0.924051,0.494745,,1052,tous,1052,non teste,ordinal 3 et plus,attitude
humains vague 2,discaffw,1052,0.007288,1.867731,1.853795,0.992538,,1052,tous,1052,non teste,ordinal 3 et plus,attitude
agents composite,discaffm,1052,0.107731,1.806434,1.574611,0.871668,,1052,tous,1052,non teste,ordinal 3 et plus,attitude
agents entretien (v3),discaffm,1050,0.042485,1.806434,1.759077,0.973784,,1052,tous,1052,non teste,ordinal 3 et plus,attitude
agents enquete,discaffm,1051,0.131963,1.806434,1.648846,0.912763,,1052,tous,1052,non teste,ordinal 3 et plus,attitude
agents demographiques (v6),discaffm,1051,0.180890,1.806434,0.582576,0.322501,,1052,tous,1052,non teste,ordinal 3 et plus,attitude
agents v7,discaffm,1052,0.181876,1.806434,0.593840,0.328736,,1052,tous,1052,non teste,ordinal 3 et plus,attitude
agents v8,discaffm,1051,0.042841,1.806434,1.885513,1.043776,,1052,tous,1052,non teste,ordinal 3 et plus,attitude
B0 mode,discaffm,1052,0.218314,1.806434,0.000000,0.000000,,1052,tous,1052,non teste,ordinal 3 et plus,attitude
B0 tirage,discaffm,1052,0.007605,1.806434,1.793607,0.992899,,1052,tous,1052,non teste,ordinal 3 et plus,attitude
B1 argmax,discaffm,1052,0.058935,1.806434,1.569085,0.868609,,1052,tous,1052,non teste,ordinal 3 et plus,attitude
B2 argmax,discaffm,1052,0.128961,1.806434,1.125282,0.622930,,1052,tous,1052,non teste,ordinal 3 et plus,attitude
B3 foret,discaffm,1052,0.142586,1.806434,0.969118,0.536481,,1052,tous,1052,non teste,ordinal 3 et plus,attitude
humains vague 2,discaffm,1052,0.023447,1.806434,1.838163,1.017565,,1052,tous,1052,non teste,ordinal 3 et plus,attitude
agents composite,fehire,1052,0.071530,2.178317,2.078654,0.954248,,1052,tous,1052,non teste,ordinal 3 et plus,attitude
agents entretien (v3),fehire,1052,0.096483,2.178317,2.131116,0.978331,,1052,tous,1052,non teste,ordinal 3 et plus,attitude
agents enquete,fehire,1050,0.091324,2.178317,1.831940,0.840989,,1052,tous,1052,non teste,ordinal 3 et plus,attitude
agents demographiques (v6),fehire,1051,0.147715,2.178317,1.170940,0.537544,,1052,tous,1052,non teste,ordinal 3 et plus,attitude
agents v7,fehire,1050,0.164759,2.178317,1.253129,0.575274,,1052,tous,1052,non teste,ordinal 3 et plus,attitude
agents v8,fehire,1051,0.118684,2.178317,2.005072,0.920468,,1052,tous,1052,non teste,ordinal 3 et plus,attitude
B0 mode,fehire,1052,0.137120,2.178317,0.971747,0.446100,,1052,tous,1052,non teste,ordinal 3 et plus,attitude
B0 tirage,fehire,1052,0.008317,2.178317,2.175286,0.998609,,1052,tous,1052,non teste,ordinal 3 et plus,attitude
B1 argmax,fehire,1052,0.039924,2.178317,1.981590,0.909689,,1052,tous,1052,non teste,ordinal 3 et plus,attitude
B2 argmax,fehire,1052,0.098146,2.178317,1.607237,0.737834,,1052,tous,1052,non teste,ordinal 3 et plus,attitude
B3 foret,fehire,1052,0.091730,2.178317,1.516747,0.696293,,1052,tous,1052,non teste,ordinal 3 et plus,attitude
humains vague 2,fehire,1052,0.012120,2.178317,2.208517,1.013864,,1052,tous,1052,non teste,ordinal 3 et plus,attitude
agents composite,fechld,1052,0.025349,1.595212,1.619177,1.015023,-0.025349,1052,tous,1052,temoin,ordinal 3 et plus,attitude
agents entretien (v3),fechld,1051,0.021414,1.595212,1.591399,0.997610,0.011158,1052,tous,1052,temoin,ordinal 3 et plus,attitude
agents enquete,fechld,1050,0.028937,1.595212,1.674285,1.049569,-0.010044,1052,tous,1052,temoin,ordinal 3 et plus,attitude
agents demographiques (v6),fechld,1051,0.078473,1.595212,1.228821,0.770318,-0.015801,1052,tous,1052,temoin,ordinal 3 et plus,attitude
agents v7,fechld,1050,0.082337,1.595212,1.249089,0.783024,0.082337,1052,tous,1052,temoin,ordinal 3 et plus,attitude
agents v8,fechld,1051,0.041730,1.595212,1.770356,1.109793,-0.038319,1052,tous,1052,temoin,ordinal 3 et plus,attitude
B0 mode,fechld,1052,0.192015,1.595212,0.000000,0.000000,-0.060203,1052,tous,1052,temoin,ordinal 3 et plus,attitude
B0 tirage,fechld,1052,0.009823,1.595212,1.563577,0.980168,-0.000317,1052,tous,1052,temoin,ordinal 3 et plus,attitude
B1 argmax,fechld,1052,0.050380,1.595212,1.227644,0.769580,0.044677,1052,tous,1052,temoin,ordinal 3 et plus,attitude
B2 argmax,fechld,1052,0.072243,1.595212,0.973893,0.610510,0.057034,1052,tous,1052,temoin,ordinal 3 et plus,attitude
B3 foret,fechld,1052,0.093156,1.595212,0.877753,0.550242,0.038657,1052,tous,1052,temoin,ordinal 3 et plus,attitude
humains vague 2,fechld,1052,0.019011,1.595212,1.637895,1.026757,0.004436,1052,tous,1052,temoin,ordinal 3 et plus,attitude
agents composite,fepresch,1052,0.011724,1.680295,1.686926,1.003947,-0.006654,1052,tous,1052,investiguer,ordinal 3 et plus,attitude
agents entretien (v3),fepresch,1052,0.041508,1.680295,1.678177,0.998740,0.041508,1052,tous,1052,investiguer,ordinal 3 et plus,attitude
agents enquete,fepresch,1050,0.029823,1.680295,1.743073,1.037361,0.004741,1052,tous,1052,investiguer,ordinal 3 et plus,attitude
agents demographiques (v6),fepresch,1051,0.087994,1.680295,1.146932,0.682578,-0.017137,1052,tous,1052,investiguer,ordinal 3 et plus,attitude
agents v7,fepresch,1050,0.078060,1.680295,1.203989,0.716535,0.055534,1052,tous,1052,investiguer,ordinal 3 et plus,attitude
agents v8,fepresch,1051,0.048067,1.680295,1.818304,1.082134,-0.002231,1052,tous,1052,investiguer,ordinal 3 et plus,attitude
B0 mode,fepresch,1052,0.185361,1.680295,0.000000,0.000000,0.011090,1052,tous,1052,investiguer,ordinal 3 et plus,attitude
B0 tirage,fepresch,1052,0.007921,1.680295,1.711013,1.018281,-0.001584,1052,tous,1052,investiguer,ordinal 3 et plus,attitude
B1 argmax,fepresch,1052,0.085868,1.680295,1.207124,0.718400,0.014259,1052,tous,1052,investiguer,ordinal 3 et plus,attitude
B2 argmax,fepresch,1052,0.101711,1.680295,1.028435,0.612056,0.051014,1052,tous,1052,investiguer,ordinal 3 et plus,attitude
B3 foret,fepresch,1052,0.158112,1.680295,0.491145,0.292297,0.012991,1052,tous,1052,investiguer,ordinal 3 et plus,attitude
humains vague 2,fepresch,1052,0.006337,1.680295,1.703204,1.013634,-0.001901,1052,tous,1052,investiguer,ordinal 3 et plus,attitude
agents composite,fefam,1052,0.019645,1.823435,1.747826,0.958535,0.019645,1052,tous,1052,investiguer,ordinal 3 et plus,attitude
agents entretien (v3),fefam,1052,0.063688,1.823435,1.842240,1.010313,0.031369,1052,tous,1052,investiguer,ordinal 3 et plus,attitude
agents enquete,fefam,1050,0.088371,1.823435,1.856485,1.018126,0.011697,1052,tous,1052,investiguer,ordinal 3 et plus,attitude
agents demographiques (v6),fefam,1051,0.049260,1.823435,1.638445,0.898549,0.025348,1052,tous,1052,investiguer,ordinal 3 et plus,attitude
agents v7,fefam,1050,0.134554,1.823435,1.426966,0.782570,0.134554,1052,tous,1052,investiguer,ordinal 3 et plus,attitude
agents v8,fefam,1051,0.071261,1.823435,1.900901,1.042484,-0.020323,1052,tous,1052,investiguer,ordinal 3 et plus,attitude
B0 mode,fefam,1052,0.228137,1.823435,0.000000,0.000000,0.025982,1052,tous,1052,investiguer,ordinal 3 et plus,attitude
B0 tirage,fefam,1052,0.009189,1.823435,1.841753,1.010046,-0.009189,1052,tous,1052,investiguer,ordinal 3 et plus,attitude
B1 argmax,fefam,1052,0.044043,1.823435,1.655716,0.908020,0.038973,1052,tous,1052,investiguer,ordinal 3 et plus,attitude
B2 argmax,fefam,1052,0.118188,1.823435,1.481683,0.812578,0.118188,1052,tous,1052,investiguer,ordinal 3 et plus,attitude
B3 foret,fefam,1052,0.103929,1.823435,1.318906,0.723309,0.067807,1052,tous,1052,investiguer,ordinal 3 et plus,attitude
humains vague 2,fefam,1052,0.013625,1.823435,1.848479,1.013735,-0.013625,1052,tous,1052,investiguer,ordinal 3 et plus,attitude
agents composite,fepol,1052,0.038973,0.788572,0.716103,0.908100,0.038973,1052,tous,1052,non teste,binaire,attitude
agents entretien (v3),fepol,1052,0.144487,0.788572,0.441330,0.559657,0.144487,1052,tous,1052,non teste,binaire,attitude
agents enquete,fepol,1052,0.028517,0.788572,0.736829,0.934384,0.028517,1052,tous,1052,non teste,binaire,attitude
agents demographiques (v6),fepol,1048,0.219520,0.788572,0.120352,0.152620,0.219520,1052,tous,1052,non teste,binaire,attitude
agents v7,fepol,1050,0.210980,0.788572,0.168088,0.213155,0.210980,1052,tous,1052,non teste,binaire,attitude
agents v8,fepol,1052,0.067490,0.788572,0.654374,0.829821,0.067490,1052,tous,1052,non teste,binaire,attitude
B0 mode,fepol,1052,0.235741,0.788572,0.000000,0.000000,0.235741,1052,tous,1052,non teste,binaire,attitude
B0 tirage,fepol,1052,0.012357,0.788572,0.766984,0.972624,0.012357,1052,tous,1052,non teste,binaire,attitude
B1 argmax,fepol,1052,0.096958,0.788572,0.581729,0.737699,0.096958,1052,tous,1052,non teste,binaire,attitude
B2 argmax,fepol,1052,0.183460,0.788572,0.296696,0.376244,0.183460,1052,tous,1052,non teste,binaire,attitude
B3 foret,fepol,1052,0.171103,0.788572,0.346276,0.439118,0.171103,1052,tous,1052,non teste,binaire,attitude
humains vague 2,fepol,1052,0.049430,0.788572,0.863087,1.094494,-0.049430,1052,tous,1052,non teste,binaire,attitude
agents composite,mobile16,1052,0.073194,1.576312,1.581562,1.003331,,1052,tous,1052,non teste,ordinal 3 et plus,comportement
agents entretien (v3),mobile16,1052,0.115019,1.576312,1.550782,0.983804,,1052,tous,1052,non teste,ordinal 3 et plus,comportement
agents enquete,mobile16,1048,0.298486,1.576312,1.287511,0.816787,,1052,tous,1052,non teste,ordinal 3 et plus,comportement
agents demographiques (v6),mobile16,1042,0.452528,1.576312,0.743689,0.471790,,1052,tous,1052,non teste,ordinal 3 et plus,comportement
agents v7,mobile16,1050,0.224197,1.576312,1.446371,0.917566,,1052,tous,1052,non teste,ordinal 3 et plus,comportement
agents v8,mobile16,1050,0.336578,1.576312,1.192149,0.756290,,1052,tous,1052,non teste,ordinal 3 et plus,comportement
B0 mode,mobile16,1052,0.453422,1.576312,0.000000,0.000000,,1052,tous,1052,non teste,ordinal 3 et plus,comportement
B0 tirage,mobile16,1052,0.007605,1.576312,1.572450,0.997550,,1052,tous,1052,non teste,ordinal 3 et plus,comportement
B1 argmax,mobile16,1052,0.037072,1.576312,1.550623,0.983703,,1052,tous,1052,non teste,ordinal 3 et plus,comportement
B2 argmax,mobile16,1052,0.032795,1.576312,1.558862,0.988930,,1052,tous,1052,non teste,ordinal 3 et plus,comportement
B3 foret,mobile16,1052,0.091730,1.576312,1.477898,0.937567,,1052,tous,1052,non teste,ordinal 3 et plus,comportement
humains vague 2,mobile16,1052,0.006654,1.576312,1.578567,1.001431,,1052,tous,1052,non teste,ordinal 3 et plus,comportement
agents composite,incom16,1052,0.026854,1.794118,1.594625,0.888807,-0.002139,1052,tous,1052,temoin,ordinal 3 et plus,comportement
agents entretien (v3),incom16,1052,0.014496,1.794118,1.778219,0.991138,0.014496,1052,tous,1052,temoin,ordinal 3 et plus,comportement
agents enquete,incom16,1048,0.035841,1.794118,1.676788,0.934603,-0.032166,1052,tous,1052,temoin,ordinal 3 et plus,comportement
agents demographiques (v6),incom16,1048,0.050483,1.794118,1.327209,0.739755,-0.005926,1052,tous,1052,temoin,ordinal 3 et plus,comportement
agents v7,incom16,1050,0.102336,1.794118,0.857716,0.478071,0.069662,1052,tous,1052,temoin,ordinal 3 et plus,comportement
agents v8,incom16,1051,0.116738,1.794118,1.012050,0.564093,0.111035,1052,tous,1052,temoin,ordinal 3 et plus,comportement
B0 mode,incom16,1052,0.148527,1.794118,0.000000,0.000000,0.052519,1052,tous,1052,temoin,ordinal 3 et plus,comportement
B0 tirage,incom16,1052,0.009981,1.794118,1.805989,1.006617,0.006654,1052,tous,1052,temoin,ordinal 3 et plus,comportement
B1 argmax,incom16,1052,0.080086,1.794118,1.139550,0.635159,0.021625,1052,tous,1052,temoin,ordinal 3 et plus,comportement
B2 argmax,incom16,1052,0.121673,1.794118,0.542906,0.302603,0.030894,1052,tous,1052,temoin,ordinal 3 et plus,comportement
B3 foret,incom16,1052,0.140922,1.794118,0.203959,0.113682,0.045390,1052,tous,1052,temoin,ordinal 3 et plus,comportement
humains vague 2,incom16,1052,0.008317,1.794118,1.801308,1.004007,-0.007367,1052,tous,1052,temoin,ordinal 3 et plus,comportement
agents composite,dwelown16,1052,0.072243,1.003762,1.179864,1.175442,,1052,tous,1052,non teste,nominal,comportement
agents entretien (v3),dwelown16,1046,0.037427,1.003762,1.147653,1.143352,,1052,tous,1052,non teste,nominal,comportement
agents enquete,dwelown16,1050,0.180521,1.003762,1.053202,1.049255,,1052,tous,1052,non teste,nominal,comportement
agents demographiques (v6),dwelown16,1049,0.136150,1.003762,0.977143,0.973481,,1052,tous,1052,non teste,nominal,comportement
agents v7,dwelown16,1050,0.065146,1.003762,0.818687,0.815619,,1052,tous,1052,non teste,nominal,comportement
agents v8,dwelown16,1051,0.129117,1.003762,0.672670,0.670149,,1052,tous,1052,non teste,nominal,comportement
B0 mode,dwelown16,1052,0.298479,1.003762,0.000000,0.000000,,1052,tous,1052,non teste,nominal,comportement
B0 tirage,dwelown16,1052,0.005703,1.003762,1.013881,1.010081,,1052,tous,1052,non teste,nominal,comportement
B1 argmax,dwelown16,1052,0.139734,1.003762,0.641057,0.638654,,1052,tous,1052,non teste,nominal,comportement
B2 argmax,dwelown16,1052,0.287072,1.003762,0.090667,0.090328,,1052,tous,1052,non teste,nominal,comportement
B3 foret,dwelown16,1052,0.198669,1.003762,0.469078,0.467320,,1052,tous,1052,non teste,nominal,comportement
humains vague 2,dwelown16,1052,0.011407,1.003762,1.034866,1.030988,,1052,tous,1052,non teste,nominal,comportement
agents composite,divorced,1052,0.017110,0.870534,0.847500,0.973541,0.017110,1052,tous,1052,temoin,binaire,comportement
agents entretien (v3),divorced,1051,0.014947,0.870534,0.850529,0.977020,0.014947,1052,tous,1052,temoin,binaire,comportement
agents enquete,divorced,1050,0.087065,0.870534,0.730169,0.838760,0.087065,1052,tous,1052,temoin,binaire,comportement
agents demographiques (v6),divorced,1049,0.001075,0.870534,0.869150,0.998410,0.001075,1052,tous,1052,temoin,binaire,comportement
agents v7,divorced,1052,0.132129,0.870534,0.631985,0.725974,0.132129,1052,tous,1052,temoin,binaire,comportement
agents v8,divorced,1051,0.016452,0.870534,0.890749,1.023222,-0.016452,1052,tous,1052,temoin,binaire,comportement
B0 mode,divorced,1052,0.290875,0.870534,0.000000,0.000000,0.290875,1052,tous,1052,temoin,binaire,comportement
B0 tirage,divorced,1052,0.001901,0.870534,0.872966,1.002793,-0.001901,1052,tous,1052,temoin,binaire,comportement
B1 argmax,divorced,1052,0.099810,0.870534,0.704379,0.809134,0.099810,1052,tous,1052,temoin,binaire,comportement
B2 argmax,divorced,1052,0.241445,0.870534,0.284655,0.326989,0.241445,1052,tous,1052,temoin,binaire,comportement
B3 foret,divorced,1052,0.220532,0.870534,0.367885,0.422597,0.220532,1052,tous,1052,temoin,binaire,comportement
humains vague 2,divorced,1052,0.001901,0.870534,0.868077,0.997178,0.001901,1052,tous,1052,temoin,binaire,comportement
agents composite,posslq/y,1052,0.019011,1.738695,1.779485,1.023460,,1052,tous,1052,temoin,nominal,comportement
agents entretien (v3),posslq/y,1049,0.015457,1.738695,1.771798,1.019039,,1052,tous,1052,temoin,nominal,comportement
agents enquete,posslq/y,1050,0.209102,1.738695,1.029899,0.592340,,1052,tous,1052,temoin,nominal,comportement
agents demographiques (v6),posslq/y,1049,0.001207,1.738695,1.740900,1.001268,,1052,tous,1052,temoin,nominal,comportement
agents v7,posslq/y,1051,0.260160,1.738695,1.058391,0.608727,,1052,tous,1052,temoin,nominal,comportement
agents v8,posslq/y,1051,0.220531,1.738695,0.993256,0.571265,,1052,tous,1052,temoin,nominal,comportement
B0 mode,posslq/y,1052,0.572243,1.738695,0.000000,0.000000,,1052,tous,1052,temoin,nominal,comportement
B0 tirage,posslq/y,1052,0.023764,1.738695,1.753794,1.008684,,1052,tous,1052,temoin,nominal,comportement
B1 argmax,posslq/y,1052,0.151141,1.738695,1.328176,0.763893,,1052,tous,1052,temoin,nominal,comportement
B2 argmax,posslq/y,1052,0.255703,1.738695,0.972796,0.559498,,1052,tous,1052,temoin,nominal,comportement
B3 foret,posslq/y,1052,0.219582,1.738695,0.992581,0.570877,,1052,tous,1052,temoin,nominal,comportement
humains vague 2,posslq/y,1052,0.016160,1.738695,1.711974,0.984631,,1052,tous,1052,temoin,nominal,comportement
agents composite,wrkstat,1051,0.073573,2.546828,2.598909,1.020449,,1052,tous,1052,temoin,nominal,comportement
agents entretien (v3),wrkstat,1051,0.076586,2.546828,2.592840,1.018066,,1052,tous,1052,temoin,nominal,comportement
agents enquete,wrkstat,1049,0.201357,2.546828,2.319118,0.910591,,1052,tous,1052,temoin,nominal,comportement
agents demographiques (v6),wrkstat,1047,0.239786,2.546828,2.276363,0.893803,,1052,tous,1052,temoin,nominal,comportement
agents v7,wrkstat,1052,0.154943,2.546828,2.358665,0.926119,,1052,tous,1052,temoin,nominal,comportement
agents v8,wrkstat,1051,0.404928,2.546828,1.495324,0.587132,,1052,tous,1052,temoin,nominal,comportement
B0 mode,wrkstat,1052,0.622624,2.546828,0.000000,0.000000,,1052,tous,1052,temoin,nominal,comportement
B0 tirage,wrkstat,1052,0.030418,2.546828,2.512302,0.986443,,1052,tous,1052,temoin,nominal,comportement
B1 argmax,wrkstat,1052,0.185361,2.546828,2.031384,0.797613,,1052,tous,1052,temoin,nominal,comportement
B2 argmax,wrkstat,1052,0.308935,2.546828,1.673741,0.657186,,1052,tous,1052,temoin,nominal,comportement
B3 foret,wrkstat,1052,0.365970,2.546828,1.278642,0.502053,,1052,tous,1052,temoin,nominal,comportement
humains vague 2,wrkstat,1052,0.037072,2.546828,2.509237,0.985240,,1052,tous,1052,temoin,nominal,comportement
agents composite,evwork,1052,0.002852,0.398968,0.388776,0.974454,,1052,tous,1052,temoin,binaire,comportement
agents entretien (v3),evwork,1052,0.021863,0.398968,0.316243,0.792654,,1052,tous,1052,temoin,binaire,comportement
agents enquete,evwork,1052,0.066540,0.398968,0.096730,0.242451,,1052,tous,1052,temoin,binaire,comportement
agents demographiques (v6),evwork,1052,0.067490,0.398968,0.090667,0.227255,,1052,tous,1052,temoin,binaire,comportement
agents v7,evwork,1052,0.031369,0.398968,0.276490,0.693013,,1052,tous,1052,temoin,binaire,comportement
agents v8,evwork,1051,0.057965,0.398968,0.147331,0.369280,,1052,tous,1052,temoin,binaire,comportement
B0 mode,evwork,1052,0.078897,0.398968,0.000000,0.000000,,1052,tous,1052,temoin,binaire,comportement
B0 tirage,evwork,1052,0.000000,0.398968,0.398968,1.000000,,1052,tous,1052,temoin,binaire,comportement
B1 argmax,evwork,1052,0.052281,0.398968,0.177812,0.445680,,1052,tous,1052,temoin,binaire,comportement
B2 argmax,evwork,1052,0.078897,0.398968,0.000000,0.000000,,1052,tous,1052,temoin,binaire,comportement
B3 foret,evwork,1052,0.078897,0.398968,0.000000,0.000000,,1052,tous,1052,temoin,binaire,comportement
humains vague 2,evwork,1052,0.007605,0.398968,0.425370,1.066177,,1052,tous,1052,temoin,binaire,comportement
agents composite,wrkgovt1,1052,0.017110,0.631985,0.671612,1.062702,,1052,tous,1052,non teste,binaire,comportement
agents entretien (v3),wrkgovt1,1052,0.002852,0.631985,0.625080,0.989074,,1052,tous,1052,non teste,binaire,comportement
agents enquete,wrkgovt1,1052,0.143536,0.631985,0.114307,0.180869,,1052,tous,1052,non teste,binaire,comportement
agents demographiques (v6),wrkgovt1,1052,0.158745,0.631985,0.000000,0.000000,,1052,tous,1052,non teste,binaire,comportement
agents v7,wrkgovt1,1052,0.106464,0.631985,0.296696,0.469467,,1052,tous,1052,non teste,binaire,comportement
agents v8,wrkgovt1,1051,0.139716,0.631985,0.136643,0.216212,,1052,tous,1052,non teste,binaire,comportement
B0 mode,wrkgovt1,1052,0.158745,0.631985,0.000000,0.000000,,1052,tous,1052,non teste,binaire,comportement
B0 tirage,wrkgovt1,1052,0.012357,0.631985,0.660907,1.045763,,1052,tous,1052,non teste,binaire,comportement
B1 argmax,wrkgovt1,1052,0.128327,0.631985,0.197171,0.311986,,1052,tous,1052,non teste,binaire,comportement
B2 argmax,wrkgovt1,1052,0.158745,0.631985,0.000000,0.000000,,1052,tous,1052,non teste,binaire,comportement
B3 foret,wrkgovt1,1052,0.154943,0.631985,0.036727,0.058114,,1052,tous,1052,non teste,binaire,comportement
humains vague 2,wrkgovt1,1052,0.009506,0.631985,0.654374,1.035426,,1052,tous,1052,non teste,binaire,comportement
agents composite,wrkgovt2,1052,0.021863,0.882441,0.854108,0.967893,,1052,tous,1052,non teste,binaire,comportement
agents entretien (v3),wrkgovt2,1052,0.169202,0.882441,0.561348,0.636131,,1052,tous,1052,non teste,binaire,comportement
agents enquete,wrkgovt2,1052,0.287072,0.882441,0.102686,0.116366,,1052,tous,1052,non teste,binaire,comportement
agents demographiques (v6),wrkgovt2,1052,0.297529,0.882441,0.028902,0.032753,,1052,tous,1052,non teste,binaire,comportement
agents v7,wrkgovt2,1052,0.250951,0.882441,0.284655,0.322577,,1052,tous,1052,non teste,binaire,comportement
agents v8,wrkgovt2,1051,0.300380,0.882441,0.000000,0.000000,,1052,tous,1052,non teste,binaire,comportement
B0 mode,wrkgovt2,1052,0.300380,0.882441,0.000000,0.000000,,1052,tous,1052,non teste,binaire,comportement
B0 tirage,wrkgovt2,1052,0.010456,0.882441,0.894822,1.014031,,1052,tous,1052,non teste,binaire,comportement
B1 argmax,wrkgovt2,1052,0.129278,0.882441,0.660907,0.748953,,1052,tous,1052,non teste,binaire,comportement
B2 argmax,wrkgovt2,1052,0.247148,0.882441,0.300656,0.340710,,1052,tous,1052,non teste,binaire,comportement
B3 foret,wrkgovt2,1052,0.217681,0.882441,0.412306,0.467234,,1052,tous,1052,non teste,binaire,comportement
humains vague 2,wrkgovt2,1052,0.004753,0.882441,0.888161,1.006482,,1052,tous,1052,non teste,binaire,comportement
agents composite,partfull,1052,0.073194,1.505681,1.550204,1.029570,,1052,tous,1052,non teste,nominal,comportement
agents entretien (v3),partfull,1052,0.058935,1.505681,1.554830,1.032642,,1052,tous,1052,non teste,nominal,comportement
agents enquete,partfull,1052,0.038973,1.505681,1.469384,0.975894,,1052,tous,1052,non teste,nominal,comportement
agents demographiques (v6),partfull,1052,0.279468,1.505681,0.975050,0.647581,,1052,tous,1052,non teste,nominal,comportement
agents v7,partfull,1052,0.177757,1.505681,1.328955,0.882628,,1052,tous,1052,non teste,nominal,comportement
agents v8,partfull,1051,0.182184,1.505681,1.265543,0.840512,,1052,tous,1052,non teste,nominal,comportement
B0 mode,partfull,1052,0.524715,1.505681,0.000000,0.000000,,1052,tous,1052,non teste,nominal,comportement
B0 tirage,partfull,1052,0.023764,1.505681,1.521617,1.010584,,1052,tous,1052,non teste,nominal,comportement
B1 argmax,partfull,1052,0.115019,1.505681,1.302739,0.865216,,1052,tous,1052,non teste,nominal,comportement
B2 argmax,partfull,1052,0.181559,1.505681,1.122403,0.745446,,1052,tous,1052,non teste,nominal,comportement
B3 foret,partfull,1052,0.201521,1.505681,0.975789,0.648072,,1052,tous,1052,non teste,nominal,comportement
humains vague 2,partfull,1052,0.028517,1.505681,1.482095,0.984335,,1052,tous,1052,non teste,nominal,comportement
agents composite,wksub1,1052,0.061787,1.511924,1.508183,0.997526,,1052,tous,1052,non teste,nominal,comportement
agents entretien (v3),wksub1,1051,0.050797,1.511924,1.500421,0.992392,,1052,tous,1052,non teste,nominal,comportement
agents enquete,wksub1,1051,0.162521,1.511924,1.155928,0.764541,,1052,tous,1052,non teste,nominal,comportement
agents demographiques (v6),wksub1,1051,0.190114,1.511924,0.999975,0.661392,,1052,tous,1052,non teste,nominal,comportement
agents v7,wksub1,1052,0.116920,1.511924,1.305537,0.863494,,1052,tous,1052,non teste,nominal,comportement
agents v8,wksub1,1051,0.149201,1.511924,1.184246,0.783271,,1052,tous,1052,non teste,nominal,comportement
B0 mode,wksub1,1052,0.577947,1.511924,0.000000,0.000000,,1052,tous,1052,non teste,nominal,comportement
B0 tirage,wksub1,1052,0.022814,1.511924,1.532887,1.013865,,1052,tous,1052,non teste,nominal,comportement
B1 argmax,wksub1,1052,0.132129,1.511924,1.255987,0.830721,,1052,tous,1052,non teste,nominal,comportement
B2 argmax,wksub1,1052,0.185361,1.511924,1.033708,0.683704,,1052,tous,1052,non teste,nominal,comportement
B3 foret,wksub1,1052,0.187262,1.511924,1.016167,0.672102,,1052,tous,1052,non teste,nominal,comportement
humains vague 2,wksub1,1052,0.019011,1.511924,1.499709,0.991921,,1052,tous,1052,non teste,nominal,comportement
agents composite,wksup1,1052,0.066540,1.504140,1.401885,0.932018,,1052,tous,1052,non teste,nominal,comportement
agents entretien (v3),wksup1,1050,0.072986,1.504140,1.390163,0.924224,,1052,tous,1052,non teste,nominal,comportement
agents enquete,wksup1,1051,0.178704,1.504140,1.033007,0.686776,,1052,tous,1052,non teste,nominal,comportement
agents demographiques (v6),wksup1,1051,0.161577,1.504140,1.125066,0.747980,,1052,tous,1052,non teste,nominal,comportement
agents v7,wksup1,1052,0.103612,1.504140,1.320076,0.877628,,1052,tous,1052,non teste,nominal,comportement
agents v8,wksup1,1051,0.051553,1.504140,1.551886,1.031743,,1052,tous,1052,non teste,nominal,comportement
B0 mode,wksup1,1052,0.383080,1.504140,0.721853,0.479911,,1052,tous,1052,non teste,nominal,comportement
B0 tirage,wksup1,1052,0.037072,1.504140,1.471689,0.978426,,1052,tous,1052,non teste,nominal,comportement
B1 argmax,wksup1,1052,0.069392,1.504140,1.395879,0.928025,,1052,tous,1052,non teste,nominal,comportement
B2 argmax,wksup1,1052,0.151141,1.504140,1.165633,0.774950,,1052,tous,1052,non teste,nominal,comportement
B3 foret,wksup1,1052,0.155894,1.504140,1.135522,0.754931,,1052,tous,1052,non teste,nominal,comportement
humains vague 2,wksup1,1052,0.026616,1.504140,1.531407,1.018128,,1052,tous,1052,non teste,nominal,comportement
agents composite,conarmy,1052,0.089354,1.387477,1.258251,0.906863,-0.065589,1052,tous,1052,investiguer,ordinal 3 et plus,attitude
agents entretien (v3),conarmy,1052,0.063688,1.387477,1.333562,0.961142,-0.057034,1052,tous,1052,investiguer,ordinal 3 et plus,attitude
agents enquete,conarmy,1052,0.083650,1.387477,1.105605,0.796846,-0.000000,1052,tous,1052,investiguer,ordinal 3 et plus,attitude
agents demographiques (v6),conarmy,1048,0.228881,1.387477,0.511458,0.368625,-0.122424,1052,tous,1052,investiguer,ordinal 3 et plus,attitude
agents v7,conarmy,1050,0.207556,1.387477,0.728160,0.524809,-0.131572,1052,tous,1052,investiguer,ordinal 3 et plus,attitude
agents v8,conarmy,1052,0.053707,1.387477,1.372182,0.988977,-0.053707,1052,tous,1052,investiguer,ordinal 3 et plus,attitude
B0 mode,conarmy,1052,0.325095,1.387477,0.000000,0.000000,0.325095,1052,tous,1052,investiguer,ordinal 3 et plus,attitude
B0 tirage,conarmy,1052,0.007129,1.387477,1.374050,0.990323,-0.000475,1052,tous,1052,investiguer,ordinal 3 et plus,attitude
B1 argmax,conarmy,1052,0.071768,1.387477,1.203479,0.867387,0.071768,1052,tous,1052,investiguer,ordinal 3 et plus,attitude
B2 argmax,conarmy,1052,0.057034,1.387477,1.122524,0.809040,0.057034,1052,tous,1052,investiguer,ordinal 3 et plus,attitude
B3 foret,conarmy,1052,0.105513,1.387477,0.989980,0.713511,0.105513,1052,tous,1052,investiguer,ordinal 3 et plus,attitude
humains vague 2,conarmy,1052,0.009030,1.387477,1.408187,1.014927,-0.009030,1052,tous,1052,investiguer,ordinal 3 et plus,attitude
agents composite,conbus,1052,0.065589,1.357972,0.927422,0.682946,-0.048479,1052,tous,1052,temoin,ordinal 3 et plus,attitude
agents entretien (v3),conbus,1052,0.082700,1.357972,1.059345,0.780093,-0.082700,1052,tous,1052,temoin,ordinal 3 et plus,attitude
agents enquete,conbus,1052,0.097433,1.357972,0.944560,0.695566,0.014734,1052,tous,1052,temoin,ordinal 3 et plus,attitude
agents demographiques (v6),conbus,1048,0.170927,1.357972,0.445637,0.328163,0.051155,1052,tous,1052,temoin,ordinal 3 et plus,attitude
agents v7,conbus,1050,0.154824,1.357972,0.577742,0.425444,0.040767,1052,tous,1052,temoin,ordinal 3 et plus,attitude
agents v8,conbus,1052,0.057034,1.357972,1.156164,0.851390,0.011407,1052,tous,1052,temoin,ordinal 3 et plus,attitude
B0 mode,conbus,1052,0.217205,1.357972,0.000000,0.000000,0.097433,1052,tous,1052,temoin,ordinal 3 et plus,attitude
B0 tirage,conbus,1052,0.011882,1.357972,1.334603,0.982791,0.010932,1052,tous,1052,temoin,ordinal 3 et plus,attitude
B1 argmax,conbus,1052,0.093156,1.357972,0.867804,0.639044,-0.017110,1052,tous,1052,temoin,ordinal 3 et plus,attitude
B2 argmax,conbus,1052,0.087928,1.357972,0.848564,0.624876,-0.028992,1052,tous,1052,temoin,ordinal 3 et plus,attitude
B3 foret,conbus,1052,0.132605,1.357972,0.656561,0.483486,0.012833,1052,tous,1052,temoin,ordinal 3 et plus,attitude
humains vague 2,conbus,1052,0.009506,1.357972,1.322305,0.973735,-0.009506,1052,tous,1052,temoin,ordinal 3 et plus,attitude
agents composite,conclerg,1051,0.040264,1.411753,1.491800,1.056700,0.040264,1052,tous,1052,temoin,ordinal 3 et plus,attitude
agents entretien (v3),conclerg,1052,0.066540,1.411753,1.525842,1.080813,0.066540,1052,tous,1052,temoin,ordinal 3 et plus,attitude
agents enquete,conclerg,1052,0.061312,1.411753,1.506331,1.066993,0.061312,1052,tous,1052,temoin,ordinal 3 et plus,attitude
agents demographiques (v6),conclerg,1048,0.043197,1.411753,1.357010,0.961223,0.012187,1052,tous,1052,temoin,ordinal 3 et plus,attitude
agents v7,conclerg,1050,0.191795,1.411753,0.977137,0.692144,0.129177,1052,tous,1052,temoin,ordinal 3 et plus,attitude
agents v8,conclerg,1052,0.117871,1.411753,1.522632,1.078540,0.117871,1052,tous,1052,temoin,ordinal 3 et plus,attitude
B0 mode,conclerg,1052,0.317966,1.411753,0.000000,0.000000,-0.317966,1052,tous,1052,temoin,ordinal 3 et plus,attitude
B0 tirage,conclerg,1052,0.006654,1.411753,1.426766,1.010634,0.006654,1052,tous,1052,temoin,ordinal 3 et plus,attitude
B1 argmax,conclerg,1052,0.093631,1.411753,1.139272,0.806991,-0.093631,1052,tous,1052,temoin,ordinal 3 et plus,attitude
B2 argmax,conclerg,1052,0.129278,1.411753,1.026025,0.726773,-0.129278,1052,tous,1052,temoin,ordinal 3 et plus,attitude
B3 foret,conclerg,1052,0.150190,1.411753,0.921184,0.652510,-0.150190,1052,tous,1052,temoin,ordinal 3 et plus,attitude
humains vague 2,conclerg,1052,0.012833,1.411753,1.403681,0.994282,0.005228,1052,tous,1052,temoin,ordinal 3 et plus,attitude
agents composite,coneduc,1052,0.149715,1.384086,0.584360,0.422199,-0.087928,1052,tous,1052,sensible,ordinal 3 et plus,attitude
agents entretien (v3),coneduc,1051,0.121747,1.384086,0.779063,0.562871,-0.121747,1052,tous,1052,sensible,ordinal 3 et plus,attitude
agents enquete,coneduc,1051,0.171067,1.384086,0.456731,0.329987,-0.046581,1052,tous,1052,sensible,ordinal 3 et plus,attitude
agents demographiques (v6),coneduc,1047,0.196236,1.384086,0.184496,0.133298,-0.048979,1052,tous,1052,sensible,ordinal 3 et plus,attitude
agents v7,coneduc,1052,0.174430,1.384086,0.419183,0.302859,-0.055608,1052,tous,1052,sensible,ordinal 3 et plus,attitude
agents v8,coneduc,1052,0.144962,1.384086,0.740692,0.535149,-0.144962,1052,tous,1052,sensible,ordinal 3 et plus,attitude
B0 mode,coneduc,1052,0.208175,1.384086,0.000000,0.000000,-0.043726,1052,tous,1052,sensible,ordinal 3 et plus,attitude
B0 tirage,coneduc,1052,0.015209,1.384086,1.371274,0.990743,-0.015209,1052,tous,1052,sensible,ordinal 3 et plus,attitude
B1 argmax,coneduc,1052,0.120247,1.384086,0.843585,0.609489,-0.027091,1052,tous,1052,sensible,ordinal 3 et plus,attitude
B2 argmax,coneduc,1052,0.151616,1.384086,0.620110,0.448029,-0.031844,1052,tous,1052,sensible,ordinal 3 et plus,attitude
B3 foret,coneduc,1052,0.192015,1.384086,0.239584,0.173099,-0.043726,1052,tous,1052,sensible,ordinal 3 et plus,attitude
humains vague 2,coneduc,1052,0.012833,1.384086,1.427413,1.031303,-0.012833,1052,tous,1052,sensible,ordinal 3 et plus,attitude
agents composite,confed,1051,0.106226,1.412652,1.116135,0.790099,-0.106226,1052,tous,1052,temoin,ordinal 3 et plus,attitude
agents entretien (v3),confed,1051,0.215169,1.412652,0.948190,0.671213,-0.215169,1052,tous,1052,temoin,ordinal 3 et plus,attitude
agents enquete,confed,1051,0.058739,1.412652,1.296741,0.917948,0.028408,1052,tous,1052,temoin,ordinal 3 et plus,attitude
agents demographiques (v6),confed,1047,0.159190,1.412652,0.747847,0.529392,0.036566,1052,tous,1052,temoin,ordinal 3 et plus,attitude
agents v7,confed,1052,0.108840,1.412652,0.898071,0.635734,-0.013783,1052,tous,1052,temoin,ordinal 3 et plus,attitude
agents v8,confed,1052,0.081274,1.412652,1.175580,0.832179,0.013783,1052,tous,1052,temoin,ordinal 3 et plus,attitude
B0 mode,confed,1052,0.265684,1.412652,0.000000,0.000000,0.143061,1052,tous,1052,temoin,ordinal 3 et plus,attitude
B0 tirage,confed,1052,0.010456,1.412652,1.417861,1.003687,0.010456,1052,tous,1052,temoin,ordinal 3 et plus,attitude
B1 argmax,confed,1052,0.046578,1.412652,1.207577,0.854829,-0.046578,1052,tous,1052,temoin,ordinal 3 et plus,attitude
B2 argmax,confed,1052,0.115494,1.412652,0.943977,0.668230,0.002376,1052,tous,1052,temoin,ordinal 3 et plus,attitude
B3 foret,confed,1052,0.059411,1.412652,1.016614,0.719649,-0.058460,1052,tous,1052,temoin,ordinal 3 et plus,attitude
humains vague 2,confed,1052,0.004278,1.412652,1.412139,0.999636,-0.004278,1052,tous,1052,temoin,ordinal 3 et plus,attitude
agents composite,confinan,1052,0.116920,1.416095,0.971371,0.685950,-0.116920,1052,tous,1052,temoin,ordinal 3 et plus,attitude
agents entretien (v3),confinan,1051,0.175584,1.416095,0.996978,0.704033,-0.175584,1052,tous,1052,temoin,ordinal 3 et plus,attitude
agents enquete,confinan,1051,0.171778,1.416095,1.100733,0.777302,-0.171778,1052,tous,1052,temoin,ordinal 3 et plus,attitude
agents demographiques (v6),confinan,1047,0.105930,1.416095,0.768901,0.542973,-0.073727,1052,tous,1052,temoin,ordinal 3 et plus,attitude
agents v7,confinan,1052,0.110266,1.416095,0.753071,0.531794,-0.069392,1052,tous,1052,temoin,ordinal 3 et plus,attitude
agents v8,confinan,1052,0.101711,1.416095,0.896712,0.633229,-0.101711,1052,tous,1052,temoin,ordinal 3 et plus,attitude
B0 mode,confinan,1052,0.218156,1.416095,0.000000,0.000000,0.038498,1052,tous,1052,temoin,ordinal 3 et plus,attitude
B0 tirage,confinan,1052,0.009981,1.416095,1.416889,1.000561,-0.009981,1052,tous,1052,temoin,ordinal 3 et plus,attitude
B1 argmax,confinan,1052,0.125000,1.416095,0.831074,0.586877,-0.016635,1052,tous,1052,temoin,ordinal 3 et plus,attitude
B2 argmax,confinan,1052,0.141635,1.416095,0.666360,0.470562,-0.029468,1052,tous,1052,temoin,ordinal 3 et plus,attitude
B3 foret,confinan,1052,0.187738,1.416095,0.331442,0.234054,0.008080,1052,tous,1052,temoin,ordinal 3 et plus,attitude
humains vague 2,confinan,1052,0.016160,1.416095,1.405979,0.992857,-0.016160,1052,tous,1052,temoin,ordinal 3 et plus,attitude
agents composite,conjudge,1052,0.134981,1.494759,0.953336,0.637786,-0.026616,1052,tous,1052,temoin,ordinal 3 et plus,attitude
agents entretien (v3),conjudge,1051,0.059086,1.494759,1.393190,0.932050,-0.059086,1052,tous,1052,temoin,ordinal 3 et plus,attitude
agents enquete,conjudge,1051,0.197167,1.494759,0.792785,0.530376,0.082208,1052,tous,1052,temoin,ordinal 3 et plus,attitude
agents demographiques (v6),conjudge,1047,0.249391,1.494759,0.313477,0.209717,0.071634,1052,tous,1052,temoin,ordinal 3 et plus,attitude
agents v7,conjudge,1052,0.210551,1.494759,0.603788,0.403937,0.038498,1052,tous,1052,temoin,ordinal 3 et plus,attitude
agents v8,conjudge,1052,0.091730,1.494759,1.519821,1.016767,0.091730,1052,tous,1052,temoin,ordinal 3 et plus,attitude
B0 mode,conjudge,1052,0.277567,1.494759,0.000000,0.000000,0.099810,1052,tous,1052,temoin,ordinal 3 et plus,attitude
B0 tirage,conjudge,1052,0.013783,1.494759,1.513413,1.012479,-0.000475,1052,tous,1052,temoin,ordinal 3 et plus,attitude
B1 argmax,conjudge,1052,0.041825,1.494759,1.380013,0.923235,-0.019011,1052,tous,1052,temoin,ordinal 3 et plus,attitude
B2 argmax,conjudge,1052,0.109316,1.494759,1.259851,0.842845,-0.109316,1052,tous,1052,temoin,ordinal 3 et plus,attitude
B3 foret,conjudge,1052,0.104563,1.494759,1.107533,0.740944,-0.034221,1052,tous,1052,temoin,ordinal 3 et plus,attitude
humains vague 2,conjudge,1052,0.019011,1.494759,1.489095,0.996211,-0.019011,1052,tous,1052,temoin,ordinal 3 et plus,attitude
agents composite,conlabor,1052,0.171103,1.433544,1.013914,0.707278,-0.171103,1052,tous,1052,temoin,ordinal 3 et plus,attitude
agents entretien (v3),conlabor,1051,0.146047,1.433544,1.173693,0.818735,-0.146047,1052,tous,1052,temoin,ordinal 3 et plus,attitude
agents enquete,conlabor,1049,0.140121,1.433544,0.952575,0.664489,-0.140121,1052,tous,1052,temoin,ordinal 3 et plus,attitude
agents demographiques (v6),conlabor,1050,0.207198,1.433544,0.196934,0.137375,-0.015230,1052,tous,1052,temoin,ordinal 3 et plus,attitude
agents v7,conlabor,1051,0.182473,1.433544,0.469182,0.327288,-0.009511,1052,tous,1052,temoin,ordinal 3 et plus,attitude
agents v8,conlabor,1052,0.058460,1.433544,1.474192,1.028355,-0.058460,1052,tous,1052,temoin,ordinal 3 et plus,attitude
B0 mode,conlabor,1052,0.221008,1.433544,0.000000,0.000000,-0.004278,1052,tous,1052,temoin,ordinal 3 et plus,attitude
B0 tirage,conlabor,1052,0.004278,1.433544,1.434931,1.000967,-0.004278,1052,tous,1052,temoin,ordinal 3 et plus,attitude
B1 argmax,conlabor,1052,0.111217,1.433544,0.976275,0.681022,-0.021863,1052,tous,1052,temoin,ordinal 3 et plus,attitude
B2 argmax,conlabor,1052,0.141635,1.433544,0.782222,0.545656,0.018061,1052,tous,1052,temoin,ordinal 3 et plus,attitude
B3 foret,conlabor,1052,0.188213,1.433544,0.409850,0.285900,-0.016160,1052,tous,1052,temoin,ordinal 3 et plus,attitude
humains vague 2,conlabor,1052,0.008555,1.433544,1.455045,1.014998,0.005703,1052,tous,1052,temoin,ordinal 3 et plus,attitude
agents composite,conlegis,1052,0.162072,1.273040,0.794936,0.624439,-0.162072,1052,tous,1052,sensible,ordinal 3 et plus,attitude
agents entretien (v3),conlegis,1051,0.208583,1.273040,0.589541,0.463097,-0.208583,1052,tous,1052,sensible,ordinal 3 et plus,attitude
agents enquete,conlegis,1049,0.130755,1.273040,0.878809,0.690324,-0.130755,1052,tous,1052,sensible,ordinal 3 et plus,attitude
agents demographiques (v6),conlegis,1050,0.160420,1.273040,0.792545,0.622561,-0.160420,1052,tous,1052,sensible,ordinal 3 et plus,attitude
agents v7,conlegis,1051,0.126756,1.273040,0.888506,0.697941,-0.126756,1052,tous,1052,sensible,ordinal 3 et plus,attitude
agents v8,conlegis,1052,0.146863,1.273040,0.835191,0.656061,-0.146863,1052,tous,1052,sensible,ordinal 3 et plus,attitude
B0 mode,conlegis,1052,0.279468,1.273040,0.000000,0.000000,-0.279468,1052,tous,1052,sensible,ordinal 3 et plus,attitude
B0 tirage,conlegis,1052,0.002852,1.273040,1.280215,1.005636,0.000000,1052,tous,1052,sensible,ordinal 3 et plus,attitude
B1 argmax,conlegis,1052,0.058460,1.273040,1.063423,0.835342,-0.058460,1052,tous,1052,sensible,ordinal 3 et plus,attitude
B2 argmax,conlegis,1052,0.091730,1.273040,0.965020,0.758044,-0.091730,1052,tous,1052,sensible,ordinal 3 et plus,attitude
B3 foret,conlegis,1052,0.101236,1.273040,0.940394,0.738700,-0.101236,1052,tous,1052,sensible,ordinal 3 et plus,attitude
humains vague 2,conlegis,1052,0.010932,1.273040,1.253158,0.984383,0.003327,1052,tous,1052,sensible,ordinal 3 et plus,attitude
agents composite,conmedic,1051,0.128189,1.385901,1.115719,0.805050,-0.098795,1052,tous,1052,sensible,ordinal 3 et plus,attitude
agents entretien (v3),conmedic,1051,0.056352,1.385901,1.271358,0.917351,-0.021250,1052,tous,1052,sensible,ordinal 3 et plus,attitude
agents enquete,conmedic,1049,0.057844,1.385901,1.073826,0.774822,0.036224,1052,tous,1052,sensible,ordinal 3 et plus,attitude
agents demographiques (v6),conmedic,1050,0.262812,1.385901,0.152693,0.110176,-0.155397,1052,tous,1052,sensible,ordinal 3 et plus,attitude
agents v7,conmedic,1051,0.200976,1.385901,0.654323,0.472128,-0.104028,1052,tous,1052,sensible,ordinal 3 et plus,attitude
agents v8,conmedic,1052,0.232890,1.385901,0.439527,0.317141,-0.131179,1052,tous,1052,sensible,ordinal 3 et plus,attitude
B0 mode,conmedic,1052,0.173954,1.385901,0.721853,0.520854,-0.066540,1052,tous,1052,sensible,ordinal 3 et plus,attitude
B0 tirage,conmedic,1052,0.002376,1.385901,1.377839,0.994183,0.001426,1052,tous,1052,sensible,ordinal 3 et plus,attitude
B1 argmax,conmedic,1052,0.052757,1.385901,1.137670,0.820888,0.052757,1052,tous,1052,sensible,ordinal 3 et plus,attitude
B2 argmax,conmedic,1052,0.104563,1.385901,1.027058,0.741076,0.104563,1052,tous,1052,sensible,ordinal 3 et plus,attitude
B3 foret,conmedic,1052,0.057985,1.385901,0.993070,0.716552,0.057985,1052,tous,1052,sensible,ordinal 3 et plus,attitude
humains vague 2,conmedic,1052,0.004278,1.385901,1.387398,1.001080,-0.004278,1052,tous,1052,sensible,ordinal 3 et plus,attitude
agents composite,conpress,1052,0.087452,1.345499,0.998923,0.742418,-0.087452,1052,tous,1052,temoin,ordinal 3 et plus,attitude
agents entretien (v3),conpress,1051,0.083420,1.345499,1.032189,0.767142,-0.083420,1052,tous,1052,temoin,ordinal 3 et plus,attitude
agents enquete,conpress,1049,0.112035,1.345499,0.984881,0.731982,-0.112035,1052,tous,1052,temoin,ordinal 3 et plus,attitude
agents demographiques (v6),conpress,1050,0.159497,1.345499,0.741259,0.550917,0.070143,1052,tous,1052,temoin,ordinal 3 et plus,attitude
agents v7,conpress,1051,0.163402,1.345499,0.726027,0.539597,0.074049,1052,tous,1052,temoin,ordinal 3 et plus,attitude
agents v8,conpress,1052,0.074144,1.345499,1.023704,0.760836,-0.005703,1052,tous,1052,temoin,ordinal 3 et plus,attitude
B0 mode,conpress,1052,0.264259,1.345499,0.000000,0.000000,0.174905,1052,tous,1052,temoin,ordinal 3 et plus,attitude
B0 tirage,conpress,1052,0.006654,1.345499,1.339255,0.995359,0.004753,1052,tous,1052,temoin,ordinal 3 et plus,attitude
B1 argmax,conpress,1052,0.039924,1.345499,1.136130,0.844393,-0.039924,1052,tous,1052,temoin,ordinal 3 et plus,attitude
B2 argmax,conpress,1052,0.106464,1.345499,0.900206,0.669050,0.017110,1052,tous,1052,temoin,ordinal 3 et plus,attitude
B3 foret,conpress,1052,0.051806,1.345499,0.994417,0.739069,-0.051806,1052,tous,1052,temoin,ordinal 3 et plus,attitude
humains vague 2,conpress,1052,0.007605,1.345499,1.355107,1.007141,-0.003802,1052,tous,1052,temoin,ordinal 3 et plus,attitude
agents composite,consci,1052,0.081749,1.383622,1.209345,0.874043,-0.012357,1052,tous,1052,temoin,ordinal 3 et plus,attitude
agents entretien (v3),consci,1051,0.033955,1.383622,1.299372,0.939109,0.008753,1052,tous,1052,temoin,ordinal 3 et plus,attitude
agents enquete,consci,1051,0.119124,1.383622,1.030506,0.744789,0.119124,1052,tous,1052,temoin,ordinal 3 et plus,attitude
agents demographiques (v6),consci,1048,0.135255,1.383622,0.939929,0.679325,-0.021186,1052,tous,1052,temoin,ordinal 3 et plus,attitude
agents v7,consci,1052,0.078897,1.383622,1.064252,0.769178,0.078897,1052,tous,1052,temoin,ordinal 3 et plus,attitude
agents v8,consci,1052,0.071293,1.383622,1.391752,1.005876,-0.071293,1052,tous,1052,temoin,ordinal 3 et plus,attitude
B0 mode,consci,1052,0.300856,1.383622,0.000000,0.000000,0.300856,1052,tous,1052,temoin,ordinal 3 et plus,attitude
B0 tirage,consci,1052,0.019011,1.383622,1.350824,0.976295,0.019011,1052,tous,1052,temoin,ordinal 3 et plus,attitude
B1 argmax,consci,1052,0.055133,1.383622,1.205265,0.871094,0.055133,1052,tous,1052,temoin,ordinal 3 et plus,attitude
B2 argmax,consci,1052,0.129278,1.383622,0.999844,0.722628,0.129278,1052,tous,1052,temoin,ordinal 3 et plus,attitude
B3 foret,consci,1052,0.087928,1.383622,1.020901,0.737846,0.087928,1052,tous,1052,temoin,ordinal 3 et plus,attitude
humains vague 2,consci,1052,0.010456,1.383622,1.355535,0.979700,0.005703,1052,tous,1052,temoin,ordinal 3 et plus,attitude
agents composite,contv,1052,0.126426,1.327100,0.983195,0.740860,-0.126426,1052,tous,1052,temoin,ordinal 3 et plus,attitude
agents entretien (v3),contv,1051,0.126234,1.327100,0.997119,0.751352,-0.126234,1052,tous,1052,temoin,ordinal 3 et plus,attitude
agents enquete,contv,1051,0.116244,1.327100,1.001085,0.754340,-0.116244,1052,tous,1052,temoin,ordinal 3 et plus,attitude
agents demographiques (v6),contv,1048,0.207043,1.327100,0.454995,0.342849,0.124343,1052,tous,1052,temoin,ordinal 3 et plus,attitude
agents v7,contv,1052,0.125475,1.327100,0.825244,0.621840,0.042776,1052,tous,1052,temoin,ordinal 3 et plus,attitude
agents v8,contv,1052,0.041350,1.327100,0.985172,0.742349,-0.041350,1052,tous,1052,temoin,ordinal 3 et plus,attitude
B0 mode,contv,1052,0.254753,1.327100,0.000000,0.000000,0.172053,1052,tous,1052,temoin,ordinal 3 et plus,attitude
B0 tirage,contv,1052,0.009981,1.327100,1.324625,0.998135,0.009981,1052,tous,1052,temoin,ordinal 3 et plus,attitude
B1 argmax,contv,1052,0.038498,1.327100,1.043395,0.786222,-0.036597,1052,tous,1052,temoin,ordinal 3 et plus,attitude
B2 argmax,contv,1052,0.105989,1.327100,0.878934,0.662297,0.023289,1052,tous,1052,temoin,ordinal 3 et plus,attitude
B3 foret,contv,1052,0.050856,1.327100,0.976014,0.735448,-0.031844,1052,tous,1052,temoin,ordinal 3 et plus,attitude
humains vague 2,contv,1052,0.001901,1.327100,1.327818,1.000540,-0.001901,1052,tous,1052,temoin,ordinal 3 et plus,attitude
agents composite,joblose,1031,0.106739,1.717919,1.392496,0.810571,,1052,tous,1052,non teste,nominal,comportement
agents entretien (v3),joblose,1034,0.066356,1.717919,1.505346,0.876261,,1052,tous,1052,non teste,nominal,comportement
agents enquete,joblose,1043,0.094104,1.717919,1.636406,0.952551,,1052,tous,1052,non teste,nominal,comportement
agents demographiques (v6),joblose,1041,0.246373,1.717919,1.658611,0.965477,,1052,tous,1052,non teste,nominal,comportement
agents v7,joblose,1041,0.166642,1.717919,1.657111,0.964603,,1052,tous,1052,non teste,nominal,comportement
agents v8,joblose,1041,0.154154,1.717919,1.579355,0.919342,,1052,tous,1052,non teste,nominal,comportement
B0 mode,joblose,1052,0.561787,1.717919,0.000000,0.000000,,1052,tous,1052,non teste,nominal,comportement
B0 tirage,joblose,1052,0.014259,1.717919,1.767275,1.028730,,1052,tous,1052,non teste,nominal,comportement
B1 argmax,joblose,1052,0.143536,1.717919,1.226658,0.714037,,1052,tous,1052,non teste,nominal,comportement
B2 argmax,joblose,1052,0.181559,1.717919,1.051190,0.611897,,1052,tous,1052,non teste,nominal,comportement
B3 foret,joblose,1052,0.188213,1.717919,0.983083,0.572252,,1052,tous,1052,non teste,nominal,comportement
humains vague 2,joblose,1052,0.042776,1.717919,1.799182,1.047303,,1052,tous,1052,non teste,nominal,comportement
agents composite,jobfind,1045,0.120317,1.860042,1.496549,0.804578,,1052,tous,1052,temoin,nominal,auto evaluation
agents entretien (v3),jobfind,1033,0.119240,1.860042,1.673832,0.899889,,1052,tous,1052,temoin,nominal,auto evaluation
agents enquete,jobfind,1050,0.174621,1.860042,1.487352,0.799634,,1052,tous,1052,temoin,nominal,auto evaluation
agents demographiques (v6),jobfind,1048,0.383646,1.860042,1.215129,0.653280,,1052,tous,1052,temoin,nominal,auto evaluation
agents v7,jobfind,1051,0.325657,1.860042,1.317845,0.708503,,1052,tous,1052,temoin,nominal,auto evaluation
agents v8,jobfind,1052,0.321293,1.860042,1.206097,0.648425,,1052,tous,1052,temoin,nominal,auto evaluation
B0 mode,jobfind,1052,0.589354,1.860042,0.000000,0.000000,,1052,tous,1052,temoin,nominal,auto evaluation
B0 tirage,jobfind,1052,0.022814,1.860042,1.848963,0.994044,,1052,tous,1052,temoin,nominal,auto evaluation
B1 argmax,jobfind,1052,0.147338,1.860042,1.567783,0.842875,,1052,tous,1052,temoin,nominal,auto evaluation
B2 argmax,jobfind,1052,0.137833,1.860042,1.523519,0.819078,,1052,tous,1052,temoin,nominal,auto evaluation
B3 foret,jobfind,1052,0.283270,1.860042,1.112071,0.597874,,1052,tous,1052,temoin,nominal,auto evaluation
humains vague 2,jobfind,1052,0.026616,1.860042,1.856548,0.998121,,1052,tous,1052,temoin,nominal,auto evaluation
agents composite,happy,1052,0.070342,1.408683,1.119130,0.794452,-0.031369,1052,tous,1052,temoin,ordinal 3 et plus,auto evaluation
agents entretien (v3),happy,1051,0.060216,1.408683,1.172290,0.832189,-0.026189,1052,tous,1052,temoin,ordinal 3 et plus,auto evaluation
agents enquete,happy,1049,0.086819,1.408683,0.920248,0.653268,-0.086819,1052,tous,1052,temoin,ordinal 3 et plus,auto evaluation
agents demographiques (v6),happy,1048,0.197182,1.408683,0.229686,0.163050,0.013743,1052,tous,1052,temoin,ordinal 3 et plus,auto evaluation
agents v7,happy,1052,0.124525,1.408683,0.818029,0.580705,0.070342,1052,tous,1052,temoin,ordinal 3 et plus,auto evaluation
agents v8,happy,1051,0.211024,1.408683,0.044240,0.031405,0.026618,1052,tous,1052,temoin,ordinal 3 et plus,auto evaluation
B0 mode,happy,1052,0.213403,1.408683,0.000000,0.000000,0.024240,1052,tous,1052,temoin,ordinal 3 et plus,auto evaluation
B0 tirage,happy,1052,0.009506,1.408683,1.434891,1.018605,0.000000,1052,tous,1052,temoin,ordinal 3 et plus,auto evaluation
B1 argmax,happy,1052,0.132129,1.408683,0.776895,0.551504,-0.014259,1052,tous,1052,temoin,ordinal 3 et plus,auto evaluation
B2 argmax,happy,1052,0.174430,1.408683,0.435184,0.308929,-0.006179,1052,tous,1052,temoin,ordinal 3 et plus,auto evaluation
B3 foret,happy,1052,0.210551,1.408683,0.055797,0.039609,0.022338,1052,tous,1052,temoin,ordinal 3 et plus,auto evaluation
humains vague 2,happy,1052,0.032795,1.408683,1.374602,0.975806,-0.032795,1052,tous,1052,temoin,ordinal 3 et plus,auto evaluation
agents composite,hapmar,1052,0.065589,1.568144,1.430991,0.912538,0.075457,1052,tous,1052,non teste,nominal,auto evaluation
agents entretien (v3),hapmar,1051,0.097239,1.568144,1.473566,0.939688,0.124444,1052,tous,1052,non teste,nominal,auto evaluation
agents enquete,hapmar,1049,0.181393,1.568144,1.206727,0.769525,-0.122602,1052,tous,1052,non teste,nominal,auto evaluation
agents demographiques (v6),hapmar,1048,0.123132,1.568144,1.337055,0.852635,-0.052465,1052,tous,1052,non teste,nominal,auto evaluation
agents v7,hapmar,1052,0.211027,1.568144,0.979468,0.624603,0.039240,1052,tous,1052,non teste,nominal,auto evaluation
agents v8,hapmar,1051,0.311311,1.568144,1.199011,0.764605,-0.148225,1052,tous,1052,non teste,nominal,auto evaluation
B0 mode,hapmar,1052,0.427757,1.568144,0.000000,0.000000,,1052,tous,1052,non teste,nominal,auto evaluation
B0 tirage,hapmar,1052,0.013308,1.568144,1.579278,1.007100,-0.000703,1052,tous,1052,non teste,nominal,auto evaluation
B1 argmax,hapmar,1052,0.197719,1.568144,1.038155,0.662028,0.065556,1052,tous,1052,non teste,nominal,auto evaluation
B2 argmax,hapmar,1052,0.322243,1.568144,0.593111,0.378225,0.063303,1052,tous,1052,non teste,nominal,auto evaluation
B3 foret,hapmar,1052,0.403042,1.568144,0.192279,0.122616,0.123248,1052,tous,1052,non teste,nominal,auto evaluation
humains vague 2,hapmar,1052,0.032319,1.568144,1.615033,1.029901,-0.035940,1052,tous,1052,non teste,nominal,auto evaluation
agents composite,satjob,1052,0.060837,1.939802,1.831620,0.944230,-0.000317,1052,tous,1052,temoin,nominal,auto evaluation
agents entretien (v3),satjob,1051,0.020250,1.939802,1.950300,1.005412,0.011054,1052,tous,1052,temoin,nominal,auto evaluation
agents enquete,satjob,1049,0.172830,1.939802,1.648661,0.849912,-0.077944,1052,tous,1052,temoin,nominal,auto evaluation
agents demographiques (v6),satjob,1048,0.424070,1.939802,1.178719,0.607649,-0.074324,1052,tous,1052,temoin,nominal,auto evaluation
agents v7,satjob,1052,0.199620,1.939802,1.550184,0.799145,0.027693,1052,tous,1052,temoin,nominal,auto evaluation
agents v8,satjob,1051,0.355167,1.939802,1.016146,0.523840,-0.037005,1052,tous,1052,temoin,nominal,auto evaluation
B0 mode,satjob,1052,0.590304,1.939802,0.000000,0.000000,,1052,tous,1052,temoin,nominal,auto evaluation
B0 tirage,satjob,1052,0.014259,1.939802,1.947170,1.003798,-0.004762,1052,tous,1052,temoin,nominal,auto evaluation
B1 argmax,satjob,1052,0.128327,1.939802,1.589705,0.819519,0.043847,1052,tous,1052,temoin,nominal,auto evaluation
B2 argmax,satjob,1052,0.192966,1.939802,1.425059,0.734641,0.028698,1052,tous,1052,temoin,nominal,auto evaluation
B3 foret,satjob,1052,0.230038,1.939802,1.223681,0.630828,0.030702,1052,tous,1052,temoin,nominal,auto evaluation
humains vague 2,satjob,1052,0.039924,1.939802,2.002212,1.032173,-0.036658,1052,tous,1052,temoin,nominal,auto evaluation
agents composite,spdeg*,1052,0.124525,2.015075,1.656947,0.822276,,1052,tous,1052,non teste,nominal,comportement
agents entretien (v3),spdeg*,1052,0.135932,2.015075,1.768203,0.877488,,1052,tous,1052,non teste,nominal,comportement
agents enquete,spdeg*,1051,0.105443,2.015075,1.678252,0.832848,,1052,tous,1052,non teste,nominal,comportement
agents demographiques (v6),spdeg*,1051,0.112830,2.015075,1.722326,0.854721,,1052,tous,1052,non teste,nominal,comportement
agents v7,spdeg*,1052,0.228137,2.015075,1.510517,0.749608,,1052,tous,1052,non teste,nominal,comportement
agents v8,spdeg*,1051,0.453023,2.015075,1.599666,0.793850,,1052,tous,1052,non teste,nominal,comportement
B0 mode,spdeg*,1052,0.484791,2.015075,0.000000,0.000000,,1052,tous,1052,non teste,nominal,comportement
B0 tirage,spdeg*,1052,0.026616,2.015075,2.060612,1.022598,,1052,tous,1052,non teste,nominal,comportement
B1 argmax,spdeg*,1052,0.218631,2.015075,1.366249,0.678014,,1052,tous,1052,non teste,nominal,comportement
B2 argmax,spdeg*,1052,0.369772,2.015075,0.676854,0.335895,,1052,tous,1052,non teste,nominal,comportement
B3 foret,spdeg*,1052,0.467681,2.015075,0.147382,0.073140,,1052,tous,1052,non teste,nominal,comportement
humains vague 2,spdeg*,1052,0.012357,2.015075,2.016700,1.000807,,1052,tous,1052,non teste,nominal,comportement
agents composite,spjew,1052,0.272814,1.222465,0.170076,0.139125,,1052,tous,1052,non teste,nominal,comportement
agents entretien (v3),spjew,1051,0.275649,1.222465,0.150717,0.123290,,1052,tous,1052,non teste,nominal,comportement
agents enquete,spjew,1047,0.251706,1.222465,0.322049,0.263442,,1052,tous,1052,non teste,nominal,comportement
agents demographiques (v6),spjew,1047,0.247940,1.222465,0.333093,0.272477,,1052,tous,1052,non teste,nominal,comportement
agents v7,spjew,1052,0.290875,1.222465,0.023197,0.018976,,1052,tous,1052,non teste,nominal,comportement
agents v8,spjew,1050,0.290871,1.222465,0.020644,0.016887,,1052,tous,1052,non teste,nominal,comportement
B0 mode,spjew,1052,0.292776,1.222465,0.000000,0.000000,,1052,tous,1052,non teste,nominal,comportement
B0 tirage,spjew,1052,0.010456,1.222465,1.254213,1.025971,,1052,tous,1052,non teste,nominal,comportement
B1 argmax,spjew,1052,0.192966,1.222465,0.553554,0.452818,,1052,tous,1052,non teste,nominal,comportement
B2 argmax,spjew,1052,0.275665,1.222465,0.140849,0.115217,,1052,tous,1052,non teste,nominal,comportement
B3 foret,spjew,1052,0.292776,1.222465,0.000000,0.000000,,1052,tous,1052,non teste,nominal,comportement
humains vague 2,spjew,1052,0.026616,1.222465,1.203419,0.984420,,1052,tous,1052,non teste,nominal,comportement
agents composite,spfund,1052,0.092205,1.311100,1.034843,0.789293,,1052,tous,1052,non teste,nominal,comportement
agents entretien (v3),spfund,1052,0.078897,1.311100,1.070911,0.816804,,1052,tous,1052,non teste,nominal,comportement
agents enquete,spfund,1050,0.118533,1.311100,0.978010,0.745946,,1052,tous,1052,non teste,nominal,comportement
agents demographiques (v6),spfund,1051,0.095032,1.311100,0.961040,0.733002,,1052,tous,1052,non teste,nominal,comportement
agents v7,spfund,1052,0.107414,1.311100,1.414834,1.079119,,1052,tous,1052,non teste,nominal,comportement
agents v8,spfund,1050,0.407261,1.311100,1.932146,1.473683,,1052,tous,1052,non teste,nominal,comportement
B0 mode,spfund,1052,0.311787,1.311100,0.000000,0.000000,,1052,tous,1052,non teste,nominal,comportement
B0 tirage,spfund,1052,0.017110,1.311100,1.288638,0.982868,,1052,tous,1052,non teste,nominal,comportement
B1 argmax,spfund,1052,0.178707,1.311100,0.736715,0.561906,,1052,tous,1052,non teste,nominal,comportement
B2 argmax,spfund,1052,0.282319,1.311100,0.199145,0.151891,,1052,tous,1052,non teste,nominal,comportement
B3 foret,spfund,1052,0.309886,1.311100,0.020610,0.015720,,1052,tous,1052,non teste,nominal,comportement
humains vague 2,spfund,1052,0.004753,1.311100,1.327958,1.012858,,1052,tous,1052,non teste,nominal,comportement
agents composite,unemp,1052,0.153042,0.971190,0.805882,0.829788,0.153042,1052,tous,1052,temoin,binaire,comportement
agents entretien (v3),unemp,1052,0.036122,0.971190,0.945927,0.973987,0.036122,1052,tous,1052,temoin,binaire,comportement
agents enquete,unemp,1051,0.104282,0.971190,0.875725,0.901704,0.104282,1052,tous,1052,temoin,binaire,comportement
agents demographiques (v6),unemp,1049,0.009721,0.971190,0.976639,1.005611,-0.009721,1052,tous,1052,temoin,binaire,comportement
agents v7,unemp,1052,0.107414,0.971190,0.871753,0.897613,0.107414,1052,tous,1052,temoin,binaire,comportement
agents v8,unemp,1051,0.220362,0.971190,0.678301,0.698423,0.220362,1052,tous,1052,temoin,binaire,comportement
B0 mode,unemp,1052,0.399240,0.971190,0.000000,0.000000,0.399240,1052,tous,1052,temoin,binaire,comportement
B0 tirage,unemp,1052,0.019962,0.971190,0.958216,0.986641,0.019962,1052,tous,1052,temoin,binaire,comportement
B1 argmax,unemp,1052,0.098859,0.971190,0.882441,0.908618,0.098859,1052,tous,1052,temoin,binaire,comportement
B2 argmax,unemp,1052,0.160646,0.971190,0.793379,0.816914,0.160646,1052,tous,1052,temoin,binaire,comportement
B3 foret,unemp,1052,0.184411,0.971190,0.751298,0.773585,0.184411,1052,tous,1052,temoin,binaire,comportement
humains vague 2,unemp,1052,0.041825,0.971190,0.990640,1.020028,-0.041825,1052,tous,1052,temoin,binaire,comportement
agents composite,union1,1052,0.040875,0.551964,0.303583,0.550005,,1052,tous,1052,non teste,nominal,comportement
agents entretien (v3),union1,1050,0.036111,0.551964,0.375916,0.681052,,1052,tous,1052,non teste,nominal,comportement
agents enquete,union1,1050,0.072213,0.551964,0.129315,0.234281,,1052,tous,1052,non teste,nominal,comportement
agents demographiques (v6),union1,1048,0.088403,0.551964,0.000000,0.000000,,1052,tous,1052,non teste,nominal,comportement
agents v7,union1,1051,0.057004,0.551964,0.213088,0.386054,,1052,tous,1052,non teste,nominal,comportement
agents v8,union1,1046,0.033221,0.551964,0.358261,0.649066,,1052,tous,1052,non teste,nominal,comportement
B0 mode,union1,1052,0.088403,0.551964,0.000000,0.000000,,1052,tous,1052,non teste,nominal,comportement
B0 tirage,union1,1052,0.017110,0.551964,0.581951,1.054328,,1052,tous,1052,non teste,nominal,comportement
B1 argmax,union1,1052,0.081749,0.551964,0.065614,0.118873,,1052,tous,1052,non teste,nominal,comportement
B2 argmax,union1,1052,0.088403,0.551964,0.000000,0.000000,,1052,tous,1052,non teste,nominal,comportement
B3 foret,union1,1052,0.088403,0.551964,0.000000,0.000000,,1052,tous,1052,non teste,nominal,comportement
humains vague 2,union1,1052,0.009506,0.551964,0.593235,1.074773,,1052,tous,1052,non teste,nominal,comportement
agents composite,spkath/y,1052,0.036122,0.696395,0.766984,1.101364,-0.036122,1052,tous,1052,temoin,binaire,attitude
agents entretien (v3),spkath/y,1052,0.051331,0.696395,0.793379,1.139265,-0.051331,1052,tous,1052,temoin,binaire,attitude
agents enquete,spkath/y,1050,0.015595,0.696395,0.728293,1.045804,-0.015595,1052,tous,1052,temoin,binaire,attitude
agents demographiques (v6),spkath/y,1051,0.051201,0.696395,0.574515,0.824985,0.051201,1052,tous,1052,temoin,binaire,attitude
agents v7,spkath/y,1052,0.084601,0.696395,0.478062,0.686481,0.084601,1052,tous,1052,temoin,binaire,attitude
agents v8,spkath/y,1051,0.061073,0.696395,0.809315,1.162149,-0.061073,1052,tous,1052,temoin,binaire,attitude
B0 mode,spkath/y,1052,0.187262,0.696395,0.000000,0.000000,0.187262,1052,tous,1052,temoin,binaire,attitude
B0 tirage,spkath/y,1052,0.011407,0.696395,0.671612,0.964412,0.011407,1052,tous,1052,temoin,binaire,attitude
B1 argmax,spkath/y,1052,0.164449,0.696395,0.157645,0.226374,0.164449,1052,tous,1052,temoin,binaire,attitude
B2 argmax,spkath/y,1052,0.175856,0.696395,0.090667,0.130195,0.175856,1052,tous,1052,temoin,binaire,attitude
B3 foret,spkath/y,1052,0.187262,0.696395,0.000000,0.000000,0.187262,1052,tous,1052,temoin,binaire,attitude
humains vague 2,spkath/y,1052,0.003802,0.696395,0.704379,1.011465,-0.003802,1052,tous,1052,temoin,binaire,attitude
agents composite,colath,1052,0.027567,0.814963,0.855410,1.049630,-0.027567,1052,tous,1052,temoin,binaire,attitude
agents entretien (v3),colath,1051,0.138204,0.814963,0.965553,1.184782,-0.138204,1052,tous,1052,temoin,binaire,attitude
agents enquete,colath,1052,0.031369,0.814963,0.860554,1.055942,-0.031369,1052,tous,1052,temoin,binaire,attitude
agents demographiques (v6),colath,1051,0.008324,0.814963,0.801626,0.983634,0.008324,1052,tous,1052,temoin,binaire,attitude
agents v7,colath,1052,0.076996,0.814963,0.669489,0.821496,0.076996,1052,tous,1052,temoin,binaire,attitude
agents v8,colath,1051,0.074455,0.814963,0.911846,1.118880,-0.074455,1052,tous,1052,temoin,binaire,attitude
B0 mode,colath,1052,0.251901,0.814963,0.000000,0.000000,0.251901,1052,tous,1052,temoin,binaire,attitude
B0 tirage,colath,1052,0.013308,0.814963,0.835191,1.024821,-0.013308,1052,tous,1052,temoin,binaire,attitude
B1 argmax,colath,1052,0.186312,0.814963,0.349930,0.429381,0.186312,1052,tous,1052,temoin,binaire,attitude
B2 argmax,colath,1052,0.192966,0.814963,0.323890,0.397429,0.192966,1052,tous,1052,temoin,binaire,attitude
B3 foret,colath,1052,0.246198,0.814963,0.051404,0.063075,0.246198,1052,tous,1052,temoin,binaire,attitude
humains vague 2,colath,1052,0.005703,0.814963,0.823796,1.010838,-0.005703,1052,tous,1052,temoin,binaire,attitude
agents composite,spkrac/y,1052,0.017110,0.991591,0.996299,1.004748,,1052,tous,1052,sensible,binaire,attitude
agents entretien (v3),spkrac/y,1051,0.429644,0.991591,0.108626,0.109548,,1052,tous,1052,sensible,binaire,attitude
agents enquete,spkrac/y,1052,0.233840,0.991591,0.742314,0.748609,,1052,tous,1052,sensible,binaire,attitude
agents demographiques (v6),spkrac/y,1051,0.434402,0.991591,0.078245,0.078909,,1052,tous,1052,sensible,binaire,attitude
agents v7,spkrac/y,1052,0.431559,0.991591,0.096730,0.097551,,1052,tous,1052,sensible,binaire,attitude
agents v8,spkrac/y,1051,0.438208,0.991591,0.051445,0.051881,,1052,tous,1052,sensible,binaire,attitude
B0 mode,spkrac/y,1052,0.443916,0.991591,0.000000,0.000000,,1052,tous,1052,sensible,binaire,attitude
B0 tirage,spkrac/y,1052,0.018061,0.991591,0.996510,1.004961,,1052,tous,1052,sensible,binaire,attitude
B1 argmax,spkrac/y,1052,0.073194,0.991591,0.951911,0.959983,,1052,tous,1052,sensible,binaire,attitude
B2 argmax,spkrac/y,1052,0.106464,0.991591,0.923046,0.930873,,1052,tous,1052,sensible,binaire,attitude
B3 foret,spkrac/y,1052,0.202471,0.991591,0.798120,0.804889,,1052,tous,1052,sensible,binaire,attitude
humains vague 2,spkrac/y,1052,0.036122,0.991591,0.999536,1.008012,,1052,tous,1052,sensible,binaire,attitude
agents composite,colrac,1052,0.115970,0.884747,0.981316,1.109148,,1052,tous,1052,temoin,binaire,attitude
agents entretien (v3),colrac,1052,0.226236,0.884747,0.388776,0.439420,,1052,tous,1052,temoin,binaire,attitude
agents enquete,colrac,1052,0.171103,0.884747,0.998641,1.128730,,1052,tous,1052,temoin,binaire,attitude
agents demographiques (v6),colrac,1052,0.224335,0.884747,0.395589,0.447120,,1052,tous,1052,temoin,binaire,attitude
agents v7,colrac,1052,0.246198,0.884747,0.312384,0.353077,,1052,tous,1052,temoin,binaire,attitude
agents v8,colrac,1051,0.092005,0.884747,0.742696,0.839444,,1052,tous,1052,temoin,binaire,attitude
B0 mode,colrac,1052,0.302281,0.884747,0.000000,0.000000,,1052,tous,1052,temoin,binaire,attitude
B0 tirage,colrac,1052,0.011407,0.884747,0.898071,1.015059,,1052,tous,1052,temoin,binaire,attitude
B1 argmax,colrac,1052,0.180608,0.884747,0.534837,0.604508,,1052,tous,1052,temoin,binaire,attitude
B2 argmax,colrac,1052,0.256654,0.884747,0.268209,0.303148,,1052,tous,1052,temoin,binaire,attitude
B3 foret,colrac,1052,0.292776,0.884747,0.078184,0.088369,,1052,tous,1052,temoin,binaire,attitude
humains vague 2,colrac,1052,0.002852,0.884747,0.888161,1.003858,,1052,tous,1052,temoin,binaire,attitude
agents composite,librac/y,1052,0.156844,0.983083,0.835191,0.849563,,1052,tous,1052,non teste,binaire,attitude
agents entretien (v3),librac/y,1052,0.220532,0.983083,0.941202,0.957398,,1052,tous,1052,non teste,binaire,attitude
agents enquete,librac/y,1052,0.090304,0.983083,0.917389,0.933175,,1052,tous,1052,non teste,binaire,attitude
agents demographiques (v6),librac/y,1052,0.350760,0.983083,0.773760,0.787075,,1052,tous,1052,non teste,binaire,attitude
agents v7,librac/y,1052,0.373574,0.983083,0.731273,0.743857,,1052,tous,1052,non teste,binaire,attitude
agents v8,librac/y,1051,0.101258,0.983083,0.999118,1.016311,,1052,tous,1052,non teste,binaire,attitude
B0 mode,librac/y,1052,0.422053,0.983083,0.000000,0.000000,,1052,tous,1052,non teste,binaire,attitude
B0 tirage,librac/y,1052,0.016160,0.983083,0.974980,0.991757,,1052,tous,1052,non teste,binaire,attitude
B1 argmax,librac/y,1052,0.143536,0.983083,0.854108,0.868805,,1052,tous,1052,non teste,binaire,attitude
B2 argmax,librac/y,1052,0.191065,0.983083,0.780416,0.793846,,1052,tous,1052,non teste,binaire,attitude
B3 foret,librac/y,1052,0.212928,0.983083,0.740493,0.753236,,1052,tous,1052,non teste,binaire,attitude
humains vague 2,librac/y,1052,0.002852,0.983083,0.981766,0.998660,,1052,tous,1052,non teste,binaire,attitude
agents composite,spkcom/y,1052,0.096008,0.893727,0.749517,0.838641,0.096008,1052,tous,1052,non teste,binaire,attitude
agents entretien (v3),spkcom/y,1051,0.074872,0.893727,0.787337,0.880958,0.074872,1052,tous,1052,non teste,binaire,attitude
agents enquete,spkcom/y,1050,0.157505,0.893727,0.616454,0.689756,0.157505,1052,tous,1052,non teste,binaire,attitude
agents demographiques (v6),spkcom/y,1050,0.198457,0.893727,0.504897,0.564934,0.198457,1052,tous,1052,non teste,binaire,attitude
agents v7,spkcom/y,1052,0.213878,0.893727,0.456896,0.511226,0.213878,1052,tous,1052,non teste,binaire,attitude
agents v8,spkcom/y,1047,0.061557,0.893727,0.809307,0.905541,0.061557,1052,tous,1052,non teste,binaire,attitude
B0 mode,spkcom/y,1052,0.309886,0.893727,0.000000,0.000000,0.309886,1052,tous,1052,non teste,binaire,attitude
B0 tirage,spkcom/y,1052,0.023764,0.893727,0.919298,1.028611,-0.023764,1052,tous,1052,non teste,binaire,attitude
B1 argmax,spkcom/y,1052,0.194867,0.893727,0.515557,0.576862,0.194867,1052,tous,1052,non teste,binaire,attitude
B2 argmax,spkcom/y,1052,0.184411,0.893727,0.545583,0.610458,0.184411,1052,tous,1052,non teste,binaire,attitude
B3 foret,spkcom/y,1052,0.288023,0.893727,0.152463,0.170592,0.288023,1052,tous,1052,non teste,binaire,attitude
humains vague 2,spkcom/y,1052,0.037072,0.893727,0.846159,0.946775,0.037072,1052,tous,1052,non teste,binaire,attitude
agents composite,colcom/y,1052,0.119772,0.899141,0.712228,0.792120,0.119772,1052,tous,1052,non teste,binaire,attitude
agents entretien (v3),colcom/y,1052,0.035171,0.899141,0.855410,0.951363,0.035171,1052,tous,1052,non teste,binaire,attitude
agents enquete,colcom/y,1050,0.093686,0.899141,0.762590,0.848131,0.093686,1052,tous,1052,non teste,binaire,attitude
agents demographiques (v6),colcom/y,1051,0.189044,0.899141,0.545918,0.607155,0.189044,1052,tous,1052,non teste,binaire,attitude
agents v7,colcom/y,1052,0.220532,0.899141,0.450716,0.501274,0.220532,1052,tous,1052,non teste,binaire,attitude
agents v8,colcom/y,1051,0.048226,0.899141,0.836957,0.930840,0.048226,1052,tous,1052,non teste,binaire,attitude
B0 mode,colcom/y,1052,0.314639,0.899141,0.000000,0.000000,0.314639,1052,tous,1052,non teste,binaire,attitude
B0 tirage,colcom/y,1052,0.019962,0.899141,0.920244,1.023469,-0.019962,1052,tous,1052,non teste,binaire,attitude
B1 argmax,colcom/y,1052,0.186312,0.899141,0.553518,0.615607,0.186312,1052,tous,1052,non teste,binaire,attitude
B2 argmax,colcom/y,1052,0.220532,0.899141,0.450716,0.501274,0.220532,1052,tous,1052,non teste,binaire,attitude
B3 foret,colcom/y,1052,0.300380,0.899141,0.108543,0.120718,0.300380,1052,tous,1052,non teste,binaire,attitude
humains vague 2,colcom/y,1052,0.015209,0.899141,0.881278,0.980133,0.015209,1052,tous,1052,non teste,binaire,attitude
agents composite,libcom/y,1052,0.057985,0.823796,0.721853,0.876252,0.057985,1052,tous,1052,temoin,binaire,attitude
agents entretien (v3),libcom/y,1052,0.176806,0.823796,0.405672,0.492443,0.176806,1052,tous,1052,temoin,binaire,attitude
agents enquete,libcom/y,1052,0.125475,0.823796,0.563935,0.684556,0.125475,1052,tous,1052,temoin,binaire,attitude
agents demographiques (v6),libcom/y,1052,0.134030,0.823796,0.540234,0.655786,0.134030,1052,tous,1052,temoin,binaire,attitude
agents v7,libcom/y,1052,0.205323,0.823796,0.296696,0.360157,0.205323,1052,tous,1052,temoin,binaire,attitude
agents v8,libcom/y,1051,0.206225,0.823796,0.292915,0.355568,0.206225,1052,tous,1052,temoin,binaire,attitude
B0 mode,libcom/y,1052,0.257605,0.823796,0.000000,0.000000,0.257605,1052,tous,1052,temoin,binaire,attitude
B0 tirage,libcom/y,1052,0.005703,0.823796,0.832383,1.010424,-0.005703,1052,tous,1052,temoin,binaire,attitude
B1 argmax,libcom/y,1052,0.187262,0.823796,0.367885,0.446573,0.187262,1052,tous,1052,temoin,binaire,attitude
B2 argmax,libcom/y,1052,0.193916,0.823796,0.342601,0.415881,0.193916,1052,tous,1052,temoin,binaire,attitude
B3 foret,libcom/y,1052,0.252852,0.823796,0.044204,0.053659,0.252852,1052,tous,1052,temoin,binaire,attitude
humains vague 2,libcom/y,1052,0.010456,0.823796,0.807413,0.980113,0.010456,1052,tous,1052,temoin,binaire,attitude
agents composite,spkhomo/y,1052,0.041825,0.335184,0.481028,1.435116,-0.041825,1052,tous,1052,non teste,binaire,attitude
agents entretien (v3),spkhomo/y,1051,0.025749,0.335184,0.428877,1.279525,-0.025749,1052,tous,1052,non teste,binaire,attitude
agents enquete,spkhomo/y,1052,0.070342,0.335184,0.563935,1.682462,-0.070342,1052,tous,1052,non teste,binaire,attitude
agents demographiques (v6),spkhomo/y,1049,0.034142,0.335184,0.183130,0.546357,0.034142,1052,tous,1052,non teste,binaire,attitude
agents v7,spkhomo/y,1051,0.023728,0.335184,0.234007,0.698145,0.023728,1052,tous,1052,non teste,binaire,attitude
agents v8,spkhomo/y,1051,0.137071,0.335184,0.720325,2.149043,-0.137071,1052,tous,1052,non teste,binaire,attitude
B0 mode,spkhomo/y,1052,0.061787,0.335184,0.000000,0.000000,0.061787,1052,tous,1052,non teste,binaire,attitude
B0 tirage,spkhomo/y,1052,0.007605,0.335184,0.304591,0.908727,0.007605,1052,tous,1052,non teste,binaire,attitude
B1 argmax,spkhomo/y,1052,0.058935,0.335184,0.028902,0.086228,0.058935,1052,tous,1052,non teste,binaire,attitude
B2 argmax,spkhomo/y,1052,0.061787,0.335184,0.000000,0.000000,0.061787,1052,tous,1052,non teste,binaire,attitude
B3 foret,spkhomo/y,1052,0.061787,0.335184,0.000000,0.000000,0.061787,1052,tous,1052,non teste,binaire,attitude
humains vague 2,spkhomo/y,1052,0.019011,0.335184,0.405672,1.210296,-0.019011,1052,tous,1052,non teste,binaire,attitude
agents composite,colhomo,1052,0.152091,0.353562,0.758346,2.144872,-0.152091,1052,tous,1052,non teste,binaire,attitude
agents entretien (v3),colhomo,1052,0.103612,0.353562,0.658738,1.863146,-0.103612,1052,tous,1052,non teste,binaire,attitude
agents enquete,colhomo,1052,0.151141,0.353562,0.756595,2.139921,-0.151141,1052,tous,1052,non teste,binaire,attitude
agents demographiques (v6),colhomo,1050,0.006793,0.353562,0.378929,1.071745,-0.006793,1052,tous,1052,non teste,binaire,attitude
agents v7,colhomo,1051,0.024675,0.353562,0.251465,0.711231,0.024675,1052,tous,1052,non teste,binaire,attitude
agents v8,colhomo,1051,0.162765,0.353562,0.777485,2.199004,-0.162765,1052,tous,1052,non teste,binaire,attitude
B0 mode,colhomo,1052,0.066540,0.353562,0.000000,0.000000,0.066540,1052,tous,1052,non teste,binaire,attitude
B0 tirage,colhomo,1052,0.010456,0.353562,0.392191,1.109257,-0.010456,1052,tous,1052,non teste,binaire,attitude
B1 argmax,colhomo,1052,0.063688,0.353562,0.028902,0.081746,0.063688,1052,tous,1052,non teste,binaire,attitude
B2 argmax,colhomo,1052,0.066540,0.353562,0.000000,0.000000,0.066540,1052,tous,1052,non teste,binaire,attitude
B3 foret,colhomo,1052,0.066540,0.353562,0.000000,0.000000,0.066540,1052,tous,1052,non teste,binaire,attitude
humains vague 2,colhomo,1052,0.017110,0.353562,0.415598,1.175458,-0.017110,1052,tous,1052,non teste,binaire,attitude
agents composite,libhomo/y,1052,0.053232,0.574170,0.700404,1.219855,-0.053232,1052,tous,1052,non teste,binaire,attitude
agents entretien (v3),libhomo/y,1052,0.024715,0.574170,0.636539,1.108626,-0.024715,1052,tous,1052,non teste,binaire,attitude
agents enquete,libhomo/y,1052,0.038023,0.574170,0.667357,1.162299,-0.038023,1052,tous,1052,non teste,binaire,attitude
agents demographiques (v6),libhomo/y,1049,0.062528,0.574170,0.379185,0.660406,0.062528,1052,tous,1052,non teste,binaire,attitude
agents v7,libhomo/y,1051,0.094067,0.574170,0.251465,0.437962,0.094067,1052,tous,1052,non teste,binaire,attitude
agents v8,libhomo/y,1051,0.091471,0.574170,0.774142,1.348281,-0.091471,1052,tous,1052,non teste,binaire,attitude
B0 mode,libhomo/y,1052,0.135932,0.574170,0.000000,0.000000,0.135932,1052,tous,1052,non teste,binaire,attitude
B0 tirage,libhomo/y,1052,0.002852,0.574170,0.566510,0.986660,0.002852,1052,tous,1052,non teste,binaire,attitude
B1 argmax,libhomo/y,1052,0.115970,0.574170,0.141913,0.247162,0.115970,1052,tous,1052,non teste,binaire,attitude
B2 argmax,libhomo/y,1052,0.129278,0.574170,0.058372,0.101664,0.129278,1052,tous,1052,non teste,binaire,attitude
B3 foret,libhomo/y,1052,0.135932,0.574170,0.000000,0.000000,0.135932,1052,tous,1052,non teste,binaire,attitude
humains vague 2,libhomo/y,1052,0.023764,0.574170,0.634267,1.104668,-0.023764,1052,tous,1052,non teste,binaire,attitude
agents composite,cappun,1052,0.069392,0.957538,0.992785,1.036810,,1052,tous,1052,temoin,binaire,attitude
agents entretien (v3),cappun,1052,0.142586,0.957538,0.999423,1.043743,,1052,tous,1052,temoin,binaire,attitude
agents enquete,cappun,1052,0.076046,0.957538,0.994670,1.038779,,1052,tous,1052,temoin,binaire,attitude
agents demographiques (v6),cappun,1050,0.260721,0.957538,0.944158,0.986027,,1052,tous,1052,temoin,binaire,attitude
agents v7,cappun,1051,0.412349,0.957538,0.740876,0.773730,,1052,tous,1052,temoin,binaire,attitude
agents v8,cappun,1051,0.146887,0.957538,0.998851,1.043146,,1052,tous,1052,temoin,binaire,attitude
B0 mode,cappun,1052,0.378327,0.957538,0.000000,0.000000,,1052,tous,1052,temoin,binaire,attitude
B0 tirage,cappun,1052,0.001901,0.957538,0.956164,0.998566,,1052,tous,1052,temoin,binaire,attitude
B1 argmax,cappun,1052,0.088403,0.957538,0.869309,0.907859,,1052,tous,1052,temoin,binaire,attitude
B2 argmax,cappun,1052,0.022814,0.957538,0.939581,0.981248,,1052,tous,1052,temoin,binaire,attitude
B3 foret,cappun,1052,0.137833,0.957538,0.796547,0.831870,,1052,tous,1052,temoin,binaire,attitude
humains vague 2,cappun,1052,0.007605,0.957538,0.951911,0.994124,,1052,tous,1052,temoin,binaire,attitude
agents composite,polhitok/y,1052,0.064639,0.928492,0.854108,0.919887,-0.064639,1052,tous,1052,temoin,binaire,attitude
agents entretien (v3),polhitok/y,1052,0.184411,0.928492,0.631985,0.680657,-0.184411,1052,tous,1052,temoin,binaire,attitude
agents enquete,polhitok/y,1050,0.080299,0.928492,0.831714,0.895769,-0.080299,1052,tous,1052,temoin,binaire,attitude
agents demographiques (v6),polhitok/y,1051,0.304145,0.928492,0.238423,0.256785,-0.304145,1052,tous,1052,temoin,binaire,attitude
agents v7,polhitok/y,1050,0.233632,0.928492,0.499165,0.537608,-0.233632,1052,tous,1052,temoin,binaire,attitude
agents v8,polhitok/y,1049,0.177284,0.928492,0.648862,0.698834,-0.177284,1052,tous,1052,temoin,binaire,attitude
B0 mode,polhitok/y,1052,0.343156,0.928492,0.000000,0.000000,-0.343156,1052,tous,1052,temoin,binaire,attitude
B0 tirage,polhitok/y,1052,0.009506,0.928492,0.937108,1.009279,0.009506,1052,tous,1052,temoin,binaire,attitude
B1 argmax,polhitok/y,1052,0.148289,0.928492,0.712228,0.767080,-0.148289,1052,tous,1052,temoin,binaire,attitude
B2 argmax,polhitok/y,1052,0.262357,0.928492,0.405672,0.436915,-0.262357,1052,tous,1052,temoin,binaire,attitude
B3 foret,polhitok/y,1052,0.253802,0.928492,0.434994,0.468495,-0.253802,1052,tous,1052,temoin,binaire,attitude
humains vague 2,polhitok/y,1052,0.004753,0.928492,0.932872,1.004717,0.004753,1052,tous,1052,temoin,binaire,attitude
agents composite,polabuse/y,1052,0.165399,0.335184,0.773760,2.308462,-0.165399,1052,tous,1052,sensible,binaire,attitude
agents entretien (v3),polabuse/y,1052,0.059886,0.335184,0.020610,0.061489,0.059886,1052,tous,1052,sensible,binaire,attitude
agents enquete,polabuse/y,1050,0.019882,0.335184,0.251645,0.750767,0.019882,1052,tous,1052,sensible,binaire,attitude
agents demographiques (v6),polabuse/y,1051,0.057981,0.335184,0.036757,0.109661,0.057981,1052,tous,1052,sensible,binaire,attitude
agents v7,polabuse/y,1050,0.057978,0.335184,0.036786,0.109750,0.057978,1052,tous,1052,sensible,binaire,attitude
agents v8,polabuse/y,1049,0.057021,0.335184,0.044311,0.132198,0.057021,1052,tous,1052,sensible,binaire,attitude
B0 mode,polabuse/y,1052,0.061787,0.335184,0.000000,0.000000,0.061787,1052,tous,1052,sensible,binaire,attitude
B0 tirage,polabuse/y,1052,0.003802,0.335184,0.320078,0.954933,0.003802,1052,tous,1052,sensible,binaire,attitude
B1 argmax,polabuse/y,1052,0.060837,0.335184,0.011599,0.034605,0.060837,1052,tous,1052,sensible,binaire,attitude
B2 argmax,polabuse/y,1052,0.061787,0.335184,0.000000,0.000000,0.061787,1052,tous,1052,sensible,binaire,attitude
B3 foret,polabuse/y,1052,0.061787,0.335184,0.000000,0.000000,0.061787,1052,tous,1052,sensible,binaire,attitude
humains vague 2,polabuse/y,1052,0.008555,0.335184,0.300656,0.896988,0.008555,1052,tous,1052,sensible,binaire,attitude
agents composite,polattak/y,1052,0.507605,0.916426,0.638802,0.697058,,1052,tous,1052,sensible,binaire,attitude
agents entretien (v3),polattak/y,1052,0.323194,0.916426,0.065143,0.071084,,1052,tous,1052,sensible,binaire,attitude
agents enquete,polattak/y,1050,0.330798,0.916426,0.000000,0.000000,,1052,tous,1052,sensible,binaire,attitude
agents demographiques (v6),polattak/y,1051,0.330798,0.916426,0.000000,0.000000,,1052,tous,1052,sensible,binaire,attitude
agents v7,polattak/y,1050,0.330798,0.916426,0.000000,0.000000,,1052,tous,1052,sensible,binaire,attitude
agents v8,polattak/y,1049,0.329845,0.916426,0.011628,0.012689,,1052,tous,1052,sensible,binaire,attitude
B0 mode,polattak/y,1052,0.330798,0.916426,0.000000,0.000000,,1052,tous,1052,sensible,binaire,attitude
B0 tirage,polattak/y,1052,0.002852,0.916426,0.913501,0.996808,,1052,tous,1052,sensible,binaire,attitude
B1 argmax,polattak/y,1052,0.212928,0.916426,0.523895,0.571672,,1052,tous,1052,sensible,binaire,attitude
B2 argmax,polattak/y,1052,0.280418,0.916426,0.288696,0.315023,,1052,tous,1052,sensible,binaire,attitude
B3 foret,polattak/y,1052,0.316540,0.916426,0.108543,0.118442,,1052,tous,1052,sensible,binaire,attitude
humains vague 2,polattak/y,1052,0.025665,0.916426,0.888161,0.969158,,1052,tous,1052,sensible,binaire,attitude
agents composite,grass,1052,0.091255,0.798120,0.918347,1.150636,,1052,tous,1052,non teste,binaire,attitude
agents entretien (v3),grass,1052,0.038023,0.798120,0.855410,1.071781,,1052,tous,1052,non teste,binaire,attitude
agents enquete,grass,1052,0.146388,0.798120,0.964072,1.207928,,1052,tous,1052,non teste,binaire,attitude
agents demographiques (v6),grass,1052,0.058935,0.798120,0.882441,1.105649,,1052,tous,1052,non teste,binaire,attitude
agents v7,grass,1052,0.049430,0.798120,0.706354,0.885022,,1052,tous,1052,non teste,binaire,attitude
agents v8,grass,1051,0.077299,0.798120,0.903697,1.132281,,1052,tous,1052,non teste,binaire,attitude
B0 mode,grass,1052,0.241445,0.798120,0.000000,0.000000,,1052,tous,1052,non teste,binaire,attitude
B0 tirage,grass,1052,0.017110,0.798120,0.825244,1.033984,,1052,tous,1052,non teste,binaire,attitude
B1 argmax,grass,1052,0.149240,0.798120,0.444474,0.556901,,1052,tous,1052,non teste,binaire,attitude
B2 argmax,grass,1052,0.168251,0.798120,0.378417,0.474135,,1052,tous,1052,non teste,binaire,attitude
B3 foret,grass,1052,0.230038,0.798120,0.090667,0.113601,,1052,tous,1052,non teste,binaire,attitude
humains vague 2,grass,1052,0.002852,0.798120,0.793379,0.994059,,1052,tous,1052,non teste,binaire,attitude
agents composite,gunlaw,1052,0.103612,0.907490,0.984765,1.085152,,1052,tous,1052,temoin,binaire,attitude
agents entretien (v3),gunlaw,1052,0.060837,0.907490,0.960874,1.058826,,1052,tous,1052,temoin,binaire,attitude
agents enquete,gunlaw,1052,0.023764,0.907490,0.931138,1.026058,,1052,tous,1052,temoin,binaire,attitude
agents demographiques (v6),gunlaw,1049,0.225008,0.907490,0.460858,0.507838,,1052,tous,1052,temoin,binaire,attitude
agents v7,gunlaw,1050,0.201291,0.907490,0.532779,0.587091,,1052,tous,1052,temoin,binaire,attitude
agents v8,gunlaw,1051,0.044074,0.907490,0.948489,1.045179,,1052,tous,1052,temoin,binaire,attitude
B0 mode,gunlaw,1052,0.322243,0.907490,0.000000,0.000000,,1052,tous,1052,temoin,binaire,attitude
B0 tirage,gunlaw,1052,0.002852,0.907490,0.910522,1.003341,,1052,tous,1052,temoin,binaire,attitude
B1 argmax,gunlaw,1052,0.111217,0.907490,0.744126,0.819983,,1052,tous,1052,temoin,binaire,attitude
B2 argmax,gunlaw,1052,0.238593,0.907490,0.415598,0.457964,,1052,tous,1052,temoin,binaire,attitude
B3 foret,gunlaw,1052,0.215779,0.907490,0.489843,0.539777,,1052,tous,1052,temoin,binaire,attitude
humains vague 2,gunlaw,1052,0.018061,0.907490,0.887029,0.977454,,1052,tous,1052,temoin,binaire,attitude
agents composite,owngun,1052,0.014259,0.861824,0.842096,0.977109,,1052,tous,1052,temoin,binaire,comportement
agents entretien (v3),owngun,1051,0.075848,0.861824,0.739048,0.857539,,1052,tous,1052,temoin,binaire,comportement
agents enquete,owngun,1052,0.019011,0.861824,0.885891,1.027927,,1052,tous,1052,temoin,binaire,comportement
agents demographiques (v6),owngun,1050,0.236601,0.861824,0.276882,0.321275,,1052,tous,1052,temoin,binaire,comportement
agents v7,owngun,1051,0.075848,0.861824,0.739048,0.857539,,1052,tous,1052,temoin,binaire,comportement
agents v8,owngun,1051,0.146798,0.861824,0.986912,1.145144,,1052,tous,1052,temoin,binaire,comportement
B0 mode,owngun,1052,0.284221,0.861824,0.000000,0.000000,,1052,tous,1052,temoin,binaire,comportement
B0 tirage,owngun,1052,0.031369,0.861824,0.816452,0.947354,,1052,tous,1052,temoin,binaire,comportement
B1 argmax,owngun,1052,0.141635,0.861824,0.591656,0.686516,,1052,tous,1052,temoin,binaire,comportement
B2 argmax,owngun,1052,0.258555,0.861824,0.172851,0.200564,,1052,tous,1052,temoin,binaire,comportement
B3 foret,owngun,1052,0.244297,0.861824,0.242629,0.281530,,1052,tous,1052,temoin,binaire,comportement
humains vague 2,owngun,1052,0.017110,0.861824,0.883597,1.025264,,1052,tous,1052,temoin,binaire,comportement
agents composite,hunt1,1052,0.102662,0.662983,0.069962,0.105526,,1052,tous,1052,non teste,nominal,comportement
agents entretien (v3),hunt1,1051,0.091237,0.662983,0.162667,0.245357,,1052,tous,1052,non teste,nominal,comportement
agents enquete,hunt1,1048,0.077823,0.662983,0.225160,0.339616,,1052,tous,1052,non teste,nominal,comportement
agents demographiques (v6),hunt1,1047,0.107401,0.662983,0.032341,0.048781,,1052,tous,1052,non teste,nominal,comportement
agents v7,hunt1,1047,0.049139,0.662983,0.400226,0.603675,,1052,tous,1052,non teste,nominal,comportement
agents v8,hunt1,1047,0.116896,0.662983,1.026828,1.548799,,1052,tous,1052,non teste,nominal,comportement
B0 mode,hunt1,1052,0.110266,0.662983,0.000000,0.000000,,1052,tous,1052,non teste,nominal,comportement
B0 tirage,hunt1,1052,0.007605,0.662983,0.670026,1.010623,,1052,tous,1052,non teste,nominal,comportement
B1 argmax,hunt1,1052,0.093156,0.662983,0.144966,0.218657,,1052,tous,1052,non teste,nominal,comportement
B2 argmax,hunt1,1052,0.110266,0.662983,0.000000,0.000000,,1052,tous,1052,non teste,nominal,comportement
B3 foret,hunt1,1052,0.110266,0.662983,0.000000,0.000000,,1052,tous,1052,non teste,nominal,comportement
humains vague 2,hunt1,1052,0.014259,0.662983,0.731620,1.103528,,1052,tous,1052,non teste,nominal,comportement
agents composite,class,1052,0.049430,1.651931,1.473814,0.892177,,1052,tous,1052,non teste,ordinal 3 et plus,auto evaluation
agents entretien (v3),class,1051,0.034949,1.651931,1.566031,0.948000,,1052,tous,1052,non teste,ordinal 3 et plus,auto evaluation
agents enquete,class,1052,0.092205,1.651931,1.299867,0.786877,,1052,tous,1052,non teste,ordinal 3 et plus,auto evaluation
agents demographiques (v6),class,1050,0.016429,1.651931,1.486945,0.900125,,1052,tous,1052,non teste,ordinal 3 et plus,auto evaluation
agents v7,class,1051,0.194162,1.651931,0.845251,0.511674,,1052,tous,1052,non teste,ordinal 3 et plus,auto evaluation
agents v8,class,1051,0.263937,1.651931,0.120216,0.072773,,1052,tous,1052,non teste,ordinal 3 et plus,auto evaluation
B0 mode,class,1052,0.208175,1.651931,0.000000,0.000000,,1052,tous,1052,non teste,ordinal 3 et plus,auto evaluation
B0 tirage,class,1052,0.005703,1.651931,1.665465,1.008193,,1052,tous,1052,non teste,ordinal 3 et plus,auto evaluation
B1 argmax,class,1052,0.021546,1.651931,1.515080,0.917157,,1052,tous,1052,non teste,ordinal 3 et plus,auto evaluation
B2 argmax,class,1052,0.053549,1.651931,1.315476,0.796326,,1052,tous,1052,non teste,ordinal 3 et plus,auto evaluation
B3 foret,class,1052,0.049113,1.651931,1.356200,0.820979,,1052,tous,1052,non teste,ordinal 3 et plus,auto evaluation
humains vague 2,class,1052,0.017110,1.651931,1.634829,0.989648,,1052,tous,1052,non teste,ordinal 3 et plus,auto evaluation
agents composite,satfin,1046,0.046334,1.568304,1.558768,0.993919,0.046334,1052,tous,1052,temoin,ordinal 3 et plus,auto evaluation
agents entretien (v3),satfin,1048,0.042917,1.568304,1.506409,0.960534,0.042917,1052,tous,1052,temoin,ordinal 3 et plus,auto evaluation
agents enquete,satfin,1044,0.098788,1.568304,1.336364,0.852108,-0.053205,1052,tous,1052,temoin,ordinal 3 et plus,auto evaluation
agents demographiques (v6),satfin,1049,0.174560,1.568304,0.924013,0.589180,-0.087719,1052,tous,1052,temoin,ordinal 3 et plus,auto evaluation
agents v7,satfin,1048,0.227879,1.568304,0.679678,0.433384,0.041963,1052,tous,1052,temoin,ordinal 3 et plus,auto evaluation
agents v8,satfin,1049,0.230327,1.568304,0.580305,0.370021,0.068144,1052,tous,1052,temoin,ordinal 3 et plus,auto evaluation
B0 mode,satfin,1052,0.295627,1.568304,0.000000,0.000000,0.005703,1052,tous,1052,temoin,ordinal 3 et plus,auto evaluation
B0 tirage,satfin,1052,0.009506,1.568304,1.565506,0.998216,-0.009506,1052,tous,1052,temoin,ordinal 3 et plus,auto evaluation
B1 argmax,satfin,1052,0.036122,1.568304,1.519335,0.968775,0.004753,1052,tous,1052,temoin,ordinal 3 et plus,auto evaluation
B2 argmax,satfin,1052,0.075570,1.568304,1.424035,0.908010,-0.027091,1052,tous,1052,temoin,ordinal 3 et plus,auto evaluation
B3 foret,satfin,1052,0.105038,1.568304,1.338541,0.853496,0.025190,1052,tous,1052,temoin,ordinal 3 et plus,auto evaluation
humains vague 2,satfin,1052,0.053707,1.568304,1.535120,0.978841,-0.053707,1052,tous,1052,temoin,ordinal 3 et plus,auto evaluation
agents composite,finalter,1052,0.084601,1.570478,1.346114,0.857137,-0.079848,1052,tous,1052,temoin,ordinal 3 et plus,auto evaluation
agents entretien (v3),finalter,1050,0.053712,1.570478,1.468790,0.935251,-0.043857,1052,tous,1052,temoin,ordinal 3 et plus,auto evaluation
agents enquete,finalter,1052,0.074620,1.570478,1.425799,0.907876,-0.034696,1052,tous,1052,temoin,ordinal 3 et plus,auto evaluation
agents demographiques (v6),finalter,1052,0.186312,1.570478,0.985975,0.627819,-0.018061,1052,tous,1052,temoin,ordinal 3 et plus,auto evaluation
agents v7,finalter,1052,0.192490,1.570478,0.928813,0.591421,0.082224,1052,tous,1052,temoin,ordinal 3 et plus,auto evaluation
agents v8,finalter,1051,0.227116,1.570478,0.650585,0.414259,0.091318,1052,tous,1052,temoin,ordinal 3 et plus,auto evaluation
B0 mode,finalter,1052,0.301331,1.570478,0.000000,0.000000,0.024715,1052,tous,1052,temoin,ordinal 3 et plus,auto evaluation
B0 tirage,finalter,1052,0.007129,1.570478,1.572466,1.001266,-0.007129,1052,tous,1052,temoin,ordinal 3 et plus,auto evaluation
B1 argmax,finalter,1052,0.039449,1.570478,1.519735,0.967690,-0.001426,1052,tous,1052,temoin,ordinal 3 et plus,auto evaluation
B2 argmax,finalter,1052,0.134506,1.570478,1.194004,0.760281,-0.056559,1052,tous,1052,temoin,ordinal 3 et plus,auto evaluation
B3 foret,finalter,1052,0.114068,1.570478,1.312384,0.835659,-0.022814,1052,tous,1052,temoin,ordinal 3 et plus,auto evaluation
humains vague 2,finalter,1052,0.019962,1.570478,1.577297,1.004342,-0.015209,1052,tous,1052,temoin,ordinal 3 et plus,auto evaluation
agents composite,finrela,1052,0.029230,1.982089,2.026247,1.022278,0.029230,1052,tous,1052,temoin,ordinal 3 et plus,auto evaluation
agents entretien (v3),finrela,1051,0.038955,1.982089,2.117682,1.068409,0.007764,1052,tous,1052,temoin,ordinal 3 et plus,auto evaluation
agents enquete,finrela,1052,0.035646,1.982089,1.744687,0.880226,-0.007129,1052,tous,1052,temoin,ordinal 3 et plus,auto evaluation
agents demographiques (v6),finrela,1050,0.109458,1.982089,1.775708,0.895877,-0.109458,1052,tous,1052,temoin,ordinal 3 et plus,auto evaluation
agents v7,finrela,1051,0.134927,1.982089,1.022704,0.515973,0.094586,1052,tous,1052,temoin,ordinal 3 et plus,auto evaluation
agents v8,finrela,1051,0.153568,1.982089,0.792383,0.399771,0.144062,1052,tous,1052,temoin,ordinal 3 et plus,auto evaluation
B0 mode,finrela,1052,0.191302,1.982089,0.000000,0.000000,0.090542,1052,tous,1052,temoin,ordinal 3 et plus,auto evaluation
B0 tirage,finrela,1052,0.006179,1.982089,2.012838,1.015513,0.000475,1052,tous,1052,temoin,ordinal 3 et plus,auto evaluation
B1 argmax,finrela,1052,0.038973,1.982089,1.757065,0.886471,0.013783,1052,tous,1052,temoin,ordinal 3 et plus,auto evaluation
B2 argmax,finrela,1052,0.090779,1.982089,1.233821,0.622485,0.002376,1052,tous,1052,temoin,ordinal 3 et plus,auto evaluation
B3 foret,finrela,1052,0.091968,1.982089,1.354690,0.683466,0.025903,1052,tous,1052,temoin,ordinal 3 et plus,auto evaluation
humains vague 2,finrela,1052,0.015447,1.982089,1.979545,0.998716,-0.015447,1052,tous,1052,temoin,ordinal 3 et plus,auto evaluation
agents composite,racdif1,1052,0.090304,0.998492,0.989299,0.990793,-0.090304,1052,tous,1052,temoin,binaire,attitude
agents entretien (v3),racdif1,1050,0.013386,0.998492,0.995842,0.997347,0.013386,1052,tous,1052,temoin,binaire,attitude
agents enquete,racdif1,1052,0.039924,0.998492,1.000245,1.001756,-0.039924,1052,tous,1052,temoin,binaire,attitude
agents demographiques (v6),racdif1,1052,0.326996,0.998492,0.598989,0.599894,0.326996,1052,tous,1052,temoin,binaire,attitude
agents v7,racdif1,1052,0.400190,0.998492,0.374926,0.375492,0.400190,1052,tous,1052,temoin,binaire,attitude
agents v8,racdif1,1051,0.104213,0.998492,0.949982,0.951417,0.104213,1052,tous,1052,temoin,binaire,attitude
B0 mode,racdif1,1052,0.472433,0.998492,0.000000,0.000000,0.472433,1052,tous,1052,temoin,binaire,attitude
B0 tirage,racdif1,1052,0.014259,0.998492,1.000175,1.001685,-0.014259,1052,tous,1052,temoin,binaire,attitude
B1 argmax,racdif1,1052,0.016160,0.998492,0.995162,0.996665,0.016160,1052,tous,1052,temoin,binaire,attitude
B2 argmax,racdif1,1052,0.093156,0.998492,0.958216,0.959663,0.093156,1052,tous,1052,temoin,binaire,attitude
B3 foret,racdif1,1052,0.045627,0.998492,0.985172,0.986660,0.045627,1052,tous,1052,temoin,binaire,attitude
humains vague 2,racdif1,1052,0.012357,0.998492,1.000018,1.001529,-0.012357,1052,tous,1052,temoin,binaire,attitude
agents composite,racdif2,1052,0.038973,0.353562,0.182723,0.516806,0.038973,1052,tous,1052,temoin,binaire,attitude
agents entretien (v3),racdif2,1050,0.064635,0.353562,0.020644,0.058389,0.064635,1052,tous,1052,temoin,binaire,attitude
agents enquete,racdif2,1052,0.038973,0.353562,0.182723,0.516806,0.038973,1052,tous,1052,temoin,binaire,attitude
agents demographiques (v6),racdif2,1052,0.066540,0.353562,0.000000,0.000000,0.066540,1052,tous,1052,temoin,binaire,attitude
agents v7,racdif2,1052,0.064639,0.353562,0.020610,0.058293,0.064639,1052,tous,1052,temoin,binaire,attitude
agents v8,racdif2,1051,0.066540,0.353562,0.000000,0.000000,0.066540,1052,tous,1052,temoin,binaire,attitude
B0 mode,racdif2,1052,0.066540,0.353562,0.000000,0.000000,0.066540,1052,tous,1052,temoin,binaire,attitude
B0 tirage,racdif2,1052,0.004753,0.353562,0.371415,1.050495,-0.004753,1052,tous,1052,temoin,binaire,attitude
B1 argmax,racdif2,1052,0.065589,0.353562,0.011599,0.032806,0.065589,1052,tous,1052,temoin,binaire,attitude
B2 argmax,racdif2,1052,0.066540,0.353562,0.000000,0.000000,0.066540,1052,tous,1052,temoin,binaire,attitude
B3 foret,racdif2,1052,0.066540,0.353562,0.000000,0.000000,0.066540,1052,tous,1052,temoin,binaire,attitude
humains vague 2,racdif2,1052,0.010456,0.353562,0.392191,1.109257,-0.010456,1052,tous,1052,temoin,binaire,attitude
agents composite,racdif3,1052,0.074144,1.000310,0.979463,0.979159,-0.074144,1052,tous,1052,temoin,binaire,attitude
agents entretien (v3),racdif3,1051,0.037572,1.000310,0.998710,0.998400,0.037572,1052,tous,1052,temoin,binaire,attitude
agents enquete,racdif3,1051,0.102273,1.000310,0.976730,0.976427,0.102273,1052,tous,1052,temoin,binaire,attitude
agents demographiques (v6),racdif3,1049,0.498061,1.000310,0.102925,0.102893,0.498061,1052,tous,1052,temoin,binaire,attitude
agents v7,racdif3,1052,0.475285,1.000310,0.224904,0.224834,0.475285,1052,tous,1052,temoin,binaire,attitude
agents v8,racdif3,1050,0.176169,1.000310,0.920876,0.920590,0.176169,1052,tous,1052,temoin,binaire,attitude
B0 mode,racdif3,1052,0.288973,1.000310,0.721853,0.721629,-0.288973,1052,tous,1052,temoin,binaire,attitude
B0 tirage,racdif3,1052,0.009506,1.000310,1.000675,1.000365,0.009506,1052,tous,1052,temoin,binaire,attitude
B1 argmax,racdif3,1052,0.016160,1.000310,0.998492,0.998182,-0.016160,1052,tous,1052,temoin,binaire,attitude
B2 argmax,racdif3,1052,0.086502,1.000310,0.984352,0.984047,0.086502,1052,tous,1052,temoin,binaire,attitude
B3 foret,racdif3,1052,0.008555,1.000310,1.000662,1.000352,0.008555,1052,tous,1052,temoin,binaire,attitude
humains vague 2,racdif3,1052,0.000951,1.000310,1.000245,0.999935,-0.000951,1052,tous,1052,temoin,binaire,attitude
agents composite,racdif4,1052,0.094106,0.868077,0.712228,0.820466,0.094106,1052,tous,1052,temoin,binaire,attitude
agents entretien (v3),racdif4,1051,0.003531,0.868077,0.863447,0.994667,0.003531,1052,tous,1052,temoin,binaire,attitude
agents enquete,racdif4,1051,0.045946,0.868077,0.920560,1.060459,-0.045946,1052,tous,1052,temoin,binaire,attitude
agents demographiques (v6),racdif4,1049,0.281347,0.868077,0.065298,0.075221,0.281347,1052,tous,1052,temoin,binaire,attitude
agents v7,racdif4,1052,0.258555,0.868077,0.197171,0.227135,0.258555,1052,tous,1052,temoin,binaire,attitude
agents v8,racdif4,1050,0.000550,0.868077,0.868792,1.000824,-0.000550,1052,tous,1052,temoin,binaire,attitude
B0 mode,racdif4,1052,0.288973,0.868077,0.000000,0.000000,0.288973,1052,tous,1052,temoin,binaire,attitude
B0 tirage,racdif4,1052,0.002852,0.868077,0.864344,0.995700,0.002852,1052,tous,1052,temoin,binaire,attitude
B1 argmax,racdif4,1052,0.114068,0.868077,0.669489,0.771232,0.114068,1052,tous,1052,temoin,binaire,attitude
B2 argmax,racdif4,1052,0.134030,0.868077,0.622759,0.717400,0.134030,1052,tous,1052,temoin,binaire,attitude
B3 foret,racdif4,1052,0.181559,0.868077,0.492753,0.567638,0.181559,1052,tous,1052,temoin,binaire,attitude
humains vague 2,racdif4,1052,0.015209,0.868077,0.887029,1.021832,-0.015209,1052,tous,1052,temoin,binaire,attitude
agents composite,wlthwhts,1050,0.052054,1.723359,0.869675,0.504639,,1052,tous,1052,non teste,ordinal 3 et plus,attitude
agents entretien (v3),wlthwhts,1051,0.111672,1.723359,1.252710,0.726900,,1052,tous,1052,non teste,ordinal 3 et plus,attitude
agents enquete,wlthwhts,1051,0.102455,1.723359,1.080021,0.626695,,1052,tous,1052,non teste,ordinal 3 et plus,attitude
agents demographiques (v6),wlthwhts,1049,0.129268,1.723359,0.913796,0.530241,,1052,tous,1052,non teste,ordinal 3 et plus,attitude
agents v7,wlthwhts,1051,0.126579,1.723359,1.032832,0.599313,,1052,tous,1052,non teste,ordinal 3 et plus,attitude
agents v8,wlthwhts,1050,0.151176,1.723359,1.143583,0.663578,,1052,tous,1052,non teste,ordinal 3 et plus,attitude
B0 mode,wlthwhts,1052,0.088561,1.723359,0.000000,0.000000,,1052,tous,1052,non teste,ordinal 3 et plus,attitude
B0 tirage,wlthwhts,1052,0.002693,1.723359,1.716591,0.996073,,1052,tous,1052,non teste,ordinal 3 et plus,attitude
B1 argmax,wlthwhts,1052,0.055608,1.723359,0.836451,0.485361,,1052,tous,1052,non teste,ordinal 3 et plus,attitude
B2 argmax,wlthwhts,1052,0.075887,1.723359,0.388776,0.225592,,1052,tous,1052,non teste,ordinal 3 et plus,attitude
B3 foret,wlthwhts,1052,0.081274,1.723359,0.259809,0.150757,,1052,tous,1052,non teste,ordinal 3 et plus,attitude
humains vague 2,wlthwhts,1052,0.007921,1.723359,1.825224,1.059108,,1052,tous,1052,non teste,ordinal 3 et plus,attitude
agents composite,wlthblks,1050,0.117063,1.804542,1.619621,0.897525,,1052,tous,1052,non teste,ordinal 3 et plus,attitude
agents entretien (v3),wlthblks,1016,0.201432,1.804542,0.966224,0.535440,,1052,tous,1052,non teste,ordinal 3 et plus,attitude
agents enquete,wlthblks,1044,0.180234,1.804542,1.053204,0.583641,,1052,tous,1052,non teste,ordinal 3 et plus,attitude
agents demographiques (v6),wlthblks,1036,0.205140,1.804542,0.424348,0.235156,,1052,tous,1052,non teste,ordinal 3 et plus,attitude
agents v7,wlthblks,1042,0.207448,1.804542,0.355828,0.197185,,1052,tous,1052,non teste,ordinal 3 et plus,attitude
agents v8,wlthblks,1004,0.198358,1.804542,0.648993,0.359644,,1052,tous,1052,non teste,ordinal 3 et plus,attitude
B0 mode,wlthblks,1052,0.103771,1.804542,0.000000,0.000000,,1052,tous,1052,non teste,ordinal 3 et plus,attitude
B0 tirage,wlthblks,1052,0.007288,1.804542,1.795042,0.994736,,1052,tous,1052,non teste,ordinal 3 et plus,attitude
B1 argmax,wlthblks,1052,0.044518,1.804542,1.129208,0.625759,,1052,tous,1052,non teste,ordinal 3 et plus,attitude
B2 argmax,wlthblks,1052,0.062579,1.804542,0.817093,0.452798,,1052,tous,1052,non teste,ordinal 3 et plus,attitude
B3 foret,wlthblks,1052,0.068916,1.804542,0.740493,0.410350,,1052,tous,1052,non teste,ordinal 3 et plus,attitude
humains vague 2,wlthblks,1052,0.006971,1.804542,1.850423,1.025426,,1052,tous,1052,non teste,ordinal 3 et plus,attitude
agents composite,wlthhsps,1051,0.091274,1.869619,1.564702,0.836909,,1052,tous,1052,non teste,ordinal 3 et plus,attitude
agents entretien (v3),wlthhsps,1051,0.109521,1.869619,1.665574,0.890863,,1052,tous,1052,non teste,ordinal 3 et plus,attitude
agents enquete,wlthhsps,1051,0.055277,1.869619,1.605038,0.858484,,1052,tous,1052,non teste,ordinal 3 et plus,attitude
agents demographiques (v6),wlthhsps,1050,0.053675,1.869619,1.597368,0.854381,,1052,tous,1052,non teste,ordinal 3 et plus,attitude
agents v7,wlthhsps,1051,0.027626,1.869619,1.430497,0.765127,,1052,tous,1052,non teste,ordinal 3 et plus,attitude
agents v8,wlthhsps,1051,0.105229,1.869619,1.620959,0.867000,,1052,tous,1052,non teste,ordinal 3 et plus,attitude
B0 mode,wlthhsps,1052,0.051806,1.869619,0.971747,0.519757,,1052,tous,1052,non teste,ordinal 3 et plus,attitude
B0 tirage,wlthhsps,1052,0.004436,1.869619,1.900001,1.016250,,1052,tous,1052,non teste,ordinal 3 et plus,attitude
B1 argmax,wlthhsps,1052,0.035646,1.869619,1.265994,0.677140,,1052,tous,1052,non teste,ordinal 3 et plus,attitude
B2 argmax,wlthhsps,1052,0.050856,1.869619,1.000164,0.534956,,1052,tous,1052,non teste,ordinal 3 et plus,attitude
B3 foret,wlthhsps,1052,0.042300,1.869619,0.997113,0.533324,,1052,tous,1052,non teste,ordinal 3 et plus,attitude
humains vague 2,wlthhsps,1052,0.007763,1.869619,1.939157,1.037194,,1052,tous,1052,non teste,ordinal 3 et plus,attitude
agents composite,racwork,1052,0.194867,2.143130,1.899236,0.886197,,1052,tous,1052,temoin,nominal,comportement
agents entretien (v3),racwork,1051,0.182188,2.143130,1.995990,0.931343,,1052,tous,1052,temoin,nominal,comportement
agents enquete,racwork,1051,0.128117,2.143130,1.801457,0.840573,,1052,tous,1052,temoin,nominal,comportement
agents demographiques (v6),racwork,1051,0.258497,2.143130,1.409857,0.657849,,1052,tous,1052,temoin,nominal,comportement
agents v7,racwork,1051,0.177240,2.143130,1.988655,0.927921,,1052,tous,1052,temoin,nominal,comportement
agents v8,racwork,1051,0.202360,2.143130,1.688717,0.787968,,1052,tous,1052,temoin,nominal,comportement
B0 mode,racwork,1052,0.602662,2.143130,0.000000,0.000000,,1052,tous,1052,temoin,nominal,comportement
B0 tirage,racwork,1052,0.025665,2.143130,2.131174,0.994421,,1052,tous,1052,temoin,nominal,comportement
B1 argmax,racwork,1052,0.186312,2.143130,1.629906,0.760526,,1052,tous,1052,temoin,nominal,comportement
B2 argmax,racwork,1052,0.263308,2.143130,1.358389,0.633834,,1052,tous,1052,temoin,nominal,comportement
B3 foret,racwork,1052,0.307034,2.143130,1.110531,0.518182,,1052,tous,1052,temoin,nominal,comportement
humains vague 2,racwork,1052,0.024715,2.143130,2.151465,1.003889,,1052,tous,1052,temoin,nominal,comportement
agents composite,letin1a,1052,0.096958,2.130757,1.777757,0.834331,0.016160,1052,tous,1052,temoin,ordinal 3 et plus,attitude
agents entretien (v3),letin1a,1052,0.042776,2.130757,2.131824,1.000501,0.032319,1052,tous,1052,temoin,ordinal 3 et plus,attitude
agents enquete,letin1a,1052,0.100760,2.130757,2.090239,0.980984,0.077471,1052,tous,1052,temoin,ordinal 3 et plus,attitude
agents demographiques (v6),letin1a,1049,0.204680,2.130757,1.008239,0.473184,0.091636,1052,tous,1052,temoin,ordinal 3 et plus,attitude
agents v7,letin1a,1049,0.219972,2.130757,1.561142,0.732670,0.194829,1052,tous,1052,temoin,ordinal 3 et plus,attitude
agents v8,letin1a,1050,0.120000,2.130757,2.296132,1.077614,0.120000,1052,tous,1052,temoin,ordinal 3 et plus,attitude
B0 mode,letin1a,1052,0.263546,2.130757,0.000000,0.000000,0.124762,1052,tous,1052,temoin,ordinal 3 et plus,attitude
B0 tirage,letin1a,1052,0.017586,2.130757,2.121218,0.995523,-0.017586,1052,tous,1052,temoin,ordinal 3 et plus,attitude
B1 argmax,letin1a,1052,0.052519,2.130757,1.786680,0.838519,-0.038260,1052,tous,1052,temoin,ordinal 3 et plus,attitude
B2 argmax,letin1a,1052,0.082700,2.130757,1.360227,0.638377,-0.002852,1052,tous,1052,temoin,ordinal 3 et plus,attitude
B3 foret,letin1a,1052,0.105276,2.130757,1.087865,0.510553,-0.062975,1052,tous,1052,temoin,ordinal 3 et plus,attitude
humains vague 2,letin1a,1052,0.009506,2.130757,2.091113,0.981395,-0.002852,1052,tous,1052,temoin,ordinal 3 et plus,attitude
agents composite,getahead,1052,0.043726,1.300488,1.019520,0.783952,,1052,tous,1052,non teste,ordinal 3 et plus,attitude
agents entretien (v3),getahead,1051,0.096334,1.300488,1.048121,0.805944,,1052,tous,1052,non teste,ordinal 3 et plus,attitude
agents enquete,getahead,1051,0.107752,1.300488,0.960397,0.738490,,1052,tous,1052,non teste,ordinal 3 et plus,attitude
agents demographiques (v6),getahead,1051,0.203375,1.300488,0.502249,0.386200,,1052,tous,1052,non teste,ordinal 3 et plus,attitude
agents v7,getahead,1051,0.192433,1.300488,0.599152,0.460713,,1052,tous,1052,non teste,ordinal 3 et plus,attitude
agents v8,getahead,1051,0.058344,1.300488,1.238983,0.952706,,1052,tous,1052,non teste,ordinal 3 et plus,attitude
B0 mode,getahead,1052,0.252852,1.300488,0.000000,0.000000,,1052,tous,1052,non teste,ordinal 3 et plus,attitude
B0 tirage,getahead,1052,0.004278,1.300488,1.323413,1.017628,,1052,tous,1052,non teste,ordinal 3 et plus,attitude
B1 argmax,getahead,1052,0.036122,1.300488,1.088116,0.836698,,1052,tous,1052,non teste,ordinal 3 et plus,attitude
B2 argmax,getahead,1052,0.060837,1.300488,0.971810,0.747266,,1052,tous,1052,non teste,ordinal 3 et plus,attitude
B3 foret,getahead,1052,0.073194,1.300488,0.942799,0.724958,,1052,tous,1052,non teste,ordinal 3 et plus,attitude
humains vague 2,getahead,1052,0.015209,1.300488,1.294890,0.995695,,1052,tous,1052,non teste,ordinal 3 et plus,attitude
agents composite,aged,1052,0.080323,1.260311,1.324963,1.051299,,1052,tous,1052,non teste,ordinal 3 et plus,attitude
agents entretien (v3),aged,1051,0.020567,1.260311,1.172730,0.930509,,1052,tous,1052,non teste,ordinal 3 et plus,attitude
agents enquete,aged,1051,0.058803,1.260311,1.049772,0.832947,,1052,tous,1052,non teste,ordinal 3 et plus,attitude
agents demographiques (v6),aged,1051,0.133018,1.260311,0.556478,0.441541,,1052,tous,1052,non teste,ordinal 3 et plus,attitude
agents v7,aged,1051,0.075454,1.260311,0.900319,0.714363,,1052,tous,1052,non teste,ordinal 3 et plus,attitude
agents v8,aged,1051,0.124931,1.260311,0.742318,0.588996,,1052,tous,1052,non teste,ordinal 3 et plus,attitude
B0 mode,aged,1052,0.197719,1.260311,0.000000,0.000000,,1052,tous,1052,non teste,ordinal 3 et plus,attitude
B0 tirage,aged,1052,0.014259,1.260311,1.238177,0.982438,,1052,tous,1052,non teste,ordinal 3 et plus,attitude
B1 argmax,aged,1052,0.124525,1.260311,0.636866,0.505325,,1052,tous,1052,non teste,ordinal 3 et plus,attitude
B2 argmax,aged,1052,0.182985,1.260311,0.192401,0.152662,,1052,tous,1052,non teste,ordinal 3 et plus,attitude
B3 foret,aged,1052,0.192966,1.260311,0.078184,0.062035,,1052,tous,1052,non teste,ordinal 3 et plus,attitude
humains vague 2,aged,1052,0.018536,1.260311,1.202539,0.954161,,1052,tous,1052,non teste,ordinal 3 et plus,attitude
agents composite,parsol,1052,0.075333,2.244262,2.064429,0.919870,-0.075333,1052,tous,1052,temoin,ordinal 3 et plus,auto evaluation
agents entretien (v3),parsol,1051,0.056247,2.244262,2.039105,0.908586,-0.027091,1052,tous,1052,temoin,ordinal 3 et plus,auto evaluation
agents enquete,parsol,1051,0.062432,2.244262,1.940843,0.864802,-0.032324,1052,tous,1052,temoin,ordinal 3 et plus,auto evaluation
agents demographiques (v6),parsol,1050,0.129197,2.244262,1.479859,0.659397,0.056481,1052,tous,1052,temoin,ordinal 3 et plus,auto evaluation
agents v7,parsol,1051,0.217844,2.244262,1.119376,0.498772,0.153689,1052,tous,1052,temoin,ordinal 3 et plus,auto evaluation
agents v8,parsol,1052,0.272576,2.244262,0.445929,0.198697,0.202234,1052,tous,1052,temoin,ordinal 3 et plus,auto evaluation
B0 mode,parsol,1052,0.242158,2.244262,0.000000,0.000000,-0.027329,1052,tous,1052,temoin,ordinal 3 et plus,auto evaluation
B0 tirage,parsol,1052,0.010456,2.244262,2.237031,0.996778,-0.005228,1052,tous,1052,temoin,ordinal 3 et plus,auto evaluation
B1 argmax,parsol,1052,0.050618,2.244262,2.054482,0.915437,0.010694,1052,tous,1052,temoin,ordinal 3 et plus,auto evaluation
B2 argmax,parsol,1052,0.093631,2.244262,1.770486,0.788894,-0.045627,1052,tous,1052,temoin,ordinal 3 et plus,auto evaluation
B3 foret,parsol,1052,0.126663,2.244262,1.519292,0.676967,0.010694,1052,tous,1052,temoin,ordinal 3 et plus,auto evaluation
humains vague 2,parsol,1052,0.013070,2.244262,2.269782,1.011371,-0.012120,1052,tous,1052,temoin,ordinal 3 et plus,auto evaluation
agents composite,kidssol,1052,0.284221,2.424476,1.781740,0.734897,,1052,tous,1052,non teste,nominal,auto evaluation
agents entretien (v3),kidssol,1051,0.303154,2.424476,1.818299,0.749976,,1052,tous,1052,non teste,nominal,auto evaluation
agents enquete,kidssol,1051,0.383923,2.424476,1.471787,0.607054,,1052,tous,1052,non teste,nominal,auto evaluation
agents demographiques (v6),kidssol,1050,0.454291,2.424476,1.210789,0.499402,,1052,tous,1052,non teste,nominal,auto evaluation
agents v7,kidssol,1050,0.545191,2.424476,1.045332,0.431158,,1052,tous,1052,non teste,nominal,auto evaluation
agents v8,kidssol,1052,0.619772,2.424476,0.908134,0.374569,,1052,tous,1052,non teste,nominal,auto evaluation
B0 mode,kidssol,1052,0.722433,2.424476,0.000000,0.000000,,1052,tous,1052,non teste,nominal,auto evaluation
B0 tirage,kidssol,1052,0.027567,2.424476,2.423729,0.999692,,1052,tous,1052,non teste,nominal,auto evaluation
B1 argmax,kidssol,1052,0.153992,2.424476,2.110468,0.870484,,1052,tous,1052,non teste,nominal,auto evaluation
B2 argmax,kidssol,1052,0.385932,2.424476,1.492150,0.615453,,1052,tous,1052,non teste,nominal,auto evaluation
B3 foret,kidssol,1052,0.336502,2.424476,1.640547,0.676660,,1052,tous,1052,non teste,nominal,auto evaluation
humains vague 2,kidssol,1052,0.024715,2.424476,2.444215,1.008142,,1052,tous,1052,non teste,nominal,auto evaluation
agents composite,spanking,1052,0.089037,1.970723,1.615174,0.819584,0.046578,1052,tous,1052,temoin,ordinal 3 et plus,attitude
agents entretien (v3),spanking,1051,0.101358,1.970723,1.658052,0.841342,0.101358,1052,tous,1052,temoin,ordinal 3 et plus,attitude
agents enquete,spanking,1051,0.085974,1.970723,1.668738,0.846765,0.062665,1052,tous,1052,temoin,ordinal 3 et plus,attitude
agents demographiques (v6),spanking,1050,0.161001,1.970723,1.143523,0.580256,0.011481,1052,tous,1052,temoin,ordinal 3 et plus,attitude
agents v7,spanking,1051,0.167484,1.970723,1.397815,0.709290,0.108653,1052,tous,1052,temoin,ordinal 3 et plus,attitude
agents v8,spanking,1052,0.052915,1.970723,1.857232,0.942412,0.052915,1052,tous,1052,temoin,ordinal 3 et plus,attitude
B0 mode,spanking,1052,0.310837,1.970723,0.000000,0.000000,-0.194233,1052,tous,1052,temoin,ordinal 3 et plus,attitude
B0 tirage,spanking,1052,0.005387,1.970723,1.967493,0.998361,0.005387,1052,tous,1052,temoin,ordinal 3 et plus,attitude
B1 argmax,spanking,1052,0.026933,1.970723,1.900073,0.964150,-0.000951,1052,tous,1052,temoin,ordinal 3 et plus,attitude
B2 argmax,spanking,1052,0.102978,1.970723,1.677565,0.851243,0.102978,1052,tous,1052,temoin,ordinal 3 et plus,attitude
B3 foret,spanking,1052,0.072243,1.970723,1.673262,0.849060,-0.011407,1052,tous,1052,temoin,ordinal 3 et plus,attitude
humains vague 2,spanking,1052,0.009189,1.970723,1.959980,0.994549,0.001584,1052,tous,1052,temoin,ordinal 3 et plus,attitude
agents composite,divlaw,1052,0.071768,1.460620,1.325067,0.907195,,1052,tous,1052,non teste,ordinal 3 et plus,attitude
agents entretien (v3),divlaw,1052,0.153517,1.460620,1.417889,0.970744,,1052,tous,1052,non teste,ordinal 3 et plus,attitude
agents enquete,divlaw,1052,0.108365,1.460620,1.512321,1.035397,,1052,tous,1052,non teste,ordinal 3 et plus,attitude
agents demographiques (v6),divlaw,1048,0.130205,1.460620,1.091402,0.747218,,1052,tous,1052,non teste,ordinal 3 et plus,attitude
agents v7,divlaw,1049,0.106497,1.460620,1.158065,0.792858,,1052,tous,1052,non teste,ordinal 3 et plus,attitude
agents v8,divlaw,1050,0.113610,1.460620,1.558172,1.066788,,1052,tous,1052,non teste,ordinal 3 et plus,attitude
B0 mode,divlaw,1052,0.261407,1.460620,0.000000,0.000000,,1052,tous,1052,non teste,ordinal 3 et plus,attitude
B0 tirage,divlaw,1052,0.009981,1.460620,1.435190,0.982589,,1052,tous,1052,non teste,ordinal 3 et plus,attitude
B1 argmax,divlaw,1052,0.067490,1.460620,1.216858,0.833111,,1052,tous,1052,non teste,ordinal 3 et plus,attitude
B2 argmax,divlaw,1052,0.068916,1.460620,1.173116,0.803163,,1052,tous,1052,non teste,ordinal 3 et plus,attitude
B3 foret,divlaw,1052,0.121673,1.460620,0.855410,0.585649,,1052,tous,1052,non teste,ordinal 3 et plus,attitude
humains vague 2,divlaw,1052,0.010456,1.460620,1.488356,1.018989,,1052,tous,1052,non teste,ordinal 3 et plus,attitude
agents composite,sexeduc,1052,0.008555,0.611002,0.631985,1.034343,-0.008555,1052,tous,1052,temoin,binaire,attitude
agents entretien (v3),sexeduc,1052,0.096008,0.611002,0.805882,1.318952,-0.096008,1052,tous,1052,temoin,binaire,attitude
agents enquete,sexeduc,1052,0.050380,0.611002,0.723753,1.184535,-0.050380,1052,tous,1052,temoin,binaire,attitude
agents demographiques (v6),sexeduc,1049,0.056768,0.611002,0.448479,0.734006,0.056768,1052,tous,1052,temoin,binaire,attitude
agents v7,sexeduc,1050,0.090190,0.611002,0.328132,0.537039,0.090190,1052,tous,1052,temoin,binaire,attitude
agents v8,sexeduc,1051,0.128592,0.611002,0.854472,1.398478,-0.128592,1052,tous,1052,temoin,binaire,attitude
B0 mode,sexeduc,1052,0.150190,0.611002,0.000000,0.000000,0.150190,1052,tous,1052,temoin,binaire,attitude
B0 tirage,sexeduc,1052,0.015209,0.611002,0.571628,0.935559,0.015209,1052,tous,1052,temoin,binaire,attitude
B1 argmax,sexeduc,1052,0.121673,0.611002,0.187586,0.307013,0.121673,1052,tous,1052,temoin,binaire,attitude
B2 argmax,sexeduc,1052,0.132129,0.611002,0.131095,0.214558,0.132129,1052,tous,1052,temoin,binaire,attitude
B3 foret,sexeduc,1052,0.150190,0.611002,0.000000,0.000000,0.150190,1052,tous,1052,temoin,binaire,attitude
humains vague 2,sexeduc,1052,0.006654,0.611002,0.594111,0.972356,0.006654,1052,tous,1052,temoin,binaire,attitude
agents composite,pillok,1052,0.076046,1.887527,1.929087,1.022018,,1052,tous,1052,investiguer,ordinal 3 et plus,attitude
agents entretien (v3),pillok,1051,0.053849,1.887527,1.963403,1.040199,,1052,tous,1052,investiguer,ordinal 3 et plus,attitude
agents enquete,pillok,1051,0.055752,1.887527,1.855217,0.982882,,1052,tous,1052,investiguer,ordinal 3 et plus,attitude
agents demographiques (v6),pillok,1050,0.157982,1.887527,1.387591,0.735137,,1052,tous,1052,investiguer,ordinal 3 et plus,attitude
agents v7,pillok,1051,0.124076,1.887527,1.438206,0.761953,,1052,tous,1052,investiguer,ordinal 3 et plus,attitude
agents v8,pillok,1052,0.044994,1.887527,1.954125,1.035283,,1052,tous,1052,investiguer,ordinal 3 et plus,attitude
B0 mode,pillok,1052,0.195817,1.887527,0.721853,0.382433,,1052,tous,1052,investiguer,ordinal 3 et plus,attitude
B0 tirage,pillok,1052,0.007921,1.887527,1.870255,0.990849,,1052,tous,1052,investiguer,ordinal 3 et plus,attitude
B1 argmax,pillok,1052,0.039290,1.887527,1.717514,0.909928,,1052,tous,1052,investiguer,ordinal 3 et plus,attitude
B2 argmax,pillok,1052,0.109632,1.887527,1.475693,0.781813,,1052,tous,1052,investiguer,ordinal 3 et plus,attitude
B3 foret,pillok,1052,0.099176,1.887527,1.376019,0.729006,,1052,tous,1052,investiguer,ordinal 3 et plus,attitude
humains vague 2,pillok,1052,0.007605,1.887527,1.901430,1.007366,,1052,tous,1052,investiguer,ordinal 3 et plus,attitude
agents composite,xmarsex,1052,0.168251,1.603834,0.761569,0.474843,0.168251,1052,tous,1052,sensible,ordinal 3 et plus,attitude
agents entretien (v3),xmarsex,1049,0.174731,1.603834,0.659522,0.411216,0.174731,1052,tous,1052,sensible,ordinal 3 et plus,attitude
agents enquete,xmarsex,1044,0.079930,1.603834,1.241901,0.774333,0.079930,1052,tous,1052,sensible,ordinal 3 et plus,attitude
agents demographiques (v6),xmarsex,1051,0.174847,1.603834,0.680740,0.424445,0.174847,1052,tous,1052,sensible,ordinal 3 et plus,attitude
agents v7,xmarsex,1052,0.124525,1.603834,1.033954,0.644676,0.124525,1052,tous,1052,sensible,ordinal 3 et plus,attitude
agents v8,xmarsex,1050,0.023047,1.603834,1.658028,1.033790,-0.015687,1052,tous,1052,sensible,ordinal 3 et plus,attitude
B0 mode,xmarsex,1052,0.235741,1.603834,0.000000,0.000000,0.235741,1052,tous,1052,sensible,ordinal 3 et plus,attitude
B0 tirage,xmarsex,1052,0.001584,1.603834,1.606056,1.001385,-0.000317,1052,tous,1052,sensible,ordinal 3 et plus,attitude
B1 argmax,xmarsex,1052,0.103929,1.603834,1.179987,0.735729,0.103929,1052,tous,1052,sensible,ordinal 3 et plus,attitude
B2 argmax,xmarsex,1052,0.071926,1.603834,1.290908,0.804888,0.071926,1052,tous,1052,sensible,ordinal 3 et plus,attitude
B3 foret,xmarsex,1052,0.171103,1.603834,0.758420,0.472879,0.171103,1052,tous,1052,sensible,ordinal 3 et plus,attitude
humains vague 2,xmarsex,1052,0.014892,1.603834,1.611097,1.004528,-0.005387,1052,tous,1052,sensible,ordinal 3 et plus,attitude
agents composite,homosex,1051,0.069475,1.568259,1.116325,0.711824,0.069475,1052,tous,1052,temoin,ordinal 3 et plus,attitude
agents entretien (v3),homosex,1047,0.066383,1.568259,1.257667,0.801951,-0.038433,1052,tous,1052,temoin,ordinal 3 et plus,attitude
agents enquete,homosex,1051,0.052998,1.568259,1.342870,0.856281,-0.027892,1052,tous,1052,temoin,ordinal 3 et plus,attitude
agents demographiques (v6),homosex,1049,0.083836,1.568259,1.318471,0.840722,-0.083836,1052,tous,1052,temoin,ordinal 3 et plus,attitude
agents v7,homosex,1050,0.164163,1.568259,0.867116,0.552916,0.164163,1052,tous,1052,temoin,ordinal 3 et plus,attitude
agents v8,homosex,1051,0.042214,1.568259,1.397295,0.890985,-0.013937,1052,tous,1052,temoin,ordinal 3 et plus,attitude
B0 mode,homosex,1052,0.314639,1.568259,0.000000,0.000000,0.314639,1052,tous,1052,temoin,ordinal 3 et plus,attitude
B0 tirage,homosex,1052,0.003485,1.568259,1.548327,0.987290,0.002852,1052,tous,1052,temoin,ordinal 3 et plus,attitude
B1 argmax,homosex,1052,0.071610,1.568259,0.977832,0.623514,0.071610,1052,tous,1052,temoin,ordinal 3 et plus,attitude
B2 argmax,homosex,1052,0.134664,1.568259,0.749227,0.477744,0.134664,1052,tous,1052,temoin,ordinal 3 et plus,attitude
B3 foret,homosex,1052,0.109316,1.568259,0.733133,0.467482,0.109316,1052,tous,1052,temoin,ordinal 3 et plus,attitude
humains vague 2,homosex,1052,0.006337,1.568259,1.579493,1.007163,-0.002535,1052,tous,1052,temoin,ordinal 3 et plus,attitude
agents composite,marhomo,1052,0.101473,1.918115,1.956529,1.020027,-0.101473,1052,tous,1052,temoin,ordinal 3 et plus,attitude
agents entretien (v3),marhomo,1049,0.111383,1.918115,1.859661,0.969525,-0.111383,1052,tous,1052,temoin,ordinal 3 et plus,attitude
agents enquete,marhomo,1051,0.106594,1.918115,1.878476,0.979335,-0.106594,1052,tous,1052,temoin,ordinal 3 et plus,attitude
agents demographiques (v6),marhomo,1051,0.164872,1.918115,2.008815,1.047286,-0.164872,1052,tous,1052,temoin,ordinal 3 et plus,attitude
agents v7,marhomo,1052,0.072956,1.918115,1.673887,0.872673,0.056321,1052,tous,1052,temoin,ordinal 3 et plus,attitude
agents v8,marhomo,1051,0.119201,1.918115,1.973174,1.028705,-0.119201,1052,tous,1052,temoin,ordinal 3 et plus,attitude
B0 mode,marhomo,1052,0.280418,1.918115,0.000000,0.000000,0.280418,1052,tous,1052,temoin,ordinal 3 et plus,attitude
B0 tirage,marhomo,1052,0.017586,1.918115,1.865366,0.972499,0.017586,1052,tous,1052,temoin,ordinal 3 et plus,attitude
B1 argmax,marhomo,1052,0.065114,1.918115,1.500420,0.782237,0.060837,1052,tous,1052,temoin,ordinal 3 et plus,attitude
B2 argmax,marhomo,1052,0.114306,1.918115,1.138085,0.593335,0.114306,1052,tous,1052,temoin,ordinal 3 et plus,attitude
B3 foret,marhomo,1052,0.138783,1.918115,0.817968,0.426443,0.138783,1052,tous,1052,temoin,ordinal 3 et plus,attitude
humains vague 2,marhomo,1052,0.003089,1.918115,1.928060,1.005185,-0.003089,1052,tous,1052,temoin,ordinal 3 et plus,attitude
agents composite,discaff,1052,0.046103,1.408204,1.327093,0.942401,,1052,tous,1052,temoin,ordinal 3 et plus,attitude
agents entretien (v3),discaff,1049,0.088608,1.408204,1.413988,1.004107,,1052,tous,1052,temoin,ordinal 3 et plus,attitude
agents enquete,discaff,1051,0.045020,1.408204,1.460744,1.037309,,1052,tous,1052,temoin,ordinal 3 et plus,attitude
agents demographiques (v6),discaff,1051,0.059647,1.408204,1.199264,0.851626,,1052,tous,1052,temoin,ordinal 3 et plus,attitude
agents v7,discaff,1052,0.169202,1.408204,0.946381,0.672048,,1052,tous,1052,temoin,ordinal 3 et plus,attitude
agents v8,discaff,1051,0.061196,1.408204,1.462283,1.038403,,1052,tous,1052,temoin,ordinal 3 et plus,attitude
B0 mode,discaff,1052,0.310837,1.408204,0.000000,0.000000,,1052,tous,1052,temoin,ordinal 3 et plus,attitude
B0 tirage,discaff,1052,0.009030,1.408204,1.406388,0.998710,,1052,tous,1052,temoin,ordinal 3 et plus,attitude
B1 argmax,discaff,1052,0.070342,1.408204,1.252254,0.889256,,1052,tous,1052,temoin,ordinal 3 et plus,attitude
B2 argmax,discaff,1052,0.127376,1.408204,1.063520,0.755231,,1052,tous,1052,temoin,ordinal 3 et plus,attitude
B3 foret,discaff,1052,0.134981,1.408204,0.982738,0.697866,,1052,tous,1052,temoin,ordinal 3 et plus,attitude
humains vague 2,discaff,1052,0.002376,1.408204,1.405928,0.998383,,1052,tous,1052,temoin,ordinal 3 et plus,attitude
agents composite,abdefect,1052,0.004753,0.665216,0.675830,1.015956,,1052,tous,1052,temoin,binaire,attitude
agents entretien (v3),abdefect,1052,0.007605,0.665216,0.647757,0.973754,,1052,tous,1052,temoin,binaire,attitude
agents enquete,abdefect,1052,0.081749,0.665216,0.819410,1.231796,,1052,tous,1052,temoin,binaire,attitude
agents demographiques (v6),abdefect,1051,0.107352,0.665216,0.350170,0.526400,,1052,tous,1052,temoin,binaire,attitude
agents v7,abdefect,1052,0.124525,0.665216,0.280586,0.421798,,1052,tous,1052,temoin,binaire,attitude
agents v8,abdefect,1050,0.029853,0.665216,0.728293,1.094821,,1052,tous,1052,temoin,binaire,attitude
B0 mode,abdefect,1052,0.173004,0.665216,0.000000,0.000000,,1052,tous,1052,temoin,binaire,attitude
B0 tirage,abdefect,1052,0.016160,0.665216,0.627392,0.943140,,1052,tous,1052,temoin,binaire,attitude
B1 argmax,abdefect,1052,0.118821,0.665216,0.304591,0.457882,,1052,tous,1052,temoin,binaire,attitude
B2 argmax,abdefect,1052,0.109316,0.665216,0.342601,0.515022,,1052,tous,1052,temoin,binaire,attitude
B3 foret,abdefect,1052,0.166350,0.665216,0.058372,0.087749,,1052,tous,1052,temoin,binaire,attitude
humains vague 2,abdefect,1052,0.003802,0.665216,0.673726,1.012792,,1052,tous,1052,temoin,binaire,attitude
agents composite,abnomore,1052,0.007605,0.934584,0.941202,1.007081,,1052,tous,1052,temoin,binaire,attitude
agents entretien (v3),abnomore,1052,0.053232,0.934584,0.877753,0.939191,,1052,tous,1052,temoin,binaire,attitude
agents enquete,abnomore,1052,0.051331,0.934584,0.880109,0.941713,,1052,tous,1052,temoin,binaire,attitude
agents demographiques (v6),abnomore,1052,0.180608,0.934584,0.656561,0.702517,,1052,tous,1052,temoin,binaire,attitude
agents v7,abnomore,1052,0.267110,0.934584,0.412306,0.441166,,1052,tous,1052,temoin,binaire,attitude
agents v8,abnomore,1049,0.031411,0.934584,0.903319,0.966547,,1052,tous,1052,temoin,binaire,attitude
B0 mode,abnomore,1052,0.349810,0.934584,0.000000,0.000000,,1052,tous,1052,temoin,binaire,attitude
B0 tirage,abnomore,1052,0.007605,0.934584,0.927599,0.992526,,1052,tous,1052,temoin,binaire,attitude
B1 argmax,abnomore,1052,0.046578,0.934584,0.885891,0.947899,,1052,tous,1052,temoin,binaire,attitude
B2 argmax,abnomore,1052,0.070342,0.934584,0.855410,0.915285,,1052,tous,1052,temoin,binaire,attitude
B3 foret,abnomore,1052,0.095057,0.934584,0.819410,0.876765,,1052,tous,1052,temoin,binaire,attitude
humains vague 2,abnomore,1052,0.035171,0.934584,0.962170,1.029517,,1052,tous,1052,temoin,binaire,attitude
agents composite,abhlth,1052,0.029468,0.371415,0.472087,1.271050,,1052,tous,1052,temoin,binaire,attitude
agents entretien (v3),abhlth,1052,0.024715,0.371415,0.272364,0.733314,,1052,tous,1052,temoin,binaire,attitude
agents enquete,abhlth,1052,0.070342,0.371415,0.589190,1.586338,,1052,tous,1052,temoin,binaire,attitude
agents demographiques (v6),abhlth,1051,0.066535,0.371415,0.044240,0.119111,,1052,tous,1052,temoin,binaire,attitude
agents v7,abhlth,1052,0.063688,0.371415,0.065143,0.175391,,1052,tous,1052,temoin,binaire,attitude
agents v8,abhlth,1050,0.035102,0.371415,0.225231,0.606414,,1052,tous,1052,temoin,binaire,attitude
B0 mode,abhlth,1052,0.071293,0.371415,0.000000,0.000000,,1052,tous,1052,temoin,binaire,attitude
B0 tirage,abhlth,1052,0.011407,0.371415,0.327678,0.882241,,1052,tous,1052,temoin,binaire,attitude
B1 argmax,abhlth,1052,0.062738,0.371415,0.071740,0.193154,,1052,tous,1052,temoin,binaire,attitude
B2 argmax,abhlth,1052,0.068441,0.371415,0.028902,0.077816,,1052,tous,1052,temoin,binaire,attitude
B3 foret,abhlth,1052,0.071293,0.371415,0.000000,0.000000,,1052,tous,1052,temoin,binaire,attitude
humains vague 2,abhlth,1052,0.000000,0.371415,0.371415,1.000000,,1052,tous,1052,temoin,binaire,attitude
agents composite,abpoor,1052,0.002852,0.918347,0.921184,1.003089,,1052,tous,1052,investiguer,binaire,attitude
agents entretien (v3),abpoor,1052,0.049430,0.918347,0.860554,0.937069,,1052,tous,1052,investiguer,binaire,attitude
agents enquete,abpoor,1052,0.034221,0.918347,0.880109,0.958363,,1052,tous,1052,investiguer,binaire,attitude
agents demographiques (v6),abpoor,1052,0.168251,0.918347,0.645532,0.702929,,1052,tous,1052,investiguer,binaire,attitude
agents v7,abpoor,1052,0.263308,0.918347,0.364335,0.396729,,1052,tous,1052,investiguer,binaire,attitude
agents v8,abpoor,1049,0.046713,0.918347,0.864168,0.941004,,1052,tous,1052,investiguer,binaire,attitude
B0 mode,abpoor,1052,0.332700,0.918347,0.000000,0.000000,,1052,tous,1052,investiguer,binaire,attitude
B0 tirage,abpoor,1052,0.001901,0.918347,0.920244,1.002066,,1052,tous,1052,investiguer,binaire,attitude
B1 argmax,abpoor,1052,0.034221,0.918347,0.880109,0.958363,,1052,tous,1052,investiguer,binaire,attitude
B2 argmax,abpoor,1052,0.075095,0.918347,0.823796,0.897042,,1052,tous,1052,investiguer,binaire,attitude
B3 foret,abpoor,1052,0.096008,0.918347,0.790181,0.860439,,1052,tous,1052,investiguer,binaire,attitude
humains vague 2,abpoor,1052,0.029468,0.918347,0.945153,1.029190,,1052,tous,1052,investiguer,binaire,attitude
agents composite,abrape,1052,0.035171,0.518349,0.613373,1.183320,,1052,tous,1052,investiguer,binaire,attitude
agents entretien (v3),abrape,1052,0.020913,0.518349,0.453814,0.875498,,1052,tous,1052,investiguer,binaire,attitude
agents enquete,abrape,1052,0.111217,0.518349,0.773760,1.492738,,1052,tous,1052,investiguer,binaire,attitude
agents demographiques (v6),abrape,1051,0.106455,0.518349,0.078245,0.150951,,1052,tous,1052,investiguer,binaire,attitude
agents v7,abrape,1052,0.101711,0.518349,0.108543,0.209401,,1052,tous,1052,investiguer,binaire,attitude
agents v8,abrape,1050,0.035017,0.518349,0.406213,0.783667,,1052,tous,1052,investiguer,binaire,attitude
B0 mode,abrape,1052,0.115970,0.518349,0.000000,0.000000,,1052,tous,1052,investiguer,binaire,attitude
B0 tirage,abrape,1052,0.007605,0.518349,0.540234,1.042220,,1052,tous,1052,investiguer,binaire,attitude
B1 argmax,abrape,1052,0.092205,0.518349,0.162769,0.314015,,1052,tous,1052,investiguer,binaire,attitude
B2 argmax,abrape,1052,0.081749,0.518349,0.215821,0.416361,,1052,tous,1052,investiguer,binaire,attitude
B3 foret,abrape,1052,0.115970,0.518349,0.000000,0.000000,,1052,tous,1052,investiguer,binaire,attitude
humains vague 2,abrape,1052,0.005703,0.518349,0.534837,1.031807,,1052,tous,1052,investiguer,binaire,attitude
agents composite,absingle,1052,0.036122,0.947456,0.914482,0.965196,,1052,tous,1052,temoin,binaire,attitude
agents entretien (v3),absingle,1052,0.033270,0.947456,0.917389,0.968265,,1052,tous,1052,temoin,binaire,attitude
agents enquete,absingle,1052,0.000951,0.947456,0.948213,1.000798,,1052,tous,1052,temoin,binaire,attitude
agents demographiques (v6),absingle,1051,0.117636,0.947456,0.807791,0.852589,,1052,tous,1052,temoin,binaire,attitude
agents v7,absingle,1052,0.269962,0.947456,0.453814,0.478981,,1052,tous,1052,temoin,binaire,attitude
agents v8,absingle,1050,0.043552,0.947456,0.976431,1.030582,,1052,tous,1052,temoin,binaire,attitude
B0 mode,absingle,1052,0.365019,0.947456,0.000000,0.000000,,1052,tous,1052,temoin,binaire,attitude
B0 tirage,absingle,1052,0.025665,0.947456,0.965925,1.019493,,1052,tous,1052,temoin,binaire,attitude
B1 argmax,absingle,1052,0.033270,0.947456,0.917389,0.968265,,1052,tous,1052,temoin,binaire,attitude
B2 argmax,absingle,1052,0.107414,0.947456,0.823796,0.869482,,1052,tous,1052,temoin,binaire,attitude
B3 foret,absingle,1052,0.091255,0.947456,0.847500,0.894500,,1052,tous,1052,temoin,binaire,attitude
humains vague 2,absingle,1052,0.027567,0.947456,0.967134,1.020768,,1052,tous,1052,temoin,binaire,attitude
agents composite,abany,1052,0.049430,0.963444,0.988950,1.026474,,1052,tous,1052,investiguer,binaire,attitude
agents entretien (v3),abany,1052,0.006654,0.963444,0.958889,0.995272,,1052,tous,1052,investiguer,binaire,attitude
agents enquete,abany,1052,0.024715,0.963444,0.945153,0.981016,,1052,tous,1052,investiguer,binaire,attitude
agents demographiques (v6),abany,1051,0.081459,0.963444,0.888506,0.922219,,1052,tous,1052,investiguer,binaire,attitude
agents v7,abany,1052,0.220532,0.963444,0.649972,0.674634,,1052,tous,1052,investiguer,binaire,attitude
agents v8,abany,1052,0.002852,0.963444,0.965313,1.001941,,1052,tous,1052,investiguer,binaire,attitude
B0 mode,abany,1052,0.386882,0.963444,0.000000,0.000000,,1052,tous,1052,investiguer,binaire,attitude
B0 tirage,abany,1052,0.010456,0.963444,0.956164,0.992444,,1052,tous,1052,investiguer,binaire,attitude
B1 argmax,abany,1052,0.024715,0.963444,0.945153,0.981016,,1052,tous,1052,investiguer,binaire,attitude
B2 argmax,abany,1052,0.123574,0.963444,0.832383,0.863966,,1052,tous,1052,investiguer,binaire,attitude
B3 foret,abany,1052,0.093156,0.963444,0.874172,0.907341,,1052,tous,1052,investiguer,binaire,attitude
humains vague 2,abany,1052,0.016160,0.963444,0.973388,1.010322,,1052,tous,1052,investiguer,binaire,attitude
agents composite,letdie1,1052,0.011407,0.798120,0.778763,0.975746,,1052,tous,1052,temoin,binaire,attitude
agents entretien (v3),letdie1,1052,0.070342,0.798120,0.895911,1.122526,,1052,tous,1052,temoin,binaire,attitude
agents enquete,letdie1,1052,0.007605,0.798120,0.785332,0.983976,,1052,tous,1052,temoin,binaire,attitude
agents demographiques (v6),letdie1,1051,0.071590,0.798120,0.897332,1.124307,,1052,tous,1052,temoin,binaire,attitude
agents v7,letdie1,1052,0.134981,0.798120,0.489843,0.613745,,1052,tous,1052,temoin,binaire,attitude
agents v8,letdie1,1052,0.035171,0.798120,0.851484,1.066862,,1052,tous,1052,temoin,binaire,attitude
B0 mode,letdie1,1052,0.241445,0.798120,0.000000,0.000000,,1052,tous,1052,temoin,binaire,attitude
B0 tirage,letdie1,1052,0.006654,0.798120,0.786956,0.986011,,1052,tous,1052,temoin,binaire,attitude
B1 argmax,letdie1,1052,0.151141,0.798120,0.438170,0.549002,,1052,tous,1052,temoin,binaire,attitude
B2 argmax,letdie1,1052,0.137833,0.798120,0.481028,0.602701,,1052,tous,1052,temoin,binaire,attitude
B3 foret,letdie1,1052,0.211977,0.798120,0.192401,0.241068,,1052,tous,1052,temoin,binaire,attitude
humains vague 2,letdie1,1052,0.003802,0.798120,0.804343,1.007797,,1052,tous,1052,temoin,binaire,attitude
agents composite,suicide1,1052,0.008555,0.785332,0.770387,0.980970,,1052,tous,1052,investiguer,binaire,attitude
agents entretien (v3),suicide1,1051,0.015953,0.785332,0.756978,0.963896,,1052,tous,1052,investiguer,binaire,attitude
agents enquete,suicide1,1052,0.000951,0.785332,0.783701,0.997923,,1052,tous,1052,investiguer,binaire,attitude
agents demographiques (v6),suicide1,1052,0.029468,0.785332,0.731273,0.931165,,1052,tous,1052,investiguer,binaire,attitude
agents v7,suicide1,1052,0.165399,0.785332,0.360765,0.459379,,1052,tous,1052,investiguer,binaire,attitude
agents v8,suicide1,1049,0.006958,0.785332,0.773225,0.984584,,1052,tous,1052,investiguer,binaire,attitude
B0 mode,suicide1,1052,0.233840,0.785332,0.000000,0.000000,,1052,tous,1052,investiguer,binaire,attitude
B0 tirage,suicide1,1052,0.031369,0.785332,0.835191,1.063489,,1052,tous,1052,investiguer,binaire,attitude
B1 argmax,suicide1,1052,0.145437,0.785332,0.431802,0.549835,,1052,tous,1052,investiguer,binaire,attitude
B2 argmax,suicide1,1052,0.129278,0.785332,0.483980,0.616275,,1052,tous,1052,investiguer,binaire,attitude
B3 foret,suicide1,1052,0.207224,0.785332,0.177812,0.226416,,1052,tous,1052,investiguer,binaire,attitude
humains vague 2,suicide1,1052,0.000951,0.785332,0.783701,0.997923,,1052,tous,1052,investiguer,binaire,attitude
agents composite,suicide2,1052,0.146388,0.819410,0.495650,0.604887,,1052,tous,1052,non teste,binaire,attitude
agents entretien (v3),suicide2,1052,0.253802,0.819410,0.011599,0.014155,,1052,tous,1052,non teste,binaire,attitude
agents enquete,suicide2,1052,0.248099,0.819410,0.058372,0.071237,,1052,tous,1052,non teste,binaire,attitude
agents demographiques (v6),suicide2,1052,0.254753,0.819410,0.000000,0.000000,,1052,tous,1052,non teste,binaire,attitude
agents v7,suicide2,1052,0.254753,0.819410,0.000000,0.000000,,1052,tous,1052,non teste,binaire,attitude
agents v8,suicide2,1049,0.254753,0.819410,0.000000,0.000000,,1052,tous,1052,non teste,binaire,attitude
B0 mode,suicide2,1052,0.254753,0.819410,0.000000,0.000000,,1052,tous,1052,non teste,binaire,attitude
B0 tirage,suicide2,1052,0.031369,0.819410,0.766984,0.936020,,1052,tous,1052,non teste,binaire,attitude
B1 argmax,suicide2,1052,0.156844,0.819410,0.463017,0.565061,,1052,tous,1052,non teste,binaire,attitude
B2 argmax,suicide2,1052,0.096008,0.819410,0.631985,0.771268,,1052,tous,1052,non teste,binaire,attitude
B3 foret,suicide2,1052,0.235741,0.819410,0.136539,0.166631,,1052,tous,1052,non teste,binaire,attitude
humains vague 2,suicide2,1052,0.025665,0.819410,0.777103,0.948368,,1052,tous,1052,non teste,binaire,attitude
agents composite,suicide3,1052,0.024715,0.816452,0.775435,0.949761,,1052,tous,1052,non teste,binaire,attitude
agents entretien (v3),suicide3,1051,0.199569,0.816452,0.300867,0.368505,,1052,tous,1052,non teste,binaire,attitude
agents enquete,suicide3,1052,0.122624,0.816452,0.955469,1.170269,,1052,tous,1052,non teste,binaire,attitude
agents demographiques (v6),suicide3,1051,0.065411,0.816452,0.696773,0.853415,,1052,tous,1052,non teste,binaire,attitude
agents v7,suicide3,1052,0.149240,0.816452,0.481028,0.589169,,1052,tous,1052,non teste,binaire,attitude
agents v8,suicide3,1051,0.032110,0.816452,0.762207,0.933559,,1052,tous,1052,non teste,binaire,attitude
B0 mode,suicide3,1052,0.252852,0.816452,0.000000,0.000000,,1052,tous,1052,non teste,binaire,attitude
B0 tirage,suicide3,1052,0.038973,0.816452,0.749517,0.918016,,1052,tous,1052,non teste,binaire,attitude
B1 argmax,suicide3,1052,0.171103,0.816452,0.408998,0.500945,,1052,tous,1052,non teste,binaire,attitude
B2 argmax,suicide3,1052,0.092205,0.816452,0.636539,0.779640,,1052,tous,1052,non teste,binaire,attitude
B3 foret,suicide3,1052,0.246198,0.816452,0.058372,0.071495,,1052,tous,1052,non teste,binaire,attitude
humains vague 2,suicide3,1052,0.029468,0.816452,0.766984,0.939411,,1052,tous,1052,non teste,binaire,attitude
agents composite,suicide4,1052,0.268061,0.955469,0.940394,0.984223,,1052,tous,1052,temoin,binaire,attitude
agents entretien (v3),suicide4,1051,0.277473,0.955469,0.463316,0.484909,,1052,tous,1052,temoin,binaire,attitude
agents enquete,suicide4,1052,0.013308,0.955469,0.964696,1.009656,,1052,tous,1052,temoin,binaire,attitude
agents demographiques (v6),suicide4,1052,0.118821,0.955469,0.822341,0.860667,,1052,tous,1052,temoin,binaire,attitude
agents v7,suicide4,1052,0.239544,0.955469,0.574170,0.600929,,1052,tous,1052,temoin,binaire,attitude
agents v8,suicide4,1051,0.015818,0.955469,0.943085,0.987038,,1052,tous,1052,temoin,binaire,attitude
B0 mode,suicide4,1052,0.375475,0.955469,0.000000,0.000000,,1052,tous,1052,temoin,binaire,attitude
B0 tirage,suicide4,1052,0.022814,0.955469,0.937108,0.980783,,1052,tous,1052,temoin,binaire,attitude
B1 argmax,suicide4,1052,0.132129,0.955469,0.801246,0.838589,,1052,tous,1052,temoin,binaire,attitude
B2 argmax,suicide4,1052,0.025665,0.955469,0.934584,0.978141,,1052,tous,1052,temoin,binaire,attitude
B3 foret,suicide4,1052,0.223384,0.955469,0.615735,0.644432,,1052,tous,1052,temoin,binaire,attitude
humains vague 2,suicide4,1052,0.027567,0.955469,0.932872,0.976350,,1052,tous,1052,temoin,binaire,attitude
agents composite,pornlaw,1048,0.104848,1.132180,0.527736,0.466124,-0.048815,1052,tous,1052,temoin,ordinal 3 et plus,attitude
agents entretien (v3),pornlaw,1048,0.102462,1.132180,0.528789,0.467054,-0.041658,1052,tous,1052,temoin,ordinal 3 et plus,attitude
agents enquete,pornlaw,1052,0.069392,1.132180,0.722053,0.637755,-0.011407,1052,tous,1052,temoin,ordinal 3 et plus,attitude
agents demographiques (v6),pornlaw,1051,0.093573,1.132180,0.583366,0.515259,-0.032744,1052,tous,1052,temoin,ordinal 3 et plus,attitude
agents v7,pornlaw,1052,0.125475,1.132180,0.376971,0.332960,-0.074144,1052,tous,1052,temoin,ordinal 3 et plus,attitude
agents v8,pornlaw,1049,0.076018,1.132180,0.813838,0.718824,-0.076018,1052,tous,1052,temoin,ordinal 3 et plus,attitude
B0 mode,pornlaw,1052,0.154943,1.132180,0.000000,0.000000,-0.085551,1052,tous,1052,temoin,ordinal 3 et plus,attitude
B0 tirage,pornlaw,1052,0.007129,1.132180,1.142044,1.008712,-0.007129,1052,tous,1052,temoin,ordinal 3 et plus,attitude
B1 argmax,pornlaw,1052,0.092205,1.132180,0.610360,0.539101,-0.037072,1052,tous,1052,temoin,ordinal 3 et plus,attitude
B2 argmax,pornlaw,1052,0.122148,1.132180,0.349930,0.309076,-0.052757,1052,tous,1052,temoin,ordinal 3 et plus,attitude
B3 foret,pornlaw,1052,0.144487,1.132180,0.147220,0.130032,-0.075095,1052,tous,1052,temoin,ordinal 3 et plus,attitude
humains vague 2,pornlaw,1052,0.016160,1.132180,1.132688,1.000449,0.016160,1052,tous,1052,temoin,ordinal 3 et plus,attitude
agents composite,fair,1052,0.101236,1.569690,1.390260,0.885691,,1052,tous,1052,non teste,ordinal 3 et plus,attitude
agents entretien (v3),fair,1051,0.199518,1.569690,0.963448,0.613782,,1052,tous,1052,non teste,ordinal 3 et plus,attitude
agents enquete,fair,1052,0.063688,1.569690,1.467426,0.934851,,1052,tous,1052,non teste,ordinal 3 et plus,attitude
agents demographiques (v6),fair,1052,0.248099,1.569690,0.553314,0.352499,,1052,tous,1052,non teste,ordinal 3 et plus,attitude
agents v7,fair,1052,0.224810,1.569690,1.183604,0.754037,,1052,tous,1052,non teste,ordinal 3 et plus,attitude
agents v8,fair,1051,0.160031,1.569690,1.168416,0.744361,,1052,tous,1052,non teste,ordinal 3 et plus,attitude
B0 mode,fair,1052,0.307034,1.569690,0.000000,0.000000,,1052,tous,1052,non teste,ordinal 3 et plus,attitude
B0 tirage,fair,1052,0.010456,1.569690,1.572402,1.001728,,1052,tous,1052,non teste,ordinal 3 et plus,attitude
B1 argmax,fair,1052,0.034696,1.569690,1.522419,0.969885,,1052,tous,1052,non teste,ordinal 3 et plus,attitude
B2 argmax,fair,1052,0.123099,1.569690,1.309283,0.834103,,1052,tous,1052,non teste,ordinal 3 et plus,attitude
B3 foret,fair,1052,0.104563,1.569690,1.368794,0.872016,,1052,tous,1052,non teste,ordinal 3 et plus,attitude
humains vague 2,fair,1052,0.020913,1.569690,1.554117,0.990079,,1052,tous,1052,non teste,ordinal 3 et plus,attitude
agents composite,helpful,1052,0.059886,1.577355,1.480651,0.938692,,1052,tous,1052,non teste,ordinal 3 et plus,attitude
agents entretien (v3),helpful,1051,0.060389,1.577355,1.549348,0.982245,,1052,tous,1052,non teste,ordinal 3 et plus,attitude
agents enquete,helpful,1052,0.042300,1.577355,1.580643,1.002085,,1052,tous,1052,non teste,ordinal 3 et plus,attitude
agents demographiques (v6),helpful,1052,0.082700,1.577355,1.458239,0.924484,,1052,tous,1052,non teste,ordinal 3 et plus,attitude
agents v7,helpful,1052,0.294202,1.577355,1.256653,0.796684,,1052,tous,1052,non teste,ordinal 3 et plus,attitude
agents v8,helpful,1051,0.047068,1.577355,1.554755,0.985672,,1052,tous,1052,non teste,ordinal 3 et plus,attitude
B0 mode,helpful,1052,0.314639,1.577355,0.000000,0.000000,,1052,tous,1052,non teste,ordinal 3 et plus,attitude
B0 tirage,helpful,1052,0.021863,1.577355,1.578352,1.000632,,1052,tous,1052,non teste,ordinal 3 et plus,attitude
B1 argmax,helpful,1052,0.031369,1.577355,1.546154,0.980219,,1052,tous,1052,non teste,ordinal 3 et plus,attitude
B2 argmax,helpful,1052,0.090779,1.577355,1.432965,0.908461,,1052,tous,1052,non teste,ordinal 3 et plus,attitude
B3 foret,helpful,1052,0.071293,1.577355,1.457177,0.923810,,1052,tous,1052,non teste,ordinal 3 et plus,attitude
humains vague 2,helpful,1052,0.015684,1.577355,1.567378,0.993675,,1052,tous,1052,non teste,ordinal 3 et plus,attitude
agents composite,trust,1052,0.047053,1.453622,1.407451,0.968237,,1052,tous,1052,non teste,ordinal 3 et plus,attitude
agents entretien (v3),trust,1051,0.133353,1.453622,1.249184,0.859360,,1052,tous,1052,non teste,ordinal 3 et plus,attitude
agents enquete,trust,1052,0.159696,1.453622,1.582798,1.088865,,1052,tous,1052,non teste,ordinal 3 et plus,attitude
agents demographiques (v6),trust,1052,0.115019,1.453622,1.426904,0.981620,,1052,tous,1052,non teste,ordinal 3 et plus,attitude
agents v7,trust,1052,0.317490,1.453622,1.402876,0.965090,,1052,tous,1052,non teste,ordinal 3 et plus,attitude
agents v8,trust,1051,0.143984,1.453622,1.501707,1.033079,,1052,tous,1052,non teste,ordinal 3 et plus,attitude
B0 mode,trust,1052,0.326996,1.453622,0.000000,0.000000,,1052,tous,1052,non teste,ordinal 3 et plus,attitude
B0 tirage,trust,1052,0.012357,1.453622,1.470918,1.011899,,1052,tous,1052,non teste,ordinal 3 et plus,attitude
B1 argmax,trust,1052,0.173479,1.453622,1.006121,0.692148,,1052,tous,1052,non teste,ordinal 3 et plus,attitude
B2 argmax,trust,1052,0.123574,1.453622,1.160815,0.798567,,1052,tous,1052,non teste,ordinal 3 et plus,attitude
B3 foret,trust,1052,0.272338,1.453622,0.515015,0.354298,,1052,tous,1052,non teste,ordinal 3 et plus,attitude
humains vague 2,trust,1052,0.026141,1.453622,1.455217,1.001097,,1052,tous,1052,non teste,ordinal 3 et plus,attitude
agents composite,tax,1052,0.052757,1.107422,1.151858,1.040126,,1052,tous,1052,non teste,ordinal 3 et plus,attitude
agents entretien (v3),tax,1050,0.070411,1.107422,1.245303,1.124506,,1052,tous,1052,non teste,ordinal 3 et plus,attitude
agents enquete,tax,1052,0.057985,1.107422,1.224961,1.106138,,1052,tous,1052,non teste,ordinal 3 et plus,attitude
agents demographiques (v6),tax,1052,0.036597,1.107422,0.942003,0.850628,,1052,tous,1052,non teste,ordinal 3 et plus,attitude
agents v7,tax,1051,0.172400,1.107422,0.889617,0.803323,,1052,tous,1052,non teste,ordinal 3 et plus,attitude
agents v8,tax,1051,0.152917,1.107422,1.375225,1.241826,,1052,tous,1052,non teste,ordinal 3 et plus,attitude
B0 mode,tax,1052,0.215779,1.107422,0.000000,0.000000,,1052,tous,1052,non teste,ordinal 3 et plus,attitude
B0 tirage,tax,1052,0.009030,1.107422,1.124346,1.015283,,1052,tous,1052,non teste,ordinal 3 et plus,attitude
B1 argmax,tax,1052,0.082700,1.107422,0.850743,0.768220,,1052,tous,1052,non teste,ordinal 3 et plus,attitude
B2 argmax,tax,1052,0.038023,1.107422,0.939581,0.848441,,1052,tous,1052,non teste,ordinal 3 et plus,attitude
B3 foret,tax,1052,0.128802,1.107422,0.667357,0.602622,,1052,tous,1052,non teste,ordinal 3 et plus,attitude
humains vague 2,tax,1052,0.001426,1.107422,1.109178,1.001586,,1052,tous,1052,non teste,ordinal 3 et plus,attitude
agents composite,vote16,1052,0.035171,1.168155,1.214980,1.040084,-0.008555,1052,tous,1052,sensible,nominal,comportement
agents entretien (v3),vote16,1049,0.053712,1.168155,1.169758,1.001372,0.015317,1052,tous,1052,sensible,nominal,comportement
agents enquete,vote16,1050,0.091845,1.168155,0.942820,0.807101,-0.005354,1052,tous,1052,sensible,nominal,comportement
agents demographiques (v6),vote16,1050,0.041729,1.168155,1.039464,0.889834,0.035598,1052,tous,1052,sensible,nominal,comportement
agents v7,vote16,1052,0.115970,1.168155,0.887454,0.759706,0.115970,1052,tous,1052,sensible,nominal,comportement
agents v8,vote16,1051,0.216640,1.168155,0.474692,0.406361,0.216640,1052,tous,1052,sensible,nominal,comportement
B0 mode,vote16,1052,0.310837,1.168155,0.000000,0.000000,0.310837,1052,tous,1052,sensible,nominal,comportement
B0 tirage,vote16,1052,0.008555,1.168155,1.162419,0.995089,-0.001901,1052,tous,1052,sensible,nominal,comportement
B1 argmax,vote16,1052,0.082700,1.168155,0.988355,0.846082,0.082700,1052,tous,1052,sensible,nominal,comportement
B2 argmax,vote16,1052,0.267110,1.168155,0.295196,0.252702,0.267110,1052,tous,1052,sensible,nominal,comportement
B3 foret,vote16,1052,0.178707,1.168155,0.695638,0.595501,0.178707,1052,tous,1052,sensible,nominal,comportement
humains vague 2,vote16,1052,0.014259,1.168155,1.141417,0.977110,0.014259,1052,tous,1052,sensible,nominal,comportement
agents composite,pres16,1052,0.085551,1.797714,1.670632,0.929309,,1052,tous,1052,temoin,nominal,comportement
agents entretien (v3),pres16,1051,0.112890,1.797714,1.660788,0.923833,,1052,tous,1052,temoin,nominal,comportement
agents enquete,pres16,1049,0.060002,1.797714,1.757187,0.977456,,1052,tous,1052,temoin,nominal,comportement
agents demographiques (v6),pres16,1052,0.135932,1.797714,1.589827,0.884360,,1052,tous,1052,temoin,nominal,comportement
agents v7,pres16,1052,0.266160,1.797714,1.466226,0.815606,,1052,tous,1052,temoin,nominal,comportement
agents v8,pres16,1051,0.283255,1.797714,1.492599,0.830276,,1052,tous,1052,temoin,nominal,comportement
B0 mode,pres16,1052,0.646388,1.797714,0.000000,0.000000,,1052,tous,1052,temoin,nominal,comportement
B0 tirage,pres16,1052,0.031369,1.797714,1.765270,0.981952,,1052,tous,1052,temoin,nominal,comportement
B1 argmax,pres16,1052,0.062738,1.797714,1.651254,0.918530,,1052,tous,1052,temoin,nominal,comportement
B2 argmax,pres16,1052,0.200570,1.797714,1.436365,0.798995,,1052,tous,1052,temoin,nominal,comportement
B3 foret,pres16,1052,0.096958,1.797714,1.561925,0.868840,,1052,tous,1052,temoin,nominal,comportement
humains vague 2,pres16,1052,0.017110,1.797714,1.800743,1.001685,,1052,tous,1052,temoin,nominal,comportement
agents composite,if16who,1052,0.051331,1.446440,1.345285,0.930066,,1052,tous,1052,investiguer,nominal,comportement
agents entretien (v3),if16who,1052,0.049430,1.446440,1.366040,0.944415,,1052,tous,1052,investiguer,nominal,comportement
agents enquete,if16who,1052,0.081749,1.446440,1.318847,0.911788,,1052,tous,1052,investiguer,nominal,comportement
agents demographiques (v6),if16who,1050,0.181858,1.446440,1.158277,0.800778,,1052,tous,1052,investiguer,nominal,comportement
agents v7,if16who,1051,0.233564,1.446440,1.147460,0.793299,,1052,tous,1052,investiguer,nominal,comportement
agents v8,if16who,1051,0.043269,1.446440,1.365802,0.944251,,1052,tous,1052,investiguer,nominal,comportement
B0 mode,if16who,1052,0.524715,1.446440,0.000000,0.000000,,1052,tous,1052,investiguer,nominal,comportement
B0 tirage,if16who,1052,0.020913,1.446440,1.474649,1.019502,,1052,tous,1052,investiguer,nominal,comportement
B1 argmax,if16who,1052,0.041825,1.446440,1.368461,0.946089,,1052,tous,1052,investiguer,nominal,comportement
B2 argmax,if16who,1052,0.187262,1.446440,0.923046,0.638150,,1052,tous,1052,investiguer,nominal,comportement
B3 foret,if16who,1052,0.093156,1.446440,1.230988,0.851046,,1052,tous,1052,investiguer,nominal,comportement
humains vague 2,if16who,1052,0.000951,1.446440,1.447749,1.000905,,1052,tous,1052,investiguer,nominal,comportement
agents composite,news,1052,0.113831,2.157223,1.693862,0.785205,-0.099097,1052,tous,1052,investiguer,ordinal 3 et plus,comportement
agents entretien (v3),news,1052,0.139496,2.157223,1.632045,0.756549,-0.036835,1052,tous,1052,investiguer,ordinal 3 et plus,comportement
agents enquete,news,1052,0.256892,2.157223,1.317084,0.610546,0.190827,1052,tous,1052,investiguer,ordinal 3 et plus,comportement
agents demographiques (v6),news,1050,0.149621,2.157223,1.471748,0.682242,0.082606,1052,tous,1052,investiguer,ordinal 3 et plus,comportement
agents v7,news,1052,0.233365,2.157223,1.596493,0.740069,0.170152,1052,tous,1052,investiguer,ordinal 3 et plus,comportement
agents v8,news,1051,0.358755,2.157223,1.020867,0.473232,0.313148,1052,tous,1052,investiguer,ordinal 3 et plus,comportement
B0 mode,news,1052,0.368108,2.157223,0.000000,0.000000,-0.368108,1052,tous,1052,investiguer,ordinal 3 et plus,comportement
B0 tirage,news,1052,0.019487,2.157223,2.131486,0.988069,-0.019487,1052,tous,1052,investiguer,ordinal 3 et plus,comportement
B1 argmax,news,1052,0.099097,2.157223,1.726301,0.800242,-0.099097,1052,tous,1052,investiguer,ordinal 3 et plus,comportement
B2 argmax,news,1052,0.208413,2.157223,1.274767,0.590929,-0.208413,1052,tous,1052,investiguer,ordinal 3 et plus,comportement
B3 foret,news,1052,0.251426,2.157223,0.820057,0.380144,-0.251426,1052,tous,1052,investiguer,ordinal 3 et plus,comportement
humains vague 2,news,1052,0.006179,2.157223,2.173076,1.007349,0.003802,1052,tous,1052,investiguer,ordinal 3 et plus,comportement
agents composite,jew,1052,0.247148,1.302059,0.367854,0.282517,,1052,tous,1052,non teste,nominal,comportement
agents entretien (v3),jew,1051,0.262346,1.302059,0.296561,0.227763,,1052,tous,1052,non teste,nominal,comportement
agents enquete,jew,1051,0.235704,1.302059,0.455724,0.350003,,1052,tous,1052,non teste,nominal,comportement
agents demographiques (v6),jew,1050,0.104197,1.302059,0.988504,0.759186,,1052,tous,1052,non teste,nominal,comportement
agents v7,jew,1051,0.266131,1.302059,0.240791,0.184931,,1052,tous,1052,non teste,nominal,comportement
agents v8,jew,1052,0.288023,1.302059,0.071740,0.055098,,1052,tous,1052,non teste,nominal,comportement
B0 mode,jew,1052,0.296578,1.302059,0.000000,0.000000,,1052,tous,1052,non teste,nominal,comportement
B0 tirage,jew,1052,0.006654,1.302059,1.305215,1.002424,,1052,tous,1052,non teste,nominal,comportement
B1 argmax,jew,1052,0.231939,1.302059,0.406631,0.312299,,1052,tous,1052,non teste,nominal,comportement
B2 argmax,jew,1052,0.294677,1.302059,0.020610,0.015829,,1052,tous,1052,non teste,nominal,comportement
B3 foret,jew,1052,0.296578,1.302059,0.000000,0.000000,,1052,tous,1052,non teste,nominal,comportement
humains vague 2,jew,1052,0.026616,1.302059,1.241310,0.953344,,1052,tous,1052,non teste,nominal,comportement
agents composite,relig16*,1052,0.193916,2.136690,1.886319,0.882823,,1052,tous,1052,non teste,nominal,comportement
agents entretien (v3),relig16*,1049,0.214945,2.136690,1.881244,0.880448,,1052,tous,1052,non teste,nominal,comportement
agents enquete,relig16*,1050,0.386732,2.136690,1.713346,0.801869,,1052,tous,1052,non teste,nominal,comportement
agents demographiques (v6),relig16*,1050,0.198532,2.136690,2.126183,0.995082,,1052,tous,1052,non teste,nominal,comportement
agents v7,relig16*,1052,0.379278,2.136690,1.560292,0.730238,,1052,tous,1052,non teste,nominal,comportement
agents v8,relig16*,1051,0.484591,2.136690,0.987417,0.462125,,1052,tous,1052,non teste,nominal,comportement
B0 mode,relig16*,1052,0.694867,2.136690,0.000000,0.000000,,1052,tous,1052,non teste,nominal,comportement
B0 tirage,relig16*,1052,0.027567,2.136690,2.131902,0.997759,,1052,tous,1052,non teste,nominal,comportement
B1 argmax,relig16*,1052,0.094106,2.136690,1.949071,0.912192,,1052,tous,1052,non teste,nominal,comportement
B2 argmax,relig16*,1052,0.274715,2.136690,1.618165,0.757323,,1052,tous,1052,non teste,nominal,comportement
B3 foret,relig16*,1052,0.231939,2.136690,1.682557,0.787460,,1052,tous,1052,non teste,nominal,comportement
humains vague 2,relig16*,1052,0.032319,2.136690,2.135673,0.999524,,1052,tous,1052,non teste,nominal,comportement
agents composite,jew16*,1052,0.212928,1.230268,0.374654,0.304530,,1052,tous,1052,non teste,nominal,comportement
agents entretien (v3),jew16*,1048,0.228093,1.230268,0.291835,0.237212,,1052,tous,1052,non teste,nominal,comportement
agents enquete,jew16*,1050,0.148074,1.230268,0.707571,0.575135,,1052,tous,1052,non teste,nominal,comportement
agents demographiques (v6),jew16*,1050,0.191883,1.230268,0.490086,0.398357,,1052,tous,1052,non teste,nominal,comportement
agents v7,jew16*,1052,0.250951,1.230268,0.097318,0.079103,,1052,tous,1052,non teste,nominal,comportement
agents v8,jew16*,1050,0.260454,1.230268,0.011619,0.009444,,1052,tous,1052,non teste,nominal,comportement
B0 mode,jew16*,1052,0.261407,1.230268,0.000000,0.000000,,1052,tous,1052,non teste,nominal,comportement
B0 tirage,jew16*,1052,0.013308,1.230268,1.200797,0.976045,,1052,tous,1052,non teste,nominal,comportement
B1 argmax,jew16*,1052,0.226236,1.230268,0.253962,0.206428,,1052,tous,1052,non teste,nominal,comportement
B2 argmax,jew16*,1052,0.260456,1.230268,0.011599,0.009428,,1052,tous,1052,non teste,nominal,comportement
B3 foret,jew16*,1052,0.261407,1.230268,0.000000,0.000000,,1052,tous,1052,non teste,nominal,comportement
humains vague 2,jew16*,1052,0.019011,1.230268,1.189384,0.966769,,1052,tous,1052,non teste,nominal,comportement
agents composite,attend,1052,0.045390,2.448898,2.134816,0.871746,0.033508,1052,tous,1052,sensible,ordinal 3 et plus,comportement
agents entretien (v3),attend,1051,0.046757,2.448898,1.730698,0.706726,0.001551,1052,tous,1052,sensible,ordinal 3 et plus,comportement
agents enquete,attend,1050,0.054982,2.448898,1.902266,0.776785,-0.024395,1052,tous,1052,sensible,ordinal 3 et plus,comportement
agents demographiques (v6),attend,1050,0.053100,2.448898,1.784210,0.728577,0.025248,1052,tous,1052,sensible,ordinal 3 et plus,comportement
agents v7,attend,1051,0.138554,2.448898,1.348333,0.550588,-0.138554,1052,tous,1052,sensible,ordinal 3 et plus,comportement
agents v8,attend,1052,0.042657,2.448898,1.923857,0.785601,-0.004634,1052,tous,1052,sensible,ordinal 3 et plus,comportement
B0 mode,attend,1052,0.254990,2.448898,0.000000,0.000000,-0.254990,1052,tous,1052,sensible,ordinal 3 et plus,comportement
B0 tirage,attend,1052,0.007605,2.448898,2.382543,0.972905,-0.007129,1052,tous,1052,sensible,ordinal 3 et plus,comportement
B1 argmax,attend,1052,0.147695,2.448898,1.246894,0.509165,-0.147695,1052,tous,1052,sensible,ordinal 3 et plus,comportement
B2 argmax,attend,1052,0.157557,2.448898,0.754602,0.308139,-0.157557,1052,tous,1052,sensible,ordinal 3 et plus,comportement
B3 foret,attend,1052,0.251545,2.448898,0.084675,0.034577,-0.251545,1052,tous,1052,sensible,ordinal 3 et plus,comportement
humains vague 2,attend,1052,0.009387,2.448898,2.497589,1.019883,0.009149,1052,tous,1052,sensible,ordinal 3 et plus,comportement
agents composite,pray,1052,0.129087,2.396857,2.271416,0.947665,-0.129087,1052,tous,1052,investiguer,ordinal 3 et plus,comportement
agents entretien (v3),pray,1051,0.133141,2.396857,2.142933,0.894060,-0.133141,1052,tous,1052,investiguer,ordinal 3 et plus,comportement
agents enquete,pray,1051,0.204501,2.396857,1.999128,0.834063,-0.204501,1052,tous,1052,investiguer,ordinal 3 et plus,comportement
agents demographiques (v6),pray,1050,0.177392,2.396857,1.831618,0.764175,-0.177392,1052,tous,1052,investiguer,ordinal 3 et plus,comportement
agents v7,pray,1051,0.338469,2.396857,1.417783,0.591518,-0.338469,1052,tous,1052,investiguer,ordinal 3 et plus,comportement
agents v8,pray,1052,0.235932,2.396857,1.831065,0.763944,-0.235932,1052,tous,1052,investiguer,ordinal 3 et plus,comportement
B0 mode,pray,1052,0.469011,2.396857,0.000000,0.000000,-0.469011,1052,tous,1052,investiguer,ordinal 3 et plus,comportement
B0 tirage,pray,1052,0.011597,2.396857,2.405293,1.003520,0.006654,1052,tous,1052,investiguer,ordinal 3 et plus,comportement
B1 argmax,pray,1052,0.090684,2.396857,1.849112,0.771474,-0.052662,1052,tous,1052,investiguer,ordinal 3 et plus,comportement
B2 argmax,pray,1052,0.199049,2.396857,1.228717,0.512637,-0.195247,1052,tous,1052,investiguer,ordinal 3 et plus,comportement
B3 foret,pray,1052,0.157414,2.396857,1.048475,0.437438,-0.108745,1052,tous,1052,investiguer,ordinal 3 et plus,comportement
humains vague 2,pray,1052,0.007414,2.396857,2.394306,0.998936,0.007414,1052,tous,1052,investiguer,ordinal 3 et plus,comportement
agents composite,postlife,1052,0.083650,0.885891,0.963444,1.087541,,1052,tous,1052,non teste,binaire,attitude
agents entretien (v3),postlife,1051,0.047862,0.885891,0.935728,1.056256,,1052,tous,1052,non teste,binaire,attitude
agents enquete,postlife,1051,0.130641,0.885891,0.988032,1.115297,,1052,tous,1052,non teste,binaire,attitude
agents demographiques (v6),postlife,1050,0.163435,0.885891,0.997479,1.125960,,1052,tous,1052,non teste,binaire,attitude
agents v7,postlife,1051,0.309518,0.885891,0.963688,1.087818,,1052,tous,1052,non teste,binaire,attitude
agents v8,postlife,1052,0.230038,0.885891,0.997490,1.125973,,1052,tous,1052,non teste,binaire,attitude
B0 mode,postlife,1052,0.303232,0.885891,0.000000,0.000000,,1052,tous,1052,non teste,binaire,attitude
B0 tirage,postlife,1052,0.018061,0.885891,0.906467,1.023226,,1052,tous,1052,non teste,binaire,attitude
B1 argmax,postlife,1052,0.161597,0.885891,0.589190,0.665082,,1052,tous,1052,non teste,binaire,attitude
B2 argmax,postlife,1052,0.041825,0.885891,0.829548,0.936399,,1052,tous,1052,non teste,binaire,attitude
B3 foret,postlife,1052,0.252852,0.885891,0.288696,0.325881,,1052,tous,1052,non teste,binaire,attitude
humains vague 2,postlife,1052,0.022814,0.885891,0.856706,0.967055,,1052,tous,1052,non teste,binaire,attitude
agents composite,bible,1047,0.117360,1.536541,1.224677,0.797035,,1052,tous,1052,non teste,ordinal 3 et plus,attitude
agents entretien (v3),bible,1037,0.107644,1.536541,1.227546,0.798902,,1052,tous,1052,non teste,ordinal 3 et plus,attitude
agents enquete,bible,1048,0.146279,1.536541,1.220318,0.794198,,1052,tous,1052,non teste,ordinal 3 et plus,attitude
agents demographiques (v6),bible,1045,0.174187,1.536541,1.040264,0.677017,,1052,tous,1052,non teste,ordinal 3 et plus,attitude
agents v7,bible,1051,0.187163,1.536541,0.816731,0.531539,,1052,tous,1052,non teste,ordinal 3 et plus,attitude
agents v8,bible,1050,0.096587,1.536541,1.318366,0.858009,,1052,tous,1052,non teste,ordinal 3 et plus,attitude
B0 mode,bible,1052,0.291825,1.536541,0.000000,0.000000,,1052,tous,1052,non teste,ordinal 3 et plus,attitude
B0 tirage,bible,1052,0.003802,1.536541,1.539353,1.001830,,1052,tous,1052,non teste,ordinal 3 et plus,attitude
B1 argmax,bible,1052,0.029943,1.536541,1.470995,0.957342,,1052,tous,1052,non teste,ordinal 3 et plus,attitude
B2 argmax,bible,1052,0.124049,1.536541,1.406146,0.915137,,1052,tous,1052,non teste,ordinal 3 et plus,attitude
B3 foret,bible,1052,0.065589,1.536541,1.342712,0.873853,,1052,tous,1052,non teste,ordinal 3 et plus,attitude
humains vague 2,bible,1052,0.009981,1.536541,1.522203,0.990668,,1052,tous,1052,non teste,ordinal 3 et plus,attitude
agents composite,reborn,1052,0.113118,1.570393,1.554813,0.990079,0.035292,1052,tous,1052,investiguer,nominal,comportement
agents entretien (v3),reborn,1049,0.076207,1.570393,1.551149,0.987746,-0.032877,1052,tous,1052,investiguer,nominal,comportement
agents enquete,reborn,1052,0.183460,1.570393,1.368658,0.871539,-0.241207,1052,tous,1052,investiguer,nominal,comportement
agents demographiques (v6),reborn,1048,0.227342,1.570393,1.360713,0.866479,-0.175042,1052,tous,1052,investiguer,nominal,comportement
agents v7,reborn,1052,0.255703,1.570393,1.266793,0.806673,-0.228245,1052,tous,1052,investiguer,nominal,comportement
agents v8,reborn,1050,0.177909,1.570393,1.402265,0.892939,-0.139992,1052,tous,1052,investiguer,nominal,comportement
B0 mode,reborn,1052,0.597909,1.570393,0.000000,0.000000,-0.414127,1052,tous,1052,investiguer,nominal,comportement
B0 tirage,reborn,1052,0.011407,1.570393,1.572892,1.001592,0.011900,1052,tous,1052,investiguer,nominal,comportement
B1 argmax,reborn,1052,0.070342,1.570393,1.526713,0.972186,-0.053767,1052,tous,1052,investiguer,nominal,comportement
B2 argmax,reborn,1052,0.113118,1.570393,1.490487,0.949117,-0.122393,1052,tous,1052,investiguer,nominal,comportement
B3 foret,reborn,1052,0.131179,1.570393,1.454764,0.926370,-0.148421,1052,tous,1052,investiguer,nominal,comportement
humains vague 2,reborn,1052,0.011407,1.570393,1.565586,0.996939,-0.008390,1052,tous,1052,investiguer,nominal,comportement
agents composite,savesoul,1052,0.012357,0.904404,0.917389,1.014357,0.012357,1052,tous,1052,investiguer,binaire,comportement
agents entretien (v3),savesoul,1051,0.115776,0.904404,0.729787,0.806926,-0.115776,1052,tous,1052,investiguer,binaire,comportement
agents enquete,savesoul,1052,0.199620,0.904404,0.529390,0.585347,-0.199620,1052,tous,1052,investiguer,binaire,comportement
agents demographiques (v6),savesoul,1050,0.196534,0.904404,0.538205,0.595094,-0.196534,1052,tous,1052,investiguer,binaire,comportement
agents v7,savesoul,1052,0.153992,0.904404,0.647757,0.716225,-0.153992,1052,tous,1052,investiguer,binaire,comportement
agents v8,savesoul,1051,0.088183,0.904404,0.780798,0.863329,-0.088183,1052,tous,1052,investiguer,binaire,comportement
B0 mode,savesoul,1052,0.319392,0.904404,0.000000,0.000000,-0.319392,1052,tous,1052,investiguer,binaire,comportement
B0 tirage,savesoul,1052,0.000951,0.904404,0.905439,1.001144,0.000951,1052,tous,1052,investiguer,binaire,comportement
B1 argmax,savesoul,1052,0.108365,0.904404,0.744126,0.822780,-0.108365,1052,tous,1052,investiguer,binaire,comportement
B2 argmax,savesoul,1052,0.155894,0.904404,0.643299,0.711295,-0.155894,1052,tous,1052,investiguer,binaire,comportement
B3 foret,savesoul,1052,0.211977,0.904404,0.492753,0.544837,-0.211977,1052,tous,1052,investiguer,binaire,comportement
humains vague 2,savesoul,1052,0.025665,0.904404,0.930262,1.028590,0.025665,1052,tous,1052,investiguer,binaire,comportement
agents composite,granborn,1052,0.182510,1.714725,1.044321,0.609031,,1052,tous,1052,non teste,ordinal 3 et plus,comportement
agents entretien (v3),granborn,1052,0.130941,1.714725,1.141008,0.665418,,1052,tous,1052,non teste,ordinal 3 et plus,comportement
agents enquete,granborn,1052,0.100048,1.714725,1.630219,0.950717,,1052,tous,1052,non teste,ordinal 3 et plus,comportement
agents demographiques (v6),granborn,1051,0.017343,1.714725,1.524918,0.889307,,1052,tous,1052,non teste,ordinal 3 et plus,comportement
agents v7,granborn,1052,0.063451,1.714725,1.512032,0.881792,,1052,tous,1052,non teste,ordinal 3 et plus,comportement
agents v8,granborn,1051,0.163110,1.714725,1.216531,0.709461,,1052,tous,1052,non teste,ordinal 3 et plus,comportement
B0 mode,granborn,1052,0.321293,1.714725,0.000000,0.000000,,1052,tous,1052,non teste,ordinal 3 et plus,comportement
B0 tirage,granborn,1052,0.011407,1.714725,1.706228,0.995045,,1052,tous,1052,non teste,ordinal 3 et plus,comportement
B1 argmax,granborn,1052,0.153517,1.714725,0.888769,0.518316,,1052,tous,1052,non teste,ordinal 3 et plus,comportement
B2 argmax,granborn,1052,0.291825,1.714725,0.192401,0.112205,,1052,tous,1052,non teste,ordinal 3 et plus,comportement
B3 foret,granborn,1052,0.250951,1.714725,0.367885,0.214545,,1052,tous,1052,non teste,ordinal 3 et plus,comportement
humains vague 2,granborn,1052,0.019962,1.714725,1.685132,0.982742,,1052,tous,1052,non teste,ordinal 3 et plus,comportement
agents composite,uscitzn*,1052,0.002852,0.044204,0.065143,1.473686,,1052,tous,1052,non teste,binaire,comportement
agents entretien (v3),uscitzn*,1052,0.000000,0.044204,0.044204,1.000000,,1052,tous,1052,non teste,binaire,comportement
agents enquete,uscitzn*,1052,0.307985,0.044204,0.896994,20.292147,,1052,tous,1052,non teste,binaire,comportement
agents demographiques (v6),uscitzn*,1051,0.003810,0.044204,0.071797,1.624215,,1052,tous,1052,non teste,binaire,comportement
agents v7,uscitzn*,1050,0.052390,0.044204,0.316684,7.164151,,1052,tous,1052,non teste,binaire,comportement
agents v8,uscitzn*,1051,0.008568,0.044204,0.102766,2.324803,,1052,tous,1052,non teste,binaire,comportement
B0 mode,uscitzn*,1052,0.004753,0.044204,0.000000,0.000000,,1052,tous,1052,non teste,binaire,comportement
B0 tirage,uscitzn*,1052,0.002852,0.044204,0.020610,0.466250,,1052,tous,1052,non teste,binaire,comportement
B1 argmax,uscitzn*,1052,0.004753,0.044204,0.000000,0.000000,,1052,tous,1052,non teste,binaire,comportement
B2 argmax,uscitzn*,1052,0.004753,0.044204,0.000000,0.000000,,1052,tous,1052,non teste,binaire,comportement
B3 foret,uscitzn*,1052,0.004753,0.044204,0.000000,0.000000,,1052,tous,1052,non teste,binaire,comportement
humains vague 2,uscitzn*,1052,0.002852,0.044204,0.065143,1.473686,,1052,tous,1052,non teste,binaire,comportement
agents composite,fucitzn,1052,0.003802,0.094488,0.065614,0.694410,,1052,tous,1052,non teste,nominal,comportement
agents entretien (v3),fucitzn,1052,0.004753,0.094488,0.049504,0.523922,,1052,tous,1052,non teste,nominal,comportement
agents enquete,fucitzn,1051,0.301627,0.094488,1.359080,14.383589,,1052,tous,1052,non teste,nominal,comportement
agents demographiques (v6),fucitzn,1051,0.000949,0.094488,0.086276,0.913082,,1052,tous,1052,non teste,nominal,comportement
agents v7,fucitzn,1047,0.043980,0.094488,0.380395,4.025850,,1052,tous,1052,non teste,nominal,comportement
agents v8,fucitzn,1051,0.008566,0.094488,0.113923,1.205681,,1052,tous,1052,non teste,nominal,comportement
B0 mode,fucitzn,1052,0.009506,0.094488,0.000000,0.000000,,1052,tous,1052,non teste,nominal,comportement
B0 tirage,fucitzn,1052,0.002852,0.094488,0.101491,1.074116,,1052,tous,1052,non teste,nominal,comportement
B1 argmax,fucitzn,1052,0.008555,0.094488,0.011599,0.122757,,1052,tous,1052,non teste,nominal,comportement
B2 argmax,fucitzn,1052,0.009506,0.094488,0.000000,0.000000,,1052,tous,1052,non teste,nominal,comportement
B3 foret,fucitzn,1052,0.009506,0.094488,0.000000,0.000000,,1052,tous,1052,non teste,nominal,comportement
humains vague 2,fucitzn,1052,0.004753,0.094488,0.136354,1.443083,,1052,tous,1052,non teste,nominal,comportement
agents composite,mnthsusa,1046,0.080410,0.131095,0.464818,3.545644,,1052,tous,1052,non teste,nominal,comportement
agents entretien (v3),mnthsusa,1049,0.200242,0.131095,0.776805,5.925491,,1052,tous,1052,non teste,nominal,comportement
agents enquete,mnthsusa,1047,0.061213,0.131095,0.400305,3.053542,,1052,tous,1052,non teste,nominal,comportement
agents demographiques (v6),mnthsusa,1050,0.000034,0.131095,0.131295,1.001522,,1052,tous,1052,non teste,nominal,comportement
agents v7,mnthsusa,1052,0.206274,0.131095,0.925040,7.056237,,1052,tous,1052,non teste,nominal,comportement
agents v8,mnthsusa,1048,0.003748,0.131095,0.108878,0.830525,,1052,tous,1052,non teste,nominal,comportement
B0 mode,mnthsusa,1052,0.018061,0.131095,0.000000,0.000000,,1052,tous,1052,non teste,nominal,comportement
B0 tirage,mnthsusa,1052,0.003802,0.131095,0.108543,0.827969,,1052,tous,1052,non teste,nominal,comportement
B1 argmax,mnthsusa,1052,0.018061,0.131095,0.000000,0.000000,,1052,tous,1052,non teste,nominal,comportement
B2 argmax,mnthsusa,1052,0.018061,0.131095,0.000000,0.000000,,1052,tous,1052,non teste,nominal,comportement
B3 foret,mnthsusa,1052,0.018061,0.131095,0.000000,0.000000,,1052,tous,1052,non teste,nominal,comportement
humains vague 2,mnthsusa,1052,0.008555,0.131095,0.201816,1.539456,,1052,tous,1052,non teste,nominal,comportement
agents composite,income,1046,0.071936,2.578602,2.187736,0.848419,0.071936,1052,tous,1052,non teste,ordinal 3 et plus,comportement
agents entretien (v3),income,986,0.066721,2.578602,2.137701,0.829015,0.066721,1052,tous,1052,non teste,ordinal 3 et plus,comportement
agents enquete,income,1034,0.081369,2.578602,2.308398,0.895213,0.066387,1052,tous,1052,non teste,ordinal 3 et plus,comportement
agents demographiques (v6),income,1046,0.000647,2.578602,2.584297,1.002209,-0.000287,1052,tous,1052,non teste,ordinal 3 et plus,comportement
agents v7,income,1038,0.159102,2.578602,1.307524,0.507067,0.159102,1052,tous,1052,non teste,ordinal 3 et plus,comportement
agents v8,income,1028,0.200370,2.578602,0.604514,0.234435,0.200370,1052,tous,1052,non teste,ordinal 3 et plus,comportement
B0 mode,income,1052,0.216730,2.578602,0.000000,0.000000,0.216730,1052,tous,1052,non teste,ordinal 3 et plus,comportement
B0 tirage,income,1052,0.016419,2.578602,2.614893,1.014074,-0.016419,1052,tous,1052,non teste,ordinal 3 et plus,comportement
B1 argmax,income,1052,0.117179,2.578602,1.295371,0.502354,0.116142,1052,tous,1052,non teste,ordinal 3 et plus,comportement
B2 argmax,income,1052,0.215693,2.578602,0.036727,0.014243,0.215693,1052,tous,1052,non teste,ordinal 3 et plus,comportement
B3 foret,income,1052,0.168337,2.578602,0.620246,0.240536,0.168337,1052,tous,1052,non teste,ordinal 3 et plus,comportement
humains vague 2,income,1052,0.007000,2.578602,2.530561,0.981369,0.005271,1052,tous,1052,non teste,ordinal 3 et plus,comportement
agents composite,othlang,1052,0.060837,0.778763,0.656561,0.843081,,1052,tous,1052,temoin,binaire,comportement
agents entretien (v3),othlang,1050,0.054800,0.778763,0.670235,0.860640,,1052,tous,1052,temoin,binaire,comportement
agents enquete,othlang,1052,0.002852,0.778763,0.783701,1.006340,,1052,tous,1052,temoin,binaire,comportement
agents demographiques (v6),othlang,1052,0.000000,0.778763,0.778763,1.000000,,1052,tous,1052,temoin,binaire,comportement
agents v7,othlang,1051,0.060162,0.778763,0.869666,1.116726,,1052,tous,1052,temoin,binaire,comportement
agents v8,othlang,1046,0.055086,0.778763,0.669599,0.859823,,1052,tous,1052,temoin,binaire,comportement
B0 mode,othlang,1052,0.230038,0.778763,0.000000,0.000000,,1052,tous,1052,temoin,binaire,comportement
B0 tirage,othlang,1052,0.009506,0.778763,0.794966,1.020806,,1052,tous,1052,temoin,binaire,comportement
B1 argmax,othlang,1052,0.138783,0.778763,0.441330,0.566706,,1052,tous,1052,temoin,binaire,comportement
B2 argmax,othlang,1052,0.230038,0.778763,0.000000,0.000000,,1052,tous,1052,temoin,binaire,comportement
B3 foret,othlang,1052,0.171103,0.778763,0.323890,0.415903,,1052,tous,1052,temoin,binaire,comportement
humains vague 2,othlang,1052,0.002852,0.778763,0.773760,0.993575,,1052,tous,1052,temoin,binaire,comportement
agents composite,health,1052,0.087769,1.593553,1.566520,0.983036,-0.087769,1052,tous,1052,temoin,ordinal 3 et plus,auto evaluation
agents entretien (v3),health,1051,0.091410,1.593553,1.635461,1.026299,-0.091410,1052,tous,1052,temoin,ordinal 3 et plus,auto evaluation
agents enquete,health,1052,0.087769,1.593553,0.849323,0.532974,0.000317,1052,tous,1052,temoin,ordinal 3 et plus,auto evaluation
agents demographiques (v6),health,1051,0.147321,1.593553,0.312602,0.196167,0.052897,1052,tous,1052,temoin,ordinal 3 et plus,auto evaluation
agents v7,health,1048,0.114824,1.593553,0.762604,0.478556,0.045846,1052,tous,1052,temoin,ordinal 3 et plus,auto evaluation
agents v8,health,1050,0.136827,1.593553,0.473303,0.297011,0.048752,1052,tous,1052,temoin,ordinal 3 et plus,auto evaluation
B0 mode,health,1052,0.166033,1.593553,0.000000,0.000000,0.071610,1052,tous,1052,temoin,ordinal 3 et plus,auto evaluation
B0 tirage,health,1052,0.007288,1.593553,1.615708,1.013902,-0.007288,1052,tous,1052,temoin,ordinal 3 et plus,auto evaluation
B1 argmax,health,1052,0.115336,1.593553,0.753247,0.472684,0.046261,1052,tous,1052,temoin,ordinal 3 et plus,auto evaluation
B2 argmax,health,1052,0.127376,1.593553,0.538343,0.337825,0.034854,1052,tous,1052,temoin,ordinal 3 et plus,auto evaluation
B3 foret,health,1052,0.158745,1.593553,0.152463,0.095675,0.064322,1052,tous,1052,temoin,ordinal 3 et plus,auto evaluation
humains vague 2,health,1052,0.020913,1.593553,1.564506,0.981772,-0.016477,1052,tous,1052,temoin,ordinal 3 et plus,auto evaluation
agents composite,compuse*,1052,0.019962,0.167837,0.044204,0.263375,,1052,tous,1052,temoin,binaire,comportement
agents entretien (v3),compuse*,1051,0.016152,0.167837,0.071797,0.427777,,1052,tous,1052,temoin,binaire,comportement
agents enquete,compuse*,1052,0.022814,0.167837,0.020610,0.122798,,1052,tous,1052,temoin,binaire,comportement
agents demographiques (v6),compuse*,1051,0.016152,0.167837,0.071797,0.427777,,1052,tous,1052,temoin,binaire,comportement
agents v7,compuse*,1049,0.021855,0.167837,0.028973,0.172626,,1052,tous,1052,temoin,binaire,comportement
agents v8,compuse*,1050,0.022810,0.167837,0.020644,0.123001,,1052,tous,1052,temoin,binaire,comportement
B0 mode,compuse*,1052,0.024715,0.167837,0.000000,0.000000,,1052,tous,1052,temoin,binaire,comportement
B0 tirage,compuse*,1052,0.002852,0.167837,0.152463,0.908400,,1052,tous,1052,temoin,binaire,comportement
B1 argmax,compuse*,1052,0.024715,0.167837,0.000000,0.000000,,1052,tous,1052,temoin,binaire,comportement
B2 argmax,compuse*,1052,0.024715,0.167837,0.000000,0.000000,,1052,tous,1052,temoin,binaire,comportement
B3 foret,compuse*,1052,0.024715,0.167837,0.000000,0.000000,,1052,tous,1052,temoin,binaire,comportement
humains vague 2,compuse*,1052,0.012357,0.167837,0.229389,1.366739,,1052,tous,1052,temoin,binaire,comportement
agents composite,webmob,1052,0.012357,0.136539,0.058372,0.427513,,1052,tous,1052,non teste,binaire,comportement
agents entretien (v3),webmob,1051,0.011400,0.136539,0.065194,0.477478,,1052,tous,1052,non teste,binaire,comportement
agents enquete,webmob,1052,0.006654,0.136539,0.172851,1.265943,,1052,tous,1052,non teste,binaire,comportement
agents demographiques (v6),webmob,1052,0.007605,0.136539,0.090667,0.664040,,1052,tous,1052,non teste,binaire,comportement
agents v7,webmob,1052,0.010456,0.136539,0.071740,0.525420,,1052,tous,1052,non teste,binaire,comportement
agents v8,webmob,1051,0.008545,0.136539,0.084555,0.619271,,1052,tous,1052,non teste,binaire,comportement
B0 mode,webmob,1052,0.019011,0.136539,0.000000,0.000000,,1052,tous,1052,non teste,binaire,comportement
B0 tirage,webmob,1052,0.005703,0.136539,0.102686,0.752066,,1052,tous,1052,non teste,binaire,comportement
B1 argmax,webmob,1052,0.019011,0.136539,0.000000,0.000000,,1052,tous,1052,non teste,binaire,comportement
B2 argmax,webmob,1052,0.019011,0.136539,0.000000,0.000000,,1052,tous,1052,non teste,binaire,comportement
B3 foret,webmob,1052,0.019011,0.136539,0.000000,0.000000,,1052,tous,1052,non teste,binaire,comportement
humains vague 2,webmob,1052,0.007605,0.136539,0.177812,1.302280,,1052,tous,1052,non teste,binaire,comportement
agents composite,xmovie,1052,0.173954,0.958889,0.734985,0.766497,0.173954,1052,tous,1052,non teste,binaire,comportement
agents entretien (v3),xmovie,1048,0.288625,0.958889,0.442486,0.461458,0.288625,1052,tous,1052,non teste,binaire,comportement
agents enquete,xmovie,1041,0.031876,0.958889,0.978285,1.020228,-0.031876,1052,tous,1052,non teste,binaire,comportement
agents demographiques (v6),xmovie,1051,0.321237,0.958889,0.324115,0.338011,0.321237,1052,tous,1052,non teste,binaire,comportement
agents v7,xmovie,1052,0.117871,0.958889,0.830969,0.866596,0.117871,1052,tous,1052,non teste,binaire,comportement
agents v8,xmovie,1052,0.037072,0.958889,0.928492,0.968301,0.037072,1052,tous,1052,non teste,binaire,comportement
B0 mode,xmovie,1052,0.380228,0.958889,0.000000,0.000000,0.380228,1052,tous,1052,non teste,binaire,comportement
B0 tirage,xmovie,1052,0.006654,0.958889,0.954063,0.994967,0.006654,1052,tous,1052,non teste,binaire,comportement
B1 argmax,xmovie,1052,0.069392,0.958889,0.894822,0.933187,0.069392,1052,tous,1052,non teste,binaire,comportement
B2 argmax,xmovie,1052,0.274715,0.958889,0.486918,0.507794,0.274715,1052,tous,1052,non teste,binaire,comportement
B3 foret,xmovie,1052,0.122624,0.958889,0.823796,0.859115,0.122624,1052,tous,1052,non teste,binaire,comportement
humains vague 2,xmovie,1052,0.025665,0.958889,0.974980,1.016781,-0.025665,1052,tous,1052,non teste,binaire,comportement
agents composite,usewww*,1052,0.009506,0.096730,0.028902,0.298792,,1052,tous,1052,non teste,binaire,comportement
agents entretien (v3),usewww*,1051,0.007600,0.096730,0.044240,0.457349,,1052,tous,1052,non teste,binaire,comportement
agents enquete,usewww*,1052,0.010456,0.096730,0.157645,1.629742,,1052,tous,1052,non teste,binaire,comportement
agents demographiques (v6),usewww*,1052,0.002852,0.096730,0.078184,0.808267,,1052,tous,1052,non teste,binaire,comportement
agents v7,usewww*,1052,0.001901,0.096730,0.084489,0.873446,,1052,tous,1052,non teste,binaire,comportement
agents v8,usewww*,1051,0.000012,0.096730,0.096805,1.000775,,1052,tous,1052,non teste,binaire,comportement
B0 mode,usewww*,1052,0.012357,0.096730,0.000000,0.000000,,1052,tous,1052,non teste,binaire,comportement
B0 tirage,usewww*,1052,0.000000,0.096730,0.096730,1.000000,,1052,tous,1052,non teste,binaire,comportement
B1 argmax,usewww*,1052,0.012357,0.096730,0.000000,0.000000,,1052,tous,1052,non teste,binaire,comportement
B2 argmax,usewww*,1052,0.012357,0.096730,0.000000,0.000000,,1052,tous,1052,non teste,binaire,comportement
B3 foret,usewww*,1052,0.012357,0.096730,0.000000,0.000000,,1052,tous,1052,non teste,binaire,comportement
humains vague 2,usewww*,1052,0.000000,0.096730,0.096730,1.000000,,1052,tous,1052,non teste,binaire,comportement
agents composite,life,1052,0.114068,1.255571,1.001284,0.797473,-0.114068,1052,tous,1052,temoin,ordinal 3 et plus,auto evaluation
agents entretien (v3),life,1047,0.119297,1.255571,0.810105,0.645209,-0.119297,1052,tous,1052,temoin,ordinal 3 et plus,auto evaluation
agents enquete,life,1048,0.092102,1.255571,1.304625,1.039069,-0.092102,1052,tous,1052,temoin,ordinal 3 et plus,auto evaluation
agents demographiques (v6),life,1049,0.197241,1.255571,0.023255,0.018522,-0.119297,1052,tous,1052,temoin,ordinal 3 et plus,auto evaluation
agents v7,life,1051,0.082416,1.255571,1.099579,0.875760,0.082416,1052,tous,1052,temoin,ordinal 3 et plus,auto evaluation
agents v8,life,1050,0.108194,1.255571,0.680764,0.542195,-0.029297,1052,tous,1052,temoin,ordinal 3 et plus,auto evaluation
B0 mode,life,1052,0.198194,1.255571,0.000000,0.000000,-0.119297,1052,tous,1052,temoin,ordinal 3 et plus,auto evaluation
B0 tirage,life,1052,0.014259,1.255571,1.281239,1.020443,0.013308,1052,tous,1052,temoin,ordinal 3 et plus,auto evaluation
B1 argmax,life,1052,0.114544,1.255571,0.701582,0.558775,-0.044202,1052,tous,1052,temoin,ordinal 3 et plus,auto evaluation
B2 argmax,life,1052,0.165875,1.255571,0.346276,0.275792,-0.086977,1052,tous,1052,temoin,ordinal 3 et plus,auto evaluation
B3 foret,life,1052,0.181559,1.255571,0.211220,0.168226,-0.102662,1052,tous,1052,temoin,ordinal 3 et plus,auto evaluation
humains vague 2,life,1052,0.019962,1.255571,1.248036,0.993998,-0.019962,1052,tous,1052,temoin,ordinal 3 et plus,auto evaluation
agents composite,richwork,1052,0.084601,0.967134,0.891519,0.921816,-0.084601,1052,tous,1052,temoin,binaire,attitude
agents entretien (v3),richwork,1017,0.146765,0.967134,0.805296,0.832663,-0.146765,1052,tous,1052,temoin,binaire,attitude
agents enquete,richwork,1052,0.017110,0.967134,0.955469,0.987939,-0.017110,1052,tous,1052,temoin,binaire,attitude
agents demographiques (v6),richwork,992,0.150650,0.967134,0.798971,0.826123,-0.150650,1052,tous,1052,temoin,binaire,attitude
agents v7,richwork,1052,0.070342,0.967134,0.996717,1.030588,0.070342,1052,tous,1052,temoin,binaire,attitude
agents v8,richwork,1052,0.184411,0.967134,0.983512,1.016935,0.184411,1052,tous,1052,temoin,binaire,attitude
B0 mode,richwork,1052,0.392586,0.967134,0.000000,0.000000,-0.392586,1052,tous,1052,temoin,binaire,attitude
B0 tirage,richwork,1052,0.001901,0.967134,0.968320,1.001226,0.001901,1052,tous,1052,temoin,binaire,attitude
B1 argmax,richwork,1052,0.114068,0.967134,0.854108,0.883134,-0.114068,1052,tous,1052,temoin,binaire,attitude
B2 argmax,richwork,1052,0.282319,0.967134,0.501404,0.518443,-0.282319,1052,tous,1052,temoin,binaire,attitude
B3 foret,richwork,1052,0.244297,0.967134,0.606228,0.626829,-0.244297,1052,tous,1052,temoin,binaire,attitude
humains vague 2,richwork,1052,0.029468,0.967134,0.983083,1.016492,0.029468,1052,tous,1052,temoin,binaire,attitude
