perimetre,condition,item,sd_pred,sd_humain,ratio,n
150,agents composite,natspac/y,0.346749,0.346991,0.999303,150
150,agents composite,natenvir/y,0.409192,0.330683,1.237416,150
150,agents composite,natheal/y,0.275064,0.287004,0.958396,150
150,agents composite,natcity/y,0.422309,0.335268,1.259613,150
150,agents composite,natdrug/y,0.327163,0.331359,0.987338,150
150,agents composite,nateduc/y,0.304037,0.299814,1.014087,150
150,agents composite,natrace/y,0.447979,0.361700,1.238535,149
150,agents composite,natarms/y,0.341467,0.383977,0.889289,150
150,agents composite,nataid/y,0.348872,0.298467,1.168877,150
150,agents composite,natfare/y,0.414246,0.303319,1.365711,150
150,agents composite,natroad,0.284597,0.293879,0.968417,150
150,agents composite,natsoc,0.310607,0.274269,1.132487,150
150,agents composite,natmass,0.370455,0.305359,1.213181,150
150,agents composite,natpark,0.319483,0.286243,1.116124,150
150,agents composite,natchld,0.368563,0.321211,1.147417,150
150,agents composite,natsci,0.376030,0.310589,1.210699,150
150,agents composite,natenrgy,0.365225,0.362396,1.007805,150
150,agents composite,courts,0.372803,0.388322,0.960035,150
150,agents composite,discaffw,0.209458,0.309185,0.677453,150
150,agents composite,discaffm,0.230250,0.303472,0.758719,150
150,agents composite,fehire,0.306442,0.300861,1.018550,150
150,agents composite,fechld,0.243596,0.258103,0.943794,150
150,agents composite,fepresch,0.266079,0.277806,0.957786,150
150,agents composite,fefam,0.277062,0.305920,0.905670,150
150,agents composite,mobile16,0.419398,0.402578,1.041780,150
150,agents composite,incom16,0.187710,0.209459,0.896164,150
150,agents composite,conarmy,0.283790,0.306529,0.925820,150
150,agents composite,conbus,0.229287,0.318062,0.720889,150
150,agents composite,conclerg,0.393516,0.347571,1.132189,150
150,agents composite,coneduc,0.163197,0.335469,0.486473,150
150,agents composite,confed,0.256896,0.341221,0.752873,150
150,agents composite,confinan,0.242655,0.313546,0.773906,150
150,agents composite,conjudge,0.236586,0.369790,0.639785,150
150,agents composite,conlabor,0.228408,0.324968,0.702862,150
150,agents composite,conlegis,0.221849,0.327693,0.677003,150
150,agents composite,conmedic,0.270140,0.321994,0.838959,150
150,agents composite,conpress,0.250815,0.327420,0.766036,150
150,agents composite,consci,0.271708,0.323933,0.838779,150
150,agents composite,contv,0.247606,0.299141,0.827723,150
150,agents composite,happy,0.232292,0.325982,0.712593,150
150,agents composite,class,0.241598,0.256596,0.941549,150
150,agents composite,satfin,0.383729,0.375851,1.020962,150
150,agents composite,finalter,0.308873,0.390391,0.791190,150
150,agents composite,finrela,0.248176,0.247448,1.002941,150
150,agents composite,wlthwhts,0.072456,0.140557,0.515487,150
150,agents composite,wlthblks,0.122134,0.122327,0.998420,148
150,agents composite,wlthhsps,0.118067,0.134225,0.879620,150
150,agents composite,letin1a,0.208656,0.308148,0.677130,150
150,agents composite,getahead,0.246429,0.302044,0.815871,150
150,agents composite,aged,0.304497,0.281336,1.082324,150
150,agents composite,parsol,0.276887,0.306186,0.904311,150
150,agents composite,spanking,0.253791,0.347778,0.729749,150
150,agents composite,divlaw,0.299608,0.334868,0.894706,150
150,agents composite,pillok,0.381976,0.326933,1.168362,150
150,agents composite,xmarsex,0.186401,0.292962,0.636263,150
150,agents composite,homosex,0.421407,0.408881,1.030635,150
150,agents composite,marhomo,0.397802,0.359922,1.105244,150
150,agents composite,discaff,0.315962,0.334517,0.944533,150
150,agents composite,pornlaw,0.134259,0.286454,0.468694,149
150,agents composite,fair,0.334868,0.386518,0.866371,150
150,agents composite,helpful,0.350152,0.393871,0.889002,150
150,agents composite,trust,0.348230,0.372368,0.935177,150
150,agents composite,tax,0.262517,0.277815,0.944933,150
150,agents composite,news,0.265993,0.386156,0.688823,150
150,agents composite,attend,0.365463,0.344354,1.061302,150
150,agents composite,pray,0.355925,0.405168,0.878463,150
150,agents composite,bible,0.283670,0.380011,0.746479,149
150,agents composite,granborn,0.335968,0.412216,0.815031,150
150,agents composite,income,0.239063,0.264362,0.904299,150
150,agents composite,health,0.254963,0.261632,0.974510,150
150,agents composite,life,0.223457,0.280400,0.796921,150
150,agents entretien (v3),natspac/y,0.175196,0.346991,0.504900,150
150,agents entretien (v3),natenvir/y,0.440205,0.330683,1.331201,150
150,agents entretien (v3),natheal/y,0.317798,0.287004,1.107294,150
150,agents entretien (v3),natcity/y,0.409083,0.335268,1.220166,150
150,agents entretien (v3),natdrug/y,0.394041,0.331359,1.189168,150
150,agents entretien (v3),nateduc/y,0.323985,0.299814,1.080623,150
150,agents entretien (v3),natrace/y,0.431233,0.360540,1.196077,150
150,agents entretien (v3),natarms/y,0.368275,0.383977,0.959106,150
150,agents entretien (v3),nataid/y,0.302044,0.298467,1.011982,150
150,agents entretien (v3),natfare/y,0.407220,0.303319,1.342547,150
150,agents entretien (v3),natroad,0.229287,0.293879,0.780211,150
150,agents entretien (v3),natsoc,0.269414,0.274269,0.982297,150
150,agents entretien (v3),natmass,0.413164,0.305359,1.353046,150
150,agents entretien (v3),natpark,0.314187,0.286243,1.097624,150
150,agents entretien (v3),natchld,0.393402,0.321211,1.224745,150
150,agents entretien (v3),natsci,0.402953,0.310589,1.297386,150
150,agents entretien (v3),natenrgy,0.440015,0.362396,1.214181,150
150,agents entretien (v3),courts,0.383321,0.388322,0.987121,150
150,agents entretien (v3),discaffw,0.230639,0.309185,0.745957,150
150,agents entretien (v3),discaffm,0.270737,0.303472,0.892131,150
150,agents entretien (v3),fehire,0.343671,0.300861,1.142291,150
150,agents entretien (v3),fechld,0.241010,0.258103,0.933777,150
150,agents entretien (v3),fepresch,0.281936,0.277806,1.014866,150
150,agents entretien (v3),fefam,0.332430,0.305920,1.086657,150
150,agents entretien (v3),mobile16,0.377277,0.402578,0.937151,150
150,agents entretien (v3),incom16,0.203610,0.209459,0.972075,150
150,agents entretien (v3),conarmy,0.306182,0.306529,0.998868,150
150,agents entretien (v3),conbus,0.249137,0.318062,0.783298,150
150,agents entretien (v3),conclerg,0.414016,0.347571,1.191171,150
150,agents entretien (v3),coneduc,0.189931,0.335469,0.566167,150
150,agents entretien (v3),confed,0.227451,0.341221,0.666579,150
150,agents entretien (v3),confinan,0.246429,0.313546,0.785941,150
150,agents entretien (v3),conjudge,0.323985,0.369790,0.876132,150
150,agents entretien (v3),conlabor,0.266387,0.324968,0.819733,150
150,agents entretien (v3),conlegis,0.183917,0.327693,0.561249,150
150,agents entretien (v3),conmedic,0.294411,0.321994,0.914337,150
150,agents entretien (v3),conpress,0.257418,0.327420,0.786202,150
150,agents entretien (v3),consci,0.293144,0.324145,0.904361,149
150,agents entretien (v3),contv,0.246046,0.299835,0.820605,149
150,agents entretien (v3),happy,0.256896,0.325982,0.788069,150
150,agents entretien (v3),class,0.220737,0.256596,0.860252,150
150,agents entretien (v3),satfin,0.362733,0.375178,0.966831,149
150,agents entretien (v3),finalter,0.350688,0.389674,0.899953,149
150,agents entretien (v3),finrela,0.260141,0.247448,1.051297,150
150,agents entretien (v3),wlthwhts,0.094175,0.140557,0.670013,150
150,agents entretien (v3),wlthblks,0.076645,0.122325,0.626563,146
150,agents entretien (v3),wlthhsps,0.134447,0.134353,1.000698,149
150,agents entretien (v3),letin1a,0.298397,0.308148,0.968356,150
150,agents entretien (v3),getahead,0.253490,0.302583,0.837754,149
150,agents entretien (v3),aged,0.252684,0.280415,0.901108,149
150,agents entretien (v3),parsol,0.275414,0.306186,0.899499,150
150,agents entretien (v3),spanking,0.277197,0.347778,0.797052,150
150,agents entretien (v3),divlaw,0.329208,0.334868,0.983099,150
150,agents entretien (v3),pillok,0.388397,0.326933,1.188002,150
150,agents entretien (v3),xmarsex,0.206482,0.292962,0.704809,150
150,agents entretien (v3),homosex,0.458399,0.406281,1.128280,149
150,agents entretien (v3),marhomo,0.427403,0.359922,1.187486,150
150,agents entretien (v3),discaff,0.408741,0.334517,1.221885,150
150,agents entretien (v3),pornlaw,0.150534,0.285151,0.527910,148
150,agents entretien (v3),fair,0.246507,0.385256,0.639852,149
150,agents entretien (v3),helpful,0.367728,0.393871,0.933625,150
150,agents entretien (v3),trust,0.272449,0.372368,0.731665,150
150,agents entretien (v3),tax,0.296908,0.277815,1.068725,150
150,agents entretien (v3),news,0.283711,0.386156,0.734707,150
150,agents entretien (v3),attend,0.367777,0.344354,1.068022,150
150,agents entretien (v3),pray,0.351332,0.405168,0.867128,150
150,agents entretien (v3),bible,0.302969,0.380759,0.795698,147
150,agents entretien (v3),granborn,0.382653,0.412216,0.928284,150
150,agents entretien (v3),income,0.238154,0.263973,0.902191,143
150,agents entretien (v3),health,0.266779,0.261632,1.019670,150
150,agents entretien (v3),life,0.201347,0.276506,0.728182,149
150,agents enquete,natspac/y,0.345974,0.346991,0.997069,150
150,agents enquete,natenvir/y,0.336268,0.330683,1.016889,150
150,agents enquete,natheal/y,0.293479,0.287004,1.022559,150
150,agents enquete,natcity/y,0.376253,0.335268,1.122243,150
150,agents enquete,natdrug/y,0.298467,0.331359,0.900738,150
150,agents enquete,nateduc/y,0.271379,0.299814,0.905159,150
150,agents enquete,natrace/y,0.411319,0.360540,1.140843,150
150,agents enquete,natarms/y,0.321994,0.383977,0.838576,150
150,agents enquete,nataid/y,0.431116,0.298467,1.444434,150
150,agents enquete,natfare/y,0.391764,0.303319,1.291591,150
150,agents enquete,natroad,0.250838,0.293879,0.853541,150
150,agents enquete,natsoc,0.318009,0.274269,1.159477,150
150,agents enquete,natmass,0.283179,0.305359,0.927364,150
150,agents enquete,natpark,0.306529,0.286243,1.070868,150
150,agents enquete,natchld,0.307276,0.321211,0.956615,150
150,agents enquete,natsci,0.325312,0.310589,1.047404,150
150,agents enquete,natenrgy,0.301673,0.362396,0.832440,150
150,agents enquete,courts,0.441119,0.388322,1.135962,150
150,agents enquete,discaffw,0.153005,0.309185,0.494864,150
150,agents enquete,discaffm,0.252416,0.303472,0.831758,150
150,agents enquete,fehire,0.317769,0.301823,1.052832,149
150,agents enquete,fechld,0.282241,0.258947,1.089957,149
150,agents enquete,fepresch,0.268425,0.277815,0.966200,149
150,agents enquete,fefam,0.368620,0.305953,1.204828,149
150,agents enquete,mobile16,0.340519,0.403902,0.843073,149
150,agents enquete,incom16,0.199423,0.210122,0.949082,149
150,agents enquete,conarmy,0.267225,0.306529,0.871780,150
150,agents enquete,conbus,0.232220,0.318062,0.730110,150
150,agents enquete,conclerg,0.377277,0.347571,1.085468,150
150,agents enquete,coneduc,0.122474,0.335469,0.365085,150
150,agents enquete,confed,0.293955,0.341221,0.861479,150
150,agents enquete,confinan,0.276524,0.313546,0.881924,150
150,agents enquete,conjudge,0.158608,0.369790,0.428914,150
150,agents enquete,conlabor,0.238118,0.324968,0.732744,150
150,agents enquete,conlegis,0.229896,0.327693,0.701561,150
150,agents enquete,conmedic,0.249474,0.321994,0.774778,150
150,agents enquete,conpress,0.250279,0.327420,0.764400,150
150,agents enquete,consci,0.254784,0.324564,0.785003,149
150,agents enquete,contv,0.257043,0.299835,0.857281,149
150,agents enquete,happy,0.229385,0.325982,0.703675,150
150,agents enquete,class,0.209209,0.256596,0.815324,150
150,agents enquete,satfin,0.291921,0.378375,0.771513,148
150,agents enquete,finalter,0.322688,0.390391,0.826577,150
150,agents enquete,finrela,0.199138,0.247448,0.804769,150
150,agents enquete,wlthwhts,0.085313,0.140745,0.606149,149
150,agents enquete,wlthblks,0.075532,0.121836,0.619949,146
150,agents enquete,wlthhsps,0.116226,0.134225,0.865906,150
150,agents enquete,letin1a,0.288307,0.308148,0.935611,150
150,agents enquete,getahead,0.233062,0.302044,0.771615,150
150,agents enquete,aged,0.253477,0.281336,0.900976,150
150,agents enquete,parsol,0.256575,0.306186,0.837969,150
150,agents enquete,spanking,0.277672,0.347778,0.798417,150
150,agents enquete,divlaw,0.347313,0.334868,1.037165,150
150,agents enquete,pillok,0.391534,0.326933,1.197594,150
150,agents enquete,xmarsex,0.249175,0.292962,0.850537,150
150,agents enquete,homosex,0.462187,0.408881,1.130370,150
150,agents enquete,marhomo,0.429400,0.359922,1.193036,150
150,agents enquete,discaff,0.404795,0.334517,1.210089,150
150,agents enquete,pornlaw,0.203877,0.285539,0.714009,150
150,agents enquete,fair,0.344159,0.386518,0.890408,150
150,agents enquete,helpful,0.421473,0.393871,1.070080,150
150,agents enquete,trust,0.417674,0.372368,1.121672,150
150,agents enquete,tax,0.275795,0.277815,0.992727,150
150,agents enquete,news,0.229287,0.386156,0.593769,150
150,agents enquete,attend,0.282586,0.344354,0.820626,150
150,agents enquete,pray,0.302417,0.405168,0.746399,150
150,agents enquete,bible,0.307636,0.380011,0.809544,149
150,agents enquete,granborn,0.457586,0.412216,1.110064,150
150,agents enquete,income,0.182682,0.265861,0.687136,147
150,agents enquete,health,0.145254,0.261632,0.555183,150
150,agents enquete,life,0.316360,0.281194,1.125061,147
150,agents demographiques (v6),natspac/y,0.345780,0.346991,0.996510,150
150,agents demographiques (v6),natenvir/y,0.327693,0.330683,0.990957,150
150,agents demographiques (v6),natheal/y,0.163025,0.287004,0.568024,150
150,agents demographiques (v6),natcity/y,0.389114,0.335268,1.160603,150
150,agents demographiques (v6),natdrug/y,0.125532,0.331784,0.378354,149
150,agents demographiques (v6),nateduc/y,0.081089,0.300402,0.269934,149
150,agents demographiques (v6),natrace/y,0.263791,0.360067,0.732616,149
150,agents demographiques (v6),natarms/y,0.234631,0.385138,0.609213,149
150,agents demographiques (v6),nataid/y,0.099439,0.298467,0.333166,150
150,agents demographiques (v6),natfare/y,0.259064,0.303319,0.854098,150
150,agents demographiques (v6),natroad,0.253477,0.293879,0.862523,150
150,agents demographiques (v6),natsoc,0.252504,0.274269,0.920643,150
150,agents demographiques (v6),natmass,0.183460,0.305359,0.600803,150
150,agents demographiques (v6),natpark,0.270140,0.286243,0.943742,150
150,agents demographiques (v6),natchld,0.221243,0.321211,0.688778,150
150,agents demographiques (v6),natsci,0.265377,0.310589,0.854433,150
150,agents demographiques (v6),natenrgy,0.242655,0.362396,0.669585,150
150,agents demographiques (v6),courts,0.309362,0.388322,0.796662,150
150,agents demographiques (v6),discaffw,0.096393,0.309185,0.311764,150
150,agents demographiques (v6),discaffm,0.113691,0.303472,0.374634,150
150,agents demographiques (v6),fehire,0.197609,0.300861,0.656811,150
150,agents demographiques (v6),fechld,0.185532,0.258103,0.718830,150
150,agents demographiques (v6),fepresch,0.182083,0.277806,0.655433,150
150,agents demographiques (v6),fefam,0.270296,0.305920,0.883552,150
150,agents demographiques (v6),mobile16,0.246461,0.403902,0.610198,149
150,agents demographiques (v6),incom16,0.151659,0.209459,0.724053,150
150,agents demographiques (v6),conarmy,0.159031,0.306529,0.518813,150
150,agents demographiques (v6),conbus,0.166857,0.318062,0.524605,150
150,agents demographiques (v6),conclerg,0.339841,0.347571,0.977762,150
150,agents demographiques (v6),coneduc,0.040962,0.333454,0.122840,149
150,agents demographiques (v6),confed,0.212683,0.340752,0.624157,149
150,agents demographiques (v6),confinan,0.214752,0.314560,0.682705,149
150,agents demographiques (v6),conjudge,0.098626,0.368254,0.267819,149
150,agents demographiques (v6),conlabor,0.090053,0.324968,0.277115,150
150,agents demographiques (v6),conlegis,0.220052,0.327693,0.671519,150
150,agents demographiques (v6),conmedic,0.070235,0.321994,0.218124,150
150,agents demographiques (v6),conpress,0.212185,0.327420,0.648052,150
150,agents demographiques (v6),consci,0.244309,0.323933,0.754194,150
150,agents demographiques (v6),contv,0.177479,0.299141,0.593296,150
150,agents demographiques (v6),happy,0.070235,0.325982,0.215455,150
150,agents demographiques (v6),class,0.241509,0.256582,0.941256,149
150,agents demographiques (v6),satfin,0.195732,0.375851,0.520770,150
150,agents demographiques (v6),finalter,0.234139,0.390391,0.599755,150
150,agents demographiques (v6),finrela,0.227018,0.246725,0.920127,149
150,agents demographiques (v6),wlthwhts,0.071178,0.140745,0.505722,149
150,agents demographiques (v6),wlthblks,0.038540,0.122695,0.314112,146
150,agents demographiques (v6),wlthhsps,0.124038,0.134353,0.923221,149
150,agents demographiques (v6),letin1a,0.126745,0.309070,0.410085,149
150,agents demographiques (v6),getahead,0.125532,0.302095,0.415537,149
150,agents demographiques (v6),aged,0.184419,0.282148,0.653627,149
150,agents demographiques (v6),parsol,0.202722,0.306186,0.662087,150
150,agents demographiques (v6),spanking,0.182846,0.347778,0.525756,150
150,agents demographiques (v6),divlaw,0.242004,0.335927,0.720408,149
150,agents demographiques (v6),pillok,0.218280,0.326933,0.667658,150
150,agents demographiques (v6),xmarsex,0.165597,0.292962,0.565251,150
150,agents demographiques (v6),homosex,0.458380,0.408881,1.121059,150
150,agents demographiques (v6),marhomo,0.383748,0.359922,1.066195,150
150,agents demographiques (v6),discaff,0.287880,0.334517,0.860583,150
150,agents demographiques (v6),pornlaw,0.191427,0.285539,0.670406,150
150,agents demographiques (v6),fair,0.174075,0.386518,0.450367,150
150,agents demographiques (v6),helpful,0.357095,0.393871,0.906630,150
150,agents demographiques (v6),trust,0.343101,0.372368,0.921403,150
150,agents demographiques (v6),tax,0.226860,0.277815,0.816585,150
150,agents demographiques (v6),news,0.224505,0.386156,0.581386,150
150,agents demographiques (v6),attend,0.332867,0.344354,0.966643,150
150,agents demographiques (v6),pray,0.315324,0.405168,0.778254,150
150,agents demographiques (v6),bible,0.250279,0.378756,0.660793,150
150,agents demographiques (v6),granborn,0.431643,0.409823,1.053240,149
150,agents demographiques (v6),income,0.265116,0.265116,1.000000,148
150,agents demographiques (v6),health,0.070770,0.262407,0.269695,149
150,agents demographiques (v6),life,0.040825,0.280400,0.145595,150
150,agents v7,natspac/y,0.398487,0.346991,1.148408,150
150,agents v7,natenvir/y,0.233852,0.330683,0.707179,150
150,agents v7,natheal/y,0.200921,0.287004,0.700062,150
150,agents v7,natcity/y,0.380215,0.335268,1.134063,150
150,agents v7,natdrug/y,0.214153,0.331359,0.646286,150
150,agents v7,nateduc/y,0.188037,0.299814,0.627180,150
150,agents v7,natrace/y,0.229507,0.360540,0.636565,150
150,agents v7,natarms/y,0.233062,0.383977,0.606967,150
150,agents v7,nataid/y,0.429345,0.298357,1.439031,149
150,agents v7,natfare/y,0.291126,0.296795,0.980899,149
150,agents v7,natroad,0.265846,0.294186,0.903665,149
150,agents v7,natsoc,0.280697,0.273952,1.024621,149
150,agents v7,natmass,0.260978,0.305359,0.854661,150
150,agents v7,natpark,0.252083,0.286243,0.880661,150
150,agents v7,natchld,0.263431,0.321211,0.820118,150
150,agents v7,natsci,0.280799,0.310589,0.904085,150
150,agents v7,natenrgy,0.253742,0.362396,0.700177,150
150,agents v7,courts,0.321159,0.388322,0.827043,150
150,agents v7,discaffw,0.080423,0.309185,0.260112,150
150,agents v7,discaffm,0.116477,0.303472,0.383816,150
150,agents v7,fehire,0.193259,0.300861,0.642353,150
150,agents v7,fechld,0.210216,0.258103,0.814468,150
150,agents v7,fepresch,0.198039,0.277806,0.712868,150
150,agents v7,fefam,0.235343,0.305920,0.769298,150
150,agents v7,mobile16,0.376253,0.402578,0.934607,150
150,agents v7,incom16,0.098308,0.209459,0.469342,150
150,agents v7,conarmy,0.184069,0.306529,0.600496,150
150,agents v7,conbus,0.154862,0.318062,0.486891,150
150,agents v7,conclerg,0.232773,0.347571,0.669715,150
150,agents v7,coneduc,0.115664,0.335469,0.344782,150
150,agents v7,confed,0.231327,0.341221,0.677940,150
150,agents v7,confinan,0.198118,0.313546,0.631862,150
150,agents v7,conjudge,0.161266,0.369790,0.436101,150
150,agents v7,conlabor,0.141895,0.324968,0.436644,150
150,agents v7,conlegis,0.228408,0.327693,0.697017,150
150,agents v7,conmedic,0.192389,0.321994,0.597492,150
150,agents v7,conpress,0.203135,0.327420,0.620413,150
150,agents v7,consci,0.262836,0.323933,0.811389,150
150,agents v7,contv,0.220052,0.299141,0.735612,150
150,agents v7,happy,0.210039,0.325982,0.644327,150
150,agents v7,class,0.149571,0.256596,0.582904,150
150,agents v7,satfin,0.191573,0.375851,0.509705,150
150,agents v7,finalter,0.235568,0.390391,0.603415,150
150,agents v7,finrela,0.133790,0.247448,0.540682,150
150,agents v7,wlthwhts,0.080855,0.140745,0.574480,149
150,agents v7,wlthblks,0.050634,0.122327,0.413922,148
150,agents v7,wlthhsps,0.120389,0.134606,0.894381,149
150,agents v7,letin1a,0.193874,0.309070,0.627283,149
150,agents v7,getahead,0.167879,0.302583,0.554820,149
150,agents v7,aged,0.243592,0.280415,0.868685,149
150,agents v7,parsol,0.158804,0.304711,0.521164,149
150,agents v7,spanking,0.229551,0.348772,0.658169,149
150,agents v7,divlaw,0.267249,0.334235,0.799584,149
150,agents v7,pillok,0.210163,0.328016,0.640709,149
150,agents v7,xmarsex,0.208399,0.292962,0.711354,150
150,agents v7,homosex,0.367834,0.408881,0.899612,150
150,agents v7,marhomo,0.306989,0.359922,0.852931,150
150,agents v7,discaff,0.259840,0.334517,0.776762,150
150,agents v7,pornlaw,0.107076,0.285539,0.374997,150
150,agents v7,fair,0.288404,0.386518,0.746159,150
150,agents v7,helpful,0.330683,0.393871,0.839572,150
150,agents v7,trust,0.323156,0.372368,0.867840,150
150,agents v7,tax,0.225748,0.277815,0.812582,150
150,agents v7,news,0.226989,0.386156,0.587817,150
150,agents v7,attend,0.210217,0.345298,0.608797,149
150,agents v7,pray,0.223018,0.405969,0.549348,149
150,agents v7,bible,0.211947,0.378756,0.559588,150
150,agents v7,granborn,0.361086,0.412216,0.875964,150
150,agents v7,income,0.114025,0.262432,0.434493,147
150,agents v7,health,0.121213,0.260170,0.465898,149
150,agents v7,life,0.268894,0.280400,0.958968,150
150,agents v8,natspac/y,0.360353,0.346991,1.038510,150
150,agents v8,natenvir/y,0.418277,0.330683,1.264887,150
150,agents v8,natheal/y,0.385068,0.287004,1.341681,150
150,agents v8,natcity/y,0.415257,0.335268,1.238581,150
150,agents v8,natdrug/y,0.405444,0.331359,1.223580,150
150,agents v8,nateduc/y,0.394368,0.299814,1.315376,150
150,agents v8,natrace/y,0.421513,0.360540,1.169118,150
150,agents v8,natarms/y,0.403134,0.383977,1.049890,150
150,agents v8,nataid/y,0.409288,0.298467,1.371299,150
150,agents v8,natfare/y,0.437350,0.303319,1.441883,150
150,agents v8,natroad,0.248598,0.293879,0.845920,150
150,agents v8,natsoc,0.332117,0.274269,1.210917,150
150,agents v8,natmass,0.442448,0.305359,1.448947,150
150,agents v8,natpark,0.400280,0.286243,1.398390,150
150,agents v8,natchld,0.427010,0.321211,1.329375,150
150,agents v8,natsci,0.413273,0.310589,1.330610,150
150,agents v8,natenrgy,0.426158,0.362396,1.175945,150
150,agents v8,courts,0.410557,0.388322,1.057258,150
150,agents v8,discaffw,0.263855,0.309185,0.853390,150
150,agents v8,discaffm,0.312066,0.303472,1.028317,150
150,agents v8,fehire,0.356248,0.300861,1.184096,150
150,agents v8,fechld,0.286788,0.258103,1.111138,150
150,agents v8,fepresch,0.287627,0.277806,1.035352,150
150,agents v8,fefam,0.365427,0.305920,1.194520,150
150,agents v8,mobile16,0.292046,0.402578,0.725439,150
150,agents v8,incom16,0.107389,0.209459,0.512698,150
150,agents v8,conarmy,0.294639,0.306529,0.961212,150
150,agents v8,conbus,0.257092,0.318062,0.808308,150
150,agents v8,conclerg,0.357471,0.347571,1.028483,150
150,agents v8,coneduc,0.186963,0.335469,0.557320,150
150,agents v8,confed,0.266387,0.341221,0.780687,150
150,agents v8,confinan,0.229287,0.313546,0.731272,150
150,agents v8,conjudge,0.348037,0.369790,0.941174,150
150,agents v8,conlabor,0.315962,0.324968,0.972288,150
150,agents v8,conlegis,0.228408,0.327693,0.697017,150
150,agents v8,conmedic,0.130778,0.321994,0.406151,150
150,agents v8,conpress,0.239803,0.327420,0.732403,150
150,agents v8,consci,0.318273,0.323933,0.982525,150
150,agents v8,contv,0.247041,0.299141,0.825833,150
150,agents v8,happy,0.057541,0.325982,0.176516,150
150,agents v8,class,0.038361,0.256596,0.149498,150
150,agents v8,satfin,0.154862,0.375851,0.412029,150
150,agents v8,finalter,0.166857,0.390391,0.427410,150
150,agents v8,finrela,0.090379,0.247448,0.365244,150
150,agents v8,wlthwhts,0.087959,0.140557,0.625786,150
150,agents v8,wlthblks,0.055312,0.121303,0.455983,144
150,agents v8,wlthhsps,0.123862,0.134225,0.922792,150
150,agents v8,letin1a,0.334422,0.309070,1.082026,149
150,agents v8,getahead,0.275307,0.302044,0.911482,150
150,agents v8,aged,0.160397,0.281336,0.570125,150
150,agents v8,parsol,0.107402,0.306186,0.350774,150
150,agents v8,spanking,0.322154,0.347778,0.926321,150
150,agents v8,divlaw,0.361763,0.334868,1.080316,150
150,agents v8,pillok,0.363791,0.326933,1.112738,150
150,agents v8,xmarsex,0.301986,0.292962,1.030805,150
150,agents v8,homosex,0.417186,0.408881,1.020312,150
150,agents v8,marhomo,0.376921,0.359922,1.047228,150
150,agents v8,discaff,0.396235,0.334517,1.184499,150
150,agents v8,pornlaw,0.168591,0.285539,0.590430,150
150,agents v8,fair,0.259064,0.386518,0.670251,150
150,agents v8,helpful,0.362828,0.393871,0.921186,150
150,agents v8,trust,0.323034,0.372368,0.867515,150
150,agents v8,tax,0.286321,0.277815,1.030618,150
150,agents v8,news,0.201706,0.386156,0.522342,150
150,agents v8,attend,0.292524,0.344354,0.849488,150
150,agents v8,pray,0.276261,0.405168,0.681844,150
150,agents v8,bible,0.288171,0.378756,0.760835,150
150,agents v8,granborn,0.323091,0.412216,0.783791,150
150,agents v8,income,0.065353,0.265150,0.246476,143
150,agents v8,health,0.095356,0.261632,0.364465,150
150,agents v8,life,0.205517,0.280400,0.732941,150
150,C2,natspac/y,0.370682,0.346991,1.068275,150
150,C2,natenvir/y,0.334266,0.330683,1.010835,150
150,C2,natheal/y,0.274269,0.287004,0.955629,150
150,C2,natcity/y,0.259948,0.335268,0.775341,150
150,C2,natdrug/y,0.354596,0.331359,1.070127,150
150,C2,nateduc/y,0.292046,0.299814,0.974092,150
150,C2,natrace/y,0.288404,0.360540,0.799923,150
150,C2,natarms/y,0.250748,0.383977,0.653029,150
150,C2,nataid/y,0.268082,0.298467,0.898196,150
150,C2,natfare/y,0.292046,0.303319,0.962835,150
150,C2,natroad,0.277331,0.293879,0.943694,150
150,C2,natsoc,0.278238,0.274269,1.014468,150
150,C2,natmass,0.294791,0.305359,0.965392,150
150,C2,natpark,0.157014,0.286243,0.548532,150
150,C2,natchld,0.256918,0.321211,0.799840,150
150,C2,natsci,0.236988,0.310589,0.763028,150
150,C2,natenrgy,0.339446,0.362396,0.936671,150
150,C2,courts,0.249025,0.388322,0.641284,150
150,C2,discaffw,0.106021,0.309185,0.342904,150
150,C2,discaffm,0.094096,0.303472,0.310065,150
150,C2,fehire,0.328187,0.300861,1.090827,150
150,C2,fechld,0.151634,0.258103,0.587494,150
150,C2,fepresch,0.266713,0.277806,0.960070,150
150,C2,fefam,0.334628,0.305920,1.093844,150
150,C2,mobile16,0.432670,0.402578,1.074748,150
150,C2,incom16,0.208032,0.209459,0.993189,150
150,C2,conarmy,0.253477,0.306529,0.826928,150
150,C2,conbus,0.223882,0.318062,0.703894,150
150,C2,conclerg,0.305871,0.347571,0.880025,150
150,C2,coneduc,0.090053,0.335469,0.268441,150
150,C2,confed,0.180107,0.341221,0.527831,150
150,C2,confinan,0.216980,0.313546,0.692022,150
150,C2,conjudge,0.137897,0.369790,0.372907,150
150,C2,conlabor,0.329208,0.324968,1.013049,150
150,C2,conlegis,0.232701,0.327693,0.710120,150
150,C2,conmedic,0.192737,0.321994,0.598574,150
150,C2,conpress,0.200670,0.327420,0.612883,150
150,C2,consci,0.223582,0.323933,0.690209,150
150,C2,contv,0.236492,0.299141,0.790569,150
150,C2,happy,0.203135,0.325982,0.623150,150
150,C2,class,0.152467,0.256596,0.594193,150
150,C2,satfin,0.263367,0.375851,0.700723,150
150,C2,finalter,0.349000,0.390391,0.893976,150
150,C2,finrela,0.244263,0.247448,0.987129,150
150,C2,wlthwhts,0.122246,0.140557,0.869722,150
150,C2,wlthblks,0.170537,0.121614,1.402279,150
150,C2,wlthhsps,0.145937,0.134225,1.087253,150
150,C2,letin1a,0.230528,0.308148,0.748108,150
150,C2,getahead,0.235283,0.302044,0.778969,150
150,C2,aged,0.178892,0.281336,0.635865,150
150,C2,parsol,0.230042,0.306186,0.751315,150
150,C2,spanking,0.371599,0.347778,1.068496,150
150,C2,divlaw,0.384254,0.334868,1.147479,150
150,C2,pillok,0.321884,0.326933,0.984555,150
150,C2,xmarsex,0.320087,0.292962,1.092591,150
150,C2,homosex,0.291874,0.408881,0.713835,150
150,C2,marhomo,0.310431,0.359922,0.862494,150
150,C2,discaff,0.238400,0.334517,0.712669,150
150,C2,pornlaw,0.057541,0.285539,0.201517,150
150,C2,fair,0.000000,0.386518,0.000000,150
150,C2,helpful,0.417473,0.393871,1.059925,150
150,C2,trust,0.218189,0.372368,0.585949,150
150,C2,tax,0.241754,0.277815,0.870199,150
150,C2,news,0.104218,0.386156,0.269885,150
150,C2,attend,0.229136,0.344354,0.665410,150
150,C2,pray,0.201098,0.405168,0.496332,150
150,C2,bible,0.189902,0.378756,0.501382,150
150,C2,granborn,0.139801,0.412216,0.339144,150
150,C2,income,0.276724,0.264362,1.046761,150
150,C2,health,0.102079,0.261632,0.390162,150
150,C2,life,0.207817,0.280400,0.741145,150
150,C3,natspac/y,0.000000,0.346991,0.000000,150
150,C3,natenvir/y,0.139350,0.330683,0.421400,150
150,C3,natheal/y,0.239336,0.287004,0.833913,150
150,C3,natcity/y,0.292123,0.335268,0.871309,150
150,C3,natdrug/y,0.203548,0.331359,0.614283,150
150,C3,nateduc/y,0.256111,0.299814,0.854234,150
150,C3,natrace/y,0.253742,0.360540,0.703783,150
150,C3,natarms/y,0.360214,0.383977,0.938112,150
150,C3,nataid/y,0.250481,0.298467,0.839222,150
150,C3,natfare/y,0.236988,0.303319,0.781317,150
150,C3,natroad,0.259840,0.293879,0.884174,150
150,C3,natsoc,0.341090,0.274269,1.243631,150
150,C3,natmass,0.182605,0.305359,0.598001,150
150,C3,natpark,0.136101,0.286243,0.475474,150
150,C3,natchld,0.126738,0.321211,0.394564,150
150,C3,natsci,0.090053,0.310589,0.289944,150
150,C3,natenrgy,0.000000,0.362396,0.000000,150
150,C3,courts,0.250838,0.388322,0.645952,150
150,C3,discaffw,0.306374,0.309185,0.990910,150
150,C3,discaffm,0.226605,0.303472,0.746707,150
150,C3,fehire,0.374016,0.300861,1.243153,150
150,C3,fechld,0.243483,0.258103,0.943359,150
150,C3,fepresch,0.142838,0.277806,0.514164,150
150,C3,fefam,0.223011,0.305920,0.728986,150
150,C3,mobile16,0.374240,0.402578,0.929609,150
150,C3,incom16,0.247448,0.209459,1.181367,150
150,C3,conarmy,0.307549,0.306529,1.003328,150
150,C3,conbus,0.234211,0.318062,0.736368,150
150,C3,conclerg,0.268478,0.347571,0.772442,150
150,C3,coneduc,0.243483,0.335469,0.725801,150
150,C3,confed,0.211631,0.341221,0.620215,150
150,C3,confinan,0.267476,0.313546,0.853070,150
150,C3,conjudge,0.324692,0.369790,0.878044,150
150,C3,conlabor,0.250481,0.324968,0.770786,150
150,C3,conlegis,0.252416,0.327693,0.770281,150
150,C3,conmedic,0.242309,0.321994,0.752527,150
150,C3,conpress,0.204972,0.327420,0.626022,150
150,C3,consci,0.293955,0.323933,0.907454,150
150,C3,contv,0.214153,0.299141,0.715891,150
150,C3,happy,0.289043,0.325982,0.886685,150
150,C3,class,0.191336,0.256596,0.745671,150
150,C3,satfin,0.240920,0.375851,0.640999,150
150,C3,finalter,0.293269,0.390391,0.751219,150
150,C3,finrela,0.215039,0.247448,0.869026,150
150,C3,wlthwhts,0.211125,0.140557,1.502054,150
150,C3,wlthblks,0.226078,0.121614,1.858978,150
150,C3,wlthhsps,0.178808,0.134225,1.332151,150
150,C3,letin1a,0.125017,0.308148,0.405704,150
150,C3,getahead,0.462509,0.302044,1.531266,150
150,C3,aged,0.359047,0.281336,1.276223,150
150,C3,parsol,0.312621,0.306186,1.021017,150
150,C3,spanking,0.291021,0.347778,0.836800,150
150,C3,divlaw,0.177101,0.334868,0.528867,150
150,C3,pillok,0.144172,0.326933,0.440982,150
150,C3,xmarsex,0.468893,0.292962,1.600528,150
150,C3,homosex,0.413235,0.408881,1.010648,150
150,C3,marhomo,0.346527,0.359922,0.962783,150
150,C3,discaff,0.119141,0.334517,0.356159,150
150,C3,pornlaw,0.163025,0.285539,0.570938,150
150,C3,fair,0.406821,0.386518,1.052529,150
150,C3,helpful,0.241847,0.393871,0.614026,150
150,C3,trust,0.141144,0.372368,0.379045,150
150,C3,tax,0.254292,0.277815,0.915328,150
150,C3,news,0.209699,0.386156,0.543043,150
150,C3,attend,0.290155,0.344354,0.842607,150
150,C3,pray,0.231157,0.405168,0.570521,150
150,C3,bible,0.057928,0.378756,0.152944,150
150,C3,granborn,0.000000,0.412216,0.000000,150
150,C3,income,0.308431,0.264362,1.166698,150
150,C3,health,0.171264,0.261632,0.654598,150
150,C3,life,0.166185,0.280400,0.592671,150
150,B0 uniforme,natspac/y,0.385257,0.346991,1.110279,150
150,B0 uniforme,natenvir/y,0.401117,0.330683,1.212996,150
150,B0 uniforme,natheal/y,0.410557,0.287004,1.430492,150
150,B0 uniforme,natcity/y,0.394892,0.335268,1.177838,150
150,B0 uniforme,natdrug/y,0.410993,0.331359,1.240325,150
150,B0 uniforme,nateduc/y,0.386416,0.299814,1.288856,150
150,B0 uniforme,natrace/y,0.410993,0.360540,1.139938,150
150,B0 uniforme,natarms/y,0.423697,0.383977,1.103443,150
150,B0 uniforme,nataid/y,0.415055,0.298467,1.390621,150
150,B0 uniforme,natfare/y,0.388596,0.303319,1.281147,150
150,B0 uniforme,natroad,0.436531,0.293879,1.485412,150
150,B0 uniforme,natsoc,0.404118,0.274269,1.473433,150
150,B0 uniforme,natmass,0.390090,0.305359,1.277481,150
150,B0 uniforme,natpark,0.413692,0.286243,1.445246,150
150,B0 uniforme,natchld,0.401075,0.321211,1.248633,150
150,B0 uniforme,natsci,0.409561,0.310589,1.318662,150
150,B0 uniforme,natenrgy,0.424844,0.362396,1.172318,150
150,B0 uniforme,courts,0.411645,0.388322,1.060061,150
150,B0 uniforme,discaffw,0.385700,0.309185,1.247474,150
150,B0 uniforme,discaffm,0.383276,0.303472,1.262968,150
150,B0 uniforme,fehire,0.344354,0.300861,1.144561,150
150,B0 uniforme,fechld,0.373601,0.258103,1.447489,150
150,B0 uniforme,fepresch,0.365856,0.277806,1.316946,150
150,B0 uniforme,fefam,0.377572,0.305920,1.234218,150
150,B0 uniforme,mobile16,0.390620,0.402578,0.970295,150
150,B0 uniforme,incom16,0.345428,0.209459,1.649144,150
150,B0 uniforme,conarmy,0.411645,0.306529,1.342927,150
150,B0 uniforme,conbus,0.419398,0.318062,1.318606,150
150,B0 uniforme,conclerg,0.399118,0.347571,1.148308,150
150,B0 uniforme,coneduc,0.421248,0.335469,1.255700,150
150,B0 uniforme,confed,0.409616,0.341221,1.200442,150
150,B0 uniforme,confinan,0.396235,0.313546,1.263723,150
150,B0 uniforme,conjudge,0.411319,0.369790,1.112303,150
150,B0 uniforme,conlabor,0.404615,0.324968,1.245094,150
150,B0 uniforme,conlegis,0.383146,0.327693,1.169223,150
150,B0 uniforme,conmedic,0.405444,0.321994,1.259166,150
150,B0 uniforme,conpress,0.417246,0.327420,1.274346,150
150,B0 uniforme,consci,0.429400,0.323933,1.325582,150
150,B0 uniforme,contv,0.417728,0.299141,1.396424,150
150,B0 uniforme,happy,0.401075,0.325982,1.230362,150
150,B0 uniforme,class,0.352428,0.256596,1.373477,150
150,B0 uniforme,satfin,0.415378,0.375851,1.105167,150
150,B0 uniforme,finalter,0.417514,0.390391,1.069476,150
150,B0 uniforme,finrela,0.355608,0.247448,1.437102,150
150,B0 uniforme,wlthwhts,0.324139,0.140557,2.306094,150
150,B0 uniforme,wlthblks,0.342834,0.121614,2.819038,150
150,B0 uniforme,wlthhsps,0.333326,0.134225,2.483333,150
150,B0 uniforme,letin1a,0.367652,0.308148,1.193101,150
150,B0 uniforme,getahead,0.390906,0.302044,1.294204,150
150,B0 uniforme,aged,0.409124,0.281336,1.454219,150
150,B0 uniforme,parsol,0.336953,0.306186,1.100485,150
150,B0 uniforme,spanking,0.375591,0.347778,1.079974,150
150,B0 uniforme,divlaw,0.409124,0.334868,1.221748,150
150,B0 uniforme,pillok,0.354236,0.326933,1.083513,150
150,B0 uniforme,xmarsex,0.382835,0.292962,1.306774,150
150,B0 uniforme,homosex,0.390032,0.408881,0.953902,150
150,B0 uniforme,marhomo,0.359922,0.359922,1.000000,150
150,B0 uniforme,discaff,0.392377,0.334517,1.172966,150
150,B0 uniforme,pornlaw,0.399118,0.285539,1.397772,150
150,B0 uniforme,fair,0.409356,0.386518,1.059088,150
150,B0 uniforme,helpful,0.400838,0.393871,1.017689,150
150,B0 uniforme,trust,0.408741,0.372368,1.097682,150
150,B0 uniforme,tax,0.409616,0.277815,1.474420,150
150,B0 uniforme,news,0.355844,0.386156,0.921503,150
150,B0 uniforme,attend,0.328252,0.344354,0.953242,150
150,B0 uniforme,pray,0.330686,0.405168,0.816169,150
150,B0 uniforme,bible,0.401075,0.378756,1.058927,150
150,B0 uniforme,granborn,0.356703,0.412216,0.865332,150
150,B0 uniforme,income,0.308203,0.264362,1.165836,150
150,B0 uniforme,health,0.363648,0.261632,1.389919,150
150,B0 uniforme,life,0.416870,0.280400,1.486698,150
150,B0 mode,natspac/y,0.000000,0.346991,0.000000,150
150,B0 mode,natenvir/y,0.000000,0.330683,0.000000,150
150,B0 mode,natheal/y,0.000000,0.287004,0.000000,150
150,B0 mode,natcity/y,0.000000,0.335268,0.000000,150
150,B0 mode,natdrug/y,0.000000,0.331359,0.000000,150
150,B0 mode,nateduc/y,0.000000,0.299814,0.000000,150
150,B0 mode,natrace/y,0.200670,0.360540,0.556582,150
150,B0 mode,natarms/y,0.200670,0.383977,0.522609,150
150,B0 mode,nataid/y,0.000000,0.298467,0.000000,150
150,B0 mode,natfare/y,0.000000,0.303319,0.000000,150
150,B0 mode,natroad,0.000000,0.293879,0.000000,150
150,B0 mode,natsoc,0.000000,0.274269,0.000000,150
150,B0 mode,natmass,0.000000,0.305359,0.000000,150
150,B0 mode,natpark,0.000000,0.286243,0.000000,150
150,B0 mode,natchld,0.000000,0.321211,0.000000,150
150,B0 mode,natsci,0.000000,0.310589,0.000000,150
150,B0 mode,natenrgy,0.000000,0.362396,0.000000,150
150,B0 mode,courts,0.000000,0.388322,0.000000,150
150,B0 mode,discaffw,0.000000,0.309185,0.000000,150
150,B0 mode,discaffm,0.000000,0.303472,0.000000,150
150,B0 mode,fehire,0.122885,0.300861,0.408444,150
150,B0 mode,fechld,0.000000,0.258103,0.000000,150
150,B0 mode,fepresch,0.000000,0.277806,0.000000,150
150,B0 mode,fefam,0.000000,0.305920,0.000000,150
150,B0 mode,mobile16,0.000000,0.402578,0.000000,150
150,B0 mode,incom16,0.000000,0.209459,0.000000,150
150,B0 mode,conarmy,0.000000,0.306529,0.000000,150
150,B0 mode,conbus,0.000000,0.318062,0.000000,150
150,B0 mode,conclerg,0.000000,0.347571,0.000000,150
150,B0 mode,coneduc,0.000000,0.335469,0.000000,150
150,B0 mode,confed,0.000000,0.341221,0.000000,150
150,B0 mode,confinan,0.000000,0.313546,0.000000,150
150,B0 mode,conjudge,0.000000,0.369790,0.000000,150
150,B0 mode,conlabor,0.000000,0.324968,0.000000,150
150,B0 mode,conlegis,0.000000,0.327693,0.000000,150
150,B0 mode,conmedic,0.200670,0.321994,0.623211,150
150,B0 mode,conpress,0.000000,0.327420,0.000000,150
150,B0 mode,consci,0.000000,0.323933,0.000000,150
150,B0 mode,contv,0.000000,0.299141,0.000000,150
150,B0 mode,happy,0.000000,0.325982,0.000000,150
150,B0 mode,class,0.000000,0.256596,0.000000,150
150,B0 mode,satfin,0.000000,0.375851,0.000000,150
150,B0 mode,finalter,0.000000,0.390391,0.000000,150
150,B0 mode,finrela,0.000000,0.247448,0.000000,150
150,B0 mode,wlthwhts,0.000000,0.140557,0.000000,150
150,B0 mode,wlthblks,0.000000,0.121614,0.000000,150
150,B0 mode,wlthhsps,0.081923,0.134225,0.610341,150
150,B0 mode,letin1a,0.000000,0.308148,0.000000,150
150,B0 mode,getahead,0.000000,0.302044,0.000000,150
150,B0 mode,aged,0.000000,0.281336,0.000000,150
150,B0 mode,parsol,0.000000,0.306186,0.000000,150
150,B0 mode,spanking,0.000000,0.347778,0.000000,150
150,B0 mode,divlaw,0.000000,0.334868,0.000000,150
150,B0 mode,pillok,0.133780,0.326933,0.409197,150
150,B0 mode,xmarsex,0.000000,0.292962,0.000000,150
150,B0 mode,homosex,0.000000,0.408881,0.000000,150
150,B0 mode,marhomo,0.000000,0.359922,0.000000,150
150,B0 mode,discaff,0.000000,0.334517,0.000000,150
150,B0 mode,pornlaw,0.000000,0.285539,0.000000,150
150,B0 mode,fair,0.000000,0.386518,0.000000,150
150,B0 mode,helpful,0.000000,0.393871,0.000000,150
150,B0 mode,trust,0.000000,0.372368,0.000000,150
150,B0 mode,tax,0.000000,0.277815,0.000000,150
150,B0 mode,news,0.000000,0.386156,0.000000,150
150,B0 mode,attend,0.000000,0.344354,0.000000,150
150,B0 mode,pray,0.000000,0.405168,0.000000,150
150,B0 mode,bible,0.000000,0.378756,0.000000,150
150,B0 mode,granborn,0.000000,0.412216,0.000000,150
150,B0 mode,income,0.000000,0.264362,0.000000,150
150,B0 mode,health,0.000000,0.261632,0.000000,150
150,B0 mode,life,0.000000,0.280400,0.000000,150
150,B0 tirage,natspac/y,0.352508,0.346991,1.015899,150
150,B0 tirage,natenvir/y,0.323985,0.330683,0.979746,150
150,B0 tirage,natheal/y,0.286712,0.287004,0.998981,150
150,B0 tirage,natcity/y,0.377632,0.335268,1.126358,150
150,B0 tirage,natdrug/y,0.331359,0.331359,1.000000,150
150,B0 tirage,nateduc/y,0.303761,0.299814,1.013166,150
150,B0 tirage,natrace/y,0.377143,0.360540,1.046053,150
150,B0 tirage,natarms/y,0.369473,0.383977,0.962226,150
150,B0 tirage,nataid/y,0.310535,0.298467,1.040431,150
150,B0 tirage,natfare/y,0.333713,0.303319,1.100207,150
150,B0 tirage,natroad,0.323034,0.293879,1.099210,150
150,B0 tirage,natsoc,0.263877,0.274269,0.962107,150
150,B0 tirage,natmass,0.312688,0.305359,1.024004,150
150,B0 tirage,natpark,0.278298,0.286243,0.972243,150
150,B0 tirage,natchld,0.320793,0.321211,0.998698,150
150,B0 tirage,natsci,0.308638,0.310589,0.993719,150
150,B0 tirage,natenrgy,0.315324,0.362396,0.870109,150
150,B0 tirage,courts,0.403134,0.388322,1.038142,150
150,B0 tirage,discaffw,0.306982,0.309185,0.992876,150
150,B0 tirage,discaffm,0.266153,0.303472,0.877027,150
150,B0 tirage,fehire,0.286067,0.300861,0.950829,150
150,B0 tirage,fechld,0.236134,0.258103,0.914885,150
150,B0 tirage,fepresch,0.289075,0.277806,1.040565,150
150,B0 tirage,fefam,0.312066,0.305920,1.020090,150
150,B0 tirage,mobile16,0.415701,0.402578,1.032597,150
150,B0 tirage,incom16,0.222359,0.209459,1.061587,150
150,B0 tirage,conarmy,0.299814,0.306529,0.978093,150
150,B0 tirage,conbus,0.299309,0.318062,0.941042,150
150,B0 tirage,conclerg,0.341073,0.347571,0.981307,150
150,B0 tirage,coneduc,0.291356,0.335469,0.868504,150
150,B0 tirage,confed,0.352063,0.341221,1.031775,150
150,B0 tirage,confinan,0.310535,0.313546,0.990396,150
150,B0 tirage,conjudge,0.349432,0.369790,0.944947,150
150,B0 tirage,conlabor,0.300652,0.324968,0.925174,150
150,B0 tirage,conlegis,0.298692,0.327693,0.911501,150
150,B0 tirage,conmedic,0.350200,0.321994,1.087597,150
150,B0 tirage,conpress,0.295303,0.327420,0.901909,150
150,B0 tirage,consci,0.358361,0.323933,1.106281,150
150,B0 tirage,contv,0.317657,0.299141,1.061897,150
150,B0 tirage,happy,0.344402,0.325982,1.056509,150
150,B0 tirage,class,0.253791,0.256596,0.989067,150
150,B0 tirage,satfin,0.379627,0.375851,1.010045,150
150,B0 tirage,finalter,0.394368,0.390391,1.010187,150
150,B0 tirage,finrela,0.260512,0.247448,1.052794,150
150,B0 tirage,wlthwhts,0.123445,0.140557,0.878252,150
150,B0 tirage,wlthblks,0.131385,0.121614,1.080344,150
150,B0 tirage,wlthhsps,0.159230,0.134225,1.186290,150
150,B0 tirage,letin1a,0.304740,0.308148,0.988939,150
150,B0 tirage,getahead,0.319483,0.302044,1.057737,150
150,B0 tirage,aged,0.271708,0.281336,0.965780,150
150,B0 tirage,parsol,0.295359,0.306186,0.964640,150
150,B0 tirage,spanking,0.357171,0.347778,1.027010,150
150,B0 tirage,divlaw,0.289642,0.334868,0.864945,150
150,B0 tirage,pillok,0.338741,0.326933,1.036115,150
150,B0 tirage,xmarsex,0.294460,0.292962,1.005113,150
150,B0 tirage,homosex,0.435722,0.408881,1.065644,150
150,B0 tirage,marhomo,0.347848,0.359922,0.966453,150
150,B0 tirage,discaff,0.320165,0.334517,0.957096,150
150,B0 tirage,pornlaw,0.286243,0.285539,1.002466,150
150,B0 tirage,fair,0.413367,0.386518,1.069465,150
150,B0 tirage,helpful,0.400447,0.393871,1.016697,150
150,B0 tirage,trust,0.381698,0.372368,1.025057,150
150,B0 tirage,tax,0.282289,0.277815,1.016102,150
150,B0 tirage,news,0.377532,0.386156,0.977669,150
150,B0 tirage,attend,0.320934,0.344354,0.931989,150
150,B0 tirage,pray,0.387556,0.405168,0.956531,150
150,B0 tirage,bible,0.387500,0.378756,1.023086,150
150,B0 tirage,granborn,0.400730,0.412216,0.972137,150
150,B0 tirage,income,0.343679,0.264362,1.300031,150
150,B0 tirage,health,0.253644,0.261632,0.969466,150
150,B0 tirage,life,0.307549,0.280400,1.096821,150
150,B1 argmax,natspac/y,0.207143,0.346991,0.596970,150
150,B1 argmax,natenvir/y,0.281336,0.330683,0.850772,150
150,B1 argmax,natheal/y,0.126738,0.287004,0.441591,150
150,B1 argmax,natcity/y,0.326410,0.335268,0.973579,150
150,B1 argmax,natdrug/y,0.228701,0.331359,0.690192,150
150,B1 argmax,nateduc/y,0.200000,0.299814,0.667081,150
150,B1 argmax,natrace/y,0.375777,0.360540,1.042262,150
150,B1 argmax,natarms/y,0.350918,0.383977,0.913902,150
150,B1 argmax,nataid/y,0.216748,0.298467,0.726205,150
150,B1 argmax,natfare/y,0.245770,0.303319,0.810268,150
150,B1 argmax,natroad,0.237082,0.293879,0.806736,150
150,B1 argmax,natsoc,0.174075,0.274269,0.634685,150
150,B1 argmax,natmass,0.266639,0.305359,0.873199,150
150,B1 argmax,natpark,0.136101,0.286243,0.475474,150
150,B1 argmax,natchld,0.258978,0.321211,0.806253,150
150,B1 argmax,natsci,0.225450,0.310589,0.725880,150
150,B1 argmax,natenrgy,0.326393,0.362396,0.900652,150
150,B1 argmax,courts,0.378032,0.388322,0.973501,150
150,B1 argmax,discaffw,0.235375,0.309185,0.761276,150
150,B1 argmax,discaffm,0.242214,0.303472,0.798142,150
150,B1 argmax,fehire,0.259064,0.300861,0.861075,150
150,B1 argmax,fechld,0.187398,0.258103,0.726061,150
150,B1 argmax,fepresch,0.182846,0.277806,0.658179,150
150,B1 argmax,fefam,0.254465,0.305920,0.831805,150
150,B1 argmax,mobile16,0.424646,0.402578,1.054816,150
150,B1 argmax,incom16,0.153091,0.209459,0.730887,150
150,B1 argmax,conarmy,0.315962,0.306529,1.030776,150
150,B1 argmax,conbus,0.241199,0.318062,0.758339,150
150,B1 argmax,conclerg,0.278940,0.347571,0.802542,150
150,B1 argmax,coneduc,0.189194,0.335469,0.563968,150
150,B1 argmax,confed,0.272305,0.341221,0.798031,150
150,B1 argmax,confinan,0.214153,0.313546,0.683002,150
150,B1 argmax,conjudge,0.327420,0.369790,0.885419,150
150,B1 argmax,conlabor,0.213000,0.324968,0.655451,150
150,B1 argmax,conlegis,0.257679,0.327693,0.786342,150
150,B1 argmax,conmedic,0.269642,0.321994,0.837414,150
150,B1 argmax,conpress,0.278398,0.327420,0.850280,150
150,B1 argmax,consci,0.298692,0.323933,0.922079,150
150,B1 argmax,contv,0.248598,0.299141,0.831039,150
150,B1 argmax,happy,0.204972,0.325982,0.628783,150
150,B1 argmax,class,0.236271,0.256596,0.920791,150
150,B1 argmax,satfin,0.352111,0.375851,0.936836,150
150,B1 argmax,finalter,0.345958,0.390391,0.886183,150
150,B1 argmax,finrela,0.197863,0.247448,0.799616,150
150,B1 argmax,wlthwhts,0.086671,0.140557,0.616621,150
150,B1 argmax,wlthblks,0.079310,0.121614,0.652146,150
150,B1 argmax,wlthhsps,0.089991,0.134225,0.670450,150
150,B1 argmax,letin1a,0.269689,0.308148,0.875192,150
150,B1 argmax,getahead,0.254358,0.302044,0.842123,150
150,B1 argmax,aged,0.189813,0.281336,0.674686,150
150,B1 argmax,parsol,0.259689,0.306186,0.848141,150
150,B1 argmax,spanking,0.327458,0.347778,0.941571,150
150,B1 argmax,divlaw,0.269642,0.334868,0.805220,150
150,B1 argmax,pillok,0.333147,0.326933,1.019005,150
150,B1 argmax,xmarsex,0.194173,0.292962,0.662794,150
150,B1 argmax,homosex,0.396755,0.408881,0.970344,150
150,B1 argmax,marhomo,0.338312,0.359922,0.939957,150
150,B1 argmax,discaff,0.297736,0.334517,0.890047,150
150,B1 argmax,pornlaw,0.163197,0.285539,0.571539,150
150,B1 argmax,fair,0.390835,0.386518,1.011169,150
150,B1 argmax,helpful,0.395104,0.393871,1.003132,150
150,B1 argmax,trust,0.315537,0.372368,0.847381,150
150,B1 argmax,tax,0.212185,0.277815,0.763763,150
150,B1 argmax,news,0.385765,0.386156,0.998987,150
150,B1 argmax,attend,0.205267,0.344354,0.596092,150
150,B1 argmax,pray,0.447051,0.405168,1.103373,150
150,B1 argmax,bible,0.331241,0.378756,0.874548,150
150,B1 argmax,granborn,0.387836,0.412216,0.940857,150
150,B1 argmax,income,0.246220,0.264362,0.931373,150
150,B1 argmax,health,0.147158,0.261632,0.562461,150
150,B1 argmax,life,0.198456,0.280400,0.707760,150
150,B2 argmax,natspac/y,0.120634,0.346991,0.347658,150
150,B2 argmax,natenvir/y,0.281813,0.330683,0.852214,150
150,B2 argmax,natheal/y,0.107076,0.287004,0.373083,150
150,B2 argmax,natcity/y,0.225078,0.335268,0.671336,150
150,B2 argmax,natdrug/y,0.195475,0.331359,0.589918,150
150,B2 argmax,nateduc/y,0.143034,0.299814,0.477075,150
150,B2 argmax,natrace/y,0.360974,0.360540,1.001204,150
150,B2 argmax,natarms/y,0.374957,0.383977,0.976509,150
150,B2 argmax,nataid/y,0.207817,0.298467,0.696281,150
150,B2 argmax,natfare/y,0.178735,0.303319,0.589266,150
150,B2 argmax,natroad,0.200670,0.293879,0.682833,150
150,B2 argmax,natsoc,0.080824,0.274269,0.294687,150
150,B2 argmax,natmass,0.250748,0.305359,0.821160,150
150,B2 argmax,natpark,0.174075,0.286243,0.608136,150
150,B2 argmax,natchld,0.221849,0.321211,0.690664,150
150,B2 argmax,natsci,0.229287,0.310589,0.738235,150
150,B2 argmax,natenrgy,0.329463,0.362396,0.909123,150
150,B2 argmax,courts,0.311398,0.388322,0.801906,150
150,B2 argmax,discaffw,0.155901,0.309185,0.504233,150
150,B2 argmax,discaffm,0.195003,0.303472,0.642574,150
150,B2 argmax,fehire,0.206169,0.300861,0.685263,150
150,B2 argmax,fechld,0.156013,0.258103,0.604461,150
150,B2 argmax,fepresch,0.146481,0.277806,0.527277,150
150,B2 argmax,fefam,0.237865,0.305920,0.777540,150
150,B2 argmax,mobile16,0.423261,0.402578,1.051375,150
150,B2 argmax,incom16,0.088550,0.209459,0.422758,150
150,B2 argmax,conarmy,0.276301,0.306529,0.901388,150
150,B2 argmax,conbus,0.238118,0.318062,0.748654,150
150,B2 argmax,conclerg,0.251817,0.347571,0.724505,150
150,B2 argmax,coneduc,0.158608,0.335469,0.472796,150
150,B2 argmax,confed,0.245063,0.341221,0.718195,150
150,B2 argmax,confinan,0.200000,0.313546,0.637865,150
150,B2 argmax,conjudge,0.302044,0.369790,0.816797,150
150,B2 argmax,conlabor,0.172623,0.324968,0.531200,150
150,B2 argmax,conlegis,0.248125,0.327693,0.757188,150
150,B2 argmax,conmedic,0.256045,0.321994,0.795187,150
150,B2 argmax,conpress,0.232701,0.327420,0.710713,150
150,B2 argmax,consci,0.245679,0.323933,0.758423,150
150,B2 argmax,contv,0.229896,0.299141,0.768521,150
150,B2 argmax,happy,0.130778,0.325982,0.401182,150
150,B2 argmax,class,0.201177,0.256596,0.784024,150
150,B2 argmax,satfin,0.324279,0.375851,0.862785,150
150,B2 argmax,finalter,0.282289,0.390391,0.723092,150
150,B2 argmax,finrela,0.148218,0.247448,0.598988,150
150,B2 argmax,wlthwhts,0.045367,0.140557,0.322765,150
150,B2 argmax,wlthblks,0.072730,0.121614,0.598036,150
150,B2 argmax,wlthhsps,0.082535,0.134225,0.614902,150
150,B2 argmax,letin1a,0.268025,0.308148,0.869792,150
150,B2 argmax,getahead,0.241754,0.302044,0.800395,150
150,B2 argmax,aged,0.090053,0.281336,0.320092,150
150,B2 argmax,parsol,0.212185,0.306186,0.692993,150
150,B2 argmax,spanking,0.329206,0.347778,0.946599,150
150,B2 argmax,divlaw,0.285676,0.334868,0.853101,150
150,B2 argmax,pillok,0.289376,0.326933,0.885123,150
150,B2 argmax,xmarsex,0.221007,0.292962,0.754389,150
150,B2 argmax,homosex,0.395909,0.408881,0.968274,150
150,B2 argmax,marhomo,0.330175,0.359922,0.917351,150
150,B2 argmax,discaff,0.254358,0.334517,0.760374,150
150,B2 argmax,pornlaw,0.119141,0.285539,0.417250,150
150,B2 argmax,fair,0.284361,0.386518,0.735700,150
150,B2 argmax,helpful,0.314187,0.393871,0.797691,150
150,B2 argmax,trust,0.304258,0.372368,0.817089,150
150,B2 argmax,tax,0.245063,0.277815,0.882109,150
150,B2 argmax,news,0.300861,0.386156,0.779118,150
150,B2 argmax,attend,0.297676,0.344354,0.864448,150
150,B2 argmax,pray,0.444335,0.405168,1.096669,150
150,B2 argmax,bible,0.382269,0.378756,1.009275,150
150,B2 argmax,granborn,0.196616,0.412216,0.476973,150
150,B2 argmax,income,0.000000,0.264362,0.000000,150
150,B2 argmax,health,0.108683,0.261632,0.415405,150
150,B2 argmax,life,0.130778,0.280400,0.466398,150
150,B3 foret,natspac/y,0.057928,0.346991,0.166945,150
150,B3 foret,natenvir/y,0.246315,0.330683,0.744868,150
150,B3 foret,natheal/y,0.040825,0.287004,0.142245,150
150,B3 foret,natcity/y,0.226564,0.335268,0.675768,150
150,B3 foret,natdrug/y,0.125140,0.331359,0.377656,150
150,B3 foret,nateduc/y,0.057541,0.299814,0.191922,150
150,B3 foret,natrace/y,0.357971,0.360540,0.992875,150
150,B3 foret,natarms/y,0.345375,0.383977,0.899468,150
150,B3 foret,nataid/y,0.119141,0.298467,0.399177,150
150,B3 foret,natfare/y,0.090053,0.303319,0.296894,150
150,B3 foret,natroad,0.218189,0.293879,0.742445,150
150,B3 foret,natsoc,0.000000,0.274269,0.000000,150
150,B3 foret,natmass,0.239803,0.305359,0.785317,150
150,B3 foret,natpark,0.040825,0.286243,0.142623,150
150,B3 foret,natchld,0.212185,0.321211,0.660577,150
150,B3 foret,natsci,0.180758,0.310589,0.581984,150
150,B3 foret,natenrgy,0.275815,0.362396,0.761086,150
150,B3 foret,courts,0.315537,0.388322,0.812565,150
150,B3 foret,discaffw,0.164165,0.309185,0.530959,150
150,B3 foret,discaffm,0.165417,0.303472,0.545080,150
150,B3 foret,fehire,0.182490,0.300861,0.606559,150
150,B3 foret,fechld,0.150168,0.258103,0.581814,150
150,B3 foret,fepresch,0.080423,0.277806,0.289492,150
150,B3 foret,fefam,0.201029,0.305920,0.657130,150
150,B3 foret,mobile16,0.430181,0.402578,1.068565,150
150,B3 foret,incom16,0.052908,0.209459,0.252592,150
150,B3 foret,conarmy,0.249743,0.306529,0.814745,150
150,B3 foret,conbus,0.205517,0.318062,0.646154,150
150,B3 foret,conclerg,0.226860,0.347571,0.652701,150
150,B3 foret,coneduc,0.091532,0.335469,0.272848,150
150,B3 foret,confed,0.248598,0.341221,0.728554,150
150,B3 foret,confinan,0.105815,0.313546,0.337479,150
150,B3 foret,conjudge,0.266219,0.369790,0.719918,150
150,B3 foret,conlabor,0.107076,0.324968,0.329498,150
150,B3 foret,conlegis,0.246429,0.327693,0.752011,150
150,B3 foret,conmedic,0.250815,0.321994,0.778944,150
150,B3 foret,conpress,0.248598,0.327420,0.759264,150
150,B3 foret,consci,0.253742,0.323933,0.783314,150
150,B3 foret,contv,0.239803,0.299141,0.801639,150
150,B3 foret,happy,0.040825,0.325982,0.125237,150
150,B3 foret,class,0.222308,0.256596,0.866374,150
150,B3 foret,satfin,0.298317,0.375851,0.793712,150
150,B3 foret,finalter,0.298186,0.390391,0.763815,150
150,B3 foret,finrela,0.172785,0.247448,0.698268,150
150,B3 foret,wlthwhts,0.041713,0.140557,0.296770,150
150,B3 foret,wlthblks,0.066039,0.121614,0.543023,150
150,B3 foret,wlthhsps,0.083613,0.134225,0.622927,150
150,B3 foret,letin1a,0.241546,0.308148,0.783864,150
150,B3 foret,getahead,0.232701,0.302044,0.770422,150
150,B3 foret,aged,0.040825,0.281336,0.145111,150
150,B3 foret,parsol,0.181568,0.306186,0.592999,150
150,B3 foret,spanking,0.317593,0.347778,0.913205,150
150,B3 foret,divlaw,0.223582,0.334868,0.667672,150
150,B3 foret,pillok,0.283624,0.326933,0.867528,150
150,B3 foret,xmarsex,0.154476,0.292962,0.527290,150
150,B3 foret,homosex,0.385475,0.408881,0.942755,150
150,B3 foret,marhomo,0.319588,0.359922,0.887936,150
150,B3 foret,discaff,0.232581,0.334517,0.695275,150
150,B3 foret,pornlaw,0.080824,0.285539,0.283056,150
150,B3 foret,fair,0.354343,0.386518,0.916759,150
150,B3 foret,helpful,0.357424,0.393871,0.907464,150
150,B3 foret,trust,0.169253,0.372368,0.454532,150
150,B3 foret,tax,0.189902,0.277815,0.683554,150
150,B3 foret,news,0.325814,0.386156,0.843738,150
150,B3 foret,attend,0.000000,0.344354,0.000000,150
150,B3 foret,pray,0.460281,0.405168,1.136025,150
150,B3 foret,bible,0.307185,0.378756,0.811035,150
150,B3 foret,granborn,0.291874,0.412216,0.708060,150
150,B3 foret,income,0.198543,0.264362,0.751028,150
150,B3 foret,health,0.027217,0.261632,0.104026,150
150,B3 foret,life,0.105815,0.280400,0.377373,150
150,humains vague 2,natspac/y,0.321159,0.346991,0.925555,150
150,humains vague 2,natenvir/y,0.320601,0.330683,0.969513,150
150,humains vague 2,natheal/y,0.266324,0.287004,0.927944,150
150,humains vague 2,natcity/y,0.343834,0.335268,1.025547,150
150,humains vague 2,natdrug/y,0.293783,0.331359,0.886602,150
150,humains vague 2,nateduc/y,0.286243,0.299814,0.954737,150
150,humains vague 2,natrace/y,0.350774,0.360540,0.972914,150
150,humains vague 2,natarms/y,0.391806,0.383977,1.020390,150
150,humains vague 2,nataid/y,0.289043,0.298467,0.968424,150
150,humains vague 2,natfare/y,0.292792,0.303319,0.965294,150
150,humains vague 2,natroad,0.302044,0.293879,1.027784,150
150,humains vague 2,natsoc,0.267225,0.274269,0.974317,150
150,humains vague 2,natmass,0.318009,0.305359,1.041428,150
150,humains vague 2,natpark,0.267894,0.286243,0.935898,150
150,humains vague 2,natchld,0.305139,0.321211,0.949962,150
150,humains vague 2,natsci,0.299216,0.310589,0.963383,150
150,humains vague 2,natenrgy,0.342203,0.362396,0.944278,150
150,humains vague 2,courts,0.376847,0.388322,0.970448,150
150,humains vague 2,discaffw,0.299938,0.309185,0.970092,150
150,humains vague 2,discaffm,0.291567,0.303472,0.960769,150
150,humains vague 2,fehire,0.293307,0.300861,0.974893,150
150,humains vague 2,fechld,0.260175,0.258103,1.008027,150
150,humains vague 2,fepresch,0.278878,0.277806,1.003858,150
150,humains vague 2,fefam,0.298309,0.305920,0.975122,150
150,humains vague 2,mobile16,0.408248,0.402578,1.014084,150
150,humains vague 2,incom16,0.211690,0.209459,1.010651,150
150,humains vague 2,conarmy,0.310156,0.306529,1.011835,150
150,humains vague 2,conbus,0.299590,0.318062,0.941923,150
150,humains vague 2,conclerg,0.337712,0.347571,0.971635,150
150,humains vague 2,coneduc,0.344159,0.335469,1.025904,150
150,humains vague 2,confed,0.331089,0.341221,0.970306,150
150,humains vague 2,confinan,0.343182,0.313546,1.094520,150
150,humains vague 2,conjudge,0.372263,0.369790,1.006685,150
150,humains vague 2,conlabor,0.319483,0.324968,0.983122,150
150,humains vague 2,conlegis,0.307549,0.327693,0.938527,150
150,humains vague 2,conmedic,0.309506,0.321994,0.961218,150
150,humains vague 2,conpress,0.331696,0.327420,1.013062,150
150,humains vague 2,consci,0.333261,0.323933,1.028793,150
150,humains vague 2,contv,0.307185,0.299141,1.026889,150
150,humains vague 2,happy,0.297567,0.325982,0.912832,150
150,humains vague 2,class,0.243269,0.256596,0.948062,150
150,humains vague 2,satfin,0.380509,0.375851,1.012394,150
150,humains vague 2,finalter,0.407714,0.390391,1.044373,150
150,humains vague 2,finrela,0.235003,0.247448,0.949708,150
150,humains vague 2,wlthwhts,0.156474,0.140557,1.113241,150
150,humains vague 2,wlthblks,0.145395,0.121614,1.195545,150
150,humains vague 2,wlthhsps,0.138796,0.134225,1.034051,150
150,humains vague 2,letin1a,0.278940,0.308148,0.905215,150
150,humains vague 2,getahead,0.301673,0.302044,0.998773,150
150,humains vague 2,aged,0.283416,0.281336,1.007392,150
150,humains vague 2,parsol,0.300986,0.306186,0.983018,150
150,humains vague 2,spanking,0.355357,0.347778,1.021794,150
150,humains vague 2,divlaw,0.329819,0.334868,0.984924,150
150,humains vague 2,pillok,0.327761,0.326933,1.002532,150
150,humains vague 2,xmarsex,0.254465,0.292962,0.868597,150
150,humains vague 2,homosex,0.416351,0.408881,1.018270,150
150,humains vague 2,marhomo,0.357443,0.359922,0.993112,150
150,humains vague 2,discaff,0.345974,0.334517,1.034250,150
150,humains vague 2,pornlaw,0.270905,0.285539,0.948748,150
150,humains vague 2,fair,0.383321,0.386518,0.991730,150
150,humains vague 2,helpful,0.395175,0.393871,1.003311,150
150,humains vague 2,trust,0.341073,0.372368,0.915959,150
150,humains vague 2,tax,0.293879,0.277815,1.057821,150
150,humains vague 2,news,0.370455,0.386156,0.959341,150
150,humains vague 2,attend,0.337725,0.344354,0.980751,150
150,humains vague 2,pray,0.407248,0.405168,1.005133,150
150,humains vague 2,bible,0.367043,0.378756,0.969073,150
150,humains vague 2,granborn,0.405944,0.412216,0.984785,150
150,humains vague 2,income,0.278668,0.264362,1.054115,150
150,humains vague 2,health,0.243483,0.261632,0.930632,150
150,humains vague 2,life,0.273534,0.280400,0.975515,150
1052,agents composite,natspac/y,0.356932,0.339938,1.049992,1052
1052,agents composite,natenvir/y,0.409994,0.345116,1.187990,1052
1052,agents composite,natheal/y,0.298583,0.293989,1.015628,1051
1052,agents composite,natcity/y,0.429477,0.359880,1.193390,1052
1052,agents composite,natdrug/y,0.355742,0.325348,1.093419,1052
1052,agents composite,nateduc/y,0.339083,0.315379,1.075159,1052
1052,agents composite,natrace/y,0.444456,0.385757,1.152167,1051
1052,agents composite,natarms/y,0.350254,0.377870,0.926918,1052
1052,agents composite,nataid/y,0.363498,0.288357,1.260584,1052
1052,agents composite,natfare/y,0.421377,0.318558,1.322763,1052
1052,agents composite,natroad,0.296440,0.317993,0.932222,1052
1052,agents composite,natsoc,0.340755,0.272502,1.250468,1052
1052,agents composite,natmass,0.392924,0.318037,1.235466,1052
1052,agents composite,natpark,0.327895,0.275028,1.192222,1052
1052,agents composite,natchld,0.383500,0.322694,1.188434,1052
1052,agents composite,natsci,0.378732,0.307142,1.233086,1052
1052,agents composite,natenrgy,0.384840,0.353109,1.089863,1052
1052,agents composite,courts,0.366930,0.385332,0.952245,1052
1052,agents composite,discaffw,0.212499,0.308573,0.688650,1052
1052,agents composite,discaffm,0.241253,0.300905,0.801760,1052
1052,agents composite,fehire,0.325633,0.289927,1.123157,1052
1052,agents composite,fechld,0.261029,0.258830,1.008496,1052
1052,agents composite,fepresch,0.266742,0.266904,0.999394,1052
1052,agents composite,fefam,0.284872,0.303904,0.937378,1052
1052,agents composite,mobile16,0.414709,0.410631,1.009930,1052
1052,agents composite,incom16,0.184708,0.212392,0.869660,1052
1052,agents composite,conarmy,0.291700,0.333390,0.874953,1052
1052,agents composite,conbus,0.233601,0.314966,0.741670,1052
1052,agents composite,conclerg,0.375913,0.347587,1.081495,1051
1052,agents composite,coneduc,0.165234,0.319801,0.516677,1052
1052,agents composite,confed,0.268482,0.335515,0.800210,1051
1052,agents composite,confinan,0.240597,0.328174,0.733138,1052
1052,agents composite,conjudge,0.235291,0.359087,0.655247,1052
1052,agents composite,conlabor,0.247677,0.332552,0.744776,1052
1052,agents composite,conlegis,0.213154,0.305105,0.698624,1052
1052,agents composite,conmedic,0.261322,0.330744,0.790104,1051
1052,agents composite,conpress,0.249813,0.318801,0.783602,1052
1052,agents composite,consci,0.284463,0.342139,0.831426,1052
1052,agents composite,contv,0.246339,0.312837,0.787434,1052
1052,agents composite,happy,0.261731,0.325906,0.803087,1052
1052,agents composite,class,0.245126,0.261780,0.936380,1052
1052,agents composite,satfin,0.381414,0.384466,0.992063,1046
1052,agents composite,finalter,0.312289,0.387553,0.805797,1052
1052,agents composite,finrela,0.251627,0.244713,1.028256,1052
1052,agents composite,wlthwhts,0.075656,0.141159,0.535966,1050
1052,agents composite,wlthblks,0.124985,0.143174,0.872960,1050
1052,agents composite,wlthhsps,0.119728,0.150737,0.794279,1051
1052,agents composite,letin1a,0.233198,0.315041,0.740215,1052
1052,agents composite,getahead,0.250708,0.306424,0.818172,1052
1052,agents composite,aged,0.316402,0.292390,1.082123,1052
1052,agents composite,parsol,0.278172,0.302467,0.919677,1052
1052,agents composite,spanking,0.261525,0.349558,0.748158,1052
1052,agents composite,divlaw,0.305284,0.346243,0.881705,1052
1052,agents composite,pillok,0.383364,0.344219,1.113722,1052
1052,agents composite,xmarsex,0.180996,0.295117,0.613303,1052
1052,agents composite,homosex,0.414610,0.417196,0.993800,1051
1052,agents composite,marhomo,0.405730,0.358765,1.130908,1052
1052,agents composite,discaff,0.338634,0.350148,0.967118,1052
1052,agents composite,pornlaw,0.154015,0.265442,0.580223,1048
1052,agents composite,fair,0.320923,0.389860,0.823175,1052
1052,agents composite,helpful,0.349676,0.395581,0.883957,1052
1052,agents composite,trust,0.343253,0.378430,0.907044,1052
1052,agents composite,tax,0.274838,0.270704,1.015273,1052
1052,agents composite,news,0.277391,0.369203,0.751323,1052
1052,agents composite,attend,0.363510,0.324211,1.121212,1052
1052,agents composite,pray,0.352189,0.401413,0.877375,1052
1052,agents composite,bible,0.288350,0.373902,0.771192,1047
1052,agents composite,granborn,0.298446,0.413156,0.722358,1052
1052,agents composite,income,0.225478,0.303522,0.742873,1046
1052,agents composite,health,0.241681,0.247506,0.976467,1052
1052,agents composite,life,0.238376,0.291455,0.817884,1052
1052,agents entretien (v3),natspac/y,0.168219,0.340097,0.494621,1051
1052,agents entretien (v3),natenvir/y,0.438932,0.345209,1.271495,1051
1052,agents entretien (v3),natheal/y,0.312361,0.293989,1.062495,1051
1052,agents entretien (v3),natcity/y,0.425297,0.359762,1.182163,1051
1052,agents entretien (v3),natdrug/y,0.400989,0.325348,1.232490,1052
1052,agents entretien (v3),nateduc/y,0.335293,0.315379,1.063141,1052
1052,agents entretien (v3),natrace/y,0.440873,0.385579,1.143405,1052
1052,agents entretien (v3),natarms/y,0.379634,0.377870,1.004669,1052
1052,agents entretien (v3),nataid/y,0.290851,0.288357,1.008649,1052
1052,agents entretien (v3),natfare/y,0.416098,0.318558,1.306192,1052
1052,agents entretien (v3),natroad,0.230685,0.317993,0.725441,1052
1052,agents entretien (v3),natsoc,0.285669,0.272502,1.048318,1052
1052,agents entretien (v3),natmass,0.428902,0.318037,1.348593,1052
1052,agents entretien (v3),natpark,0.339239,0.275028,1.233471,1052
1052,agents entretien (v3),natchld,0.416303,0.322694,1.290088,1052
1052,agents entretien (v3),natsci,0.411311,0.307142,1.339156,1052
1052,agents entretien (v3),natenrgy,0.444684,0.353233,1.258896,1051
1052,agents entretien (v3),courts,0.387535,0.385367,1.005625,1051
1052,agents entretien (v3),discaffw,0.241649,0.308768,0.782622,1050
1052,agents entretien (v3),discaffm,0.281042,0.300540,0.935125,1050
1052,agents entretien (v3),fehire,0.354819,0.289927,1.223823,1052
1052,agents entretien (v3),fechld,0.260002,0.258946,1.004079,1051
1052,agents entretien (v3),fepresch,0.274211,0.266904,1.027380,1052
1052,agents entretien (v3),fefam,0.352708,0.303904,1.160591,1052
1052,agents entretien (v3),mobile16,0.382257,0.410631,0.930900,1052
1052,agents entretien (v3),incom16,0.208591,0.212392,0.982104,1052
1052,agents entretien (v3),conarmy,0.309820,0.333390,0.929303,1052
1052,agents entretien (v3),conbus,0.255510,0.314966,0.811229,1052
1052,agents entretien (v3),conclerg,0.387995,0.347467,1.116639,1052
1052,agents entretien (v3),coneduc,0.202607,0.319950,0.633247,1051
1052,agents entretien (v3),confed,0.254252,0.335515,0.757796,1051
1052,agents entretien (v3),confinan,0.248484,0.328021,0.757525,1051
1052,agents entretien (v3),conjudge,0.331611,0.359245,0.923078,1051
1052,agents entretien (v3),conlabor,0.274948,0.332710,0.826390,1051
1052,agents entretien (v3),conlegis,0.174490,0.305174,0.571772,1051
1052,agents entretien (v3),conmedic,0.296202,0.330143,0.897191,1051
1052,agents entretien (v3),conpress,0.253762,0.318795,0.796002,1051
1052,agents entretien (v3),consci,0.310644,0.342176,0.907848,1051
1052,agents entretien (v3),contv,0.248303,0.312941,0.793449,1051
1052,agents entretien (v3),happy,0.272252,0.325730,0.835821,1051
1052,agents entretien (v3),class,0.253181,0.261893,0.966734,1051
1052,agents entretien (v3),satfin,0.356477,0.384416,0.927322,1048
1052,agents entretien (v3),finalter,0.345284,0.387306,0.891502,1050
1052,agents entretien (v3),finrela,0.275678,0.244780,1.126229,1051
1052,agents entretien (v3),wlthwhts,0.096073,0.141097,0.680901,1051
1052,agents entretien (v3),wlthblks,0.077257,0.142589,0.541815,1016
1052,agents entretien (v3),wlthhsps,0.129932,0.150737,0.861976,1051
1052,agents entretien (v3),letin1a,0.300764,0.315041,0.954683,1052
1052,agents entretien (v3),getahead,0.250801,0.306519,0.818222,1051
1052,agents entretien (v3),aged,0.274568,0.292288,0.939374,1051
1052,agents entretien (v3),parsol,0.281048,0.302489,0.929117,1051
1052,agents entretien (v3),spanking,0.283502,0.349345,0.811523,1051
1052,agents entretien (v3),divlaw,0.328953,0.346243,0.950065,1052
1052,agents entretien (v3),pillok,0.377007,0.344381,1.094740,1051
1052,agents entretien (v3),xmarsex,0.191213,0.295270,0.647589,1049
1052,agents entretien (v3),homosex,0.462800,0.416263,1.111798,1047
1052,agents entretien (v3),marhomo,0.433667,0.359005,1.207970,1049
1052,agents entretien (v3),discaff,0.419353,0.350337,1.196999,1049
1052,agents entretien (v3),pornlaw,0.156003,0.264244,0.590377,1048
1052,agents entretien (v3),fair,0.231335,0.389688,0.593642,1051
1052,agents entretien (v3),helpful,0.374630,0.395429,0.947401,1051
1052,agents entretien (v3),trust,0.291201,0.378040,0.770292,1051
1052,agents entretien (v3),tax,0.295743,0.270738,1.092359,1050
1052,agents entretien (v3),news,0.266110,0.369203,0.720769,1052
1052,agents entretien (v3),attend,0.364661,0.323800,1.126192,1051
1052,agents entretien (v3),pray,0.356327,0.401474,0.887549,1051
1052,agents entretien (v3),bible,0.288320,0.375378,0.768078,1037
1052,agents entretien (v3),granborn,0.355659,0.413156,0.860836,1052
1052,agents entretien (v3),income,0.246370,0.306402,0.804073,986
1052,agents entretien (v3),health,0.258327,0.247613,1.043266,1051
1052,agents entretien (v3),life,0.202754,0.291214,0.696235,1047
1052,agents enquete,natspac/y,0.340877,0.339689,1.003496,1051
1052,agents enquete,natenvir/y,0.337366,0.345209,0.977280,1051
1052,agents enquete,natheal/y,0.287112,0.293989,0.976611,1051
1052,agents enquete,natcity/y,0.365940,0.359762,1.017174,1051
1052,agents enquete,natdrug/y,0.322493,0.325348,0.991225,1052
1052,agents enquete,nateduc/y,0.290130,0.315379,0.919940,1052
1052,agents enquete,natrace/y,0.408991,0.385579,1.060719,1052
1052,agents enquete,natarms/y,0.336190,0.377870,0.889699,1052
1052,agents enquete,nataid/y,0.421082,0.288357,1.460278,1052
1052,agents enquete,natfare/y,0.406144,0.318558,1.274945,1052
1052,agents enquete,natroad,0.269673,0.317993,0.848046,1052
1052,agents enquete,natsoc,0.330531,0.272502,1.212946,1052
1052,agents enquete,natmass,0.316616,0.318037,0.995533,1052
1052,agents enquete,natpark,0.328236,0.275028,1.193465,1052
1052,agents enquete,natchld,0.331025,0.322694,1.025819,1052
1052,agents enquete,natsci,0.329233,0.307142,1.071926,1052
1052,agents enquete,natenrgy,0.325698,0.353109,0.922375,1052
1052,agents enquete,courts,0.444390,0.385332,1.153266,1052
1052,agents enquete,discaffw,0.172262,0.308428,0.558515,1051
1052,agents enquete,discaffm,0.259442,0.300843,0.862384,1051
1052,agents enquete,fehire,0.314354,0.290181,1.083303,1050
1052,agents enquete,fechld,0.279252,0.258932,1.078475,1050
1052,agents enquete,fepresch,0.283654,0.266972,1.062485,1050
1052,agents enquete,fefam,0.376330,0.303843,1.238567,1050
1052,agents enquete,mobile16,0.362386,0.410932,0.881865,1048
1052,agents enquete,incom16,0.195268,0.212691,0.918084,1048
1052,agents enquete,conarmy,0.263219,0.333390,0.789521,1052
1052,agents enquete,conbus,0.230428,0.314966,0.731597,1052
1052,agents enquete,conclerg,0.372290,0.347467,1.071440,1052
1052,agents enquete,coneduc,0.136247,0.319950,0.425838,1051
1052,agents enquete,confed,0.300689,0.335515,0.896200,1051
1052,agents enquete,confinan,0.263726,0.328328,0.803239,1051
1052,agents enquete,conjudge,0.199820,0.358781,0.556941,1051
1052,agents enquete,conlabor,0.236046,0.332310,0.710319,1049
1052,agents enquete,conlegis,0.228672,0.305221,0.749201,1049
1052,agents enquete,conmedic,0.258820,0.330616,0.782840,1049
1052,agents enquete,conpress,0.247374,0.319008,0.775448,1049
1052,agents enquete,consci,0.257810,0.342247,0.753286,1051
1052,agents enquete,contv,0.249086,0.312941,0.795952,1051
1052,agents enquete,happy,0.228695,0.326370,0.700722,1049
1052,agents enquete,class,0.208285,0.261780,0.795649,1052
1052,agents enquete,satfin,0.308286,0.384801,0.801158,1044
1052,agents enquete,finalter,0.331558,0.387553,0.855515,1052
1052,agents enquete,finrela,0.203798,0.244713,0.832805,1052
1052,agents enquete,wlthwhts,0.085087,0.141097,0.603043,1051
1052,agents enquete,wlthblks,0.083158,0.141824,0.586344,1044
1052,agents enquete,wlthhsps,0.124347,0.150737,0.824924,1051
1052,agents enquete,letin1a,0.284528,0.315041,0.903146,1052
1052,agents enquete,getahead,0.236604,0.306519,0.771907,1051
1052,agents enquete,aged,0.249367,0.292507,0.852517,1051
1052,agents enquete,parsol,0.266880,0.302532,0.882154,1051
1052,agents enquete,spanking,0.270945,0.349673,0.774853,1051
1052,agents enquete,divlaw,0.357713,0.346243,1.033129,1052
1052,agents enquete,pillok,0.374151,0.343834,1.088174,1051
1052,agents enquete,xmarsex,0.261905,0.294393,0.889644,1044
1052,agents enquete,homosex,0.454047,0.417309,1.088035,1051
1052,agents enquete,marhomo,0.421613,0.358872,1.174829,1051
1052,agents enquete,discaff,0.391409,0.350266,1.117462,1051
1052,agents enquete,pornlaw,0.193168,0.264989,0.728965,1052
1052,agents enquete,fair,0.344127,0.389860,0.882693,1052
1052,agents enquete,helpful,0.420258,0.395581,1.062382,1052
1052,agents enquete,trust,0.417064,0.378430,1.102090,1052
1052,agents enquete,tax,0.292071,0.270704,1.078930,1052
1052,agents enquete,news,0.236120,0.369203,0.639540,1052
1052,agents enquete,attend,0.289886,0.324400,0.893607,1050
1052,agents enquete,pray,0.312389,0.401518,0.778020,1051
1052,agents enquete,bible,0.290146,0.374536,0.774681,1048
1052,agents enquete,granborn,0.452873,0.413156,1.096131,1052
1052,agents enquete,income,0.197389,0.302582,0.652351,1034
1052,agents enquete,health,0.145001,0.247506,0.585848,1052
1052,agents enquete,life,0.300390,0.291490,1.030533,1048
1052,agents demographiques (v6),natspac/y,0.331341,0.340035,0.974432,1047
1052,agents demographiques (v6),natenvir/y,0.316506,0.345520,0.916028,1047
1052,agents demographiques (v6),natheal/y,0.187914,0.294231,0.638661,1047
1052,agents demographiques (v6),natcity/y,0.368545,0.359692,1.024612,1047
1052,agents demographiques (v6),natdrug/y,0.162558,0.325475,0.499449,1050
1052,agents demographiques (v6),nateduc/y,0.081978,0.315570,0.259779,1050
1052,agents demographiques (v6),natrace/y,0.257455,0.385486,0.667869,1050
1052,agents demographiques (v6),natarms/y,0.243272,0.378215,0.643210,1050
1052,agents demographiques (v6),nataid/y,0.111165,0.288605,0.385182,1049
1052,agents demographiques (v6),natfare/y,0.274289,0.318674,0.860719,1049
1052,agents demographiques (v6),natroad,0.242463,0.318140,0.762127,1049
1052,agents demographiques (v6),natsoc,0.259490,0.272722,0.951481,1049
1052,agents demographiques (v6),natmass,0.185706,0.318151,0.583705,1051
1052,agents demographiques (v6),natpark,0.266615,0.275140,0.969014,1051
1052,agents demographiques (v6),natchld,0.213456,0.322767,0.661330,1051
1052,agents demographiques (v6),natsci,0.268273,0.307266,0.873096,1051
1052,agents demographiques (v6),natenrgy,0.248991,0.353233,0.704890,1051
1052,agents demographiques (v6),courts,0.304490,0.385486,0.789887,1051
1052,agents demographiques (v6),discaffw,0.084076,0.308637,0.272409,1051
1052,agents demographiques (v6),discaffm,0.109642,0.301047,0.364203,1051
1052,agents demographiques (v6),fehire,0.196004,0.290054,0.675749,1051
1052,agents demographiques (v6),fechld,0.189500,0.258815,0.732181,1051
1052,agents demographiques (v6),fepresch,0.178015,0.266819,0.667175,1051
1052,agents demographiques (v6),fefam,0.257788,0.303846,0.848417,1051
1052,agents demographiques (v6),mobile16,0.226240,0.411644,0.549601,1042
1052,agents demographiques (v6),incom16,0.152135,0.212491,0.715957,1048
1052,agents demographiques (v6),conarmy,0.156409,0.333028,0.469658,1048
1052,agents demographiques (v6),conbus,0.144975,0.315279,0.459830,1048
1052,agents demographiques (v6),conclerg,0.321570,0.347074,0.926516,1048
1052,agents demographiques (v6),coneduc,0.077120,0.318922,0.241815,1047
1052,agents demographiques (v6),confed,0.204808,0.335428,0.610587,1047
1052,agents demographiques (v6),confinan,0.208710,0.328219,0.635885,1047
1052,agents demographiques (v6),conjudge,0.115355,0.358747,0.321549,1047
1052,agents demographiques (v6),conlabor,0.082409,0.332516,0.247835,1050
1052,agents demographiques (v6),conlegis,0.213060,0.304507,0.699690,1050
1052,agents demographiques (v6),conmedic,0.073221,0.330862,0.221305,1050
1052,agents demographiques (v6),conpress,0.203581,0.318265,0.639659,1050
1052,agents demographiques (v6),consci,0.239509,0.342429,0.699442,1048
1052,agents demographiques (v6),contv,0.146967,0.312896,0.469699,1048
1052,agents demographiques (v6),happy,0.089488,0.325720,0.274740,1048
1052,agents demographiques (v6),class,0.240149,0.261902,0.916940,1050
1052,agents demographiques (v6),satfin,0.227718,0.384853,0.591702,1049
1052,agents demographiques (v6),finalter,0.236078,0.387553,0.609150,1052
1052,agents demographiques (v6),finrela,0.231565,0.244704,0.946309,1050
1052,agents demographiques (v6),wlthwhts,0.073997,0.141033,0.524677,1049
1052,agents demographiques (v6),wlthblks,0.044167,0.143311,0.308187,1036
1052,agents demographiques (v6),wlthhsps,0.127073,0.150798,0.842669,1050
1052,agents demographiques (v6),letin1a,0.124182,0.315041,0.394177,1049
1052,agents demographiques (v6),getahead,0.151416,0.306411,0.494160,1051
1052,agents demographiques (v6),aged,0.167901,0.292507,0.574008,1051
1052,agents demographiques (v6),parsol,0.208551,0.302675,0.689026,1050
1052,agents demographiques (v6),spanking,0.180647,0.349131,0.517419,1050
1052,agents demographiques (v6),divlaw,0.255765,0.346154,0.738876,1048
1052,agents demographiques (v6),pillok,0.211082,0.344543,0.612645,1050
1052,agents demographiques (v6),xmarsex,0.169320,0.295243,0.573495,1051
1052,agents demographiques (v6),homosex,0.474424,0.417367,1.136707,1049
1052,agents demographiques (v6),marhomo,0.396538,0.358831,1.105081,1051
1052,agents demographiques (v6),discaff,0.288982,0.350183,0.825230,1051
1052,agents demographiques (v6),pornlaw,0.167102,0.265102,0.630331,1051
1052,agents demographiques (v6),fair,0.162964,0.389860,0.418006,1052
1052,agents demographiques (v6),helpful,0.339940,0.395581,0.859343,1052
1052,agents demographiques (v6),trust,0.332441,0.378430,0.878472,1052
1052,agents demographiques (v6),tax,0.239874,0.270704,0.886112,1052
1052,agents demographiques (v6),news,0.224801,0.369514,0.608371,1050
1052,agents demographiques (v6),attend,0.326082,0.324329,1.005407,1050
1052,agents demographiques (v6),pray,0.313573,0.401329,0.781336,1050
1052,agents demographiques (v6),bible,0.254861,0.373996,0.681452,1045
1052,agents demographiques (v6),granborn,0.416932,0.412821,1.009959,1051
1052,agents demographiques (v6),income,0.303514,0.303514,1.000000,1046
1052,agents demographiques (v6),health,0.076765,0.247613,0.310020,1051
1052,agents demographiques (v6),life,0.021843,0.291802,0.074854,1049
1052,agents v7,natspac/y,0.406307,0.339938,1.195238,1052
1052,agents v7,natenvir/y,0.219071,0.345116,0.634776,1052
1052,agents v7,natheal/y,0.182420,0.293896,0.620696,1052
1052,agents v7,natcity/y,0.399295,0.359880,1.109523,1052
1052,agents v7,natdrug/y,0.189089,0.325348,0.581188,1052
1052,agents v7,nateduc/y,0.151514,0.315379,0.480419,1052
1052,agents v7,natrace/y,0.216563,0.385579,0.561657,1052
1052,agents v7,natarms/y,0.242957,0.377870,0.642966,1052
1052,agents v7,nataid/y,0.435769,0.288327,1.511369,1051
1052,agents v7,natfare/y,0.274441,0.317731,0.863753,1051
1052,agents v7,natroad,0.271687,0.318106,0.854077,1050
1052,agents v7,natsoc,0.269812,0.272453,0.990309,1051
1052,agents v7,natmass,0.297928,0.318037,0.936771,1052
1052,agents v7,natpark,0.259636,0.275028,0.944033,1052
1052,agents v7,natchld,0.267373,0.322694,0.828564,1052
1052,agents v7,natsci,0.276963,0.307142,0.901743,1052
1052,agents v7,natenrgy,0.249422,0.353109,0.706360,1052
1052,agents v7,courts,0.348211,0.385332,0.903664,1052
1052,agents v7,discaffw,0.082988,0.308573,0.268942,1052
1052,agents v7,discaffm,0.113208,0.300905,0.376226,1052
1052,agents v7,fehire,0.181612,0.289905,0.626454,1050
1052,agents v7,fechld,0.199830,0.258932,0.771747,1050
1052,agents v7,fepresch,0.187902,0.266946,0.703894,1050
1052,agents v7,fefam,0.228887,0.304191,0.752444,1050
1052,agents v7,mobile16,0.378930,0.411018,0.921932,1050
1052,agents v7,incom16,0.106134,0.212382,0.499732,1050
1052,agents v7,conarmy,0.189773,0.333620,0.568829,1050
1052,agents v7,conbus,0.167350,0.315007,0.531259,1050
1052,agents v7,conclerg,0.234767,0.347021,0.676523,1050
1052,agents v7,coneduc,0.129412,0.319801,0.404663,1052
1052,agents v7,confed,0.232106,0.335384,0.692059,1052
1052,agents v7,confinan,0.205779,0.328174,0.627042,1052
1052,agents v7,conjudge,0.172559,0.359087,0.480550,1052
1052,agents v7,conlabor,0.138774,0.332358,0.417545,1051
1052,agents v7,conlegis,0.230403,0.305174,0.754988,1051
1052,agents v7,conmedic,0.180391,0.330623,0.545609,1051
1052,agents v7,conpress,0.200735,0.318907,0.629446,1051
1052,agents v7,consci,0.259771,0.342139,0.759257,1052
1052,agents v7,contv,0.219024,0.312837,0.700123,1052
1052,agents v7,happy,0.205801,0.325906,0.631472,1052
1052,agents v7,class,0.153156,0.261592,0.585478,1051
1052,agents v7,satfin,0.180528,0.384099,0.470005,1048
1052,agents v7,finalter,0.226189,0.387553,0.583634,1052
1052,agents v7,finrela,0.125054,0.244780,0.510882,1051
1052,agents v7,wlthwhts,0.081450,0.141097,0.577261,1051
1052,agents v7,wlthblks,0.039697,0.142881,0.277833,1042
1052,agents v7,wlthhsps,0.117152,0.150761,0.777072,1051
1052,agents v7,letin1a,0.183984,0.315420,0.583299,1049
1052,agents v7,getahead,0.167909,0.306519,0.547794,1051
1052,agents v7,aged,0.224773,0.292288,0.769011,1051
1052,agents v7,parsol,0.161463,0.302172,0.534341,1051
1052,agents v7,spanking,0.214607,0.349698,0.613692,1051
1052,agents v7,divlaw,0.269717,0.346004,0.779521,1049
1052,agents v7,pillok,0.220845,0.344381,0.641281,1051
1052,agents v7,xmarsex,0.233537,0.295117,0.791335,1052
1052,agents v7,homosex,0.339477,0.417282,0.813543,1050
1052,agents v7,marhomo,0.297439,0.358765,0.829062,1052
1052,agents v7,discaff,0.253231,0.350148,0.723211,1052
1052,agents v7,pornlaw,0.120903,0.264989,0.456258,1052
1052,agents v7,fair,0.278740,0.389860,0.714975,1052
1052,agents v7,helpful,0.320675,0.395581,0.810643,1052
1052,agents v7,trust,0.332276,0.378430,0.878037,1052
1052,agents v7,tax,0.226318,0.270691,0.836074,1051
1052,agents v7,news,0.234201,0.369203,0.634343,1052
1052,agents v7,attend,0.220560,0.324341,0.680026,1051
1052,agents v7,pray,0.234561,0.401518,0.584185,1051
1052,agents v7,bible,0.210245,0.374880,0.560832,1051
1052,agents v7,granborn,0.356356,0.413156,0.862524,1052
1052,agents v7,income,0.122758,0.303086,0.405028,1038
1052,agents v7,health,0.139258,0.247016,0.563764,1048
1052,agents v7,life,0.263198,0.291571,0.902691,1051
1052,agents v8,natspac/y,0.348661,0.339964,1.025581,1050
1052,agents v8,natenvir/y,0.433418,0.345303,1.255184,1050
1052,agents v8,natheal/y,0.408338,0.294081,1.388522,1050
1052,agents v8,natcity/y,0.430540,0.359845,1.196461,1050
1052,agents v8,natdrug/y,0.429527,0.325412,1.319950,1051
1052,agents v8,nateduc/y,0.396277,0.315475,1.256129,1051
1052,agents v8,natrace/y,0.439455,0.385757,1.139202,1051
1052,agents v8,natarms/y,0.419248,0.377632,1.110202,1051
1052,agents v8,nataid/y,0.421515,0.288410,1.461514,1050
1052,agents v8,natfare/y,0.439778,0.318664,1.380065,1050
1052,agents v8,natroad,0.254963,0.318060,0.801619,1050
1052,agents v8,natsoc,0.333637,0.272649,1.223686,1050
1052,agents v8,natmass,0.447738,0.317540,1.410023,1051
1052,agents v8,natpark,0.406675,0.275140,1.478067,1051
1052,agents v8,natchld,0.440086,0.322053,1.366500,1051
1052,agents v8,natsci,0.425731,0.306694,1.388131,1051
1052,agents v8,natenrgy,0.441262,0.353233,1.249209,1051
1052,agents v8,courts,0.421671,0.385367,1.094204,1051
1052,agents v8,discaffw,0.276702,0.308637,0.896530,1051
1052,agents v8,discaffm,0.319852,0.300899,1.062988,1051
1052,agents v8,fehire,0.372352,0.290018,1.283892,1051
1052,agents v8,fechld,0.302104,0.258946,1.166666,1051
1052,agents v8,fepresch,0.305907,0.267030,1.145588,1051
1052,agents v8,fefam,0.374267,0.304047,1.230951,1051
1052,agents v8,mobile16,0.314785,0.410328,0.767155,1050
1052,agents v8,incom16,0.122090,0.212487,0.574578,1051
1052,agents v8,conarmy,0.320260,0.333390,0.960616,1052
1052,agents v8,conbus,0.269730,0.314966,0.856377,1052
1052,agents v8,conclerg,0.365520,0.347467,1.051958,1052
1052,agents v8,coneduc,0.202196,0.319801,0.632257,1052
1052,agents v8,confed,0.274890,0.335384,0.819626,1052
1052,agents v8,confinan,0.228904,0.328174,0.697507,1052
1052,agents v8,conjudge,0.360623,0.359087,1.004276,1052
1052,agents v8,conlabor,0.346124,0.332552,1.040812,1052
1052,agents v8,conlegis,0.220827,0.305105,0.723775,1052
1052,agents v8,conmedic,0.138631,0.330626,0.419298,1052
1052,agents v8,conpress,0.249994,0.318801,0.784170,1052
1052,agents v8,consci,0.326522,0.342139,0.954354,1052
1052,agents v8,contv,0.247424,0.312837,0.790905,1052
1052,agents v8,happy,0.034421,0.326061,0.105567,1051
1052,agents v8,class,0.040907,0.261893,0.156198,1051
1052,agents v8,satfin,0.169643,0.384521,0.441181,1049
1052,agents v8,finalter,0.180839,0.387737,0.466396,1051
1052,agents v8,finrela,0.104890,0.244780,0.428507,1051
1052,agents v8,wlthwhts,0.088778,0.141069,0.629325,1050
1052,agents v8,wlthblks,0.058168,0.142452,0.408333,1004
1052,agents v8,wlthhsps,0.126257,0.150761,0.837465,1051
1052,agents v8,letin1a,0.348600,0.315104,1.106299,1050
1052,agents v8,getahead,0.287914,0.306519,0.939300,1051
1052,agents v8,aged,0.190430,0.292507,0.651026,1051
1052,agents v8,parsol,0.095376,0.302467,0.315329,1052
1052,agents v8,spanking,0.321495,0.349558,0.919718,1052
1052,agents v8,divlaw,0.378351,0.345854,1.093962,1050
1052,agents v8,pillok,0.373430,0.344219,1.084862,1052
1052,agents v8,xmarsex,0.314297,0.295219,1.064623,1050
1052,agents v8,homosex,0.439671,0.416773,1.054942,1051
1052,agents v8,marhomo,0.399297,0.358247,1.114584,1051
1052,agents v8,discaff,0.405435,0.349668,1.159485,1051
1052,agents v8,pornlaw,0.203511,0.264428,0.769627,1049
1052,agents v8,fair,0.271090,0.390044,0.695024,1051
1052,agents v8,helpful,0.376691,0.395505,0.952432,1051
1052,agents v8,trust,0.354381,0.378476,0.936336,1051
1052,agents v8,tax,0.322018,0.270751,1.189349,1051
1052,agents v8,news,0.191101,0.369190,0.517623,1051
1052,agents v8,attend,0.310262,0.324211,0.956974,1052
1052,agents v8,pray,0.289310,0.401413,0.720729,1052
1052,agents v8,bible,0.304311,0.374416,0.812763,1050
1052,agents v8,granborn,0.293200,0.413233,0.709527,1051
1052,agents v8,income,0.054839,0.303981,0.180402,1028
1052,agents v8,health,0.096030,0.247722,0.387653,1050
1052,agents v8,life,0.192185,0.290868,0.660730,1050
1052,B0 uniforme,natspac/y,0.404218,0.339938,1.189094,1052
1052,B0 uniforme,natenvir/y,0.408050,0.345116,1.182355,1052
1052,B0 uniforme,natheal/y,0.401894,0.293896,1.367470,1052
1052,B0 uniforme,natcity/y,0.408245,0.359880,1.134394,1052
1052,B0 uniforme,natdrug/y,0.410375,0.325348,1.261339,1052
1052,B0 uniforme,nateduc/y,0.410569,0.315379,1.301827,1052
1052,B0 uniforme,natrace/y,0.412834,0.385579,1.070686,1052
1052,B0 uniforme,natarms/y,0.411779,0.377870,1.089739,1052
1052,B0 uniforme,nataid/y,0.411812,0.288357,1.428133,1052
1052,B0 uniforme,natfare/y,0.400993,0.318558,1.258776,1052
1052,B0 uniforme,natroad,0.414682,0.317993,1.304059,1052
1052,B0 uniforme,natsoc,0.407867,0.272502,1.496745,1052
1052,B0 uniforme,natmass,0.405299,0.318037,1.274378,1052
1052,B0 uniforme,natpark,0.410378,0.275028,1.492131,1052
1052,B0 uniforme,natchld,0.413139,0.322694,1.280281,1052
1052,B0 uniforme,natsci,0.412113,0.307142,1.341768,1052
1052,B0 uniforme,natenrgy,0.408894,0.353109,1.157984,1052
1052,B0 uniforme,courts,0.413000,0.385332,1.071803,1052
1052,B0 uniforme,discaffw,0.373705,0.308573,1.211074,1052
1052,B0 uniforme,discaffm,0.371606,0.300905,1.234962,1052
1052,B0 uniforme,fehire,0.349598,0.289927,1.205813,1052
1052,B0 uniforme,fechld,0.377924,0.258830,1.460127,1052
1052,B0 uniforme,fepresch,0.364330,0.266904,1.365026,1052
1052,B0 uniforme,fefam,0.370826,0.303904,1.220209,1052
1052,B0 uniforme,mobile16,0.392411,0.410631,0.955627,1052
1052,B0 uniforme,incom16,0.352703,0.212392,1.660628,1052
1052,B0 uniforme,conarmy,0.405322,0.333390,1.215758,1052
1052,B0 uniforme,conbus,0.412977,0.314966,1.311178,1052
1052,B0 uniforme,conclerg,0.412097,0.347467,1.186004,1052
1052,B0 uniforme,coneduc,0.409666,0.319801,1.281001,1052
1052,B0 uniforme,confed,0.403323,0.335384,1.202570,1052
1052,B0 uniforme,confinan,0.411833,0.328174,1.254924,1052
1052,B0 uniforme,conjudge,0.410010,0.359087,1.141810,1052
1052,B0 uniforme,conlabor,0.404567,0.332552,1.216553,1052
1052,B0 uniforme,conlegis,0.406360,0.305105,1.331871,1052
1052,B0 uniforme,conmedic,0.403292,0.330626,1.219781,1052
1052,B0 uniforme,conpress,0.408582,0.318801,1.281621,1052
1052,B0 uniforme,consci,0.410957,0.342139,1.201141,1052
1052,B0 uniforme,contv,0.410082,0.312837,1.310849,1052
1052,B0 uniforme,happy,0.407749,0.325906,1.251123,1052
1052,B0 uniforme,class,0.370580,0.261780,1.415614,1052
1052,B0 uniforme,satfin,0.407032,0.384606,1.058308,1052
1052,B0 uniforme,finalter,0.404767,0.387553,1.044417,1052
1052,B0 uniforme,finrela,0.355128,0.244713,1.451203,1052
1052,B0 uniforme,wlthwhts,0.330545,0.141084,2.342898,1052
1052,B0 uniforme,wlthblks,0.336434,0.143050,2.351870,1052
1052,B0 uniforme,wlthhsps,0.337838,0.150701,2.241775,1052
1052,B0 uniforme,letin1a,0.357503,0.315041,1.134784,1052
1052,B0 uniforme,getahead,0.409387,0.306424,1.336014,1052
1052,B0 uniforme,aged,0.411982,0.292390,1.409016,1052
1052,B0 uniforme,parsol,0.346777,0.302467,1.146498,1052
1052,B0 uniforme,spanking,0.376804,0.349558,1.077943,1052
1052,B0 uniforme,divlaw,0.412104,0.346243,1.190219,1052
1052,B0 uniforme,pillok,0.373408,0.344219,1.084800,1052
1052,B0 uniforme,xmarsex,0.375534,0.295117,1.272491,1052
1052,B0 uniforme,homosex,0.378165,0.417111,0.906629,1052
1052,B0 uniforme,marhomo,0.352266,0.358765,0.981886,1052
1052,B0 uniforme,discaff,0.403842,0.350148,1.153346,1052
1052,B0 uniforme,pornlaw,0.412880,0.264989,1.558104,1052
1052,B0 uniforme,fair,0.409462,0.389860,1.050280,1052
1052,B0 uniforme,helpful,0.415562,0.395581,1.050511,1052
1052,B0 uniforme,trust,0.414097,0.378430,1.094247,1052
1052,B0 uniforme,tax,0.410043,0.270704,1.514726,1052
1052,B0 uniforme,news,0.354871,0.369203,0.961182,1052
1052,B0 uniforme,attend,0.330858,0.324211,1.020502,1052
1052,B0 uniforme,pray,0.342540,0.401413,0.853336,1052
1052,B0 uniforme,bible,0.406274,0.374709,1.084238,1052
1052,B0 uniforme,granborn,0.357750,0.413156,0.865897,1052
1052,B0 uniforme,income,0.309692,0.303977,1.018802,1052
1052,B0 uniforme,health,0.376360,0.247506,1.520611,1052
1052,B0 uniforme,life,0.416689,0.291455,1.429685,1052
1052,B0 mode,natspac/y,0.000000,0.339938,0.000000,1052
1052,B0 mode,natenvir/y,0.000000,0.345116,0.000000,1052
1052,B0 mode,natheal/y,0.000000,0.293896,0.000000,1052
1052,B0 mode,natcity/y,0.000000,0.359880,0.000000,1052
1052,B0 mode,natdrug/y,0.000000,0.325348,0.000000,1052
1052,B0 mode,nateduc/y,0.000000,0.315379,0.000000,1052
1052,B0 mode,natrace/y,0.199952,0.385579,0.518577,1052
1052,B0 mode,natarms/y,0.199952,0.377870,0.529157,1052
1052,B0 mode,nataid/y,0.000000,0.288357,0.000000,1052
1052,B0 mode,natfare/y,0.000000,0.318558,0.000000,1052
1052,B0 mode,natroad,0.000000,0.317993,0.000000,1052
1052,B0 mode,natsoc,0.000000,0.272502,0.000000,1052
1052,B0 mode,natmass,0.000000,0.318037,0.000000,1052
1052,B0 mode,natpark,0.000000,0.275028,0.000000,1052
1052,B0 mode,natchld,0.000000,0.322694,0.000000,1052
1052,B0 mode,natsci,0.000000,0.307142,0.000000,1052
1052,B0 mode,natenrgy,0.000000,0.353109,0.000000,1052
1052,B0 mode,courts,0.000000,0.385332,0.000000,1052
1052,B0 mode,discaffw,0.000000,0.308573,0.000000,1052
1052,B0 mode,discaffm,0.000000,0.300905,0.000000,1052
1052,B0 mode,fehire,0.122542,0.289927,0.422667,1052
1052,B0 mode,fechld,0.000000,0.258830,0.000000,1052
1052,B0 mode,fepresch,0.000000,0.266904,0.000000,1052
1052,B0 mode,fefam,0.000000,0.303904,0.000000,1052
1052,B0 mode,mobile16,0.000000,0.410631,0.000000,1052
1052,B0 mode,incom16,0.000000,0.212392,0.000000,1052
1052,B0 mode,conarmy,0.000000,0.333390,0.000000,1052
1052,B0 mode,conbus,0.000000,0.314966,0.000000,1052
1052,B0 mode,conclerg,0.000000,0.347467,0.000000,1052
1052,B0 mode,coneduc,0.000000,0.319801,0.000000,1052
1052,B0 mode,confed,0.000000,0.335384,0.000000,1052
1052,B0 mode,confinan,0.000000,0.328174,0.000000,1052
1052,B0 mode,conjudge,0.000000,0.359087,0.000000,1052
1052,B0 mode,conlabor,0.000000,0.332552,0.000000,1052
1052,B0 mode,conlegis,0.000000,0.305105,0.000000,1052
1052,B0 mode,conmedic,0.199952,0.330626,0.604768,1052
1052,B0 mode,conpress,0.000000,0.318801,0.000000,1052
1052,B0 mode,consci,0.000000,0.342139,0.000000,1052
1052,B0 mode,contv,0.000000,0.312837,0.000000,1052
1052,B0 mode,happy,0.000000,0.325906,0.000000,1052
1052,B0 mode,class,0.000000,0.261780,0.000000,1052
1052,B0 mode,satfin,0.000000,0.384606,0.000000,1052
1052,B0 mode,finalter,0.000000,0.387553,0.000000,1052
1052,B0 mode,finrela,0.000000,0.244713,0.000000,1052
1052,B0 mode,wlthwhts,0.000000,0.141084,0.000000,1052
1052,B0 mode,wlthblks,0.000000,0.143050,0.000000,1052
1052,B0 mode,wlthhsps,0.081695,0.150701,0.542099,1052
1052,B0 mode,letin1a,0.000000,0.315041,0.000000,1052
1052,B0 mode,getahead,0.000000,0.306424,0.000000,1052
1052,B0 mode,aged,0.000000,0.292390,0.000000,1052
1052,B0 mode,parsol,0.000000,0.302467,0.000000,1052
1052,B0 mode,spanking,0.000000,0.349558,0.000000,1052
1052,B0 mode,divlaw,0.000000,0.346243,0.000000,1052
1052,B0 mode,pillok,0.133302,0.344219,0.387258,1052
1052,B0 mode,xmarsex,0.000000,0.295117,0.000000,1052
1052,B0 mode,homosex,0.000000,0.417111,0.000000,1052
1052,B0 mode,marhomo,0.000000,0.358765,0.000000,1052
1052,B0 mode,discaff,0.000000,0.350148,0.000000,1052
1052,B0 mode,pornlaw,0.000000,0.264989,0.000000,1052
1052,B0 mode,fair,0.000000,0.389860,0.000000,1052
1052,B0 mode,helpful,0.000000,0.395581,0.000000,1052
1052,B0 mode,trust,0.000000,0.378430,0.000000,1052
1052,B0 mode,tax,0.000000,0.270704,0.000000,1052
1052,B0 mode,news,0.000000,0.369203,0.000000,1052
1052,B0 mode,attend,0.000000,0.324211,0.000000,1052
1052,B0 mode,pray,0.000000,0.401413,0.000000,1052
1052,B0 mode,bible,0.000000,0.374709,0.000000,1052
1052,B0 mode,granborn,0.000000,0.413156,0.000000,1052
1052,B0 mode,income,0.000000,0.303977,0.000000,1052
1052,B0 mode,health,0.000000,0.247506,0.000000,1052
1052,B0 mode,life,0.000000,0.291455,0.000000,1052
1052,B0 tirage,natspac/y,0.349817,0.339938,1.029061,1052
1052,B0 tirage,natenvir/y,0.334579,0.345116,0.969468,1052
1052,B0 tirage,natheal/y,0.293262,0.293896,0.997842,1052
1052,B0 tirage,natcity/y,0.361305,0.359880,1.003960,1052
1052,B0 tirage,natdrug/y,0.327467,0.325348,1.006511,1052
1052,B0 tirage,nateduc/y,0.321047,0.315379,1.017971,1052
1052,B0 tirage,natrace/y,0.377486,0.385579,0.979011,1052
1052,B0 tirage,natarms/y,0.383733,0.377870,1.015518,1052
1052,B0 tirage,nataid/y,0.286025,0.288357,0.991914,1052
1052,B0 tirage,natfare/y,0.306849,0.318558,0.963243,1052
1052,B0 tirage,natroad,0.313991,0.317993,0.987416,1052
1052,B0 tirage,natsoc,0.271827,0.272502,0.997523,1052
1052,B0 tirage,natmass,0.313037,0.318037,0.984277,1052
1052,B0 tirage,natpark,0.270877,0.275028,0.984908,1052
1052,B0 tirage,natchld,0.331762,0.322694,1.028102,1052
1052,B0 tirage,natsci,0.306056,0.307142,0.996464,1052
1052,B0 tirage,natenrgy,0.354036,0.353109,1.002626,1052
1052,B0 tirage,courts,0.383509,0.385332,0.995270,1052
1052,B0 tirage,discaffw,0.317419,0.308573,1.028666,1052
1052,B0 tirage,discaffm,0.297591,0.300905,0.988987,1052
1052,B0 tirage,fehire,0.290547,0.289927,1.002140,1052
1052,B0 tirage,fechld,0.251656,0.258830,0.972284,1052
1052,B0 tirage,fepresch,0.274065,0.266904,1.026830,1052
1052,B0 tirage,fefam,0.308338,0.303904,1.014591,1052
1052,B0 tirage,mobile16,0.411435,0.410631,1.001956,1052
1052,B0 tirage,incom16,0.215866,0.212392,1.016357,1052
1052,B0 tirage,conarmy,0.328248,0.333390,0.984578,1052
1052,B0 tirage,conbus,0.308658,0.314966,0.979971,1052
1052,B0 tirage,conclerg,0.352229,0.347467,1.013705,1052
1052,B0 tirage,coneduc,0.316295,0.319801,0.989036,1052
1052,B0 tirage,confed,0.335430,0.335384,1.000137,1052
1052,B0 tirage,confinan,0.328662,0.328174,1.001486,1052
1052,B0 tirage,conjudge,0.368438,0.359087,1.026041,1052
1052,B0 tirage,conlabor,0.332937,0.332552,1.001158,1052
1052,B0 tirage,conlegis,0.307435,0.305105,1.007637,1052
1052,B0 tirage,conmedic,0.328097,0.330626,0.992350,1052
1052,B0 tirage,conpress,0.316142,0.318801,0.991658,1052
1052,B0 tirage,consci,0.336749,0.342139,0.984245,1052
1052,B0 tirage,contv,0.310943,0.312837,0.993946,1052
1052,B0 tirage,happy,0.333125,0.325906,1.022150,1052
1052,B0 tirage,class,0.263923,0.261780,1.008184,1052
1052,B0 tirage,satfin,0.383107,0.384606,0.996104,1052
1052,B0 tirage,finalter,0.390398,0.387553,1.007340,1052
1052,B0 tirage,finrela,0.249221,0.244713,1.018422,1052
1052,B0 tirage,wlthwhts,0.138934,0.141084,0.984758,1052
1052,B0 tirage,wlthblks,0.141543,0.143050,0.989465,1052
1052,B0 tirage,wlthhsps,0.153494,0.150701,1.018532,1052
1052,B0 tirage,letin1a,0.309608,0.315041,0.982756,1052
1052,B0 tirage,getahead,0.312354,0.306424,1.019351,1052
1052,B0 tirage,aged,0.287078,0.292390,0.981834,1052
1052,B0 tirage,parsol,0.301714,0.302467,0.997511,1052
1052,B0 tirage,spanking,0.348788,0.349558,0.997797,1052
1052,B0 tirage,divlaw,0.337907,0.346243,0.975926,1052
1052,B0 tirage,pillok,0.342990,0.344219,0.996431,1052
1052,B0 tirage,xmarsex,0.296829,0.295117,1.005800,1052
1052,B0 tirage,homosex,0.417860,0.417111,1.001795,1052
1052,B0 tirage,marhomo,0.351464,0.358765,0.979650,1052
1052,B0 tirage,discaff,0.353717,0.350148,1.010194,1052
1052,B0 tirage,pornlaw,0.266742,0.264989,1.006616,1052
1052,B0 tirage,fair,0.395656,0.389860,1.014867,1052
1052,B0 tirage,helpful,0.393096,0.395581,0.993718,1052
1052,B0 tirage,trust,0.377597,0.378430,0.997797,1052
1052,B0 tirage,tax,0.273440,0.270704,1.010105,1052
1052,B0 tirage,news,0.359499,0.369203,0.973716,1052
1052,B0 tirage,attend,0.321156,0.324211,0.990576,1052
1052,B0 tirage,pray,0.395475,0.401413,0.985209,1052
1052,B0 tirage,bible,0.375452,0.374709,1.001982,1052
1052,B0 tirage,granborn,0.420321,0.413156,1.017344,1052
1052,B0 tirage,income,0.317908,0.303977,1.045830,1052
1052,B0 tirage,health,0.251029,0.247506,1.014236,1052
1052,B0 tirage,life,0.297870,0.291455,1.022011,1052
1052,B1 argmax,natspac/y,0.227055,0.339938,0.667931,1052
1052,B1 argmax,natenvir/y,0.292657,0.345116,0.847995,1052
1052,B1 argmax,natheal/y,0.159105,0.293896,0.541363,1052
1052,B1 argmax,natcity/y,0.308359,0.359880,0.856838,1052
1052,B1 argmax,natdrug/y,0.228756,0.325348,0.703111,1052
1052,B1 argmax,nateduc/y,0.198623,0.315379,0.629789,1052
1052,B1 argmax,natrace/y,0.377750,0.385579,0.979694,1052
1052,B1 argmax,natarms/y,0.358785,0.377870,0.949494,1052
1052,B1 argmax,nataid/y,0.207343,0.288357,0.719048,1052
1052,B1 argmax,natfare/y,0.249013,0.318558,0.781688,1052
1052,B1 argmax,natroad,0.245224,0.317993,0.771161,1052
1052,B1 argmax,natsoc,0.174270,0.272502,0.639518,1052
1052,B1 argmax,natmass,0.260123,0.318037,0.817901,1052
1052,B1 argmax,natpark,0.164227,0.275028,0.597128,1052
1052,B1 argmax,natchld,0.269387,0.322694,0.834808,1052
1052,B1 argmax,natsci,0.229594,0.307142,0.747518,1052
1052,B1 argmax,natenrgy,0.326430,0.353109,0.924448,1052
1052,B1 argmax,courts,0.363831,0.385332,0.944202,1052
1052,B1 argmax,discaffw,0.247776,0.308573,0.802972,1052
1052,B1 argmax,discaffm,0.250800,0.300905,0.833486,1052
1052,B1 argmax,fehire,0.250690,0.289927,0.864665,1052
1052,B1 argmax,fechld,0.191492,0.258830,0.739839,1052
1052,B1 argmax,fepresch,0.187884,0.266904,0.703938,1052
1052,B1 argmax,fefam,0.265626,0.303904,0.874048,1052
1052,B1 argmax,mobile16,0.414002,0.410631,1.008208,1052
1052,B1 argmax,incom16,0.140496,0.212392,0.661497,1052
1052,B1 argmax,conarmy,0.289753,0.333390,0.869110,1052
1052,B1 argmax,conbus,0.221249,0.314966,0.702452,1052
1052,B1 argmax,conclerg,0.277712,0.347467,0.799247,1052
1052,B1 argmax,coneduc,0.209114,0.319801,0.653888,1052
1052,B1 argmax,confed,0.284247,0.335384,0.847526,1052
1052,B1 argmax,confinan,0.208758,0.328174,0.636118,1052
1052,B1 argmax,conjudge,0.322259,0.359087,0.897439,1052
1052,B1 argmax,conlabor,0.233748,0.332552,0.702892,1052
1052,B1 argmax,conlegis,0.259667,0.305105,0.851075,1052
1052,B1 argmax,conmedic,0.271104,0.330626,0.819972,1052
1052,B1 argmax,conpress,0.270582,0.318801,0.848749,1052
1052,B1 argmax,consci,0.292193,0.342139,0.854017,1052
1052,B1 argmax,contv,0.254271,0.312837,0.812791,1052
1052,B1 argmax,happy,0.197970,0.325906,0.607444,1052
1052,B1 argmax,class,0.238645,0.261780,0.911622,1052
1052,B1 argmax,satfin,0.360382,0.384606,0.937017,1052
1052,B1 argmax,finalter,0.361084,0.387553,0.931702,1052
1052,B1 argmax,finrela,0.214517,0.244713,0.876606,1052
1052,B1 argmax,wlthwhts,0.077149,0.141084,0.546834,1052
1052,B1 argmax,wlthblks,0.089280,0.143050,0.624117,1052
1052,B1 argmax,wlthhsps,0.097911,0.150701,0.649703,1052
1052,B1 argmax,letin1a,0.280031,0.315041,0.888872,1052
1052,B1 argmax,getahead,0.261154,0.306424,0.852263,1052
1052,B1 argmax,aged,0.179088,0.292390,0.612498,1052
1052,B1 argmax,parsol,0.254791,0.302467,0.842376,1052
1052,B1 argmax,spanking,0.338884,0.349558,0.969463,1052
1052,B1 argmax,divlaw,0.283411,0.346243,0.818533,1052
1052,B1 argmax,pillok,0.324163,0.344219,0.941735,1052
1052,B1 argmax,xmarsex,0.225149,0.295117,0.762915,1052
1052,B1 argmax,homosex,0.421661,0.417111,1.010908,1052
1052,B1 argmax,marhomo,0.362065,0.358765,1.009198,1052
1052,B1 argmax,discaff,0.314046,0.350148,0.896896,1052
1052,B1 argmax,pornlaw,0.170429,0.264989,0.643157,1052
1052,B1 argmax,fair,0.367238,0.389860,0.941975,1052
1052,B1 argmax,helpful,0.377607,0.395581,0.954565,1052
1052,B1 argmax,trust,0.286813,0.378430,0.757901,1052
1052,B1 argmax,tax,0.223221,0.270704,0.824594,1052
1052,B1 argmax,news,0.374617,0.369203,1.014663,1052
1052,B1 argmax,attend,0.251775,0.324211,0.776576,1052
1052,B1 argmax,pray,0.453382,0.401413,1.129467,1052
1052,B1 argmax,bible,0.348924,0.374709,0.931186,1052
1052,B1 argmax,granborn,0.359574,0.413156,0.870312,1052
1052,B1 argmax,income,0.252284,0.303977,0.829944,1052
1052,B1 argmax,health,0.130835,0.247506,0.528613,1052
1052,B1 argmax,life,0.190316,0.291455,0.652987,1052
1052,B2 argmax,natspac/y,0.140533,0.339938,0.413407,1052
1052,B2 argmax,natenvir/y,0.272718,0.345116,0.790221,1052
1052,B2 argmax,natheal/y,0.130349,0.293896,0.443521,1052
1052,B2 argmax,natcity/y,0.222894,0.359880,0.619357,1052
1052,B2 argmax,natdrug/y,0.181246,0.325348,0.557083,1052
1052,B2 argmax,nateduc/y,0.157625,0.315379,0.499796,1052
1052,B2 argmax,natrace/y,0.376608,0.385579,0.976734,1052
1052,B2 argmax,natarms/y,0.362795,0.377870,0.960106,1052
1052,B2 argmax,nataid/y,0.206107,0.288357,0.714762,1052
1052,B2 argmax,natfare/y,0.163161,0.318558,0.512185,1052
1052,B2 argmax,natroad,0.197407,0.317993,0.620791,1052
1052,B2 argmax,natsoc,0.076193,0.272502,0.279606,1052
1052,B2 argmax,natmass,0.253780,0.318037,0.797959,1052
1052,B2 argmax,natpark,0.167306,0.275028,0.608325,1052
1052,B2 argmax,natchld,0.240396,0.322694,0.744967,1052
1052,B2 argmax,natsci,0.237871,0.307142,0.774466,1052
1052,B2 argmax,natenrgy,0.322380,0.353109,0.912976,1052
1052,B2 argmax,courts,0.327454,0.385332,0.849797,1052
1052,B2 argmax,discaffw,0.160112,0.308573,0.518879,1052
1052,B2 argmax,discaffm,0.179414,0.300905,0.596249,1052
1052,B2 argmax,fehire,0.206747,0.289927,0.713099,1052
1052,B2 argmax,fechld,0.161878,0.258830,0.625421,1052
1052,B2 argmax,fepresch,0.163516,0.266904,0.612639,1052
1052,B2 argmax,fefam,0.236375,0.303904,0.777797,1052
1052,B2 argmax,mobile16,0.401143,0.410631,0.976893,1052
1052,B2 argmax,incom16,0.079068,0.212392,0.372273,1052
1052,B2 argmax,conarmy,0.268744,0.333390,0.806096,1052
1052,B2 argmax,conbus,0.220684,0.314966,0.700660,1052
1052,B2 argmax,conclerg,0.254914,0.347467,0.733637,1052
1052,B2 argmax,coneduc,0.167824,0.319801,0.524778,1052
1052,B2 argmax,confed,0.235278,0.335384,0.701516,1052
1052,B2 argmax,confinan,0.183502,0.328174,0.559162,1052
1052,B2 argmax,conjudge,0.299051,0.359087,0.832808,1052
1052,B2 argmax,conlabor,0.198052,0.332552,0.595553,1052
1052,B2 argmax,conlegis,0.243218,0.305105,0.797162,1052
1052,B2 argmax,conmedic,0.253031,0.330626,0.765308,1052
1052,B2 argmax,conpress,0.232486,0.318801,0.729250,1052
1052,B2 argmax,consci,0.252071,0.342139,0.736749,1052
1052,B2 argmax,contv,0.228694,0.312837,0.731033,1052
1052,B2 argmax,happy,0.136305,0.325906,0.418234,1052
1052,B2 argmax,class,0.204777,0.261780,0.782247,1052
1052,B2 argmax,satfin,0.330237,0.384606,0.858638,1052
1052,B2 argmax,finalter,0.277273,0.387553,0.715445,1052
1052,B2 argmax,finrela,0.145533,0.244713,0.594711,1052
1052,B2 argmax,wlthwhts,0.044200,0.141084,0.313285,1052
1052,B2 argmax,wlthblks,0.072107,0.143050,0.504071,1052
1052,B2 argmax,wlthhsps,0.082660,0.150701,0.548501,1052
1052,B2 argmax,letin1a,0.266564,0.315041,0.846126,1052
1052,B2 argmax,getahead,0.244046,0.306424,0.796433,1052
1052,B2 argmax,aged,0.084597,0.292390,0.289329,1052
1052,B2 argmax,parsol,0.213061,0.302467,0.704413,1052
1052,B2 argmax,spanking,0.335963,0.349558,0.961106,1052
1052,B2 argmax,divlaw,0.274914,0.346243,0.793993,1052
1052,B2 argmax,pillok,0.297039,0.344219,0.862935,1052
1052,B2 argmax,xmarsex,0.231955,0.295117,0.785975,1052
1052,B2 argmax,homosex,0.381589,0.417111,0.914837,1052
1052,B2 argmax,marhomo,0.339003,0.358765,0.944918,1052
1052,B2 argmax,discaff,0.268187,0.350148,0.765924,1052
1052,B2 argmax,pornlaw,0.123840,0.264989,0.467341,1052
1052,B2 argmax,fair,0.301522,0.389860,0.773410,1052
1052,B2 argmax,helpful,0.332813,0.395581,0.841327,1052
1052,B2 argmax,trust,0.299012,0.378430,0.790136,1052
1052,B2 argmax,tax,0.239448,0.270704,0.884538,1052
1052,B2 argmax,news,0.306597,0.369203,0.830431,1052
1052,B2 argmax,attend,0.266990,0.324211,0.823507,1052
1052,B2 argmax,pray,0.431178,0.401413,1.074151,1052
1052,B2 argmax,bible,0.361082,0.374709,0.963632,1052
1052,B2 argmax,granborn,0.169194,0.413156,0.409516,1052
1052,B2 argmax,income,0.016793,0.303977,0.055245,1052
1052,B2 argmax,health,0.107450,0.247506,0.434132,1052
1052,B2 argmax,life,0.123002,0.291455,0.422028,1052
1052,B3 foret,natspac/y,0.084470,0.339938,0.248486,1052
1052,B3 foret,natenvir/y,0.244744,0.345116,0.709164,1052
1052,B3 foret,natheal/y,0.021791,0.293896,0.074144,1052
1052,B3 foret,natcity/y,0.224733,0.359880,0.624466,1052
1052,B3 foret,natdrug/y,0.126311,0.325348,0.388232,1052
1052,B3 foret,nateduc/y,0.064990,0.315379,0.206071,1052
1052,B3 foret,natrace/y,0.369189,0.385579,0.957491,1052
1052,B3 foret,natarms/y,0.346797,0.377870,0.917769,1052
1052,B3 foret,nataid/y,0.121303,0.288357,0.420669,1052
1052,B3 foret,natfare/y,0.095855,0.318558,0.300904,1052
1052,B3 foret,natroad,0.218497,0.317993,0.687114,1052
1052,B3 foret,natsoc,0.034405,0.272502,0.126255,1052
1052,B3 foret,natmass,0.237337,0.318037,0.746255,1052
1052,B3 foret,natpark,0.055264,0.275028,0.200939,1052
1052,B3 foret,natchld,0.211136,0.322694,0.654291,1052
1052,B3 foret,natsci,0.159598,0.307142,0.519624,1052
1052,B3 foret,natenrgy,0.274093,0.353109,0.776227,1052
1052,B3 foret,courts,0.304177,0.385332,0.789389,1052
1052,B3 foret,discaffw,0.168150,0.308573,0.544928,1052
1052,B3 foret,discaffm,0.155693,0.300905,0.517415,1052
1052,B3 foret,fehire,0.183983,0.289927,0.634584,1052
1052,B3 foret,fechld,0.152322,0.258830,0.588503,1052
1052,B3 foret,fepresch,0.095332,0.266904,0.357179,1052
1052,B3 foret,fefam,0.210577,0.303904,0.692907,1052
1052,B3 foret,mobile16,0.415708,0.410631,1.012362,1052
1052,B3 foret,incom16,0.043036,0.212392,0.202624,1052
1052,B3 foret,conarmy,0.248261,0.333390,0.744655,1052
1052,B3 foret,conbus,0.187554,0.314966,0.595474,1052
1052,B3 foret,conclerg,0.236204,0.347467,0.679788,1052
1052,B3 foret,coneduc,0.089931,0.319801,0.281208,1052
1052,B3 foret,confed,0.250171,0.335384,0.745924,1052
1052,B3 foret,confinan,0.119572,0.328174,0.364355,1052
1052,B3 foret,conjudge,0.261922,0.359087,0.729409,1052
1052,B3 foret,conlabor,0.127560,0.332552,0.383580,1052
1052,B3 foret,conlegis,0.239591,0.305105,0.785275,1052
1052,B3 foret,conmedic,0.248797,0.330626,0.752503,1052
1052,B3 foret,conpress,0.249031,0.318801,0.781149,1052
1052,B3 foret,consci,0.252116,0.342139,0.736882,1052
1052,B3 foret,contv,0.245829,0.312837,0.785805,1052
1052,B3 foret,happy,0.037731,0.325906,0.115771,1052
1052,B3 foret,class,0.214244,0.261780,0.818409,1052
1052,B3 foret,satfin,0.308229,0.384606,0.801416,1052
1052,B3 foret,finalter,0.302422,0.387553,0.780337,1052
1052,B3 foret,finrela,0.179145,0.244713,0.732061,1052
1052,B3 foret,wlthwhts,0.034097,0.141084,0.241680,1052
1052,B3 foret,wlthblks,0.067813,0.143050,0.474052,1052
1052,B3 foret,wlthhsps,0.083166,0.150701,0.551863,1052
1052,B3 foret,letin1a,0.243706,0.315041,0.773571,1052
1052,B3 foret,getahead,0.240014,0.306424,0.783274,1052
1052,B3 foret,aged,0.048539,0.292390,0.166009,1052
1052,B3 foret,parsol,0.173408,0.302467,0.573315,1052
1052,B3 foret,spanking,0.318663,0.349558,0.911617,1052
1052,B3 foret,divlaw,0.224476,0.346243,0.648318,1052
1052,B3 foret,pillok,0.282868,0.344219,0.821768,1052
1052,B3 foret,xmarsex,0.153350,0.295117,0.519625,1052
1052,B3 foret,homosex,0.404130,0.417111,0.968878,1052
1052,B3 foret,marhomo,0.336167,0.358765,0.937011,1052
1052,B3 foret,discaff,0.246704,0.350148,0.704570,1052
1052,B3 foret,pornlaw,0.071580,0.264989,0.270124,1052
1052,B3 foret,fair,0.321669,0.389860,0.825089,1052
1052,B3 foret,helpful,0.344748,0.395581,0.871498,1052
1052,B3 foret,trust,0.169252,0.378430,0.447247,1052
1052,B3 foret,tax,0.189625,0.270704,0.700489,1052
1052,B3 foret,news,0.299047,0.369203,0.809979,1052
1052,B3 foret,attend,0.048802,0.324211,0.150526,1052
1052,B3 foret,pray,0.477764,0.401413,1.190206,1052
1052,B3 foret,bible,0.312577,0.374709,0.834186,1052
1052,B3 foret,granborn,0.255844,0.413156,0.619245,1052
1052,B3 foret,income,0.186006,0.303977,0.611909,1052
1052,B3 foret,health,0.048769,0.247506,0.197041,1052
1052,B3 foret,life,0.089713,0.291455,0.307811,1052
1052,humains vague 2,natspac/y,0.347481,0.339938,1.022190,1052
1052,humains vague 2,natenvir/y,0.334253,0.345116,0.968522,1052
1052,humains vague 2,natheal/y,0.287317,0.293896,0.977613,1052
1052,humains vague 2,natcity/y,0.364374,0.359880,1.012490,1052
1052,humains vague 2,natdrug/y,0.328251,0.325348,1.008922,1052
1052,humains vague 2,nateduc/y,0.313408,0.315379,0.993748,1052
1052,humains vague 2,natrace/y,0.375155,0.385579,0.972964,1052
1052,humains vague 2,natarms/y,0.377286,0.377870,0.998456,1052
1052,humains vague 2,nataid/y,0.292397,0.288357,1.014011,1052
1052,humains vague 2,natfare/y,0.309775,0.318558,0.972429,1052
1052,humains vague 2,natroad,0.312892,0.317993,0.983959,1052
1052,humains vague 2,natsoc,0.274364,0.272502,1.006832,1052
1052,humains vague 2,natmass,0.320506,0.318037,1.007762,1052
1052,humains vague 2,natpark,0.277234,0.275028,1.008019,1052
1052,humains vague 2,natchld,0.314830,0.322694,0.975631,1052
1052,humains vague 2,natsci,0.314262,0.307142,1.023181,1052
1052,humains vague 2,natenrgy,0.352724,0.353109,0.998911,1052
1052,humains vague 2,courts,0.379188,0.385332,0.984056,1052
1052,humains vague 2,discaffw,0.303476,0.308573,0.983481,1052
1052,humains vague 2,discaffm,0.304244,0.300905,1.011099,1052
1052,humains vague 2,fehire,0.300623,0.289927,1.036891,1052
1052,humains vague 2,fechld,0.272898,0.258830,1.054352,1052
1052,humains vague 2,fepresch,0.274243,0.266904,1.027497,1052
1052,humains vague 2,fefam,0.309170,0.303904,1.017329,1052
1052,humains vague 2,mobile16,0.411910,0.410631,1.003114,1052
1052,humains vague 2,incom16,0.212260,0.212392,0.999381,1052
1052,humains vague 2,conarmy,0.339032,0.333390,1.016924,1052
1052,humains vague 2,conbus,0.306478,0.314966,0.973052,1052
1052,humains vague 2,conclerg,0.340864,0.347467,0.980999,1052
1052,humains vague 2,coneduc,0.331140,0.319801,1.035456,1052
1052,humains vague 2,confed,0.336013,0.335384,1.001873,1052
1052,humains vague 2,confinan,0.325870,0.328174,0.992980,1052
1052,humains vague 2,conjudge,0.361237,0.359087,1.005986,1052
1052,humains vague 2,conlabor,0.338808,0.332552,1.018813,1052
1052,humains vague 2,conlegis,0.298456,0.305105,0.978207,1052
1052,humains vague 2,conmedic,0.330235,0.330626,0.998815,1052
1052,humains vague 2,conpress,0.322636,0.318801,1.012030,1052
1052,humains vague 2,consci,0.330938,0.342139,0.967261,1052
1052,humains vague 2,contv,0.313305,0.312837,1.001496,1052
1052,humains vague 2,happy,0.317696,0.325906,0.974806,1052
1052,humains vague 2,class,0.254350,0.261780,0.971618,1052
1052,humains vague 2,satfin,0.370841,0.384606,0.964211,1052
1052,humains vague 2,finalter,0.399004,0.387553,1.029546,1052
1052,humains vague 2,finrela,0.244701,0.244713,0.999951,1052
1052,humains vague 2,wlthwhts,0.154035,0.141084,1.091799,1052
1052,humains vague 2,wlthblks,0.148352,0.143050,1.037064,1052
1052,humains vague 2,wlthhsps,0.156935,0.150701,1.041366,1052
1052,humains vague 2,letin1a,0.308545,0.315041,0.979382,1052
1052,humains vague 2,getahead,0.303360,0.306424,0.990000,1052
1052,humains vague 2,aged,0.279696,0.292390,0.956586,1052
1052,humains vague 2,parsol,0.311539,0.302467,1.029996,1052
1052,humains vague 2,spanking,0.351541,0.349558,1.005672,1052
1052,humains vague 2,divlaw,0.355310,0.346243,1.026187,1052
1052,humains vague 2,pillok,0.349953,0.344219,1.016660,1052
1052,humains vague 2,xmarsex,0.285407,0.295117,0.967097,1052
1052,humains vague 2,homosex,0.415694,0.417111,0.996602,1052
1052,humains vague 2,marhomo,0.360722,0.358765,1.005454,1052
1052,humains vague 2,discaff,0.350553,0.350148,1.001157,1052
1052,humains vague 2,pornlaw,0.265557,0.264989,1.002142,1052
1052,humains vague 2,fair,0.377264,0.389860,0.967690,1052
1052,humains vague 2,helpful,0.385718,0.395581,0.975067,1052
1052,humains vague 2,trust,0.364499,0.378430,0.963187,1052
1052,humains vague 2,tax,0.270881,0.270704,1.000652,1052
1052,humains vague 2,news,0.364880,0.369203,0.988292,1052
1052,humains vague 2,attend,0.324881,0.324211,1.002064,1052
1052,humains vague 2,pray,0.401917,0.401413,1.001256,1052
1052,humains vague 2,bible,0.367490,0.374709,0.980734,1052
1052,humains vague 2,granborn,0.403780,0.413156,0.977307,1052
1052,humains vague 2,income,0.304343,0.303977,1.001204,1052
1052,humains vague 2,health,0.240374,0.247506,0.971185,1052
1052,humains vague 2,life,0.289146,0.291455,0.992079,1052
