perimetre,condition,item,correlation,glass_delta,rapport_ecarts_types,sd_pred,sd_humain,n
150,agents composite,natspac/y,0.278343,0.432288,0.999303,0.346749,0.346991,150
150,agents composite,natenvir/y,0.428867,0.413286,1.237416,0.409192,0.330683,150
150,agents composite,natheal/y,0.288482,0.139371,0.958396,0.275064,0.287004,150
150,agents composite,natcity/y,0.342396,0.149134,1.259613,0.422309,0.335268,150
150,agents composite,natdrug/y,0.376404,0.191132,0.987338,0.327163,0.331359,150
150,agents composite,nateduc/y,0.300888,0.022236,1.014087,0.304037,0.299814,150
150,agents composite,natrace/y,0.679088,0.018555,1.238535,0.447979,0.361700,149
150,agents composite,natarms/y,0.391410,0.095492,0.889289,0.341467,0.383977,150
150,agents composite,nataid/y,0.265551,0.078177,1.168877,0.348872,0.298467,150
150,agents composite,natfare/y,0.486514,0.461561,1.365711,0.414246,0.303319,150
150,agents composite,natroad,0.163030,0.294906,0.968417,0.284597,0.293879,150
150,agents composite,natsoc,0.246193,0.243070,1.132487,0.310607,0.274269,150
150,agents composite,natmass,0.373576,0.010916,1.213181,0.370455,0.305359,150
150,agents composite,natpark,0.198762,0.000000,1.116124,0.319483,0.286243,150
150,agents composite,natchld,0.502278,0.083019,1.147417,0.368563,0.321211,150
150,agents composite,natsci,0.313952,0.225378,1.210699,0.376030,0.310589,150
150,agents composite,natenrgy,0.538764,0.257545,1.007805,0.365225,0.362396,150
150,agents composite,courts,0.444668,0.017168,0.960035,0.372803,0.388322,150
150,agents composite,discaffw,0.304374,0.172497,0.677453,0.209458,0.309185,150
150,agents composite,discaffm,0.369257,0.212357,0.758719,0.230250,0.303472,150
150,agents composite,fehire,0.536345,0.022159,1.018550,0.306442,0.300861,150
150,agents composite,fechld,0.378751,0.103318,0.943794,0.243596,0.258103,150
150,agents composite,fepresch,0.468905,0.183981,0.957786,0.266079,0.277806,150
150,agents composite,fefam,0.490051,0.087169,0.905670,0.277062,0.305920,150
150,agents composite,mobile16,0.751606,0.198719,1.041780,0.419398,0.402578,150
150,agents composite,incom16,0.424611,0.007957,0.896164,0.187710,0.209459,150
150,agents composite,conarmy,0.405046,0.326234,0.925820,0.283790,0.306529,150
150,agents composite,conbus,0.407993,0.251523,0.720889,0.229287,0.318062,150
150,agents composite,conclerg,0.581469,0.249350,1.132189,0.393516,0.347571,150
150,agents composite,coneduc,0.290331,0.298091,0.486473,0.163197,0.335469,150
150,agents composite,confed,0.335603,0.498211,0.752873,0.256896,0.341221,150
150,agents composite,confinan,0.340201,0.265777,0.773906,0.242655,0.313546,150
150,agents composite,conjudge,0.372057,0.189296,0.639785,0.236586,0.369790,150
150,agents composite,conlabor,0.404176,0.482099,0.702862,0.228408,0.324968,150
150,agents composite,conlegis,0.276956,0.508606,0.677003,0.221849,0.327693,150
150,agents composite,conmedic,0.439283,0.341621,0.838959,0.270140,0.321994,150
150,agents composite,conpress,0.353597,0.285057,0.766036,0.250815,0.327420,150
150,agents composite,consci,0.510892,0.030871,0.838779,0.271708,0.323933,150
150,agents composite,contv,0.294483,0.412291,0.827723,0.247606,0.299141,150
150,agents composite,happy,0.584965,0.143157,0.712593,0.232292,0.325982,150
150,agents composite,class,0.637376,0.164548,0.941549,0.241598,0.256596,150
150,agents composite,satfin,0.749667,0.150769,1.020962,0.383729,0.375851,150
150,agents composite,finalter,0.594158,0.290307,0.791190,0.308873,0.390391,150
150,agents composite,finrela,0.702628,0.114502,1.002941,0.248176,0.247448,150
150,agents composite,wlthwhts,0.103976,0.221341,0.515487,0.072456,0.140557,150
150,agents composite,wlthblks,0.111439,1.077085,0.998420,0.122134,0.122327,148
150,agents composite,wlthhsps,0.059290,0.579457,0.879620,0.118067,0.134225,150
150,agents composite,letin1a,0.571574,0.016226,0.677130,0.208656,0.308148,150
150,agents composite,getahead,0.310779,0.011036,0.815871,0.246429,0.302044,150
150,agents composite,aged,0.005484,0.438385,1.082324,0.304497,0.281336,150
150,agents composite,parsol,0.441336,0.070763,0.904311,0.276887,0.306186,150
150,agents composite,spanking,0.452404,0.146965,0.729749,0.253791,0.347778,150
150,agents composite,divlaw,0.275937,0.099542,0.894706,0.299608,0.334868,150
150,agents composite,pillok,0.550562,0.210712,1.168362,0.381976,0.326933,150
150,agents composite,xmarsex,0.110520,0.568903,0.636263,0.186401,0.292962,150
150,agents composite,homosex,0.735822,0.086958,1.030635,0.421407,0.408881,150
150,agents composite,marhomo,0.774896,0.203748,1.105244,0.397802,0.359922,150
150,agents composite,discaff,0.539733,0.109611,0.944533,0.315962,0.334517,150
150,agents composite,pornlaw,0.356089,0.140576,0.468694,0.134259,0.286454,149
150,agents composite,fair,0.409636,0.060368,0.866371,0.334868,0.386518,150
150,agents composite,helpful,0.413397,0.067704,0.889002,0.350152,0.393871,150
150,agents composite,trust,0.543974,0.044759,0.935177,0.348230,0.372368,150
150,agents composite,tax,0.087423,0.275963,0.944933,0.262517,0.277815,150
150,agents composite,news,0.344888,0.297807,0.688823,0.265993,0.386156,150
150,agents composite,attend,0.755342,0.055660,1.061302,0.365463,0.344354,150
150,agents composite,pray,0.779626,0.299464,0.878463,0.355925,0.405168,150
150,agents composite,bible,0.753104,0.388544,0.746479,0.283670,0.380011,149
150,agents composite,granborn,0.348030,0.355801,0.815031,0.335968,0.412216,150
150,agents composite,income,0.175879,0.210914,0.904299,0.239063,0.264362,150
150,agents composite,health,0.731255,0.229330,0.974510,0.254963,0.261632,150
150,agents composite,life,0.440235,0.392297,0.796921,0.223457,0.280400,150
150,agents entretien (v3),natspac/y,0.183265,1.229619,0.504900,0.175196,0.346991,150
150,agents entretien (v3),natenvir/y,0.481642,0.564488,1.331201,0.440205,0.330683,150
150,agents entretien (v3),natheal/y,0.280104,0.058071,1.107294,0.317798,0.287004,150
150,agents entretien (v3),natcity/y,0.357462,0.338038,1.220166,0.409083,0.335268,150
150,agents entretien (v3),natdrug/y,0.343874,0.090536,1.189168,0.394041,0.331359,150
150,agents entretien (v3),nateduc/y,0.295720,0.044472,1.080623,0.323985,0.299814,150
150,agents entretien (v3),natrace/y,0.649299,0.018491,1.196077,0.431233,0.360540,150
150,agents entretien (v3),natarms/y,0.420425,0.156259,0.959106,0.368275,0.383977,150
150,agents entretien (v3),nataid/y,0.312925,0.201027,1.011982,0.302044,0.298467,150
150,agents entretien (v3),natfare/y,0.486758,0.329686,1.342547,0.407220,0.303319,150
150,agents entretien (v3),natroad,0.031540,0.601155,0.780211,0.229287,0.293879,150
150,agents entretien (v3),natsoc,0.165760,0.315991,0.982297,0.269414,0.274269,150
150,agents entretien (v3),natmass,0.508556,0.272903,1.353046,0.413164,0.305359,150
150,agents entretien (v3),natpark,0.220769,0.349353,1.097624,0.314187,0.286243,150
150,agents entretien (v3),natchld,0.322385,0.332076,1.224745,0.393402,0.321211,150
150,agents entretien (v3),natsci,0.243282,0.021465,1.297386,0.402953,0.310589,150
150,agents entretien (v3),natenrgy,0.525193,0.165565,1.214181,0.440015,0.362396,150
150,agents entretien (v3),courts,0.518810,0.248934,0.987121,0.383321,0.388322,150
150,agents entretien (v3),discaffw,0.341606,0.079061,0.745957,0.230639,0.309185,150
150,agents entretien (v3),discaffm,0.221460,0.007323,0.892131,0.270737,0.303472,150
150,agents entretien (v3),fehire,0.438731,0.094174,1.142291,0.343671,0.300861,150
150,agents entretien (v3),fechld,0.346051,0.223856,0.933777,0.241010,0.258103,150
150,agents entretien (v3),fepresch,0.383629,0.359963,1.014866,0.281936,0.277806,150
150,agents entretien (v3),fefam,0.367368,0.188866,1.086657,0.332430,0.305920,150
150,agents entretien (v3),mobile16,0.824472,0.198719,0.937151,0.377277,0.402578,150
150,agents entretien (v3),incom16,0.470465,0.047742,0.972075,0.203610,0.209459,150
150,agents entretien (v3),conarmy,0.325368,0.250113,0.998868,0.306182,0.306529,150
150,agents entretien (v3),conbus,0.461029,0.345845,0.783298,0.249137,0.318062,150
150,agents entretien (v3),conclerg,0.575997,0.345254,1.191171,0.414016,0.347571,150
150,agents entretien (v3),coneduc,0.229100,0.317963,0.566167,0.189931,0.335469,150
150,agents entretien (v3),confed,0.297618,0.840120,0.666579,0.227451,0.341221,150
150,agents entretien (v3),confinan,0.201371,0.446506,0.785941,0.246429,0.313546,150
150,agents entretien (v3),conjudge,0.344515,0.351550,0.876132,0.323985,0.369790,150
150,agents entretien (v3),conlabor,0.323293,0.379525,0.819733,0.266387,0.324968,150
150,agents entretien (v3),conlegis,0.350780,0.671361,0.561249,0.183917,0.327693,150
150,agents entretien (v3),conmedic,0.423717,0.082817,0.914337,0.294411,0.321994,150
150,agents entretien (v3),conpress,0.364435,0.285057,0.786202,0.257418,0.327420,150
150,agents entretien (v3),consci,0.535458,0.051762,0.904361,0.293144,0.324145,149
150,agents entretien (v3),contv,0.300735,0.436481,0.820605,0.246046,0.299835,149
150,agents entretien (v3),happy,0.594391,0.102255,0.788069,0.256896,0.325982,150
150,agents entretien (v3),class,0.606679,0.199189,0.860252,0.220737,0.256596,150
150,agents entretien (v3),satfin,0.686012,0.125220,0.966831,0.362733,0.375178,149
150,agents entretien (v3),finalter,0.572675,0.180843,0.899953,0.350688,0.389674,149
150,agents entretien (v3),finrela,0.704629,0.080825,1.051297,0.260141,0.247448,150
150,agents entretien (v3),wlthwhts,0.165813,0.711453,0.670013,0.094175,0.140557,150
150,agents entretien (v3),wlthblks,-0.159825,1.651780,0.626563,0.076645,0.122325,146
150,agents entretien (v3),wlthhsps,-0.000139,0.707675,1.000698,0.134447,0.134353,149
150,agents entretien (v3),letin1a,0.513541,0.081130,0.968356,0.298397,0.308148,150
150,agents entretien (v3),getahead,0.314084,0.454698,0.837754,0.253490,0.302583,149
150,agents entretien (v3),aged,0.153278,0.179504,0.901108,0.252684,0.280415,149
150,agents entretien (v3),parsol,0.455138,0.054433,0.899499,0.275414,0.306186,150
150,agents entretien (v3),spanking,0.503727,0.313099,0.797052,0.277197,0.347778,150
150,agents entretien (v3),divlaw,0.261274,0.437984,0.983099,0.329208,0.334868,150
150,agents entretien (v3),pillok,0.578262,0.095160,1.188002,0.388397,0.326933,150
150,agents entretien (v3),xmarsex,0.140370,0.561317,0.704809,0.206482,0.292962,150
150,agents entretien (v3),homosex,0.607292,0.049557,1.128280,0.458399,0.406281,149
150,agents entretien (v3),marhomo,0.620793,0.226901,1.187486,0.427403,0.359922,150
150,agents entretien (v3),discaff,0.420330,0.059788,1.221885,0.408741,0.334517,150
150,agents entretien (v3),pornlaw,0.348013,0.094782,0.527910,0.150534,0.285151,148
150,agents entretien (v3),fair,0.121405,0.095814,0.639852,0.246507,0.385256,149
150,agents entretien (v3),helpful,0.163803,0.236964,0.933625,0.367728,0.393871,150
150,agents entretien (v3),trust,0.257340,0.053710,0.731665,0.272449,0.372368,150
150,agents entretien (v3),tax,0.126115,0.323957,1.068725,0.296908,0.277815,150
150,agents entretien (v3),news,0.450616,0.129481,0.734707,0.283711,0.386156,150
150,agents entretien (v3),attend,0.766455,0.024200,1.068022,0.367777,0.344354,150
150,agents entretien (v3),pray,0.757569,0.342245,0.867128,0.351332,0.405168,150
150,agents entretien (v3),bible,0.728043,0.339458,0.795698,0.302969,0.380759,147
150,agents entretien (v3),granborn,0.297804,0.246635,0.928284,0.382653,0.412216,150
150,agents entretien (v3),income,0.101920,0.130049,0.902191,0.238154,0.263973,143
150,agents entretien (v3),health,0.655136,0.263304,1.019670,0.266779,0.261632,150
150,agents entretien (v3),life,0.394432,0.485444,0.728182,0.201347,0.276506,149
150,agents enquete,natspac/y,0.087771,0.605203,0.997069,0.345974,0.346991,150
150,agents enquete,natenvir/y,0.449849,0.030240,1.016889,0.336268,0.330683,150
150,agents enquete,natheal/y,0.385120,0.069685,1.022559,0.293479,0.287004,150
150,agents enquete,natcity/y,0.393530,0.606479,1.122243,0.376253,0.335268,150
150,agents enquete,natdrug/y,0.205618,0.342026,0.900738,0.298467,0.331359,150
150,agents enquete,nateduc/y,0.334348,0.133416,0.905159,0.271379,0.299814,150
150,agents enquete,natrace/y,0.560805,0.295853,1.140843,0.411319,0.360540,150
150,agents enquete,natarms/y,0.364870,0.034724,0.838576,0.321994,0.383977,150
150,agents enquete,nataid/y,0.279742,0.737099,1.444434,0.431116,0.298467,150
150,agents enquete,natfare/y,0.406181,0.241770,1.291591,0.391764,0.303319,150
150,agents enquete,natroad,0.184365,0.317591,0.853541,0.250838,0.293879,150
150,agents enquete,natsoc,0.296891,0.510447,1.159477,0.318009,0.274269,150
150,agents enquete,natmass,0.385227,0.556723,0.927364,0.283179,0.305359,150
150,agents enquete,natpark,0.172104,0.291128,1.070868,0.306529,0.286243,150
150,agents enquete,natchld,0.513156,0.300944,0.956615,0.307276,0.321211,150
150,agents enquete,natsci,0.292489,0.611742,1.047404,0.325312,0.310589,150
150,agents enquete,natenrgy,0.478223,0.561080,0.832440,0.301673,0.362396,150
150,agents enquete,courts,0.377174,0.300438,1.135962,0.441119,0.388322,150
150,agents enquete,discaffw,0.334288,0.229995,0.494864,0.153005,0.309185,150
150,agents enquete,discaffm,0.459492,0.461327,0.831758,0.252416,0.303472,150
150,agents enquete,fehire,0.437055,0.211244,1.052832,0.317769,0.301823,149
150,agents enquete,fechld,0.332571,0.060475,1.089957,0.282241,0.258947,149
150,agents enquete,fepresch,0.375872,0.217420,0.966200,0.268425,0.277815,149
150,agents enquete,fefam,0.446628,0.109681,1.204828,0.368620,0.305953,149
150,agents enquete,mobile16,0.131555,0.855745,0.843073,0.340519,0.403902,149
150,agents enquete,incom16,0.365037,0.127762,0.949082,0.199423,0.210122,149
150,agents enquete,conarmy,0.253996,0.065247,0.871780,0.267225,0.306529,150
150,agents enquete,conbus,0.479774,0.115282,0.730110,0.232220,0.318062,150
150,agents enquete,conclerg,0.601379,0.239759,1.085468,0.377277,0.347571,150
150,agents enquete,coneduc,0.190302,0.139109,0.365085,0.122474,0.335469,150
150,agents enquete,confed,0.172296,0.156301,0.861479,0.293955,0.341221,150
150,agents enquete,confinan,0.399678,0.414612,0.881924,0.276524,0.313546,150
150,agents enquete,conjudge,0.225995,0.126198,0.428914,0.158608,0.369790,150
150,agents enquete,conlabor,0.191245,0.451327,0.732744,0.238118,0.324968,150
150,agents enquete,conlegis,0.489979,0.457746,0.701561,0.229896,0.327693,150
150,agents enquete,conmedic,0.333639,0.031056,0.774778,0.249474,0.321994,150
150,agents enquete,conpress,0.316680,0.346141,0.764400,0.250279,0.327420,150
150,agents enquete,consci,0.384687,0.330851,0.785003,0.254784,0.324564,149
150,agents enquete,contv,0.427170,0.324563,0.857281,0.257043,0.299835,149
150,agents enquete,happy,0.462235,0.265864,0.703675,0.229385,0.325982,150
150,agents enquete,class,0.451373,0.259812,0.815324,0.209209,0.256596,150
150,agents enquete,satfin,0.603811,0.116073,0.771513,0.291921,0.378375,148
150,agents enquete,finalter,0.483480,0.136615,0.826577,0.322688,0.390391,150
150,agents enquete,finrela,0.486573,0.074090,0.804769,0.199138,0.247448,150
150,agents enquete,wlthwhts,-0.015946,0.500690,0.606149,0.085313,0.140745,149
150,agents enquete,wlthblks,-0.021958,1.583454,0.619949,0.075532,0.121836,146
150,agents enquete,wlthhsps,0.216536,0.322841,0.865906,0.116226,0.134225,150
150,agents enquete,letin1a,0.472527,0.205529,0.935611,0.288307,0.308148,150
150,agents enquete,getahead,0.150001,0.264862,0.771615,0.233062,0.302044,150
150,agents enquete,aged,-0.053017,0.023696,0.900976,0.253477,0.281336,150
150,agents enquete,parsol,0.482150,0.097980,0.837969,0.256575,0.306186,150
150,agents enquete,spanking,0.387703,0.204473,0.798417,0.277672,0.347778,150
150,agents enquete,divlaw,0.221205,0.209038,1.037165,0.347313,0.334868,150
150,agents enquete,pillok,0.593826,0.081566,1.197594,0.391534,0.326933,150
150,agents enquete,xmarsex,0.257837,0.280659,0.850537,0.249175,0.292962,150
150,agents enquete,homosex,0.558990,0.108698,1.130370,0.462187,0.408881,150
150,agents enquete,marhomo,0.577194,0.310252,1.193036,0.429400,0.359922,150
150,agents enquete,discaff,0.498607,0.129540,1.210089,0.404795,0.334517,150
150,agents enquete,pornlaw,0.352009,0.035022,0.714009,0.203877,0.285539,150
150,agents enquete,fair,0.497969,0.060368,0.890408,0.344159,0.386518,150
150,agents enquete,helpful,0.452599,0.186186,1.070080,0.421473,0.393871,150
150,agents enquete,trust,0.435407,0.411779,1.121672,0.417674,0.372368,150
150,agents enquete,tax,0.131390,0.239968,0.992727,0.275795,0.277815,150
150,agents enquete,news,0.079274,0.492029,0.593769,0.229287,0.386156,150
150,agents enquete,attend,0.689540,0.130680,0.820626,0.282586,0.344354,150
150,agents enquete,pray,0.666268,0.500204,0.746399,0.302417,0.405168,150
150,agents enquete,bible,0.705975,0.406205,0.809544,0.307636,0.380011,149
150,agents enquete,granborn,0.105379,0.299196,1.110064,0.457586,0.412216,150
150,agents enquete,income,0.264290,0.176787,0.687136,0.182682,0.265861,147
150,agents enquete,health,0.484804,0.059456,0.555183,0.145254,0.261632,150
150,agents enquete,life,0.417184,0.350788,1.125061,0.316360,0.281194,147
150,agents demographiques (v6),natspac/y,0.010628,0.720480,0.996510,0.345780,0.346991,150
150,agents demographiques (v6),natenvir/y,0.095999,0.221763,0.990957,0.327693,0.330683,150
150,agents demographiques (v6),natheal/y,0.117621,0.441341,0.568024,0.163025,0.287004,150
150,agents demographiques (v6),natcity/y,0.073567,0.407634,1.160603,0.389114,0.335268,150
150,agents demographiques (v6),natdrug/y,0.031030,0.687760,0.378354,0.125532,0.331784,149
150,agents demographiques (v6),nateduc/y,-0.038628,0.603219,0.269934,0.081089,0.300402,149
150,agents demographiques (v6),natrace/y,0.220811,0.652377,0.732616,0.263791,0.360067,149
150,agents demographiques (v6),natarms/y,0.180907,0.601197,0.609213,0.234631,0.385138,149
150,agents demographiques (v6),nataid/y,0.141709,0.580745,0.333166,0.099439,0.298467,150
150,agents demographiques (v6),natfare/y,0.064057,0.274739,0.854098,0.259064,0.303319,150
150,agents demographiques (v6),natroad,-0.124934,0.442359,0.862523,0.253477,0.293879,150
150,agents demographiques (v6),natsoc,0.024227,0.060767,0.920643,0.252504,0.274269,150
150,agents demographiques (v6),natmass,-0.026356,0.775045,0.600803,0.183460,0.305359,150
150,agents demographiques (v6),natpark,0.135978,0.477450,0.943742,0.270140,0.286243,150
150,agents demographiques (v6),natchld,0.042183,0.456605,0.688778,0.221243,0.321211,150
150,agents demographiques (v6),natsci,0.081698,0.772726,0.854433,0.265377,0.310589,150
150,agents demographiques (v6),natenrgy,0.148570,0.542684,0.669585,0.242655,0.362396,150
150,agents demographiques (v6),courts,0.070392,0.214598,0.796662,0.309362,0.388322,150
150,agents demographiques (v6),discaffw,0.133613,0.373743,0.311764,0.096393,0.309185,150
150,agents demographiques (v6),discaffm,0.021614,0.036613,0.374634,0.113691,0.303472,150
150,agents demographiques (v6),fehire,0.155407,0.360078,0.656811,0.197609,0.300861,150
150,agents demographiques (v6),fechld,0.277192,0.034439,0.718830,0.185532,0.258103,150
150,agents demographiques (v6),fepresch,0.316070,0.135986,0.655433,0.182083,0.277806,150
150,agents demographiques (v6),fefam,0.119041,0.123489,0.883552,0.270296,0.305920,150
150,agents demographiques (v6),mobile16,0.087806,1.146533,0.610198,0.246461,0.403902,149
150,agents demographiques (v6),incom16,0.181784,0.031828,0.724053,0.151659,0.209459,150
150,agents demographiques (v6),conarmy,0.144561,0.467602,0.518813,0.159031,0.306529,150
150,agents demographiques (v6),conbus,0.094003,0.031440,0.524605,0.166857,0.318062,150
150,agents demographiques (v6),conclerg,0.482962,0.047952,0.977762,0.339841,0.347571,150
150,agents demographiques (v6),coneduc,-0.014940,0.171079,0.122840,0.040962,0.333454,149
150,agents demographiques (v6),confed,0.056471,0.068936,0.624157,0.212683,0.340752,149
150,agents demographiques (v6),confinan,0.085254,0.181355,0.682705,0.214752,0.314560,149
150,agents demographiques (v6),conjudge,-0.029966,0.091125,0.267819,0.098626,0.368254,149
150,agents demographiques (v6),conlabor,0.005733,0.082059,0.277115,0.090053,0.324968,150
150,agents demographiques (v6),conlegis,-0.125648,0.518779,0.671519,0.220052,0.327693,150
150,agents demographiques (v6),conmedic,0.135029,0.579721,0.218124,0.070235,0.321994,150
150,agents demographiques (v6),conpress,0.054742,0.111987,0.648052,0.212185,0.327420,150
150,agents demographiques (v6),consci,0.161977,0.051451,0.754194,0.244309,0.323933,150
150,agents demographiques (v6),contv,-0.105344,0.312004,0.593296,0.177479,0.299141,150
150,agents demographiques (v6),happy,-0.087941,0.071579,0.215455,0.070235,0.325982,150
150,agents demographiques (v6),class,0.323374,0.000000,0.941256,0.241509,0.256582,149
150,agents demographiques (v6),satfin,0.209068,0.124163,0.520770,0.195732,0.375851,150
150,agents demographiques (v6),finalter,0.142566,0.017077,0.599755,0.234139,0.390391,150
150,agents demographiques (v6),finrela,0.222189,0.510037,0.920127,0.227018,0.246725,149
150,agents demographiques (v6),wlthwhts,0.025148,0.770904,0.505722,0.071178,0.140745,149
150,agents demographiques (v6),wlthblks,0.178145,1.665414,0.314112,0.038540,0.122695,146
150,agents demographiques (v6),wlthhsps,0.094257,0.374651,0.923221,0.124038,0.134353,149
150,agents demographiques (v6),letin1a,0.218428,0.222577,0.410085,0.126745,0.309070,149
150,agents demographiques (v6),getahead,0.173987,0.566513,0.415537,0.125532,0.302095,149
150,agents demographiques (v6),aged,0.027452,0.095147,0.653627,0.184419,0.282148,149
150,agents demographiques (v6),parsol,0.183813,0.364702,0.662087,0.202722,0.306186,150
150,agents demographiques (v6),spanking,0.195057,0.038339,0.525756,0.182846,0.347778,150
150,agents demographiques (v6),divlaw,0.045182,0.319660,0.720408,0.242004,0.335927,149
150,agents demographiques (v6),pillok,0.332993,0.176726,0.667658,0.218280,0.326933,150
150,agents demographiques (v6),xmarsex,-0.058206,0.591659,0.565251,0.165597,0.292962,150
150,agents demographiques (v6),homosex,0.316551,0.027174,1.121059,0.458380,0.408881,150
150,agents demographiques (v6),marhomo,0.279906,0.268576,1.066195,0.383748,0.359922,150
150,agents demographiques (v6),discaff,0.179341,0.149469,0.860583,0.287880,0.334517,150
150,agents demographiques (v6),pornlaw,0.144886,0.011674,0.670406,0.191427,0.285539,150
150,agents demographiques (v6),fair,0.041895,0.284592,0.450367,0.174075,0.386518,150
150,agents demographiques (v6),helpful,0.011929,0.076167,0.906630,0.357095,0.393871,150
150,agents demographiques (v6),trust,0.004203,0.214841,0.921403,0.343101,0.372368,150
150,agents demographiques (v6),tax,-0.138434,0.203973,0.816585,0.226860,0.277815,150
150,agents demographiques (v6),news,0.150765,0.215802,0.581386,0.224505,0.386156,150
150,agents demographiques (v6),attend,0.423998,0.021780,0.966643,0.332867,0.344354,150
150,agents demographiques (v6),pray,0.584994,0.437679,0.778254,0.315324,0.405168,150
150,agents demographiques (v6),bible,0.601793,0.572048,0.660793,0.250279,0.378756,150
150,agents demographiques (v6),granborn,0.175022,0.065505,1.053240,0.431643,0.409823,149
150,agents demographiques (v6),income,1.000000,0.000000,1.000000,0.265116,0.265116,148
150,agents demographiques (v6),health,0.002985,0.289865,0.269695,0.070770,0.262407,149
150,agents demographiques (v6),life,-0.038109,0.451736,0.145595,0.040825,0.280400,150
150,agents v7,natspac/y,0.025240,0.403469,1.148408,0.398487,0.346991,150
150,agents v7,natenvir/y,0.042237,0.372965,0.707179,0.233852,0.330683,150
150,agents v7,natheal/y,0.062848,0.406498,0.700062,0.200921,0.287004,150
150,agents v7,natcity/y,0.076868,0.228672,1.134063,0.380215,0.335268,150
150,agents v7,natdrug/y,0.156054,0.583456,0.646286,0.214153,0.331359,150
150,agents v7,nateduc/y,0.161507,0.455839,0.627180,0.188037,0.299814,150
150,agents v7,natrace/y,0.191551,0.906049,0.636565,0.229507,0.360540,150
150,agents v7,natarms/y,0.194489,0.651080,0.606967,0.233062,0.383977,150
150,agents v7,nataid/y,0.010709,0.697331,1.439031,0.429345,0.298357,149
150,agents v7,natfare/y,0.083710,0.067839,0.980899,0.291126,0.296795,149
150,agents v7,natroad,-0.051750,0.148288,0.903665,0.265846,0.294186,149
150,agents v7,natsoc,0.075630,0.134742,1.024621,0.280697,0.273952,149
150,agents v7,natmass,0.147099,0.665884,0.854661,0.260978,0.305359,150
150,agents v7,natpark,0.177496,0.908319,0.880661,0.252083,0.286243,150
150,agents v7,natchld,0.193529,0.415095,0.820118,0.263431,0.321211,150
150,agents v7,natsci,0.163400,0.804923,0.904085,0.280799,0.310589,150
150,agents v7,natenrgy,0.180761,0.597872,0.700177,0.253742,0.362396,150
150,agents v7,courts,0.197410,0.515036,0.827043,0.321159,0.388322,150
150,agents v7,discaffw,0.184538,0.388117,0.260112,0.080423,0.309185,150
150,agents v7,discaffm,0.145566,0.029291,0.383816,0.116477,0.303472,150
150,agents v7,fehire,0.218446,0.537347,0.642353,0.193259,0.300861,150
150,agents v7,fechld,0.272131,0.421882,0.814468,0.210216,0.258103,150
150,agents v7,fepresch,0.207291,0.359963,0.712868,0.198039,0.277806,150
150,agents v7,fefam,0.183331,0.450372,0.769298,0.235343,0.305920,150
150,agents v7,mobile16,0.241627,0.471958,0.934607,0.376253,0.402578,150
150,agents v7,incom16,0.111632,0.342151,0.469342,0.098308,0.209459,150
150,agents v7,conarmy,0.136792,0.532849,0.600496,0.184069,0.306529,150
150,agents v7,conbus,0.078121,0.000000,0.486891,0.154862,0.318062,150
150,agents v7,conclerg,0.282044,0.421977,0.669715,0.232773,0.347571,150
150,agents v7,coneduc,0.053043,0.188791,0.344782,0.115664,0.335469,150
150,agents v7,confed,0.066037,0.166070,0.677940,0.231327,0.341221,150
150,agents v7,confinan,0.116865,0.106311,0.631862,0.198118,0.313546,150
150,agents v7,conjudge,0.154746,0.000000,0.436101,0.161266,0.369790,150
150,agents v7,conlabor,0.181935,0.030772,0.436644,0.141895,0.324968,150
150,agents v7,conlegis,0.170369,0.467918,0.697017,0.228408,0.327693,150
150,agents v7,conmedic,-0.034127,0.393382,0.597492,0.192389,0.321994,150
150,agents v7,conpress,-0.063235,0.152709,0.620413,0.203135,0.327420,150
150,agents v7,consci,0.089862,0.195513,0.811389,0.262836,0.323933,150
150,agents v7,contv,0.127445,0.122573,0.735612,0.220052,0.299141,150
150,agents v7,happy,0.295698,0.265864,0.644327,0.210039,0.325982,150
150,agents v7,class,0.268136,0.744794,0.582904,0.149571,0.256596,150
150,agents v7,satfin,0.348451,0.212850,0.509705,0.191573,0.375851,150
150,agents v7,finalter,0.119807,0.187846,0.603415,0.235568,0.390391,150
150,agents v7,finrela,0.271481,0.397390,0.540682,0.133790,0.247448,150
150,agents v7,wlthwhts,-0.037745,0.739114,0.574480,0.080855,0.140745,149
150,agents v7,wlthblks,-0.065964,1.657053,0.413922,0.050634,0.122327,148
150,agents v7,wlthhsps,-0.012826,0.016620,0.894381,0.120389,0.134606,149
150,agents v7,letin1a,0.255889,0.575444,0.627283,0.193874,0.309070,149
150,agents v7,getahead,0.138817,0.532330,0.554820,0.167879,0.302583,149
150,agents v7,aged,0.033194,0.011967,0.868685,0.243592,0.280415,149
150,agents v7,parsol,0.221867,0.666271,0.521164,0.158804,0.304711,149
150,agents v7,spanking,0.436010,0.320716,0.658169,0.229551,0.348772,149
150,agents v7,divlaw,0.216015,0.080320,0.799584,0.267249,0.334235,149
150,agents v7,pillok,0.268680,0.170505,0.640709,0.210163,0.328016,149
150,agents v7,xmarsex,0.113836,0.485464,0.711354,0.208399,0.292962,150
150,agents v7,homosex,0.281228,0.331528,0.899612,0.367834,0.408881,150
150,agents v7,marhomo,0.338505,0.148180,0.852931,0.306989,0.359922,150
150,agents v7,discaff,0.114275,0.438443,0.776762,0.259840,0.334517,150
150,agents v7,pornlaw,0.184755,0.163434,0.374997,0.107076,0.285539,150
150,agents v7,fair,0.054788,0.603681,0.746159,0.288404,0.386518,150
150,agents v7,helpful,0.063380,0.770134,0.839572,0.330683,0.393871,150
150,agents v7,trust,0.201343,0.805655,0.867840,0.323156,0.372368,150
150,agents v7,tax,-0.048156,0.623916,0.812582,0.225748,0.277815,150
150,agents v7,news,0.231299,0.427289,0.587817,0.226989,0.386156,150
150,agents v7,attend,0.351536,0.478625,0.608797,0.210217,0.345298,149
150,agents v7,pray,0.214430,0.846431,0.549348,0.223018,0.405969,149
150,agents v7,bible,0.380397,0.114410,0.559588,0.211947,0.378756,150
150,agents v7,granborn,0.154057,0.076821,0.875964,0.361086,0.412216,150
150,agents v7,income,-0.015854,0.556141,0.434493,0.114025,0.262432,147
150,agents v7,health,0.327215,0.292357,0.465898,0.121213,0.260170,149
150,agents v7,life,0.254577,0.202092,0.958968,0.268894,0.280400,150
150,agents v8,natspac/y,-0.055821,0.220947,1.038510,0.360353,0.346991,150
150,agents v8,natenvir/y,0.534065,0.292324,1.264887,0.418277,0.330683,150
150,agents v8,natheal/y,0.214774,0.371656,1.341681,0.385068,0.287004,150
150,agents v8,natcity/y,0.263367,0.208788,1.238581,0.415257,0.335268,150
150,agents v8,natdrug/y,0.225300,0.201192,1.223580,0.405444,0.331359,150
150,agents v8,nateduc/y,0.237646,0.311305,1.315376,0.394368,0.299814,150
150,agents v8,natrace/y,0.595599,0.212644,1.169118,0.421513,0.360540,150
150,agents v8,natarms/y,0.416010,0.017362,1.049890,0.403134,0.383977,150
150,agents v8,nataid/y,0.188444,0.848781,1.371299,0.409288,0.298467,150
150,agents v8,natfare/y,0.265610,0.714320,1.441883,0.437350,0.303319,150
150,agents v8,natroad,-0.063540,0.204166,0.845920,0.248598,0.293879,150
150,agents v8,natsoc,0.167620,0.753517,1.210917,0.332117,0.274269,150
150,agents v8,natmass,0.451715,0.163742,1.448947,0.442448,0.305359,150
150,agents v8,natpark,0.204038,0.104806,1.398390,0.400280,0.286243,150
150,agents v8,natchld,0.254278,0.321699,1.329375,0.427010,0.321211,150
150,agents v8,natsci,0.181609,0.160985,1.330610,0.413273,0.310589,150
150,agents v8,natenrgy,0.476288,0.045990,1.175945,0.426158,0.362396,150
150,agents v8,courts,0.444331,0.394861,1.057258,0.410557,0.388322,150
150,agents v8,discaffw,0.213530,0.179684,0.853390,0.263855,0.309185,150
150,agents v8,discaffm,0.197642,0.029291,1.028317,0.312066,0.303472,150
150,agents v8,fehire,0.353162,0.072016,1.184096,0.356248,0.300861,150
150,agents v8,fechld,0.250516,0.034439,1.111138,0.286788,0.258103,150
150,agents v8,fepresch,0.350157,0.231976,1.035352,0.287627,0.277806,150
150,agents v8,fefam,0.315518,0.014528,1.194520,0.365427,0.305920,150
150,agents v8,mobile16,0.086101,0.943916,0.725439,0.292046,0.402578,150
150,agents v8,incom16,-0.011686,0.453550,0.512698,0.107389,0.209459,150
150,agents v8,conarmy,0.144906,0.293611,0.961212,0.294639,0.306529,150
150,agents v8,conbus,0.244312,0.136242,0.808308,0.257092,0.318062,150
150,agents v8,conclerg,0.167453,0.345254,1.028483,0.357471,0.347571,150
150,agents v8,coneduc,0.182801,0.417327,0.557320,0.186963,0.335469,150
150,agents v8,confed,0.137088,0.048844,0.780687,0.266387,0.341221,150
150,agents v8,confinan,0.161813,0.223253,0.731272,0.229287,0.313546,150
150,agents v8,conjudge,0.233360,0.036056,0.941174,0.348037,0.369790,150
150,agents v8,conlabor,0.380745,0.184634,0.972288,0.315962,0.324968,150
150,agents v8,conlegis,0.080701,0.467918,0.697017,0.228408,0.327693,150
150,agents v8,conmedic,0.106518,0.496904,0.406151,0.130778,0.321994,150
150,agents v8,conpress,0.247601,0.010181,0.732403,0.239803,0.327420,150
150,agents v8,consci,0.440053,0.257254,0.982525,0.318273,0.323933,150
150,agents v8,contv,0.098386,0.133716,0.825833,0.247041,0.299141,150
150,agents v8,happy,0.101377,0.122706,0.176516,0.057541,0.325982,150
150,agents v8,class,-0.117174,0.987286,0.149498,0.038361,0.256596,150
150,agents v8,satfin,0.033823,0.239457,0.412029,0.154862,0.375851,150
150,agents v8,finalter,0.093587,0.204923,0.427410,0.166857,0.390391,150
150,agents v8,finrela,-0.056769,0.505157,0.365244,0.090379,0.247448,150
150,agents v8,wlthwhts,0.147776,0.893269,0.625786,0.087959,0.140557,150
150,agents v8,wlthblks,0.007238,1.717460,0.455983,0.055312,0.121303,144
150,agents v8,wlthhsps,0.099575,0.678793,0.922792,0.123862,0.134225,150
150,agents v8,letin1a,0.478357,0.363724,1.082026,0.334422,0.309070,149
150,agents v8,getahead,0.277911,0.331078,0.911482,0.275307,0.302044,150
150,agents v8,aged,-0.004958,0.260661,0.570125,0.160397,0.281336,150
150,agents v8,parsol,0.133932,0.816497,0.350774,0.107402,0.306186,150
150,agents v8,spanking,0.445855,0.185303,0.926321,0.322154,0.347778,150
150,agents v8,divlaw,0.152352,0.248854,1.080316,0.361763,0.334868,150
150,agents v8,pillok,0.444744,0.020392,1.112738,0.363791,0.326933,150
150,agents v8,xmarsex,0.261522,0.075854,1.030805,0.301986,0.292962,150
150,agents v8,homosex,0.301089,0.097828,1.020312,0.417186,0.408881,150
150,agents v8,marhomo,0.440090,0.180594,1.047228,0.376921,0.359922,150
150,agents v8,discaff,0.471572,0.059788,1.184499,0.396235,0.334517,150
150,agents v8,pornlaw,0.161026,0.186781,0.590430,0.168591,0.285539,150
150,agents v8,fair,0.016756,0.103488,0.670251,0.259064,0.386518,150
150,agents v8,helpful,0.135489,0.152334,0.921186,0.362828,0.393871,150
150,agents v8,trust,0.062490,0.331214,0.867515,0.323034,0.372368,150
150,agents v8,tax,0.097029,0.611918,1.030618,0.286321,0.277815,150
150,agents v8,news,0.279104,0.755308,0.522342,0.201706,0.386156,150
150,agents v8,attend,0.192176,0.140360,0.849488,0.292524,0.344354,150
150,agents v8,pray,0.281090,0.589056,0.681844,0.276261,0.405168,150
150,agents v8,bible,0.359716,0.096808,0.760835,0.288171,0.378756,150
150,agents v8,granborn,0.152563,0.335585,0.783791,0.323091,0.412216,150
150,agents v8,income,-0.028678,0.664140,0.246476,0.065353,0.265150,143
150,agents v8,health,0.059582,0.254811,0.364465,0.095356,0.261632,150
150,agents v8,life,0.048915,0.083214,0.732941,0.205517,0.280400,150
150,C2,natspac/y,-0.002087,0.499533,1.068275,0.370682,0.346991,150
150,C2,natenvir/y,0.395469,0.514088,1.010835,0.334266,0.330683,150
150,C2,natheal/y,0.125049,1.033667,0.955629,0.274269,0.287004,150
150,C2,natcity/y,0.179300,0.477230,0.775341,0.259948,0.335268,150
150,C2,natdrug/y,0.179354,0.694112,1.070127,0.354596,0.331359,150
150,C2,nateduc/y,0.166075,0.744907,0.974092,0.292046,0.299814,150
150,C2,natrace/y,0.423197,0.286607,0.799923,0.288404,0.360540,150
150,C2,natarms/y,-0.017310,0.347243,0.653029,0.250748,0.383977,150
150,C2,nataid/y,0.185930,0.993967,0.898196,0.268082,0.298467,150
150,C2,natfare/y,0.287272,1.098954,0.962835,0.292046,0.303319,150
150,C2,natroad,0.004941,0.623840,0.943694,0.277331,0.293879,150
150,C2,natsoc,0.046172,1.482727,1.014468,0.278238,0.274269,150
150,C2,natmass,0.115315,0.010916,0.965392,0.294791,0.305359,150
150,C2,natpark,0.139373,0.244547,0.548532,0.157014,0.286243,150
150,C2,natchld,0.083766,0.197170,0.799840,0.256918,0.321211,150
150,C2,natsci,-0.022491,0.032197,0.763028,0.236988,0.310589,150
150,C2,natenrgy,0.402729,0.036792,0.936671,0.339446,0.362396,150
150,C2,courts,-0.099246,0.403445,0.641284,0.249025,0.388322,150
150,C2,discaffw,-0.070219,0.560614,0.342904,0.106021,0.309185,150
150,C2,discaffm,-0.112292,1.083752,0.310065,0.094096,0.303472,150
150,C2,fehire,0.356906,0.481950,1.090827,0.328187,0.300861,150
150,C2,fechld,0.234998,0.904033,0.587494,0.151634,0.258103,150
150,C2,fepresch,0.201555,0.439955,0.960070,0.266713,0.277806,150
150,C2,fefam,0.287010,0.283299,1.093844,0.334628,0.305920,150
150,C2,mobile16,-0.057924,0.091080,1.074748,0.432670,0.402578,150
150,C2,incom16,0.169553,0.501292,0.993189,0.208032,0.209459,150
150,C2,conarmy,0.142524,0.478476,0.826928,0.253477,0.306529,150
150,C2,conbus,0.132265,0.031440,0.703894,0.223882,0.318062,150
150,C2,conclerg,0.101007,0.632965,0.880025,0.305871,0.347571,150
150,C2,coneduc,0.087012,0.218600,0.268441,0.090053,0.335469,150
150,C2,confed,-0.080085,0.185608,0.527831,0.180107,0.341221,150
150,C2,confinan,0.181021,0.021262,0.692022,0.216980,0.313546,150
150,C2,conjudge,0.098711,0.225353,0.372907,0.137897,0.369790,150
150,C2,conlabor,0.366680,0.225663,1.013049,0.329208,0.324968,150
150,C2,conlegis,-0.039606,0.132238,0.710120,0.232701,0.327693,150
150,C2,conmedic,-0.097870,0.331269,0.598574,0.192737,0.321994,150
150,C2,conpress,0.148113,0.162890,0.612883,0.200670,0.327420,150
150,C2,consci,0.041236,0.226384,0.690209,0.223582,0.323933,150
150,C2,contv,-0.039528,0.000000,0.790569,0.236492,0.299141,150
150,C2,happy,0.179056,0.419247,0.623150,0.203135,0.325982,150
150,C2,class,0.462291,0.727474,0.594193,0.152467,0.256596,150
150,C2,satfin,0.352904,0.922351,0.700723,0.263367,0.375851,150
150,C2,finalter,0.324701,0.119538,0.893976,0.349000,0.390391,150
150,C2,finrela,0.628476,0.633130,0.987129,0.244263,0.247448,150
150,C2,wlthwhts,-0.050777,0.600782,0.869722,0.122246,0.140557,150
150,C2,wlthblks,0.197757,0.456819,1.402279,0.170537,0.121614,150
150,C2,wlthhsps,-0.014847,0.496678,1.087253,0.145937,0.134225,150
150,C2,letin1a,0.459320,0.411058,0.748108,0.230528,0.308148,150
150,C2,getahead,0.206508,0.143467,0.778969,0.235283,0.302044,150
150,C2,aged,-0.145798,1.196672,0.635865,0.178892,0.281336,150
150,C2,parsol,0.181040,1.028786,0.751315,0.230042,0.306186,150
150,C2,spanking,0.380759,0.185303,1.068496,0.371599,0.347778,150
150,C2,divlaw,0.143435,0.049771,1.147479,0.384254,0.334868,150
150,C2,pillok,0.470523,0.156335,0.984555,0.321884,0.326933,150
150,C2,xmarsex,0.165620,0.872318,1.092591,0.320087,0.292962,150
150,C2,homosex,0.187957,0.527184,0.713835,0.291874,0.408881,150
150,C2,marhomo,0.358528,0.268576,0.862494,0.310431,0.359922,150
150,C2,discaff,0.037590,0.488266,0.712669,0.238400,0.334517,150
150,C2,pornlaw,0.230111,0.245151,0.201517,0.057541,0.285539,150
150,C2,fair,,1.397090,0.000000,0.000000,0.386518,150
150,C2,helpful,0.104285,0.389299,1.059925,0.417473,0.393871,150
150,C2,trust,-0.079301,0.572910,0.585949,0.218189,0.372368,150
150,C2,tax,0.000000,0.059992,0.870199,0.241754,0.277815,150
150,C2,news,0.218604,0.310755,0.269885,0.104218,0.386156,150
150,C2,attend,0.244577,0.171819,0.665410,0.229136,0.344354,150
150,C2,pray,0.284672,0.306046,0.496332,0.201098,0.405168,150
150,C2,bible,0.247270,0.360830,0.501382,0.189902,0.378756,150
150,C2,granborn,0.181291,0.659040,0.339144,0.139801,0.412216,150
150,C2,income,0.249598,0.547917,1.046761,0.276724,0.264362,150
150,C2,health,0.068502,0.331254,0.390162,0.102079,0.261632,150
150,C2,life,0.127267,0.071327,0.741145,0.207817,0.280400,150
150,C3,natspac/y,,1.498598,0.000000,0.000000,0.346991,150
150,C3,natenvir/y,0.122827,0.604809,0.421400,0.139350,0.330683,150
150,C3,natheal/y,0.315587,0.336813,0.833913,0.239336,0.287004,150
150,C3,natcity/y,0.090112,1.093651,0.871309,0.292123,0.335268,150
150,C3,natdrug/y,0.216923,0.643814,0.614283,0.203548,0.331359,150
150,C3,nateduc/y,0.283774,0.155652,0.854234,0.256111,0.299814,150
150,C3,natrace/y,0.363629,0.822841,0.703783,0.253742,0.360540,150
150,C3,natarms/y,-0.066315,0.234389,0.938112,0.360214,0.383977,150
150,C3,nataid/y,-0.048776,2.401156,0.839222,0.250481,0.298467,150
150,C3,natfare/y,0.456715,0.351665,0.781317,0.236988,0.303319,150
150,C3,natroad,0.185448,0.396989,0.884174,0.259840,0.293879,150
150,C3,natsoc,0.163211,0.024307,1.243631,0.341090,0.274269,150
150,C3,natmass,0.211437,0.862374,0.598001,0.182605,0.305359,150
150,C3,natpark,0.077523,1.199447,0.475474,0.136101,0.286243,150
150,C3,natchld,0.203876,0.705662,0.394564,0.126738,0.321211,150
150,C3,natsci,0.111979,1.277145,0.289944,0.090053,0.310589,150
150,C3,natenrgy,,0.947397,0.000000,0.000000,0.362396,150
150,C3,courts,-0.198092,0.326190,0.645952,0.250838,0.388322,150
150,C3,discaffw,-0.422846,0.546239,0.990910,0.306374,0.309185,150
150,C3,discaffm,0.161573,0.395423,0.746707,0.226605,0.303472,150
150,C3,fehire,0.319735,0.648140,1.243153,0.374016,0.300861,150
150,C3,fechld,0.439047,0.043049,0.943359,0.243483,0.258103,150
150,C3,fepresch,0.079680,0.495949,0.514164,0.142838,0.277806,150
150,C3,fefam,0.212050,0.573862,0.728986,0.223011,0.305920,150
150,C3,mobile16,-0.143811,0.033120,0.929609,0.374240,0.402578,150
150,C3,incom16,0.244841,0.167097,1.181367,0.247448,0.209459,150
150,C3,conarmy,0.323922,1.065697,1.003328,0.307549,0.306529,150
150,C3,conbus,0.349264,0.020960,0.736368,0.234211,0.318062,150
150,C3,conclerg,0.460301,0.057542,0.772442,0.268478,0.347571,150
150,C3,coneduc,0.416308,0.367645,0.725801,0.243483,0.335469,150
150,C3,confed,0.425043,0.146533,0.620215,0.211631,0.341221,150
150,C3,confinan,0.278488,0.308302,0.853070,0.267476,0.313546,150
150,C3,conjudge,0.216600,0.090141,0.878044,0.324692,0.369790,150
150,C3,conlabor,0.156246,0.841109,0.770786,0.250481,0.324968,150
150,C3,conlegis,0.369183,0.081377,0.770281,0.252416,0.327693,150
150,C3,conmedic,0.443143,0.600425,0.752527,0.242309,0.321994,150
150,C3,conpress,0.333012,0.346141,0.626022,0.204972,0.327420,150
150,C3,consci,0.382364,0.493929,0.907454,0.293955,0.323933,150
150,C3,contv,0.323024,0.334290,0.715891,0.214153,0.299141,150
150,C3,happy,0.556775,0.316991,0.886685,0.289043,0.325982,150
150,C3,class,0.390252,0.519624,0.745671,0.191336,0.256596,150
150,C3,satfin,0.526116,0.266063,0.640999,0.240920,0.375851,150
150,C3,finalter,0.488014,0.648923,0.751219,0.293269,0.390391,150
150,C3,finrela,0.334556,0.067354,0.869026,0.215039,0.247448,150
150,C3,wlthwhts,-0.002597,0.031620,1.502054,0.211125,0.140557,150
150,C3,wlthblks,0.179009,0.785728,1.858978,0.226078,0.121614,150
150,C3,wlthhsps,0.383722,0.471844,1.332151,0.178808,0.134225,150
150,C3,letin1a,0.201219,0.037861,0.405704,0.125017,0.308148,150
150,C3,getahead,0.135159,0.397293,1.531266,0.462509,0.302044,150
150,C3,aged,0.211504,1.030796,1.276223,0.359047,0.281336,150
150,C3,parsol,0.363282,0.348372,1.021017,0.312621,0.306186,150
150,C3,spanking,0.407103,0.440894,0.836800,0.291021,0.347778,150
150,C3,divlaw,-0.009431,1.602622,0.528867,0.177101,0.334868,150
150,C3,pillok,0.254190,1.135128,0.440982,0.144172,0.326933,150
150,C3,xmarsex,0.340191,1.281928,1.600528,0.468893,0.292962,150
150,C3,homosex,0.646157,0.206526,1.010648,0.413235,0.408881,150
150,C3,marhomo,0.666466,0.129658,0.962783,0.346527,0.359922,150
150,C3,discaff,-0.048835,0.767276,0.356159,0.119141,0.334517,150
150,C3,pornlaw,0.262401,0.431932,0.570938,0.163025,0.285539,150
150,C3,fair,0.233042,0.517441,1.052529,0.406821,0.386518,150
150,C3,helpful,0.234972,0.863227,0.614026,0.241847,0.393871,150
150,C3,trust,0.132804,0.796704,0.379045,0.141144,0.372368,150
150,C3,tax,0.137751,0.035995,0.915328,0.254292,0.277815,150
150,C3,news,0.091860,0.479081,0.543043,0.209699,0.386156,150
150,C3,attend,0.580046,0.128260,0.842607,0.290155,0.344354,150
150,C3,pray,0.652385,0.681199,0.570521,0.231157,0.405168,150
150,C3,bible,0.000000,0.132011,0.152944,0.057928,0.378756,150
150,C3,granborn,,0.784379,0.000000,0.000000,0.412216,150
150,C3,income,0.163397,1.178365,1.166698,0.308431,0.264362,150
150,C3,health,0.397197,0.246317,0.654598,0.171264,0.261632,150
150,C3,life,0.336303,0.570613,0.592671,0.166185,0.280400,150
150,PMM k=5,natspac/y,0.143856,0.086458,0.910578,0.315962,0.346991,150
150,PMM k=5,natenvir/y,0.450818,0.060481,1.002452,0.331494,0.330683,150
150,PMM k=5,natheal/y,0.227808,0.081300,0.957333,0.274758,0.287004,150
150,PMM k=5,natcity/y,0.281721,0.019885,1.113027,0.373163,0.335268,150
150,PMM k=5,natdrug/y,0.209263,0.090536,0.885050,0.293269,0.331359,150
150,PMM k=5,nateduc/y,0.187490,0.066708,0.984954,0.295303,0.299814,150
150,PMM k=5,natrace/y,0.602085,0.009245,1.078775,0.388941,0.360540,150
150,PMM k=5,natarms/y,0.548972,0.060767,0.966003,0.370923,0.383977,150
150,PMM k=5,nataid/y,0.269357,0.067009,1.002258,0.299141,0.298467,150
150,PMM k=5,natfare/y,0.431999,0.021979,0.994881,0.301766,0.303319,150
150,PMM k=5,natroad,0.185897,0.056713,1.035317,0.304258,0.293879,150
150,PMM k=5,natsoc,0.188148,0.024307,0.960251,0.263367,0.274269,150
150,PMM k=5,natmass,0.370220,0.043665,1.026520,0.313457,0.305359,150
150,PMM k=5,natpark,0.168315,0.104806,0.965196,0.276281,0.286243,150
150,PMM k=5,natchld,0.345953,0.103774,0.960179,0.308420,0.321211,150
150,PMM k=5,natsci,0.311289,0.021465,0.958073,0.297567,0.310589,150
150,PMM k=5,natenrgy,0.435874,0.055188,0.920158,0.333462,0.362396,150
150,PMM k=5,courts,0.390741,0.085839,0.979767,0.380465,0.388322,150
150,PMM k=5,discaffw,0.423984,0.000000,1.015482,0.313972,0.309185,150
150,PMM k=5,discaffm,0.342501,0.117162,0.948014,0.287696,0.303472,150
150,PMM k=5,fehire,0.382275,0.077555,0.884525,0.266119,0.300861,150
150,PMM k=5,fechld,0.357415,0.154977,0.874856,0.225803,0.258103,150
150,PMM k=5,fepresch,0.341971,0.159984,0.931291,0.258718,0.277806,150
150,PMM k=5,fefam,0.470920,0.007264,0.954308,0.291942,0.305920,150
150,PMM k=5,mobile16,0.158363,0.041400,1.060786,0.427050,0.402578,150
150,PMM k=5,incom16,0.270224,0.015914,0.926277,0.194017,0.209459,150
150,PMM k=5,conarmy,0.445553,0.043498,1.058076,0.324330,0.306529,150
150,PMM k=5,conbus,0.516841,0.220083,0.996511,0.316952,0.318062,150
150,PMM k=5,conclerg,0.418651,0.124675,1.001896,0.348230,0.347571,150
150,PMM k=5,coneduc,0.315187,0.019873,0.796885,0.267330,0.335469,150
150,PMM k=5,confed,0.463817,0.156301,0.941410,0.321229,0.341221,150
150,PMM k=5,confinan,0.432044,0.148835,1.002046,0.314187,0.313546,150
150,PMM k=5,conjudge,0.405702,0.081127,1.016188,0.375777,0.369790,150
150,PMM k=5,conlabor,0.363107,0.020515,1.045770,0.339841,0.324968,150
150,PMM k=5,conlegis,0.435711,0.000000,0.968246,0.317287,0.327693,150
150,PMM k=5,conmedic,0.375840,0.082817,1.030812,0.331915,0.321994,150
150,PMM k=5,conpress,0.201553,0.061084,0.935972,0.306456,0.327420,150
150,PMM k=5,consci,0.556087,0.113192,0.975338,0.315945,0.323933,150
150,PMM k=5,contv,0.358503,0.055715,0.976281,0.292046,0.299141,150
150,PMM k=5,happy,0.401497,0.030677,0.988406,0.322202,0.325982,150
150,PMM k=5,class,0.578854,0.017321,0.936040,0.240184,0.256596,150
150,PMM k=5,satfin,0.584307,0.035475,1.026261,0.385721,0.375851,150
150,PMM k=5,finalter,0.412225,0.111000,0.972125,0.379509,0.390391,150
150,PMM k=5,finrela,0.460938,0.000000,0.891338,0.220560,0.247448,150
150,PMM k=5,wlthwhts,0.153338,0.126480,0.832015,0.116946,0.140557,150
150,PMM k=5,wlthblks,0.210238,0.082227,0.943309,0.114720,0.121614,150
150,PMM k=5,wlthhsps,0.139783,0.091058,0.897207,0.120428,0.134225,150
150,PMM k=5,letin1a,0.446887,0.064904,1.002471,0.308909,0.308148,150
150,PMM k=5,getahead,0.354493,0.077252,0.947688,0.286243,0.302044,150
150,PMM k=5,aged,0.126510,0.106634,1.047825,0.294791,0.281336,150
150,PMM k=5,parsol,0.318350,0.114310,0.964145,0.295208,0.306186,150
150,PMM k=5,spanking,0.418102,0.083067,0.950845,0.330683,0.347778,150
150,PMM k=5,divlaw,0.286783,0.099542,1.000000,0.334868,0.334868,150
150,PMM k=5,pillok,0.458774,0.061175,1.020921,0.333773,0.326933,150
150,PMM k=5,xmarsex,0.272408,0.053098,0.958143,0.280699,0.292962,150
150,PMM k=5,homosex,0.554972,0.048914,1.051698,0.430019,0.408881,150
150,PMM k=5,marhomo,0.637042,0.120396,0.915761,0.329603,0.359922,150
150,PMM k=5,discaff,0.356768,0.039858,1.067494,0.357095,0.334517,150
150,PMM k=5,pornlaw,0.280843,0.140086,0.957958,0.273534,0.285539,150
150,PMM k=5,fair,0.413672,0.086240,1.027329,0.397081,0.386518,150
150,PMM k=5,helpful,0.356005,0.000000,0.955759,0.376446,0.393871,150
150,PMM k=5,trust,0.477453,0.170083,1.002618,0.373343,0.372368,150
150,PMM k=5,tax,0.153720,0.035995,0.961656,0.267163,0.277815,150
150,PMM k=5,news,0.240100,0.025896,0.908375,0.350774,0.386156,150
150,PMM k=5,attend,0.445184,0.130680,0.911505,0.313880,0.344354,150
150,PMM k=5,pray,0.614957,0.069107,0.980730,0.397360,0.405168,150
150,PMM k=5,bible,0.553673,0.149612,1.009738,0.382445,0.378756,150
150,PMM k=5,granborn,0.086980,0.028302,1.051227,0.433332,0.412216,150
150,PMM k=5,income,0.236136,0.137552,0.954521,0.252339,0.264362,150
150,PMM k=5,health,0.398883,0.110418,0.938055,0.245425,0.261632,150
150,PMM k=5,life,0.199258,0.166429,0.910335,0.255258,0.280400,150
150,PMM k=10,natspac/y,0.182125,0.009606,0.979396,0.339841,0.346991,150
150,PMM k=10,natenvir/y,0.400820,0.020160,0.998362,0.330141,0.330683,150
150,PMM k=10,natheal/y,0.363645,0.081300,0.935813,0.268582,0.287004,150
150,PMM k=10,natcity/y,0.359552,0.009942,1.078841,0.361701,0.335268,150
150,PMM k=10,natdrug/y,0.281901,0.050298,0.869489,0.288113,0.331359,150
150,PMM k=10,nateduc/y,0.259487,0.011118,1.020509,0.305962,0.299814,150
150,PMM k=10,natrace/y,0.601547,0.018491,1.003779,0.361902,0.360540,150
150,PMM k=10,natarms/y,0.427021,0.026043,1.002387,0.384894,0.383977,150
150,PMM k=10,nataid/y,0.320257,0.033504,0.953528,0.284597,0.298467,150
150,PMM k=10,natfare/y,0.488035,0.010990,0.979051,0.296965,0.303319,150
150,PMM k=10,natroad,0.216222,0.011343,1.074604,0.315803,0.293879,150
150,PMM k=10,natsoc,0.161848,0.097228,0.950914,0.260807,0.274269,150
150,PMM k=10,natmass,0.305504,0.109161,1.027221,0.313671,0.305359,150
150,PMM k=10,natpark,0.164572,0.116451,0.891752,0.255258,0.286243,150
150,PMM k=10,natchld,0.410758,0.031132,0.949106,0.304864,0.321211,150
150,PMM k=10,natsci,0.148712,0.107323,0.907605,0.281892,0.310589,150
150,PMM k=10,natenrgy,0.582991,0.064386,0.922146,0.334182,0.362396,150
150,PMM k=10,courts,0.358488,0.042920,1.013081,0.393402,0.388322,150
150,PMM k=10,discaffw,0.369630,0.172497,0.990910,0.306374,0.309185,150
150,PMM k=10,discaffm,0.411448,0.036613,1.023344,0.310557,0.303472,150
150,PMM k=10,fehire,0.367493,0.044317,0.940784,0.283045,0.300861,150
150,PMM k=10,fechld,0.298336,0.068879,0.985567,0.254378,0.258103,150
150,PMM k=10,fepresch,0.413026,0.127987,0.918616,0.255197,0.277806,150
150,PMM k=10,fefam,0.418026,0.065377,1.002626,0.306723,0.305920,150
150,PMM k=10,mobile16,0.198826,0.008280,1.026799,0.413367,0.402578,150
150,PMM k=10,incom16,0.452357,0.063656,0.935180,0.195882,0.209459,150
150,PMM k=10,conarmy,0.295791,0.010874,1.050453,0.321994,0.306529,150
150,PMM k=10,conbus,0.386769,0.073361,1.009738,0.321159,0.318062,150
150,PMM k=10,conclerg,0.395822,0.143856,0.982486,0.341483,0.347571,150
150,PMM k=10,coneduc,0.429969,0.029809,0.857621,0.287705,0.335469,150
150,PMM k=10,confed,0.396214,0.107457,0.955339,0.325982,0.341221,150
150,PMM k=10,confinan,0.451506,0.116942,1.057888,0.331696,0.313546,150
150,PMM k=10,conjudge,0.375055,0.207325,0.955278,0.353253,0.369790,150
150,PMM k=10,conlabor,0.348053,0.041030,0.997879,0.324279,0.324968,150
150,PMM k=10,conlegis,0.449378,0.020344,0.931844,0.305359,0.327693,150
150,PMM k=10,conmedic,0.500864,0.093169,1.012384,0.325982,0.321994,150
150,PMM k=10,conpress,0.170885,0.020361,0.941529,0.308275,0.327420,150
150,PMM k=10,consci,0.566552,0.041161,0.994013,0.321994,0.323933,150
150,PMM k=10,contv,0.269569,0.122573,0.950592,0.284361,0.299141,150
150,PMM k=10,happy,0.418326,0.040902,0.946128,0.308420,0.325982,150
150,PMM k=10,class,0.560087,0.034642,0.917793,0.235502,0.256596,150
150,PMM k=10,satfin,0.544252,0.026606,0.947426,0.356091,0.375851,150
150,PMM k=10,finalter,0.380111,0.051231,0.974124,0.380289,0.390391,150
150,PMM k=10,finrela,0.487815,0.080825,0.924240,0.228701,0.247448,150
150,PMM k=10,wlthwhts,0.145521,0.158101,0.772091,0.108523,0.140557,150
150,PMM k=10,wlthblks,0.195635,0.118773,0.953587,0.115969,0.121614,150
150,PMM k=10,wlthhsps,0.207221,0.140725,0.958759,0.128690,0.134225,150
150,PMM k=10,letin1a,0.428394,0.081130,0.971089,0.299239,0.308148,150
150,PMM k=10,getahead,0.254377,0.055180,0.971706,0.293498,0.302044,150
150,PMM k=10,aged,0.064583,0.106634,1.067864,0.300428,0.281336,150
150,PMM k=10,parsol,0.245067,0.195959,0.969467,0.296837,0.306186,150
150,PMM k=10,spanking,0.338820,0.108626,1.002771,0.348742,0.347778,150
150,PMM k=10,divlaw,0.223557,0.119450,0.992792,0.332454,0.334868,150
150,PMM k=10,pillok,0.435481,0.027189,1.070188,0.349880,0.326933,150
150,PMM k=10,xmarsex,0.352112,0.007585,0.957417,0.280486,0.292962,150
150,PMM k=10,homosex,0.566424,0.038044,1.021404,0.417633,0.408881,150
150,PMM k=10,marhomo,0.593491,0.064829,0.928403,0.334153,0.359922,150
150,PMM k=10,discaff,0.279988,0.049823,1.008213,0.337264,0.334517,150
150,PMM k=10,pornlaw,0.305964,0.081717,0.854644,0.244034,0.285539,150
150,PMM k=10,fair,0.423169,0.043120,1.020199,0.394325,0.386518,150
150,PMM k=10,helpful,0.463239,0.042315,0.974992,0.384021,0.393871,150
150,PMM k=10,trust,0.475786,0.134276,0.962386,0.358361,0.372368,150
150,PMM k=10,tax,0.069938,0.000000,0.932505,0.259064,0.277815,150
150,PMM k=10,news,0.255577,0.090637,0.926010,0.357584,0.386156,150
150,PMM k=10,attend,0.395466,0.087120,0.913482,0.314561,0.344354,150
150,PMM k=10,pray,0.621182,0.013163,0.996965,0.403938,0.405168,150
150,PMM k=10,bible,0.569459,0.105609,0.992015,0.375732,0.378756,150
150,PMM k=10,granborn,0.192140,0.032346,1.037415,0.427639,0.412216,150
150,PMM k=10,income,0.215144,0.208621,1.033638,0.273255,0.264362,150
150,PMM k=10,health,0.361810,0.152886,0.894663,0.234073,0.261632,150
150,PMM k=10,life,0.123973,0.118878,0.939862,0.263537,0.280400,150
150,IM m=10 mode des m,natspac/y,0.185044,0.057638,0.792242,0.274901,0.346991,150
150,IM m=10 mode des m,natenvir/y,0.469498,0.131042,0.917249,0.303319,0.330683,150
150,IM m=10 mode des m,natheal/y,0.330208,0.255513,0.759156,0.217881,0.287004,150
150,IM m=10 mode des m,natcity/y,0.283886,0.109365,1.002534,0.336118,0.335268,150
150,IM m=10 mode des m,natdrug/y,0.188626,0.251490,0.764762,0.253411,0.331359,150
150,IM m=10 mode des m,nateduc/y,0.215634,0.177888,0.844860,0.253300,0.299814,150
150,IM m=10 mode des m,natrace/y,0.623234,0.073963,1.019937,0.367728,0.360540,150
150,IM m=10 mode des m,natarms/y,0.429580,0.017362,0.910409,0.349576,0.383977,150
150,IM m=10 mode des m,nataid/y,0.341421,0.167522,0.865735,0.258394,0.298467,150
150,IM m=10 mode des m,natfare/y,0.491921,0.098906,0.894699,0.271379,0.303319,150
150,IM m=10 mode des m,natroad,0.135420,0.170138,0.885638,0.260270,0.293879,150
150,IM m=10 mode des m,natsoc,0.201994,0.048614,0.916515,0.251372,0.274269,150
150,IM m=10 mode des m,natmass,0.474174,0.043665,0.915321,0.279501,0.305359,150
150,IM m=10 mode des m,natpark,0.206499,0.081516,0.740445,0.211947,0.286243,150
150,IM m=10 mode des m,natchld,0.406015,0.031132,0.840035,0.269829,0.321211,150
150,IM m=10 mode des m,natsci,0.299626,0.021465,0.821217,0.255061,0.310589,150
150,IM m=10 mode des m,natenrgy,0.445964,0.110376,0.902778,0.327163,0.362396,150
150,IM m=10 mode des m,courts,0.320353,0.180263,0.892401,0.346539,0.388322,150
150,IM m=10 mode des m,discaffw,0.370333,0.150934,0.815881,0.252258,0.309185,150
150,IM m=10 mode des m,discaffm,0.416810,0.029291,0.891677,0.270599,0.303472,150
150,IM m=10 mode des m,fehire,0.468618,0.171729,0.774489,0.233014,0.300861,150
150,IM m=10 mode des m,fechld,0.349436,0.077489,0.773102,0.199540,0.258103,150
150,IM m=10 mode des m,fepresch,0.402436,0.183981,0.779843,0.216645,0.277806,150
150,IM m=10 mode des m,fefam,0.415551,0.036320,0.843694,0.258103,0.305920,150
150,IM m=10 mode des m,mobile16,0.174569,0.132479,1.041780,0.419398,0.402578,150
150,IM m=10 mode des m,incom16,0.395444,0.007957,0.744667,0.155977,0.209459,150
150,IM m=10 mode des m,conarmy,0.368791,0.141368,0.958732,0.293879,0.306529,150
150,IM m=10 mode des m,conbus,0.504732,0.146722,0.946373,0.301005,0.318062,150
150,IM m=10 mode des m,conclerg,0.465668,0.009590,1.026004,0.356609,0.347571,150
150,IM m=10 mode des m,coneduc,0.333308,0.029809,0.778909,0.261299,0.335469,150
150,IM m=10 mode des m,confed,0.446685,0.175839,0.900518,0.307276,0.341221,150
150,IM m=10 mode des m,confinan,0.492760,0.042524,0.973245,0.305157,0.313546,150
150,IM m=10 mode des m,conjudge,0.408045,0.189296,0.974270,0.360276,0.369790,150
150,IM m=10 mode des m,conlabor,0.412843,0.071802,0.954422,0.310156,0.324968,150
150,IM m=10 mode des m,conlegis,0.292987,0.183098,0.842615,0.276119,0.327693,150
150,IM m=10 mode des m,conmedic,0.433397,0.041409,0.904371,0.291202,0.321994,150
150,IM m=10 mode des m,conpress,0.214692,0.203612,0.857307,0.280699,0.327420,150
150,IM m=10 mode des m,consci,0.474430,0.174933,0.923465,0.299141,0.323933,150
150,IM m=10 mode des m,contv,0.280306,0.222860,0.981071,0.293479,0.299141,150
150,IM m=10 mode des m,happy,0.394034,0.102255,0.788069,0.256896,0.325982,150
150,IM m=10 mode des m,class,0.477549,0.077944,0.907243,0.232795,0.256596,150
150,IM m=10 mode des m,satfin,0.538894,0.026606,0.934806,0.351348,0.375851,150
150,IM m=10 mode des m,finalter,0.382452,0.085385,0.935537,0.365225,0.390391,150
150,IM m=10 mode des m,finrela,0.503460,0.033677,0.853248,0.211134,0.247448,150
150,IM m=10 mode des m,wlthwhts,0.141095,0.079050,0.631341,0.088740,0.140557,150
150,IM m=10 mode des m,wlthblks,0.277216,0.100500,0.791180,0.096219,0.121614,150
150,IM m=10 mode des m,wlthhsps,0.080682,0.149003,0.754128,0.101223,0.134225,150
150,IM m=10 mode des m,letin1a,0.511121,0.086538,0.957268,0.294980,0.308148,150
150,IM m=10 mode des m,getahead,0.197813,0.066216,0.826842,0.249743,0.302044,150
150,IM m=10 mode des m,aged,0.038961,0.035545,0.834275,0.234711,0.281336,150
150,IM m=10 mode des m,parsol,0.336046,0.217732,0.858784,0.262948,0.306186,150
150,IM m=10 mode des m,spanking,0.501330,0.063898,0.900970,0.313338,0.347778,150
150,IM m=10 mode des m,divlaw,0.236006,0.159267,0.961555,0.321994,0.334868,150
150,IM m=10 mode des m,pillok,0.536916,0.129146,0.998813,0.326545,0.326933,150
150,IM m=10 mode des m,xmarsex,0.409839,0.288244,0.740870,0.217046,0.292962,150
150,IM m=10 mode des m,homosex,0.668582,0.005435,1.074910,0.439510,0.408881,150
150,IM m=10 mode des m,marhomo,0.632139,0.208378,0.944207,0.339841,0.359922,150
150,IM m=10 mode des m,discaff,0.298274,0.169399,0.876694,0.293269,0.334517,150
150,IM m=10 mode des m,pornlaw,0.277624,0.070043,0.654773,0.186963,0.285539,150
150,IM m=10 mode des m,fair,0.467210,0.025872,0.956723,0.369790,0.386518,150
150,IM m=10 mode des m,helpful,0.427704,0.042315,0.929562,0.366127,0.393871,150
150,IM m=10 mode des m,trust,0.410247,0.214841,0.942695,0.351029,0.372368,150
150,IM m=10 mode des m,tax,0.368605,0.000000,0.884652,0.245770,0.277815,150
150,IM m=10 mode des m,news,0.214886,0.224434,0.874977,0.337877,0.386156,150
150,IM m=10 mode des m,attend,0.434908,0.251679,0.854415,0.294221,0.344354,150
150,IM m=10 mode des m,pray,0.677922,0.128342,1.044990,0.423396,0.405168,150
150,IM m=10 mode des m,bible,0.582578,0.193616,0.929524,0.352063,0.378756,150
150,IM m=10 mode des m,granborn,0.009968,0.084907,1.053354,0.434209,0.412216,150
150,IM m=10 mode des m,income,0.153204,0.488311,0.702456,0.185703,0.264362,150
150,IM m=10 mode des m,health,0.343724,0.152886,0.688186,0.180052,0.261632,150
150,IM m=10 mode des m,life,0.235471,0.059439,0.830148,0.232773,0.280400,150
150,B0 mode,natspac/y,,0.057638,0.000000,0.000000,0.346991,150
150,B0 mode,natenvir/y,,0.685450,0.000000,0.000000,0.330683,150
150,B0 mode,natheal/y,,0.650397,0.000000,0.000000,0.287004,150
150,B0 mode,natcity/y,,0.009942,0.000000,0.000000,0.335268,150
150,B0 mode,natdrug/y,,0.784648,0.000000,0.000000,0.331359,150
150,B0 mode,nateduc/y,,0.644845,0.000000,0.000000,0.299814,150
150,B0 mode,natrace/y,-0.129869,0.064718,0.556582,0.200670,0.360540,150
150,B0 mode,natarms/y,-0.161138,0.060767,0.522609,0.200670,0.383977,150
150,B0 mode,nataid/y,,0.625417,0.000000,0.000000,0.298467,150
150,B0 mode,natfare/y,,0.604425,0.000000,0.000000,0.303319,150
150,B0 mode,natroad,,0.873376,0.000000,0.000000,0.293879,150
150,B0 mode,natsoc,,0.668442,0.000000,0.000000,0.274269,150
150,B0 mode,natmass,,0.633135,0.000000,0.000000,0.305359,150
150,B0 mode,natpark,,0.407579,0.000000,0.000000,0.286243,150
150,B0 mode,natchld,,0.788681,0.000000,0.000000,0.321211,150
150,B0 mode,natsci,,0.279040,0.000000,0.000000,0.310589,150
150,B0 mode,natenrgy,,0.947397,0.000000,0.000000,0.362396,150
150,B0 mode,courts,,0.969985,0.000000,0.000000,0.388322,150
150,B0 mode,discaffw,,0.438429,0.000000,0.000000,0.309185,150
150,B0 mode,discaffm,,0.109840,0.000000,0.000000,0.303472,150
150,B0 mode,fehire,0.063536,0.105253,0.408444,0.122885,0.300861,150
150,B0 mode,fechld,,0.172197,0.000000,0.000000,0.258103,150
150,B0 mode,fepresch,,0.207979,0.000000,0.000000,0.277806,150
150,B0 mode,fefam,,0.108961,0.000000,0.000000,0.305920,150
150,B0 mode,mobile16,,1.084675,0.000000,0.000000,0.402578,150
150,B0 mode,incom16,,0.246667,0.000000,0.000000,0.209459,150
150,B0 mode,conarmy,,0.978702,0.000000,0.000000,0.306529,150
150,B0 mode,conbus,,0.167682,0.000000,0.000000,0.318062,150
150,B0 mode,conclerg,,0.863134,0.000000,0.000000,0.347571,150
150,B0 mode,coneduc,,0.168918,0.000000,0.000000,0.335469,150
150,B0 mode,confed,,0.283296,0.000000,0.000000,0.341221,150
150,B0 mode,confinan,,0.201991,0.000000,0.000000,0.313546,150
150,B0 mode,conjudge,,0.135212,0.000000,0.000000,0.369790,150
150,B0 mode,conlabor,,0.030772,0.000000,0.000000,0.324968,150
150,B0 mode,conlegis,,0.915492,0.000000,0.000000,0.327693,150
150,B0 mode,conmedic,0.109062,0.300213,0.623211,0.200670,0.321994,150
150,B0 mode,conpress,,0.468308,0.000000,0.000000,0.327420,150
150,B0 mode,consci,,0.895246,0.000000,0.000000,0.323933,150
150,B0 mode,contv,,0.557150,0.000000,0.000000,0.299141,150
150,B0 mode,happy,,0.102255,0.000000,0.000000,0.325982,150
150,B0 mode,class,,0.294454,0.000000,0.000000,0.256596,150
150,B0 mode,satfin,,0.097556,0.000000,0.000000,0.375851,150
150,B0 mode,finalter,,0.042692,0.000000,0.000000,0.390391,150
150,B0 mode,finrela,,0.350242,0.000000,0.000000,0.247448,150
150,B0 mode,wlthwhts,,0.411062,0.000000,0.000000,0.140557,150
150,B0 mode,wlthblks,,0.365455,0.000000,0.000000,0.121614,150
150,B0 mode,wlthhsps,-0.071206,0.099336,0.610341,0.081923,0.134225,150
150,B0 mode,letin1a,,0.335337,0.000000,0.000000,0.308148,150
150,B0 mode,getahead,,0.684228,0.000000,0.000000,0.302044,150
150,B0 mode,aged,,0.379143,0.000000,0.000000,0.281336,150
150,B0 mode,parsol,,0.081650,0.000000,0.000000,0.306186,150
150,B0 mode,spanking,,0.568690,0.000000,0.000000,0.347778,150
150,B0 mode,divlaw,,0.248854,0.000000,0.000000,0.334868,150
150,B0 mode,pillok,0.017050,0.339859,0.409197,0.133780,0.326933,150
150,B0 mode,xmarsex,,0.804049,0.000000,0.000000,0.292962,150
150,B0 mode,homosex,,0.755449,0.000000,0.000000,0.408881,150
150,B0 mode,marhomo,,0.810360,0.000000,0.000000,0.359922,150
150,B0 mode,discaff,,0.856957,0.000000,0.000000,0.334517,150
150,B0 mode,pornlaw,,0.221803,0.000000,0.000000,0.285539,150
150,B0 mode,fair,,0.103488,0.000000,0.000000,0.386518,150
150,B0 mode,helpful,,0.076167,0.000000,0.000000,0.393871,150
150,B0 mode,trust,,0.913076,0.000000,0.000000,0.372368,150
150,B0 mode,tax,,0.719903,0.000000,0.000000,0.277815,150
150,B0 mode,news,,0.975427,0.000000,0.000000,0.386156,150
150,B0 mode,attend,,0.793758,0.000000,0.000000,0.344354,150
150,B0 mode,pray,,1.135332,0.000000,0.000000,0.405168,150
150,B0 mode,bible,,0.132011,0.000000,0.000000,0.378756,150
150,B0 mode,granborn,,0.784379,0.000000,0.000000,0.412216,150
150,B0 mode,income,,0.756538,0.000000,0.000000,0.264362,150
150,B0 mode,health,,0.348241,0.000000,0.000000,0.261632,150
150,B0 mode,life,,0.463623,0.000000,0.000000,0.280400,150
150,B1 argmax,natspac/y,-0.030813,0.019213,0.596970,0.207143,0.346991,150
150,B1 argmax,natenvir/y,0.405668,0.362885,0.850772,0.281336,0.330683,150
150,B1 argmax,natheal/y,-0.045512,0.557483,0.441591,0.126738,0.287004,150
150,B1 argmax,natcity/y,0.262176,0.159077,0.973579,0.326410,0.335268,150
150,B1 argmax,natdrug/y,-0.014170,0.462741,0.690192,0.228701,0.331359,150
150,B1 argmax,nateduc/y,0.252954,0.444721,0.667081,0.200000,0.299814,150
150,B1 argmax,natrace/y,0.536487,0.009245,1.042262,0.375777,0.360540,150
150,B1 argmax,natarms/y,0.334298,0.069449,0.913902,0.350918,0.383977,150
150,B1 argmax,nataid/y,0.228236,0.290372,0.726205,0.216748,0.298467,150
150,B1 argmax,natfare/y,0.382627,0.274739,0.810268,0.245770,0.303319,150
150,B1 argmax,natroad,-0.050571,0.362962,0.806736,0.237082,0.293879,150
150,B1 argmax,natsoc,0.115972,0.413219,0.634685,0.174075,0.274269,150
150,B1 argmax,natmass,0.289051,0.043665,0.873199,0.266639,0.305359,150
150,B1 argmax,natpark,0.094750,0.267838,0.475474,0.136101,0.286243,150
150,B1 argmax,natchld,0.194705,0.249057,0.806253,0.258978,0.321211,150
150,B1 argmax,natsci,0.074441,0.085858,0.725880,0.225450,0.310589,150
150,B1 argmax,natenrgy,0.366162,0.248347,0.900652,0.326393,0.362396,150
150,B1 argmax,courts,0.391199,0.266102,0.973501,0.378032,0.388322,150
150,B1 argmax,discaffw,0.237455,0.194059,0.761276,0.235375,0.309185,150
150,B1 argmax,discaffm,0.291162,0.161098,0.798142,0.242214,0.303472,150
150,B1 argmax,fehire,0.240025,0.105253,0.861075,0.259064,0.300861,150
150,B1 argmax,fechld,0.156231,0.206636,0.726061,0.187398,0.258103,150
150,B1 argmax,fepresch,0.188890,0.247975,0.658179,0.182846,0.277806,150
150,B1 argmax,fefam,0.273011,0.145281,0.831805,0.254465,0.305920,150
150,B1 argmax,mobile16,0.363994,0.033120,1.054816,0.424646,0.402578,150
150,B1 argmax,incom16,0.122352,0.047742,0.730887,0.153091,0.209459,150
150,B1 argmax,conarmy,0.311832,0.163117,1.030776,0.315962,0.306529,150
150,B1 argmax,conbus,0.205878,0.282964,0.758339,0.241199,0.318062,150
150,B1 argmax,conclerg,0.186906,0.268531,0.802542,0.278940,0.347571,150
150,B1 argmax,coneduc,0.128655,0.069554,0.563968,0.189194,0.335469,150
150,B1 argmax,confed,0.328771,0.312603,0.798031,0.272305,0.341221,150
150,B1 argmax,confinan,0.136600,0.010631,0.683002,0.214153,0.313546,150
150,B1 argmax,conjudge,0.282699,0.279438,0.885419,0.327420,0.369790,150
150,B1 argmax,conlabor,0.320938,0.153861,0.655451,0.213000,0.324968,150
150,B1 argmax,conlegis,0.103327,0.325508,0.786342,0.257679,0.327693,150
150,B1 argmax,conmedic,0.338831,0.217395,0.837414,0.269642,0.321994,150
150,B1 argmax,conpress,0.152655,0.152709,0.850280,0.278398,0.327420,150
150,B1 argmax,consci,0.443236,0.195513,0.922079,0.298692,0.323933,150
150,B1 argmax,contv,0.172976,0.055715,0.831039,0.248598,0.299141,150
150,B1 argmax,happy,0.105467,0.020451,0.628783,0.204972,0.325982,150
150,B1 argmax,class,0.580076,0.043302,0.920791,0.236271,0.256596,150
150,B1 argmax,satfin,0.358709,0.133031,0.936836,0.352111,0.375851,150
150,B1 argmax,finalter,0.281591,0.042692,0.886183,0.345958,0.390391,150
150,B1 argmax,finrela,0.540883,0.080825,0.799616,0.197863,0.247448,150
150,B1 argmax,wlthwhts,0.095085,0.142291,0.616621,0.086671,0.140557,150
150,B1 argmax,wlthblks,0.042523,0.063955,0.652146,0.079310,0.121614,150
150,B1 argmax,wlthhsps,-0.000617,0.198671,0.670450,0.089991,0.134225,150
150,B1 argmax,letin1a,0.496399,0.091947,0.875192,0.269689,0.308148,150
150,B1 argmax,getahead,0.342440,0.088287,0.842123,0.254358,0.302044,150
150,B1 argmax,aged,0.097192,0.106634,0.674686,0.189813,0.281336,150
150,B1 argmax,parsol,0.283816,0.234062,0.848141,0.259689,0.306186,150
150,B1 argmax,spanking,0.399477,0.012780,0.941571,0.327458,0.347778,150
150,B1 argmax,divlaw,0.179626,0.248854,0.805220,0.269642,0.334868,150
150,B1 argmax,pillok,0.381129,0.169929,1.019005,0.333147,0.326933,150
150,B1 argmax,xmarsex,0.220756,0.394439,0.662794,0.194173,0.292962,150
150,B1 argmax,homosex,0.224751,0.244570,0.970344,0.396755,0.408881,150
150,B1 argmax,marhomo,0.356540,0.296360,0.939957,0.338312,0.359922,150
150,B1 argmax,discaff,0.298741,0.209257,0.890047,0.297736,0.334517,150
150,B1 argmax,pornlaw,0.084735,0.070043,0.571539,0.163197,0.285539,150
150,B1 argmax,fair,0.222581,0.000000,1.011169,0.390835,0.386518,150
150,B1 argmax,helpful,0.110836,0.025389,1.003132,0.395104,0.393871,150
150,B1 argmax,trust,0.160508,0.402828,0.847381,0.315537,0.372368,150
150,B1 argmax,tax,0.113853,0.299960,0.763763,0.212185,0.277815,150
150,B1 argmax,news,0.329041,0.233067,0.998987,0.385765,0.386156,150
150,B1 argmax,attend,0.249261,0.573538,0.596092,0.205267,0.344354,150
150,B1 argmax,pray,0.233729,0.177704,1.103373,0.447051,0.405168,150
150,B1 argmax,bible,0.282184,0.123210,0.874548,0.331241,0.378756,150
150,B1 argmax,granborn,0.162917,0.303239,0.940857,0.387836,0.412216,150
150,B1 argmax,income,0.212010,0.410364,0.931373,0.246220,0.264362,150
150,B1 argmax,health,0.072051,0.246317,0.562461,0.147158,0.261632,150
150,B1 argmax,life,0.211665,0.190204,0.707760,0.198456,0.280400,150
150,B2 argmax,natspac/y,0.229278,0.009606,0.347658,0.120634,0.346991,150
150,B2 argmax,natenvir/y,0.411703,0.282244,0.852214,0.281813,0.330683,150
150,B2 argmax,natheal/y,0.171072,0.592326,0.373083,0.107076,0.287004,150
150,B2 argmax,natcity/y,0.201742,0.119307,0.671336,0.225078,0.335268,150
150,B2 argmax,natdrug/y,0.221737,0.563337,0.589918,0.195475,0.331359,150
150,B2 argmax,nateduc/y,0.185718,0.522547,0.477075,0.143034,0.299814,150
150,B2 argmax,natrace/y,0.518006,0.258871,1.001204,0.360974,0.360540,150
150,B2 argmax,natarms/y,0.476484,0.034724,0.976509,0.374957,0.383977,150
150,B2 argmax,nataid/y,0.207748,0.256868,0.696281,0.207817,0.298467,150
150,B2 argmax,natfare/y,0.173313,0.472550,0.589266,0.178735,0.303319,150
150,B2 argmax,natroad,0.102425,0.533100,0.682833,0.200670,0.293879,150
150,B2 argmax,natsoc,0.191748,0.619828,0.294687,0.080824,0.274269,150
150,B2 argmax,natmass,0.433297,0.163742,0.821160,0.250748,0.305359,150
150,B2 argmax,natpark,0.306425,0.163032,0.608136,0.174075,0.286243,150
150,B2 argmax,natchld,0.346902,0.373586,0.690664,0.221849,0.321211,150
150,B2 argmax,natsci,0.260738,0.150252,0.738235,0.229287,0.310589,150
150,B2 argmax,natenrgy,0.520704,0.358723,0.909123,0.329463,0.362396,150
150,B2 argmax,courts,0.353083,0.188847,0.801906,0.311398,0.388322,150
150,B2 argmax,discaffw,0.269083,0.215621,0.504233,0.155901,0.309185,150
150,B2 argmax,discaffm,0.389375,0.102517,0.642574,0.195003,0.303472,150
150,B2 argmax,fehire,0.426937,0.216047,0.685263,0.206169,0.300861,150
150,B2 argmax,fechld,0.325935,0.241076,0.604461,0.156013,0.258103,150
150,B2 argmax,fepresch,0.326433,0.383961,0.527277,0.146481,0.277806,150
150,B2 argmax,fefam,0.458080,0.377732,0.777540,0.237865,0.305920,150
150,B2 argmax,mobile16,0.277811,0.024840,1.051375,0.423261,0.402578,150
150,B2 argmax,incom16,0.183336,0.135269,0.422758,0.088550,0.209459,150
150,B2 argmax,conarmy,0.396214,0.163117,0.901388,0.276301,0.306529,150
150,B2 argmax,conbus,0.456961,0.262004,0.748654,0.238118,0.318062,150
150,B2 argmax,conclerg,0.414076,0.297302,0.724505,0.251817,0.347571,150
150,B2 argmax,coneduc,0.311764,0.158982,0.472796,0.158608,0.335469,150
150,B2 argmax,confed,0.362642,0.117226,0.718195,0.245063,0.341221,150
150,B2 argmax,confinan,0.420606,0.010631,0.637865,0.200000,0.313546,150
150,B2 argmax,conjudge,0.372546,0.423663,0.816797,0.302044,0.369790,150
150,B2 argmax,conlabor,0.355330,0.030772,0.531200,0.172623,0.324968,150
150,B2 argmax,conlegis,0.198101,0.264475,0.757188,0.248125,0.327693,150
150,B2 argmax,conmedic,0.312458,0.248452,0.795187,0.256045,0.321994,150
150,B2 argmax,conpress,0.321223,0.010181,0.710713,0.232701,0.327420,150
150,B2 argmax,consci,0.397202,0.360156,0.758423,0.245679,0.323933,150
150,B2 argmax,contv,0.170783,0.055715,0.768521,0.229896,0.299141,150
150,B2 argmax,happy,0.285997,0.010226,0.401182,0.130778,0.325982,150
150,B2 argmax,class,0.592087,0.164548,0.784024,0.201177,0.256596,150
150,B2 argmax,satfin,0.392158,0.035475,0.862785,0.324279,0.375851,150
150,B2 argmax,finalter,0.306533,0.179308,0.723092,0.282289,0.390391,150
150,B2 argmax,finrela,0.394649,0.067354,0.598988,0.148218,0.247448,150
150,B2 argmax,wlthwhts,0.112266,0.316201,0.322765,0.045367,0.140557,150
150,B2 argmax,wlthblks,0.060422,0.018273,0.598036,0.072730,0.121614,150
150,B2 argmax,wlthhsps,-0.019521,0.124169,0.614902,0.082535,0.134225,150
150,B2 argmax,letin1a,0.434134,0.037861,0.869792,0.268025,0.308148,150
150,B2 argmax,getahead,0.166972,0.077252,0.800395,0.241754,0.302044,150
150,B2 argmax,aged,0.061811,0.319902,0.320092,0.090053,0.281336,150
150,B2 argmax,parsol,0.284084,0.027217,0.692993,0.212185,0.306186,150
150,B2 argmax,spanking,0.435522,0.261981,0.946599,0.329206,0.347778,150
150,B2 argmax,divlaw,0.298164,0.228946,0.853101,0.285676,0.334868,150
150,B2 argmax,pillok,0.571725,0.367047,0.885123,0.289376,0.326933,150
150,B2 argmax,xmarsex,0.299452,0.235146,0.754389,0.221007,0.292962,150
150,B2 argmax,homosex,0.587463,0.271744,0.968274,0.395909,0.408881,150
150,B2 argmax,marhomo,0.567108,0.328775,0.917351,0.330175,0.359922,150
150,B2 argmax,discaff,0.375454,0.318868,0.760374,0.254358,0.334517,150
150,B2 argmax,pornlaw,0.239697,0.116738,0.417250,0.119141,0.285539,150
150,B2 argmax,fair,0.383472,0.008624,0.735700,0.284361,0.386518,150
150,B2 argmax,helpful,0.334895,0.033852,0.797691,0.314187,0.393871,150
150,B2 argmax,trust,0.322255,0.304359,0.817089,0.304258,0.372368,150
150,B2 argmax,tax,0.157725,0.011998,0.882109,0.245063,0.277815,150
150,B2 argmax,news,0.302895,0.582666,0.779118,0.300861,0.386156,150
150,B2 argmax,attend,0.425387,0.428339,0.864448,0.297676,0.344354,150
150,B2 argmax,pray,0.583645,0.404770,1.096669,0.444335,0.405168,150
150,B2 argmax,bible,0.618822,0.360830,1.009275,0.382269,0.378756,150
150,B2 argmax,granborn,-0.057137,0.687343,0.476973,0.196616,0.412216,150
150,B2 argmax,income,,0.756538,0.000000,0.000000,0.264362,150
150,B2 argmax,health,0.238124,0.195355,0.415405,0.108683,0.261632,150
150,B2 argmax,life,0.143671,0.332858,0.466398,0.130778,0.280400,150
150,B3 foret,natspac/y,-0.083473,0.057638,0.166945,0.057928,0.346991,150
150,B3 foret,natenvir/y,0.414456,0.443527,0.744868,0.246315,0.330683,150
150,B3 foret,natheal/y,-0.053461,0.638783,0.142245,0.040825,0.287004,150
150,B3 foret,natcity/y,0.135330,0.198846,0.675768,0.226564,0.335268,150
150,B3 foret,natdrug/y,0.113297,0.684052,0.377656,0.125140,0.331359,150
150,B3 foret,nateduc/y,0.119303,0.622609,0.191922,0.057541,0.299814,150
150,B3 foret,natrace/y,0.535265,0.138681,0.992875,0.357971,0.360540,150
150,B3 foret,natarms/y,0.419370,0.060767,0.899468,0.345375,0.383977,150
150,B3 foret,nataid/y,0.171750,0.524904,0.399177,0.119141,0.298467,150
150,B3 foret,natfare/y,0.194517,0.549477,0.296894,0.090053,0.303319,150
150,B3 foret,natroad,0.012909,0.442359,0.742445,0.218189,0.293879,150
150,B3 foret,natsoc,,0.668442,0.000000,0.000000,0.274269,150
150,B3 foret,natmass,0.355310,0.054581,0.785317,0.239803,0.305359,150
150,B3 foret,natpark,-0.033502,0.395934,0.142623,0.040825,0.286243,150
150,B3 foret,natchld,0.154271,0.425473,0.660577,0.212185,0.321211,150
150,B3 foret,natsci,0.060171,0.032197,0.581984,0.180758,0.310589,150
150,B3 foret,natenrgy,0.350160,0.423110,0.761086,0.275815,0.362396,150
150,B3 foret,courts,0.411623,0.480700,0.812565,0.315537,0.388322,150
150,B3 foret,discaffw,0.294129,0.244370,0.530959,0.164165,0.309185,150
150,B3 foret,discaffm,0.080217,0.212357,0.545080,0.165417,0.303472,150
150,B3 foret,fehire,0.232305,0.210507,0.606559,0.182490,0.300861,150
150,B3 foret,fechld,0.161615,0.189416,0.581814,0.150168,0.258103,150
150,B3 foret,fepresch,0.040498,0.263973,0.289492,0.080423,0.277806,150
150,B3 foret,fefam,0.401359,0.188866,0.657130,0.201029,0.305920,150
150,B3 foret,mobile16,0.326434,0.124199,1.068565,0.430181,0.402578,150
150,B3 foret,incom16,0.096646,0.190968,0.252592,0.052908,0.209459,150
150,B3 foret,conarmy,0.179723,0.239238,0.814745,0.249743,0.306529,150
150,B3 foret,conbus,0.374413,0.167682,0.646154,0.205517,0.318062,150
150,B3 foret,conclerg,0.217047,0.450748,0.652701,0.226860,0.347571,150
150,B3 foret,coneduc,0.048450,0.158982,0.272848,0.091532,0.335469,150
150,B3 foret,confed,0.264389,0.253990,0.728554,0.248598,0.341221,150
150,B3 foret,confinan,0.106874,0.127573,0.337479,0.105815,0.313546,150
150,B3 foret,conjudge,0.201114,0.243381,0.719918,0.266219,0.369790,150
150,B3 foret,conlabor,0.149480,0.082059,0.329498,0.107076,0.324968,150
150,B3 foret,conlegis,0.008311,0.294992,0.752011,0.246429,0.327693,150
150,B3 foret,conmedic,0.355400,0.175987,0.778944,0.250815,0.321994,150
150,B3 foret,conpress,0.125055,0.193432,0.759264,0.248598,0.327420,150
150,B3 foret,consci,0.470315,0.257254,0.783314,0.253742,0.323933,150
150,B3 foret,contv,0.148134,0.033429,0.801639,0.239803,0.299141,150
150,B3 foret,happy,0.117672,0.092030,0.125237,0.040825,0.325982,150
150,B3 foret,class,0.527441,0.112585,0.866374,0.222308,0.256596,150
150,B3 foret,satfin,0.387279,0.203982,0.793712,0.298317,0.375851,150
150,B3 foret,finalter,0.316615,0.034154,0.763815,0.298186,0.390391,150
150,B3 foret,finrela,0.420949,0.134709,0.698268,0.172785,0.247448,150
150,B3 foret,wlthwhts,0.175942,0.332011,0.296770,0.041713,0.140557,150
150,B3 foret,wlthblks,0.122254,0.100500,0.543023,0.066039,0.121614,150
150,B3 foret,wlthhsps,0.033223,0.223505,0.622927,0.083613,0.134225,150
150,B3 foret,letin1a,0.463165,0.237981,0.783864,0.241546,0.308148,150
150,B3 foret,getahead,0.324020,0.165539,0.770422,0.232701,0.302044,150
150,B3 foret,aged,-0.031165,0.367295,0.145111,0.040825,0.281336,150
150,B3 foret,parsol,0.225600,0.185073,0.592999,0.181568,0.306186,150
150,B3 foret,spanking,0.404684,0.051118,0.913205,0.317593,0.347778,150
150,B3 foret,divlaw,0.093375,0.159267,0.667672,0.223582,0.334868,150
150,B3 foret,pillok,0.417653,0.387439,0.867528,0.283624,0.326933,150
150,B3 foret,xmarsex,0.210916,0.576488,0.527290,0.154476,0.292962,150
150,B3 foret,homosex,0.297787,0.315223,0.942755,0.385475,0.408881,150
150,B3 foret,marhomo,0.330630,0.467693,0.887936,0.319588,0.359922,150
150,B3 foret,discaff,0.321759,0.438443,0.695275,0.232581,0.334517,150
150,B3 foret,pornlaw,0.108569,0.175108,0.283056,0.080824,0.285539,150
150,B3 foret,fair,0.210712,0.198352,0.916759,0.354343,0.386518,150
150,B3 foret,helpful,0.123713,0.152334,0.907464,0.357424,0.393871,150
150,B3 foret,trust,-0.014908,0.760897,0.454532,0.169253,0.372368,150
150,B3 foret,tax,0.050885,0.407945,0.683554,0.189902,0.277815,150
150,B3 foret,news,0.236534,0.617195,0.843738,0.325814,0.386156,150
150,B3 foret,attend,,0.793758,0.000000,0.000000,0.344354,150
150,B3 foret,pray,0.285599,0.371862,1.136025,0.460281,0.405168,150
150,B3 foret,bible,0.299956,0.237620,0.811035,0.307185,0.378756,150
150,B3 foret,granborn,0.151913,0.557960,0.708060,0.291874,0.412216,150
150,B3 foret,income,0.183664,0.559379,0.751028,0.198543,0.264362,150
150,B3 foret,health,-0.133349,0.339748,0.104026,0.027217,0.261632,150
150,B3 foret,life,0.123278,0.380409,0.377373,0.105815,0.280400,150
150,humains vague 2,natspac/y,0.528172,0.163309,0.925555,0.321159,0.346991,150
150,humains vague 2,natenvir/y,0.723574,0.010080,0.969513,0.320601,0.330683,150
150,humains vague 2,natheal/y,0.470923,0.104528,0.927944,0.266324,0.287004,150
150,humains vague 2,natcity/y,0.524854,0.099423,1.025547,0.343834,0.335268,150
150,humains vague 2,natdrug/y,0.526722,0.060358,0.886602,0.293783,0.331359,150
150,humains vague 2,nateduc/y,0.620416,0.033354,0.954737,0.286243,0.299814,150
150,humains vague 2,natrace/y,0.702267,0.027736,0.972914,0.350774,0.360540,150
150,humains vague 2,natarms/y,0.720310,0.095492,1.020390,0.391806,0.383977,150
150,humains vague 2,nataid/y,0.544050,0.033504,0.968424,0.289043,0.298467,150
150,humains vague 2,natfare/y,0.556707,0.010990,0.965294,0.292792,0.303319,150
150,humains vague 2,natroad,0.563794,0.124768,1.027784,0.302044,0.293879,150
150,humains vague 2,natsoc,0.347970,0.012153,0.974317,0.267225,0.274269,150
150,humains vague 2,natmass,0.578942,0.054581,1.041428,0.318009,0.305359,150
150,humains vague 2,natpark,0.535340,0.081516,0.935898,0.267894,0.286243,150
150,humains vague 2,natchld,0.504881,0.000000,0.949962,0.305139,0.321211,150
150,humains vague 2,natsci,0.447027,0.107323,0.963383,0.299216,0.310589,150
150,humains vague 2,natenrgy,0.665027,0.055188,0.944278,0.342203,0.362396,150
150,humains vague 2,courts,0.678305,0.094423,0.970448,0.376847,0.388322,150
150,humains vague 2,discaffw,0.614992,0.093436,0.970092,0.299938,0.309185,150
150,humains vague 2,discaffm,0.589946,0.109840,0.960769,0.291567,0.303472,150
150,humains vague 2,fehire,0.670104,0.016619,0.974893,0.293307,0.300861,150
150,humains vague 2,fechld,0.535996,0.068879,1.008027,0.260175,0.258103,150
150,humains vague 2,fepresch,0.598952,0.079992,1.003858,0.278878,0.277806,150
150,humains vague 2,fefam,0.751770,0.036320,0.975122,0.298309,0.305920,150
150,humains vague 2,mobile16,0.811267,0.008280,1.014084,0.408248,0.402578,150
150,humains vague 2,incom16,0.622158,0.031828,1.010651,0.211690,0.209459,150
150,humains vague 2,conarmy,0.635338,0.108745,1.011835,0.310156,0.306529,150
150,humains vague 2,conbus,0.602671,0.104801,0.941923,0.299590,0.318062,150
150,humains vague 2,conclerg,0.688988,0.076723,0.971635,0.337712,0.347571,150
150,humains vague 2,coneduc,0.593608,0.019873,1.025904,0.344159,0.335469,150
150,humains vague 2,confed,0.553470,0.107457,0.970306,0.331089,0.341221,150
150,humains vague 2,confinan,0.664363,0.085049,1.094520,0.343182,0.313546,150
150,humains vague 2,conjudge,0.656958,0.144226,1.006685,0.372263,0.369790,150
150,humains vague 2,conlabor,0.628659,0.020515,0.983122,0.319483,0.324968,150
150,humains vague 2,conlegis,0.619321,0.020344,0.938527,0.307549,0.327693,150
150,humains vague 2,conmedic,0.639315,0.031056,0.961218,0.309506,0.321994,150
150,humains vague 2,conpress,0.652166,0.122167,1.013062,0.331696,0.327420,150
150,humains vague 2,consci,0.658681,0.020580,1.028793,0.333261,0.323933,150
150,humains vague 2,contv,0.383440,0.089144,1.026889,0.307185,0.299141,150
150,humains vague 2,happy,0.631925,0.122706,0.912832,0.297567,0.325982,150
150,humains vague 2,class,0.798494,0.017321,0.948062,0.243269,0.256596,150
150,humains vague 2,satfin,0.760547,0.044344,1.012394,0.380509,0.375851,150
150,humains vague 2,finalter,0.689760,0.102461,1.044373,0.407714,0.390391,150
150,humains vague 2,finrela,0.730855,0.006735,0.949708,0.235003,0.247448,150
150,humains vague 2,wlthwhts,0.285374,0.015810,1.113241,0.156474,0.140557,150
150,humains vague 2,wlthblks,0.445632,0.100500,1.195545,0.145395,0.121614,150
150,humains vague 2,wlthhsps,0.420292,0.016556,1.034051,0.138796,0.134225,150
150,humains vague 2,letin1a,0.773063,0.064904,0.905215,0.278940,0.308148,150
150,humains vague 2,getahead,0.545790,0.220719,0.998773,0.301673,0.302044,150
150,humains vague 2,aged,0.507273,0.059241,1.007392,0.283416,0.281336,150
150,humains vague 2,parsol,0.659067,0.070763,0.983018,0.300986,0.306186,150
150,humains vague 2,spanking,0.855739,0.025559,1.021794,0.355357,0.347778,150
150,humains vague 2,divlaw,0.650708,0.000000,0.984924,0.329819,0.334868,150
150,humains vague 2,pillok,0.704264,0.006797,1.002532,0.327761,0.326933,150
150,humains vague 2,xmarsex,0.598848,0.083439,0.868597,0.254465,0.292962,150
150,humains vague 2,homosex,0.820626,0.010870,1.018270,0.416351,0.408881,150
150,humains vague 2,marhomo,0.860216,0.027784,0.993112,0.357443,0.359922,150
150,humains vague 2,discaff,0.560762,0.069752,1.034250,0.345974,0.334517,150
150,humains vague 2,pornlaw,0.646815,0.163434,0.948748,0.270905,0.285539,150
150,humains vague 2,fair,0.581630,0.034496,0.991730,0.383321,0.386518,150
150,humains vague 2,helpful,0.592673,0.067704,1.003311,0.395175,0.393871,150
150,humains vague 2,trust,0.554860,0.017903,0.915959,0.341073,0.372368,150
150,humains vague 2,tax,0.571314,0.155979,1.057821,0.293879,0.277815,150
150,humains vague 2,news,0.822349,0.025896,0.959341,0.370455,0.386156,150
150,humains vague 2,attend,0.860662,0.055660,0.980751,0.337725,0.344354,150
150,humains vague 2,pray,0.897601,0.013163,1.005133,0.407248,0.405168,150
150,humains vague 2,bible,0.861738,0.008801,0.969073,0.367043,0.378756,150
150,humains vague 2,granborn,0.587973,0.020216,0.984785,0.405944,0.412216,150
150,humains vague 2,income,0.505050,0.020633,1.054115,0.278668,0.264362,150
150,humains vague 2,health,0.851031,0.033975,0.930632,0.243483,0.261632,150
150,humains vague 2,life,0.654961,0.095102,0.975515,0.273534,0.280400,150
1052,agents composite,natspac/y,0.224393,0.343946,1.049992,0.356932,0.339938,1052
1052,agents composite,natenvir/y,0.534875,0.442073,1.187990,0.409994,0.345116,1052
1052,agents composite,natheal/y,0.403473,0.012946,1.015628,0.298583,0.293989,1051
1052,agents composite,natcity/y,0.386922,0.159802,1.193390,0.429477,0.359880,1052
1052,agents composite,natdrug/y,0.320611,0.046747,1.093419,0.355742,0.325348,1052
1052,agents composite,nateduc/y,0.400046,0.072337,1.075159,0.339083,0.315379,1052
1052,agents composite,natrace/y,0.680936,0.056730,1.152167,0.444456,0.385757,1051
1052,agents composite,natarms/y,0.444054,0.015094,0.926918,0.350254,0.377870,1052
1052,agents composite,nataid/y,0.395012,0.169770,1.260584,0.363498,0.288357,1052
1052,agents composite,natfare/y,0.486440,0.413281,1.322763,0.421377,0.318558,1052
1052,agents composite,natroad,0.126227,0.149464,0.932222,0.296440,0.317993,1052
1052,agents composite,natsoc,0.259294,0.310459,1.250468,0.340755,0.272502,1052
1052,agents composite,natmass,0.324918,0.016439,1.235466,0.392924,0.318037,1052
1052,agents composite,natpark,0.247924,0.000000,1.192222,0.327895,0.275028,1052
1052,agents composite,natchld,0.448096,0.070698,1.188434,0.383500,0.322694,1052
1052,agents composite,natsci,0.387417,0.202715,1.233086,0.378732,0.307142,1052
1052,agents composite,natenrgy,0.486950,0.172288,1.089863,0.384840,0.353109,1052
1052,agents composite,courts,0.440631,0.030836,0.952245,0.366930,0.385332,1052
1052,agents composite,discaffw,0.282664,0.304973,0.688650,0.212499,0.308573,1052
1052,agents composite,discaffm,0.305275,0.277996,0.801760,0.241253,0.300905,1052
1052,agents composite,fehire,0.492597,0.146720,1.123157,0.325633,0.289927,1052
1052,agents composite,fechld,0.397662,0.097935,1.008496,0.261029,0.258830,1052
1052,agents composite,fepresch,0.464990,0.024930,0.999394,0.266742,0.266904,1052
1052,agents composite,fefam,0.541507,0.064643,0.937378,0.284872,0.303904,1052
1052,agents composite,mobile16,0.694524,0.178247,1.009930,0.414709,0.410631,1052
1052,agents composite,incom16,0.495198,0.010070,0.869660,0.184708,0.212392,1052
1052,agents composite,conarmy,0.307074,0.196735,0.874953,0.291700,0.333390,1052
1052,agents composite,conbus,0.394988,0.153918,0.741670,0.233601,0.314966,1052
1052,agents composite,conclerg,0.582024,0.116338,1.081495,0.375913,0.347587,1051
1052,agents composite,coneduc,0.288696,0.274945,0.516677,0.165234,0.319801,1052
1052,agents composite,confed,0.303777,0.316199,0.800210,0.268482,0.335515,1051
1052,agents composite,confinan,0.333864,0.356275,0.733138,0.240597,0.328174,1052
1052,agents composite,conjudge,0.346009,0.074121,0.655247,0.235291,0.359087,1052
1052,agents composite,conlabor,0.361005,0.514514,0.744776,0.247677,0.332552,1052
1052,agents composite,conlegis,0.303372,0.531202,0.698624,0.213154,0.305105,1052
1052,agents composite,conmedic,0.426193,0.299184,0.790104,0.261322,0.330744,1051
1052,agents composite,conpress,0.435785,0.274317,0.783602,0.249813,0.318801,1052
1052,agents composite,consci,0.529067,0.036118,0.831426,0.284463,0.342139,1052
1052,agents composite,contv,0.348485,0.404127,0.787434,0.246339,0.312837,1052
1052,agents composite,happy,0.578158,0.096251,0.803087,0.261731,0.325906,1052
1052,agents composite,class,0.630720,0.130722,0.936380,0.245126,0.261780,1052
1052,agents composite,satfin,0.706370,0.120601,0.992063,0.381414,0.384466,1046
1052,agents composite,finalter,0.532868,0.206031,0.805797,0.312289,0.387553,1052
1052,agents composite,finrela,0.691050,0.119446,1.028256,0.251627,0.244713,1052
1052,agents composite,wlthwhts,0.123504,0.062971,0.535966,0.075656,0.141159,1050
1052,agents composite,wlthblks,0.176651,0.818184,0.872960,0.124985,0.143174,1050
1052,agents composite,wlthhsps,0.133909,0.581768,0.794279,0.119728,0.150737,1051
1052,agents composite,letin1a,0.564938,0.051294,0.740215,0.233198,0.315041,1052
1052,agents composite,getahead,0.333403,0.077553,0.818172,0.250708,0.306424,1052
1052,agents composite,aged,0.093101,0.274713,1.082123,0.316402,0.292390,1052
1052,agents composite,parsol,0.454520,0.249061,0.919677,0.278172,0.302467,1052
1052,agents composite,spanking,0.459277,0.133248,0.748158,0.261525,0.349558,1052
1052,agents composite,divlaw,0.359622,0.182568,0.881705,0.305284,0.346243,1052
1052,agents composite,pillok,0.530230,0.220922,1.113722,0.383364,0.344219,1052
1052,agents composite,xmarsex,0.198635,0.570115,0.613303,0.180996,0.295117,1052
1052,agents composite,homosex,0.744315,0.167247,0.993800,0.414610,0.417196,1051
1052,agents composite,marhomo,0.743319,0.282841,1.130908,0.405730,0.358765,1052
1052,agents composite,discaff,0.476908,0.131666,0.967118,0.338634,0.350148,1052
1052,agents composite,pornlaw,0.319919,0.185130,0.580223,0.154015,0.265442,1048
1052,agents composite,fair,0.446005,0.098749,0.823175,0.320923,0.389860,1052
1052,agents composite,helpful,0.456501,0.103328,0.883957,0.349676,0.395581,1052
1052,agents composite,trust,0.425292,0.013815,0.907044,0.343253,0.378430,1052
1052,agents composite,tax,0.246723,0.194887,1.015273,0.274838,0.270704,1052
1052,agents composite,news,0.349095,0.268408,0.751323,0.277391,0.369203,1052
1052,agents composite,attend,0.747296,0.103351,1.121212,0.363510,0.324211,1052
1052,agents composite,pray,0.763219,0.321583,0.877375,0.352189,0.401413,1052
1052,agents composite,bible,0.670909,0.307810,0.771192,0.288350,0.373902,1047
1052,agents composite,granborn,0.398584,0.441745,0.722358,0.298446,0.413156,1052
1052,agents composite,income,0.344308,0.236233,0.742873,0.225478,0.303522,1046
1052,agents composite,health,0.667962,0.354616,0.976467,0.241681,0.247506,1052
1052,agents composite,life,0.412136,0.391376,0.817884,0.238376,0.291455,1052
1052,agents entretien (v3),natspac/y,0.167941,1.190402,0.494621,0.168219,0.340097,1051
1052,agents entretien (v3),natenvir/y,0.513214,0.555379,1.271495,0.438932,0.345209,1051
1052,agents entretien (v3),natheal/y,0.361314,0.050165,1.062495,0.312361,0.293989,1051
1052,agents entretien (v3),natcity/y,0.323547,0.259184,1.182163,0.425297,0.359762,1051
1052,agents entretien (v3),natdrug/y,0.291727,0.125633,1.232490,0.400989,0.325348,1052
1052,agents entretien (v3),nateduc/y,0.360781,0.003014,1.063141,0.335293,0.315379,1052
1052,agents entretien (v3),natrace/y,0.665306,0.066563,1.143405,0.440873,0.385579,1052
1052,agents entretien (v3),natarms/y,0.459784,0.242756,1.004669,0.379634,0.377870,1052
1052,agents entretien (v3),nataid/y,0.335393,0.215921,1.008649,0.290851,0.288357,1052
1052,agents entretien (v3),natfare/y,0.497012,0.329730,1.306192,0.416098,0.318558,1052
1052,agents entretien (v3),natroad,0.140494,0.535081,0.725441,0.230685,0.317993,1052
1052,agents entretien (v3),natsoc,0.210323,0.336621,1.048318,0.285669,0.272502,1052
1052,agents entretien (v3),natmass,0.366547,0.198760,1.348593,0.428902,0.318037,1052
1052,agents entretien (v3),natpark,0.219160,0.297239,1.233471,0.339239,0.275028,1052
1052,agents entretien (v3),natchld,0.431255,0.353488,1.290088,0.416303,0.322694,1052
1052,agents entretien (v3),natsci,0.316209,0.112963,1.339156,0.411311,0.307142,1052
1052,agents entretien (v3),natenrgy,0.434696,0.276096,1.258896,0.444684,0.353233,1051
1052,agents entretien (v3),courts,0.478952,0.283936,1.005625,0.387535,0.385367,1051
1052,agents entretien (v3),discaffw,0.371712,0.038042,0.782622,0.241649,0.308768,1050
1052,agents entretien (v3),discaffm,0.323006,0.111968,0.935125,0.281042,0.300540,1050
1052,agents entretien (v3),fehire,0.481342,0.022951,1.223823,0.354819,0.289927,1052
1052,agents entretien (v3),fechld,0.291282,0.042868,1.004079,0.260002,0.258946,1051
1052,agents entretien (v3),fepresch,0.293512,0.155518,1.027380,0.274211,0.266904,1052
1052,agents entretien (v3),fefam,0.449082,0.103220,1.160591,0.352708,0.303904,1052
1052,agents entretien (v3),mobile16,0.723479,0.280103,0.930900,0.382257,0.410631,1052
1052,agents entretien (v3),incom16,0.528039,0.068252,0.982104,0.208591,0.212392,1052
1052,agents entretien (v3),conarmy,0.276917,0.171074,0.929303,0.309820,0.333390,1052
1052,agents entretien (v3),conbus,0.340340,0.262567,0.811229,0.255510,0.314966,1052
1052,agents entretien (v3),conclerg,0.597307,0.191500,1.116639,0.387995,0.347467,1052
1052,agents entretien (v3),coneduc,0.280450,0.380649,0.633247,0.202607,0.319950,1051
1052,agents entretien (v3),confed,0.229834,0.640905,0.757796,0.254252,0.335515,1051
1052,agents entretien (v3),confinan,0.203740,0.536621,0.757525,0.248484,0.328021,1051
1052,agents entretien (v3),conjudge,0.414241,0.164209,0.923078,0.331611,0.359245,1051
1052,agents entretien (v3),conlabor,0.378837,0.438975,0.826390,0.274948,0.332710,1051
1052,agents entretien (v3),conlegis,0.218115,0.682800,0.571772,0.174490,0.305174,1051
1052,agents entretien (v3),conmedic,0.426428,0.066286,0.897191,0.296202,0.330143,1051
1052,agents entretien (v3),conpress,0.416131,0.262645,0.796002,0.253762,0.318795,1051
1052,agents entretien (v3),consci,0.482033,0.026416,0.907848,0.310644,0.342176,1051
1052,agents entretien (v3),contv,0.324920,0.402857,0.793449,0.248303,0.312941,1051
1052,agents entretien (v3),happy,0.536856,0.081789,0.835821,0.272252,0.325730,1051
1052,agents entretien (v3),class,0.605874,0.106570,0.966734,0.253181,0.261893,1051
1052,agents entretien (v3),satfin,0.670527,0.110458,0.927322,0.356477,0.384416,1048
1052,agents entretien (v3),finalter,0.536180,0.113113,0.891502,0.345284,0.387306,1050
1052,agents entretien (v3),finrela,0.706711,0.031097,1.126229,0.275678,0.244780,1051
1052,agents entretien (v3),wlthwhts,0.136556,0.758635,0.680901,0.096073,0.141097,1051
1052,agents entretien (v3),wlthblks,0.071077,1.420807,0.541815,0.077257,0.142589,1016
1052,agents entretien (v3),wlthhsps,0.054051,0.725895,0.861976,0.129932,0.150737,1051
1052,agents entretien (v3),letin1a,0.600534,0.102588,0.954683,0.300764,0.315041,1052
1052,agents entretien (v3),getahead,0.314773,0.184696,0.818222,0.250801,0.306519,1051
1052,agents entretien (v3),aged,0.150249,0.071616,0.939374,0.274568,0.292288,1051
1052,agents entretien (v3),parsol,0.463431,0.090433,0.929117,0.281048,0.302489,1051
1052,agents entretien (v3),spanking,0.453583,0.288701,0.811523,0.283502,0.349345,1051
1052,agents entretien (v3),divlaw,0.335279,0.443380,0.950065,0.328953,0.346243,1052
1052,agents entretien (v3),pillok,0.493119,0.137222,1.094740,0.377007,0.344381,1051
1052,agents entretien (v3),xmarsex,0.221256,0.594051,0.647589,0.191213,0.295270,1049
1052,agents entretien (v3),homosex,0.605837,0.095604,1.111798,0.462800,0.416263,1047
1052,agents entretien (v3),marhomo,0.600183,0.309350,1.207970,0.433667,0.359005,1049
1052,agents entretien (v3),discaff,0.467860,0.070748,1.196999,0.419353,0.350337,1049
1052,agents entretien (v3),pornlaw,0.250729,0.157081,0.590377,0.156003,0.264244,1048
1052,agents entretien (v3),fair,0.179651,0.062262,0.593642,0.231335,0.389688,1051
1052,agents entretien (v3),helpful,0.240907,0.153996,0.947401,0.374630,0.395429,1051
1052,agents entretien (v3),trust,0.235072,0.070472,0.770292,0.291201,0.378040,1051
1052,agents entretien (v3),tax,0.261070,0.260311,1.092359,0.295743,0.270738,1050
1052,agents entretien (v3),news,0.373107,0.099768,0.720769,0.266110,0.369203,1052
1052,agents entretien (v3),attend,0.746088,0.006612,1.126192,0.364661,0.323800,1051
1052,agents entretien (v3),pray,0.747960,0.330846,0.887549,0.356327,0.401474,1051
1052,agents entretien (v3),bible,0.647165,0.283867,0.768078,0.288320,0.375378,1037
1052,agents entretien (v3),granborn,0.432450,0.316929,0.860836,0.355659,0.413156,1052
1052,agents entretien (v3),income,0.306351,0.223577,0.804073,0.246370,0.306402,986
1052,agents entretien (v3),health,0.636049,0.368888,1.043266,0.258327,0.247613,1051
1052,agents entretien (v3),life,0.327878,0.411609,0.696235,0.202754,0.291214,1047
1052,agents enquete,natspac/y,0.142950,0.784285,1.003496,0.340877,0.339689,1051
1052,agents enquete,natenvir/y,0.555631,0.006891,0.977280,0.337366,0.345209,1051
1052,agents enquete,natheal/y,0.470882,0.042074,0.976611,0.287112,0.293989,1051
1052,agents enquete,natcity/y,0.405021,0.661184,1.017174,0.365940,0.359762,1051
1052,agents enquete,natdrug/y,0.321926,0.283405,0.991225,0.322493,0.325348,1052
1052,agents enquete,nateduc/y,0.396940,0.132618,0.919940,0.290130,0.315379,1052
1052,agents enquete,natrace/y,0.648445,0.251461,1.060719,0.408991,0.385579,1052
1052,agents enquete,natarms/y,0.401936,0.080499,0.889699,0.336190,0.377870,1052
1052,agents enquete,nataid/y,0.338459,0.596667,1.460278,0.421082,0.288357,1052
1052,agents enquete,natfare/y,0.467227,0.274526,1.274945,0.406144,0.318558,1052
1052,agents enquete,natroad,0.157925,0.237648,0.848046,0.269673,0.317993,1052
1052,agents enquete,natsoc,0.238366,0.509292,1.212946,0.330531,0.272502,1052
1052,agents enquete,natmass,0.286407,0.535007,0.995533,0.316616,0.318037,1052
1052,agents enquete,natpark,0.224462,0.304151,1.193465,0.328236,0.275028,1052
1052,agents enquete,natchld,0.457557,0.288682,1.025819,0.331025,0.322694,1052
1052,agents enquete,natsci,0.416309,0.518394,1.071926,0.329233,0.307142,1052
1052,agents enquete,natenrgy,0.502620,0.457641,0.922375,0.325698,0.353109,1052
1052,agents enquete,courts,0.381975,0.303427,1.153266,0.444390,0.385332,1052
1052,agents enquete,discaffw,0.376165,0.077123,0.558515,0.172262,0.308428,1051
1052,agents enquete,discaffm,0.389267,0.437506,0.862384,0.259442,0.300843,1051
1052,agents enquete,fehire,0.431903,0.185434,1.083303,0.314354,0.290181,1050
1052,agents enquete,fechld,0.273287,0.038007,1.078475,0.279252,0.258932,1050
1052,agents enquete,fepresch,0.297019,0.016648,1.062485,0.283654,0.266972,1050
1052,agents enquete,fefam,0.496036,0.038658,1.238567,0.376330,0.303843,1050
1052,agents enquete,mobile16,0.015018,0.724475,0.881865,0.362386,0.410932,1048
1052,agents enquete,incom16,0.316896,0.151413,0.918084,0.195268,0.212691,1048
1052,agents enquete,conarmy,0.279925,0.000000,0.789521,0.263219,0.333390,1052
1052,agents enquete,conbus,0.419820,0.046779,0.731597,0.230428,0.314966,1052
1052,agents enquete,conclerg,0.572846,0.176454,1.071440,0.372290,0.347467,1052
1052,agents enquete,coneduc,0.281424,0.145717,0.425838,0.136247,0.319950,1051
1052,agents enquete,confed,0.120313,0.085076,0.896200,0.300689,0.335515,1051
1052,agents enquete,confinan,0.398532,0.523078,0.803239,0.263726,0.328328,1051
1052,agents enquete,conjudge,0.250982,0.230721,0.556941,0.199820,0.358781,1051
1052,agents enquete,conlabor,0.317634,0.421695,0.710319,0.236046,0.332310,1049
1052,agents enquete,conlegis,0.332935,0.429450,0.749201,0.228672,0.305221,1049
1052,agents enquete,conmedic,0.346837,0.112451,0.782840,0.258820,0.330616,1049
1052,agents enquete,conpress,0.418328,0.351125,0.775448,0.247374,0.319008,1049
1052,agents enquete,consci,0.486504,0.347510,0.753286,0.257810,0.342247,1051
1052,agents enquete,contv,0.379591,0.370932,0.795952,0.249086,0.312941,1051
1052,agents enquete,happy,0.471966,0.265801,0.700722,0.228695,0.326370,1049
1052,agents enquete,class,0.437908,0.294125,0.795649,0.208285,0.261780,1052
1052,agents enquete,satfin,0.588207,0.133173,0.801158,0.308286,0.384801,1044
1052,agents enquete,finalter,0.397672,0.089525,0.855515,0.331558,0.387553,1052
1052,agents enquete,finrela,0.496215,0.029133,0.832805,0.203798,0.244713,1052
1052,agents enquete,wlthwhts,-0.000639,0.641749,0.603043,0.085087,0.141097,1051
1052,agents enquete,wlthblks,0.191921,1.271971,0.586344,0.083158,0.141824,1044
1052,agents enquete,wlthhsps,0.282262,0.328231,0.824924,0.124347,0.150737,1051
1052,agents enquete,letin1a,0.541805,0.245909,0.903146,0.284528,0.315041,1052
1052,agents enquete,getahead,0.279111,0.169175,0.771907,0.236604,0.306519,1051
1052,agents enquete,aged,0.007218,0.104091,0.852517,0.249367,0.292507,1051
1052,agents enquete,parsol,0.419688,0.106145,0.882154,0.266880,0.302532,1051
1052,agents enquete,spanking,0.411659,0.178682,0.774853,0.270945,0.349673,1051
1052,agents enquete,divlaw,0.327783,0.312974,1.033129,0.357713,0.346243,1052
1052,agents enquete,pillok,0.503258,0.063647,1.088174,0.374151,0.343834,1051
1052,agents enquete,xmarsex,0.281082,0.267885,0.889644,0.261905,0.294393,1044
1052,agents enquete,homosex,0.605187,0.066881,1.088035,0.454047,0.417309,1051
1052,agents enquete,marhomo,0.605210,0.297608,1.174829,0.421613,0.358872,1051
1052,agents enquete,discaff,0.457547,0.065194,1.117462,0.391409,0.350266,1051
1052,agents enquete,pornlaw,0.280253,0.043046,0.728965,0.193168,0.264989,1052
1052,agents enquete,fair,0.526630,0.043888,0.882693,0.344127,0.389860,1052
1052,agents enquete,helpful,0.489975,0.106932,1.062382,0.420258,0.395581,1052
1052,agents enquete,trust,0.407393,0.421995,1.102090,0.417064,0.378430,1052
1052,agents enquete,tax,0.187799,0.214200,1.078930,0.292071,0.270704,1052
1052,agents enquete,news,0.136318,0.516862,0.639540,0.236120,0.369203,1052
1052,agents enquete,attend,0.631512,0.076331,0.893607,0.289886,0.324400,1050
1052,agents enquete,pray,0.643150,0.509958,0.778020,0.312389,0.401518,1051
1052,agents enquete,bible,0.605323,0.391069,0.774681,0.290146,0.374536,1048
1052,agents enquete,granborn,0.161579,0.242155,1.096131,0.452873,0.413156,1052
1052,agents enquete,income,0.292132,0.213856,0.652351,0.197389,0.302582,1034
1052,agents enquete,health,0.387851,0.001280,0.585848,0.145001,0.247506,1052
1052,agents enquete,life,0.415750,0.314258,1.030533,0.300390,0.291490,1048
1052,agents demographiques (v6),natspac/y,0.071694,0.641823,0.974432,0.331341,0.340035,1047
1052,agents demographiques (v6),natenvir/y,0.054571,0.163092,0.916028,0.316506,0.345520,1047
1052,agents demographiques (v6),natheal/y,0.068557,0.305135,0.638661,0.187914,0.294231,1047
1052,agents demographiques (v6),natcity/y,0.117768,0.456721,1.024612,0.368545,0.359692,1047
1052,agents demographiques (v6),natdrug/y,0.022522,0.583762,0.499449,0.162558,0.325475,1050
1052,agents demographiques (v6),nateduc/y,-0.019118,0.561343,0.259779,0.081978,0.315570,1050
1052,agents demographiques (v6),natrace/y,0.213658,0.612708,0.667869,0.257455,0.385486,1050
1052,agents demographiques (v6),natarms/y,0.078012,0.678626,0.643210,0.243272,0.378215,1050
1052,agents demographiques (v6),nataid/y,0.055578,0.553268,0.385182,0.111165,0.288605,1049
1052,agents demographiques (v6),natfare/y,0.148721,0.186964,0.860719,0.274289,0.318674,1049
1052,agents demographiques (v6),natroad,-0.036836,0.358076,0.762127,0.242463,0.318140,1049
1052,agents demographiques (v6),natsoc,-0.010209,0.096125,0.951481,0.259490,0.272722,1049
1052,agents demographiques (v6),natmass,0.033362,0.841864,0.583705,0.185706,0.318151,1051
1052,agents demographiques (v6),natpark,-0.013097,0.553304,0.969014,0.266615,0.275140,1051
1052,agents demographiques (v6),natchld,0.010723,0.504085,0.661330,0.213456,0.322767,1051
1052,agents demographiques (v6),natsci,0.019537,0.603833,0.873096,0.268273,0.307266,1051
1052,agents demographiques (v6),natenrgy,0.096609,0.461955,0.704890,0.248991,0.353233,1051
1052,agents demographiques (v6),courts,0.096070,0.349257,0.789887,0.304490,0.385486,1051
1052,agents demographiques (v6),discaffw,0.140267,0.268206,0.272409,0.084076,0.308637,1051
1052,agents demographiques (v6),discaffm,0.142743,0.001054,0.364203,0.109642,0.301047,1051
1052,agents demographiques (v6),fehire,0.178536,0.287850,0.675749,0.196004,0.290054,1051
1052,agents demographiques (v6),fechld,0.150652,0.060046,0.732181,0.189500,0.258815,1051
1052,agents demographiques (v6),fepresch,0.129110,0.062999,0.667175,0.178015,0.266819,1051
1052,agents demographiques (v6),fefam,0.148396,0.084549,0.848417,0.257788,0.303846,1051
1052,agents demographiques (v6),mobile16,-0.019654,1.101570,0.549601,0.226240,0.411644,1042
1052,agents demographiques (v6),incom16,0.104026,0.026943,0.715957,0.152135,0.212491,1048
1052,agents demographiques (v6),conarmy,0.080125,0.368181,0.469658,0.156409,0.333028,1048
1052,agents demographiques (v6),conbus,0.073755,0.161919,0.459830,0.144975,0.315279,1048
1052,agents demographiques (v6),conclerg,0.456930,0.034366,0.926516,0.321570,0.347074,1048
1052,agents demographiques (v6),coneduc,-0.038991,0.157227,0.241815,0.077120,0.318922,1047
1052,agents demographiques (v6),confed,0.019977,0.105355,0.610587,0.204808,0.335428,1047
1052,agents demographiques (v6),confinan,0.016815,0.224068,0.635885,0.208710,0.328219,1047
1052,agents demographiques (v6),conjudge,-0.016692,0.202339,0.321549,0.115355,0.358747,1047
1052,agents demographiques (v6),conlabor,0.018918,0.044395,0.247835,0.082409,0.332516,1050
1052,agents demographiques (v6),conlegis,-0.070844,0.523876,0.699690,0.213060,0.304507,1050
1052,agents demographiques (v6),conmedic,-0.006558,0.470633,0.221305,0.073221,0.330862,1050
1052,agents demographiques (v6),conpress,0.025362,0.221438,0.639659,0.203581,0.318265,1050
1052,agents demographiques (v6),consci,0.126887,0.061304,0.699442,0.239509,0.342429,1048
1052,agents demographiques (v6),contv,-0.037675,0.394919,0.469699,0.146967,0.312896,1048
1052,agents demographiques (v6),happy,0.007269,0.045407,0.274740,0.089488,0.325720,1048
1052,agents demographiques (v6),class,0.355421,0.007273,0.916940,0.240149,0.261902,1050
1052,agents demographiques (v6),satfin,0.193111,0.229124,0.591702,0.227718,0.384853,1049
1052,agents demographiques (v6),finalter,0.157425,0.046602,0.609150,0.236078,0.387553,1052
1052,agents demographiques (v6),finrela,0.326371,0.445631,0.946309,0.231565,0.244704,1050
1052,agents demographiques (v6),wlthwhts,0.030490,0.876461,0.524677,0.073997,0.141033,1049
1052,agents demographiques (v6),wlthblks,0.062142,1.400956,0.308187,0.044167,0.143311,1036
1052,agents demographiques (v6),wlthhsps,-0.020132,0.309465,0.842669,0.127073,0.150798,1050
1052,agents demographiques (v6),letin1a,0.164578,0.288975,0.394177,0.124182,0.315041,1049
1052,agents demographiques (v6),getahead,0.069512,0.448704,0.494160,0.151416,0.306411,1051
1052,agents demographiques (v6),aged,-0.036717,0.175653,0.574008,0.167901,0.292507,1051
1052,agents demographiques (v6),parsol,0.192346,0.187219,0.689026,0.208551,0.302675,1050
1052,agents demographiques (v6),spanking,0.202300,0.030006,0.517419,0.180647,0.349131,1050
1052,agents demographiques (v6),divlaw,0.129261,0.348706,0.738876,0.255765,0.346154,1048
1052,agents demographiques (v6),pillok,0.242082,0.217449,0.612645,0.211082,0.344543,1050
1052,agents demographiques (v6),xmarsex,0.085236,0.591900,0.573495,0.169320,0.295243,1051
1052,agents demographiques (v6),homosex,0.273580,0.198713,1.136707,0.474424,0.417367,1049
1052,agents demographiques (v6),marhomo,0.284559,0.458726,1.105081,0.396538,0.358831,1051
1052,agents demographiques (v6),discaff,0.139861,0.171176,0.825230,0.288982,0.350183,1051
1052,agents demographiques (v6),pornlaw,0.112813,0.123824,0.630331,0.167102,0.265102,1051
1052,agents demographiques (v6),fair,0.019916,0.243823,0.418006,0.162964,0.389860,1052
1052,agents demographiques (v6),helpful,0.049549,0.136970,0.859343,0.339940,0.395581,1052
1052,agents demographiques (v6),trust,0.045565,0.268771,0.878472,0.332441,0.378430,1052
1052,agents demographiques (v6),tax,-0.053840,0.135192,0.886112,0.239874,0.270704,1052
1052,agents demographiques (v6),news,0.136123,0.223588,0.608371,0.224801,0.369514,1050
1052,agents demographiques (v6),attend,0.452084,0.076348,1.005407,0.326082,0.324329,1050
1052,agents demographiques (v6),pray,0.482682,0.439966,0.781336,0.313573,0.401329,1050
1052,agents demographiques (v6),bible,0.475392,0.464401,0.681452,0.254861,0.373996,1045
1052,agents demographiques (v6),granborn,0.230581,0.019015,1.009959,0.416932,0.412821,1051
1052,agents demographiques (v6),income,1.000000,0.000000,1.000000,0.303514,0.303514,1046
1052,agents demographiques (v6),health,0.107518,0.213904,0.310020,0.076765,0.247613,1051
1052,agents demographiques (v6),life,-0.037427,0.409996,0.074854,0.021843,0.291802,1049
1052,agents v7,natspac/y,0.127913,0.296408,1.195238,0.406307,0.339938,1052
1052,agents v7,natenvir/y,0.003807,0.399381,0.634776,0.219071,0.345116,1052
1052,agents v7,natheal/y,-0.032635,0.360633,0.620696,0.182420,0.293896,1052
1052,agents v7,natcity/y,0.114819,0.299794,1.109523,0.399295,0.359880,1052
1052,agents v7,natdrug/y,0.061865,0.593105,0.581188,0.189089,0.325348,1052
1052,agents v7,nateduc/y,0.030019,0.489784,0.480419,0.151514,0.315379,1052
1052,agents v7,natrace/y,0.117431,0.892440,0.561657,0.216563,0.385579,1052
1052,agents v7,natarms/y,0.137327,0.781095,0.642966,0.242957,0.377870,1052
1052,agents v7,nataid/y,0.113967,0.712796,1.511369,0.435769,0.288327,1051
1052,agents v7,natfare/y,0.077561,0.178178,0.863753,0.274441,0.317731,1051
1052,agents v7,natroad,0.037637,0.047903,0.854077,0.271687,0.318106,1050
1052,agents v7,natsoc,0.035825,0.071591,0.990309,0.269812,0.272453,1051
1052,agents v7,natmass,0.124844,0.632145,0.936771,0.297928,0.318037,1052
1052,agents v7,natpark,0.090853,0.931464,0.944033,0.259636,0.275028,1052
1052,agents v7,natchld,0.097835,0.418294,0.828564,0.267373,0.322694,1052
1052,agents v7,natsci,0.029143,0.730394,0.901743,0.276963,0.307142,1052
1052,agents v7,natenrgy,0.094826,0.573397,0.706360,0.249422,0.353109,1052
1052,agents v7,courts,0.095671,0.579718,0.903664,0.348211,0.385332,1052
1052,agents v7,discaffw,0.098563,0.297785,0.268942,0.082988,0.308573,1052
1052,agents v7,discaffm,0.065264,0.021060,0.376226,0.113208,0.300905,1052
1052,agents v7,fehire,0.188549,0.504271,0.626454,0.181612,0.289905,1050
1052,agents v7,fechld,0.157994,0.318770,0.771747,0.199830,0.258932,1050
1052,agents v7,fepresch,0.157954,0.209305,0.703894,0.187902,0.266946,1050
1052,agents v7,fefam,0.186677,0.442496,0.752444,0.228887,0.304191,1050
1052,agents v7,mobile16,0.207820,0.545684,0.921932,0.378930,0.411018,1050
1052,agents v7,incom16,0.053453,0.329594,0.499732,0.106134,0.212382,1050
1052,agents v7,conarmy,0.143443,0.395374,0.568829,0.189773,0.333620,1050
1052,agents v7,conbus,0.112478,0.128493,0.531259,0.167350,0.315007,1050
1052,agents v7,conclerg,0.238446,0.373245,0.676523,0.234767,0.347021,1050
1052,agents v7,coneduc,0.081537,0.173884,0.404663,0.129412,0.319801,1052
1052,agents v7,confed,0.038440,0.041097,0.692059,0.232106,0.335384,1052
1052,agents v7,confinan,0.114553,0.211448,0.627042,0.205779,0.328174,1052
1052,agents v7,conjudge,0.131476,0.107211,0.480550,0.172559,0.359087,1052
1052,agents v7,conlabor,0.072703,0.027197,0.417545,0.138774,0.332358,1051
1052,agents v7,conlegis,0.049833,0.414669,0.754988,0.230403,0.305174,1051
1052,agents v7,conmedic,0.037923,0.313683,0.545609,0.180391,0.330623,1051
1052,agents v7,conpress,0.036337,0.232717,0.629446,0.200735,0.318907,1051
1052,agents v7,consci,0.096351,0.230600,0.759257,0.259771,0.342139,1052
1052,agents v7,contv,0.095132,0.136735,0.700123,0.219024,0.312837,1052
1052,agents v7,happy,0.162083,0.215836,0.631472,0.205801,0.325906,1052
1052,agents v7,class,0.209875,0.682591,0.585478,0.153156,0.261592,1051
1052,agents v7,satfin,0.219940,0.109307,0.470005,0.180528,0.384099,1048
1052,agents v7,finalter,0.132911,0.212163,0.583634,0.226189,0.387553,1052
1052,agents v7,finrela,0.264744,0.385791,0.510882,0.125054,0.244780,1051
1052,agents v7,wlthwhts,0.010505,0.859787,0.577261,0.081450,0.141097,1051
1052,agents v7,wlthblks,0.039641,1.416111,0.277833,0.039697,0.142881,1042
1052,agents v7,wlthhsps,0.042042,0.014726,0.777072,0.117152,0.150761,1051
1052,agents v7,letin1a,0.237244,0.618056,0.583299,0.183984,0.315420,1049
1052,agents v7,getahead,0.081659,0.442338,0.547794,0.167909,0.306519,1051
1052,agents v7,aged,-0.015120,0.042318,0.769011,0.224773,0.292288,1051
1052,agents v7,parsol,0.151627,0.506954,0.534341,0.161463,0.302172,1051
1052,agents v7,spanking,0.271998,0.311083,0.613692,0.214607,0.349698,1051
1052,agents v7,divlaw,0.177884,0.103318,0.779521,0.269717,0.346004,1049
1052,agents v7,pillok,0.179232,0.139985,0.641281,0.220845,0.344381,1051
1052,agents v7,xmarsex,0.128488,0.421950,0.791335,0.233537,0.295117,1052
1052,agents v7,homosex,0.212901,0.394846,0.813543,0.339477,0.417282,1050
1052,agents v7,marhomo,0.262623,0.156987,0.829062,0.297439,0.358765,1052
1052,agents v7,discaff,0.077104,0.483228,0.723211,0.253231,0.350148,1052
1052,agents v7,pornlaw,0.132852,0.279802,0.456258,0.120903,0.264989,1052
1052,agents v7,fair,0.084573,0.576643,0.714975,0.278740,0.389860,1052
1052,agents v7,helpful,0.072557,0.743721,0.810643,0.320675,0.395581,1052
1052,agents v7,trust,0.106288,0.838967,0.878037,0.332276,0.378430,1052
1052,agents v7,tax,0.030338,0.574700,0.836074,0.226318,0.270691,1051
1052,agents v7,news,0.214532,0.460864,0.634343,0.234201,0.369203,1052
1052,agents v7,attend,0.278941,0.427567,0.680026,0.220560,0.324341,1051
1052,agents v7,pray,0.231941,0.843612,0.584185,0.234561,0.401518,1051
1052,agents v7,bible,0.215802,0.040609,0.560832,0.210245,0.374880,1051
1052,agents v7,granborn,0.134341,0.137470,0.862524,0.356356,0.413156,1052
1052,agents v7,income,0.086603,0.521291,0.405028,0.122758,0.303086,1038
1052,agents v7,health,0.290924,0.190570,0.563764,0.139258,0.247016,1048
1052,agents v7,life,0.185349,0.282273,0.902691,0.263198,0.291571,1051
1052,agents v8,natspac/y,0.009988,0.256329,1.025581,0.348661,0.339964,1050
1052,agents v8,natenvir/y,0.482403,0.456466,1.255184,0.433418,0.345303,1050
1052,agents v8,natheal/y,0.226348,0.592646,1.388522,0.408338,0.294081,1050
1052,agents v8,natcity/y,0.336576,0.207761,1.196461,0.430540,0.359845,1050
1052,agents v8,natdrug/y,0.182505,0.340636,1.319950,0.429527,0.325412,1051
1052,agents v8,nateduc/y,0.264925,0.351365,1.256129,0.396277,0.315475,1051
1052,agents v8,natrace/y,0.548278,0.094961,1.139202,0.439455,0.385757,1051
1052,agents v8,natarms/y,0.411585,0.060470,1.110202,0.419248,0.377632,1051
1052,agents v8,nataid/y,0.325655,0.843706,1.461514,0.421515,0.288410,1050
1052,agents v8,natfare/y,0.350505,0.733717,1.380065,0.439778,0.318664,1050
1052,agents v8,natroad,-0.021664,0.068870,0.801619,0.254963,0.318060,1050
1052,agents v8,natsoc,0.122612,0.728304,1.223686,0.333637,0.272649,1050
1052,agents v8,natmass,0.301569,0.158809,1.410023,0.447738,0.317540,1051
1052,agents v8,natpark,0.155131,0.140055,1.478067,0.406675,0.275140,1051
1052,agents v8,natchld,0.308029,0.416570,1.366500,0.440086,0.322053,1051
1052,agents v8,natsci,0.255968,0.060496,1.388131,0.425731,0.306694,1051
1052,agents v8,natenrgy,0.380342,0.235691,1.249209,0.441262,0.353233,1051
1052,agents v8,courts,0.368663,0.417262,1.094204,0.421671,0.385367,1051
1052,agents v8,discaffw,0.320039,0.030828,0.896530,0.276702,0.308637,1051
1052,agents v8,discaffm,0.278167,0.143349,1.062988,0.319852,0.300899,1051
1052,agents v8,fehire,0.417434,0.048391,1.283892,0.372352,0.290018,1051
1052,agents v8,fechld,0.202265,0.148201,1.166666,0.302104,0.258946,1051
1052,agents v8,fepresch,0.236550,0.008314,1.145588,0.305907,0.267030,1051
1052,agents v8,fefam,0.392062,0.066760,1.230951,0.374267,0.304047,1051
1052,agents v8,mobile16,-0.023986,0.822803,0.767155,0.314785,0.410328,1050
1052,agents v8,incom16,0.013142,0.522785,0.574578,0.122090,0.212487,1051
1052,agents v8,conarmy,0.184461,0.161094,0.960616,0.320260,0.333390,1052
1052,agents v8,conbus,0.133637,0.036216,0.856377,0.269730,0.314966,1052
1052,agents v8,conclerg,0.256307,0.339229,1.051958,0.365520,0.347467,1052
1052,agents v8,coneduc,0.182560,0.453288,0.632257,0.202196,0.319801,1052
1052,agents v8,confed,0.132036,0.041097,0.819626,0.274890,0.335384,1052
1052,agents v8,confinan,0.064236,0.309930,0.697507,0.228904,0.328174,1052
1052,agents v8,conjudge,0.350124,0.255453,1.004276,0.360623,0.359087,1052
1052,agents v8,conlabor,0.349196,0.175792,1.040812,0.346124,0.332552,1052
1052,agents v8,conlegis,0.049628,0.481353,0.723775,0.220827,0.305105,1052
1052,agents v8,conmedic,0.157663,0.396758,0.419298,0.138631,0.330626,1052
1052,agents v8,conpress,0.355384,0.017890,0.784170,0.249994,0.318801,1052
1052,agents v8,consci,0.391481,0.208374,0.954354,0.326522,0.342139,1052
1052,agents v8,contv,0.152107,0.132177,0.790905,0.247424,0.312837,1052
1052,agents v8,happy,0.047576,0.081707,0.105567,0.034421,0.326061,1051
1052,agents v8,class,0.043692,0.944597,0.156198,0.040907,0.261893,1051
1052,agents v8,satfin,0.064905,0.179739,0.441181,0.169643,0.384521,1049
1052,agents v8,finalter,0.054082,0.235576,0.466396,0.180839,0.387737,1051
1052,agents v8,finrela,-0.003823,0.587919,0.428507,0.104890,0.244780,1051
1052,agents v8,wlthwhts,0.018015,1.040806,0.629325,0.088778,0.141069,1050
1052,agents v8,wlthblks,0.017351,1.396057,0.408333,0.058168,0.142452,1004
1052,agents v8,wlthhsps,0.038344,0.690017,0.837465,0.126257,0.150761,1051
1052,agents v8,letin1a,0.536459,0.380071,1.106299,0.348600,0.315104,1050
1052,agents v8,getahead,0.299683,0.190904,0.939300,0.287914,0.306519,1051
1052,agents v8,aged,0.024500,0.352932,0.651026,0.190430,0.292507,1051
1052,agents v8,parsol,0.048239,0.668616,0.315329,0.095376,0.302467,1052
1052,agents v8,spanking,0.397449,0.151377,0.919718,0.321495,0.349558,1052
1052,agents v8,divlaw,0.282263,0.329068,1.093962,0.378351,0.345854,1050
1052,agents v8,pillok,0.401792,0.108620,1.084862,0.373430,0.344219,1052
1052,agents v8,xmarsex,0.268051,0.051616,1.064623,0.314297,0.295219,1050
1052,agents v8,homosex,0.421639,0.035005,1.054942,0.439671,0.416773,1051
1052,agents v8,marhomo,0.460301,0.334645,1.114584,0.399297,0.358247,1051
1052,agents v8,discaff,0.404283,0.093877,1.159485,0.405435,0.349668,1051
1052,agents v8,pornlaw,0.131071,0.288408,0.769627,0.203511,0.264428,1049
1052,agents v8,fair,0.079815,0.081720,0.695024,0.271090,0.390044,1051
1052,agents v8,helpful,0.071982,0.117880,0.952432,0.376691,0.395505,1051
1052,agents v8,trust,0.118815,0.379608,0.936336,0.354381,0.378476,1051
1052,agents v8,tax,0.208157,0.564030,1.189349,0.322018,0.270751,1051
1052,agents v8,news,0.167144,0.849185,0.517623,0.191101,0.369190,1051
1052,agents v8,attend,0.211182,0.014293,0.956974,0.310262,0.324211,1052
1052,agents v8,pray,0.305094,0.587753,0.720729,0.289310,0.401413,1052
1052,agents v8,bible,0.366938,0.010175,0.812763,0.304311,0.374416,1050
1052,agents v8,granborn,0.125546,0.395457,0.709527,0.293200,0.413233,1051
1052,agents v8,income,-0.051935,0.651943,0.180402,0.054839,0.303981,1028
1052,agents v8,health,0.033407,0.197354,0.387653,0.096030,0.247722,1050
1052,agents v8,life,-0.047664,0.101502,0.660730,0.192185,0.290868,1050
1052,PMM k=5,natspac/y,0.123628,0.041945,0.987762,0.335778,0.339938,1052
1052,PMM k=5,natenvir/y,0.485919,0.028921,0.999538,0.344956,0.345116,1052
1052,PMM k=5,natheal/y,0.301912,0.030727,0.954484,0.280519,0.293896,1052
1052,PMM k=5,natcity/y,0.264201,0.006603,0.999662,0.359758,0.359880,1052
1052,PMM k=5,natdrug/y,0.238842,0.051130,0.954982,0.310702,0.325348,1052
1052,PMM k=5,nateduc/y,0.406599,0.021098,0.990975,0.312533,0.315379,1052
1052,PMM k=5,natrace/y,0.608601,0.009861,1.001386,0.386114,0.385579,1052
1052,PMM k=5,natarms/y,0.372208,0.006289,0.993715,0.375495,0.377870,1052
1052,PMM k=5,nataid/y,0.315665,0.059337,0.939498,0.270911,0.288357,1052
1052,PMM k=5,natfare/y,0.440682,0.041776,0.969904,0.308971,0.318558,1052
1052,PMM k=5,natroad,0.231314,0.044839,0.955238,0.303759,0.317993,1052
1052,PMM k=5,natsoc,0.258410,0.001744,0.973572,0.265301,0.272502,1052
1052,PMM k=5,natmass,0.332439,0.019428,0.984158,0.312999,0.318037,1052
1052,PMM k=5,natpark,0.185003,0.022466,0.973552,0.267754,0.275028,1052
1052,PMM k=5,natchld,0.423333,0.019147,0.991915,0.320085,0.322694,1052
1052,PMM k=5,natsci,0.287703,0.043328,0.989795,0.304008,0.307142,1052
1052,PMM k=5,natenrgy,0.453814,0.051148,0.985897,0.348129,0.353109,1052
1052,PMM k=5,courts,0.316739,0.017268,1.000953,0.385699,0.385332,1052
1052,PMM k=5,discaffw,0.369766,0.017456,0.974347,0.300657,0.308573,1052
1052,PMM k=5,discaffm,0.329148,0.062128,0.940430,0.282980,0.300905,1052
1052,PMM k=5,fehire,0.429868,0.007377,0.981807,0.284652,0.289927,1052
1052,PMM k=5,fechld,0.382020,0.044071,0.926068,0.239694,0.258830,1052
1052,PMM k=5,fepresch,0.438141,0.040363,0.958447,0.255813,0.266904,1052
1052,PMM k=5,fefam,0.527044,0.022938,0.971533,0.295252,0.303904,1052
1052,PMM k=5,mobile16,0.190367,0.009260,1.008742,0.414221,0.410631,1052
1052,PMM k=5,incom16,0.227797,0.024616,0.948790,0.201515,0.212392,1052
1052,PMM k=5,conarmy,0.386354,0.019959,0.993579,0.331249,0.333390,1052
1052,PMM k=5,conbus,0.430213,0.004527,0.977964,0.308026,0.314966,1052
1052,PMM k=5,conclerg,0.389473,0.032829,0.993009,0.345037,0.347467,1052
1052,PMM k=5,coneduc,0.396567,0.020807,0.966126,0.308968,0.319801,1052
1052,PMM k=5,confed,0.447192,0.017006,0.990434,0.332176,0.335384,1052
1052,PMM k=5,confinan,0.406359,0.007241,1.006326,0.330250,0.328174,1052
1052,PMM k=5,conjudge,0.440608,0.037061,1.011077,0.363065,0.359087,1052
1052,PMM k=5,conlabor,0.387983,0.014292,0.997929,0.331863,0.332552,1052
1052,PMM k=5,conlegis,0.390522,0.057638,0.948945,0.289528,0.305105,1052
1052,PMM k=5,conmedic,0.408148,0.024438,0.975116,0.322399,0.330626,1052
1052,PMM k=5,conpress,0.349323,0.002982,0.977986,0.311783,0.318801,1052
1052,PMM k=5,consci,0.525302,0.040286,0.984745,0.336920,0.342139,1052
1052,PMM k=5,contv,0.317423,0.034943,0.938135,0.293484,0.312837,1052
1052,PMM k=5,happy,0.403890,0.010208,0.993568,0.323810,0.325906,1052
1052,PMM k=5,class,0.566150,0.031470,0.960708,0.251494,0.261780,1052
1052,PMM k=5,satfin,0.568573,0.009886,0.983589,0.378294,0.384606,1052
1052,PMM k=5,finalter,0.356929,0.034338,0.976350,0.378387,0.387553,1052
1052,PMM k=5,finrela,0.579395,0.016509,0.949266,0.232297,0.244713,1052
1052,PMM k=5,wlthwhts,0.138967,0.041549,0.802052,0.113157,0.141084,1052
1052,PMM k=5,wlthblks,0.291831,0.053160,0.829113,0.118604,0.143050,1052
1052,PMM k=5,wlthhsps,0.272682,0.016820,0.853981,0.128696,0.150701,1052
1052,PMM k=5,letin1a,0.465918,0.052048,0.978072,0.308132,0.315041,1052
1052,PMM k=5,getahead,0.286425,0.041879,0.972778,0.298083,0.306424,1052
1052,PMM k=5,aged,0.118831,0.017881,0.980021,0.286548,0.292390,1052
1052,PMM k=5,parsol,0.301796,0.029070,0.970238,0.293464,0.302467,1052
1052,PMM k=5,spanking,0.378586,0.019035,0.981710,0.343165,0.349558,1052
1052,PMM k=5,divlaw,0.250362,0.026081,0.998719,0.345799,0.346243,1052
1052,PMM k=5,pillok,0.457351,0.003682,0.989725,0.340682,0.344219,1052
1052,PMM k=5,xmarsex,0.224457,0.049389,0.948322,0.279866,0.295117,1052
1052,PMM k=5,homosex,0.666434,0.006077,1.019509,0.425248,0.417111,1052
1052,PMM k=5,marhomo,0.668643,0.064252,0.975125,0.349841,0.358765,1052
1052,PMM k=5,discaff,0.394706,0.002715,1.015864,0.355703,0.350148,1052
1052,PMM k=5,pornlaw,0.295228,0.059189,0.970207,0.257094,0.264989,1052
1052,PMM k=5,fair,0.392543,0.001219,1.000909,0.390215,0.389860,1052
1052,PMM k=5,helpful,0.429868,0.002403,0.997144,0.394451,0.395581,1052
1052,PMM k=5,trust,0.406620,0.036422,0.996783,0.377213,0.378430,1052
1052,PMM k=5,tax,0.239124,0.049161,0.938759,0.254126,0.270704,1052
1052,PMM k=5,news,0.233860,0.037333,0.989828,0.365447,0.369203,1052
1052,PMM k=5,attend,0.493580,0.103351,0.951806,0.308586,0.324211,1052
1052,PMM k=5,pray,0.503899,0.024628,1.012854,0.406572,0.401413,1052
1052,PMM k=5,bible,0.512237,0.017758,0.989448,0.370755,0.374709,1052
1052,PMM k=5,granborn,0.091599,0.031060,1.007294,0.416169,0.413156,1052
1052,PMM k=5,income,0.260399,0.212644,0.847771,0.257703,0.303977,1052
1052,PMM k=5,health,0.316653,0.014082,0.948778,0.234828,0.247506,1052
1052,PMM k=5,life,0.253508,0.009784,0.967014,0.281841,0.291455,1052
1052,PMM k=10,natspac/y,0.136972,0.027963,0.994128,0.337942,0.339938,1052
1052,PMM k=10,natenvir/y,0.501050,0.030298,0.979306,0.337974,0.345116,1052
1052,PMM k=10,natheal/y,0.357318,0.053367,0.920581,0.270555,0.293896,1052
1052,PMM k=10,natcity/y,0.251862,0.052827,0.999749,0.359789,0.359880,1052
1052,PMM k=10,natdrug/y,0.267121,0.043825,0.950629,0.309286,0.325348,1052
1052,PMM k=10,nateduc/y,0.361313,0.004521,0.974907,0.307466,0.315379,1052
1052,PMM k=10,natrace/y,0.637407,0.013559,0.990235,0.381814,0.385579,1052
1052,PMM k=10,natarms/y,0.392296,0.006289,0.985297,0.372314,0.377870,1052
1052,PMM k=10,nataid/y,0.321461,0.042855,0.916857,0.264382,0.288357,1052
1052,PMM k=10,natfare/y,0.455834,0.031332,0.965013,0.307413,0.318558,1052
1052,PMM k=10,natroad,0.233640,0.083700,0.951584,0.302597,0.317993,1052
1052,PMM k=10,natsoc,0.219303,0.038371,0.936051,0.255076,0.272502,1052
1052,PMM k=10,natmass,0.327457,0.010461,0.991184,0.315233,0.318037,1052
1052,PMM k=10,natpark,0.181661,0.013825,0.963622,0.265023,0.275028,1052
1052,PMM k=10,natchld,0.408863,0.005891,0.977192,0.315334,0.322694,1052
1052,PMM k=10,natsci,0.282905,0.046423,0.975604,0.299649,0.307142,1052
1052,PMM k=10,natenrgy,0.452249,0.022882,0.983174,0.347167,0.353109,1052
1052,PMM k=10,courts,0.347623,0.003700,1.000672,0.385591,0.385332,1052
1052,PMM k=10,discaffw,0.372658,0.051342,0.979835,0.302351,0.308573,1052
1052,PMM k=10,discaffm,0.391008,0.056863,0.972624,0.292667,0.300905,1052
1052,PMM k=10,fehire,0.416724,0.009016,0.977711,0.283465,0.289927,1052
1052,PMM k=10,fechld,0.395919,0.040398,0.951518,0.246281,0.258830,1052
1052,PMM k=10,fepresch,0.430717,0.036802,0.943611,0.251853,0.266904,1052
1052,PMM k=10,fefam,0.478532,0.002085,1.000964,0.304196,0.303904,1052
1052,PMM k=10,mobile16,0.217667,0.010417,0.996184,0.409064,0.410631,1052
1052,PMM k=10,incom16,0.317355,0.003357,0.934394,0.198457,0.212392,1052
1052,PMM k=10,conarmy,0.360147,0.027087,0.997804,0.332658,0.333390,1052
1052,PMM k=10,conbus,0.371171,0.016599,1.000717,0.315192,0.314966,1052
1052,PMM k=10,conclerg,0.390181,0.020518,0.989810,0.343926,0.347467,1052
1052,PMM k=10,coneduc,0.433617,0.010403,0.929770,0.297341,0.319801,1052
1052,PMM k=10,confed,0.420616,0.043931,0.985458,0.330507,0.335384,1052
1052,PMM k=10,confinan,0.388270,0.005793,1.007263,0.330558,0.328174,1052
1052,PMM k=10,conjudge,0.461807,0.038384,0.983841,0.353285,0.359087,1052
1052,PMM k=10,conlabor,0.382455,0.015721,1.001153,0.332935,0.332552,1052
1052,PMM k=10,conlegis,0.336757,0.009347,0.953797,0.291008,0.305105,1052
1052,PMM k=10,conmedic,0.413099,0.021563,0.972201,0.321435,0.330626,1052
1052,PMM k=10,conpress,0.372717,0.007454,0.982859,0.313337,0.318801,1052
1052,PMM k=10,consci,0.483170,0.031951,0.971319,0.332326,0.342139,1052
1052,PMM k=10,contv,0.309888,0.051655,0.946946,0.296240,0.312837,1052
1052,PMM k=10,happy,0.410954,0.011667,0.980454,0.319536,0.325906,1052
1052,PMM k=10,class,0.523001,0.008473,0.942447,0.246714,0.261780,1052
1052,PMM k=10,satfin,0.552772,0.006179,0.983044,0.378085,0.384606,1052
1052,PMM k=10,finalter,0.314378,0.028207,0.970072,0.375954,0.387553,1052
1052,PMM k=10,finrela,0.567508,0.015538,0.941786,0.230467,0.244713,1052
1052,PMM k=10,wlthwhts,0.090139,0.037057,0.780537,0.110121,0.141084,1052
1052,PMM k=10,wlthblks,0.261167,0.038763,0.860812,0.123139,0.143050,1052
1052,PMM k=10,wlthhsps,0.284566,0.025231,0.875185,0.131891,0.150701,1052
1052,PMM k=10,letin1a,0.477170,0.048277,0.979486,0.308578,0.315041,1052
1052,PMM k=10,getahead,0.272860,0.010857,0.976800,0.299315,0.306424,1052
1052,PMM k=10,aged,0.106307,0.011379,0.962726,0.281491,0.292390,1052
1052,PMM k=10,parsol,0.322367,0.019642,0.973298,0.294390,0.302467,1052
1052,PMM k=10,spanking,0.350685,0.009971,0.987842,0.345308,0.349558,1052
1052,PMM k=10,divlaw,0.298083,0.009609,0.982006,0.340012,0.346243,1052
1052,PMM k=10,pillok,0.434999,0.016569,0.988211,0.340161,0.344219,1052
1052,PMM k=10,xmarsex,0.287624,0.034357,0.938826,0.277064,0.295117,1052
1052,PMM k=10,homosex,0.646658,0.011395,1.010008,0.421285,0.417111,1052
1052,PMM k=10,marhomo,0.683231,0.054978,0.968705,0.347537,0.358765,1052
1052,PMM k=10,discaff,0.377467,0.019003,0.987525,0.345780,0.350148,1052
1052,PMM k=10,pornlaw,0.310986,0.062776,0.982672,0.260397,0.264989,1052
1052,PMM k=10,fair,0.409772,0.007315,1.010110,0.393801,0.389860,1052
1052,PMM k=10,helpful,0.421743,0.043254,1.007761,0.398651,0.395581,1052
1052,PMM k=10,trust,0.394922,0.018839,0.983593,0.372221,0.378430,1052
1052,PMM k=10,tax,0.252092,0.063207,0.922044,0.249601,0.270704,1052
1052,PMM k=10,news,0.233473,0.058573,0.996309,0.367840,0.369203,1052
1052,PMM k=10,attend,0.460799,0.104084,0.952629,0.308853,0.324211,1052
1052,PMM k=10,pray,0.500411,0.013261,1.022878,0.410596,0.401413,1052
1052,PMM k=10,bible,0.539332,0.046931,0.988571,0.370426,0.374709,1052
1052,PMM k=10,granborn,0.119214,0.043139,1.007709,0.416341,0.413156,1052
1052,PMM k=10,income,0.244117,0.230269,0.850567,0.258553,0.303977,1052
1052,PMM k=10,health,0.284044,0.028164,0.936727,0.231845,0.247506,1052
1052,PMM k=10,life,0.264191,0.011415,0.951638,0.277360,0.291455,1052
1052,IM m=10 mode des m,natspac/y,0.170401,0.016778,0.831254,0.282575,0.339938,1052
1052,IM m=10 mode des m,natenvir/y,0.528693,0.111551,0.923389,0.318676,0.345116,1052
1052,IM m=10 mode des m,natheal/y,0.302692,0.213469,0.758935,0.223048,0.293896,1052
1052,IM m=10 mode des m,natcity/y,0.280987,0.015848,0.890653,0.320528,0.359880,1052
1052,IM m=10 mode des m,natdrug/y,0.315175,0.185528,0.844903,0.274888,0.325348,1052
1052,IM m=10 mode des m,nateduc/y,0.371627,0.174815,0.832486,0.262549,0.315379,1052
1052,IM m=10 mode des m,natrace/y,0.632062,0.027118,0.971989,0.374779,0.385579,1052
1052,IM m=10 mode des m,natarms/y,0.392610,0.020125,0.937180,0.354132,0.377870,1052
1052,IM m=10 mode des m,nataid/y,0.312612,0.166473,0.808337,0.233090,0.288357,1052
1052,IM m=10 mode des m,natfare/y,0.502292,0.144723,0.848289,0.270229,0.318558,1052
1052,IM m=10 mode des m,natroad,0.249286,0.134518,0.826452,0.262806,0.317993,1052
1052,IM m=10 mode des m,natsoc,0.221734,0.151741,0.844244,0.230059,0.272502,1052
1052,IM m=10 mode des m,natmass,0.336550,0.074722,0.855604,0.272114,0.318037,1052
1052,IM m=10 mode des m,natpark,0.168461,0.031106,0.779489,0.214381,0.275028,1052
1052,IM m=10 mode des m,natchld,0.412085,0.067752,0.905457,0.292185,0.322694,1052
1052,IM m=10 mode des m,natsci,0.280727,0.009285,0.836797,0.257015,0.307142,1052
1052,IM m=10 mode des m,natenrgy,0.435880,0.079414,0.932160,0.329154,0.353109,1052
1052,IM m=10 mode des m,courts,0.373853,0.124578,0.926048,0.356836,0.385332,1052
1052,IM m=10 mode des m,discaffw,0.407596,0.078040,0.871082,0.268792,0.308573,1052
1052,IM m=10 mode des m,discaffm,0.375273,0.050545,0.884367,0.266110,0.300905,1052
1052,IM m=10 mode des m,fehire,0.440355,0.072130,0.875153,0.253731,0.289927,1052
1052,IM m=10 mode des m,fechld,0.365575,0.086918,0.780721,0.202074,0.258830,1052
1052,IM m=10 mode des m,fepresch,0.461006,0.066481,0.839224,0.223992,0.266904,1052
1052,IM m=10 mode des m,fefam,0.516376,0.057344,0.895336,0.272096,0.303904,1052
1052,IM m=10 mode des m,mobile16,0.170961,0.046298,1.032637,0.424033,0.410631,1052
1052,IM m=10 mode des m,incom16,0.255844,0.073847,0.744235,0.158069,0.212392,1052
1052,IM m=10 mode des m,conarmy,0.368622,0.143987,0.911134,0.303763,0.333390,1052
1052,IM m=10 mode des m,conbus,0.396564,0.079977,0.893199,0.281327,0.314966,1052
1052,IM m=10 mode des m,conclerg,0.449374,0.079336,0.966508,0.335829,0.347467,1052
1052,IM m=10 mode des m,coneduc,0.396240,0.026751,0.900304,0.287918,0.319801,1052
1052,IM m=10 mode des m,confed,0.401442,0.100617,0.924829,0.310173,0.335384,1052
1052,IM m=10 mode des m,confinan,0.406073,0.055034,0.891122,0.292443,0.328174,1052
1052,IM m=10 mode des m,conjudge,0.476937,0.107211,0.966630,0.347105,0.359087,1052
1052,IM m=10 mode des m,conlabor,0.378737,0.007146,0.925016,0.307616,0.332552,1052
1052,IM m=10 mode des m,conlegis,0.333693,0.182260,0.878643,0.268078,0.305105,1052
1052,IM m=10 mode des m,conmedic,0.431973,0.127940,0.911490,0.301363,0.330626,1052
1052,IM m=10 mode des m,conpress,0.362905,0.137158,0.890550,0.283908,0.318801,1052
1052,IM m=10 mode des m,consci,0.521246,0.151418,0.907176,0.310380,0.342139,1052
1052,IM m=10 mode des m,contv,0.280448,0.115465,0.895095,0.280019,0.312837,1052
1052,IM m=10 mode des m,happy,0.406134,0.091876,0.840768,0.274012,0.325906,1052
1052,IM m=10 mode des m,class,0.561923,0.012104,0.943475,0.246983,0.261780,1052
1052,IM m=10 mode des m,satfin,0.568687,0.008650,0.941008,0.361917,0.384606,1052
1052,IM m=10 mode des m,finalter,0.343185,0.002453,0.966005,0.374378,0.387553,1052
1052,IM m=10 mode des m,finrela,0.589525,0.033018,0.881528,0.215721,0.244713,1052
1052,IM m=10 mode des m,wlthwhts,0.113470,0.006738,0.616477,0.086975,0.141084,1052
1052,IM m=10 mode des m,wlthblks,0.293205,0.107428,0.677547,0.096923,0.143050,1052
1052,IM m=10 mode des m,wlthhsps,0.172633,0.132461,0.677734,0.102135,0.150701,1052
1052,IM m=10 mode des m,letin1a,0.526559,0.095799,0.966766,0.304571,0.315041,1052
1052,IM m=10 mode des m,getahead,0.277551,0.162862,0.856242,0.262373,0.306424,1052
1052,IM m=10 mode des m,aged,0.109846,0.050391,0.775009,0.226604,0.292390,1052
1052,IM m=10 mode des m,parsol,0.342511,0.015714,0.896218,0.271076,0.302467,1052
1052,IM m=10 mode des m,spanking,0.388160,0.027193,0.930119,0.325131,0.349558,1052
1052,IM m=10 mode des m,divlaw,0.308636,0.104325,0.945669,0.327431,0.346243,1052
1052,IM m=10 mode des m,pillok,0.477041,0.124269,0.920054,0.316700,0.344219,1052
1052,IM m=10 mode des m,xmarsex,0.294081,0.256606,0.779506,0.230046,0.295117,1052
1052,IM m=10 mode des m,homosex,0.692268,0.094196,1.021485,0.426073,0.417111,1052
1052,IM m=10 mode des m,marhomo,0.645783,0.149038,0.952104,0.341582,0.358765,1052
1052,IM m=10 mode des m,discaff,0.419173,0.184604,0.888550,0.311124,0.350148,1052
1052,IM m=10 mode des m,pornlaw,0.302947,0.021523,0.729671,0.193355,0.264989,1052
1052,IM m=10 mode des m,fair,0.412432,0.031697,0.932883,0.363694,0.389860,1052
1052,IM m=10 mode des m,helpful,0.450762,0.040851,0.960167,0.379824,0.395581,1052
1052,IM m=10 mode des m,trust,0.379391,0.110523,0.996457,0.377090,0.378430,1052
1052,IM m=10 mode des m,tax,0.322901,0.071985,0.902384,0.244279,0.270704,1052
1052,IM m=10 mode des m,news,0.259173,0.148043,0.986170,0.364097,0.369203,1052
1052,IM m=10 mode des m,attend,0.508082,0.180315,0.974295,0.315878,0.324211,1052
1052,IM m=10 mode des m,pray,0.520635,0.136874,1.059082,0.425129,0.401413,1052
1052,IM m=10 mode des m,bible,0.534383,0.123036,0.962816,0.360776,0.374709,1052
1052,IM m=10 mode des m,granborn,0.107966,0.181760,1.008552,0.416689,0.413156,1052
1052,IM m=10 mode des m,income,0.243402,0.477880,0.592763,0.180186,0.303977,1052
1052,IM m=10 mode des m,health,0.319010,0.053768,0.792381,0.196119,0.247506,1052
1052,IM m=10 mode des m,life,0.240602,0.044030,0.857416,0.249898,0.291455,1052
1052,B0 mode,natspac/y,,0.121639,0.000000,0.000000,0.339938,1052
1052,B0 mode,natenvir/y,,0.656913,0.000000,0.000000,0.345116,1052
1052,B0 mode,natheal/y,,0.583804,0.000000,0.000000,0.293896,1052
1052,B0 mode,natcity/y,,0.091127,0.000000,0.000000,0.359880,1052
1052,B0 mode,natdrug/y,,0.768407,0.000000,0.000000,0.325348,1052
1052,B0 mode,nateduc/y,,0.604318,0.000000,0.000000,0.315379,1052
1052,B0 mode,natrace/y,-0.067706,0.080122,0.518577,0.199952,0.385579,1052
1052,B0 mode,natarms/y,-0.045775,0.065406,0.529157,0.199952,0.377870,1052
1052,B0 mode,nataid/y,,0.631281,0.000000,0.000000,0.288357,1052
1052,B0 mode,natfare/y,,0.601272,0.000000,0.000000,0.318558,1052
1052,B0 mode,natroad,,0.881838,0.000000,0.000000,0.317993,1052
1052,B0 mode,natsoc,,0.659289,0.000000,0.000000,0.272502,1052
1052,B0 mode,natmass,,0.496152,0.000000,0.000000,0.318037,1052
1052,B0 mode,natpark,,0.380189,0.000000,0.000000,0.275028,1052
1052,B0 mode,natchld,,0.827751,0.000000,0.000000,0.322694,1052
1052,B0 mode,natsci,,0.386861,0.000000,0.000000,0.307142,1052
1052,B0 mode,natenrgy,,0.907206,0.000000,0.000000,0.353109,1052
1052,B0 mode,courts,,0.897947,0.000000,0.000000,0.385332,1052
1052,B0 mode,discaffw,0.000000,0.328590,0.000000,0.000000,0.308573,1052
1052,B0 mode,discaffm,0.000000,0.087400,0.000000,0.000000,0.300905,1052
1052,B0 mode,fehire,-0.011157,0.063114,0.422667,0.122542,0.289927,1052
1052,B0 mode,fechld,0.000000,0.232596,0.000000,0.000000,0.258830,1052
1052,B0 mode,fepresch,0.000000,0.041551,0.000000,0.000000,0.266904,1052
1052,B0 mode,fefam,0.000000,0.085495,0.000000,0.000000,0.303904,1052
1052,B0 mode,mobile16,,1.104207,0.000000,0.000000,0.410631,1052
1052,B0 mode,incom16,,0.247274,0.000000,0.000000,0.212392,1052
1052,B0 mode,conarmy,,0.975119,0.000000,0.000000,0.333390,1052
1052,B0 mode,conbus,,0.309346,0.000000,0.000000,0.314966,1052
1052,B0 mode,conclerg,,0.915097,0.000000,0.000000,0.347467,1052
1052,B0 mode,coneduc,,0.136730,0.000000,0.000000,0.319801,1052
1052,B0 mode,confed,,0.426558,0.000000,0.000000,0.335384,1052
1052,B0 mode,confinan,,0.117310,0.000000,0.000000,0.328174,1052
1052,B0 mode,conjudge,,0.277954,0.000000,0.000000,0.359087,1052
1052,B0 mode,conlabor,,0.012863,0.000000,0.000000,0.332552,1052
1052,B0 mode,conlegis,,0.915973,0.000000,0.000000,0.305105,1052
1052,B0 mode,conmedic,-0.028306,0.201254,0.604768,0.199952,0.330626,1052
1052,B0 mode,conpress,,0.548633,0.000000,0.000000,0.318801,1052
1052,B0 mode,consci,,0.879337,0.000000,0.000000,0.342139,1052
1052,B0 mode,contv,,0.549977,0.000000,0.000000,0.312837,1052
1052,B0 mode,happy,,0.074376,0.000000,0.000000,0.325906,1052
1052,B0 mode,class,0.000000,0.311071,0.000000,0.000000,0.261780,1052
1052,B0 mode,satfin,,0.014829,0.000000,0.000000,0.384606,1052
1052,B0 mode,finalter,,0.063771,0.000000,0.000000,0.387553,1052
1052,B0 mode,finrela,,0.369992,0.000000,0.000000,0.244713,1052
1052,B0 mode,wlthwhts,,0.281857,0.000000,0.000000,0.141084,1052
1052,B0 mode,wlthblks,0.000000,0.293489,0.000001,0.000000,0.143050,1052
1052,B0 mode,wlthhsps,-0.036221,0.041000,0.542099,0.081695,0.150701,1052
1052,B0 mode,letin1a,,0.396020,0.000000,0.000000,0.315041,1052
1052,B0 mode,getahead,,0.589407,0.000000,0.000000,0.306424,1052
1052,B0 mode,aged,,0.396627,0.000000,0.000000,0.292390,1052
1052,B0 mode,parsol,,0.090353,0.000000,0.000000,0.302467,1052
1052,B0 mode,spanking,0.000000,0.555653,0.000000,0.000000,0.349558,1052
1052,B0 mode,divlaw,,0.301993,0.000000,0.000000,0.346243,1052
1052,B0 mode,pillok,-0.019457,0.301927,0.387258,0.133302,0.344219,1052
1052,B0 mode,xmarsex,,0.798805,0.000000,0.000000,0.295117,1052
1052,B0 mode,homosex,,0.754329,0.000000,0.000000,0.417111,1052
1052,B0 mode,marhomo,,0.781621,0.000000,0.000000,0.358765,1052
1052,B0 mode,discaff,,0.887729,0.000000,0.000000,0.350148,1052
1052,B0 mode,pornlaw,,0.322849,0.000000,0.000000,0.264989,1052
1052,B0 mode,fair,,0.104844,0.000000,0.000000,0.389860,1052
1052,B0 mode,helpful,,0.079298,0.000000,0.000000,0.395581,1052
1052,B0 mode,trust,,0.864085,0.000000,0.000000,0.378430,1052
1052,B0 mode,tax,,0.797104,0.000000,0.000000,0.270704,1052
1052,B0 mode,news,,0.997036,0.000000,0.000000,0.369203,1052
1052,B0 mode,attend,,0.786495,0.000000,0.000000,0.324211,1052
1052,B0 mode,pray,,1.168402,0.000000,0.000000,0.401413,1052
1052,B0 mode,bible,,0.200409,0.000000,0.000000,0.374709,1052
1052,B0 mode,granborn,,0.777656,0.000000,0.000000,0.413156,1052
1052,B0 mode,income,,0.712982,0.000000,0.000000,0.303977,1052
1052,B0 mode,health,0.000000,0.289325,0.000000,0.000000,0.247506,1052
1052,B0 mode,life,,0.409314,0.000000,0.000000,0.291455,1052
1052,B1 argmax,natspac/y,0.096951,0.027963,0.667931,0.227055,0.339938,1052
1052,B1 argmax,natenvir/y,0.373057,0.275435,0.847995,0.292657,0.345116,1052
1052,B1 argmax,natheal/y,0.063080,0.430172,0.541363,0.159105,0.293896,1052
1052,B1 argmax,natcity/y,0.292425,0.101692,0.856838,0.308359,0.359880,1052
1052,B1 argmax,natdrug/y,0.070314,0.447020,0.703111,0.228756,0.325348,1052
1052,B1 argmax,nateduc/y,0.225925,0.420460,0.629789,0.198623,0.315379,1052
1052,B1 argmax,natrace/y,0.545267,0.036980,0.979694,0.377750,0.385579,1052
1052,B1 argmax,natarms/y,0.344792,0.031445,0.949494,0.358785,0.377870,1052
1052,B1 argmax,nataid/y,0.238369,0.304927,0.719048,0.207343,0.288357,1052
1052,B1 argmax,natfare/y,0.354351,0.286462,0.781688,0.249013,0.318558,1052
1052,B1 argmax,natroad,0.107066,0.343767,0.771161,0.245224,0.317993,1052
1052,B1 argmax,natsoc,0.007475,0.423829,0.639518,0.174270,0.272502,1052
1052,B1 argmax,natmass,0.271403,0.070238,0.817901,0.260123,0.318037,1052
1052,B1 argmax,natpark,0.084623,0.165901,0.597128,0.164227,0.275028,1052
1052,B1 argmax,natchld,0.198769,0.231240,0.834808,0.269387,0.322694,1052
1052,B1 argmax,natsci,0.201306,0.020117,0.747518,0.229594,0.307142,1052
1052,B1 argmax,natenrgy,0.317510,0.154790,0.924448,0.326430,0.353109,1052
1052,B1 argmax,courts,0.324209,0.220786,0.944202,0.363831,0.385332,1052
1052,B1 argmax,discaffw,0.283407,0.024644,0.802972,0.247776,0.308573,1052
1052,B1 argmax,discaffm,0.252710,0.092665,0.833486,0.250800,0.300905,1052
1052,B1 argmax,fehire,0.307868,0.013115,0.864665,0.250690,0.289927,1052
1052,B1 argmax,fechld,0.119914,0.172611,0.739839,0.191492,0.258830,1052
1052,B1 argmax,fepresch,0.146167,0.053422,0.703938,0.187884,0.266904,1052
1052,B1 argmax,fefam,0.353856,0.128243,0.874048,0.265626,0.303904,1052
1052,B1 argmax,mobile16,0.315668,0.090281,1.008208,0.414002,0.410631,1052
1052,B1 argmax,incom16,0.110982,0.101819,0.661497,0.140496,0.212392,1052
1052,B1 argmax,conarmy,0.254731,0.215268,0.869110,0.289753,0.333390,1052
1052,B1 argmax,conbus,0.242481,0.054324,0.702452,0.221249,0.314966,1052
1052,B1 argmax,conclerg,0.209138,0.269468,0.799247,0.277712,0.347467,1052
1052,B1 argmax,coneduc,0.163402,0.084713,0.653888,0.209114,0.319801,1052
1052,B1 argmax,confed,0.289033,0.138879,0.847526,0.284247,0.335384,1052
1052,B1 argmax,confinan,0.132177,0.050690,0.636118,0.208758,0.328174,1052
1052,B1 argmax,conjudge,0.343475,0.052944,0.897439,0.322259,0.359087,1052
1052,B1 argmax,conlabor,0.261074,0.065744,0.702892,0.233748,0.332552,1052
1052,B1 argmax,conlegis,0.135394,0.191607,0.851075,0.259667,0.305105,1052
1052,B1 argmax,conmedic,0.264383,0.159566,0.819972,0.271104,0.330626,1052
1052,B1 argmax,conpress,0.322315,0.125232,0.848749,0.270582,0.318801,1052
1052,B1 argmax,consci,0.351948,0.161142,0.854017,0.292193,0.342139,1052
1052,B1 argmax,contv,0.164281,0.116984,0.812791,0.254271,0.312837,1052
1052,B1 argmax,happy,0.103499,0.043750,0.607444,0.197970,0.325906,1052
1052,B1 argmax,class,0.480409,0.036312,0.911622,0.238645,0.261780,1052
1052,B1 argmax,satfin,0.302005,0.012358,0.937017,0.360382,0.384606,1052
1052,B1 argmax,finalter,0.105866,0.003679,0.931702,0.361084,0.387553,1052
1052,B1 argmax,finrela,0.478072,0.056324,0.876606,0.214517,0.244713,1052
1052,B1 argmax,wlthwhts,0.077832,0.079729,0.546834,0.077149,0.141084,1052
1052,B1 argmax,wlthblks,-0.010485,0.036548,0.624117,0.089280,0.143050,1052
1052,B1 argmax,wlthhsps,0.037244,0.099871,0.649703,0.097911,0.150701,1052
1052,B1 argmax,letin1a,0.471614,0.121446,0.888872,0.280031,0.315041,1052
1052,B1 argmax,getahead,0.239482,0.065145,0.852263,0.261154,0.306424,1052
1052,B1 argmax,aged,0.050263,0.165803,0.612498,0.179088,0.292390,1052
1052,B1 argmax,parsol,0.173241,0.035356,0.842376,0.254791,0.302467,1052
1052,B1 argmax,spanking,0.375323,0.002719,0.969463,0.338884,0.349558,1052
1052,B1 argmax,divlaw,0.247538,0.071380,0.818533,0.283411,0.346243,1052
1052,B1 argmax,pillok,0.330351,0.114143,0.941735,0.324163,0.344219,1052
1052,B1 argmax,xmarsex,0.230378,0.352162,0.762915,0.225149,0.295117,1052
1052,B1 argmax,homosex,0.426183,0.171680,1.010908,0.421661,0.417111,1052
1052,B1 argmax,marhomo,0.461731,0.169572,1.009198,0.362065,0.358765,1052
1052,B1 argmax,discaff,0.301619,0.200893,0.896896,0.314046,0.350148,1052
1052,B1 argmax,pornlaw,0.145093,0.139901,0.643157,0.170429,0.264989,1052
1052,B1 argmax,fair,0.093043,0.088996,0.941975,0.367238,0.389860,1052
1052,B1 argmax,helpful,0.088728,0.079298,0.954565,0.377607,0.395581,1052
1052,B1 argmax,trust,0.089329,0.458417,0.757901,0.286813,0.378430,1052
1052,B1 argmax,tax,0.169912,0.305498,0.824594,0.223221,0.270704,1052
1052,B1 argmax,news,0.171211,0.268408,1.014663,0.374617,0.369203,1052
1052,B1 argmax,attend,0.178658,0.455551,0.776576,0.251775,0.324211,1052
1052,B1 argmax,pray,0.316889,0.131191,1.129467,0.453382,0.401413,1052
1052,B1 argmax,bible,0.332049,0.057079,0.931186,0.348924,0.374709,1052
1052,B1 argmax,granborn,0.194008,0.371572,0.870312,0.359574,0.413156,1052
1052,B1 argmax,income,0.285975,0.382076,0.829944,0.252284,0.303977,1052
1052,B1 argmax,health,0.129981,0.186909,0.528613,0.130835,0.247506,1052
1052,B1 argmax,life,0.057045,0.151658,0.652987,0.190316,0.291455,1052
1052,B2 argmax,natspac/y,0.096366,0.076898,0.413407,0.140533,0.339938,1052
1052,B2 argmax,natenvir/y,0.474706,0.307110,0.790221,0.272718,0.345116,1052
1052,B2 argmax,natheal/y,0.243127,0.499711,0.443521,0.130349,0.293896,1052
1052,B2 argmax,natcity/y,0.274560,0.058110,0.619357,0.222894,0.359880,1052
1052,B2 argmax,natdrug/y,0.167405,0.562427,0.557083,0.181246,0.325348,1052
1052,B2 argmax,nateduc/y,0.288830,0.479234,0.499796,0.157625,0.315379,1052
1052,B2 argmax,natrace/y,0.576654,0.214482,0.976734,0.376608,0.385579,1052
1052,B2 argmax,natarms/y,0.427445,0.158483,0.960106,0.362795,0.377870,1052
1052,B2 argmax,nataid/y,0.340169,0.255479,0.714762,0.206107,0.288357,1052
1052,B2 argmax,natfare/y,0.331126,0.481912,0.512185,0.163161,0.318558,1052
1052,B2 argmax,natroad,0.155930,0.578426,0.620791,0.197407,0.317993,1052
1052,B2 argmax,natsoc,0.114761,0.615685,0.279606,0.076193,0.272502,1052
1052,B2 argmax,natmass,0.353803,0.266009,0.797959,0.253780,0.318037,1052
1052,B2 argmax,natpark,0.184903,0.146891,0.608325,0.167306,0.275028,1052
1052,B2 argmax,natchld,0.423177,0.397674,0.744967,0.240396,0.322694,1052
1052,B2 argmax,natsci,0.321079,0.097489,0.774466,0.237871,0.307142,1052
1052,B2 argmax,natenrgy,0.468601,0.306889,0.912976,0.322380,0.353109,1052
1052,B2 argmax,courts,0.361280,0.134445,0.849797,0.327454,0.385332,1052
1052,B2 argmax,discaffw,0.237949,0.157107,0.518879,0.160112,0.308573,1052
1052,B2 argmax,discaffm,0.317543,0.129521,0.596249,0.179414,0.300905,1052
1052,B2 argmax,fehire,0.417575,0.136884,0.713099,0.206747,0.289927,1052
1052,B2 argmax,fechld,0.310797,0.220354,0.625421,0.161878,0.258830,1052
1052,B2 argmax,fepresch,0.400157,0.191132,0.612639,0.163516,0.266904,1052
1052,B2 argmax,fefam,0.502852,0.388898,0.777797,0.236375,0.303904,1052
1052,B2 argmax,mobile16,0.204252,0.079864,0.976893,0.401143,0.410631,1052
1052,B2 argmax,incom16,0.134149,0.145456,0.372273,0.079068,0.212392,1052
1052,B2 argmax,conarmy,0.337948,0.171074,0.806096,0.268744,0.333390,1052
1052,B2 argmax,conbus,0.363316,0.092049,0.700660,0.220684,0.314966,1052
1052,B2 argmax,conclerg,0.409638,0.372057,0.733637,0.254914,0.347467,1052
1052,B2 argmax,coneduc,0.362600,0.099575,0.524778,0.167824,0.319801,1052
1052,B2 argmax,confed,0.353624,0.007086,0.701516,0.235278,0.335384,1052
1052,B2 argmax,confinan,0.288305,0.089793,0.559162,0.183502,0.328174,1052
1052,B2 argmax,conjudge,0.447819,0.304426,0.832808,0.299051,0.359087,1052
1052,B2 argmax,conlabor,0.366930,0.054310,0.595553,0.198052,0.332552,1052
1052,B2 argmax,conlegis,0.212268,0.300651,0.797162,0.243218,0.305105,1052
1052,B2 argmax,conmedic,0.382032,0.316257,0.765308,0.253031,0.330626,1052
1052,B2 argmax,conpress,0.352593,0.053671,0.729250,0.232486,0.318801,1052
1052,B2 argmax,consci,0.437940,0.377851,0.736749,0.252071,0.342139,1052
1052,B2 argmax,contv,0.217091,0.074444,0.731033,0.228694,0.312837,1052
1052,B2 argmax,happy,0.197573,0.018959,0.418234,0.136305,0.325906,1052
1052,B2 argmax,class,0.485674,0.064151,0.782247,0.204777,0.261780,1052
1052,B2 argmax,satfin,0.459239,0.070439,0.858638,0.330237,0.384606,1052
1052,B2 argmax,finalter,0.284553,0.145939,0.715445,0.277273,0.387553,1052
1052,B2 argmax,finrela,0.433534,0.009711,0.594711,0.145533,0.244713,1052
1052,B2 argmax,wlthwhts,0.160688,0.192022,0.313285,0.044200,0.141084,1052
1052,B2 argmax,wlthblks,0.217820,0.007753,0.504071,0.072107,0.143050,1052
1052,B2 argmax,wlthhsps,0.114842,0.041000,0.548501,0.082660,0.150701,1052
1052,B2 argmax,letin1a,0.514105,0.009052,0.846126,0.266564,0.315041,1052
1052,B2 argmax,getahead,0.288792,0.034124,0.796433,0.244046,0.306424,1052
1052,B2 argmax,aged,0.055871,0.346236,0.289329,0.084597,0.292390,1052
1052,B2 argmax,parsol,0.248611,0.150851,0.704413,0.213061,0.302467,1052
1052,B2 argmax,spanking,0.416282,0.294596,0.961106,0.335963,0.349558,1052
1052,B2 argmax,divlaw,0.331450,0.113934,0.793993,0.274914,0.346243,1052
1052,B2 argmax,pillok,0.512408,0.318496,0.862935,0.297039,0.344219,1052
1052,B2 argmax,xmarsex,0.287820,0.243722,0.785975,0.231955,0.295117,1052
1052,B2 argmax,homosex,0.573121,0.322850,0.914837,0.381589,0.417111,1052
1052,B2 argmax,marhomo,0.626808,0.318610,0.944918,0.339003,0.358765,1052
1052,B2 argmax,discaff,0.397780,0.363779,0.765924,0.268187,0.350148,1052
1052,B2 argmax,pornlaw,0.255103,0.199090,0.467341,0.123840,0.264989,1052
1052,B2 argmax,fair,0.358561,0.018287,0.773410,0.301522,0.389860,1052
1052,B2 argmax,helpful,0.354659,0.010813,0.841327,0.332813,0.395581,1052
1052,B2 argmax,trust,0.334433,0.326544,0.790136,0.299012,0.378430,1052
1052,B2 argmax,tax,0.259070,0.140459,0.884538,0.239448,0.270704,1052
1052,B2 argmax,news,0.211989,0.564493,0.830431,0.306597,0.369203,1052
1052,B2 argmax,attend,0.441267,0.485970,0.823507,0.266990,0.324211,1052
1052,B2 argmax,pray,0.458281,0.486400,1.074151,0.431178,0.401413,1052
1052,B2 argmax,bible,0.564467,0.331055,0.963632,0.361082,0.374709,1052
1052,B2 argmax,granborn,0.048183,0.706332,0.409516,0.169194,0.413156,1052
1052,B2 argmax,income,0.034493,0.709570,0.055245,0.016793,0.303977,1052
1052,B2 argmax,health,0.222931,0.140822,0.434132,0.107450,0.247506,1052
1052,B2 argmax,life,0.151121,0.298424,0.422028,0.123002,0.291455,1052
1052,B3 foret,natspac/y,0.006914,0.118843,0.248486,0.084470,0.339938,1052
1052,B3 foret,natenvir/y,0.381791,0.403512,0.709164,0.244744,0.345116,1052
1052,B3 foret,natheal/y,0.011651,0.580570,0.074144,0.021791,0.293896,1052
1052,B3 foret,natcity/y,0.260209,0.161123,0.624466,0.224733,0.359880,1052
1052,B3 foret,natdrug/y,0.086824,0.663226,0.388232,0.126311,0.325348,1052
1052,B3 foret,nateduc/y,0.114905,0.580205,0.206071,0.064990,0.315379,1052
1052,B3 foret,natrace/y,0.554696,0.125731,0.957491,0.369189,0.385579,1052
1052,B3 foret,natarms/y,0.400075,0.099366,0.917769,0.346797,0.377870,1052
1052,B3 foret,nataid/y,0.197018,0.522496,0.420669,0.121303,0.288357,1052
1052,B3 foret,natfare/y,0.190408,0.544576,0.300904,0.095855,0.318558,1052
1052,B3 foret,natroad,0.087554,0.478285,0.687114,0.218497,0.317993,1052
1052,B3 foret,natsoc,0.055904,0.650568,0.126255,0.034405,0.272502,1052
1052,B3 foret,natmass,0.294296,0.041844,0.746255,0.237337,0.318037,1052
1052,B3 foret,natpark,-0.042547,0.357724,0.200939,0.055264,0.275028,1052
1052,B3 foret,natchld,0.190799,0.468372,0.654291,0.211136,0.322694,1052
1052,B3 foret,natsci,0.137061,0.199620,0.519624,0.159598,0.307142,1052
1052,B3 foret,natenrgy,0.321905,0.390341,0.776227,0.274093,0.353109,1052
1052,B3 foret,courts,0.353184,0.445273,0.789389,0.304177,0.385332,1052
1052,B3 foret,discaffw,0.314295,0.096523,0.544928,0.168150,0.308573,1052
1052,B3 foret,discaffm,0.184496,0.204285,0.517415,0.155693,0.300905,1052
1052,B3 foret,fehire,0.283732,0.085245,0.634584,0.183983,0.289927,1052
1052,B3 foret,fechld,0.141182,0.149351,0.588503,0.152322,0.258830,1052
1052,B3 foret,fepresch,0.058998,0.048673,0.357179,0.095332,0.266904,1052
1052,B3 foret,fefam,0.339136,0.223121,0.692907,0.210577,0.303904,1052
1052,B3 foret,mobile16,0.305019,0.223388,1.012362,0.415708,0.410631,1052
1052,B3 foret,incom16,0.024057,0.213708,0.202624,0.043036,0.212392,1052
1052,B3 foret,conarmy,0.220178,0.316486,0.744655,0.248261,0.333390,1052
1052,B3 foret,conbus,0.295211,0.040743,0.595474,0.187554,0.314966,1052
1052,B3 foret,conclerg,0.227560,0.432243,0.679788,0.236204,0.347467,1052
1052,B3 foret,coneduc,0.115792,0.136730,0.281208,0.089931,0.319801,1052
1052,B3 foret,confed,0.268433,0.174308,0.745924,0.250171,0.335384,1052
1052,B3 foret,confinan,0.127736,0.024621,0.364355,0.119572,0.328174,1052
1052,B3 foret,conjudge,0.330571,0.095299,0.729409,0.261922,0.359087,1052
1052,B3 foret,conlabor,0.175029,0.048593,0.383580,0.127560,0.332552,1052
1052,B3 foret,conlegis,0.079395,0.331806,0.785275,0.239591,0.305105,1052
1052,B3 foret,conmedic,0.306422,0.175379,0.752503,0.248797,0.330626,1052
1052,B3 foret,conpress,0.332994,0.162503,0.781149,0.249031,0.318801,1052
1052,B3 foret,consci,0.381747,0.256994,0.736882,0.252116,0.342139,1052
1052,B3 foret,contv,0.205311,0.101791,0.785805,0.245829,0.312837,1052
1052,B3 foret,happy,0.034937,0.068542,0.115771,0.037731,0.325906,1052
1052,B3 foret,class,0.517509,0.122250,0.818409,0.214244,0.261780,1052
1052,B3 foret,satfin,0.311952,0.065496,0.801416,0.308229,0.384606,1052
1052,B3 foret,finalter,0.156389,0.058866,0.780337,0.302422,0.387553,1052
1052,B3 foret,finrela,0.445594,0.105851,0.732061,0.179145,0.244713,1052
1052,B3 foret,wlthwhts,0.055077,0.230202,0.241680,0.034097,0.141084,1052
1052,B3 foret,wlthblks,0.058801,0.049838,0.474052,0.067813,0.143050,1052
1052,B3 foret,wlthhsps,0.028332,0.112486,0.551863,0.083166,0.150701,1052
1052,B3 foret,letin1a,0.442844,0.199896,0.773571,0.243706,0.315041,1052
1052,B3 foret,getahead,0.250528,0.003102,0.783274,0.240014,0.306424,1052
1052,B3 foret,aged,0.044928,0.380372,0.166009,0.048539,0.292390,1052
1052,B3 foret,parsol,0.147969,0.035356,0.573315,0.173408,0.302467,1052
1052,B3 foret,spanking,0.420236,0.032632,0.911617,0.318663,0.349558,1052
1052,B3 foret,divlaw,0.224997,0.101579,0.648318,0.224476,0.346243,1052
1052,B3 foret,pillok,0.320163,0.288120,0.821768,0.282868,0.344219,1052
1052,B3 foret,xmarsex,0.207266,0.579778,0.519625,0.153350,0.295117,1052
1052,B3 foret,homosex,0.434841,0.262078,0.968878,0.404130,0.417111,1052
1052,B3 foret,marhomo,0.382371,0.386836,0.937011,0.336167,0.358765,1052
1052,B3 foret,discaff,0.330386,0.385497,0.704570,0.246704,0.350148,1052
1052,B3 foret,pornlaw,0.078200,0.283389,0.270124,0.071580,0.264989,1052
1052,B3 foret,fair,0.102398,0.268206,0.825089,0.321669,0.389860,1052
1052,B3 foret,helpful,0.087993,0.180223,0.871498,0.344748,0.395581,1052
1052,B3 foret,trust,0.077213,0.719652,0.447247,0.169252,0.378430,1052
1052,B3 foret,tax,0.185470,0.475805,0.700489,0.189625,0.270704,1052
1052,B3 foret,news,0.137903,0.680997,0.809979,0.299047,0.369203,1052
1052,B3 foret,attend,-0.002967,0.775866,0.150526,0.048802,0.324211,1052
1052,B3 foret,pray,0.317545,0.270906,1.190206,0.477764,0.401413,1052
1052,B3 foret,bible,0.358757,0.131915,0.834186,0.312577,0.374709,1052
1052,B3 foret,granborn,0.224803,0.607400,0.619245,0.255844,0.413156,1052
1052,B3 foret,income,0.259364,0.553783,0.611909,0.186006,0.303977,1052
1052,B3 foret,health,0.061826,0.259881,0.197041,0.048769,0.247506,1052
1052,B3 foret,life,0.051393,0.352238,0.307811,0.089713,0.291455,1052
1052,humains vague 2,natspac/y,0.665297,0.026565,1.022190,0.347481,0.339938,1052
1052,humains vague 2,natenvir/y,0.736668,0.013772,0.968522,0.334253,0.345116,1052
1052,humains vague 2,natheal/y,0.488339,0.038812,0.977613,0.287317,0.293896,1052
1052,humains vague 2,natcity/y,0.520819,0.033017,1.012490,0.364374,0.359880,1052
1052,humains vague 2,natdrug/y,0.582444,0.007304,1.008922,0.328251,0.325348,1052
1052,humains vague 2,nateduc/y,0.671555,0.007535,0.993748,0.313408,0.315379,1052
1052,humains vague 2,natrace/y,0.766946,0.012327,0.972964,0.375155,0.385579,1052
1052,humains vague 2,natarms/y,0.725084,0.027672,0.998456,0.377286,0.377870,1052
1052,humains vague 2,nataid/y,0.635054,0.024724,1.014011,0.292397,0.288357,1052
1052,humains vague 2,natfare/y,0.698070,0.019396,0.972429,0.309775,0.318558,1052
1052,humains vague 2,natroad,0.593730,0.005979,0.983959,0.312892,0.317993,1052
1052,humains vague 2,natsoc,0.584832,0.001744,1.006832,0.274364,0.272502,1052
1052,humains vague 2,natmass,0.600513,0.037361,1.007762,0.320506,0.318037,1052
1052,humains vague 2,natpark,0.510102,0.053572,1.008019,0.277234,0.275028,1052
1052,humains vague 2,natchld,0.621363,0.026512,0.975631,0.314830,0.322694,1052
1052,humains vague 2,natsci,0.575188,0.007737,1.023181,0.314262,0.307142,1052
1052,humains vague 2,natenrgy,0.610411,0.005384,0.998911,0.352724,0.353109,1052
1052,humains vague 2,courts,0.686968,0.020969,0.984056,0.379188,0.385332,1052
1052,humains vague 2,discaffw,0.631822,0.023617,0.983481,0.303476,0.308573,1052
1052,humains vague 2,discaffm,0.546924,0.077923,1.011099,0.304244,0.300905,1052
1052,humains vague 2,fehire,0.678821,0.033606,1.036891,0.300623,0.289927,1052
1052,humains vague 2,fechld,0.600419,0.017139,1.054352,0.272898,0.258830,1052
1052,humains vague 2,fepresch,0.669642,0.007123,1.027497,0.274243,0.266904,1052
1052,humains vague 2,fefam,0.717028,0.044833,1.017329,0.309170,0.303904,1052
1052,humains vague 2,mobile16,0.838410,0.016204,1.003114,0.411910,0.410631,1052
1052,humains vague 2,incom16,0.725574,0.034686,0.999381,0.212260,0.212392,1052
1052,humains vague 2,conarmy,0.645898,0.027087,1.016924,0.339032,0.333390,1052
1052,humains vague 2,conbus,0.606572,0.030180,0.973052,0.306478,0.314966,1052
1052,humains vague 2,conclerg,0.720133,0.015046,0.980999,0.340864,0.347467,1052
1052,humains vague 2,coneduc,0.586964,0.040127,1.035456,0.331140,0.319801,1052
1052,humains vague 2,confed,0.612759,0.012754,1.001873,0.336013,0.335384,1052
1052,humains vague 2,confinan,0.636466,0.049241,0.992980,0.325870,0.328174,1052
1052,humains vague 2,conjudge,0.697007,0.052944,1.005986,0.361237,0.359087,1052
1052,humains vague 2,conlabor,0.594972,0.017150,1.018813,0.338808,0.332552,1052
1052,humains vague 2,conlegis,0.560146,0.010904,0.978207,0.298456,0.305105,1052
1052,humains vague 2,conmedic,0.643884,0.012938,0.998815,0.330235,0.330626,1052
1052,humains vague 2,conpress,0.655562,0.011927,1.012030,0.322636,0.318801,1052
1052,humains vague 2,consci,0.696079,0.016670,0.967261,0.330938,0.342139,1052
1052,humains vague 2,contv,0.509787,0.006077,1.001496,0.313305,0.312837,1052
1052,humains vague 2,happy,0.641389,0.100626,0.974806,0.317696,0.325906,1052
1052,humains vague 2,class,0.768710,0.014525,0.971618,0.254350,0.261780,1052
1052,humains vague 2,satfin,0.698081,0.139642,0.964211,0.370841,0.384606,1052
1052,humains vague 2,finalter,0.650450,0.039244,1.029546,0.399004,0.387553,1052
1052,humains vague 2,finrela,0.730386,0.063122,0.999951,0.244701,0.244713,1052
1052,humains vague 2,wlthwhts,0.396223,0.031442,1.091799,0.154035,0.141084,1052
1052,humains vague 2,wlthblks,0.375862,0.028795,1.037064,0.148352,0.143050,1052
1052,humains vague 2,wlthhsps,0.410542,0.026282,1.041366,0.156935,0.150701,1052
1052,humains vague 2,letin1a,0.798985,0.009052,0.979382,0.308545,0.315041,1052
1052,humains vague 2,getahead,0.617458,0.049634,0.990000,0.303360,0.306424,1052
1052,humains vague 2,aged,0.479384,0.030885,0.956586,0.279696,0.292390,1052
1052,humains vague 2,parsol,0.645601,0.040070,1.029996,0.311539,0.302467,1052
1052,humains vague 2,spanking,0.851621,0.004532,1.005672,0.351541,0.349558,1052
1052,humains vague 2,divlaw,0.650811,0.030199,1.026187,0.355310,0.346243,1052
1052,humains vague 2,pillok,0.762435,0.016569,1.016660,0.349953,0.344219,1052
1052,humains vague 2,xmarsex,0.604733,0.018252,0.967097,0.285407,0.295117,1052
1052,humains vague 2,homosex,0.816499,0.006077,0.996602,0.415694,0.417111,1052
1052,humains vague 2,marhomo,0.864267,0.008611,1.005454,0.360722,0.358765,1052
1052,humains vague 2,discaff,0.599847,0.006787,1.001157,0.350553,0.350148,1052
1052,humains vague 2,pornlaw,0.640170,0.060983,1.002142,0.265557,0.264989,1052
1052,humains vague 2,fair,0.599898,0.029259,0.967690,0.377264,0.389860,1052
1052,humains vague 2,helpful,0.553698,0.006007,0.975067,0.385718,0.395581,1052
1052,humains vague 2,trust,0.584482,0.021351,0.963187,0.364499,0.378430,1052
1052,humains vague 2,tax,0.573444,0.005267,1.000652,0.270881,0.270704,1052
1052,humains vague 2,news,0.769255,0.010299,0.988292,0.364880,0.369203,1052
1052,humains vague 2,attend,0.891507,0.028220,1.002064,0.324881,0.324211,1052
1052,humains vague 2,pray,0.902154,0.018471,1.001256,0.401917,0.401413,1052
1052,humains vague 2,bible,0.866335,0.006342,0.980734,0.367490,0.374709,1052
1052,humains vague 2,granborn,0.512386,0.048316,0.977307,0.403780,0.413156,1052
1052,humains vague 2,income,0.611838,0.017341,1.001204,0.304343,0.303977,1052
1052,humains vague 2,health,0.794804,0.066570,0.971185,0.240374,0.247506,1052
1052,humains vague 2,life,0.660865,0.068491,0.992079,0.289146,0.291455,1052
