jeu,item,k,baseline,1-MAE,1-TV,spearman,KS
GSS,abany,2,B0 uniforme,0.9365853658536586,0.9365853658536586,,
GSS,abany,2,B1 autre cohorte,0.9871434477056634,0.9871434477056634,0.9999999999999999,
GSS,abany,2,B2 sous-echantillon (sexe),0.9865137614795326,0.9865137614795326,0.9999999999999999,
GSS,abdefect,2,B0 uniforme,0.7481632653061224,0.7481632653061224,,
GSS,abdefect,2,B1 autre cohorte,0.996003013931417,0.996003013931417,0.9999999999999999,
GSS,abdefect,2,B2 sous-echantillon (sexe),0.9953027410042128,0.9953027410042128,0.9999999999999999,
GSS,abhlth,2,B0 uniforme,0.6290849673202614,0.6290849673202614,,
GSS,abhlth,2,B1 autre cohorte,0.9790862389054195,0.9790862389054195,0.9999999999999999,
GSS,abhlth,2,B2 sous-echantillon (sexe),0.9797372541660188,0.9797372541660188,0.9999999999999999,
GSS,abnomore,2,B0 uniforme,0.9799672935404743,0.9799672935404743,,
GSS,abnomore,2,B1 autre cohorte,0.9671369535637728,0.9671369535637728,0.9999999999999999,
GSS,abnomore,2,B2 sous-echantillon (sexe),0.96602457452182,0.96602457452182,0.9999999999999999,
GSS,abpoor,2,B0 uniforme,0.954914703493095,0.954914703493095,,
GSS,abpoor,2,B1 autre cohorte,0.9737668693673521,0.9737668693673521,0.9999999999999999,
GSS,abpoor,2,B2 sous-echantillon (sexe),0.972836600642823,0.972836600642823,0.9999999999999999,
GSS,abrape,2,B0 uniforme,0.7008097165991903,0.7008097165991903,,
GSS,abrape,2,B1 autre cohorte,0.9679972165991904,0.9679972165991904,0.9999999999999999,
GSS,abrape,2,B2 sous-echantillon (sexe),0.96684367093023,0.96684367093023,0.9999999999999999,
GSS,absingle,2,B0 uniforme,0.9267100977198697,0.9267100977198697,,
GSS,absingle,2,B1 autre cohorte,0.9852806786060335,0.9852806786060335,0.9999999999999999,
GSS,absingle,2,B2 sous-echantillon (sexe),0.9843374075921832,0.9843374075921832,0.9999999999999999,
GSS,acqntsex,2,B0 uniforme,0.8948220064724919,0.8948220064724919,,
GSS,acqntsex,2,B1 autre cohorte,0.9865882499377645,0.9865882499377645,0.9999999999999999,
GSS,acqntsex,2,B2 sous-echantillon (sexe),0.9830044331189548,0.9830044331189548,0.9999999999999999,
GSS,adults,7,B0 uniforme,0.8362940858384571,0.42702930043459975,,
GSS,adults,7,B1 autre cohorte,0.9890624792773711,0.9617186774707988,1.0,
GSS,adults,7,B2 sous-echantillon (sexe),0.9895098811589247,0.9632845840562365,1.0,
GSS,advfront,4,B0 uniforme,0.8151840490797546,0.6303680981595092,,
GSS,advfront,4,B1 autre cohorte,0.9915237173115811,0.9830474346231621,1.0,
GSS,advfront,4,B2 sous-echantillon (sexe),0.9903845877797663,0.9807691755595326,1.0,
GSS,affrmact,4,B0 uniforme,0.8514814814814815,0.702962962962963,,
GSS,affrmact,4,B1 autre cohorte,0.9855821159805224,0.9711642319610447,1.0,
GSS,affrmact,4,B2 sous-echantillon (sexe),0.9863845817720508,0.9727691635441017,1.0,
GSS,aged,3,B0 uniforme,0.872014347436211,0.8080215211543165,,
GSS,aged,3,B1 autre cohorte,0.9673796767314702,0.9510695150972053,1.0,
GSS,aged,3,B2 sous-echantillon (sexe),0.9671312545085269,0.9506968817627902,1.0,
GSS,astrolgy,2,B0 uniforme,0.967343976777939,0.967343976777939,,
GSS,astrolgy,2,B1 autre cohorte,0.9927092855389718,0.9927092855389718,0.9999999999999999,
GSS,astrolgy,2,B2 sous-echantillon (sexe),0.9879143608245382,0.9879143608245382,0.9999999999999999,
GSS,astrosci,3,B0 uniforme,0.787833081950729,0.6817496229260935,,
GSS,astrosci,3,B1 autre cohorte,0.9925536396124631,0.9888304594186947,1.0,
GSS,astrosci,3,B2 sous-echantillon (sexe),0.9910426055571241,0.9865639083356862,1.0,
GSS,babies,6,B0 uniforme,0.7675725824055882,0.3027177472167648,,
GSS,babies,6,B1 autre cohorte,0.9935699370541224,0.9807098111623672,1.0,
GSS,babies,6,B2 sous-echantillon (sexe),0.9933978599682844,0.9801935799048535,1.0,
GSS,balpos,2,B0 uniforme,0.8228699551569507,0.8228699551569507,,
GSS,balpos,2,B1 autre cohorte,0.9408699551569507,0.9408699551569507,0.9999999999999999,
GSS,balpos,2,B2 sous-echantillon (sexe),0.9372918420719383,0.9372918420719383,0.9999999999999999,
GSS,betrlang,2,B0 uniforme,0.5619136960600375,0.5619136960600375,,
GSS,betrlang,2,B1 autre cohorte,0.996587218016745,0.996587218016745,0.9999999999999999,
GSS,betrlang,2,B2 sous-echantillon (sexe),0.994412581308324,0.994412581308324,0.9999999999999999,
GSS,bible,4,B0 uniforme,0.863160518444666,0.726321036889332,,
GSS,bible,4,B1 autre cohorte,0.986332145987804,0.9726642919756081,1.0,
GSS,bible,4,B2 sous-echantillon (sexe),0.9858679168861784,0.9717358337723567,1.0,
GSS,bigbang,2,B0 uniforme,0.9780635400907716,0.9780635400907716,,
GSS,bigbang,2,B1 autre cohorte,0.9210782459731245,0.9210782459731245,-0.9999999999999999,
GSS,bigbang,2,B2 sous-echantillon (sexe),0.9121897481482648,0.9121897481482648,-0.9999999999999999,
GSS,blkwhite,4,B0 uniforme,0.8260160561966884,0.6520321123933768,,
GSS,blkwhite,4,B1 autre cohorte,0.9839638684453151,0.9679277368906302,1.0,
GSS,blkwhite,4,B2 sous-echantillon (sexe),0.9832492336547677,0.9664984673095353,1.0,
GSS,born,2,B0 uniforme,0.6213901125795399,0.6213901125795399,,
GSS,born,2,B1 autre cohorte,0.9903965386793916,0.9903965386793916,0.9999999999999999,
GSS,born,2,B2 sous-echantillon (sexe),0.9901680105411741,0.9901680105411741,0.9999999999999999,
GSS,boyorgrl,2,B0 uniforme,0.7855361596009975,0.7855361596009975,,
GSS,boyorgrl,2,B1 autre cohorte,0.9939078247343922,0.9939078247343922,0.9999999999999999,
GSS,boyorgrl,2,B2 sous-echantillon (sexe),0.997551102662567,0.997551102662567,0.9999999999999999,
GSS,cappun,2,B0 uniforme,0.8248308172826653,0.8248308172826653,,
GSS,cappun,2,B1 autre cohorte,0.9888686721722552,0.9888686721722552,0.9999999999999999,
GSS,cappun,2,B2 sous-echantillon (sexe),0.9861720210606539,0.9861720210606539,0.9999999999999999,
GSS,class,4,B0 uniforme,0.8074174470182356,0.6148348940364712,,
GSS,class,4,B1 autre cohorte,0.992836678328659,0.9856733566573179,1.0,
GSS,class,4,B2 sous-echantillon (sexe),0.9924852006279781,0.9849704012559563,1.0,
GSS,colath,2,B0 uniforme,0.8814516129032258,0.8814516129032258,,
GSS,colath,2,B1 autre cohorte,0.9940273142998393,0.9940273142998393,0.9999999999999999,
GSS,colath,2,B2 sous-echantillon (sexe),0.9947332619728292,0.9947332619728292,0.9999999999999999,
GSS,colcom,2,B0 uniforme,0.8602638087386645,0.8602638087386645,,
GSS,colcom,2,B1 autre cohorte,0.970552195332585,0.970552195332585,0.9999999999999999,
GSS,colcom,2,B2 sous-echantillon (sexe),0.9692789481308662,0.9692789481308662,0.9999999999999999,
GSS,colhomo,2,B0 uniforme,0.652191235059761,0.652191235059761,,
GSS,colhomo,2,B1 autre cohorte,0.954314055378184,0.954314055378184,0.9999999999999999,
GSS,colhomo,2,B2 sous-echantillon (sexe),0.9546747084576579,0.9546747084576579,0.9999999999999999,
GSS,colmil,2,B0 uniforme,0.9168674698795181,0.9168674698795181,,
GSS,colmil,2,B1 autre cohorte,0.9418867154530361,0.9418867154530361,0.9999999999999999,
GSS,colmil,2,B2 sous-echantillon (sexe),0.9408180513953229,0.9408180513953229,0.9999999999999999,
GSS,colmslm,2,B0 uniforme,0.8277511961722488,0.8277511961722488,,
GSS,colmslm,2,B1 autre cohorte,0.9788347235855105,0.9788347235855105,0.9999999999999999,
GSS,colmslm,2,B2 sous-echantillon (sexe),0.9771715590446244,0.9771715590446244,0.9999999999999999,
GSS,colrac,2,B0 uniforme,0.9767255216693419,0.9767255216693419,,
GSS,colrac,2,B1 autre cohorte,0.9891748614724205,0.9891748614724205,0.9999999999999999,
GSS,colrac,2,B2 sous-echantillon (sexe),0.9871206844127564,0.9871206844127564,0.9999999999999999,
GSS,colsci,2,B0 uniforme,0.9684431977559608,0.9684431977559608,,
GSS,colsci,2,B1 autre cohorte,0.91098231994611,0.91098231994611,0.9999999999999999,
GSS,colsci,2,B2 sous-echantillon (sexe),0.9102539056387187,0.9102539056387187,0.9999999999999999,
GSS,comprend,3,B0 uniforme,0.6861972755621204,0.5292959133431807,,
GSS,comprend,3,B1 autre cohorte,0.9824577140136466,0.9736865710204698,1.0,
GSS,comprend,3,B2 sous-echantillon (sexe),0.9828933009483688,0.9743399514225533,1.0,
GSS,conarmy,3,B0 uniforme,0.8411996066863323,0.7617994100294985,,
GSS,conarmy,3,B1 autre cohorte,0.9833133900511513,0.9749700850767269,1.0,
GSS,conarmy,3,B2 sous-echantillon (sexe),0.9820999279081702,0.9731498918622553,1.0,
GSS,conbus,3,B0 uniforme,0.800016596133101,0.7000248941996515,,
GSS,conbus,3,B1 autre cohorte,0.9642012818365159,0.9463019227547739,1.0,
GSS,conbus,3,B2 sous-echantillon (sexe),0.9642393219212869,0.9463589828819303,1.0,
GSS,conclerg,3,B0 uniforme,0.858310167635414,0.7874652514531211,,
GSS,conclerg,3,B1 autre cohorte,0.9951234755659265,0.9926852133488898,1.0,
GSS,conclerg,3,B2 sous-echantillon (sexe),0.995969503924537,0.9939542558868055,1.0,
GSS,condom,2,B0 uniforme,0.7380410022779044,0.7380410022779044,,
GSS,condom,2,B1 autre cohorte,0.9941527601358787,0.9941527601358787,0.9999999999999999,
GSS,condom,2,B2 sous-echantillon (sexe),0.994780606176649,0.994780606176649,0.9999999999999999,
GSS,condrift,2,B0 uniforme,0.6036144578313253,0.6036144578313253,,
GSS,condrift,2,B1 autre cohorte,0.9846582030347021,0.9846582030347021,0.9999999999999999,
GSS,condrift,2,B2 sous-echantillon (sexe),0.982579241792559,0.982579241792559,0.9999999999999999,
GSS,coneduc,3,B0 uniforme,0.834352327382408,0.7515284910736122,,
GSS,coneduc,3,B1 autre cohorte,0.9858622370656442,0.9787933555984663,1.0,
GSS,coneduc,3,B2 sous-echantillon (sexe),0.9857337007741233,0.9786005511611849,1.0,
GSS,confed,3,B0 uniforme,0.89020967475648,0.8353145121347202,,
GSS,confed,3,B1 autre cohorte,0.9541346695878642,0.9312020043817963,1.0,
GSS,confed,3,B2 sous-echantillon (sexe),0.954044883992438,0.931067325988657,1.0,
GSS,confinan,3,B0 uniforme,0.848159009449332,0.772238514173998,,
GSS,confinan,3,B1 autre cohorte,0.8631056080518447,0.7946584120777669,1.0,
GSS,confinan,3,B2 sous-echantillon (sexe),0.862100023089276,0.7931500346339141,1.0,
GSS,conjudge,3,B0 uniforme,0.8696629213483146,0.8044943820224719,,
GSS,conjudge,3,B1 autre cohorte,0.9882844557510659,0.9824266836265989,1.0,
GSS,conjudge,3,B2 sous-echantillon (sexe),0.9879830195981156,0.9819745293971734,1.0,
GSS,conlabor,3,B0 uniforme,0.8217094017094018,0.7325641025641026,,
GSS,conlabor,3,B1 autre cohorte,0.990515966650936,0.985773949976404,1.0,
GSS,conlabor,3,B2 sous-echantillon (sexe),0.9899052975580229,0.9848579463370343,1.0,
GSS,conlegis,3,B0 uniforme,0.8396436525612472,0.7594654788418708,,
GSS,conlegis,3,B1 autre cohorte,0.9715605625300313,0.957340843795047,1.0,
GSS,conlegis,3,B2 sous-echantillon (sexe),0.9698194650180851,0.9547291975271277,1.0,
GSS,conmedic,3,B0 uniforme,0.855058286459607,0.7825874296894106,,
GSS,conmedic,3,B1 autre cohorte,0.9762754791251533,0.96441321868773,1.0,
GSS,conmedic,3,B2 sous-echantillon (sexe),0.9759408015282908,0.9639112022924361,1.0,
GSS,conpress,3,B0 uniforme,0.8466584665846658,0.7699876998769988,,
GSS,conpress,3,B1 autre cohorte,0.988096619838602,0.9821449297579029,1.0,
GSS,conpress,3,B2 sous-echantillon (sexe),0.9887748753005858,0.9831623129508787,1.0,
GSS,consci,3,B0 uniforme,0.8181044750723158,0.7271567126084737,,
GSS,consci,3,B1 autre cohorte,0.9894364055764228,0.9841546083646341,1.0,
GSS,consci,3,B2 sous-echantillon (sexe),0.9887463215583246,0.983119482337487,1.0,
GSS,consent,2,B0 uniforme,0.6746575342465754,0.6746575342465754,,
GSS,consent,2,B1 autre cohorte,0.9856591406668338,0.9856591406668338,0.9999999999999999,
GSS,consent,2,B2 sous-echantillon (sexe),0.9860019403407985,0.9860019403407985,0.9999999999999999,
GSS,contv,3,B0 uniforme,0.8584821064644983,0.7877231596967473,,
GSS,contv,3,B1 autre cohorte,0.9825524046960322,0.9738286070440483,1.0,
GSS,contv,3,B2 sous-echantillon (sexe),0.9826006990386129,0.9739010485579193,1.0,
GSS,coop,4,B0 uniforme,0.7312992125984252,0.46259842519685046,,
GSS,coop,4,B1 autre cohorte,0.9944433616590005,0.9888867233180011,1.0,
GSS,coop,4,B2 sous-echantillon (sexe),0.9943465305108842,0.9886930610217683,1.0,
GSS,courts,3,B0 uniforme,0.7715029894038951,0.6572544841058426,,
GSS,courts,3,B1 autre cohorte,0.9827168243060205,0.9740752364590308,1.0,
GSS,courts,3,B2 sous-echantillon (sexe),0.9834796754370728,0.9752195131556093,1.0,
GSS,degree,5,B0 uniforme,0.8841095890410958,0.7102739726027396,,
GSS,degree,5,B1 autre cohorte,0.9916251952591939,0.9790629881479846,0.9999999999999999,
GSS,degree,5,B2 sous-echantillon (sexe),0.9914933289676046,0.9787333224190115,0.9999999999999999,
GSS,discaff,3,B0 uniforme,0.8788861854555285,0.8183292781832927,,
GSS,discaff,3,B1 autre cohorte,0.98820251719684,0.98230377579526,1.0,
GSS,discaff,3,B2 sous-echantillon (sexe),0.987883907249683,0.9818258608745246,1.0,
GSS,discaffm,4,B0 uniforme,0.878005657708628,0.7560113154172561,,
GSS,discaffm,4,B1 autre cohorte,0.9767326732673267,0.9534653465346535,1.0,
GSS,discaffm,4,B2 sous-echantillon (sexe),0.9775526237384963,0.9551052474769924,1.0,
GSS,discaffw,4,B0 uniforme,0.892433234421365,0.78486646884273,,
GSS,discaffw,4,B1 autre cohorte,0.9848938462625406,0.9697876925250812,1.0,
GSS,discaffw,4,B2 sous-echantillon (sexe),0.987782930668344,0.975565861336688,1.0,
GSS,divlaw,3,B0 uniforme,0.9332670972015235,0.8999006458022851,,
GSS,divlaw,3,B1 autre cohorte,0.9672287364832988,0.9508431047249482,1.0,
GSS,divlaw,3,B2 sous-echantillon (sexe),0.9676701525599353,0.951505228839903,1.0,
GSS,divorce,2,B0 uniforme,0.7408963585434174,0.7408963585434174,,
GSS,divorce,2,B1 autre cohorte,0.9970583303744033,0.9970583303744033,0.9999999999999999,
GSS,divorce,2,B2 sous-echantillon (sexe),0.9970918600469976,0.9970918600469976,0.9999999999999999,
GSS,dwelown,3,B0 uniforme,0.7899500624219725,0.6849250936329588,,
GSS,dwelown,3,B1 autre cohorte,0.9625545780660384,0.9438318670990575,1.0,
GSS,dwelown,3,B2 sous-echantillon (sexe),0.9618340605932125,0.9427510908898188,1.0,
GSS,earthsun,2,B0 uniforme,0.6947004608294931,0.6947004608294931,,
GSS,earthsun,2,B1 autre cohorte,0.9699894781705336,0.9699894781705336,0.9999999999999999,
GSS,earthsun,2,B2 sous-echantillon (sexe),0.9642452203024681,0.9642452203024681,0.9999999999999999,
GSS,electron,2,B0 uniforme,0.7773613193403298,0.7773613193403298,,
GSS,electron,2,B1 autre cohorte,0.9728568148358253,0.9728568148358253,0.9999999999999999,
GSS,electron,2,B2 sous-echantillon (sexe),0.9689536433358278,0.9689536433358278,0.9999999999999999,
GSS,eqwlth,7,B0 uniforme,0.9614662642098782,0.8651319247345737,,
GSS,eqwlth,7,B1 autre cohorte,0.9779335164388601,0.9227673075360103,0.8571428571428573,
GSS,eqwlth,7,B2 sous-echantillon (sexe),0.9775225755368497,0.9213290143789741,0.8571428571428573,
GSS,ethnum,4,B0 uniforme,0.8518654884634266,0.7037309769268532,,
GSS,ethnum,4,B1 autre cohorte,0.9718019371162038,0.9436038742324077,1.0,
GSS,ethnum,4,B2 sous-echantillon (sexe),0.9723217604665084,0.9446435209330167,1.0,
GSS,evcrack,2,B0 uniforme,0.563013698630137,0.563013698630137,,
GSS,evcrack,2,B1 autre cohorte,0.9996652823405442,0.9996652823405442,0.9999999999999999,
GSS,evcrack,2,B2 sous-echantillon (sexe),0.9994721190479035,0.9994721190479035,0.9999999999999999,
GSS,evidu,2,B0 uniforme,0.5363036303630363,0.5363036303630363,,
GSS,evidu,2,B1 autre cohorte,0.9987642429401311,0.9987642429401311,0.9999999999999999,
GSS,evidu,2,B2 sous-echantillon (sexe),0.9981227810268809,0.9981227810268809,0.9999999999999999,
GSS,evolved,2,B0 uniforme,0.9449938195302843,0.9449938195302843,,
GSS,evolved,2,B1 autre cohorte,0.9503129684664545,0.9503129684664545,0.9999999999999999,
GSS,evolved,2,B2 sous-echantillon (sexe),0.944570176051794,0.944570176051794,-0.9999999999999999,
GSS,evpaidsx,2,B0 uniforme,0.5715077605321508,0.5715077605321508,,
GSS,evpaidsx,2,B1 autre cohorte,0.9805986696230599,0.9805986696230599,0.9999999999999999,
GSS,evpaidsx,2,B2 sous-echantillon (sexe),0.9830156766580262,0.9830156766580262,0.9999999999999999,
GSS,evstray,3,B0 uniforme,0.8321042281219272,0.7481563421828908,,
GSS,evstray,3,B1 autre cohorte,0.991869374264011,0.9878040613960165,1.0,
GSS,evstray,3,B2 sous-echantillon (sexe),0.990362560151076,0.985543840226614,1.0,
GSS,evwork,2,B0 uniforme,0.6376404494382022,0.6376404494382022,,
GSS,evwork,2,B1 autre cohorte,0.9535360211500331,0.9535360211500331,0.9999999999999999,
GSS,evwork,2,B2 sous-echantillon (sexe),0.9490452573516195,0.9490452573516195,0.9999999999999999,
GSS,expdesgn,2,B0 uniforme,0.6477611940298508,0.6477611940298508,,
GSS,expdesgn,2,B1 autre cohorte,0.9476177220068952,0.9476177220068952,0.9999999999999999,
GSS,expdesgn,2,B2 sous-echantillon (sexe),0.9482234746609749,0.9482234746609749,0.9999999999999999,
GSS,fair,3,B0 uniforme,0.8368742368742369,0.7553113553113553,,
GSS,fair,3,B1 autre cohorte,0.9846439555048827,0.9769659332573241,1.0,
GSS,fair,3,B2 sous-echantillon (sexe),0.9847131705771373,0.9770697558657059,1.0,
GSS,famdif16,5,B0 uniforme,0.8420058997050148,0.6050147492625368,,
GSS,famdif16,5,B1 autre cohorte,0.9878433096978692,0.9696082742446729,0.9999999999999999,
GSS,famdif16,5,B2 sous-echantillon (sexe),0.9877569607247383,0.9693924018118458,0.9999999999999999,
GSS,famgen,7,B0 uniforme,0.800670953312832,0.302348336594912,,
GSS,famgen,7,B1 autre cohorte,0.988118535085267,0.9584148727984344,0.7207499701564473,
GSS,famgen,7,B2 sous-echantillon (sexe),0.9875423255696676,0.9563981394938367,0.7207499701564473,
GSS,fear,2,B0 uniforme,0.8307210031347962,0.8307210031347962,,
GSS,fear,2,B1 autre cohorte,0.9949167036536991,0.9949167036536991,0.9999999999999999,
GSS,fear,2,B2 sous-echantillon (sexe),0.9897146296092822,0.9897146296092822,0.9999999999999999,
GSS,fechld,4,B0 uniforme,0.8732443820224719,0.7464887640449438,,
GSS,fechld,4,B1 autre cohorte,0.9846080183861082,0.9692160367722166,1.0,
GSS,fechld,4,B2 sous-echantillon (sexe),0.9874604633352703,0.9749209266705405,1.0,
GSS,feeused,3,B0 uniforme,0.7830374753451677,0.6745562130177515,,
GSS,feeused,3,B1 autre cohorte,0.9555607631769094,0.9333411447653641,1.0,
GSS,feeused,3,B2 sous-echantillon (sexe),0.9562038373215211,0.9343057559822818,1.0,
GSS,fefam,4,B0 uniforme,0.8924541607898449,0.7849083215796897,,
GSS,fefam,4,B1 autre cohorte,0.9817964096392817,0.9635928192785636,1.0,
GSS,fefam,4,B2 sous-echantillon (sexe),0.9827587802035544,0.965517560407109,1.0,
GSS,fehire,5,B0 uniforme,0.883448275862069,0.7086206896551724,,
GSS,fehire,5,B1 autre cohorte,0.9820149747873478,0.9550374369683696,0.8999999999999998,
GSS,fehire,5,B2 sous-echantillon (sexe),0.984301738654106,0.9607543466352648,0.8999999999999998,
GSS,fejobaff,4,B0 uniforme,0.9123376623376623,0.8246753246753247,,
GSS,fejobaff,4,B1 autre cohorte,0.9827502188157926,0.9655004376315852,1.0,
GSS,fejobaff,4,B2 sous-echantillon (sexe),0.9821883809968984,0.964376761993797,1.0,
GSS,fepol,2,B0 uniforme,0.7124352331606217,0.7124352331606217,,
GSS,fepol,2,B1 autre cohorte,0.9472108741862628,0.9472108741862628,0.9999999999999999,
GSS,fepol,2,B2 sous-echantillon (sexe),0.9478083635771719,0.9478083635771719,0.9999999999999999,
GSS,fepres,2,B0 uniforme,0.5396881644223954,0.5396881644223954,,
GSS,fepres,2,B1 autre cohorte,0.977619198905154,0.977619198905154,0.9999999999999999,
GSS,fepres,2,B2 sous-echantillon (sexe),0.9775855701987198,0.9775855701987198,0.9999999999999999,
GSS,fepresch,4,B0 uniforme,0.8519108280254777,0.7038216560509554,,
GSS,fepresch,4,B1 autre cohorte,0.9908946739645623,0.9817893479291248,1.0,
GSS,fepresch,4,B2 sous-echantillon (sexe),0.9912998158219124,0.9825996316438249,1.0,
GSS,finalter,3,B0 uniforme,0.9437066185713505,0.9155599278570258,,
GSS,finalter,3,B1 autre cohorte,0.9531041344883442,0.9296562017325163,0.5,
GSS,finalter,3,B2 sous-echantillon (sexe),0.9535021124090597,0.9302531686135895,0.5,
GSS,finrela,5,B0 uniforme,0.8713422486379396,0.678355621594849,,
GSS,finrela,5,B1 autre cohorte,0.9859207528479446,0.9648018821198613,0.9999999999999999,
GSS,finrela,5,B2 sous-echantillon (sexe),0.9863125929506582,0.9657814823766455,0.9999999999999999,
GSS,frndsex,2,B0 uniforme,0.8224755700325733,0.8224755700325733,,
GSS,frndsex,2,B1 autre cohorte,0.9602960828530861,0.9602960828530861,0.9999999999999999,
GSS,frndsex,2,B2 sous-echantillon (sexe),0.9639006876898812,0.9639006876898812,0.9999999999999999,
GSS,fund,3,B0 uniforme,0.9490263459335624,0.9235395189003437,,
GSS,fund,3,B1 autre cohorte,0.9880187544911884,0.9820281317367826,1.0,
GSS,fund,3,B2 sous-echantillon (sexe),0.9880017432813072,0.9820026149219607,1.0,
GSS,fund16,3,B0 uniforme,0.9150526673462454,0.872579001019368,,
GSS,fund16,3,B1 autre cohorte,0.9778595646855167,0.9667893470282751,1.0,
GSS,fund16,3,B2 sous-echantillon (sexe),0.9778668257041279,0.9668002385561918,1.0,
GSS,gender1,2,B0 uniforme,0.9536537518391368,0.9536537518391368,,
GSS,gender1,2,B1 autre cohorte,0.974140511266699,0.974140511266699,0.9999999999999999,
GSS,gender1,2,B2 sous-echantillon (sexe),0.9852211761201234,0.9852211761201234,0.9999999999999999,
GSS,gender2,2,B0 uniforme,0.8526970954356846,0.8526970954356846,,
GSS,gender2,2,B1 autre cohorte,0.999519837910601,0.999519837910601,0.9999999999999999,
GSS,gender2,2,B2 sous-echantillon (sexe),0.9988251203135323,0.9988251203135323,0.9999999999999999,
GSS,gender3,2,B0 uniforme,0.9916201117318436,0.9916201117318436,,
GSS,gender3,2,B1 autre cohorte,0.9979332430449749,0.9979332430449749,0.9999999999999999,
GSS,gender3,2,B2 sous-echantillon (sexe),0.9989512906575295,0.9989512906575295,0.9999999999999999,
GSS,gender4,2,B0 uniforme,0.9471744471744472,0.9471744471744472,,
GSS,gender4,2,B1 autre cohorte,0.961213324064296,0.961213324064296,0.9999999999999999,
GSS,gender4,2,B2 sous-echantillon (sexe),0.9631593510150462,0.9631593510150462,0.9999999999999999,
GSS,getahead,3,B0 uniforme,0.7578145521407933,0.6367218282111899,,
GSS,getahead,3,B1 autre cohorte,0.9757314257953719,0.9635971386930577,1.0,
GSS,getahead,3,B2 sous-echantillon (sexe),0.9765191944239189,0.9647787916358783,1.0,
GSS,god,6,B0 uniforme,0.8598341297303235,0.5795023891909705,,
GSS,god,6,B1 autre cohorte,0.9884441968073719,0.9653325904221157,1.0,
GSS,god,6,B2 sous-echantillon (sexe),0.9869698715095696,0.9609096145287087,1.0,
GSS,goodlife,5,B0 uniforme,0.8936257309941521,0.7340643274853802,,
GSS,goodlife,5,B1 autre cohorte,0.9836037202477288,0.959009300619322,0.8999999999999998,
GSS,goodlife,5,B2 sous-echantillon (sexe),0.9836096874116268,0.9590242185290669,0.8999999999999998,
GSS,goveqinc,5,B0 uniforme,0.9383941605839416,0.845985401459854,,
GSS,goveqinc,5,B1 autre cohorte,0.9608298117556665,0.9020745293891663,0.8999999999999998,
GSS,goveqinc,5,B2 sous-echantillon (sexe),0.9601793249376643,0.9004483123441608,0.8999999999999998,
GSS,granborn,5,B0 uniforme,0.8326321297749869,0.5815803244374673,,
GSS,granborn,5,B1 autre cohorte,0.9970251177394035,0.9925627943485087,0.9999999999999999,
GSS,granborn,5,B2 sous-echantillon (sexe),0.997182333190161,0.9929558329754025,0.9999999999999999,
GSS,grass,2,B0 uniforme,0.9789515488482923,0.9789515488482923,,
GSS,grass,2,B1 autre cohorte,0.9188030622182675,0.9188030622182675,0.9999999999999999,
GSS,grass,2,B2 sous-echantillon (sexe),0.9180884322813094,0.9180884322813094,0.9999999999999999,
GSS,gunlaw,2,B0 uniforme,0.7549173878835562,0.7549173878835562,,
GSS,gunlaw,2,B1 autre cohorte,0.957385687885386,0.957385687885386,0.9999999999999999,
GSS,gunlaw,2,B2 sous-echantillon (sexe),0.9546929504082889,0.9546929504082889,0.9999999999999999,
GSS,hapmar,3,B0 uniforme,0.798846250313519,0.6982693754702785,,
GSS,hapmar,3,B1 autre cohorte,0.9992856039092997,0.9989284058639495,1.0,
GSS,hapmar,3,B2 sous-echantillon (sexe),0.999424153582997,0.9991362303744954,1.0,
GSS,happy,3,B0 uniforme,0.8351043539861588,0.7526565309792381,,
GSS,happy,3,B1 autre cohorte,0.9768192698946231,0.9652289048419347,1.0,
GSS,happy,3,B2 sous-echantillon (sexe),0.9765316583553951,0.9647974875330927,1.0,
GSS,harmgood,5,B0 uniforme,0.8857731958762887,0.7144329896907217,,
GSS,harmgood,5,B1 autre cohorte,0.9896535152313775,0.9741337880784435,0.9999999999999999,
GSS,harmgood,5,B2 sous-echantillon (sexe),0.9901269907370125,0.9753174768425311,0.9999999999999999,
GSS,health,4,B0 uniforme,0.8924100156494523,0.7848200312989045,,
GSS,health,4,B1 autre cohorte,0.9887653497264531,0.9775306994529063,1.0,
GSS,health,4,B2 sous-echantillon (sexe),0.9889283955346133,0.9778567910692265,1.0,
GSS,helpblk,5,B0 uniforme,0.9123146747352496,0.7807866868381241,,
GSS,helpblk,5,B1 autre cohorte,0.9872776397544264,0.9681940993860659,0.8999999999999998,
GSS,helpblk,5,B2 sous-echantillon (sexe),0.9869989468310709,0.9674973670776774,0.8999999999999998,
GSS,helpful,3,B0 uniforme,0.843471208434712,0.7652068126520681,,
GSS,helpful,3,B1 autre cohorte,0.9809222892824437,0.9713834339236656,0.5,
GSS,helpful,3,B2 sous-echantillon (sexe),0.9813392423118565,0.9720088634677848,0.5,
GSS,helpnot,5,B0 uniforme,0.9284018264840183,0.8210045662100456,,
GSS,helpnot,5,B1 autre cohorte,0.9770753913395612,0.9426884783489031,0.8999999999999998,
GSS,helpnot,5,B2 sous-echantillon (sexe),0.9760174649741717,0.9400436624354294,0.7999999999999999,
GSS,helpoth,5,B0 uniforme,0.898472942920682,0.746182357301705,,
GSS,helpoth,5,B1 autre cohorte,0.987072036802215,0.9676800920055374,0.9999999999999999,
GSS,helpoth,5,B2 sous-echantillon (sexe),0.9870947862029233,0.9677369655073084,0.9999999999999999,
GSS,helppoor,5,B0 uniforme,0.9017910447761194,0.7544776119402985,,
GSS,helppoor,5,B1 autre cohorte,0.9820046802745462,0.9550117006863656,0.8999999999999998,
GSS,helppoor,5,B2 sous-echantillon (sexe),0.9817562402985337,0.9543906007463343,0.8999999999999998,
GSS,helpsick,5,B0 uniforme,0.9114328808446456,0.7785822021116139,,
GSS,helpsick,5,B1 autre cohorte,0.9715583719472879,0.9288959298682196,0.8999999999999998,
GSS,helpsick,5,B2 sous-echantillon (sexe),0.9713807146563075,0.9284517866407687,0.8999999999999998,
GSS,hhrace,5,B0 uniforme,0.7758271968581247,0.4395679921453117,,
GSS,hhrace,5,B1 autre cohorte,0.9876256468448458,0.9690641171121144,0.9999999999999999,
GSS,hhrace,5,B2 sous-echantillon (sexe),0.9876943412359083,0.9692358530897707,0.9999999999999999,
GSS,hivtest,2,B0 uniforme,0.9004412575841148,0.9004412575841148,,
GSS,hivtest,2,B1 autre cohorte,0.9932453695201513,0.9932453695201513,0.9999999999999999,
GSS,hivtest,2,B2 sous-echantillon (sexe),0.9927261740949047,0.9927261740949047,0.9999999999999999,
GSS,hivtest2,7,B0 uniforme,0.8840884543232335,0.5943095901313171,,
GSS,hivtest2,7,B1 autre cohorte,0.9888601869150474,0.961010654202666,0.9285714285714288,
GSS,hivtest2,7,B2 sous-echantillon (sexe),0.9889539952241748,0.961338983284612,0.9285714285714288,
GSS,homosex,4,B0 uniforme,0.8109157808667211,0.6218315617334423,,
GSS,homosex,4,B1 autre cohorte,0.9692178478299109,0.9384356956598219,1.0,
GSS,homosex,4,B2 sous-echantillon (sexe),0.9699969083340896,0.9399938166681792,1.0,
GSS,hotcore,2,B0 uniforme,0.5676328502415459,0.5676328502415459,,
GSS,hotcore,2,B1 autre cohorte,0.9953413530968457,0.9953413530968457,0.9999999999999999,
GSS,hotcore,2,B2 sous-echantillon (sexe),0.9971215166528115,0.9971215166528115,0.9999999999999999,
GSS,hsbio,2,B0 uniforme,0.6774461028192371,0.6774461028192371,,
GSS,hsbio,2,B1 autre cohorte,0.9651318777661586,0.9651318777661586,0.9999999999999999,
GSS,hsbio,2,B2 sous-echantillon (sexe),0.9654240343657183,0.9654240343657183,0.9999999999999999,
GSS,hschem,2,B0 uniforme,0.9137931034482759,0.9137931034482759,,
GSS,hschem,2,B1 autre cohorte,0.9155598879005727,0.9155598879005727,0.9999999999999999,
GSS,hschem,2,B2 sous-echantillon (sexe),0.9134944649774757,0.9134944649774757,-0.9999999999999999,
GSS,hsphys,2,B0 uniforme,0.8333333333333334,0.8333333333333334,,
GSS,hsphys,2,B1 autre cohorte,0.9728325064965745,0.9728325064965745,0.9999999999999999,
GSS,hsphys,2,B2 sous-echantillon (sexe),0.9697735907378603,0.9697735907378603,0.9999999999999999,
GSS,hunt,4,B0 uniforme,0.7140625,0.428125,,
GSS,hunt,4,B1 autre cohorte,0.9899099625277572,0.9798199250555144,1.0,
GSS,hunt,4,B2 sous-echantillon (sexe),0.9882892271021566,0.9765784542043132,1.0,
GSS,if04who,3,B0 uniforme,0.9003831417624522,0.8505747126436781,,
GSS,if04who,3,B1 autre cohorte,0.9877867107781563,0.9816800661672344,1.0,
GSS,if04who,3,B2 sous-echantillon (sexe),0.9879251238864633,0.981887685829695,1.0,
GSS,incom16,5,B0 uniforme,0.8818172740888667,0.7045431852221667,,
GSS,incom16,5,B1 autre cohorte,0.9860359209928825,0.9650898024822063,0.9999999999999999,
GSS,incom16,5,B2 sous-echantillon (sexe),0.9858016348462159,0.9645040871155395,0.9999999999999999,
GSS,intecon,3,B0 uniforme,0.8564880670143828,0.7847321005215742,,
GSS,intecon,3,B1 autre cohorte,0.9698468174294164,0.9547702261441245,1.0,
GSS,intecon,3,B2 sous-echantillon (sexe),0.9721263699753929,0.9581895549630893,1.0,
GSS,inteduc,3,B0 uniforme,0.8384700489963648,0.7577050734945472,,
GSS,inteduc,3,B1 autre cohorte,0.9454777975897318,0.9182166963845978,1.0,
GSS,inteduc,3,B2 sous-echantillon (sexe),0.9480323268097902,0.9220484902146853,1.0,
GSS,intenvir,3,B0 uniforme,0.8319088319088319,0.7478632478632479,,
GSS,intenvir,3,B1 autre cohorte,0.9545266323565051,0.9317899485347577,0.5,
GSS,intenvir,3,B2 sous-echantillon (sexe),0.9540230687969243,0.9310346031953864,0.5,
GSS,intethn,5,B0 uniforme,0.7985109637939827,0.4962774094849567,,
GSS,intethn,5,B1 autre cohorte,0.9717015734509917,0.9292539336274793,0.9999999999999999,
GSS,intethn,5,B2 sous-echantillon (sexe),0.971488278260153,0.9287206956503826,0.9999999999999999,
GSS,intfarm,3,B0 uniforme,0.8528015194681862,0.7792022792022792,,
GSS,intfarm,3,B1 autre cohorte,0.964637877410463,0.9469568161156946,1.0,
GSS,intfarm,3,B2 sous-echantillon (sexe),0.9619845069281084,0.9429767603921627,0.5,
GSS,intintl,3,B0 uniforme,0.8960419647114926,0.844062947067239,,
GSS,intintl,3,B1 autre cohorte,0.981992354751759,0.9729885321276384,1.0,
GSS,intintl,3,B2 sous-echantillon (sexe),0.9856600284323541,0.9784900426485312,1.0,
GSS,intlblks,7,B0 uniforme,0.8659953064195111,0.5309835724682886,,
GSS,intlblks,7,B1 autre cohorte,0.9927190370257026,0.9745166295899591,1.0,
GSS,intlblks,7,B2 sous-echantillon (sexe),0.9925996022574004,0.9740986079009013,1.0,
GSS,intlwhts,7,B0 uniforme,0.8792948026422734,0.577531809247957,,
GSS,intlwhts,7,B1 autre cohorte,0.9912567720788532,0.9693987022759865,0.9642857142857145,
GSS,intlwhts,7,B2 sous-echantillon (sexe),0.9915496980450359,0.9704239431576258,0.9642857142857145,
GSS,intmed,3,B0 uniforme,0.8081239133870712,0.712185870080607,,
GSS,intmed,3,B1 autre cohorte,0.9830063669072957,0.9745095503609436,1.0,
GSS,intmed,3,B2 sous-echantillon (sexe),0.9817895291993596,0.9726842937990394,1.0,
GSS,intmil,3,B0 uniforme,0.8738310350293232,0.8107465525439848,,
GSS,intmil,3,B1 autre cohorte,0.9738510202815853,0.960776530422378,1.0,
GSS,intmil,3,B2 sous-echantillon (sexe),0.976808796031382,0.9652131940470731,1.0,
GSS,intrhome,2,B0 uniforme,0.7598314606741573,0.7598314606741573,,
GSS,intrhome,2,B1 autre cohorte,0.9508502274301894,0.9508502274301894,0.9999999999999999,
GSS,intrhome,2,B2 sous-echantillon (sexe),0.9504729979926778,0.9504729979926778,0.9999999999999999,
GSS,intsci,3,B0 uniforme,0.8366571699905033,0.754985754985755,,
GSS,intsci,3,B1 autre cohorte,0.9524753292869235,0.9287129939303853,1.0,
GSS,intsci,3,B2 sous-echantillon (sexe),0.9533520140720391,0.9300280211080586,1.0,
GSS,intsex,2,B0 uniforme,0.6973227565691621,0.6973227565691621,,
GSS,intsex,2,B1 autre cohorte,0.9537421270365833,0.9537421270365833,0.9999999999999999,
GSS,intsex,2,B2 sous-echantillon (sexe),0.9530887072435826,0.9530887072435826,0.9999999999999999,
GSS,intspace,3,B0 uniforme,0.8755935422602089,0.8133903133903134,,
GSS,intspace,3,B1 autre cohorte,0.9491240440762344,0.9236860661143516,1.0,
GSS,intspace,3,B2 sous-echantillon (sexe),0.9497417211844487,0.9246125817766729,1.0,
GSS,inttech,3,B0 uniforme,0.8403666824719456,0.7605500237079185,,
GSS,inttech,3,B1 autre cohorte,0.9543915953452136,0.9315873930178202,1.0,
GSS,inttech,3,B2 sous-echantillon (sexe),0.957735661182452,0.936603491773678,1.0,
GSS,issp,2,B0 uniforme,0.8003913894324853,0.8003913894324853,,
GSS,issp,2,B1 autre cohorte,0.9751318738615511,0.9751318738615511,0.9999999999999999,
GSS,issp,2,B2 sous-echantillon (sexe),0.9755349535667605,0.9755349535667605,0.9999999999999999,
GSS,jobfind,3,B0 uniforme,0.8631840796019901,0.7947761194029851,,
GSS,jobfind,3,B1 autre cohorte,0.9289682753500847,0.8934524130251271,1.0,
GSS,jobfind,3,B2 sous-echantillon (sexe),0.9315293908240343,0.8972940862360514,1.0,
GSS,joblose,4,B0 uniforme,0.8274032459425718,0.6548064918851435,,
GSS,joblose,4,B1 autre cohorte,0.96750701408186,0.9350140281637201,1.0,
GSS,joblose,4,B2 sous-echantillon (sexe),0.9691288084810329,0.9382576169620657,1.0,
GSS,kidssol,6,B0 uniforme,0.9294967613353263,0.7884902840059791,,
GSS,kidssol,6,B1 autre cohorte,0.9899480121461677,0.969844036438503,0.942857142857143,
GSS,kidssol,6,B2 sous-echantillon (sexe),0.9900927677670998,0.9702783033012992,0.942857142857143,
GSS,lasers,2,B0 uniforme,0.7919354838709678,0.7919354838709678,,
GSS,lasers,2,B1 autre cohorte,0.9701071256620125,0.9701071256620125,0.9999999999999999,
GSS,lasers,2,B2 sous-echantillon (sexe),0.9406313960887076,0.9406313960887076,0.9999999999999999,
GSS,letdie1,2,B0 uniforme,0.8210943124550036,0.8210943124550036,,
GSS,letdie1,2,B1 autre cohorte,0.9942334710310554,0.9942334710310554,0.9999999999999999,
GSS,letdie1,2,B2 sous-echantillon (sexe),0.9924447727823476,0.9924447727823476,0.9999999999999999,
GSS,letin1a,5,B0 uniforme,0.8974300071787509,0.7435750179468772,,
GSS,letin1a,5,B1 autre cohorte,0.9834578056988409,0.9586445142471022,0.9999999999999999,
GSS,letin1a,5,B2 sous-echantillon (sexe),0.9832841277719113,0.9582103194297783,0.9999999999999999,
GSS,libath,2,B0 uniforme,0.7549642573471008,0.7549642573471008,,
GSS,libath,2,B1 autre cohorte,0.9865231927083176,0.9865231927083176,0.9999999999999999,
GSS,libath,2,B2 sous-echantillon (sexe),0.9857540682066911,0.9857540682066911,0.9999999999999999,
GSS,libcom,2,B0 uniforme,0.7952534191472245,0.7952534191472245,,
GSS,libcom,2,B1 autre cohorte,0.9828011655185003,0.9828011655185003,0.9999999999999999,
GSS,libcom,2,B2 sous-echantillon (sexe),0.9815401236542538,0.9815401236542538,0.9999999999999999,
GSS,libhomo,2,B0 uniforme,0.7170111287758346,0.7170111287758346,,
GSS,libhomo,2,B1 autre cohorte,0.9798510079299132,0.9798510079299132,0.9999999999999999,
GSS,libhomo,2,B2 sous-echantillon (sexe),0.9792922864746625,0.9792922864746625,0.9999999999999999,
GSS,libmil,2,B0 uniforme,0.7837837837837838,0.7837837837837838,,
GSS,libmil,2,B1 autre cohorte,0.9840895941813372,0.9840895941813372,0.9999999999999999,
GSS,libmil,2,B2 sous-echantillon (sexe),0.9841024787100942,0.9841024787100942,0.9999999999999999,
GSS,libmslm,2,B0 uniforme,0.9881703470031545,0.9881703470031545,,
GSS,libmslm,2,B1 autre cohorte,0.9885477054937206,0.9885477054937206,0.9999999999999999,
GSS,libmslm,2,B2 sous-echantillon (sexe),0.9901476631033981,0.9901476631033981,0.9999999999999999,
GSS,librac,2,B0 uniforme,0.8373110580747812,0.8373110580747812,,
GSS,librac,2,B1 autre cohorte,0.9887570245892409,0.9887570245892409,0.9999999999999999,
GSS,librac,2,B2 sous-echantillon (sexe),0.9881581778861566,0.9881581778861566,0.9999999999999999,
GSS,life,3,B0 uniforme,0.8125329120589784,0.7187993680884676,,
GSS,life,3,B1 autre cohorte,0.9832770308192754,0.9749155462289132,1.0,
GSS,life,3,B2 sous-echantillon (sexe),0.9833014637104855,0.9749521955657284,1.0,
GSS,liveblks,5,B0 uniforme,0.8759068454481298,0.6897671136203246,,
GSS,liveblks,5,B1 autre cohorte,0.996341471948719,0.9908536798717975,0.9999999999999999,
GSS,liveblks,5,B2 sous-echantillon (sexe),0.9967938821427955,0.9919847053569889,0.9999999999999999,
GSS,livewhts,5,B0 uniforme,0.8578596739900779,0.644649184975195,,
GSS,livewhts,5,B1 autre cohorte,0.9853705220055888,0.963426305013972,0.9999999999999999,
GSS,livewhts,5,B2 sous-echantillon (sexe),0.9857898735939434,0.9644746839848585,0.9999999999999999,
GSS,localnum,7,B0 uniforme,0.9223994623846072,0.7283981183461252,,
GSS,localnum,7,B1 autre cohorte,0.9812151618959873,0.9342530666359559,1.0,
GSS,localnum,7,B2 sous-echantillon (sexe),0.9802035818193777,0.9307125363678219,1.0,
GSS,madeg,5,B0 uniforme,0.8348140276301806,0.5870350690754516,,
GSS,madeg,5,B1 autre cohorte,0.9904626775871885,0.9761566939679714,0.8999999999999998,
GSS,madeg,5,B2 sous-echantillon (sexe),0.9908008917095402,0.9770022292738506,0.8999999999999998,
GSS,mar1,5,B0 uniforme,0.8843378310844577,0.7108445777111444,,
GSS,mar1,5,B1 autre cohorte,0.9812135304698811,0.9530338261747028,0.9999999999999999,
GSS,mar1,5,B2 sous-echantillon (sexe),0.9816858598733925,0.9542146496834814,0.9999999999999999,
GSS,mar2,5,B0 uniforme,0.7931590739357729,0.4828976848394323,,
GSS,mar2,5,B1 autre cohorte,0.9879563578927489,0.9698908947318723,0.9999999999999999,
GSS,mar2,5,B2 sous-echantillon (sexe),0.9881638862225175,0.9704097155562939,0.9999999999999999,
GSS,mar3,5,B0 uniforme,0.7466666666666667,0.3666666666666667,,
GSS,mar3,5,B1 autre cohorte,0.9837630662020906,0.9594076655052265,0.9999999999999999,
GSS,mar3,5,B2 sous-echantillon (sexe),0.9837737563857312,0.9594343909643279,0.9999999999999999,
GSS,marasian,5,B0 uniforme,0.8708515130190007,0.6771287825475018,,
GSS,marasian,5,B1 autre cohorte,0.9895984786185309,0.9739961965463273,0.9999999999999999,
GSS,marasian,5,B2 sous-echantillon (sexe),0.9900274111156255,0.9750685277890639,0.9999999999999999,
GSS,marblk,5,B0 uniforme,0.8861083743842364,0.7152709359605911,,
GSS,marblk,5,B1 autre cohorte,0.9829696329134252,0.9574240822835631,0.8999999999999998,
GSS,marblk,5,B2 sous-echantillon (sexe),0.9834470002351137,0.9586175005877842,0.8999999999999998,
GSS,marhisp,5,B0 uniforme,0.8732394366197183,0.6830985915492958,,
GSS,marhisp,5,B1 autre cohorte,0.989254343345898,0.9731358583647449,0.9999999999999999,
GSS,marhisp,5,B2 sous-echantillon (sexe),0.9888162610529546,0.9720406526323866,0.9999999999999999,
GSS,marhomo,5,B0 uniforme,0.9534706814580032,0.8836767036450079,,
GSS,marhomo,5,B1 autre cohorte,0.9709120586086147,0.927280146521537,0.9999999999999999,
GSS,marhomo,5,B2 sous-echantillon (sexe),0.9714143633340382,0.9285359083350954,0.9999999999999999,
GSS,marital,5,B0 uniforme,0.8749290259422418,0.6873225648556045,,
GSS,marital,5,B1 autre cohorte,0.9806345921459677,0.9515864803649193,0.9999999999999999,
GSS,marital,5,B2 sous-echantillon (sexe),0.9809721998014316,0.9524304995035788,0.9999999999999999,
GSS,marwht,5,B0 uniforme,0.8323434201266714,0.5808585503166784,,
GSS,marwht,5,B1 autre cohorte,0.9939635624364689,0.9849089060911721,0.9999999999999999,
GSS,marwht,5,B2 sous-echantillon (sexe),0.9924053440335436,0.981013360083859,0.8999999999999998,
GSS,matesex,2,B0 uniforme,0.5841121495327103,0.5841121495327103,,
GSS,matesex,2,B1 autre cohorte,0.9776341152810349,0.9776341152810349,0.9999999999999999,
GSS,matesex,2,B2 sous-echantillon (sexe),0.9794674834790422,0.9794674834790422,0.9999999999999999,
GSS,mawrkgrw,2,B0 uniforme,0.7968431771894093,0.7968431771894093,,
GSS,mawrkgrw,2,B1 autre cohorte,0.9810537035051988,0.9810537035051988,0.9999999999999999,
GSS,mawrkgrw,2,B2 sous-echantillon (sexe),0.9809092701347345,0.9809092701347345,0.9999999999999999,
GSS,mawrkslf,2,B0 uniforme,0.6204644412191582,0.6204644412191582,,
GSS,mawrkslf,2,B1 autre cohorte,0.9867331085511327,0.9867331085511327,0.9999999999999999,
GSS,mawrkslf,2,B2 sous-echantillon (sexe),0.9863837182263642,0.9863837182263642,0.9999999999999999,
GSS,meovrwrk,5,B0 uniforme,0.8644334975369459,0.6610837438423646,,
GSS,meovrwrk,5,B1 autre cohorte,0.9789280758254131,0.9473201895635326,0.9999999999999999,
GSS,meovrwrk,5,B2 sous-echantillon (sexe),0.9810708896666525,0.9526772241666311,0.9999999999999999,
GSS,mobile16,3,B0 uniforme,0.9485254108172816,0.9227881162259223,,
GSS,mobile16,3,B1 autre cohorte,0.9857855684763968,0.978678352714595,1.0,
GSS,mobile16,3,B2 sous-echantillon (sexe),0.9854812389667876,0.9782218584501815,1.0,
GSS,mode,4,B0 uniforme,0.6788160469667319,0.35763209393346385,,
GSS,mode,4,B1 autre cohorte,0.9910608481910089,0.9821216963820179,0.9486832980505139,
GSS,mode,4,B2 sous-echantillon (sexe),0.9907853803404174,0.9815707606808349,0.9486832980505139,
GSS,nanotech,4,B0 uniforme,0.8755555555555555,0.7511111111111111,,
GSS,nanotech,4,B1 autre cohorte,0.9754297262258828,0.9508594524517654,1.0,
GSS,nanotech,4,B2 sous-echantillon (sexe),0.9724029785374114,0.944805957074823,1.0,
GSS,nanowill,3,B0 uniforme,0.7795771479982007,0.6693657219973009,,
GSS,nanowill,3,B1 autre cohorte,0.9861281810294968,0.9791922715442452,1.0,
GSS,nanowill,3,B2 sous-echantillon (sexe),0.9808413047578125,0.9712619571367187,1.0,
GSS,nataid,3,B0 uniforme,0.824825853602832,0.7372387804042481,,
GSS,nataid,3,B1 autre cohorte,0.9767828441437734,0.96517426621566,1.0,
GSS,nataid,3,B2 sous-echantillon (sexe),0.9772767459643116,0.9659151189464674,1.0,
GSS,nataidy,3,B0 uniforme,0.7833444667112002,0.6750167000668003,,
GSS,nataidy,3,B1 autre cohorte,0.9646162243185559,0.9469243364778337,1.0,
GSS,nataidy,3,B2 sous-echantillon (sexe),0.9644142528040193,0.946621379206029,1.0,
GSS,natarms,3,B0 uniforme,0.961009691232815,0.9415145368492225,,
GSS,natarms,3,B1 autre cohorte,0.9389652019464209,0.9084478029196313,0.5,
GSS,natarms,3,B2 sous-echantillon (sexe),0.9409826682085828,0.9114740023128741,0.5,
GSS,natarmsy,3,B0 uniforme,0.9429153924566769,0.9143730886850153,,
GSS,natarmsy,3,B1 autre cohorte,0.9574257837691652,0.9361386756537478,0.5,
GSS,natarmsy,3,B2 sous-echantillon (sexe),0.957000311024783,0.9355004665371744,0.5,
GSS,natchld,3,B0 uniforme,0.8298721107591224,0.7448081661386836,,
GSS,natchld,3,B1 autre cohorte,0.9807856667025993,0.9711785000538989,1.0,
GSS,natchld,3,B2 sous-echantillon (sexe),0.9794400670934565,0.9691601006401849,1.0,
GSS,natcity,3,B0 uniforme,0.909057572423909,0.8635863586358636,,
GSS,natcity,3,B1 autre cohorte,0.953364400110423,0.9300466001656346,1.0,
GSS,natcity,3,B2 sous-echantillon (sexe),0.951790568386556,0.9276858525798339,1.0,
GSS,natcityy,3,B0 uniforme,0.9120212362533182,0.8680318543799772,,
GSS,natcityy,3,B1 autre cohorte,0.9751959587103777,0.9627939380655666,1.0,
GSS,natcityy,3,B2 sous-echantillon (sexe),0.9736066925202244,0.9604100387803365,1.0,
GSS,natcrime,3,B0 uniforme,0.8260770975056689,0.7391156462585033,,
GSS,natcrime,3,B1 autre cohorte,0.9800394769306686,0.9700592153960029,1.0,
GSS,natcrime,3,B2 sous-echantillon (sexe),0.977204739885276,0.9658071098279141,1.0,
GSS,natcrimy,3,B0 uniforme,0.8600331674958541,0.7900497512437811,,
GSS,natcrimy,3,B1 autre cohorte,0.9643681592039801,0.9465522388059702,1.0,
GSS,natcrimy,3,B2 sous-echantillon (sexe),0.9624615604591736,0.9436923406887605,1.0,
GSS,natdrug,3,B0 uniforme,0.8494990892531876,0.7742486338797814,,
GSS,natdrug,3,B1 autre cohorte,0.983858060680888,0.975787091021332,1.0,
GSS,natdrug,3,B2 sous-echantillon (sexe),0.9819754688559089,0.9729632032838633,1.0,
GSS,natdrugy,3,B0 uniforme,0.8598830409356725,0.7898245614035088,,
GSS,natdrugy,3,B1 autre cohorte,0.9831578947368421,0.9747368421052631,1.0,
GSS,natdrugy,3,B2 sous-echantillon (sexe),0.9849698025611521,0.9774547038417281,1.0,
GSS,nateduc,3,B0 uniforme,0.7415555555555555,0.6123333333333334,,
GSS,nateduc,3,B1 autre cohorte,0.9939892581403156,0.9909838872104734,1.0,
GSS,nateduc,3,B2 sous-echantillon (sexe),0.9948681530257392,0.9923022295386087,1.0,
GSS,nateducy,3,B0 uniforme,0.7139133268165527,0.570869990224829,,
GSS,nateducy,3,B1 autre cohorte,0.9916911045943304,0.9875366568914956,1.0,
GSS,nateducy,3,B2 sous-echantillon (sexe),0.9923183312489543,0.9884774968734314,1.0,
GSS,natenvir,3,B0 uniforme,0.8417577413479053,0.762636612021858,,
GSS,natenvir,3,B1 autre cohorte,0.930327868852459,0.8954918032786885,1.0,
GSS,natenvir,3,B2 sous-echantillon (sexe),0.9298589788450166,0.8947884682675248,1.0,
GSS,natenviy,3,B0 uniforme,0.807392562903585,0.7110888443553774,,
GSS,natenviy,3,B1 autre cohorte,0.9627378914373957,0.9441068371560936,1.0,
GSS,natenviy,3,B2 sous-echantillon (sexe),0.9622347424766301,0.9433521137149452,1.0,
GSS,natfare,3,B0 uniforme,0.9369614512471656,0.9054421768707482,,
GSS,natfare,3,B1 autre cohorte,0.9702674787192364,0.9554012180788546,1.0,
GSS,natfare,3,B2 sous-echantillon (sexe),0.9708342588696692,0.956251388304504,1.0,
GSS,natfarey,3,B0 uniforme,0.7697456492637216,0.6546184738955824,,
GSS,natfarey,3,B1 autre cohorte,0.9882147159110725,0.9823220738666087,1.0,
GSS,natfarey,3,B2 sous-echantillon (sexe),0.9868562489824111,0.9802843734736166,1.0,
GSS,natheal,3,B0 uniforme,0.8193882141250562,0.7290823211875843,,
GSS,natheal,3,B1 autre cohorte,0.889644559655919,0.8344668394838785,1.0,
GSS,natheal,3,B2 sous-echantillon (sexe),0.8884005395541084,0.8326008093311625,1.0,
GSS,nathealy,3,B0 uniforme,0.8195421552205472,0.7293132328308207,,
GSS,nathealy,3,B1 autre cohorte,0.9098395741611822,0.8647593612417733,0.5,
GSS,nathealy,3,B2 sous-echantillon (sexe),0.9090309063820614,0.8635463595730922,0.5,
GSS,natmass,3,B0 uniforme,0.8454404945904173,0.768160741885626,,
GSS,natmass,3,B1 autre cohorte,0.9592658971576397,0.9388988457364595,0.5,
GSS,natmass,3,B2 sous-echantillon (sexe),0.9614934981235248,0.9422402471852871,0.5,
GSS,natpark,3,B0 uniforme,0.8207348207348207,0.731102231102231,,
GSS,natpark,3,B1 autre cohorte,0.9777448988374633,0.9666173482561949,1.0,
GSS,natpark,3,B2 sous-echantillon (sexe),0.9779108498395058,0.9668662747592587,1.0,
GSS,natrace,3,B0 uniforme,0.8919787418118897,0.8379681127178347,,
GSS,natrace,3,B1 autre cohorte,0.96206825004619,0.943102375069285,1.0,
GSS,natrace,3,B2 sous-echantillon (sexe),0.9597333722110016,0.9396000583165024,1.0,
GSS,natracey,3,B0 uniforme,0.894642628819844,0.8419639432297661,,
GSS,natracey,3,B1 autre cohorte,0.9743636054018071,0.9615454081027107,1.0,
GSS,natracey,3,B2 sous-echantillon (sexe),0.974652336666756,0.961978505000134,1.0,
GSS,natroad,3,B0 uniforme,0.8486069150721719,0.7729103726082578,,
GSS,natroad,3,B1 autre cohorte,0.9853680241335061,0.9780520362002593,0.5,
GSS,natroad,3,B2 sous-echantillon (sexe),0.9869423401965444,0.9804135102948165,0.5,
GSS,natsci,3,B0 uniforme,0.8626900584795322,0.7940350877192982,,
GSS,natsci,3,B1 autre cohorte,0.9931040935672515,0.9896561403508772,1.0,
GSS,natsci,3,B2 sous-echantillon (sexe),0.9928743992882452,0.9893115989323678,1.0,
GSS,natsoc,3,B0 uniforme,0.8274013232945471,0.7411019849418207,,
GSS,natsoc,3,B1 autre cohorte,0.9679070154227997,0.9518605231341996,1.0,
GSS,natsoc,3,B2 sous-echantillon (sexe),0.9668465248927672,0.9502697873391509,1.0,
GSS,natspac,3,B0 uniforme,0.8975085606328964,0.8462628409493447,,
GSS,natspac,3,B1 autre cohorte,0.9635564698359529,0.9453347047539293,1.0,
GSS,natspac,3,B2 sous-echantillon (sexe),0.9646687837206267,0.94700317558094,1.0,
GSS,natspacy,3,B0 uniforme,0.8860936408106219,0.8291404612159329,,
GSS,natspacy,3,B1 autre cohorte,0.9588525593447661,0.938278839017149,1.0,
GSS,natspacy,3,B2 sous-echantillon (sexe),0.9565451789663072,0.9348177684494607,1.0,
GSS,news,5,B0 uniforme,0.9544055944055944,0.886013986013986,,
GSS,news,5,B1 autre cohorte,0.9808992512378517,0.9522481280946292,0.6,
GSS,news,5,B2 sous-echantillon (sexe),0.9809920218572228,0.9524800546430569,0.6,
GSS,nextgen,4,B0 uniforme,0.7880597014925373,0.5761194029850747,,
GSS,nextgen,4,B1 autre cohorte,0.9726998568799836,0.9453997137599673,1.0,
GSS,nextgen,4,B2 sous-echantillon (sexe),0.9722453750375586,0.9444907500751173,1.0,
GSS,obey,5,B0 uniforme,0.9207709414381022,0.8019273535952557,,
GSS,obey,5,B1 autre cohorte,0.9888629842869598,0.9721574607173996,0.8999999999999998,
GSS,obey,5,B2 sous-echantillon (sexe),0.9888425344124515,0.9721063360311287,0.8999999999999998,
GSS,odds1,2,B0 uniforme,0.6136363636363636,0.6136363636363636,,
GSS,odds1,2,B1 autre cohorte,0.9990803993694167,0.9990803993694167,0.9999999999999999,
GSS,odds1,2,B2 sous-echantillon (sexe),0.9999866249686203,0.9999866249686203,0.9999999999999999,
GSS,odds2,2,B0 uniforme,0.6946107784431138,0.6946107784431138,,
GSS,odds2,2,B1 autre cohorte,0.9708697712488692,0.9708697712488692,0.9999999999999999,
GSS,odds2,2,B2 sous-echantillon (sexe),0.9693946749885909,0.9693946749885909,0.9999999999999999,
GSS,othersex,2,B0 uniforme,0.565359477124183,0.565359477124183,,
GSS,othersex,2,B1 autre cohorte,0.995343398275178,0.995343398275178,0.9999999999999999,
GSS,othersex,2,B2 sous-echantillon (sexe),0.9915720507328225,0.9915720507328225,0.9999999999999999,
GSS,othlang,2,B0 uniforme,0.7622309197651663,0.7622309197651663,,
GSS,othlang,2,B1 autre cohorte,0.9878858876346671,0.9878858876346671,0.9999999999999999,
GSS,othlang,2,B2 sous-echantillon (sexe),0.9884950618315715,0.9884950618315715,0.9999999999999999,
GSS,owngun,3,B0 uniforme,0.7835294117647059,0.6752941176470588,,
GSS,owngun,3,B1 autre cohorte,0.9767074133829464,0.9650611200744197,1.0,
GSS,owngun,3,B2 sous-echantillon (sexe),0.9785309543481215,0.9677964315221823,1.0,
GSS,padeg,5,B0 uniforme,0.8469123252858958,0.6172808132147395,,
GSS,padeg,5,B1 autre cohorte,0.9891460639774965,0.9728651599437412,0.9999999999999999,
GSS,padeg,5,B2 sous-echantillon (sexe),0.9891318898635925,0.9728297246589811,0.9999999999999999,
GSS,paidsex,2,B0 uniforme,0.5420711974110033,0.5420711974110033,,
GSS,paidsex,2,B1 autre cohorte,0.9997294456758135,0.9997294456758135,0.9999999999999999,
GSS,paidsex,2,B2 sous-echantillon (sexe),0.9922529418609443,0.9922529418609443,0.9999999999999999,
GSS,parsol,5,B0 uniforme,0.9096546656869948,0.7741366642174872,,
GSS,parsol,5,B1 autre cohorte,0.9851556673995914,0.9628891684989785,0.8999999999999998,
GSS,parsol,5,B2 sous-echantillon (sexe),0.9852330358686062,0.9630825896715157,0.8999999999999998,
GSS,partfull,2,B0 uniforme,0.7410841654778887,0.7410841654778887,,
GSS,partfull,2,B1 autre cohorte,0.974575175181452,0.974575175181452,0.9999999999999999,
GSS,partfull,2,B2 sous-echantillon (sexe),0.9837694135312346,0.9837694135312346,0.9999999999999999,
GSS,pawrkslf,2,B0 uniforme,0.7451923076923077,0.7451923076923077,,
GSS,pawrkslf,2,B1 autre cohorte,0.9962918772225341,0.9962918772225341,0.9999999999999999,
GSS,pawrkslf,2,B2 sous-echantillon (sexe),0.9958413043125017,0.9958413043125017,0.9999999999999999,
GSS,permoral,4,B0 uniforme,0.8706461383139829,0.7412922766279657,,
GSS,permoral,4,B1 autre cohorte,0.9910698102260966,0.9821396204521933,1.0,
GSS,permoral,4,B2 sous-echantillon (sexe),0.9919043349288633,0.9838086698577266,1.0,
GSS,phase,2,B0 uniforme,0.6888454011741683,0.6888454011741683,,
GSS,phase,2,B1 autre cohorte,0.9856817827856363,0.9856817827856363,0.9999999999999999,
GSS,phase,2,B2 sous-echantillon (sexe),0.9856371496642671,0.9856371496642671,0.9999999999999999,
GSS,phone,5,B0 uniforme,0.7958472086190009,0.48961802154750234,,
GSS,phone,5,B1 autre cohorte,0.89631398679422,0.74078496698555,0.7,
GSS,phone,5,B2 sous-echantillon (sexe),0.8959767469590095,0.7399418673975239,0.7,
GSS,pikupsex,2,B0 uniforme,0.8754045307443366,0.8754045307443366,,
GSS,pikupsex,2,B1 autre cohorte,0.9971994025392084,0.9971994025392084,0.9999999999999999,
GSS,pikupsex,2,B2 sous-echantillon (sexe),0.9649990917441414,0.9649990917441414,0.9999999999999999,
GSS,pillok,4,B0 uniforme,0.9569088319088319,0.9138176638176638,,
GSS,pillok,4,B1 autre cohorte,0.9683441631391159,0.9366883262782316,0.7999999999999999,
GSS,pillok,4,B2 sous-echantillon (sexe),0.9686314253792412,0.9372628507584824,0.7999999999999999,
GSS,pistol,3,B0 uniforme,0.7069040761106746,0.560356114166012,,
GSS,pistol,3,B1 autre cohorte,0.9832327308867519,0.9748490963301278,1.0,
GSS,pistol,3,B2 sous-echantillon (sexe),0.9831427955356453,0.974714193303468,1.0,
GSS,polabuse,2,B0 uniforme,0.5936106983655275,0.5936106983655275,,
GSS,polabuse,2,B1 autre cohorte,0.9980837840364903,0.9980837840364903,0.9999999999999999,
GSS,polabuse,2,B2 sous-echantillon (sexe),0.998993939521841,0.998993939521841,0.9999999999999999,
GSS,polattak,2,B0 uniforme,0.639792899408284,0.639792899408284,,
GSS,polattak,2,B1 autre cohorte,0.9720589524435679,0.9720589524435679,0.9999999999999999,
GSS,polattak,2,B2 sous-echantillon (sexe),0.972357255342131,0.972357255342131,0.9999999999999999,
GSS,polescap,2,B0 uniforme,0.802130898021309,0.802130898021309,,
GSS,polescap,2,B1 autre cohorte,0.956031592487423,0.956031592487423,0.9999999999999999,
GSS,polescap,2,B2 sous-echantillon (sexe),0.9579159583698468,0.9579159583698468,0.9999999999999999,
GSS,polhitok,2,B0 uniforme,0.8258859784283513,0.8258859784283513,,
GSS,polhitok,2,B1 autre cohorte,0.9819265215716487,0.9819265215716487,0.9999999999999999,
GSS,polhitok,2,B2 sous-echantillon (sexe),0.9855155822261948,0.9855155822261948,0.9999999999999999,
GSS,polmurdr,2,B0 uniforme,0.6427498121712998,0.6427498121712998,,
GSS,polmurdr,2,B1 autre cohorte,0.999676713827193,0.999676713827193,0.9999999999999999,
GSS,polmurdr,2,B2 sous-echantillon (sexe),0.9991399453219943,0.9991399453219943,0.9999999999999999,
GSS,polviews,7,B0 uniforme,0.9279870082853212,0.7479545289986242,,
GSS,polviews,7,B1 autre cohorte,0.9946961910557885,0.9814366686952598,0.9642857142857145,
GSS,polviews,7,B2 sous-echantillon (sexe),0.9948707586925425,0.9820476554238986,0.9642857142857145,
GSS,popespks,5,B0 uniforme,0.8899145299145299,0.7247863247863248,,
GSS,popespks,5,B1 autre cohorte,0.9759648921083899,0.9399122302709747,0.9999999999999999,
GSS,popespks,5,B2 sous-echantillon (sexe),0.9760542819891191,0.9401357049727979,0.9999999999999999,
GSS,popular,5,B0 uniforme,0.7736990363232024,0.4342475908080059,,
GSS,popular,5,B1 autre cohorte,0.9947794758735121,0.9869486896837804,0.9999999999999999,
GSS,popular,5,B2 sous-echantillon (sexe),0.9949689915422232,0.9874224788555578,0.9999999999999999,
GSS,pornlaw,3,B0 uniforme,0.7953601953601954,0.693040293040293,,
GSS,pornlaw,3,B1 autre cohorte,0.9872864932467582,0.9809297398701372,1.0,
GSS,pornlaw,3,B2 sous-echantillon (sexe),0.9852754430860459,0.9779131646290689,1.0,
GSS,postlife,2,B0 uniforme,0.6891292290626734,0.6891292290626734,,
GSS,postlife,2,B1 autre cohorte,0.9966570048489103,0.9966570048489103,0.9999999999999999,
GSS,postlife,2,B2 sous-echantillon (sexe),0.9951882457372807,0.9951882457372807,0.9999999999999999,
GSS,pray,6,B0 uniforme,0.9168451694403251,0.7505355083209755,,
GSS,pray,6,B1 autre cohorte,0.9922660960723244,0.9767982882169733,0.8285714285714287,
GSS,pray,6,B2 sous-echantillon (sexe),0.9920278402388141,0.9760835207164423,0.8285714285714287,
GSS,prayer,2,B0 uniforme,0.9380952380952381,0.9380952380952381,,
GSS,prayer,2,B1 autre cohorte,0.9673949579831933,0.9673949579831933,0.9999999999999999,
GSS,prayer,2,B2 sous-echantillon (sexe),0.9664943909841894,0.9664943909841894,0.9999999999999999,
GSS,premarsx,4,B0 uniforme,0.8607549857549858,0.7215099715099715,,
GSS,premarsx,4,B1 autre cohorte,0.9873257381958078,0.9746514763916156,1.0,
GSS,premarsx,4,B2 sous-echantillon (sexe),0.9880240437291083,0.9760480874582168,1.0,
GSS,pres04,4,B0 uniforme,0.7634680134680134,0.5269360269360269,,
GSS,pres04,4,B1 autre cohorte,0.980484671274145,0.9609693425482899,1.0,
GSS,pres04,4,B2 sous-echantillon (sexe),0.9804001886747897,0.9608003773495793,1.0,
GSS,preteen,6,B0 uniforme,0.7708469766426544,0.31254092992796334,,
GSS,preteen,6,B1 autre cohorte,0.9934973551959086,0.9804920655877258,1.0,
GSS,preteen,6,B2 sous-echantillon (sexe),0.9931165592099939,0.9793496776299817,1.0,
GSS,punsin,4,B0 uniforme,0.952003121748179,0.9040062434963579,,
GSS,punsin,4,B1 autre cohorte,0.9829079723241506,0.9658159446483013,0.7999999999999999,
GSS,punsin,4,B2 sous-echantillon (sexe),0.9824856620670898,0.9649713241341794,0.7999999999999999,
GSS,racdif1,2,B0 uniforme,0.8843338213762811,0.8843338213762811,,
GSS,racdif1,2,B1 autre cohorte,0.9814432586865132,0.9814432586865132,0.9999999999999999,
GSS,racdif1,2,B2 sous-echantillon (sexe),0.9835648790182727,0.9835648790182727,0.9999999999999999,
GSS,racdif2,2,B0 uniforme,0.603448275862069,0.603448275862069,,
GSS,racdif2,2,B1 autre cohorte,0.9955900324106052,0.9955900324106052,0.9999999999999999,
GSS,racdif2,2,B2 sous-echantillon (sexe),0.9957852654759158,0.9957852654759158,0.9999999999999999,
GSS,racdif3,2,B0 uniforme,0.9787310742609949,0.9787310742609949,,
GSS,racdif3,2,B1 autre cohorte,0.9853060487088426,0.9853060487088426,0.9999999999999999,
GSS,racdif3,2,B2 sous-echantillon (sexe),0.9883166065843956,0.9883166065843956,0.9999999999999999,
GSS,racdif4,2,B0 uniforme,0.9804716285924834,0.9804716285924834,,
GSS,racdif4,2,B1 autre cohorte,0.9662536191138105,0.9662536191138105,-0.9999999999999999,
GSS,racdif4,2,B2 sous-echantillon (sexe),0.9675632055614954,0.9675632055614954,-0.9999999999999999,
GSS,race,3,B0 uniforme,0.7166775385953468,0.5750163078930203,,
GSS,race,3,B1 autre cohorte,0.9911666519952058,0.9867499779928087,1.0,
GSS,race,3,B2 sous-echantillon (sexe),0.9915828843428613,0.987374326514292,1.0,
GSS,raclive,2,B0 uniforme,0.8045477772100154,0.8045477772100154,,
GSS,raclive,2,B1 autre cohorte,0.9934994992545273,0.9934994992545273,0.9999999999999999,
GSS,raclive,2,B2 sous-echantillon (sexe),0.9944125494027909,0.9944125494027909,0.9999999999999999,
GSS,racopen,3,B0 uniforme,0.7432679738562091,0.6149019607843138,,
GSS,racopen,3,B1 autre cohorte,0.9879117207421085,0.9818675811131627,1.0,
GSS,racopen,3,B2 sous-echantillon (sexe),0.9886428337572646,0.9829642506358969,1.0,
GSS,racpres,2,B0 uniforme,0.5391180654338549,0.5391180654338549,,
GSS,racpres,2,B1 autre cohorte,0.9777683721823212,0.9777683721823212,0.9999999999999999,
GSS,racpres,2,B2 sous-echantillon (sexe),0.9782461462934559,0.9782461462934559,0.9999999999999999,
GSS,racwork,5,B0 uniforme,0.8626206896551725,0.6565517241379311,,
GSS,racwork,5,B1 autre cohorte,0.9699484941073767,0.9248712352684417,0.9999999999999999,
GSS,racwork,5,B2 sous-echantillon (sexe),0.9676146687687338,0.9190366719218345,0.9999999999999999,
GSS,radioact,2,B0 uniforme,0.71875,0.71875,,
GSS,radioact,2,B1 autre cohorte,0.9966120166793025,0.9966120166793025,0.9999999999999999,
GSS,radioact,2,B2 sous-echantillon (sexe),0.99522048328734,0.99522048328734,0.9999999999999999,
GSS,reborn,2,B0 uniforme,0.8838133068520357,0.8838133068520357,,
GSS,reborn,2,B1 autre cohorte,0.9967087815013779,0.9967087815013779,0.9999999999999999,
GSS,reborn,2,B2 sous-echantillon (sexe),0.9981834403100166,0.9981834403100166,0.9999999999999999,
GSS,relate2,7,B0 uniforme,0.8494773519163763,0.47317073170731705,,
GSS,relate2,7,B1 autre cohorte,0.9847690753539368,0.9466917637387787,0.9642857142857145,
GSS,relate2,7,B2 sous-echantillon (sexe),0.9850255035012243,0.9475892622542852,0.9642857142857145,
GSS,relate3,6,B0 uniforme,0.7568482610033856,0.27054478301015705,,
GSS,relate3,6,B1 autre cohorte,0.972671286938775,0.9180138608163251,0.6667366910003157,
GSS,relate3,6,B2 sous-echantillon (sexe),0.9726123261320923,0.9178369783962766,0.6667366910003157,
GSS,relate4,6,B0 uniforme,0.7576489533011272,0.27294685990338174,,
GSS,relate4,6,B1 autre cohorte,0.9686703764854563,0.9060111294563689,0.48571428571428577,
GSS,relate4,6,B2 sous-echantillon (sexe),0.9689539471403676,0.9068618414211028,0.48571428571428577,
GSS,relatsex,2,B0 uniforme,0.5888009049773756,0.5888009049773756,,
GSS,relatsex,2,B1 autre cohorte,0.9921014261122916,0.9921014261122916,0.9999999999999999,
GSS,relatsex,2,B2 sous-echantillon (sexe),0.9934590682532696,0.9934590682532696,0.9999999999999999,
GSS,relexp,2,B0 uniforme,0.9130434782608695,0.9130434782608695,,
GSS,relexp,2,B1 autre cohorte,0.9794107437299314,0.9794107437299314,0.9999999999999999,
GSS,relexp,2,B2 sous-echantillon (sexe),0.9774293367974928,0.9774293367974928,0.9999999999999999,
GSS,relexper,2,B0 uniforme,0.9170359428852782,0.9170359428852782,,
GSS,relexper,2,B1 autre cohorte,0.9872508354390014,0.9872508354390014,0.9999999999999999,
GSS,relexper,2,B2 sous-echantillon (sexe),0.9850376428070454,0.9850376428070454,0.9999999999999999,
GSS,reliten,4,B0 uniforme,0.8764131551901336,0.7528263103802673,,
GSS,reliten,4,B1 autre cohorte,0.9917193646275296,0.9834387292550592,1.0,
GSS,reliten,4,B2 sous-echantillon (sexe),0.9899995053260892,0.9799990106521783,1.0,
GSS,rellife,4,B0 uniforme,0.904518222666001,0.809036445332002,,
GSS,rellife,4,B1 autre cohorte,0.9908445526782726,0.9816891053565453,1.0,
GSS,rellife,4,B2 sous-echantillon (sexe),0.9901127091856947,0.9802254183713895,1.0,
GSS,relneg,2,B0 uniforme,0.8706811451135242,0.8706811451135242,,
GSS,relneg,2,B1 autre cohorte,0.9887090335597394,0.9887090335597394,0.9999999999999999,
GSS,relneg,2,B2 sous-echantillon (sexe),0.9878251296766501,0.9878251296766501,0.9999999999999999,
GSS,relpersn,4,B0 uniforme,0.9176108374384236,0.8352216748768473,,
GSS,relpersn,4,B1 autre cohorte,0.9868854679802955,0.9737709359605912,0.7999999999999999,
GSS,relpersn,4,B2 sous-echantillon (sexe),0.985500524631089,0.9710010492621779,0.7999999999999999,
GSS,relsp1,2,B0 uniforme,0.6631530705774519,0.6631530705774519,,
GSS,relsp1,2,B1 autre cohorte,0.9629338859442873,0.9629338859442873,0.9999999999999999,
GSS,relsp1,2,B2 sous-echantillon (sexe),0.9612478443887815,0.9612478443887815,0.9999999999999999,
GSS,res16,6,B0 uniforme,0.941096412433992,0.8232892373019762,,
GSS,res16,6,B1 autre cohorte,0.992601472000062,0.9778044160001861,1.0,
GSS,res16,6,B2 sous-echantillon (sexe),0.9929782733974328,0.9789348201922985,1.0,
GSS,res2006,2,B0 uniforme,0.519588638589618,0.519588638589618,,
GSS,res2006,2,B1 autre cohorte,0.9922807976121624,0.9922807976121624,0.9999999999999999,
GSS,res2006,2,B2 sous-echantillon (sexe),0.9919477244854737,0.9919477244854737,0.9999999999999999,
GSS,richwork,2,B0 uniforme,0.8022432113341205,0.8022432113341205,,
GSS,richwork,2,B1 autre cohorte,0.9780771547986027,0.9780771547986027,0.9999999999999999,
GSS,richwork,2,B2 sous-echantillon (sexe),0.9799113409541218,0.9799113409541218,0.9999999999999999,
GSS,rifle,3,B0 uniforme,0.7074277734136336,0.5611416601204504,,
GSS,rifle,3,B1 autre cohorte,0.9832327308867519,0.974849096330128,1.0,
GSS,rifle,3,B2 sous-echantillon (sexe),0.9831427955356453,0.974714193303468,1.0,
GSS,rotapple,4,B0 uniforme,0.9230049875311721,0.8460099750623442,,
GSS,rotapple,4,B1 autre cohorte,0.9922964576357783,0.9845929152715568,1.0,
GSS,rotapple,4,B2 sous-echantillon (sexe),0.9923605832178438,0.9847211664356876,1.0,
GSS,rowngun,3,B0 uniforme,0.8007662835249042,0.7011494252873564,,
GSS,rowngun,3,B1 autre cohorte,0.9565090106303842,0.9347635159455763,1.0,
GSS,rowngun,3,B2 sous-echantillon (sexe),0.9471265374752041,0.9206898062128062,1.0,
GSS,rvisitor,2,B0 uniforme,0.50293542074364,0.50293542074364,,
GSS,rvisitor,2,B1 autre cohorte,0.9990418407491924,0.9990418407491924,0.9999999999999999,
GSS,rvisitor,2,B2 sous-echantillon (sexe),0.999034206752568,0.999034206752568,0.9999999999999999,
GSS,satfin,3,B0 uniforme,0.9219278159415549,0.8828917239123324,,
GSS,satfin,3,B1 autre cohorte,0.9668783198591835,0.9503174797887752,1.0,
GSS,satfin,3,B2 sous-echantillon (sexe),0.9670809935321797,0.9506214902982695,1.0,
GSS,satjob,4,B0 uniforme,0.8210078534031413,0.6420157068062827,,
GSS,satjob,4,B1 autre cohorte,0.9901900632635253,0.9803801265270506,1.0,
GSS,satjob,4,B2 sous-echantillon (sexe),0.9902370084304007,0.9804740168608015,1.0,
GSS,savesoul,2,B0 uniforme,0.9325649828347229,0.9325649828347229,,
GSS,savesoul,2,B1 autre cohorte,0.9790592642867368,0.9790592642867368,0.9999999999999999,
GSS,savesoul,2,B2 sous-echantillon (sexe),0.976579069036049,0.976579069036049,0.9999999999999999,
GSS,scibnfts,3,B0 uniforme,0.7286324786324787,0.592948717948718,,
GSS,scibnfts,3,B1 autre cohorte,0.987349229171659,0.9810238437574886,1.0,
GSS,scibnfts,3,B2 sous-echantillon (sexe),0.9875910384003982,0.9813865576005972,1.0,
GSS,scistudy,3,B0 uniforme,0.8831417624521073,0.8247126436781609,,
GSS,scistudy,3,B1 autre cohorte,0.9950982673305723,0.9926474009958584,1.0,
GSS,scistudy,3,B2 sous-echantillon (sexe),0.9937348509240833,0.990602276386125,1.0,
GSS,scitext,6,B0 uniforme,0.9223322332233224,0.7669966996699671,,
GSS,scitext,6,B1 autre cohorte,0.9767953732991447,0.930386119897434,0.942857142857143,
GSS,scitext,6,B2 sous-echantillon (sexe),0.9767237093609086,0.9301711280827258,0.942857142857143,
GSS,sex,2,B0 uniforme,0.9359099804305284,0.9359099804305284,,
GSS,sex,2,B1 autre cohorte,0.9761966833469891,0.9761966833469891,0.9999999999999999,
GSS,sex,2,B2 sous-echantillon (sexe),1.0,1.0,0.9999999999999999,
GSS,sexeduc,2,B0 uniforme,0.6042553191489362,0.6042553191489362,,
GSS,sexeduc,2,B1 autre cohorte,0.9870723861465358,0.9870723861465358,0.9999999999999999,
GSS,sexeduc,2,B2 sous-echantillon (sexe),0.9867575841592259,0.9867575841592259,0.9999999999999999,
GSS,sexfreq,7,B0 uniforme,0.953708880812599,0.8379810828440966,,
GSS,sexfreq,7,B1 autre cohorte,0.9886692062873021,0.9603422220055575,0.9642857142857145,
GSS,sexfreq,7,B2 sous-echantillon (sexe),0.9891644602080079,0.9620756107280276,0.9642857142857145,
GSS,sexornt,3,B0 uniforme,0.5769538215581382,0.36543073233720724,,
GSS,sexornt,3,B1 autre cohorte,0.9974541554494193,0.996181233174129,0.5,
GSS,sexornt,3,B2 sous-echantillon (sexe),0.9975150501393606,0.996272575209041,0.5,
GSS,sexsex,3,B0 uniforme,0.7825636117093403,0.6738454175640105,,
GSS,sexsex,3,B1 autre cohorte,0.9958413119339704,0.9937619679009556,1.0,
GSS,sexsex,3,B2 sous-echantillon (sexe),0.9725391337967249,0.9588087006950873,1.0,
GSS,sexsex5,3,B0 uniforme,0.7886568030171163,0.6829852045256745,,
GSS,sexsex5,3,B1 autre cohorte,0.992153640222807,0.9882304603342107,1.0,
GSS,sexsex5,3,B2 sous-echantillon (sexe),0.981737773255516,0.9726066598832741,1.0,
GSS,shotgun,3,B0 uniforme,0.7079514707165926,0.5619272060748888,,
GSS,shotgun,3,B1 autre cohorte,0.9832327308867519,0.9748490963301278,1.0,
GSS,shotgun,3,B2 sous-echantillon (sexe),0.9831427955356453,0.974714193303468,1.0,
GSS,socbar,7,B0 uniforme,0.906975412886052,0.6744139451011821,,
GSS,socbar,7,B1 autre cohorte,0.9903733346529777,0.9663066712854221,0.9642857142857145,
GSS,socbar,7,B2 sous-echantillon (sexe),0.9906849356400822,0.9673972747402877,0.9642857142857145,
GSS,socfrend,7,B0 uniforme,0.9308843537414966,0.758095238095238,,
GSS,socfrend,7,B1 autre cohorte,0.987217099352154,0.9552598477325389,0.9642857142857145,
GSS,socfrend,7,B2 sous-echantillon (sexe),0.9877190088052898,0.9570165308185146,0.9642857142857145,
GSS,socommun,7,B0 uniforme,0.9505967885050234,0.8270887597675817,,
GSS,socommun,7,B1 autre cohorte,0.9913121689878254,0.969592591457389,0.9642857142857145,
GSS,socommun,7,B2 sous-echantillon (sexe),0.9911425324780851,0.9689988636732979,0.9642857142857145,
GSS,socrel,7,B0 uniforme,0.9445184389545291,0.8058145363408521,,
GSS,socrel,7,B1 autre cohorte,0.9889398194280883,0.961289367998309,0.9642857142857145,
GSS,socrel,7,B2 sous-echantillon (sexe),0.989231326429909,0.9623096425046812,0.9642857142857145,
GSS,solarrev,4,B0 uniforme,0.7388845553822153,0.4777691107644306,,
GSS,solarrev,4,B1 autre cohorte,0.9913562205138808,0.9827124410277616,1.0,
GSS,solarrev,4,B2 sous-echantillon (sexe),0.9891617526439122,0.9783235052878243,1.0,
GSS,spaneng,2,B0 uniforme,0.5357142857142857,0.5357142857142857,,
GSS,spaneng,2,B1 autre cohorte,0.995674740484429,0.995674740484429,0.9999999999999999,
GSS,spaneng,2,B2 sous-echantillon (sexe),0.9956635236611678,0.9956635236611678,0.9999999999999999,
GSS,spanking,4,B0 uniforme,0.8967007762879322,0.7934015525758645,,
GSS,spanking,4,B1 autre cohorte,0.9837097153610915,0.9674194307221831,1.0,
GSS,spanking,4,B2 sous-echantillon (sexe),0.9860322945189088,0.9720645890378177,1.0,
GSS,spdeg,5,B0 uniforme,0.884054054054054,0.710135135135135,,
GSS,spdeg,5,B1 autre cohorte,0.9886022527180749,0.9715056317951871,0.9999999999999999,
GSS,spdeg,5,B2 sous-echantillon (sexe),0.9897584507692279,0.9743961269230695,0.9999999999999999,
GSS,spevwork,2,B0 uniforme,0.6132686084142395,0.6132686084142395,,
GSS,spevwork,2,B1 autre cohorte,0.9914611213154902,0.9914611213154902,0.9999999999999999,
GSS,spevwork,2,B2 sous-echantillon (sexe),0.9713771597051498,0.9713771597051498,0.9999999999999999,
GSS,spfund,3,B0 uniforme,0.9461437908496733,0.9192156862745098,,
GSS,spfund,3,B1 autre cohorte,0.981042211033926,0.971563316550889,1.0,
GSS,spfund,3,B2 sous-echantillon (sexe),0.9806694572653001,0.9710041858979502,1.0,
GSS,spkath,2,B0 uniforme,0.7460567823343849,0.7460567823343849,,
GSS,spkath,2,B1 autre cohorte,0.9897216607793876,0.9897216607793876,0.9999999999999999,
GSS,spkath,2,B2 sous-echantillon (sexe),0.9903286366493977,0.9903286366493977,0.9999999999999999,
GSS,spkcom,2,B0 uniforme,0.8405797101449275,0.8405797101449275,,
GSS,spkcom,2,B1 autre cohorte,0.9952865512532487,0.9952865512532487,0.9999999999999999,
GSS,spkcom,2,B2 sous-echantillon (sexe),0.9970676094401051,0.9970676094401051,0.9999999999999999,
GSS,spkhomo,2,B0 uniforme,0.6335453100158982,0.6335453100158982,,
GSS,spkhomo,2,B1 autre cohorte,0.9633486383063672,0.9633486383063672,0.9999999999999999,
GSS,spkhomo,2,B2 sous-echantillon (sexe),0.9627872313782628,0.9627872313782628,0.9999999999999999,
GSS,spklang,4,B0 uniforme,0.9244840525328331,0.848968105065666,,
GSS,spklang,4,B1 autre cohorte,0.9795353128612146,0.9590706257224294,1.0,
GSS,spklang,4,B2 sous-echantillon (sexe),0.9785306403188914,0.9570612806377827,1.0,
GSS,spkmil,2,B0 uniforme,0.8124006359300477,0.8124006359300477,,
GSS,spkmil,2,B1 autre cohorte,0.9727493849823601,0.9727493849823601,0.9999999999999999,
GSS,spkmil,2,B2 sous-echantillon (sexe),0.9723359525865383,0.9723359525865383,0.9999999999999999,
GSS,spkmslm,2,B0 uniforme,0.9177215189873418,0.9177215189873418,,
GSS,spkmslm,2,B1 autre cohorte,0.9907636876620406,0.9907636876620406,0.9999999999999999,
GSS,spkmslm,2,B2 sous-echantillon (sexe),0.9934962152475886,0.9934962152475886,0.9999999999999999,
GSS,spkrac,2,B0 uniforme,0.9138204924543288,0.9138204924543288,,
GSS,spkrac,2,B1 autre cohorte,0.9881402918593967,0.9881402918593967,0.9999999999999999,
GSS,spkrac,2,B2 sous-echantillon (sexe),0.9903971122651292,0.9903971122651292,0.9999999999999999,
GSS,sprtprsn,4,B0 uniforme,0.9112265084075173,0.8224530168150346,,
GSS,sprtprsn,4,B1 autre cohorte,0.9887734170731695,0.977546834146339,1.0,
GSS,sprtprsn,4,B2 sous-echantillon (sexe),0.9889171134580015,0.9778342269160031,1.0,
GSS,spwrkslf,2,B0 uniforme,0.6143867924528302,0.6143867924528302,,
GSS,spwrkslf,2,B1 autre cohorte,0.9883184163844542,0.9883184163844542,0.9999999999999999,
GSS,spwrkslf,2,B2 sous-echantillon (sexe),0.9861126778493894,0.9861126778493894,0.9999999999999999,
GSS,srcbelt,6,B0 uniforme,0.9219939117199392,0.7659817351598174,,
GSS,srcbelt,6,B1 autre cohorte,0.9919651180375454,0.9758953541126362,0.898645105261295,
GSS,srcbelt,6,B2 sous-echantillon (sexe),0.9920967069077873,0.9762901207233617,0.898645105261295,
GSS,suicide1,2,B0 uniforme,0.8943355119825708,0.8943355119825708,,
GSS,suicide1,2,B1 autre cohorte,0.996989688407239,0.996989688407239,0.9999999999999999,
GSS,suicide1,2,B2 sous-echantillon (sexe),0.9957064728329912,0.9957064728329912,0.9999999999999999,
GSS,suicide2,2,B0 uniforme,0.6109530583214794,0.6109530583214794,,
GSS,suicide2,2,B1 autre cohorte,0.9738444970643113,0.9738444970643113,0.9999999999999999,
GSS,suicide2,2,B2 sous-echantillon (sexe),0.9735532986813366,0.9735532986813366,0.9999999999999999,
GSS,suicide3,2,B0 uniforme,0.6090520313613685,0.6090520313613685,,
GSS,suicide3,2,B1 autre cohorte,0.9879685950710226,0.9879685950710226,0.9999999999999999,
GSS,suicide3,2,B2 sous-echantillon (sexe),0.986866971997916,0.986866971997916,0.9999999999999999,
GSS,suicide4,2,B0 uniforme,0.6864650827933765,0.6864650827933765,,
GSS,suicide4,2,B1 autre cohorte,0.9858687657383082,0.9858687657383082,0.9999999999999999,
GSS,suicide4,2,B2 sous-echantillon (sexe),0.9837167422386345,0.9837167422386345,0.9999999999999999,
GSS,tax,3,B0 uniforme,0.7902034936070592,0.6853052404105888,,
GSS,tax,3,B1 autre cohorte,0.9699044461215518,0.9548566691823277,1.0,
GSS,tax,3,B2 sous-echantillon (sexe),0.9691635615238743,0.9537453422858114,1.0,
GSS,teens,5,B0 uniforme,0.7280627758705248,0.320156939676312,,
GSS,teens,5,B1 autre cohorte,0.9914646825438815,0.9786617063597037,0.9999999999999999,
GSS,teens,5,B2 sous-echantillon (sexe),0.9912935737157242,0.9782339342893105,0.9999999999999999,
GSS,teensex,4,B0 uniforme,0.7895525017618041,0.5791050035236082,,
GSS,teensex,4,B1 autre cohorte,0.9816045196290106,0.9632090392580211,1.0,
GSS,teensex,4,B2 sous-echantillon (sexe),0.980545710524471,0.9610914210489421,1.0,
GSS,thnkself,5,B0 uniforme,0.9092068198665678,0.7730170496664195,,
GSS,thnkself,5,B1 autre cohorte,0.978452882553022,0.9461322063825549,0.9999999999999999,
GSS,thnkself,5,B2 sous-echantillon (sexe),0.9781201020633211,0.9453002551583028,0.9999999999999999,
GSS,toofast,4,B0 uniforme,0.8298507462686567,0.6597014925373135,,
GSS,toofast,4,B1 autre cohorte,0.9876442529619942,0.9752885059239883,0.7999999999999999,
GSS,toofast,4,B2 sous-echantillon (sexe),0.9876342736012703,0.9752685472025406,0.7999999999999999,
GSS,trust,3,B0 uniforme,0.8142209264658244,0.7213313896987367,,
GSS,trust,3,B1 autre cohorte,0.988141337120929,0.9822120056813934,1.0,
GSS,trust,3,B2 sous-echantillon (sexe),0.987637928237598,0.981456892356397,1.0,
GSS,unemp,2,B0 uniforme,0.8784570596797671,0.8784570596797671,,
GSS,unemp,2,B1 autre cohorte,0.9521881016105556,0.9521881016105556,0.9999999999999999,
GSS,unemp,2,B2 sous-echantillon (sexe),0.9515881284837654,0.9515881284837654,0.9999999999999999,
GSS,union,4,B0 uniforme,0.6793795620437957,0.35875912408759125,,
GSS,union,4,B1 autre cohorte,0.9811100480526321,0.9622200961052643,1.0,
GSS,union,4,B2 sous-echantillon (sexe),0.981258213332488,0.962516426664976,1.0,
GSS,unrelat,7,B0 uniforme,0.7951453308596166,0.28300865800865793,,
GSS,unrelat,7,B1 autre cohorte,0.9887531842405488,0.9606361448419211,0.9642857142857145,
GSS,unrelat,7,B2 sous-echantillon (sexe),0.9883767857779114,0.95931875022269,0.9642857142857145,
GSS,uscitzn,4,B0 uniforme,0.7622950819672132,0.5245901639344263,,
GSS,uscitzn,4,B1 autre cohorte,0.9878077726438382,0.9756155452876765,0.9486832980505139,
GSS,uscitzn,4,B2 sous-echantillon (sexe),0.9880012511920516,0.9760025023841032,0.9486832980505139,
GSS,uswary,2,B0 uniforme,0.9733542319749217,0.9733542319749217,,
GSS,uswary,2,B1 autre cohorte,0.9983139743259684,0.9983139743259684,0.9999999999999999,
GSS,uswary,2,B2 sous-echantillon (sexe),0.9994788454708445,0.9994788454708445,0.9999999999999999,
GSS,viruses,2,B0 uniforme,0.9909706546275395,0.9909706546275395,,
GSS,viruses,2,B1 autre cohorte,0.9312997719812819,0.9312997719812819,0.9999999999999999,
GSS,viruses,2,B2 sous-echantillon (sexe),0.9282225852939199,0.9282225852939199,0.9999999999999999,
GSS,visitors,4,B0 uniforme,0.6313600782778865,0.2627201565557731,,
GSS,visitors,4,B1 autre cohorte,0.9980887600809865,0.9961775201619729,1.0,
GSS,visitors,4,B2 sous-echantillon (sexe),0.9980242106586075,0.9960484213172149,1.0,
GSS,vote04,3,B0 uniforme,0.8124825076966135,0.7187237615449202,,
GSS,vote04,3,B1 autre cohorte,0.9818812688777794,0.9728219033166691,1.0,
GSS,vote04,3,B2 sous-echantillon (sexe),0.981868765725745,0.9728031485886175,1.0,
GSS,whoelse1,2,B0 uniforme,0.6134577603143418,0.6134577603143418,,
GSS,whoelse1,2,B1 autre cohorte,0.997433328794569,0.997433328794569,0.9999999999999999,
GSS,whoelse1,2,B2 sous-echantillon (sexe),0.9986620889364621,0.9986620889364621,0.9999999999999999,
GSS,whoelse2,2,B0 uniforme,0.5756385068762279,0.5756385068762279,,
GSS,whoelse2,2,B1 autre cohorte,0.9956486218366434,0.9956486218366434,0.9999999999999999,
GSS,whoelse2,2,B2 sous-echantillon (sexe),0.9962027080312807,0.9962027080312807,0.9999999999999999,
GSS,whoelse3,2,B0 uniforme,0.6601178781925344,0.6601178781925344,,
GSS,whoelse3,2,B1 autre cohorte,0.9814662802233072,0.9814662802233072,0.9999999999999999,
GSS,whoelse3,2,B2 sous-echantillon (sexe),0.9796892907467497,0.9796892907467497,0.9999999999999999,
GSS,whoelse4,2,B0 uniforme,0.5481335952848723,0.5481335952848723,,
GSS,whoelse4,2,B1 autre cohorte,0.9974109591705733,0.9974109591705733,0.9999999999999999,
GSS,whoelse4,2,B2 sous-echantillon (sexe),0.9978795987724289,0.9978795987724289,0.9999999999999999,
GSS,whoelse5,2,B0 uniforme,0.5888998035363457,0.5888998035363457,,
GSS,whoelse5,2,B1 autre cohorte,0.9615952459686048,0.9615952459686048,0.9999999999999999,
GSS,whoelse5,2,B2 sous-echantillon (sexe),0.9612196350960848,0.9612196350960848,0.9999999999999999,
GSS,whoelse6,2,B0 uniforme,0.8963654223968566,0.8963654223968566,,
GSS,whoelse6,2,B1 autre cohorte,0.9407632904744305,0.9407632904744305,0.9999999999999999,
GSS,whoelse6,2,B2 sous-echantillon (sexe),0.9412914748193432,0.9412914748193432,0.9999999999999999,
GSS,widowed,2,B0 uniforme,0.5292983808789514,0.5292983808789514,,
GSS,widowed,2,B1 autre cohorte,0.99640078767736,0.99640078767736,0.9999999999999999,
GSS,widowed,2,B2 sous-echantillon (sexe),0.996399217406476,0.996399217406476,0.9999999999999999,
GSS,wksub,2,B0 uniforme,0.6989449886963075,0.6989449886963075,,
GSS,wksub,2,B1 autre cohorte,0.997558507807189,0.997558507807189,0.9999999999999999,
GSS,wksub,2,B2 sous-echantillon (sexe),0.994641423350215,0.994641423350215,0.9999999999999999,
GSS,wksubs,2,B0 uniforme,0.7081362346263008,0.7081362346263008,,
GSS,wksubs,2,B1 autre cohorte,0.9834279130011157,0.9834279130011157,0.9999999999999999,
GSS,wksubs,2,B2 sous-echantillon (sexe),0.9826636801110495,0.9826636801110495,0.9999999999999999,
GSS,wksup,2,B0 uniforme,0.8663141993957704,0.8663141993957704,,
GSS,wksup,2,B1 autre cohorte,0.9823981154796865,0.9823981154796865,0.9999999999999999,
GSS,wksup,2,B2 sous-echantillon (sexe),0.9829353473280729,0.9829353473280729,0.9999999999999999,
GSS,wksups,2,B0 uniforme,0.7765072765072765,0.7765072765072765,,
GSS,wksups,2,B1 autre cohorte,0.9858780445936409,0.9858780445936409,0.9999999999999999,
GSS,wksups,2,B2 sous-echantillon (sexe),0.9814239677958103,0.9814239677958103,0.9999999999999999,
GSS,wlthblks,7,B0 uniforme,0.8722425386339507,0.5528488852188275,,
GSS,wlthblks,7,B1 autre cohorte,0.9906240068817908,0.9671840240862675,1.0,
GSS,wlthblks,7,B2 sous-echantillon (sexe),0.990767700308521,0.9676869510798235,1.0,
GSS,wlthwhts,7,B0 uniforme,0.8635442666275144,0.5224049331963001,,
GSS,wlthwhts,7,B1 autre cohorte,0.9930911181246506,0.9758189134362771,0.9642857142857145,
GSS,wlthwhts,7,B2 sous-echantillon (sexe),0.9930548290676943,0.9756919017369299,0.9642857142857145,
GSS,worda,2,B0 uniforme,0.6911013858497447,0.6911013858497447,,
GSS,worda,2,B1 autre cohorte,0.9798237242824139,0.9798237242824139,0.9999999999999999,
GSS,worda,2,B2 sous-echantillon (sexe),0.9775594304269543,0.9775594304269543,0.9999999999999999,
GSS,wordb,2,B0 uniforme,0.5891016200294551,0.5891016200294551,,
GSS,wordb,2,B1 autre cohorte,0.9887855778219325,0.9887855778219325,0.9999999999999999,
GSS,wordb,2,B2 sous-echantillon (sexe),0.9882901277439161,0.9882901277439161,0.9999999999999999,
GSS,wordc,2,B0 uniforme,0.7294117647058823,0.7294117647058823,,
GSS,wordc,2,B1 autre cohorte,0.9814935850883564,0.9814935850883564,0.9999999999999999,
GSS,wordc,2,B2 sous-echantillon (sexe),0.9797543917749347,0.9797543917749347,0.9999999999999999,
GSS,wordd,2,B0 uniforme,0.5466472303206997,0.5466472303206997,,
GSS,wordd,2,B1 autre cohorte,0.9973281434699774,0.9973281434699774,0.9999999999999999,
GSS,wordd,2,B2 sous-echantillon (sexe),0.9969270411168589,0.9969270411168589,0.9999999999999999,
GSS,worde,2,B0 uniforme,0.7051851851851851,0.7051851851851851,,
GSS,worde,2,B1 autre cohorte,0.991580313467106,0.991580313467106,0.9999999999999999,
GSS,worde,2,B2 sous-echantillon (sexe),0.9903125054886189,0.9903125054886189,0.9999999999999999,
GSS,wordf,2,B0 uniforme,0.6827715355805244,0.6827715355805244,,
GSS,wordf,2,B1 autre cohorte,0.9991289169081634,0.9991289169081634,0.9999999999999999,
GSS,wordf,2,B2 sous-echantillon (sexe),0.9995881173158541,0.9995881173158541,0.9999999999999999,
GSS,wordg,2,B0 uniforme,0.8491446345256609,0.8491446345256609,,
GSS,wordg,2,B1 autre cohorte,0.9892584072994342,0.9892584072994342,0.9999999999999999,
GSS,wordg,2,B2 sous-echantillon (sexe),0.9911899275444769,0.9911899275444769,0.9999999999999999,
GSS,wordh,2,B0 uniforme,0.8834329632792485,0.8834329632792485,,
GSS,wordh,2,B1 autre cohorte,0.9720274221597237,0.9720274221597237,0.9999999999999999,
GSS,wordh,2,B2 sous-echantillon (sexe),0.9745772176979313,0.9745772176979313,0.9999999999999999,
GSS,wordi,2,B0 uniforme,0.7443306510607169,0.7443306510607169,,
GSS,wordi,2,B1 autre cohorte,0.9901529905506026,0.9901529905506026,0.9999999999999999,
GSS,wordi,2,B2 sous-echantillon (sexe),0.9934048617122831,0.9934048617122831,0.9999999999999999,
GSS,wordj,2,B0 uniforme,0.7605740181268882,0.7605740181268882,,
GSS,wordj,2,B1 autre cohorte,0.9917280076558006,0.9917280076558006,0.9999999999999999,
GSS,wordj,2,B2 sous-echantillon (sexe),0.9909675232495919,0.9909675232495919,0.9999999999999999,
GSS,workblks,7,B0 uniforme,0.8879841581817376,0.6079445536360815,,
GSS,workblks,7,B1 autre cohorte,0.9915313590357652,0.9703597566251781,0.9642857142857145,
GSS,workblks,7,B2 sous-echantillon (sexe),0.9915828108944316,0.9705398381305104,0.9642857142857145,
GSS,workhard,5,B0 uniforme,0.8826982950333581,0.7067457375833951,,
GSS,workhard,5,B1 autre cohorte,0.9830663281571074,0.9576658203927684,0.9999999999999999,
GSS,workhard,5,B2 sous-echantillon (sexe),0.9829440338580673,0.9573600846451683,0.9999999999999999,
GSS,workwhts,7,B0 uniforme,0.8759596257275474,0.5658586900464158,,
GSS,workwhts,7,B1 autre cohorte,0.9922914517792677,0.9730200812274368,1.0,
GSS,workwhts,7,B2 sous-echantillon (sexe),0.9922095505297185,0.9727334268540149,1.0,
GSS,wrkgovt,2,B0 uniforme,0.6934976402726796,0.6934976402726796,,
GSS,wrkgovt,2,B1 autre cohorte,0.9856146312677904,0.9856146312677904,0.9999999999999999,
GSS,wrkgovt,2,B2 sous-echantillon (sexe),0.9860495237263103,0.9860495237263103,0.9999999999999999,
GSS,wrkslf,2,B0 uniforme,0.6206185567010309,0.6206185567010309,,
GSS,wrkslf,2,B1 autre cohorte,0.994805345239725,0.994805345239725,0.9999999999999999,
GSS,wrkslf,2,B2 sous-echantillon (sexe),0.9927186489206484,0.9927186489206484,0.9999999999999999,
GSS,wrkwayup,5,B0 uniforme,0.8765021156558533,0.6912552891396333,,
GSS,wrkwayup,5,B1 autre cohorte,0.9854559157613669,0.9636397894034173,0.9999999999999999,
GSS,wrkwayup,5,B2 sous-echantillon (sexe),0.9853751954360247,0.9634379885900617,0.9999999999999999,
GSS,xmarsex,4,B0 uniforme,0.7338677751385589,0.467735550277118,,
GSS,xmarsex,4,B1 autre cohorte,0.9814936706445736,0.9629873412891471,1.0,
GSS,xmarsex,4,B2 sous-echantillon (sexe),0.9808086492941691,0.9616172985883381,1.0,
GSS,xmovie,2,B0 uniforme,0.7512783053323594,0.7512783053323594,,
GSS,xmovie,2,B1 autre cohorte,0.9944781522322163,0.9944781522322163,0.9999999999999999,
GSS,xmovie,2,B2 sous-echantillon (sexe),0.9911892832114628,0.9911892832114628,0.9999999999999999,
GSS,year,2,B0 uniforme,0.5,0.5,,
GSS,year,2,B1 autre cohorte,0.0,0.0,-0.9999999999999999,
GSS,year,2,B2 sous-echantillon (sexe),0.0,0.0,-0.9999999999999999,
GSS,abany,2,BAD item permute,0.4986543313709,0.4986543313709,-0.9999999999999999,
GSS,abany,2,BAD camp inverse,0.8603141794129806,0.8603141794129806,-0.9999999999999999,
GSS,abdefect,2,BAD item permute,0.8462024809923969,0.8462024809923969,0.9999999999999999,
GSS,abdefect,2,BAD camp inverse,0.5003235166808279,0.5003235166808279,-0.9999999999999999,
GSS,abhlth,2,BAD item permute,0.1547841358765728,0.1547841358765728,-0.9999999999999999,
GSS,abhlth,2,BAD camp inverse,0.23725617354594242,0.23725617354594242,-0.9999999999999999,
GSS,abnomore,2,BAD item permute,0.7214514784553161,0.7214514784553161,-0.9999999999999999,
GSS,abnomore,2,BAD camp inverse,0.9270715406447214,0.9270715406447214,-0.9999999999999999,
GSS,abpoor,2,BAD item permute,0.8194303286374042,0.8194303286374042,0.9999999999999999,
GSS,abpoor,2,BAD camp inverse,0.8835962763535422,0.8835962763535422,-0.9999999999999999,
GSS,abrape,2,BAD item permute,0.5367718617096005,0.5367718617096005,-0.9999999999999999,
GSS,abrape,2,BAD camp inverse,0.4336222165991903,0.4336222165991903,-0.9999999999999999,
GSS,absingle,2,BAD item permute,0.5870267726332788,0.5870267726332788,-0.9999999999999999,
GSS,absingle,2,BAD camp inverse,0.8387008740457729,0.8387008740457729,-0.9999999999999999,
GSS,acqntsex,2,BAD item permute,0.9948896069335876,0.9948896069335876,0.9999999999999999,
GSS,acqntsex,2,BAD camp inverse,0.7762322628827483,0.7762322628827483,-0.9999999999999999,
GSS,astrolgy,2,BAD item permute,0.7797962304066632,0.7797962304066632,-0.9999999999999999,
GSS,astrolgy,2,BAD camp inverse,0.9273972390948498,0.9273972390948498,-0.9999999999999999,
GSS,balpos,2,BAD item permute,0.8473267165525803,0.8473267165525803,0.9999999999999999,
GSS,balpos,2,BAD camp inverse,0.7048699551569507,0.7048699551569507,-0.9999999999999999,
GSS,betrlang,2,BAD item permute,0.5219669583769483,0.5219669583769483,-0.9999999999999999,
GSS,betrlang,2,BAD camp inverse,0.12041461013681998,0.12041461013681998,-0.9999999999999999,
GSS,bigbang,2,BAD item permute,0.6337883117610803,0.6337883117610803,0.9999999999999999,
GSS,bigbang,2,BAD camp inverse,0.9649511657915814,0.9649511657915814,0.9999999999999999,
GSS,born,2,BAD item permute,0.856165753605181,0.856165753605181,0.9999999999999999,
GSS,born,2,BAD camp inverse,0.25238368647968823,0.25238368647968823,-0.9999999999999999,
GSS,boyorgrl,2,BAD item permute,0.9484074467297103,0.9484074467297103,0.9999999999999999,
GSS,boyorgrl,2,BAD camp inverse,0.5771644944676029,0.5771644944676029,-0.9999999999999999,
GSS,cappun,2,BAD item permute,0.7721898091497259,0.7721898091497259,0.9999999999999999,
GSS,cappun,2,BAD camp inverse,0.6607929623930754,0.6607929623930754,-0.9999999999999999,
GSS,colath,2,BAD item permute,0.984105789327894,0.984105789327894,0.9999999999999999,
GSS,colath,2,BAD camp inverse,0.7569305401062909,0.7569305401062909,-0.9999999999999999,
GSS,colcom,2,BAD item permute,0.8584970242863676,0.8584970242863676,-0.9999999999999999,
GSS,colcom,2,BAD camp inverse,0.749975422144744,0.749975422144744,-0.9999999999999999,
GSS,colhomo,2,BAD item permute,0.3245250835914457,0.3245250835914457,-0.9999999999999999,
GSS,colhomo,2,BAD camp inverse,0.3500684147413379,0.3500684147413379,-0.9999999999999999,
GSS,colmil,2,BAD item permute,0.7092194866422211,0.7092194866422211,0.9999999999999999,
GSS,colmil,2,BAD camp inverse,0.891848224306,0.891848224306,-0.9999999999999999,
GSS,colmslm,2,BAD item permute,0.7635765091232232,0.7635765091232232,0.9999999999999999,
GSS,colmslm,2,BAD camp inverse,0.6343371159300081,0.6343371159300081,-0.9999999999999999,
GSS,colrac,2,BAD item permute,0.7234179503536137,0.7234179503536137,0.9999999999999999,
GSS,colrac,2,BAD camp inverse,0.9426259048111043,0.9426259048111043,-0.9999999999999999,
GSS,colsci,2,BAD item permute,0.7857344627541536,0.7857344627541536,0.9999999999999999,
GSS,colsci,2,BAD camp inverse,0.8478687154580316,0.8478687154580316,-0.9999999999999999,
GSS,condom,2,BAD item permute,0.8722639222151101,0.8722639222151101,0.9999999999999999,
GSS,condom,2,BAD camp inverse,0.48192924441993,0.48192924441993,-0.9999999999999999,
GSS,condrift,2,BAD item permute,0.9381861852554915,0.9381861852554915,0.9999999999999999,
GSS,condrift,2,BAD camp inverse,0.22257071262794847,0.22257071262794847,-0.9999999999999999,
GSS,consent,2,BAD item permute,0.8362544924214803,0.8362544924214803,0.9999999999999999,
GSS,consent,2,BAD camp inverse,0.33497420915998455,0.33497420915998455,-0.9999999999999999,
GSS,divorce,2,BAD item permute,0.761080902949415,0.761080902949415,0.9999999999999999,
GSS,divorce,2,BAD camp inverse,0.4847343867124315,0.4847343867124315,-0.9999999999999999,
GSS,earthsun,2,BAD item permute,0.8638004532472894,0.8638004532472894,0.9999999999999999,
GSS,earthsun,2,BAD camp inverse,0.4194114434884526,0.4194114434884526,-0.9999999999999999,
GSS,electron,2,BAD item permute,0.5211993475093439,0.5211993475093439,-0.9999999999999999,
GSS,electron,2,BAD camp inverse,0.5818658238448343,0.5818658238448343,-0.9999999999999999,
GSS,evcrack,2,BAD item permute,0.12436339188167067,0.12436339188167067,-0.9999999999999999,
GSS,evcrack,2,BAD camp inverse,0.1263621149197297,0.1263621149197297,-0.9999999999999999,
GSS,evidu,2,BAD item permute,0.8141656470423388,0.8141656470423388,0.9999999999999999,
GSS,evidu,2,BAD camp inverse,0.0713715036662037,0.0713715036662037,-0.9999999999999999,
GSS,evolved,2,BAD item permute,0.825515907883698,0.825515907883698,-0.9999999999999999,
GSS,evolved,2,BAD camp inverse,0.9396746705941141,0.9396746705941141,-0.9999999999999999,
GSS,evpaidsx,2,BAD item permute,0.7649218407743915,0.7649218407743915,0.9999999999999999,
GSS,evpaidsx,2,BAD camp inverse,0.16241685144124174,0.16241685144124174,-0.9999999999999999,
GSS,evwork,2,BAD item permute,0.7098461863323664,0.7098461863323664,0.9999999999999999,
GSS,evwork,2,BAD camp inverse,0.2288169200264376,0.2288169200264376,-0.9999999999999999,
GSS,expdesgn,2,BAD item permute,0.48741244497753844,0.48741244497753844,-0.9999999999999999,
GSS,expdesgn,2,BAD camp inverse,0.34790466605280623,0.34790466605280623,-0.9999999999999999,
GSS,fear,2,BAD item permute,0.7127210031347962,0.7127210031347962,-0.9999999999999999,
GSS,fear,2,BAD camp inverse,0.6665253026158934,0.6665253026158934,-0.9999999999999999,
GSS,fepol,2,BAD item permute,0.6361640467199438,0.6361640467199438,-0.9999999999999999,
GSS,fepol,2,BAD camp inverse,0.47765959213498066,0.47765959213498066,-0.9999999999999999,
GSS,fepres,2,BAD item permute,0.9324906146521045,0.9324906146521045,0.9999999999999999,
GSS,fepres,2,BAD camp inverse,0.10175712993963681,0.10175712993963681,-0.9999999999999999,
GSS,frndsex,2,BAD item permute,0.6302880700325733,0.6302880700325733,-0.9999999999999999,
GSS,frndsex,2,BAD camp inverse,0.6846550572120604,0.6846550572120604,-0.9999999999999999,
GSS,gender1,2,BAD item permute,0.7442234278424401,0.7442234278424401,0.9999999999999999,
GSS,gender1,2,BAD camp inverse,0.8814480149449726,0.8814480149449726,-0.9999999999999999,
GSS,gender2,2,BAD item permute,0.788887062980157,0.788887062980157,0.9999999999999999,
GSS,gender2,2,BAD camp inverse,0.7058743529607683,0.7058743529607683,-0.9999999999999999,
GSS,gender3,2,BAD item permute,0.8755361956479275,0.8755361956479275,-0.9999999999999999,
GSS,gender3,2,BAD camp inverse,0.9853069804187122,0.9853069804187122,-0.9999999999999999,
GSS,gender4,2,BAD item permute,0.555032690625911,0.555032690625911,-0.9999999999999999,
GSS,gender4,2,BAD camp inverse,0.9331355702845984,0.9331355702845984,-0.9999999999999999,
GSS,grass,2,BAD item permute,0.8148178102464686,0.8148178102464686,-0.9999999999999999,
GSS,grass,2,BAD camp inverse,0.876706159914852,0.876706159914852,-0.9999999999999999,
GSS,gunlaw,2,BAD item permute,0.45142088438705286,0.45142088438705286,-0.9999999999999999,
GSS,gunlaw,2,BAD camp inverse,0.4672204636524986,0.4672204636524986,-0.9999999999999999,
GSS,hivtest,2,BAD item permute,0.6920695924507201,0.6920695924507201,-0.9999999999999999,
GSS,hivtest,2,BAD camp inverse,0.8076371456480782,0.8076371456480782,-0.9999999999999999,
GSS,hotcore,2,BAD item permute,0.3360739148803291,0.3360739148803291,-0.9999999999999999,
GSS,hotcore,2,BAD camp inverse,0.1306070535799374,0.1306070535799374,-0.9999999999999999,
GSS,hsbio,2,BAD item permute,0.948622273249139,0.948622273249139,0.9999999999999999,
GSS,hsbio,2,BAD camp inverse,0.3897603278723156,0.3897603278723156,-0.9999999999999999,
GSS,hschem,2,BAD item permute,0.5648579870540213,0.5648579870540213,-0.9999999999999999,
GSS,hschem,2,BAD camp inverse,0.9120263189959791,0.9120263189959791,-0.9999999999999999,
GSS,hsphys,2,BAD item permute,0.8083735909822867,0.8083735909822867,-0.9999999999999999,
GSS,hsphys,2,BAD camp inverse,0.6394991731632412,0.6394991731632412,-0.9999999999999999,
GSS,intrhome,2,BAD item permute,0.7257318438159197,0.7257318438159197,-0.9999999999999999,
GSS,intrhome,2,BAD camp inverse,0.5688126939181252,0.5688126939181252,-0.9999999999999999,
GSS,intsex,2,BAD item permute,0.6831047470904891,0.6831047470904891,-0.9999999999999999,
GSS,intsex,2,BAD camp inverse,0.34838764017490753,0.34838764017490753,-0.9999999999999999,
GSS,issp,2,BAD item permute,0.9472141319074017,0.9472141319074017,0.9999999999999999,
GSS,issp,2,BAD camp inverse,0.6256509050034196,0.6256509050034196,-0.9999999999999999,
GSS,lasers,2,BAD item permute,0.5440957352456732,0.5440957352456732,-0.9999999999999999,
GSS,lasers,2,BAD camp inverse,0.613763842079923,0.613763842079923,-0.9999999999999999,
GSS,letdie1,2,BAD item permute,0.5333973882239459,0.5333973882239459,-0.9999999999999999,
GSS,letdie1,2,BAD camp inverse,0.6479551538789519,0.6479551538789519,-0.9999999999999999,
GSS,libath,2,BAD item permute,0.8213315228161627,0.8213315228161627,0.9999999999999999,
GSS,libath,2,BAD camp inverse,0.5234053219858841,0.5234053219858841,-0.9999999999999999,
GSS,libcom,2,BAD item permute,0.5475554449299133,0.5475554449299133,-0.9999999999999999,
GSS,libcom,2,BAD camp inverse,0.6077056727759487,0.6077056727759487,-0.9999999999999999,
GSS,libhomo,2,BAD item permute,0.971254671211259,0.971254671211259,0.9999999999999999,
GSS,libhomo,2,BAD camp inverse,0.45417124962175603,0.45417124962175603,-0.9999999999999999,
GSS,libmil,2,BAD item permute,0.49468913357802247,0.49468913357802247,-0.9999999999999999,
GSS,libmil,2,BAD camp inverse,0.5834779733862303,0.5834779733862303,-0.9999999999999999,
GSS,libmslm,2,BAD item permute,0.5232382203063219,0.5232382203063219,-0.9999999999999999,
GSS,libmslm,2,BAD camp inverse,0.9877929885125885,0.9877929885125885,-0.9999999999999999,
GSS,librac,2,BAD item permute,0.7027284871550754,0.7027284871550754,0.9999999999999999,
GSS,librac,2,BAD camp inverse,0.6858650915603216,0.6858650915603216,-0.9999999999999999,
GSS,matesex,2,BAD item permute,0.9651558947360871,0.9651558947360871,0.9999999999999999,
GSS,matesex,2,BAD camp inverse,0.19059018378438564,0.19059018378438564,-0.9999999999999999,
GSS,mawrkgrw,2,BAD item permute,0.8108820540792582,0.8108820540792582,0.9999999999999999,
GSS,mawrkgrw,2,BAD camp inverse,0.6126326508736198,0.6126326508736198,-0.9999999999999999,
GSS,mawrkslf,2,BAD item permute,0.26289096721765104,0.26289096721765104,-0.9999999999999999,
GSS,mawrkslf,2,BAD camp inverse,0.22766199098944917,0.22766199098944917,-0.9999999999999999,
GSS,odds1,2,BAD item permute,0.8889253809774041,0.8889253809774041,0.9999999999999999,
GSS,odds1,2,BAD camp inverse,0.22635312664214402,0.22635312664214402,-0.9999999999999999,
GSS,odds2,2,BAD item permute,0.8856295451991459,0.8856295451991459,0.9999999999999999,
GSS,odds2,2,BAD camp inverse,0.4183517856373584,0.4183517856373584,-0.9999999999999999,
GSS,othersex,2,BAD item permute,0.17625056623309387,0.17625056623309387,-0.9999999999999999,
GSS,othersex,2,BAD camp inverse,0.12606235252354403,0.12606235252354403,-0.9999999999999999,
GSS,othlang,2,BAD item permute,0.9560650799352585,0.9560650799352585,0.9999999999999999,
GSS,othlang,2,BAD camp inverse,0.5365759518956655,0.5365759518956655,-0.9999999999999999,
GSS,paidsex,2,BAD item permute,0.2792313182569246,0.2792313182569246,-0.9999999999999999,
GSS,paidsex,2,BAD camp inverse,0.08387184049782004,0.08387184049782004,-0.9999999999999999,
GSS,partfull,2,BAD item permute,0.42687039938947235,0.42687039938947235,-0.9999999999999999,
GSS,partfull,2,BAD camp inverse,0.45674350613722936,0.45674350613722936,-0.9999999999999999,
GSS,pawrkslf,2,BAD item permute,0.7505114566284778,0.7505114566284778,0.9999999999999999,
GSS,pawrkslf,2,BAD camp inverse,0.4866764926071496,0.4866764926071496,-0.9999999999999999,
GSS,phase,2,BAD item permute,0.9930550513145195,0.9930550513145195,0.9999999999999999,
GSS,phase,2,BAD camp inverse,0.3920090195627002,0.3920090195627002,-0.9999999999999999,
GSS,pikupsex,2,BAD item permute,0.8827579597643954,0.8827579597643954,0.9999999999999999,
GSS,pikupsex,2,BAD camp inverse,0.7536096589494647,0.7536096589494647,-0.9999999999999999,
GSS,polabuse,2,BAD item permute,0.9182587378362529,0.9182587378362529,0.9999999999999999,
GSS,polabuse,2,BAD camp inverse,0.18913761269456464,0.18913761269456464,-0.9999999999999999,
GSS,polattak,2,BAD item permute,0.9160518922140394,0.9160518922140394,0.9999999999999999,
GSS,polattak,2,BAD camp inverse,0.25164475126013586,0.25164475126013586,-0.9999999999999999,
GSS,polescap,2,BAD item permute,0.7244013246301304,0.7244013246301304,-0.9999999999999999,
GSS,polescap,2,BAD camp inverse,0.560293388530041,0.560293388530041,-0.9999999999999999,
GSS,polhitok,2,BAD item permute,0.6565311397186739,0.6565311397186739,-0.9999999999999999,
GSS,polhitok,2,BAD camp inverse,0.6336984784283514,0.6336984784283514,-0.9999999999999999,
GSS,polmurdr,2,BAD item permute,0.9699669508344806,0.9699669508344806,0.9999999999999999,
GSS,polmurdr,2,BAD camp inverse,0.2851763381697926,0.2851763381697926,-0.9999999999999999,
GSS,postlife,2,BAD item permute,0.5711013406164582,0.5711013406164582,-0.9999999999999999,
GSS,postlife,2,BAD camp inverse,0.37491546297425704,0.37491546297425704,-0.9999999999999999,
GSS,prayer,2,BAD item permute,0.8452911261592015,0.8452911261592015,-0.9999999999999999,
GSS,prayer,2,BAD camp inverse,0.8435854341736695,0.8435854341736695,-0.9999999999999999,
GSS,racdif1,2,BAD item permute,0.5966480464293596,0.5966480464293596,-0.9999999999999999,
GSS,racdif1,2,BAD camp inverse,0.7501109014390754,0.7501109014390754,-0.9999999999999999,
GSS,racdif2,2,BAD item permute,0.33922671897584145,0.33922671897584145,-0.9999999999999999,
GSS,racdif2,2,BAD camp inverse,0.21130651931353273,0.21130651931353273,-0.9999999999999999,
GSS,racdif3,2,BAD item permute,0.9783537157704288,0.9783537157704288,-0.9999999999999999,
GSS,racdif3,2,BAD camp inverse,0.9427681972308325,0.9427681972308325,-0.9999999999999999,
GSS,racdif4,2,BAD item permute,0.7351877120668573,0.7351877120668573,0.9999999999999999,
GSS,racdif4,2,BAD camp inverse,0.9946896380711564,0.9946896380711564,0.9999999999999999,
GSS,raclive,2,BAD item permute,0.6298072927809496,0.6298072927809496,-0.9999999999999999,
GSS,raclive,2,BAD camp inverse,0.602595053674558,0.602595053674558,-0.9999999999999999,
GSS,racpres,2,BAD item permute,0.9761438620954633,0.9761438620954633,0.9999999999999999,
GSS,racpres,2,BAD camp inverse,0.1004677586853886,0.1004677586853886,-0.9999999999999999,
GSS,radioact,2,BAD item permute,0.8591371978513876,0.8591371978513876,0.9999999999999999,
GSS,radioact,2,BAD camp inverse,0.44088798332069756,0.44088798332069756,-0.9999999999999999,
GSS,reborn,2,BAD item permute,0.7117136074770014,0.7117136074770014,0.9999999999999999,
GSS,reborn,2,BAD camp inverse,0.7643353952054494,0.7643353952054494,-0.9999999999999999,
GSS,relatsex,2,BAD item permute,0.5174824778378228,0.5174824778378228,-0.9999999999999999,
GSS,relatsex,2,BAD camp inverse,0.1855003838424596,0.1855003838424596,-0.9999999999999999,
GSS,relexp,2,BAD item permute,0.9355105552246707,0.9355105552246707,0.9999999999999999,
GSS,relexp,2,BAD camp inverse,0.8466762127918077,0.8466762127918077,-0.9999999999999999,
GSS,relexper,2,BAD item permute,0.6498484428852782,0.6498484428852782,-0.9999999999999999,
GSS,relexper,2,BAD camp inverse,0.8468210503315551,0.8468210503315551,-0.9999999999999999,
GSS,relneg,2,BAD item permute,0.9912556274114535,0.9912556274114535,0.9999999999999999,
GSS,relneg,2,BAD camp inverse,0.7526532566673091,0.7526532566673091,-0.9999999999999999,
GSS,relsp1,2,BAD item permute,0.8975498048219092,0.8975498048219092,0.9999999999999999,
GSS,relsp1,2,BAD camp inverse,0.28924002709919105,0.28924002709919105,-0.9999999999999999,
GSS,res2006,2,BAD item permute,0.9740440841341724,0.9740440841341724,0.9999999999999999,
GSS,res2006,2,BAD camp inverse,0.031458074791398394,0.031458074791398394,-0.9999999999999999,
GSS,richwork,2,BAD item permute,0.6977567886658795,0.6977567886658795,0.9999999999999999,
GSS,richwork,2,BAD camp inverse,0.5825635774668436,0.5825635774668436,-0.9999999999999999,
GSS,rvisitor,2,BAD item permute,0.35839580618261213,0.35839580618261213,-0.9999999999999999,
GSS,rvisitor,2,BAD camp inverse,0.004912682236472343,0.004912682236472343,-0.9999999999999999,
GSS,savesoul,2,BAD item permute,0.9854607357304758,0.9854607357304758,0.9999999999999999,
GSS,savesoul,2,BAD camp inverse,0.8860707013827089,0.8860707013827089,-0.9999999999999999,
GSS,sex,2,BAD item permute,0.5513338823712843,0.5513338823712843,-0.9999999999999999,
GSS,sex,2,BAD camp inverse,0.8956232775140677,0.8956232775140677,-0.9999999999999999,
GSS,sexeduc,2,BAD item permute,0.7228450627386798,0.7228450627386798,0.9999999999999999,
GSS,sexeduc,2,BAD camp inverse,0.19558302444440812,0.19558302444440812,-0.9999999999999999,
GSS,spaneng,2,BAD item permute,0.8389487870619946,0.8389487870619946,0.9999999999999999,
GSS,spaneng,2,BAD camp inverse,0.07575383094414234,0.07575383094414234,-0.9999999999999999,
GSS,spevwork,2,BAD item permute,0.16376365791919,0.16376365791919,-0.9999999999999999,
GSS,spevwork,2,BAD camp inverse,0.21799833814396918,0.21799833814396918,-0.9999999999999999,
GSS,spkath,2,BAD item permute,0.8621144238912961,0.8621144238912961,0.9999999999999999,
GSS,spkath,2,BAD camp inverse,0.4818352254481574,0.4818352254481574,-0.9999999999999999,
GSS,spkcom,2,BAD item permute,0.38455508393560467,0.38455508393560467,-0.9999999999999999,
GSS,spkcom,2,BAD camp inverse,0.6764459715431038,0.6764459715431038,-0.9999999999999999,
GSS,spkhomo,2,BAD item permute,0.8177558363316877,0.8177558363316877,0.9999999999999999,
GSS,spkhomo,2,BAD camp inverse,0.3037419817254292,0.3037419817254292,-0.9999999999999999,
GSS,spkmil,2,BAD item permute,0.9341955077249195,0.9341955077249195,0.9999999999999999,
GSS,spkmil,2,BAD camp inverse,0.6520518868777354,0.6520518868777354,-0.9999999999999999,
GSS,spkmslm,2,BAD item permute,0.5224512487170715,0.5224512487170715,-0.9999999999999999,
GSS,spkmslm,2,BAD camp inverse,0.844679350312643,0.844679350312643,-0.9999999999999999,
GSS,spkrac,2,BAD item permute,0.8778576154241664,0.8778576154241664,-0.9999999999999999,
GSS,spkrac,2,BAD camp inverse,0.8157812767680543,0.8157812767680543,-0.9999999999999999,
GSS,spwrkslf,2,BAD item permute,0.6206999237659615,0.6206999237659615,0.9999999999999999,
GSS,spwrkslf,2,BAD camp inverse,0.2404551685212063,0.2404551685212063,-0.9999999999999999,
GSS,suicide1,2,BAD item permute,0.6940297015850173,0.6940297015850173,-0.9999999999999999,
GSS,suicide1,2,BAD camp inverse,0.7916813355579025,0.7916813355579025,-0.9999999999999999,
GSS,suicide2,2,BAD item permute,0.5164432543999108,0.5164432543999108,-0.9999999999999999,
GSS,suicide2,2,BAD camp inverse,0.1957506137072701,0.1957506137072701,-0.9999999999999999,
GSS,suicide3,2,BAD item permute,0.4070993078259112,0.4070993078259112,-0.9999999999999999,
GSS,suicide3,2,BAD camp inverse,0.20607265779375972,0.20607265779375972,-0.9999999999999999,
GSS,suicide4,2,BAD item permute,0.2831645616584605,0.2831645616584605,-0.9999999999999999,
GSS,suicide4,2,BAD camp inverse,0.35879893132506124,0.35879893132506124,-0.9999999999999999,
GSS,unemp,2,BAD item permute,0.4849350939314425,0.4849350939314425,-0.9999999999999999,
GSS,unemp,2,BAD camp inverse,0.7091022209700897,0.7091022209700897,-0.9999999999999999,
GSS,uswary,2,BAD item permute,0.9021246952281434,0.9021246952281434,0.9999999999999999,
GSS,uswary,2,BAD camp inverse,0.948394489623875,0.948394489623875,-0.9999999999999999,
GSS,viruses,2,BAD item permute,0.6700829261680095,0.6700829261680095,-0.9999999999999999,
GSS,viruses,2,BAD camp inverse,0.9132410812363609,0.9132410812363609,-0.9999999999999999,
GSS,whoelse1,2,BAD item permute,0.41796226481884635,0.41796226481884635,-0.9999999999999999,
GSS,whoelse1,2,BAD camp inverse,0.22434884942325273,0.22434884942325273,-0.9999999999999999,
GSS,whoelse2,2,BAD item permute,0.4024993483001761,0.4024993483001761,-0.9999999999999999,
GSS,whoelse2,2,BAD camp inverse,0.1469256355890991,0.1469256355890991,-0.9999999999999999,
GSS,whoelse3,2,BAD item permute,0.9569542598040025,0.9569542598040025,0.9999999999999999,
GSS,whoelse3,2,BAD camp inverse,0.301702036608376,0.301702036608376,-0.9999999999999999,
GSS,whoelse4,2,BAD item permute,0.7123292958037751,0.7123292958037751,0.9999999999999999,
GSS,whoelse4,2,BAD camp inverse,0.09367814974031785,0.09367814974031785,-0.9999999999999999,
GSS,whoelse5,2,BAD item permute,0.5638805579628277,0.5638805579628277,-0.9999999999999999,
GSS,whoelse5,2,BAD camp inverse,0.13939485304129628,0.13939485304129628,-0.9999999999999999,
GSS,whoelse6,2,BAD item permute,0.7181937806058118,0.7181937806058118,-0.9999999999999999,
GSS,whoelse6,2,BAD camp inverse,0.7334941352681437,0.7334941352681437,-0.9999999999999999,
GSS,widowed,2,BAD item permute,0.9659499645893587,0.9659499645893587,0.9999999999999999,
GSS,widowed,2,BAD camp inverse,0.054997549435262805,0.054997549435262805,-0.9999999999999999,
GSS,wksub,2,BAD item permute,0.44283323083833315,0.44283323083833315,-0.9999999999999999,
GSS,wksub,2,BAD camp inverse,0.395448485199804,0.395448485199804,-0.9999999999999999,
GSS,wksubs,2,BAD item permute,0.6511509405086537,0.6511509405086537,-0.9999999999999999,
GSS,wksubs,2,BAD camp inverse,0.3997003822537173,0.3997003822537173,-0.9999999999999999,
GSS,wksup,2,BAD item permute,0.9393563680704692,0.9393563680704692,0.9999999999999999,
GSS,wksup,2,BAD camp inverse,0.7502302833118543,0.7502302833118543,-0.9999999999999999,
GSS,wksups,2,BAD item permute,0.9143277893277892,0.9143277893277892,0.9999999999999999,
GSS,wksups,2,BAD camp inverse,0.538892597608194,0.538892597608194,-0.9999999999999999,
GSS,worda,2,BAD item permute,0.7613162784034678,0.7613162784034678,0.9999999999999999,
GSS,worda,2,BAD camp inverse,0.3620264959819033,0.3620264959819033,-0.9999999999999999,
GSS,wordb,2,BAD item permute,0.9956959353563356,0.9956959353563356,0.9999999999999999,
GSS,wordb,2,BAD camp inverse,0.16698881788084274,0.16698881788084274,-0.9999999999999999,
GSS,wordc,2,BAD item permute,0.30069889341875355,0.30069889341875355,-0.9999999999999999,
GSS,wordc,2,BAD camp inverse,0.440317114500121,0.440317114500121,-0.9999999999999999,
GSS,wordd,2,BAD item permute,0.6346564539947965,0.6346564539947965,0.9999999999999999,
GSS,wordd,2,BAD camp inverse,0.0906226041113769,0.0906226041113769,-0.9999999999999999,
GSS,worde,2,BAD item permute,0.7454718881016459,0.7454718881016459,0.9999999999999999,
GSS,worde,2,BAD camp inverse,0.40195068383747623,0.40195068383747623,-0.9999999999999999,
GSS,wordf,2,BAD item permute,0.9024511694478012,0.9024511694478012,0.9999999999999999,
GSS,wordf,2,BAD camp inverse,0.3646719880692122,0.3646719880692122,-0.9999999999999999,
GSS,wordg,2,BAD item permute,0.44005372543475185,0.44005372543475185,-0.9999999999999999,
GSS,wordg,2,BAD camp inverse,0.687547676350756,0.687547676350756,-0.9999999999999999,
GSS,wordh,2,BAD item permute,0.6458182843801659,0.6458182843801659,-0.9999999999999999,
GSS,wordh,2,BAD camp inverse,0.7388933487182207,0.7388933487182207,-0.9999999999999999,
GSS,wordi,2,BAD item permute,0.4358947986881334,0.4358947986881334,-0.9999999999999999,
GSS,wordi,2,BAD camp inverse,0.4985083115708313,0.4985083115708313,-0.9999999999999999,
GSS,wordj,2,BAD item permute,0.6583286291934479,0.6583286291934479,-0.9999999999999999,
GSS,wordj,2,BAD camp inverse,0.512876043909577,0.512876043909577,-0.9999999999999999,
GSS,wrkgovt,2,BAD item permute,0.6470033588206656,0.6470033588206656,-0.9999999999999999,
GSS,wrkgovt,2,BAD camp inverse,0.3726099118131495,0.3726099118131495,-0.9999999999999999,
GSS,wrkslf,2,BAD item permute,0.9705579138872044,0.9705579138872044,0.9999999999999999,
GSS,wrkslf,2,BAD camp inverse,0.23604245864178686,0.23604245864178686,-0.9999999999999999,
GSS,xmovie,2,BAD item permute,0.9196468047997992,0.9196468047997992,0.9999999999999999,
GSS,xmovie,2,BAD camp inverse,0.49703476289693505,0.49703476289693505,-0.9999999999999999,
GSS,year,2,BAD item permute,0.8690064260998517,0.8690064260998517,0.9999999999999999,
GSS,year,2,BAD camp inverse,1.0,1.0,0.9999999999999999,
GSS,eqwlth,7,BAD item permute,0.9378455737918151,0.782459508271353,0.07142857142857144,
GSS,eqwlth,7,BAD camp inverse,0.9349528876134309,0.772335106647008,-0.4642857142857144,
GSS,famgen,7,BAD item permute,0.8155162691963249,0.3543069421871372,0.3243374865704013,
GSS,famgen,7,BAD camp inverse,0.7272298121504848,0.04530434252669646,-0.6666937223947136,
GSS,hivtest2,7,BAD item permute,0.8177965147271922,0.3622878015451726,-0.5714285714285715,
GSS,hivtest2,7,BAD camp inverse,0.8368967246026875,0.4291385361094062,0.3214285714285715,
GSS,intlblks,7,BAD item permute,0.8571458171918164,0.5000103601713572,-0.28571428571428575,
GSS,intlblks,7,BAD camp inverse,0.836005210356368,0.42601823624728796,0.5,
GSS,intlwhts,7,BAD item permute,0.7542541316905857,0.13988946091705,-0.14285714285714288,
GSS,intlwhts,7,BAD camp inverse,0.8911232675546685,0.6189314364413399,0.8214285714285715,
GSS,localnum,7,BAD item permute,0.8791306233442764,0.5769571817049673,-0.3571428571428572,
GSS,localnum,7,BAD camp inverse,0.9133324478554515,0.6966635674940802,0.3214285714285715,
GSS,polviews,7,BAD item permute,0.8641728318291331,0.5246049114019657,0.0,
GSS,polviews,7,BAD camp inverse,0.8677798794553462,0.5372295780937115,-0.3571428571428572,
GSS,relate2,7,BAD item permute,0.809620268115514,0.3336709384042993,0.3214285714285715,
GSS,relate2,7,BAD camp inverse,0.7960749015489279,0.2862621554212479,-0.10714285714285716,
GSS,sexfreq,7,BAD item permute,0.874727874315265,0.5615475601034274,-0.642857142857143,
GSS,sexfreq,7,BAD camp inverse,0.96306291248523,0.8707201936983051,0.5357142857142858,
GSS,socbar,7,BAD item permute,0.8411669306638743,0.4440842573235597,-0.14285714285714288,
GSS,socbar,7,BAD camp inverse,0.8401894494427319,0.44066307304956154,-0.6785714285714287,
GSS,socfrend,7,BAD item permute,0.8351871636195045,0.4231550726682658,-0.25,
GSS,socfrend,7,BAD camp inverse,0.9327639854352863,0.7646739490235022,0.28571428571428575,
GSS,socommun,7,BAD item permute,0.9244549752192939,0.7355924132675287,-0.21428571428571433,
GSS,socommun,7,BAD camp inverse,0.9146588954315206,0.7013061340103218,-0.7857142857142859,
GSS,socrel,7,BAD item permute,0.8672587719298246,0.5354057017543858,0.03571428571428572,
GSS,socrel,7,BAD camp inverse,0.91591659872573,0.705708095540055,-0.03571428571428572,
GSS,unrelat,7,BAD item permute,0.7898281437438064,0.26439850310332225,-0.10714285714285716,
GSS,unrelat,7,BAD camp inverse,0.7194398862268898,0.018039601794114457,-0.9642857142857145,
GSS,wlthblks,7,BAD item permute,0.743182082415404,0.10113728845391379,0.21428571428571433,
GSS,wlthblks,7,BAD camp inverse,0.9528086180644453,0.8348301632255586,0.8928571428571429,
GSS,wlthwhts,7,BAD item permute,0.8462827088737489,0.4619894810581211,0.28571428571428575,
GSS,wlthwhts,7,BAD camp inverse,0.7761340476375228,0.21646916673132988,-0.8928571428571429,
GSS,workblks,7,BAD item permute,0.8837837341978448,0.5932430696924569,0.25,
GSS,workblks,7,BAD camp inverse,0.8546977560305338,0.4914421461068681,0.14285714285714288,
GSS,workwhts,7,BAD item permute,0.9105478855497872,0.686917599424255,0.7500000000000002,
GSS,workwhts,7,BAD camp inverse,0.7987082581227437,0.2954789034296029,-0.5357142857142858,
GSS,advfront,4,BAD item permute,0.9082579116807387,0.8165158233614772,1.0,
GSS,advfront,4,BAD camp inverse,0.6255890770127155,0.251178154025431,-1.0,
GSS,affrmact,4,BAD item permute,0.8207724171539961,0.6415448343079923,0.39999999999999997,
GSS,affrmact,4,BAD camp inverse,0.6891308838719197,0.37826176774383946,-0.6000000000000001,
GSS,bible,4,BAD item permute,0.8548992068025715,0.709798413605143,0.39999999999999997,
GSS,bible,4,BAD camp inverse,0.8468136105021624,0.6936272210043247,0.6000000000000001,
GSS,blkwhite,4,BAD item permute,0.8771649433732349,0.7543298867464697,0.39999999999999997,
GSS,blkwhite,4,BAD camp inverse,0.6631276201294444,0.32625524025888875,-0.6000000000000001,
GSS,class,4,BAD item permute,0.7466980141391433,0.49339602827828666,-0.39999999999999997,
GSS,class,4,BAD camp inverse,0.6192012038692569,0.23840240773851396,-0.6000000000000001,
GSS,coop,4,BAD item permute,0.8170492125984252,0.6340984251968503,0.7999999999999999,
GSS,coop,4,BAD camp inverse,0.5416972012161846,0.08339440243236917,-1.0,
GSS,discaffm,4,BAD item permute,0.8622327870461675,0.7244655740923349,-0.19999999999999998,
GSS,discaffm,4,BAD camp inverse,0.7613389910419613,0.5226779820839227,-0.6000000000000001,
GSS,discaffw,4,BAD item permute,0.8158059236781527,0.6316118473563054,-0.19999999999999998,
GSS,discaffw,4,BAD camp inverse,0.7793379963261269,0.5586759926522538,-1.0,
GSS,ethnum,4,BAD item permute,0.968379700314818,0.9367594006296361,0.7999999999999999,
GSS,ethnum,4,BAD camp inverse,0.6946694586867517,0.38933891737350335,-0.6000000000000001,
GSS,fechld,4,BAD item permute,0.8005441434938171,0.6010882869876342,0.6000000000000001,
GSS,fechld,4,BAD camp inverse,0.7618807456588356,0.5237614913176711,-1.0,
GSS,fefam,4,BAD item permute,0.6785987391030979,0.35719747820619574,-0.6000000000000001,
GSS,fefam,4,BAD camp inverse,0.7808333656828113,0.5616667313656225,-1.0,
GSS,fejobaff,4,BAD item permute,0.6777816777816777,0.3555633555633555,-1.0,
GSS,fejobaff,4,BAD camp inverse,0.8295507770917607,0.6591015541835215,-1.0,
GSS,fepresch,4,BAD item permute,0.7196683923256648,0.43933678465132964,-0.7999999999999999,
GSS,fepresch,4,BAD camp inverse,0.7062686261906153,0.4125372523812306,-1.0,
GSS,health,4,BAD item permute,0.7041937725004737,0.4083875450009474,-1.0,
GSS,health,4,BAD camp inverse,0.77416427175604,0.5483285435120799,-0.6000000000000001,
GSS,homosex,4,BAD item permute,0.8288193361487863,0.6576386722975726,0.39999999999999997,
GSS,homosex,4,BAD camp inverse,0.9410861688918786,0.8821723377837573,0.6000000000000001,
GSS,hunt,4,BAD item permute,0.576847270802651,0.15369454160530194,-0.7999999999999999,
GSS,hunt,4,BAD camp inverse,0.6347913582531458,0.2695827165062916,0.6000000000000001,
GSS,joblose,4,BAD item permute,0.8885233100059189,0.7770466200118378,0.7999999999999999,
GSS,joblose,4,BAD camp inverse,0.8732498355550186,0.7464996711100371,0.6000000000000001,
GSS,mode,4,BAD item permute,0.8114992620967556,0.6229985241935111,1.0,
GSS,mode,4,BAD camp inverse,0.612168114626995,0.2243362292539901,0.7378647873726218,
GSS,nanotech,4,BAD item permute,0.8446833930704898,0.6893667861409797,0.6000000000000001,
GSS,nanotech,4,BAD camp inverse,0.8337908945321437,0.6675817890642873,0.6000000000000001,
GSS,nextgen,4,BAD item permute,0.5516139183600072,0.10322783672001434,-1.0,
GSS,nextgen,4,BAD camp inverse,0.5829227151911675,0.1658454303823349,-1.0,
GSS,permoral,4,BAD item permute,0.8689348000773326,0.7378696001546652,0.39999999999999997,
GSS,permoral,4,BAD camp inverse,0.7374567020519209,0.47491340410384186,-1.0,
GSS,pillok,4,BAD item permute,0.8255000224273967,0.6510000448547935,0.0,
GSS,pillok,4,BAD camp inverse,0.9218141946848571,0.8436283893697143,-0.7999999999999999,
GSS,premarsx,4,BAD item permute,0.8803360208753261,0.7606720417506523,0.19999999999999998,
GSS,premarsx,4,BAD camp inverse,0.8026743279063464,0.6053486558126929,0.6000000000000001,
GSS,pres04,4,BAD item permute,0.7625,0.5249999999999999,-0.39999999999999997,
GSS,pres04,4,BAD camp inverse,0.9673267765373028,0.9346535530746057,0.6000000000000001,
GSS,punsin,4,BAD item permute,0.8964075233812893,0.7928150467625785,0.6000000000000001,
GSS,punsin,4,BAD camp inverse,0.9134959596512803,0.8269919193025607,-0.7999999999999999,
GSS,reliten,4,BAD item permute,0.7536876494363354,0.5073752988726709,0.39999999999999997,
GSS,reliten,4,BAD camp inverse,0.7490303628150692,0.49806072563013837,-1.0,
GSS,rellife,4,BAD item permute,0.7983422002413048,0.5966844004826094,-0.39999999999999997,
GSS,rellife,4,BAD camp inverse,0.887261741876878,0.774523483753756,0.6000000000000001,
GSS,relpersn,4,BAD item permute,0.7414540616099927,0.48290812321998544,0.0,
GSS,relpersn,4,BAD camp inverse,0.8495972906403941,0.6991945812807883,-0.7999999999999999,
GSS,rotapple,4,BAD item permute,0.8727910054619188,0.7455820109238377,0.39999999999999997,
GSS,rotapple,4,BAD camp inverse,0.8481589620255412,0.6963179240510823,-1.0,
GSS,satjob,4,BAD item permute,0.8548200342977408,0.7096400685954816,0.19999999999999998,
GSS,satjob,4,BAD camp inverse,0.632205770069808,0.264411540139616,-0.6000000000000001,
GSS,solarrev,4,BAD item permute,0.6526008060189957,0.30520161203799145,-0.39999999999999997,
GSS,solarrev,4,BAD camp inverse,0.5291548408924309,0.058309681784861844,-1.0,
GSS,spklang,4,BAD item permute,0.8759050226063421,0.7518100452126841,0.6000000000000001,
GSS,spklang,4,BAD camp inverse,0.8326193358966356,0.6652386717932711,-1.0,
GSS,sprtprsn,4,BAD item permute,0.8820969337289812,0.7641938674579625,0.39999999999999997,
GSS,sprtprsn,4,BAD camp inverse,0.8854104101493318,0.7708208202986635,0.6000000000000001,
GSS,teensex,4,BAD item permute,0.8562062884696866,0.7124125769393732,0.7999999999999999,
GSS,teensex,4,BAD camp inverse,0.6549660418277421,0.3099320836554842,-1.0,
GSS,toofast,4,BAD item permute,0.5449945035081636,0.08998900701632717,0.19999999999999998,
GSS,toofast,4,BAD camp inverse,0.6654177565779351,0.33083551315587023,-0.7999999999999999,
GSS,union,4,BAD item permute,0.7595528418027108,0.5191056836054215,0.7999999999999999,
GSS,union,4,BAD camp inverse,0.5466019156552681,0.09320383131053611,-0.6000000000000001,
GSS,uscitzn,4,BAD item permute,0.7438524590163934,0.4877049180327868,-0.05555555555555556,
GSS,uscitzn,4,BAD camp inverse,0.5277390974112286,0.055478194822457194,-0.9486832980505139,
GSS,visitors,4,BAD item permute,0.6278380155452974,0.2556760310905949,-0.39999999999999997,
GSS,visitors,4,BAD camp inverse,0.5086022724964281,0.017204544992856063,0.6000000000000001,
GSS,xmarsex,4,BAD item permute,0.7094836894648435,0.41896737892968716,-0.39999999999999997,
GSS,xmarsex,4,BAD camp inverse,0.5785040399126196,0.15700807982523912,-1.0,
GSS,aged,3,BAD item permute,0.8342841038236144,0.7514261557354216,0.5,
GSS,aged,3,BAD camp inverse,0.9003706280643143,0.8505559420964716,0.5,
GSS,astrosci,3,BAD item permute,0.7160831944113678,0.5741247916170518,0.5,
GSS,astrosci,3,BAD camp inverse,0.5997988939165411,0.3996983408748115,-1.0,
GSS,comprend,3,BAD item permute,0.7973083866732316,0.6959625800098473,1.0,
GSS,comprend,3,BAD camp inverse,0.907870255267772,0.861805382901658,0.5,
GSS,conarmy,3,BAD item permute,0.9139198264467219,0.8708797396700828,0.5,
GSS,conarmy,3,BAD camp inverse,0.8996085856925579,0.8494128785388368,0.5,
GSS,conbus,3,BAD item permute,0.6028127697902017,0.4042191546853027,-0.5,
GSS,conbus,3,BAD camp inverse,0.6455215372177623,0.46828230582664343,-1.0,
GSS,conclerg,3,BAD item permute,0.9211170649746855,0.8816755974620282,0.5,
GSS,conclerg,3,BAD camp inverse,0.7718164883273635,0.6577247324910452,-1.0,
GSS,coneduc,3,BAD item permute,0.6228171280609491,0.4342256920914238,-1.0,
GSS,coneduc,3,BAD camp inverse,0.8035513230474131,0.7053269845711196,0.5,
GSS,confed,3,BAD item permute,0.7167223260216067,0.5750834890324099,-0.5,
GSS,confed,3,BAD camp inverse,0.7594838523516086,0.639225778527413,-1.0,
GSS,confinan,3,BAD item permute,0.7368226188447276,0.6052339282670913,-0.5,
GSS,confinan,3,BAD camp inverse,0.6723565403135295,0.5085348104702943,-1.0,
GSS,conjudge,3,BAD item permute,0.7924262450455942,0.6886393675683914,-0.5,
GSS,conjudge,3,BAD camp inverse,0.8394987397828186,0.759248109674228,0.5,
GSS,conlabor,3,BAD item permute,0.6809644305817921,0.5214466458726882,-0.5,
GSS,conlabor,3,BAD camp inverse,0.6755875412930628,0.5133813119395941,-1.0,
GSS,conlegis,3,BAD item permute,0.7426834848463626,0.6140252272695438,-0.5,
GSS,conlegis,3,BAD camp inverse,0.7200621876883024,0.5800932815324538,-1.0,
GSS,conmedic,3,BAD item permute,0.71241323627848,0.5686198544177199,-1.0,
GSS,conmedic,3,BAD camp inverse,0.9327440533486799,0.8991160800230198,0.5,
GSS,conpress,3,BAD item permute,0.7680555530221639,0.6520833295332459,0.5,
GSS,conpress,3,BAD camp inverse,0.752328446133126,0.628492669199689,-1.0,
GSS,consci,3,BAD item permute,0.7572466037030501,0.6358699055545751,0.5,
GSS,consci,3,BAD camp inverse,0.9184818369189445,0.8777227553784167,0.5,
GSS,contv,3,BAD item permute,0.7801469150858286,0.6702203726287429,-0.5,
GSS,contv,3,BAD camp inverse,0.7321244271954208,0.5981866407931311,-1.0,
GSS,courts,3,BAD item permute,0.6007892292861614,0.4011838439292421,-1.0,
GSS,courts,3,BAD camp inverse,0.956433748475795,0.9346506227136925,0.5,
GSS,discaff,3,BAD item permute,0.76555120481143,0.648326807217145,-0.5,
GSS,discaff,3,BAD camp inverse,0.8467416118470458,0.7701124177705686,0.5,
GSS,divlaw,3,BAD item permute,0.6690287395052219,0.5035431092578327,-0.5,
GSS,divlaw,3,BAD camp inverse,0.9031452789572183,0.8547179184358276,0.5,
GSS,dwelown,3,BAD item permute,0.368245811269171,0.05236871690375655,-1.0,
GSS,dwelown,3,BAD camp inverse,0.5655508327476864,0.34832624912152954,-1.0,
GSS,evstray,3,BAD item permute,0.7259806385614949,0.5889709578422424,0.5,
GSS,evstray,3,BAD camp inverse,0.8886306434249961,0.8329459651374942,0.5,
GSS,fair,3,BAD item permute,0.6825396825396826,0.5238095238095238,-0.5,
GSS,fair,3,BAD camp inverse,0.9120415517766511,0.8680623276649766,0.5,
GSS,feeused,3,BAD item permute,0.67217745883867,0.5082661882580048,-0.5,
GSS,feeused,3,BAD camp inverse,0.8251977268732791,0.7377965903099186,0.5,
GSS,finalter,3,BAD item permute,0.8497384167657632,0.7746076251486448,0.5,
GSS,finalter,3,BAD camp inverse,0.9455619144522728,0.9183428716784091,-0.5,
GSS,fund,3,BAD item permute,0.8145237895677926,0.7217856843516889,0.5,
GSS,fund,3,BAD camp inverse,0.9172803141875306,0.875920471281296,-1.0,
GSS,fund16,3,BAD item permute,0.7940649006052972,0.6910973509079458,-0.5,
GSS,fund16,3,BAD camp inverse,0.9086577832535195,0.8629866748802792,0.5,
GSS,getahead,3,BAD item permute,0.8479752289136315,0.7719628433704473,1.0,
GSS,getahead,3,BAD camp inverse,0.9169910945285902,0.8754866417928853,0.5,
GSS,hapmar,3,BAD item permute,0.5988799714398045,0.3983199571597069,-1.0,
GSS,hapmar,3,BAD camp inverse,0.6110237528934983,0.41653562934024757,-1.0,
GSS,happy,3,BAD item permute,0.7078654093559098,0.5617981140338647,-1.0,
GSS,happy,3,BAD camp inverse,0.9054652635883157,0.8581978953824736,0.5,
GSS,helpful,3,BAD item permute,0.7997517598709729,0.6996276398064594,-1.0,
GSS,helpful,3,BAD camp inverse,0.9823896407131114,0.973584461069667,1.0,
GSS,intecon,3,BAD item permute,0.8740406419440069,0.8110609629160104,-0.5,
GSS,intecon,3,BAD camp inverse,0.9527771161491888,0.9291656742237832,0.5,
GSS,inteduc,3,BAD item permute,0.878379346048519,0.8175690190727785,1.0,
GSS,inteduc,3,BAD camp inverse,0.8934431077965364,0.8401646616948046,0.5,
GSS,intenvir,3,BAD item permute,0.907342063305366,0.861013094958049,1.0,
GSS,intenvir,3,BAD camp inverse,0.9687716466015194,0.953157469902279,1.0,
GSS,intfarm,3,BAD item permute,0.8885054827083813,0.8327582240625719,1.0,
GSS,intfarm,3,BAD camp inverse,0.7947982558574459,0.6921973837861689,0.5,
GSS,intintl,3,BAD item permute,0.787665626785749,0.6814984401786235,-0.5,
GSS,intintl,3,BAD camp inverse,0.8295859376394594,0.7443789064591892,-1.0,
GSS,intmed,3,BAD item permute,0.7826123336959251,0.6739185005438877,0.5,
GSS,intmed,3,BAD camp inverse,0.8227408382207143,0.7341112573310715,0.5,
GSS,intmil,3,BAD item permute,0.8770400201877668,0.8155600302816503,0.5,
GSS,intmil,3,BAD camp inverse,0.9457573747966355,0.9186360621949532,0.5,
GSS,intsci,3,BAD item permute,0.6097978869514451,0.41469683042716754,-0.5,
GSS,intsci,3,BAD camp inverse,0.9221520293984062,0.8832280440976094,0.5,
GSS,intspace,3,BAD item permute,0.7645961385798784,0.6468942078698177,-0.5,
GSS,intspace,3,BAD camp inverse,0.7983568659574886,0.6975352989362329,-1.0,
GSS,inttech,3,BAD item permute,0.6430528851581483,0.46457932773722255,-0.5,
GSS,inttech,3,BAD camp inverse,0.930375584671431,0.8955633770071465,0.5,
GSS,jobfind,3,BAD item permute,0.7251547294971683,0.5877320942457523,-0.5,
GSS,jobfind,3,BAD camp inverse,0.7941908986954518,0.6912863480431777,-1.0,
GSS,life,3,BAD item permute,0.7323312961669022,0.5984969442503534,-1.0,
GSS,life,3,BAD camp inverse,0.7226135237102707,0.583920285565406,0.5,
GSS,mobile16,3,BAD item permute,0.7733007193841861,0.6599510790762791,-0.5,
GSS,mobile16,3,BAD camp inverse,0.923428402299446,0.8851426034491691,0.5,
GSS,nanowill,3,BAD item permute,0.8901698266992691,0.8352547400489037,1.0,
GSS,nanowill,3,BAD camp inverse,0.9834291256988625,0.9751436885482938,0.5,
GSS,nataid,3,BAD item permute,0.7588069198708939,0.6382103798063408,-0.5,
GSS,nataid,3,BAD camp inverse,0.7888991345926012,0.6833487018889018,0.5,
GSS,nataidy,3,BAD item permute,0.855422762623693,0.7831341439355395,1.0,
GSS,nataidy,3,BAD camp inverse,0.7054311875784088,0.5581467813676133,0.5,
GSS,natarms,3,BAD item permute,0.8339814665024038,0.7509721997536056,-0.5,
GSS,natarms,3,BAD camp inverse,0.9558685149957785,0.9338027724936678,1.0,
GSS,natarmsy,3,BAD item permute,0.9132080966943352,0.8698121450415028,-0.5,
GSS,natarmsy,3,BAD camp inverse,0.972391770163723,0.9585876552455845,1.0,
GSS,natchld,3,BAD item permute,0.9744139387539599,0.9616209081309398,1.0,
GSS,natchld,3,BAD camp inverse,0.7756200673839261,0.6634301010758891,0.5,
GSS,natcity,3,BAD item permute,0.8715397574470398,0.8073096361705596,-0.5,
GSS,natcity,3,BAD camp inverse,0.8374861456183071,0.7562292184274607,0.5,
GSS,natcityy,3,BAD item permute,0.7465168197028764,0.6197752295543147,-0.5,
GSS,natcityy,3,BAD camp inverse,0.9296897016000251,0.8945345524000375,0.5,
GSS,natcrime,3,BAD item permute,0.7064956326327243,0.5597434489490863,-0.5,
GSS,natcrime,3,BAD camp inverse,0.8238482957950019,0.7357724436925028,0.5,
GSS,natcrimy,3,BAD item permute,0.8344368905906766,0.751655335886015,-1.0,
GSS,natcrimy,3,BAD camp inverse,0.803290215588723,0.7049353233830846,0.5,
GSS,natdrug,3,BAD item permute,0.7767392038411964,0.6651088057617947,0.5,
GSS,natdrug,3,BAD camp inverse,0.8407955506779157,0.7611933260168735,0.5,
GSS,natdrugy,3,BAD item permute,0.7774564006455308,0.6661846009682961,-0.5,
GSS,natdrugy,3,BAD camp inverse,0.8392982456140351,0.7589473684210526,0.5,
GSS,nateducy,3,BAD item permute,0.9091365874603741,0.863704881190561,1.0,
GSS,nateducy,3,BAD camp inverse,0.9049093081351146,0.8573639622026719,0.5,
GSS,natenvir,3,BAD item permute,0.6980246042372847,0.547036906355927,-1.0,
GSS,natenvir,3,BAD camp inverse,0.8524590163934426,0.7786885245901639,0.5,
GSS,natenviy,3,BAD item permute,0.9646930472967793,0.947039570945169,1.0,
GSS,natenviy,3,BAD camp inverse,0.8824058373156569,0.8236087559734855,0.5,
GSS,natfare,3,BAD item permute,0.905796570125056,0.8586948551875839,0.5,
GSS,natfare,3,BAD camp inverse,0.9660789970438437,0.9491184955657656,0.5,
GSS,natfarey,3,BAD item permute,0.8515357727205117,0.7773036590807676,1.0,
GSS,natfarey,3,BAD camp inverse,0.908184508240041,0.8622767623600616,0.5,
GSS,natheal,3,BAD item permute,0.9626949122203652,0.9440423683305478,1.0,
GSS,natheal,3,BAD camp inverse,0.8743080723391212,0.8114621085086817,0.5,
GSS,nathealy,3,BAD item permute,0.7360853650970904,0.6041280476456357,0.5,
GSS,nathealy,3,BAD camp inverse,0.9098395741611822,0.8647593612417733,1.0,
GSS,natmass,3,BAD item permute,0.7639209706644371,0.6458814559966556,0.5,
GSS,natmass,3,BAD camp inverse,0.7492690395021941,0.6239035592532912,-0.5,
GSS,natpark,3,BAD item permute,0.853472915972916,0.780209373959374,1.0,
GSS,natpark,3,BAD camp inverse,0.6207685418611064,0.4311528127916595,-1.0,
GSS,natrace,3,BAD item permute,0.7976033224747073,0.696404983712061,0.5,
GSS,natrace,3,BAD camp inverse,0.7584485557375097,0.6376728336062645,-1.0,
GSS,natracey,3,BAD item permute,0.9188367727912031,0.8782551591868047,1.0,
GSS,natracey,3,BAD camp inverse,0.8286236950879058,0.7429355426318587,-1.0,
GSS,natroad,3,BAD item permute,0.9670996254904269,0.9506494382356404,1.0,
GSS,natroad,3,BAD camp inverse,0.7676602852568902,0.6514904278853353,-0.5,
GSS,natsci,3,BAD item permute,0.6807233323951589,0.5210849985927385,-0.5,
GSS,natsci,3,BAD camp inverse,0.7741567251461988,0.6612350877192983,-1.0,
GSS,natsoc,3,BAD item permute,0.8721630498475963,0.8082445747713944,1.0,
GSS,natsoc,3,BAD camp inverse,0.8070771168412652,0.7106156752618977,0.5,
GSS,natspac,3,BAD item permute,0.8123462852960849,0.7185194279441274,-0.5,
GSS,natspac,3,BAD camp inverse,0.9281331612989355,0.8921997419484033,0.5,
GSS,natspacy,3,BAD item permute,0.7757315933699228,0.6635973900548842,-0.5,
GSS,natspacy,3,BAD camp inverse,0.9560920348451111,0.9341380522676667,0.5,
GSS,owngun,3,BAD item permute,0.5291202914732327,0.29368043720984904,-0.5,
GSS,owngun,3,BAD camp inverse,0.7760649621845278,0.6640974432767918,0.5,
GSS,pistol,3,BAD item permute,0.6109862468405178,0.41647937026077675,-0.5,
GSS,pistol,3,BAD camp inverse,0.6096741882448451,0.41451128236726753,0.5,
GSS,pornlaw,3,BAD item permute,0.8878606773343616,0.8317910160015424,1.0,
GSS,pornlaw,3,BAD camp inverse,0.8012059071661721,0.7018088607492582,0.5,
GSS,race,3,BAD item permute,0.6120444922648836,0.41806673839732533,-1.0,
GSS,race,3,BAD camp inverse,0.5870570629541099,0.3805855944311649,0.5,
GSS,racopen,3,BAD item permute,0.8488947202177028,0.7733420803265544,0.5,
GSS,racopen,3,BAD camp inverse,0.5504428617485859,0.32566429262287877,-1.0,
GSS,rifle,3,BAD item permute,0.8963816941976551,0.8445725412964827,1.0,
GSS,rifle,3,BAD camp inverse,0.6052412560558584,0.40786188408378776,0.5,
GSS,rowngun,3,BAD item permute,0.749191846578392,0.623787769867588,0.5,
GSS,rowngun,3,BAD camp inverse,0.7257280893304219,0.5885921339956327,0.5,
GSS,satfin,3,BAD item permute,0.8763570672567401,0.8145356008851101,0.5,
GSS,satfin,3,BAD camp inverse,0.8855291135099771,0.8282936702649657,-1.0,
GSS,scibnfts,3,BAD item permute,0.5658733892678847,0.348810083901827,-1.0,
GSS,scibnfts,3,BAD camp inverse,0.9499660516015656,0.9249490774023484,0.5,
GSS,scistudy,3,BAD item permute,0.8390804597701149,0.7586206896551724,1.0,
GSS,scistudy,3,BAD camp inverse,0.9433663734934152,0.915049560240123,0.5,
GSS,sexornt,3,BAD item permute,0.6668732099068458,0.5003098148602687,-0.5,
GSS,sexornt,3,BAD camp inverse,0.3649646863171552,0.04744702947573276,-0.5,
GSS,sexsex,3,BAD item permute,0.7414991983967616,0.6122487975951424,0.5,
GSS,sexsex,3,BAD camp inverse,0.6637398091007602,0.49560971365114037,-1.0,
GSS,sexsex5,3,BAD item permute,0.8115290794105194,0.7172936191157792,1.0,
GSS,sexsex5,3,BAD camp inverse,0.66307944161263,0.4946191624189451,-1.0,
GSS,shotgun,3,BAD item permute,0.5522958150609367,0.3284437225914052,-0.5,
GSS,shotgun,3,BAD camp inverse,0.6062606163080118,0.40939092446201775,0.5,
GSS,spfund,3,BAD item permute,0.8106807482909656,0.7160211224364484,0.5,
GSS,spfund,3,BAD camp inverse,0.913869946678563,0.8708049200178446,-1.0,
GSS,tax,3,BAD item permute,0.6685207835009308,0.5027811752513962,-0.5,
GSS,tax,3,BAD camp inverse,0.6973428845971437,0.5460143268957156,0.5,
GSS,trust,3,BAD item permute,0.6621469706723822,0.4932204560085732,-1.0,
GSS,trust,3,BAD camp inverse,0.8048042660287559,0.7072063990431338,0.5,
GSS,vote04,3,BAD item permute,0.8420493972251021,0.7630740958376531,0.5,
GSS,vote04,3,BAD camp inverse,0.7552880035536658,0.6329320053304985,0.5,
GSS,babies,6,BAD item permute,0.8150416015192199,0.4451248045576597,0.4285714285714286,
GSS,babies,6,BAD camp inverse,0.6721280409663831,0.016384122899149367,-1.0,
GSS,god,6,BAD item permute,0.7507805802887052,0.2523417408661156,-0.08571428571428573,
GSS,god,6,BAD camp inverse,0.784981441601138,0.3549443248034141,-0.5428571428571429,
GSS,kidssol,6,BAD item permute,0.777850242306391,0.3335507269191731,0.028571428571428574,
GSS,kidssol,6,BAD camp inverse,0.964864295719698,0.8945928871590941,0.8857142857142858,
GSS,pray,6,BAD item permute,0.7581430569724761,0.27442917091742824,-0.2571428571428572,
GSS,pray,6,BAD camp inverse,0.8613019045544997,0.5839057136634991,-0.6571428571428573,
GSS,relate3,6,BAD item permute,0.7364064542114306,0.20921936263429153,-0.7826908981308054,
GSS,relate3,6,BAD camp inverse,0.6938561244029644,0.08156837320889343,0.17393131069573453,
GSS,relate4,6,BAD item permute,0.7371855197942154,0.21155655938264628,-0.08571428571428573,
GSS,relate4,6,BAD camp inverse,0.7012372857171977,0.10371185715159303,-0.3142857142857143,
GSS,res16,6,BAD item permute,0.939938801734259,0.819816405202777,0.3142857142857143,
GSS,res16,6,BAD camp inverse,0.8904952593171989,0.6714857779515966,-0.6571428571428573,
GSS,scitext,6,BAD item permute,0.8384813543698509,0.5154440631095528,0.48571428571428577,
GSS,scitext,6,BAD camp inverse,0.8642004654151616,0.5926013962454847,-0.942857142857143,
GSS,degree,5,BAD item permute,0.7870170814935735,0.4675427037339339,-0.49999999999999994,
GSS,degree,5,BAD camp inverse,0.802392275962456,0.5059806899061401,-0.7999999999999999,
GSS,famdif16,5,BAD item permute,0.7368032737315299,0.3420081843288246,-0.39999999999999997,
GSS,famdif16,5,BAD camp inverse,0.698090840799575,0.24522710199893727,-0.3,
GSS,fehire,5,BAD item permute,0.8805010668318536,0.7012526670796339,0.0,
GSS,fehire,5,BAD camp inverse,0.8366882290021902,0.5917205725054755,0.49999999999999994,
GSS,finrela,5,BAD item permute,0.7837058351998925,0.459264587999731,-0.39999999999999997,
GSS,finrela,5,BAD camp inverse,0.8150401188707281,0.5376002971768202,0.19999999999999998,
GSS,goodlife,5,BAD item permute,0.7875117413568463,0.46877935339211585,-0.7999999999999999,
GSS,goodlife,5,BAD camp inverse,0.9119747092207764,0.7799367730519411,0.09999999999999999,
GSS,goveqinc,5,BAD item permute,0.8297309950581894,0.5743274876454735,-0.49999999999999994,
GSS,goveqinc,5,BAD camp inverse,0.891126762567408,0.7278169064185199,0.09999999999999999,
GSS,granborn,5,BAD item permute,0.7855804958520425,0.4639512396301062,-0.39999999999999997,
GSS,granborn,5,BAD camp inverse,0.7397154631083203,0.34928865777080076,0.0,
GSS,harmgood,5,BAD item permute,0.7326455393866322,0.3316138484665807,-0.7,
GSS,harmgood,5,BAD camp inverse,0.870375939849624,0.6759398496240602,0.7999999999999999,
GSS,helpblk,5,BAD item permute,0.8522996258262956,0.6307490645657388,-0.7999999999999999,
GSS,helpblk,5,BAD camp inverse,0.8658042905985279,0.6645107264963197,-0.39999999999999997,
GSS,helpnot,5,BAD item permute,0.8509012985484368,0.627253246371092,-0.8999999999999998,
GSS,helpnot,5,BAD camp inverse,0.9660885593397847,0.9152213983494617,0.09999999999999999,
GSS,helpoth,5,BAD item permute,0.8699080800593032,0.6747702001482581,0.6,
GSS,helpoth,5,BAD camp inverse,0.802925104485654,0.507312761214135,-0.7,
GSS,helppoor,5,BAD item permute,0.8437731084274938,0.6094327710687344,0.0,
GSS,helppoor,5,BAD camp inverse,0.978721098184994,0.946802745462485,0.8999999999999998,
GSS,helpsick,5,BAD item permute,0.8692132468897844,0.6730331172244611,-0.3,
GSS,helpsick,5,BAD camp inverse,0.866580996381677,0.6664524909541925,-0.09999999999999999,
GSS,hhrace,5,BAD item permute,0.7387379245400452,0.346844811350113,-0.09999999999999999,
GSS,hhrace,5,BAD camp inverse,0.6398280104212165,0.09957002605304122,-0.9999999999999999,
GSS,incom16,5,BAD item permute,0.8812417669239233,0.7031044173098082,0.3,
GSS,incom16,5,BAD camp inverse,0.8276124506707276,0.569031126676819,0.19999999999999998,
GSS,intethn,5,BAD item permute,0.7550611806588515,0.3876529516471289,0.0,
GSS,intethn,5,BAD camp inverse,0.6881727616202931,0.22043190405073276,-0.3,
GSS,letin1a,5,BAD item permute,0.8093726525086149,0.5234316312715371,-0.49999999999999994,
GSS,letin1a,5,BAD camp inverse,0.7993156331447479,0.49828908286186957,-0.7999999999999999,
GSS,liveblks,5,BAD item permute,0.8227242738722513,0.5568106846806282,0.09999999999999999,
GSS,liveblks,5,BAD camp inverse,0.81640954584922,0.5410238646230501,0.19999999999999998,
GSS,livewhts,5,BAD item permute,0.8067130579421229,0.516782644855307,-0.39999999999999997,
GSS,livewhts,5,BAD camp inverse,0.8023556616142451,0.505889154035613,0.0,
GSS,madeg,5,BAD item permute,0.8290803145760428,0.5727007864401068,0.39999999999999997,
GSS,madeg,5,BAD camp inverse,0.7951251841282063,0.4878129603205157,-0.49999999999999994,
GSS,mar1,5,BAD item permute,0.8794965685219206,0.6987414213048015,0.49999999999999994,
GSS,mar1,5,BAD camp inverse,0.9013516450654592,0.753379112663648,0.19999999999999998,
GSS,mar2,5,BAD item permute,0.7744934877989861,0.43623371949746514,0.09999999999999999,
GSS,mar2,5,BAD camp inverse,0.8987447743641249,0.7468619359103121,0.0,
GSS,mar3,5,BAD item permute,0.6650307677743066,0.16257691943576646,-0.09999999999999999,
GSS,mar3,5,BAD camp inverse,0.6561672473867596,0.1404181184668989,-0.7,
GSS,marasian,5,BAD item permute,0.9668626354867392,0.9171565887168482,0.8999999999999998,
GSS,marasian,5,BAD camp inverse,0.8216027405385216,0.554006851346304,0.0,
GSS,marblk,5,BAD item permute,0.9134568770036751,0.7836421925091875,0.9999999999999999,
GSS,marblk,5,BAD camp inverse,0.8252744092591416,0.5631860231478542,-0.39999999999999997,
GSS,marhisp,5,BAD item permute,0.9657779783199579,0.9144449457998948,0.7,
GSS,marhisp,5,BAD camp inverse,0.8205300643893688,0.551325160973422,0.0,
GSS,marhomo,5,BAD item permute,0.8862578439803003,0.7156446099507507,0.09999999999999999,
GSS,marhomo,5,BAD camp inverse,0.9569673647949742,0.8924184119874357,0.7999999999999999,
GSS,marital,5,BAD item permute,0.8349290259422418,0.5873225648556045,0.0,
GSS,marital,5,BAD camp inverse,0.8689963602176592,0.6724909005441482,0.19999999999999998,
GSS,marwht,5,BAD item permute,0.6640523053510998,0.16013076337774956,-0.7999999999999999,
GSS,marwht,5,BAD camp inverse,0.7365548518257878,0.3413871295644695,0.0,
GSS,meovrwrk,5,BAD item permute,0.8404235881908432,0.601058970477108,-0.09999999999999999,
GSS,meovrwrk,5,BAD camp inverse,0.7959055431142688,0.4897638577856718,0.0,
GSS,news,5,BAD item permute,0.8446698339828111,0.6116745849570278,-0.3,
GSS,news,5,BAD camp inverse,0.9146055449441454,0.7865138623603635,-0.6,
GSS,obey,5,BAD item permute,0.7032532378696656,0.258133094674164,0.0,
GSS,obey,5,BAD camp inverse,0.9770098090588801,0.9425245226472003,0.49999999999999994,
GSS,padeg,5,BAD item permute,0.7219123252858958,0.3047808132147395,-0.6,
GSS,padeg,5,BAD camp inverse,0.8221829127703809,0.5554572819259522,-0.3,
GSS,parsol,5,BAD item permute,0.7330426438290714,0.3326066095726785,-0.09999999999999999,
GSS,parsol,5,BAD camp inverse,0.9493688195485133,0.8734220488712832,0.8999999999999998,
GSS,phone,5,BAD item permute,0.7834196786248023,0.4585491965620059,-0.09999999999999999,
GSS,phone,5,BAD camp inverse,0.8670250777411924,0.6675626943529811,0.3,
GSS,popespks,5,BAD item permute,0.8852662118717165,0.7131655296792911,0.3,
GSS,popespks,5,BAD camp inverse,0.8170135295695834,0.5425338239239584,-0.7,
GSS,popular,5,BAD item permute,0.6902812757552178,0.22570318938804457,0.09999999999999999,
GSS,popular,5,BAD camp inverse,0.7019795346938462,0.25494883673461544,0.49999999999999994,
GSS,racwork,5,BAD item permute,0.8435521069960948,0.608880267490237,0.7,
GSS,racwork,5,BAD camp inverse,0.7436193801833261,0.35904845045831524,-0.7,
GSS,spdeg,5,BAD item permute,0.834746325272641,0.5868658131816027,0.49999999999999994,
GSS,spdeg,5,BAD camp inverse,0.790854504970327,0.47713626242581775,-0.3,
GSS,teens,5,BAD item permute,0.7012737850448367,0.2531844626120918,-0.6,
GSS,teens,5,BAD camp inverse,0.6167246471035087,0.041811617758771735,-0.9999999999999999,
GSS,thnkself,5,BAD item permute,0.8078116771165282,0.5195291927913204,0.19999999999999998,
GSS,thnkself,5,BAD camp inverse,0.8562470541821972,0.6406176354554927,0.7999999999999999,
GSS,workhard,5,BAD item permute,0.78990677163117,0.47476692907792484,-0.6,
GSS,workhard,5,BAD camp inverse,0.837665315591394,0.594163288978485,-0.3,
GSS,wrkwayup,5,BAD item permute,0.746691957265373,0.3667298931634323,0.09999999999999999,
GSS,wrkwayup,5,BAD camp inverse,0.7835049903638067,0.4587624759095167,-0.7,
