source,taux,tirage,n_remplacees,polarisation,A,B,C,C_exces,C5,C5_exces,patrons,patrons_nul,q5,q5_nul,q4,conc_nul,n_lignes_patrons,n_paires,patrons_nul_et,q5_nul_et,conc_nul_et,replis_segment
tous,0.0,-1,0,0.45045309673791467,-0.06856176129303881,0.042216062158601894,0.02723384030418251,0.004887832699619777,0.10361216730038023,0.008841254752851718,725.65,779.064,0.06697316667282195,0.024757104514220057,0.09255847543739329,0.022346007604562734,1052.0,11026,,,,
agents v8,0.05,0,53,0.48638299112970795,-0.08245208995947628,0.046122436207643794,0.030538225511240403,0.007535961328711437,0.1082531076255286,0.010703756968738806,710.4,774.2375,0.0709382326080323,0.0248157964003885,0.1026620293198771,0.023002264182528966,1051.05,11026,3.1419361579307807,0.00018406100645592267,0.0005116345430198929,0.0
agents v8,0.05,1,53,0.4827534158287682,-0.08052297560439137,0.045783975498455344,0.031183391046342667,0.00836758288576218,0.1079669733333816,0.01130312476258355,710.65,772.885,0.07060796717751647,0.024823991679061123,0.10131146963146671,0.022815808160580486,1050.3,11026,3.7281018749148394,0.00019817932472894365,0.0006263213362963175,0.0
agents v8,0.05,2,53,0.48819919369780895,-0.08314327785491349,0.045928351957311625,0.03162326484715399,0.008600574211568995,0.10884030418250949,0.012050855513307979,709.05,773.34875,0.07071327884580669,0.024784926888495068,0.10265700590419584,0.023022690635584996,1051.4,11026,3.5430590777187407,0.00015591007111789108,0.0005586143918930898,0.0
agents v8,0.05,3,53,0.48665369593230784,-0.08190810357611922,0.046666666150777525,0.031164738593658363,0.008211100425160624,0.10787842829389356,0.010727219097871665,710.4,773.7787500000001,0.0714406177668872,0.02477395161610968,0.10306912983117697,0.02295363816849774,1050.8,11026,3.735208220262683,0.00019621404165768972,0.0006310526224213705,0.0
agents v8,0.05,4,53,0.48872802996657044,-0.08126252311339899,0.04574788604550388,0.030817746795553453,0.007854890615228535,0.10743127132226052,0.011025461673293213,713.0,776.0649999999999,0.07052547080556172,0.02477758476005784,0.10285289144054198,0.02296285618032492,1051.25,11026,3.448953761835917,0.0001778339155660007,0.000705607264256001,0.0
agents v8,0.05,5,53,0.4860884921008971,-0.0792843827922628,0.04519773463579882,0.03152995328074466,0.008276255255894684,0.10800984396537064,0.010612016710502006,713.1,774.50625,0.06999504607446373,0.024797311438664916,0.1013702871135471,0.02325369802484998,1051.35,11026,3.341276193696665,0.00014571788196629369,0.0005260130455547895,0.0
agents v8,0.05,6,53,0.4846150283812845,-0.08076169711007353,0.045770940262473976,0.031151722586267992,0.008217163395767512,0.10775922261253992,0.010365582932061787,710.4,772.81375,0.07055757725782123,0.024786636995347257,0.10188045784171389,0.02293455919050048,1051.3,11026,2.7779578253614914,0.00017689576560086143,0.0004725068233492815,0.0
agents v8,0.05,7,53,0.4795976258213124,-0.08003942317667823,0.045762989421889305,0.030323813654994407,0.0072908444395150575,0.10705550745040511,0.00981878474925893,709.4,771.1200000000001,0.0705164393349155,0.024753449913026193,0.1011347561302524,0.02303296921547935,1050.25,11026,3.160651507002616,0.00018340778406991816,0.0006419481892379146,0.0
agents v8,0.05,8,53,0.4846369229680979,-0.08288411441541355,0.04616754376779855,0.030667655955813528,0.007854672991484617,0.10805624192783987,0.011447016104524754,711.15,775.42,0.07096011389484604,0.024792570127047487,0.10219204948940215,0.02281298296432891,1051.55,11026,3.7798182021131153,0.0001737664971066458,0.0007206884585518465,0.0
agents v8,0.05,9,53,0.4865885809531037,-0.08159893219675052,0.04576592085552967,0.03097917114129591,0.008012086892284824,0.10706334361987316,0.010518163716974227,712.15,775.42375,0.07055820474652061,0.02479228389099094,0.10145828028364319,0.022967084249011085,1050.65,11026,3.468391844526724,0.0001654018529653853,0.0005988684872642483,0.0
agents v8,0.05,10,53,0.48759934411251354,-0.0847963178431611,0.04660746194151272,0.03077746947084838,0.007885340689667841,0.10665788610736548,0.010538148031573852,711.85,777.805,0.07134343689452126,0.024735974953008544,0.10279358052626018,0.022892128781180538,1051.15,11026,3.5537412571931757,0.00017255567055532258,0.0005482470169056059,0.0
agents v8,0.05,11,53,0.48531320840664444,-0.08225368405576539,0.046285664672223975,0.030955450203654877,0.007975637350717251,0.1091850781258479,0.01309622512327567,710.05,773.68875,0.07107026283280525,0.024784598160581272,0.10171823130212651,0.022979812852937626,1051.5,11026,3.1231453470779154,0.00015114188807540917,0.0006084500671978268,0.0
agents v8,0.05,12,53,0.4811014556960584,-0.0786825502629962,0.045445237724553736,0.03119111181211869,0.008493699350656313,0.10704575218965824,0.010670430207696466,713.55,774.4887500000001,0.0702181210714687,0.02477288334691496,0.10047955401211289,0.022697412461462375,1051.5,11026,2.877019636217226,0.00015544518101571282,0.0005669001902204626,0.0
agents v8,0.05,13,53,0.49409102395074217,-0.08487730791754888,0.04668038843143377,0.031538283385527215,0.008620342743001004,0.10568067529385376,0.009814591299975042,711.0,776.945,0.07148927606569518,0.024808887634261412,0.1036832924842147,0.02291794064252621,1051.05,11026,3.1666086364453516,0.00017412008941529905,0.0005771571227712273,0.0
agents v8,0.05,14,53,0.48062648672544483,-0.08032637553933974,0.04538154412409769,0.03129304459479247,0.008282656925810015,0.10833680036756592,0.011063589628563034,709.25,771.1975,0.07016960727323288,0.024788063149135182,0.10092061276664957,0.023010387668982456,1051.3,11026,3.9037613354433685,0.0001715828802974875,0.000649835316751596,0.0
agents v8,0.05,15,53,0.47722224374475963,-0.08200698851702126,0.04566274113286107,0.03143408491744497,0.008734948086222952,0.10685287956789298,0.010603642692275692,711.3,774.8425,0.07045045629136862,0.02478771515850755,0.10022067315245611,0.022699136831222017,1051.5,11026,2.842659237133703,0.0001832171321574566,0.000555296900818745,0.0
agents v8,0.05,16,53,0.49406457987450325,-0.0818272239877732,0.04643179433199067,0.031664845719991466,0.008709323774569216,0.10719290518173892,0.010581209096533081,709.65,772.89375,0.07120382300793486,0.024772028675944188,0.10337032237872214,0.02295552194542225,1051.55,11026,3.341276193696672,0.00019656044784772898,0.0005019675599125979,0.0
agents v8,0.05,17,53,0.48952669522762116,-0.08229023661471369,0.045411684134206,0.03176511442789062,0.008717311735868143,0.10910200497082265,0.01177054353449368,710.25,773.9375,0.0702397634092127,0.024828079275006704,0.10204440594666067,0.02304780269202248,1051.45,11026,2.737202155673856,0.00017937186068648554,0.0005491399915270891,0.0
agents v8,0.05,18,53,0.48960208936567434,-0.08140183990681071,0.046807307918559304,0.031736761476116385,0.00877488064116113,0.10613972570031079,0.009693124509339304,711.7,774.7675,0.0715865302313959,0.024779222312836597,0.10350718421455139,0.022961880834955255,1050.95,11026,3.409160923911956,0.00017594639158571845,0.0006845995279198772,0.0
agents v8,0.05,19,53,0.4860302763898144,-0.08114463901302138,0.04483723618540997,0.03128796402484687,0.008200820647002841,0.10766439168924762,0.010897540546211656,710.15,772.86375,0.06966911556418644,0.024831879378776473,0.1003042874649182,0.023087143377844028,1051.55,11026,2.7974344358853105,0.00017742094096521378,0.0006588869520513483,0.0
agents v8,0.1,0,105,0.5170499562504302,-0.09669970612813605,0.049566747229898594,0.040490804602033345,0.01623804936501841,0.1193014413559558,0.018000583908861015,690.45,764.3637500000001,0.07440822486328914,0.024841477633390546,0.11137288257145883,0.024252755237014936,1050.7,11026,3.6763448176073945,0.00014915154040530472,0.0006612496190416194,0.0
agents v8,0.1,1,105,0.512835634921988,-0.10044479743244628,0.05112094291848997,0.03759559336733782,0.01401632220353569,0.114070566507364,0.015369925392438144,690.9,768.04625,0.07597565618568107,0.024854713267191103,0.11236145433964236,0.023579271163802134,1050.55,11026,3.81907136484036,0.0001614813396168787,0.0006524573127433755,0.0
agents v8,0.1,2,105,0.5079494755662415,-0.09777641501235512,0.04992832951431733,0.03817393751228894,0.013916007116493108,0.11468469795608043,0.013885997243146,687.8,762.33875,0.07472144665707399,0.024793117142756657,0.10973486056774281,0.02425793039579583,1049.05,11026,3.146354983069639,0.00021814304823794612,0.0005784719417237718,0.0
agents v8,0.1,3,105,0.5252800519645437,-0.09853652183821959,0.05053218963864789,0.03970441834527457,0.015699197078949817,0.11542382470596615,0.015748530264489927,692.2,767.8625,0.0753103230394668,0.024778133400818914,0.1125146502157153,0.024005221266324754,1050.0,11026,3.2865840344322055,0.0001940187324120347,0.0007290526023073596,0.0
agents v8,0.1,4,105,0.5139071942760804,-0.09644179470938175,0.04909744198109297,0.03940628775228807,0.015561956157453143,0.11703117255700708,0.016812509722769917,691.85,765.695,0.07386152977591465,0.024764087794821678,0.1094366100911387,0.023844331594834928,1050.5,11026,3.4046122562466095,0.00021945936823197809,0.0006287426488264407,0.0
agents v8,0.1,5,105,0.5230779381524252,-0.10429268767332123,0.05172451879570686,0.03928724785603388,0.01530152239726263,0.1148309583502809,0.01551096232940255,690.4,770.7875,0.0765341196677693,0.024809600872062437,0.11420417013516539,0.02398572545877125,1049.8,11026,2.8779834018872417,0.00015913289057987155,0.0005444343747274815,0.0
agents v8,0.1,6,105,0.511024323780051,-0.09684466217262655,0.05071609556050179,0.0374860803288184,0.013639121389995575,0.11628747131836714,0.016126840538648796,692.5,766.75625,0.07553545283647829,0.024819357275976502,0.11081178170131317,0.023846958938822826,1050.85,11026,3.456676696199877,0.00018229824954093266,0.0006620053838845576,0.0
agents v8,0.1,7,105,0.5238648242635426,-0.09995765886069763,0.050565326070801914,0.038652040681891604,0.01477976852679579,0.11658759235877714,0.0169922250034584,690.85,767.575,0.07529080813440457,0.024725482063602654,0.11267027149432474,0.023872272155095815,1050.3,11026,3.221223688488911,0.00016170474937188451,0.0005688496261718573,0.0
agents v8,0.1,8,105,0.5074552612467996,-0.09363802356384343,0.04998051401733555,0.0394057740176214,0.015147691144691375,0.1188882216104163,0.01864849541266149,693.7,765.3675,0.07475005312583057,0.024769539108495008,0.11012886516869329,0.024258082872930027,1050.4,11026,3.917016623754516,0.00018094258781801333,0.0005307254307194343,0.0
agents v8,0.1,9,105,0.5127860374879054,-0.096617767905815,0.049791065100668296,0.03855378678265549,0.015083516286784584,0.11451419614851688,0.016174686972030977,693.95,768.16875,0.0746045624252252,0.024813497324556906,0.10993962136052064,0.023470270495870905,1050.4,11026,3.1432403560493745,0.00018650966941150847,0.0007010728762729392,0.0
agents v8,0.1,10,105,0.52211385473393,-0.10037084995417378,0.051066702090783817,0.040121525839977475,0.01616657237951273,0.11863668637282539,0.01850184850490555,689.55,766.4825,0.07586123382106676,0.024794531730282943,0.11302554315555861,0.023954953460464744,1050.4,11026,2.7569155470078024,0.00015640572043450023,0.0007129397566851411,0.0
agents v8,0.1,11,105,0.520466092316055,-0.10096866264432325,0.051516698938946726,0.040559741233073654,0.016507256757564003,0.11786084151510345,0.017650316932151064,687.85,765.10125,0.07634849268959289,0.024831793750646165,0.11303695295842603,0.02405248447550965,1050.2,11026,3.775791435121711,0.0002099745878190062,0.0005715294031560966,0.0
agents v8,0.1,12,105,0.5170545861455138,-0.09482454976318855,0.05047054976414437,0.03987927207999602,0.01571753736951318,0.11903673795337062,0.018524207967212436,690.65,763.00125,0.07528061618041923,0.02481006641627486,0.11145077720596387,0.024161734710482836,1049.4,11026,2.8882495697088113,0.0001368909961223751,0.0006556428235507696,0.0
agents v8,0.1,13,105,0.5077932935213842,-0.1016293212787408,0.05110345350930131,0.04201725481315026,0.018091827315567237,0.12050262943321699,0.019467332565503676,690.6,768.725,0.07590258479305134,0.024799131283750032,0.1111831589843262,0.023925427497583023,1050.6,11026,2.8547755760731115,0.00014681541564015184,0.0005900104615174601,0.0
agents v8,0.1,14,105,0.5218014857958643,-0.09949954119185977,0.04984279890951035,0.04010203226368104,0.015936013147371315,0.11685666014261267,0.01698634380437966,691.85,768.295,0.0746413644096574,0.02479856550014706,0.11307340756852104,0.024166019116309723,1051.0,11026,3.9934690272737634,0.0001918155286525143,0.0005399448944312929,0.0
agents v8,0.1,15,105,0.5237563569856392,-0.09961841621584677,0.05157665270430131,0.039291052369734715,0.01540736299320409,0.11432377572718389,0.015392924316818352,691.95,768.5074999999999,0.07641674248759853,0.02484008978329721,0.11340277140008016,0.023883689376530626,1049.7,11026,3.575514128352924,0.00020935587035247706,0.0005330145626590674,0.0
agents v8,0.1,16,105,0.5248667096304827,-0.10023011225107192,0.05063039718809815,0.04094691680383043,0.016909111941655872,0.11915437743004645,0.018611079833868338,689.65,766.47375,0.07538577424255602,0.02475537705445787,0.11318036384064668,0.02403780486217456,1049.8,11026,3.439979641785315,0.00017170312070572948,0.0006323390857522527,0.0
agents v8,0.1,17,105,0.511437723592159,-0.09503980724910965,0.04867806053680584,0.04023887723719902,0.01608472895051776,0.11904066559821716,0.018494630317676827,691.1,763.6800000000001,0.0734641733571067,0.02478611282030086,0.10930576829571342,0.024154148286681255,1051.2,11026,3.497174683831319,0.00017164748322066382,0.0006241155574428266,0.0
agents v8,0.1,18,105,0.5110513802918655,-0.09670863576734512,0.0494095153912915,0.03952767065605624,0.015279291738340941,0.11752423004706725,0.0165086324630173,691.15,765.14625,0.07421855304774569,0.02480903765645419,0.10968188319740559,0.024248378917715297,1051.05,11026,3.0986843258521897,0.00020110279681880109,0.0005859534677831305,0.0
agents v8,0.1,19,105,0.5246260150212909,-0.0994422971997242,0.050511478697481904,0.037843432728675276,0.013881758913915822,0.11626759595243348,0.016736199545607455,689.1,765.1925,0.07529039098062987,0.024778912283147967,0.11193118660971493,0.023961673814759454,1050.4,11026,3.6310016630295117,0.00018730166961845334,0.0005650490216057058,0.0
agents v8,0.25,0,263,0.6109726754430156,-0.14994473185420298,0.066417947908397,0.06973768989283805,0.04051686239219659,0.1546927950146728,0.037966418675939834,613.3,721.4825,0.09123955459399218,0.024821606685595177,0.14165927814020515,0.029220827500641457,1048.15,11026,3.0938224220997452,0.0001932189479388993,0.000694168661120747,0.0
agents v8,0.25,1,263,0.6234810563834449,-0.15544021090075333,0.06860502088222535,0.07124377800612196,0.042741382209158435,0.155736326761382,0.04140978010116057,617.9,731.62375,0.09335686623361646,0.0247518453513911,0.14802333595429923,0.02850239579696352,1047.6,11026,3.2097405338861558,0.00018848786708653561,0.000622159493998524,0.0
agents v8,0.25,2,263,0.6277045573265823,-0.15556847920907235,0.06626207125987486,0.07271702800170682,0.04343453675851244,0.1590245717545157,0.04314873175672425,617.1,730.7875,0.09106941530009142,0.02480734404021656,0.14691630970945196,0.029282491243194375,1049.9,11026,3.9637095743436688,0.0001997765304284067,0.0007267643313366982,0.0
agents v8,0.25,3,263,0.601902097116944,-0.14978337888105753,0.06777441165656548,0.06858781697795692,0.040457775413374454,0.15515611904322837,0.04174959389089379,624.55,734.5775,0.09257052738760968,0.024796115731044198,0.1418418137164493,0.028130041564582466,1047.3,11026,2.896725605018412,0.00018513469463358564,0.0005554838237795481,0.0
agents v8,0.25,4,263,0.6265111888439516,-0.14773259726872323,0.06649274676927787,0.07156345049317307,0.04286616262622057,0.15564292803401675,0.04039214344201646,625.25,733.63125,0.0912825448445293,0.02478979807525143,0.1472134675990876,0.028697287866952505,1049.25,11026,3.9478440643483177,0.00018921102136121648,0.0006838892424207953,0.0
agents v8,0.25,5,263,0.6235076697120199,-0.1515428197641736,0.06615822115767392,0.0706317258022708,0.042514710933379656,0.1557095891426839,0.04129029892182322,622.6,733.8025,0.09093277990277447,0.024774558745100556,0.14423869525082786,0.028117014868891142,1048.3,11026,3.207122482130145,0.00019828828135368267,0.0007693367679560807,0.0
agents v8,0.25,6,263,0.6150558620663579,-0.15243698282871765,0.06845248847818479,0.07239017861899336,0.04350141944442939,0.16074650833229098,0.04530466398808186,620.2,731.745,0.09330833921574366,0.024855850737558877,0.14757627652170183,0.028888759174563967,1047.5,11026,3.6592313890999533,0.00014347236099107605,0.0008079937558545424,0.0
agents v8,0.25,7,263,0.6259838167938082,-0.1521568345545381,0.0685079058477721,0.07523935011845785,0.046191012522558667,0.16334696822669054,0.04636545665221531,619.2,730.3237499999999,0.09337902252264904,0.02487111667487694,0.14646401335317197,0.029048337595899188,1048.25,11026,3.380391941696586,0.00018130854507376472,0.000657328695228228,0.0
agents v8,0.25,8,263,0.6025754815014941,-0.14023987156483142,0.06262795042007636,0.0714652510185793,0.042357330094920806,0.15931507693545405,0.041634783121089786,625.9,727.99375,0.08743922363669773,0.024811273216621365,0.13806630204338396,0.029107920923658492,1048.45,11026,3.903289005966968,0.00018825684463988137,0.0007520678557630974,0.0
agents v8,0.25,9,263,0.6224203701107336,-0.15236865301436975,0.06721338386689986,0.07331516491242475,0.04426125060117072,0.1618488450869554,0.045043883353570166,620.25,731.745,0.09206464998994761,0.02485126612304775,0.14641591486351888,0.02905391431125403,1048.55,11026,2.529665022924004,0.00019872042477441271,0.0008550095055537476,0.0
agents v8,0.25,10,263,0.6227204222540001,-0.15312818742984446,0.06730972602541753,0.07326110052816678,0.04383637054751604,0.15883381499557367,0.04097526987402145,619.6,731.63375,0.09218785782671216,0.02487813180129463,0.14659452590094535,0.029424729980650745,1048.65,11026,3.327380341334225,0.0002156929395843621,0.0007453532260510348,0.0
agents v8,0.25,11,263,0.6286891528944473,-0.15046845401641717,0.0664950562927281,0.07230653453108246,0.0432234883252403,0.158669611651669,0.04111949740733502,622.25,732.4625,0.09124802013238237,0.02475296383965427,0.14606929117923195,0.029083046205842168,1048.65,11026,3.302014730744146,0.00016453853379979786,0.0007440202215931613,0.0
agents v8,0.25,12,263,0.6265858911560462,-0.14511440838424206,0.06408291077645686,0.07109447561611826,0.04149663951364378,0.1594583247102022,0.04092083020170777,618.0,722.9037500000001,0.08896402294978341,0.024881112173326538,0.14494274051042408,0.02959783610247448,1048.3,11026,3.4699144210979713,0.00019691761117044722,0.0007428032974167228,0.0
agents v8,0.25,13,263,0.6257319198594292,-0.15251562990422707,0.06657263280705772,0.0701603989838058,0.041177850984208536,0.15740621019607534,0.04179007115928943,624.4,736.76875,0.09140918327383923,0.024836550466781522,0.14594210235725175,0.028982547999597263,1048.15,11026,3.221874106232317,0.00018076617573404828,0.000605174061759246,0.0
agents v8,0.25,14,263,0.6228824904987456,-0.1538147792296889,0.06718274081375089,0.0728771598463844,0.044293704001440296,0.1607382204126448,0.04505469654058024,619.8,732.46375,0.09198494442069295,0.02480220360694206,0.14572098612641718,0.028583455844944105,1047.4,11026,3.6060488267667328,0.00020972906510610535,0.0007424015529502731,0.0
agents v8,0.25,15,263,0.6185021150415014,-0.15012954717412952,0.06697130623163308,0.07654709824667202,0.047234037795947245,0.16276682478100007,0.044921499555602734,622.0,731.87625,0.09176512243157178,0.024793816199938704,0.14683243972377916,0.029313060450724775,1048.05,11026,3.526983666258083,0.00021628554493976625,0.0006660396174656005,0.0
agents v8,0.25,16,263,0.6125428714983343,-0.15010735629983174,0.06676437182149195,0.0763817552622855,0.047712086655576996,0.16241917486135737,0.04556726156667221,621.45,731.21,0.09163438054614846,0.024870008724656507,0.14288153131895628,0.028669668606708498,1047.5,11026,3.646480565260225,0.0001832487404194485,0.0006365471169011623,0.0
agents v8,0.25,17,263,0.6297211687877606,-0.1555891880861484,0.06794874578151641,0.07376626929277581,0.045189507632282105,0.15850545663812585,0.043563982630890646,620.7,735.06875,0.09279688213105437,0.024848136349537964,0.14872093207594686,0.02857676166049371,1049.05,11026,3.4986020559866287,0.0001939180284967884,0.0006061271194074153,0.0
agents v8,0.25,18,263,0.6168912211962391,-0.147260613139085,0.06555624034495208,0.07087785770207505,0.04226150887420159,0.15726932345606356,0.041680212238566106,624.25,732.0525,0.09041653351508236,0.02486029317013027,0.1423653140311298,0.02861634882787346,1047.9,11026,3.503971190315941,0.00016290403917779787,0.0006678675636810378,0.0
agents v8,0.25,19,263,0.6229964501568345,-0.15038740520936356,0.06685177073640511,0.07439673862529574,0.044494141692231676,0.1578037621622905,0.04009280456305413,618.45,727.92,0.0916680778589082,0.024816307122503083,0.14661588918463594,0.029902596933064064,1047.4,11026,2.783463070828608,0.00015290092360343015,0.0006702838545272289,0.0
agents v8,0.5,0,526,0.7967965671176662,-0.22297848840373202,0.08874072445787254,0.13487050249475524,0.08621642032118369,0.2519259466173393,0.082358824737426,481.9,620.18875,0.11361164465341704,0.024870920195544505,0.20360427761996594,0.04865408217357155,1043.75,11026,3.5330579385902876,0.0001907592037108065,0.0013003804082086837,0.0
agents v8,0.5,1,526,0.8061635653670397,-0.2253299748912685,0.08974674324222101,0.13308783782184735,0.08457204788663292,0.24485614187951596,0.07848739243624195,486.7,628.2675,0.1145963917674409,0.02484964852521989,0.2056758968131768,0.04851578993521444,1044.0,11026,3.6127010635200616,0.00015974161953365712,0.0011310013395684957,0.0
agents v8,0.5,2,526,0.7923630049725028,-0.22684125176550118,0.09043443985532154,0.1337783656453539,0.08466454994839194,0.25215716667649457,0.08088012179072995,480.35,621.2825,0.11530014002880257,0.02486570017348103,0.20482022663603378,0.04911381569696195,1045.05,11026,4.106195288048249,0.0001876438174611573,0.0009988701247202981,0.0
agents v8,0.5,3,526,0.8030096433551362,-0.22225727486552427,0.0909770141845964,0.13750924437476109,0.08802717225812418,0.2531945237772818,0.08220545464950607,486.9,626.0424999999999,0.11585351345422139,0.024876499269624985,0.20737817790568705,0.04948207211663691,1043.85,11026,3.8297678513027074,0.00014197380637984806,0.0011250324045370785,0.0
agents v8,0.5,4,526,0.7899989728721037,-0.22627857425440345,0.08872541410007559,0.13620090437924431,0.08556341610265703,0.24947120468260672,0.07814609205010803,481.6,622.44625,0.11366515380620726,0.02493973970613167,0.20361393892576843,0.050637488276587296,1043.85,11026,4.253164545823048,0.00018406085358447876,0.001093022205472311,0.0
agents v8,0.5,5,526,0.7928776062222472,-0.2331171233188335,0.09120649098419302,0.1366317244197962,0.08795225753929933,0.2543014457057444,0.08465635031543789,484.6,631.9087499999999,0.11607126801866262,0.0248647770344696,0.20713408015141677,0.04867946688049687,1043.1,11026,3.687242168300352,0.00013311060882681622,0.0012915392075889848,0.0
agents v8,0.5,6,526,0.7892036589940111,-0.22705043453910856,0.09135360655260683,0.13500055006265455,0.08610532681717391,0.24672271374429097,0.08048893749583166,483.05,624.94375,0.11628507413553378,0.024931467582926962,0.20288767396808777,0.04889522324548064,1043.7,11026,2.9889580445880504,0.00014578973688587717,0.0012068676127940687,0.0
agents v8,0.5,7,526,0.796328829079388,-0.23122085583102303,0.09340565721344492,0.13501139668366852,0.08655630040155429,0.24672641501520035,0.08020657470458634,482.85,628.07375,0.11834390884209424,0.024938251628649325,0.20904007999006874,0.04845509628211422,1043.05,11026,3.898569551935946,0.00016026714075266968,0.0013730935504878404,0.0
agents v8,0.5,8,526,0.7962716236241547,-0.2203437644830435,0.08681312843854296,0.13442033327087222,0.0843429848256954,0.25207692612938154,0.08111220944736489,483.65,620.3375,0.11166649111617054,0.02485336267762758,0.20298731698394581,0.05007734844517682,1045.4,11026,3.450283340278748,0.00017496149677612862,0.0011575560339040127,0.0
agents v8,0.5,9,526,0.7966168541476317,-0.22412348929041515,0.09042395358200256,0.13395103558169452,0.08565883744927369,0.25048578374142216,0.0804059731086943,486.3,626.775,0.11524764444895157,0.02482369086694901,0.20637926311397026,0.048292198132420826,1044.35,11026,3.5435025407653202,0.00020381777390626816,0.001228583871070857,0.0
agents v8,0.5,10,526,0.7935305215889612,-0.22802537605234818,0.0906469652227518,0.13164890131561752,0.08351362372856883,0.24585599448677936,0.08022604343537718,483.7,626.575,0.11545658697543365,0.024809621752681855,0.20459593658377181,0.048135277587048685,1043.15,11026,2.940020059237342,0.000190549451356121,0.0010688429054774597,0.0
agents v8,0.5,11,526,0.7871059855774856,-0.22300184139898183,0.08999073677515822,0.13681904886539784,0.08743849110727392,0.2516305402179141,0.08387229931685766,484.2,623.1675,0.11480240405616313,0.024811667281004906,0.20417161988047997,0.04938055775812392,1044.7,11026,3.269430084421914,0.00017461952869756323,0.0010531913271296272,0.0
agents v8,0.5,12,526,0.7969661548340028,-0.229720299352686,0.08917696323000003,0.13266911208412965,0.08399573583393556,0.24983713603559426,0.08092926231280254,480.15,623.345,0.11408676132732926,0.02490979809732923,0.20736818613541957,0.04867337625019409,1044.8,11026,3.597769964568159,0.00020203047690423072,0.001150023648451365,0.0
agents v8,0.5,13,526,0.8013293676552715,-0.21868133411727408,0.08875881791613527,0.12944370356342721,0.08072749715546804,0.24609182586898054,0.07865063057626939,486.7,622.92125,0.11357305973459733,0.02481424181846207,0.20763409728120819,0.04871620640795918,1043.9,11026,4.058417771458761,0.00016848079290062676,0.0012544982754480942,0.0
agents v8,0.5,14,526,0.7838886457126288,-0.22056890393006923,0.0891450209675343,0.1341707203548474,0.08511941946359297,0.2477727236396854,0.07756813499980625,482.5,619.04125,0.11403941676208987,0.02489439579455558,0.1983422688888418,0.049051300891254423,1044.2,11026,3.7962513139229244,0.00018974488538076793,0.0013315666477078407,0.0
agents v8,0.5,15,526,0.7835731958406784,-0.22622440942502664,0.08909596949537066,0.13415339081399433,0.08306867296051373,0.25068436108825026,0.07773692926285591,480.15,620.52875,0.11398857601001265,0.024892606514641986,0.20414179528103757,0.051084717853480587,1045.05,11026,3.7777840387705757,0.00018976111524849273,0.001126650054107112,0.0
agents v8,0.5,16,526,0.7828674340255498,-0.22611965730206085,0.09050819854001708,0.13019556124893833,0.08208311899057906,0.24366490491487358,0.07879225659168826,485.4,627.22875,0.11539611369695327,0.02488791515693618,0.20195698260845893,0.04811244225835927,1043.35,11026,3.1430608856287234,0.00019188823957126073,0.0010255868362719115,0.0
agents v8,0.5,17,526,0.7866615442194005,-0.22831481211724536,0.09205325719635138,0.13053150861590374,0.08287526447027499,0.2448617595569759,0.08040455770939312,483.4,626.42125,0.11694118686026447,0.0248879296639131,0.20397628047951144,0.047656244145628746,1044.15,11026,4.307401017509405,0.0002103864151169026,0.0010636753669050435,0.0
agents v8,0.5,18,526,0.7984870991580308,-0.2233455327269872,0.0888372214378765,0.1297813694478196,0.07980400749602412,0.2476039626425218,0.07728947960093654,482.25,620.9325,0.1137059196523442,0.02486869821446769,0.2049143276710847,0.049977361951795474,1046.0,11026,3.8576190012719507,0.00018633650687935064,0.0010997151953192554,0.0
agents v8,0.5,19,526,0.785905251729734,-0.23240482271188467,0.09036729618022105,0.13323832738684852,0.08383065215843861,0.247133903588371,0.08085243535788489,484.65,631.3875,0.11530621549783113,0.024938919317610074,0.20409040571698997,0.0494076752284099,1044.4,11026,4.539820255111214,0.00018960500645926398,0.0010923950775355727,0.0
agents demographiques (v6),0.05,0,53,0.4351171661344744,-0.07488393889421296,0.043617393853406454,0.027690942571313583,0.005113759727292708,0.10544079675116927,0.009445214129633131,713.15,770.87625,0.0683910315151968,0.024773637661790353,0.09264563640875786,0.022577182844020875,1050.75,11026,3.3420013100551382,0.0001824849988008765,0.000584147354746201,0.0
agents demographiques (v6),0.05,1,53,0.44075195477162754,-0.07736721115479761,0.0443931308894968,0.02863705968922578,0.005997811486890204,0.10689891575287705,0.010685190729090188,711.9,771.5962499999999,0.06915192426658893,0.024758793377092136,0.09389449256541607,0.022639248202335576,1051.05,11026,3.062854113488398,0.00015985904339885806,0.000521367325888695,0.0
agents demographiques (v6),0.05,2,53,0.4429587632740606,-0.07321606134727698,0.04412171812782619,0.02889187258473792,0.0058457419980847344,0.1076183685110255,0.010746626274210455,711.85,768.08625,0.06888240156671087,0.024760683438884677,0.09418771217420428,0.023046130586653186,1050.5,11026,3.498057840265963,0.00016635123357200494,0.0005719185386001756,0.0
agents demographiques (v6),0.05,3,53,0.438521958277221,-0.0748052242859576,0.04426901727739799,0.02714158200739262,0.004369331918928396,0.10517167676801087,0.008992745907047642,713.25,770.91875,0.06906505922403922,0.02479604194664123,0.0933708252814081,0.022772250088464223,1050.0,11026,2.986608734127928,0.00018350302574539592,0.0005700679015932015,0.0
agents demographiques (v6),0.05,4,53,0.43135646018659785,-0.07289206404976134,0.04413129713178657,0.02818929619291216,0.005273836211359368,0.1053445916763959,0.009198962340341996,712.45,768.4649999999999,0.06891437410041214,0.024783076968625566,0.09262485222620562,0.022915459981552793,1051.75,11026,2.566679986645421,0.00020217578846797903,0.0005796945546306575,0.0
agents demographiques (v6),0.05,5,53,0.44651458279573103,-0.0748767752884717,0.044888926541632096,0.02828140307728057,0.005421823034865353,0.10709221863143711,0.010784005726937579,712.05,769.68125,0.06963626749294062,0.02474734095130852,0.09503338677795833,0.022859580042415218,1050.25,11026,2.632384302373916,0.00021985202675669333,0.0005273813831657827,0.0
agents demographiques (v6),0.05,6,53,0.4410834061581993,-0.07530074491827987,0.044728702540097004,0.02802657388557367,0.005249436525809854,0.10624270988219317,0.010446960160374205,711.6,769.5475,0.0694881894655564,0.024759486925459397,0.09445505519642929,0.022777137359763815,1050.8,11026,2.952420779892064,0.00020643516023519137,0.0005154287571905476,0.0
agents demographiques (v6),0.05,7,53,0.43475837435201947,-0.07636998413352514,0.044522662556190765,0.02828071116936527,0.005603192764865084,0.10719732041753256,0.010498180142964136,711.65,770.4925000000001,0.06936785686244343,0.02484519430625266,0.0935191877923221,0.022677518404500184,1050.15,11026,3.5767688828082913,0.0001826904121777364,0.0005281413977168335,0.0
agents demographiques (v6),0.05,8,53,0.44363666184586975,-0.0755367563341951,0.04365176750148559,0.0280634450037065,0.0052787035914856895,0.10497480219816,0.008239303596429978,712.5,770.7175,0.06843178809188885,0.02478002059040326,0.09358614471699579,0.02278474141222081,1051.2,11026,4.063258607671985,0.00018202592874022702,0.0005156744153824459,0.0
agents demographiques (v6),0.05,9,53,0.4417053229660762,-0.07569228767947445,0.04374836949467978,0.028492401870672056,0.005690956848652576,0.10565180054070229,0.009647340031040508,710.55,768.7375,0.06855309446902023,0.024804724974340452,0.09344514828611779,0.02280144502201948,1051.1,11026,3.108915013972338,0.00017356282264496117,0.0006836115342431946,0.0
agents demographiques (v6),0.05,10,53,0.4450826771735158,-0.07373861326996378,0.044209858052705706,0.02783433999953975,0.0049821494022404544,0.1049591553219277,0.008797611047599074,713.3,770.085,0.06898403475248793,0.02477417669978223,0.09428561794447467,0.022852190597299295,1050.75,11026,2.596797830859953,0.00016401029017365344,0.0005591943913504021,0.0
agents demographiques (v6),0.05,11,53,0.4380140816483692,-0.07769185473402718,0.0442238089047739,0.027274226112739598,0.0044631458921695726,0.10484263721660117,0.008766825495596375,708.75,768.4525,0.0689884917301186,0.02476468282534471,0.09370705881041946,0.022811080220570025,1050.4,11026,3.2889860880185298,0.00016192311638300272,0.0006645983028597006,0.0
agents demographiques (v6),0.05,12,53,0.4389355459773936,-0.07515651185012506,0.04400798752841319,0.027834729205012294,0.005237121531297434,0.10512977862835685,0.009639700149775887,712.6,770.5087500000001,0.0688094614572195,0.024801473928806318,0.09327488082566761,0.02259760767371486,1050.8,11026,3.192537121041944,0.00017263987976735956,0.0005367324082714896,0.0
agents demographiques (v6),0.05,13,53,0.4423273412918565,-0.07429529124396028,0.04428801182083205,0.028233587924976756,0.005613357494638257,0.10512034981870363,0.010120518513607901,713.9,771.19625,0.06903343601993031,0.02474542419909826,0.0940639181682397,0.0226202304303385,1050.2,11026,3.9351373660577025,0.00018396185437647797,0.0005287447556640176,0.0
agents demographiques (v6),0.05,14,53,0.4348755016680232,-0.07645156462496505,0.04441224174527673,0.02809236340774183,0.005439169419499165,0.10495250141078398,0.00897716003844036,709.65,768.395,0.06923374944738482,0.024821507702108093,0.09332019154997008,0.022653193988242663,1050.15,11026,3.1383647546665707,0.00020478402587117893,0.00043183404958419366,0.0
agents demographiques (v6),0.05,15,53,0.43754801821113565,-0.07412146163389188,0.04376485101656395,0.028301338914038087,0.005686431103072532,0.10570385980398897,0.009283468123441246,714.6,771.8075,0.0685223033809554,0.024757452364391443,0.09262094916843598,0.022614907810965555,1051.1,11026,2.891201285243702,0.0001555638434794771,0.00041868934040512735,0.0
agents demographiques (v6),0.05,16,53,0.4369860524986867,-0.07356797791580405,0.04393458535605313,0.027669386037776317,0.004994749330269339,0.10572332730887683,0.0092929208479961,713.15,769.78125,0.06872969509523734,0.024795109739184206,0.0927425654656883,0.022674636707506978,1051.6,11026,2.9841823924287967,0.00019472749245128912,0.0004221810299946086,0.0
agents demographiques (v6),0.05,17,53,0.44067982767242375,-0.07464998936285971,0.04416269146799469,0.027783536740889108,0.005121464108062433,0.10532503071232435,0.010109545074718243,712.25,769.70875,0.06888826760755601,0.024725576139561323,0.09353376316576838,0.022662072632826675,1050.95,11026,3.673970944359795,0.00021310095872540647,0.0005565152341432596,0.0
agents demographiques (v6),0.05,18,53,0.4358366615986663,-0.07526602647287828,0.04509344587581475,0.027834750221344313,0.004991769118536601,0.10515194774935499,0.00858964668073045,712.6,770.6,0.0698993809275098,0.02480593505169505,0.0947163826127599,0.022842981102807712,1050.75,11026,3.4816368092888226,0.00015518264533692563,0.0006070662132199027,0.0
agents demographiques (v6),0.05,19,53,0.4378298912537676,-0.074771767492403,0.04492732277906737,0.027746004881816288,0.004733045494156481,0.10532659197587946,0.008688171031841455,710.95,768.405,0.06971274323697876,0.024785420457911392,0.09450295137356107,0.023012959387659807,1050.5,11026,3.281451367447501,0.00021455187644189242,0.0005532750117652227,0.0
agents demographiques (v6),0.1,0,105,0.434716034101349,-0.08652976670009704,0.04689189057084454,0.029958335935943846,0.00675922283073031,0.11065503138591956,0.011750575702111021,694.5,760.2875,0.07171225141725017,0.024820360846405633,0.09574868810564084,0.023199113105213536,1049.7,11026,3.874600889289383,0.00018369492445922858,0.000735276652130014,0.0
agents demographiques (v6),0.1,1,105,0.4335488737893896,-0.07772433118831412,0.045872386432996584,0.030085814167752474,0.006545429159994395,0.11074941158297831,0.010292693271796383,698.15,756.9862499999999,0.07070123873820801,0.02482885230521142,0.09495936128172085,0.02354038500775808,1050.05,11026,3.3095236991725403,0.00017610344415167778,0.0005991842004428365,0.0
agents demographiques (v6),0.1,2,105,0.43312925849357725,-0.08147550843704765,0.04578712359343851,0.030172713884702468,0.006735500117909014,0.1104491220953246,0.011661479805274572,694.85,756.485,0.07059393321939765,0.024806809625959138,0.09448399977789533,0.023437213766793454,1048.85,11026,3.167952505471486,0.0001557998389159996,0.0004955492032993225,0.0
agents demographiques (v6),0.1,3,105,0.43696171369037506,-0.0788596377142049,0.045889347584748136,0.029273264156279837,0.005831824534530936,0.10968960818292435,0.010508987732814584,699.4,759.27625,0.07069236776445187,0.02480302017970373,0.09507690626905034,0.0234414396217489,1050.3,11026,3.4913811002495128,0.0001871036891342836,0.000549676719638079,0.0
agents demographiques (v6),0.1,4,105,0.43809879289427694,-0.08274971993108027,0.045327229802383906,0.02967939626901448,0.006432522552315072,0.1106909455522985,0.01192451073258649,700.05,763.205,0.07012457752107933,0.024797347718695417,0.09479883437115141,0.02324687371669941,1049.65,11026,3.609421432435275,0.0001820613468593017,0.0007235298758467099,0.0
agents demographiques (v6),0.1,5,105,0.4290334775872888,-0.08520909059467008,0.04692473538125319,0.030235681862273933,0.007070310032059036,0.10864223293472033,0.010898671785992756,694.3,758.9712499999999,0.0716970851393456,0.024772349758092404,0.09437326498747708,0.023165371830214897,1050.05,11026,3.1700296751017425,0.00014551787565504986,0.0006470203107664585,0.0
agents demographiques (v6),0.1,6,105,0.4268045837547486,-0.08571428571428563,0.0468580595884317,0.030713678771112602,0.007079593274697215,0.11099415593885417,0.011771936475007627,692.6,757.53125,0.07168804878912831,0.024829989200696605,0.09524732414803608,0.023634085496415387,1048.4,11026,2.808907249429475,0.0001753497403694982,0.000658839631026172,0.0
agents demographiques (v6),0.1,7,105,0.430772116823258,-0.08344616355342915,0.04674819367149241,0.029993165292039686,0.006718895214864955,0.10822327781085542,0.010231340536210567,697.25,760.7300000000001,0.07151270244778636,0.024764508776293954,0.09477196695255379,0.02327427007717473,1050.15,11026,3.215303949423677,0.00015174693331597016,0.0005931902858888305,0.0
agents demographiques (v6),0.1,8,105,0.42641405904648333,-0.0809482876672778,0.047592608084803374,0.030859697176629265,0.007532039179456582,0.10922427844174291,0.011017850148130795,696.3,757.6287500000001,0.07233876943533181,0.024746161350528435,0.095757141169333,0.023327657997172683,1049.8,11026,4.095743373558853,0.00022240684784830905,0.0005355220010724013,0.0
agents demographiques (v6),0.1,9,105,0.4312263078258647,-0.08347868848671669,0.046727993490941366,0.02992527219801424,0.006694506281177563,0.1097981913836473,0.011149921111113653,694.25,757.48375,0.07145501395739154,0.024727020466450172,0.09536101412934155,0.023230765916836676,1049.15,11026,3.2414460903137443,0.00017918530349077125,0.0005376414612061701,0.0
agents demographiques (v6),0.1,10,105,0.4165677238374977,-0.08590980498597645,0.048093570671521584,0.029934664615473044,0.0067999103276652345,0.10837199468428282,0.010964756770105749,694.6,759.88125,0.07287650271552025,0.024782932043998666,0.09490880094062026,0.02313475428780781,1050.6,11026,3.2570374988984683,0.00018043725863257145,0.0005608859806096257,0.0
agents demographiques (v6),0.1,11,105,0.4166230352743957,-0.08360581476753293,0.04674479499176961,0.02875660609669789,0.005557791921904209,0.10767948104051243,0.01001632193472192,695.4,758.84375,0.07155138726804068,0.02480659227627107,0.09412400131274763,0.02319881417479368,1050.05,11026,3.9520878529501124,0.00016776368863957754,0.0004873467970868583,0.0
agents demographiques (v6),0.1,12,105,0.4296740232483694,-0.08560515573523042,0.046542539415765735,0.02997924173346712,0.007048432808622489,0.10692518911982207,0.010835120405697632,696.65,761.87,0.07132023843995902,0.02477769902419329,0.09484295230515515,0.022930808924844632,1050.55,11026,3.757501897913104,0.00018676396877466495,0.0006470662496638103,0.0
agents demographiques (v6),0.1,13,105,0.42822897663841514,-0.08178379119200674,0.046297773281622295,0.030422614902385618,0.006899307843240169,0.10886141874734774,0.01070016273554028,695.1,757.01125,0.07113343371098498,0.024835660429362676,0.09414120580957888,0.02352330705914545,1050.15,11026,2.7179481207667555,0.00013088671791054422,0.0005735943732091632,0.0
agents demographiques (v6),0.1,14,105,0.43407614992673965,-0.08136711902626104,0.04535817402197816,0.028897279867665125,0.005739905990216329,0.10786215928347558,0.009876006377828483,697.65,759.44375,0.07017186188236711,0.02481368786038895,0.09422497813179702,0.023157373877448796,1050.25,11026,3.0276331514897783,0.00016115686694764868,0.0005148412729129845,0.0
agents demographiques (v6),0.1,15,105,0.422391705909845,-0.0829264120811617,0.046389822364705804,0.029776617155203817,0.006606280002194043,0.10931955464399219,0.011384079651511378,697.0,760.02625,0.07115875325887461,0.0247689308941688,0.09419728848284707,0.023170337153009774,1049.4,11026,2.7251908307681076,0.00016496972901669524,0.0004741865034512103,0.0
agents demographiques (v6),0.1,16,105,0.4333088801897124,-0.08354541451080588,0.046440260602474394,0.029677312998762428,0.0065033842201276774,0.10957076195334345,0.011500672406524873,694.55,757.86625,0.0711959787289907,0.0247557181265163,0.0949848913914682,0.02317392877863475,1049.65,11026,3.1923262858587416,0.00018958270439521237,0.0007169439930698321,0.0
agents demographiques (v6),0.1,17,105,0.4213419822203111,-0.08405823762844622,0.04763973596781681,0.029799322435515557,0.006797126680085693,0.10947491618188339,0.012280323566962778,697.05,761.0200000000001,0.0724463018925084,0.024806565924691597,0.09533324577549694,0.023002195755429864,1050.2,11026,3.292041685874965,0.00020733507480041023,0.0005992945422969989,0.0
agents demographiques (v6),0.1,18,105,0.42796975525533926,-0.08123264057532453,0.047023531187690745,0.029486607823572215,0.006521511041771871,0.10945148192496401,0.011708624744868362,697.55,759.22375,0.07183600870518546,0.024812477517494713,0.09454628148877392,0.022965096781800344,1049.6,11026,3.4624540633813004,0.00018038983617573923,0.0004964717911874967,0.0
agents demographiques (v6),0.1,19,105,0.4378103259253167,-0.08372692425585782,0.04623641226136893,0.030048555860581104,0.006724590476445486,0.10996655999008242,0.011490370181131151,695.0,758.5075,0.07103161308887654,0.024795200827507607,0.09573114604956173,0.023323965384135618,1049.9,11026,2.8340772025023737,0.0001531166320606951,0.0005157388334044763,0.0
agents demographiques (v6),0.25,0,263,0.3946279240670963,-0.10843466349977049,0.057371059617903696,0.041122788281388864,0.014979678712084374,0.13357398741022286,0.024415588544754036,636.25,713.6324999999999,0.08217669324262326,0.02480563362471957,0.10218448458451854,0.02614310956930449,1045.2,11026,3.9883572545276813,0.0001856884229413558,0.0006421575605460011,0.0
agents demographiques (v6),0.25,1,263,0.40744340992803074,-0.11149495502706797,0.057813237271309055,0.041201489058612484,0.01503379208116637,0.13067090304817836,0.020860736973281474,632.7,712.095,0.08259286604927657,0.024779628777967515,0.10206553903475532,0.026167696977446114,1047.1,11026,3.1874111350106316,0.00018033798328689866,0.0006781271264145659,0.0
agents demographiques (v6),0.25,2,263,0.402720948868969,-0.10621865772046624,0.055344293536907695,0.04190780317337485,0.01598072040774974,0.1297885622322725,0.02189335947280306,639.4,715.3875,0.08014155155498033,0.024797258018072636,0.10034502547731446,0.02592708276562511,1047.25,11026,3.314241801370079,0.0001872213109716831,0.0006489913267909811,0.0
agents demographiques (v6),0.25,3,263,0.4029813764476128,-0.10487641950567783,0.055947686415819584,0.04003945732609897,0.013958047707505885,0.13257042769286226,0.02284504501791812,639.85,714.8174999999999,0.08075616175763334,0.024808475341813754,0.10017353824610324,0.026081409618593083,1046.1,11026,3.6178076304969684,0.00017800085957905807,0.0006781441252613779,0.0
agents demographiques (v6),0.25,4,263,0.391517289523309,-0.11313373142037508,0.05588836594033512,0.042632140730221715,0.01658384555997009,0.13209623556646422,0.02418709692186101,635.3,716.3425,0.08066268490201121,0.024774318961676096,0.09921310447670602,0.026048295170251624,1046.1,11026,2.904871019688419,0.00017472032765077176,0.000642083041297206,0.0
agents demographiques (v6),0.25,5,263,0.40005072359218863,-0.1110297014646825,0.05678321022751314,0.04007553571545468,0.014526738744780662,0.12919229989543798,0.02153753228457575,643.05,723.365,0.08158148420113356,0.024798273973620423,0.10074775757819641,0.025548796970674015,1045.75,11026,3.338435838256272,0.0002106836760310394,0.0006270070110041842,0.0
agents demographiques (v6),0.25,6,263,0.3959303492576962,-0.11043305188029917,0.05706392634552819,0.04120223193229131,0.015005501206445605,0.13343618605532537,0.024891565905271376,634.1,712.81875,0.08188485620578961,0.024820929860261427,0.1010297089207026,0.026196730725845708,1044.5,11026,3.7549230505277436,0.0001995112191294404,0.0007750225448238587,0.0
agents demographiques (v6),0.25,7,263,0.38060510895128075,-0.1139492562278257,0.05838420154882021,0.03994927020623806,0.014905654901113959,0.12938066425539338,0.023719733384960043,639.65,721.9112499999999,0.08313264320419443,0.02474844165537422,0.10035858063586132,0.025043615305124105,1044.9,11026,3.6371390472070257,0.00016449529741836185,0.0007106100010847631,0.0
agents demographiques (v6),0.25,8,263,0.41071701771912467,-0.11195987829423393,0.059407639786361655,0.04226812657751534,0.01616807104876422,0.13482399042309592,0.02579804483057445,635.9,716.07125,0.08421128042872862,0.024803640642366964,0.10471148496954015,0.026100055528751116,1045.45,11026,3.1014241455771927,0.00018914373255215597,0.0006618752811043619,0.0
agents demographiques (v6),0.25,9,263,0.3840408207285383,-0.10994417074882434,0.058113976599716226,0.04219063257745267,0.01656118975187154,0.13151023821055935,0.02489333806220838,637.3,716.0225,0.08291105226528629,0.024797075665570066,0.10116439688088295,0.025629442825581127,1046.45,11026,3.535170361832582,0.00018350274302349995,0.0006345644003464099,0.0
agents demographiques (v6),0.25,10,263,0.38534955502906837,-0.107792429732812,0.0573722806384869,0.04130306537479075,0.015231034725413217,0.13251223785328653,0.02341949216923525,639.55,716.8174999999999,0.08215283130231814,0.024780550663831242,0.10080924398434139,0.02607203064937753,1046.9,11026,3.370546444322248,0.000180506226425502,0.0006649549177552475,0.0
agents demographiques (v6),0.25,11,263,0.39942376744982383,-0.11022181488723859,0.05588435521724507,0.04051007246987813,0.014437494415871385,0.1310486578619762,0.02226906357037249,635.9,714.6725,0.08074998451161258,0.02486562929436751,0.10108983109142769,0.026072578054006746,1046.1,11026,2.5435426032128863,0.00021605308194691254,0.0008784017945001524,0.0
agents demographiques (v6),0.25,12,263,0.4081686460633148,-0.10675339616182,0.05582661514706754,0.04102333287361623,0.015130058919853813,0.12792328351219057,0.020114820153651305,642.5,719.2862499999999,0.0806596999678254,0.024833084820757863,0.1007890320254985,0.025893273953762418,1046.65,11026,3.8529041244634783,0.0001819556793912048,0.0006122056268738819,0.0
agents demographiques (v6),0.25,13,263,0.3980206307545148,-0.11097199398318436,0.05753161458040076,0.042098777095536784,0.016191782383814947,0.13007243448358274,0.02161059752960595,639.05,718.81875,0.08234557108033329,0.02481395649993253,0.1016929005596275,0.025906994711721837,1046.3,11026,2.776612202039175,0.00017360606078631818,0.0007269768546289484,0.0
agents demographiques (v6),0.25,14,263,0.4046372420078686,-0.10927377962595353,0.056524272938371915,0.04097956805049343,0.014865507048087943,0.13064932899818527,0.021461060287985376,638.85,717.22375,0.08130565305781302,0.02478138011944111,0.10118519903199581,0.026114061002405486,1047.75,11026,3.2635317407797513,0.00017145120468219178,0.0005488217200804437,0.0
agents demographiques (v6),0.25,15,263,0.39530322802795254,-0.10707322915737771,0.05687533289666245,0.04062066726040574,0.014884756053402025,0.1307753939114369,0.023239911562163845,638.35,714.89625,0.08159597908568815,0.0247206461890257,0.10040795328261971,0.025735911207003713,1047.2,11026,3.2273547853089224,0.00014632720592313816,0.0007319666230702471,0.0
agents demographiques (v6),0.25,16,263,0.4116888250251814,-0.11357050405328217,0.058197981293977116,0.04059140274332069,0.015137297819140867,0.1306990720983602,0.022227825070671697,634.35,715.62375,0.08303078942603605,0.02483280813205893,0.10340168095160612,0.02545410492417982,1046.9,11026,3.4041638813031896,0.00017101199559916387,0.0004543457238209891,0.0
agents demographiques (v6),0.25,17,263,0.39846302314292803,-0.10950104983976128,0.055838643321394536,0.038766740360451434,0.013454545560381097,0.12892859661142883,0.0225048325500128,644.65,723.92,0.08065168141560743,0.02481303809421289,0.09942090769539598,0.025312194800070336,1045.95,11026,3.498439212431302,0.00018240852078904793,0.0006400995101685582,0.0
agents demographiques (v6),0.25,18,263,0.4036143488603059,-0.10654254621738557,0.0578122247078659,0.04135711419665704,0.015021141592059525,0.13250982409879314,0.022925082204926145,638.85,715.03125,0.08263466210125119,0.024822437393385282,0.10220368002488148,0.026335972604597514,1046.85,11026,3.504313962269054,0.00016599947026469162,0.0006694314375712059,0.0
agents demographiques (v6),0.25,19,263,0.3971050772617711,-0.11345132495340593,0.05709171217852474,0.041556911247015424,0.0154994268598974,0.13354757397883613,0.024889748603950754,632.65,713.61,0.08191077426625247,0.02481906208772773,0.10086870731093724,0.026057484387118024,1046.45,11026,4.219372295034238,0.00017501747263480377,0.0006016577325479274,0.0
agents demographiques (v6),0.5,0,526,0.36410829010568047,-0.14927906039776817,0.07130532973269332,0.06825362878667283,0.03291303246075563,0.1805165938958317,0.0396138179892849,522.6,614.3025,0.0961656588478798,0.02486032911518648,0.112020101158852,0.035340596325917205,1038.9,11026,3.9183485205128306,0.00019537866245635254,0.0009403750517354104,0.0
agents demographiques (v6),0.5,1,526,0.35438399570167267,-0.14873238975433656,0.07254527666477636,0.06747490739139708,0.03198925661118733,0.1835942633119385,0.04116697954547324,519.95,610.7950000000001,0.09736793952832166,0.024822662863545293,0.11233161331588944,0.03548565078020975,1040.25,11026,3.890682492366899,0.0001778543548853243,0.0009352919608623538,0.0
agents demographiques (v6),0.5,2,526,0.34694192135518087,-0.15160767569729894,0.07613512749600795,0.07050662966311302,0.03484692036878256,0.18279218474541675,0.04283666934802802,519.6,612.4525,0.10093243222993024,0.024797304733922287,0.11489667940274202,0.03565970929433047,1041.35,11026,4.066986378773382,0.00012982205034148196,0.001008153218561003,0.0
agents demographiques (v6),0.5,3,526,0.3446400917343002,-0.14128938120388834,0.07170153924216342,0.06756187012995749,0.031539702014646995,0.18024917044099195,0.03896387933524595,522.3,608.2375,0.09662545739104525,0.024923918148881827,0.11092407212341031,0.03602216811531049,1040.2,11026,3.4704937578213526,0.00018330648674778194,0.0010675173401711233,0.0
agents demographiques (v6),0.5,4,526,0.35164206187071184,-0.15199272740614223,0.07388230715746798,0.06788842454860591,0.03262226607199436,0.18283027993393047,0.04140516183530929,520.05,613.26125,0.09876108592436483,0.02487877876689686,0.11402261340871168,0.035266158476611555,1041.7,11026,2.8636870509259587,0.0002067315614587372,0.0009263726427666653,0.0
agents demographiques (v6),0.5,5,526,0.367253875393345,-0.14841446444881723,0.07242366508668185,0.06650475291601322,0.03071896412880215,0.1787152408334387,0.037902404626098146,520.95,611.74125,0.09728275033505518,0.024859085248373325,0.1120562869730787,0.03578578878721107,1038.9,11026,4.701184895648854,0.0001663886555332527,0.0007747493135852937,0.0
agents demographiques (v6),0.5,6,526,0.3366743418871504,-0.15208052043697062,0.0742763425467013,0.06936139438840203,0.03289325341264864,0.1856875000395747,0.04214721244162506,518.1,611.025,0.09909326731653083,0.024816924769829527,0.11258196947117029,0.036468140975753384,1040.35,11026,4.461818072582127,0.00015474494074272288,0.0008610959794914344,0.0
agents demographiques (v6),0.5,7,526,0.3561838330247946,-0.1465727720527994,0.0720912548844291,0.06753221630305883,0.032015356877594194,0.17968209927550444,0.03962749499578816,524.75,614.87375,0.09689747855411561,0.024806223669686496,0.11176246743769705,0.03551685942546464,1042.45,11026,3.6739726891353977,0.00017938490454148969,0.0008359748204879401,0.0
agents demographiques (v6),0.5,8,526,0.3398023041047231,-0.15178999659164905,0.07286384388522883,0.06576176551191959,0.03045389851083903,0.1812122473235656,0.040379408699390024,519.5,612.4662500000001,0.09766796840376328,0.02480412451853445,0.11096626771115707,0.03530786700108056,1038.35,11026,3.633469548728663,0.00016871939003535672,0.0008711889584715791,0.0
agents demographiques (v6),0.5,9,526,0.34048484164527104,-0.15476493528974522,0.07500085649296503,0.06504660775670881,0.02977241140170321,0.18294491268911267,0.04246649885011489,518.8,613.79375,0.0998392515352853,0.02483839504232027,0.11302552164689389,0.0352741963550056,1038.4,11026,3.735590906814733,0.00017050128039211568,0.0010067594540795156,0.0
agents demographiques (v6),0.5,10,526,0.34248437465908405,-0.14731436057817682,0.07309033186771297,0.06642902473255732,0.03095434973241698,0.17840420097542564,0.03739730077411457,519.05,608.7237499999999,0.09790780500240565,0.024817473134692673,0.1110655345218269,0.03547467500014034,1038.95,11026,3.503221731492304,0.00015087556691835966,0.0007715658080289366,0.0
agents demographiques (v6),0.5,11,526,0.35576471712056273,-0.15003340613896554,0.07361447037037869,0.06477809195066601,0.029520167335713582,0.18056524555028852,0.03922521924546901,520.0,611.78875,0.09843302601869809,0.024818555648319408,0.11284787519458517,0.03525792461495243,1038.9,11026,3.72272108055248,0.0001778227452053284,0.0008312819232590024,0.0
agents demographiques (v6),0.5,12,526,0.336754325241631,-0.15482544020359368,0.07315104781949555,0.06754448447261871,0.03207944757999492,0.1810448394579549,0.039508478116823675,517.25,612.0037500000001,0.09796946272704156,0.024818414907546014,0.11145708798770862,0.03546503689262379,1042.0,11026,3.4026269546201555,0.0002079160384523493,0.0011316503335448117,0.0
agents demographiques (v6),0.5,13,526,0.3529328851976516,-0.1445516624947979,0.07325490100031479,0.06683376661520704,0.030863441560852925,0.18682088896435312,0.041930478281855754,521.6,609.73875,0.09805609212923343,0.024801191128918647,0.11319124834742052,0.035970325054354116,1041.55,11026,3.3426629853057785,0.00014585014674975828,0.000974407479134685,0.0
agents demographiques (v6),0.5,14,526,0.3712296287992601,-0.15140173904497867,0.07466551010968192,0.0670451248981853,0.03045404256124952,0.18127164107487959,0.03755631076332597,518.1,610.5362499999999,0.09943264537721135,0.02476713526752943,0.11587857031146306,0.03659108233693578,1041.25,11026,3.6142344563030506,0.00017734589196558354,0.0007665358206393855,0.0
agents demographiques (v6),0.5,15,526,0.3598542701031932,-0.15142188268574885,0.07262020883559811,0.06506535959514823,0.029073134964515662,0.1785594098928009,0.038122986948017024,519.7,612.43625,0.09747807983181679,0.024857870996218674,0.11295105903288961,0.03599222463063256,1039.5,11026,4.387394348205633,0.00019615854504320508,0.0009043368075813932,0.0
agents demographiques (v6),0.5,16,526,0.34921180530777984,-0.15321502911709206,0.07494732566007668,0.06469045247455743,0.02937221888700632,0.1823555409814955,0.041170375919054925,522.75,617.335,0.09982579086342376,0.024878465203347078,0.11439013396104879,0.03531823358755111,1042.1,11026,3.335323764701806,0.00016771011050575253,0.0007418552125435364,0.0
agents demographiques (v6),0.5,17,526,0.3545579819051707,-0.14933069217966655,0.07479838490105702,0.06405417259262312,0.02862042024060872,0.17870358978503628,0.03804120549577461,520.7,612.10625,0.09960538886310678,0.024807003962049764,0.1142761542820871,0.0354337523520144,1040.45,11026,3.551131771558794,0.00015967599743404307,0.0010301487102330601,0.0
agents demographiques (v6),0.5,18,526,0.3621195519394941,-0.15403669594699965,0.07353628607344935,0.06738516844095072,0.031416502962884243,0.18089128981128777,0.03930302896225568,522.1,617.16625,0.09838359423716923,0.024847308163719887,0.1146791362844497,0.03596866547806647,1040.45,11026,3.5945362294916725,0.00016642059658182072,0.0007952126020411419,0.0
agents demographiques (v6),0.5,19,526,0.34153164027298877,-0.1501302372207295,0.07331515435413502,0.06369706760015266,0.028903364577630625,0.17782748399753062,0.03841972971655849,517.15,608.505,0.09812187572817119,0.024806721374036163,0.11093763836182274,0.034793703022522035,1040.3,11026,3.6171032467204807,0.00017676484517576034,0.0009179439318027938,0.0
agents composite,0.05,0,53,0.4594932908426191,-0.07456334895441585,0.043553438298893396,0.027190336561594426,0.0048258324047711215,0.10405172694482531,0.008539188867745004,719.8,777.7949999999998,0.06835187046259486,0.024798432163701464,0.09510131184931371,0.022364504156823305,1051.8,11026,3.95828893362413,0.00018085721890250672,0.000483131520523181,0.0
agents composite,0.05,1,53,0.45969018642555337,-0.07115402222047307,0.0437333686696012,0.027293985811087034,0.004844061467803612,0.10472087962577739,0.009151336722585432,722.85,778.2237499999999,0.06855324878087118,0.024819880111269982,0.09558923980904636,0.022449924343283422,1051.55,11026,3.424683917662689,0.00015751344950074676,0.0005225323117714742,0.0
agents composite,0.05,2,53,0.45911037448448316,-0.07133841636185667,0.0433078114464311,0.02753254197092584,0.004982240308799478,0.10522813688212926,0.009522338403041813,721.05,776.4399999999999,0.0680894324948553,0.024781621048424202,0.0947821413539255,0.022550301662126362,1051.55,11026,3.5380749510113985,0.0001929469556631522,0.0006511460203652099,0.0
agents composite,0.05,3,53,0.45935344468122613,-0.07108793496323607,0.04287113595079163,0.02776788745921178,0.0051320261990046405,0.10555000779304571,0.009501673239405983,719.0,774.0237500000001,0.06761652034572585,0.024745384394934216,0.09432229353983206,0.02263586126020714,1051.45,11026,3.991159903060124,0.0001681564144937281,0.0005333482209327707,0.0
agents composite,0.05,4,53,0.4586500378301392,-0.07246936836851336,0.043952723495906225,0.027050328674845248,0.004526331522034056,0.10405208872231046,0.008206922250400664,720.1,776.3625,0.06869162022762736,0.02473889673172113,0.09552096198522521,0.02252399715281119,1051.8,11026,3.895818764541533,0.00018240992401027476,0.0006024078747332907,0.0
agents composite,0.05,5,53,0.4556655533497814,-0.07282549520499171,0.04340115696586414,0.027289828729370285,0.004770609744080331,0.10438031134570372,0.008888066724430488,719.55,776.0674999999999,0.06820535734255188,0.024804200376687742,0.094467634772067,0.022519218985289954,1051.65,11026,3.15246240751086,0.00020763988445513489,0.0006382284930479439,0.0
agents composite,0.05,6,53,0.4657933632789482,-0.0728585467535412,0.04399152522033867,0.027857725577306418,0.005199773527294296,0.10557300126983897,0.0100285125880476,720.55,777.1737499999999,0.06876831612643661,0.02477679090609794,0.09623559923621458,0.02265795205001212,1051.8,11026,3.97932134885283,0.00020139011888957456,0.0006250395034172343,0.0
agents composite,0.05,7,53,0.4616574387519815,-0.07240339008658447,0.043664759732724934,0.02780499650884727,0.0051925051915069145,0.10546577946768058,0.009742157794676798,721.4,777.70875,0.06847417463511589,0.024809414902390952,0.09536139533497207,0.022612491317340354,1051.95,11026,2.8372948361387325,0.00018430415144860305,0.0005013472601957193,0.0
agents composite,0.05,8,53,0.4595055009823481,-0.07256051004661668,0.04333909546689393,0.027904309343035987,0.005295952021064747,0.10590013856077682,0.009686811492223613,719.7,776.0074999999999,0.06811064872409528,0.024771553257201352,0.09486908109762657,0.02260835732197124,1051.75,11026,3.542426916894474,0.00013646970820893666,0.0005395804031317414,0.0
agents composite,0.05,9,53,0.459276857194126,-0.07327443784140131,0.043153366469609225,0.0276700987290757,0.004987302740826233,0.10453944821697966,0.00858912659679538,718.7,775.5262500000001,0.06797054634806969,0.024817179878460466,0.09540637358333781,0.022682795988249467,1051.7,11026,3.3211248384105874,0.0001718722822741243,0.0004765330055040985,0.0
agents composite,0.05,10,53,0.45832554271460135,-0.07259722108032551,0.04334324067124134,0.02776153798844483,0.005126468364367816,0.10495472354773472,0.009548953920401698,719.1,775.39125,0.06811597551528542,0.024772734844044082,0.09498230918133267,0.022635069624077013,1051.75,11026,3.3746393444527047,0.0001676180320844917,0.0005005707963321202,0.0
agents composite,0.05,11,53,0.45899890226768464,-0.07141212407150066,0.04372765317661671,0.027715051304354265,0.00508877148419902,0.10434087759982344,0.009145527932839626,720.85,776.28625,0.06843324055163982,0.024705587375023114,0.09522624405255675,0.022626279820155245,1051.7,11026,3.197995916916624,0.00022261434980040996,0.0005527929147565035,0.0
agents composite,0.05,12,53,0.45868986692481,-0.07338740826573964,0.04363448719466034,0.02762235030293696,0.0049023591789752845,0.10529992757559296,0.009544724334600754,719.7,776.7,0.06842632273890234,0.024791835544241997,0.09523270307159655,0.022719991123961676,1051.6,11026,4.050166188423152,0.00017853063503428,0.0006009834020642025,0.0
agents composite,0.05,13,53,0.4619233543312159,-0.07142340721222962,0.04361907714700121,0.027569750699134993,0.004919554253960564,0.10433671715874433,0.008408075054357061,722.45,778.01875,0.06836313088060732,0.02474405373360611,0.09573625758732765,0.02265019644517443,1051.85,11026,3.282503881303002,0.00020524936702523452,0.000586559684617643,0.0
agents composite,0.05,14,53,0.4593771118777718,-0.07230075411036097,0.04297509596405877,0.027866697934840652,0.0051686591795172265,0.1060845329927047,0.009274088200504196,719.2,775.25125,0.06777072525423573,0.024795629290176962,0.09477841637744765,0.022698038755323426,1051.4,11026,3.490931245604602,0.00015014832379406975,0.00047961388541438026,0.0
agents composite,0.05,15,53,0.45839621736376585,-0.07111352553904249,0.04326635055899945,0.027864424921093745,0.005126946444700676,0.10521717114814219,0.0089975614496286,718.15,773.1299999999999,0.06807977236342305,0.024813421804423596,0.09480232508307644,0.02273747847639307,1051.5,11026,3.223209103219487,0.00020135831251852745,0.0006127610856017535,0.0
agents composite,0.05,16,53,0.4657102130423874,-0.07270567098438097,0.04388656149345557,0.028242528821175627,0.005513473773630314,0.10529965598406663,0.009758215643671908,720.0,776.4525000000001,0.06865583764104294,0.024769276147587366,0.096627157014888,0.022729055047545313,1051.5,11026,3.236628310528228,0.0001750982598973647,0.00046619438478412217,0.0
agents composite,0.05,17,53,0.4594715137030047,-0.07173186230732276,0.04338897333603464,0.02753430735891583,0.004759795829584204,0.10543068705162204,0.009215599709492678,719.8,775.4224999999999,0.06818477285062337,0.02479579951458873,0.09544982629688616,0.022774511529331624,1051.45,11026,3.2662797389895015,0.00015674623262426458,0.0005607605496121728,0.0
agents composite,0.05,18,53,0.4589492617352578,-0.073675818682714,0.043534852787645614,0.02762198396016451,0.005090076075344813,0.10438845133911938,0.008611863181181803,720.4,777.6975,0.068291762063906,0.02475690927626038,0.09488044504861823,0.022531907884819697,1051.6,11026,3.4458996443562326,0.00016885826564039055,0.00046268450172342517,0.0
agents composite,0.05,19,53,0.4578500900451811,-0.07266955397106345,0.0437875895601188,0.027854153024640664,0.00534643020588757,0.10613117870722433,0.009738593155893538,719.7,776.0987499999999,0.06851510060586595,0.024727511045747153,0.09546576985723831,0.022507722818753094,1051.9,11026,3.2301362894958383,0.00015814822334779744,0.0006022990584260646,0.0
agents composite,0.1,0,105,0.4692579859340601,-0.07600721083301909,0.04468354619876344,0.02816471634639861,0.005319415709175435,0.1075122216186855,0.010222161868549698,716.3,775.2225000000001,0.06946350194904416,0.024779955750280722,0.09738210335113397,0.022845300637223176,1051.0,11026,3.09117747874951,0.00018711389510025881,0.0006344935381760125,0.0
agents composite,0.1,1,105,0.4723753560801923,-0.07807755310814579,0.04555108232607066,0.028305053944475113,0.005202991245461249,0.10671595145006904,0.009207672441583492,711.95,772.2450000000001,0.07037450148300298,0.024823419156932317,0.09933754606462526,0.023102062699013864,1050.95,11026,3.4918549915555346,0.00019301454460814106,0.0005775585475183372,0.0
agents composite,0.1,2,105,0.46877238917894903,-0.07755280337164994,0.04526520919268013,0.02834690361148142,0.005357491785707439,0.10626270790792176,0.009006900886148111,712.7,772.61875,0.07003589697871819,0.02477068778603806,0.09837329663243878,0.02298941182577398,1051.25,11026,3.418120781875201,0.00014626554079038288,0.0005663874886118123,0.0
agents composite,0.1,3,105,0.4705032709640275,-0.07619737812690075,0.045320328955292526,0.02838542326156874,0.005580830360728331,0.10619073632571549,0.008657979635545349,713.85,772.73,0.07012428582749292,0.02480395687220039,0.09871704265000564,0.022804592900840408,1051.6,11026,3.2218763445370135,0.00016758827725485618,0.0006529091387338961,0.0
agents composite,0.1,4,105,0.46657775003952445,-0.07444791587535826,0.045079267832365544,0.0281945856381574,0.005295190077890696,0.10839020776880973,0.010783129547090778,715.8,773.37625,0.06983037208397636,0.02475110425161081,0.09813745691793592,0.022899395560266704,1051.6,11026,3.1369589123781565,0.0001849652039273596,0.0006010419187518102,0.0
agents composite,0.1,5,105,0.47278652960186845,-0.07429267302618225,0.04450417461324747,0.02800262081946735,0.0048658600493085465,0.10733160162510447,0.009044151098175551,712.65,769.84375,0.06932453194798667,0.024820357334739203,0.09800376863032231,0.023136760770158804,1051.6,11026,3.1927840816922903,0.00019054602958426466,0.0005377572516409232,0.0
agents composite,0.1,6,105,0.46880437362354116,-0.07472733745428661,0.04469031150044481,0.028352717311819493,0.00558059706306396,0.10824306363112066,0.011335237232052764,714.75,772.475,0.06946415223612011,0.0247738407356753,0.09807647525870132,0.022772120248755533,1050.8,11026,3.31221515466149,0.0001374560319958033,0.00049678964421154,0.0
agents composite,0.1,7,105,0.46917867339106234,-0.07743732590529251,0.04557087351091414,0.028102018494409593,0.005128420246497952,0.1062858838043073,0.00950662482408568,714.15,774.09375,0.07034261665727026,0.024771743146356124,0.09898937369109992,0.02297359824791164,1051.6,11026,3.836835426460661,0.00017558399607314702,0.0005908918841315511,0.0
agents composite,0.1,8,105,0.467184085058584,-0.0780333579937934,0.04521397904807391,0.02844155476113814,0.005360646439515199,0.10830761086800238,0.010970502156193815,711.9,772.1537500000001,0.06995393074667516,0.02473995169860126,0.0982297380165161,0.02308090832162294,1051.4,11026,4.506012898737608,0.00015388087891330906,0.0005950329524395141,0.0
agents composite,0.1,9,105,0.4685022864458895,-0.07307536194854691,0.04475095300382246,0.028681502472232286,0.005788330761698376,0.10724866413663611,0.010044221644785134,716.5,772.9862499999999,0.06949553999876863,0.024744586994946173,0.09792052873426925,0.02289317171053391,1051.25,11026,4.165994625290418,0.00018724959448728444,0.0005812778570881894,0.0
agents composite,0.1,10,105,0.46714255899298457,-0.07713134568896063,0.04529589570305429,0.02800557190982228,0.005271357022640432,0.10620631558401308,0.010285292123690684,715.8,775.625,0.07008045604853418,0.024784560345479885,0.09817025141783792,0.022734214887181848,1051.45,11026,2.6732530840311535,0.00017079045482911638,0.0004323780701917741,0.0
agents composite,0.1,11,105,0.4715329163225407,-0.07504162506856615,0.04424867618463295,0.02876986705908473,0.005898359432909776,0.10767644396161506,0.01040649330074235,714.55,772.52125,0.06903306145897722,0.024784385274344272,0.09747207440955294,0.022871507626174955,1051.4,11026,3.1232972283987044,0.0001708209671757816,0.0005969889359775136,0.0
agents composite,0.1,12,105,0.47014572745910044,-0.07440602709347277,0.045104019541749904,0.028058259113222274,0.005182850973728243,0.1074503329261618,0.010797720171664485,715.8,773.3412500000001,0.06987363835647964,0.024769618814729732,0.09835271723305745,0.02287540813949403,1051.3,11026,3.122250328750824,0.0001402779262044129,0.00048381036971777716,0.0
agents composite,0.1,13,105,0.46792569713521714,-0.0731757094935509,0.04380739157743807,0.028298724391919015,0.005405634750438291,0.10747391532551012,0.010692439521816602,715.25,771.7212499999999,0.06857919199321964,0.024771800415781576,0.09718600941528781,0.022893089641480725,1051.2,11026,3.1036762217962695,0.00020291674953497871,0.0005225952232753042,0.0
agents composite,0.1,14,105,0.4674011782736538,-0.07613527602742054,0.044555156623472085,0.027716231388055797,0.004995896612091672,0.10634555495201883,0.009138652000724237,713.1,771.86625,0.06928999457417473,0.024734837950702644,0.09739682181185473,0.022720334775964125,1051.65,11026,3.1097940301982065,0.00019346454491979583,0.0005357345822777655,0.0
agents composite,0.1,15,105,0.4686755864825167,-0.07387739771270185,0.04414524952511544,0.028254249205769216,0.005320695274307445,0.10635794591702237,0.009965671121784134,715.05,772.0899999999999,0.06892420514966956,0.024778955624554115,0.09724307734292523,0.02293355393146177,1051.2,11026,3.390469296613976,0.00017949510870985143,0.0006030741737109359,0.0
agents composite,0.1,16,105,0.47264392688746765,-0.07561732642728669,0.04497434716454764,0.028340472409040095,0.005362339370796599,0.1073920636873085,0.010179276571651852,713.65,772.0287500000001,0.06977323657439875,0.024798889409851116,0.09846622783510679,0.022978133038243496,1051.55,11026,2.933862587015145,0.0001429973705375247,0.0005018715780992824,0.0
agents composite,0.1,17,105,0.47267364953124635,-0.0796558387720141,0.04454352790659731,0.02904155195305575,0.006231597962107423,0.10746197718631179,0.010760456273764249,713.2,774.9275,0.069312922073336,0.02476939416673869,0.09819778586905922,0.022809953990948328,1051.95,11026,2.4267195859262256,0.00017175553736397338,0.0005684066404636376,0.0
agents composite,0.1,18,105,0.47086907323577903,-0.0761059202109099,0.04523139542828979,0.028733110977999958,0.005990553169403334,0.10758120586637698,0.010871505522361047,714.9,773.79,0.06999291132612895,0.024761515897839155,0.09849160276433104,0.022742557808596624,1051.15,11026,2.911718146404721,0.00017058283196365632,0.0006247719590450253,0.0
agents composite,0.1,19,105,0.46566186035653057,-0.07578318793272054,0.04522815823088446,0.028435668727592407,0.00554440930393495,0.10567402763256432,0.00990705145018507,713.5,772.0049999999999,0.06999562783804747,0.024767469607163008,0.09792119232500043,0.022891259423657457,1051.45,11026,4.4061408197057075,0.00019392510703593284,0.0005088324048357836,0.0
agents composite,0.25,0,263,0.4929479997068882,-0.09255635283032548,0.05027745645094734,0.030981743861657075,0.006951196662783439,0.11612836719906597,0.014536690203042227,688.6,758.835,0.0750633886422255,0.024785932191278164,0.1071258712613992,0.024030547198873636,1050.55,11026,3.489750560478356,0.00016271598173868426,0.0005258063083496578,0.0
agents composite,0.25,1,263,0.49556100838529377,-0.08798054956709922,0.050689176785547574,0.030077107412391592,0.005884974250013459,0.11369644516639701,0.011676330092671938,691.15,757.82375,0.07550161707615313,0.02481244029060556,0.10755491740034501,0.024192133162378133,1050.55,11026,3.73378524336761,0.0001750246727845029,0.0005559426928997513,0.0
agents composite,0.25,2,263,0.497857933775452,-0.09433564926400795,0.05070179768817833,0.03179096862224705,0.0077706597512652645,0.11553679828313382,0.013673173546244227,688.1,759.7737500000001,0.07555089973061221,0.02484910204243389,0.10765278988284234,0.024020308870981784,1050.5,11026,3.837650648508797,0.00020397286763320028,0.0006010807554280818,0.0
agents composite,0.25,3,263,0.5032137561138107,-0.09350047618576829,0.05117418649244518,0.032290343025296896,0.007940950352027354,0.11586661972160021,0.012821538675454852,687.7,758.6324999999999,0.07599125250500703,0.02481706601256185,0.10931556228409452,0.024349392673269542,1049.8,11026,3.6005261367664696,0.00016964535444149303,0.0006759708175266286,0.0
agents composite,0.25,4,263,0.49494573365305083,-0.09277779973909961,0.051359556396582656,0.03166103414716724,0.007243291454110505,0.11478359127987323,0.012055673357860008,688.5,758.9100000000001,0.07611511002313351,0.02475555362655085,0.10812791915606598,0.024417742693056736,1050.05,11026,3.6667459198894026,0.00019778381622095404,0.0005995119859430144,0.0
agents composite,0.25,5,263,0.49395008507504173,-0.0940406476059249,0.05097754838511597,0.03110074095285843,0.006599092995099032,0.11610576415136901,0.012369985456788135,683.8,754.78,0.07577105958313335,0.024793511198017378,0.10761298967183303,0.024501647957759397,1049.55,11026,3.9807517651047686,0.00019440555039212354,0.0005787961278742047,0.0
agents composite,0.25,6,263,0.49672245084723676,-0.08942809462001,0.050465029272032655,0.03170374275648004,0.007432658878024925,0.11590892321806534,0.013418707497975663,687.5,755.02,0.07520021278642482,0.02473518351439216,0.10681480946568493,0.024271083878455113,1050.25,11026,3.7118279414146715,0.00015060269047755402,0.0005997501952892817,0.0
agents composite,0.25,7,263,0.49823072636526994,-0.08962099981360927,0.051977731019267615,0.030625604174439693,0.0063504118129753435,0.11303267255305585,0.011091739757630767,689.9,757.8162500000001,0.07676639628151208,0.02478866526224446,0.10928083027752968,0.02427519236146435,1049.55,11026,3.7076045812315552,0.00017244276021773766,0.0006175098530822659,0.0
agents composite,0.25,8,263,0.49507026887169403,-0.09267323606415023,0.050051063670774804,0.030030398873311,0.0061464409352606775,0.11340119918331071,0.012529892521405087,689.65,760.0899999999999,0.07485614057932638,0.02480507690855158,0.10695652761272882,0.023883957938050322,1050.4,11026,3.2799351150555336,0.00018353505755148086,0.0007362442906625518,0.0
agents composite,0.25,9,263,0.4980220156811526,-0.09068576129841732,0.050690808112340335,0.031551536904711394,0.007178427497610183,0.11599103714939576,0.013301216009065961,689.4,758.15375,0.07542255450812951,0.02473174639578918,0.10752577345594647,0.02437310940710121,1050.45,11026,2.9380219121732627,0.00019046464208628982,0.00047074440259466127,0.0
agents composite,0.25,10,263,0.498492222161165,-0.09098703388600904,0.05048525886106787,0.03080747671686198,0.006491447002732742,0.11324826118493403,0.011380625529321994,689.15,758.13,0.075270368099515,0.02478510923844713,0.1077379479516465,0.024316029714129238,1050.0,11026,3.450637250696951,0.00020341543275250774,0.0006402775875103792,0.0
agents composite,0.25,11,263,0.4921954966029475,-0.0923218545537331,0.050236136041156024,0.029888380412755162,0.005791663419223329,0.11407225060226975,0.011624241720604875,687.75,757.7025,0.07496231346687417,0.024726177425718143,0.10647695702288451,0.024096716993531834,1050.5,11026,3.4540565152088103,0.00020481963798838884,0.0005411535327821952,0.0
agents composite,0.25,12,263,0.49599853506493796,-0.09376999861452906,0.05148135603040148,0.030273724009957086,0.006044044538299889,0.11405086799108946,0.011064675855096073,686.8,757.865,0.07629181678691684,0.024810460756515357,0.10801106359769182,0.024229679471657196,1050.3,11026,3.3880294552650536,0.00018505945805979924,0.0004557127429231003,0.0
agents composite,0.25,13,263,0.4994793618411838,-0.09478861107039271,0.05019840152587435,0.032187999314479104,0.007991258544472375,0.11570849535079934,0.013207136729798577,687.0,758.93875,0.07496100176464632,0.02476260023877197,0.10770465831830106,0.02419674077000673,1050.05,11026,3.5531763958463967,0.0001608712797250607,0.0006415916669006717,0.0
agents composite,0.25,14,263,0.5007905581786402,-0.08959144401956964,0.05121875293782684,0.031084011788188055,0.00672008420773881,0.1139171599488211,0.011555249858572453,690.15,758.0662500000001,0.0759943055072175,0.02477555256939066,0.10878809078481087,0.024363927580449245,1050.25,11026,3.759848392674556,0.00015996889007888256,0.0006344381796145567,0.0
agents composite,0.25,15,263,0.49977772819588095,-0.0915139837567509,0.04892768812005885,0.03084368460033764,0.006521492014105741,0.11472792766569033,0.0123012921389197,687.8,757.08375,0.07373051790436368,0.02480282978430483,0.10652555652009008,0.0243221925862319,1050.3,11026,2.63054999367637,0.0001708105952155524,0.0005022701003133932,0.0
agents composite,0.25,16,263,0.4986026280739209,-0.09149769413556996,0.050563160489720274,0.03090743287398448,0.006684956840346635,0.1140479613619632,0.01176841388978457,685.8,754.86875,0.07537643977566072,0.02481327928594045,0.10867385909322212,0.024222476033637846,1049.85,11026,3.63075692292024,0.00016869221312265333,0.0006402884431580761,0.0
agents composite,0.25,17,263,0.49245962289745315,-0.09055683525122804,0.049490931625710013,0.03201494368545048,0.00794014898472261,0.11493071968057138,0.012865956305006795,689.45,758.10125,0.07430868382975174,0.02481775220404173,0.10564409875208382,0.024074794700727868,1050.95,11026,3.6777656173140523,0.00016875384009194217,0.0005806285890106367,0.0
agents composite,0.25,18,263,0.495264724674273,-0.09329746870910438,0.0490509568044656,0.03165983945954329,0.0077041822698077946,0.11551806264666035,0.013284409195550587,687.65,758.4075,0.07380853676032563,0.02475757995586003,0.10587982419672641,0.023955657189735493,1050.1,11026,3.6021459060128524,0.00016035131730068785,0.0005731897911692078,0.0
agents composite,0.25,19,263,0.499926098978496,-0.08602692295620595,0.04949707973267138,0.031132583177695582,0.0067573960135161905,0.11488514119124302,0.01247365354476275,691.6,756.69625,0.07432208882672393,0.024825009094052553,0.10625095724247023,0.024375187164179392,1050.25,11026,3.943615214690502,0.00017629145127870171,0.0007432469656265343,0.0
agents composite,0.5,0,526,0.5467744395293229,-0.12211654850423648,0.059981107207262525,0.03898463972772004,0.011191100278216654,0.13370622970319007,0.01798371202876073,634.6,722.875,0.08484421512663841,0.024863107919375883,0.12492360937425913,0.027793539449503385,1048.9,11026,2.9748087635152696,0.00017035664346392177,0.0006409687442998048,0.0
agents composite,0.5,1,526,0.5512265762320872,-0.11870240442564806,0.061494870958343446,0.04074725773009172,0.012769380024850792,0.13547027742469298,0.01837390597909863,632.45,717.635,0.0863207478679443,0.024825876909600857,0.12645068387041505,0.027977877705240926,1047.55,11026,3.707566760295936,0.00017360809722656473,0.0007738920512737062,0.0
agents composite,0.5,2,526,0.5439796466106612,-0.11829157652313493,0.06160919332332094,0.03981298613426461,0.01218999250342289,0.13389059145210214,0.016887588999969894,631.7,716.45,0.08641140389219346,0.024802210568872517,0.12527632664721927,0.027622993630841718,1048.3,11026,3.480329338969565,0.0001791751366303141,0.000679938325634521,0.0
agents composite,0.5,3,526,0.5356451474639491,-0.12126811713423269,0.06033111747388485,0.03850072902458389,0.011424451434302155,0.13169909270329622,0.017693118890508425,634.25,721.7787500000001,0.08513699516568816,0.024805877691803313,0.12391717313747144,0.027076277590281733,1049.0,11026,3.1100104604490664,0.00016357979465396523,0.000800523181804819,0.0
agents composite,0.5,4,526,0.5460778794364235,-0.12130861263084214,0.061690076954772334,0.03912227243223758,0.011423901950805601,0.1312591357429574,0.015026331104709426,634.0,721.5274999999999,0.086447396258295,0.024757319303522672,0.12635246354589902,0.027698370481431978,1048.9,11026,4.2544539256088205,0.00019574740167467783,0.0007416474400280827,0.0
agents composite,0.5,5,526,0.5487193232227603,-0.11452002738309808,0.059767709209267404,0.03934474241534491,0.011130052007043627,0.13538271250369985,0.016951201772524738,633.8,715.7700000000001,0.08454814108070915,0.02478043187144175,0.12440371232868049,0.028214690408301286,1048.15,11026,3.1271515670138053,0.00023601711163866328,0.0006134349775920076,0.0
agents composite,0.5,6,526,0.5408920654501964,-0.12390335395454954,0.06097421382921299,0.03976399231463944,0.011716103726529706,0.13245105438223898,0.016231894496319774,628.25,717.1012499999999,0.08581445756581764,0.02484024373660465,0.1250311686095967,0.02804788858810973,1048.55,11026,4.260168642081477,0.00021485435372348014,0.000706622688181514,0.0
agents composite,0.5,7,526,0.5383934014150706,-0.12096500874954164,0.060446318241778256,0.03789392813172281,0.010654732471967451,0.13180055794626555,0.017965734590403765,635.45,722.895,0.08526047917475611,0.024814160932977856,0.12352197859197092,0.027239195659755355,1048.9,11026,3.4942590278693078,0.0001794285256987369,0.0007199493458098573,0.0
agents composite,0.5,8,526,0.5423610965533254,-0.11782717011593435,0.06038729826719608,0.038904711595123195,0.011069026010899333,0.13311499592586123,0.017602223565123143,633.85,718.51,0.0851882718941901,0.024800973626994034,0.12441607057770566,0.027835685584223863,1048.5,11026,2.5524045977801535,0.00019370494285703434,0.0006747878861690753,0.0
agents composite,0.5,9,526,0.5467164916025317,-0.11965637998611744,0.0601349993104309,0.03841407187107605,0.011024170948666086,0.1327276105946098,0.0168467713157288,632.55,718.52625,0.08494321772483114,0.02480821841440024,0.12407524192623154,0.027389900922409966,1049.0,11026,3.3134919898298736,0.00018682210569131115,0.0006749712931725507,0.0
agents composite,0.5,10,526,0.5528454374225018,-0.11798677711866623,0.060218672255332575,0.03872851729894176,0.010498676611487748,0.1333138957792014,0.015128084447111556,632.85,717.50625,0.08504989332097984,0.024831221065647262,0.12530065934717755,0.02822984068745401,1049.3,11026,3.932918070756369,0.00016480488898931402,0.0006213644790354715,0.0
agents composite,0.5,11,526,0.5440437943297243,-0.12101375168067441,0.06255652187503316,0.03948731472175772,0.011787293091170652,0.136220422209891,0.01908733734069988,634.95,722.36625,0.08733884505985708,0.02478232318482392,0.12730820066114007,0.027700021630587067,1048.15,11026,4.057414667254415,0.00020141320388663032,0.0006669245846817701,0.0
agents composite,0.5,12,526,0.5460262356549537,-0.12438395030022864,0.059627277164988314,0.04005452281616963,0.011662587064147759,0.1347474385607418,0.016621001584157746,626.5,715.4962499999999,0.08444000127141842,0.024812724106430102,0.12434157174538545,0.02839193575202187,1048.45,11026,4.249741885072964,0.00017645752617156428,0.0007509835451411554,0.0
agents composite,0.5,13,526,0.547532213353097,-0.12135752146635759,0.05964789736194198,0.03873665312731804,0.01111835343487362,0.13368714124311562,0.0181714682752373,629.7,716.67375,0.08445663344246687,0.024808736080524887,0.12445596344446058,0.02761829969244442,1047.8,11026,4.0956823341235005,0.00015395037269287296,0.0008609870987303279,0.0
agents composite,0.5,14,526,0.5528146532058681,-0.12268269666183884,0.060326923246820104,0.03913035457204527,0.011783258598180996,0.1331313546493859,0.01719023021157738,634.5,723.2275000000001,0.08511898352939158,0.024792060282571478,0.12548336513667127,0.027347095973864276,1048.65,11026,3.416024642618138,0.0001540663625233739,0.0007001584576045604,0.0
agents composite,0.5,15,526,0.547826775155686,-0.11908543721785658,0.05991202002138774,0.03829659567636922,0.010338587785091873,0.136396246188615,0.018879007435916778,632.25,717.72,0.08476136305973635,0.024849343038348605,0.12503326545637986,0.027958007891277347,1048.2,11026,3.1246702390114933,0.00020484766737849472,0.0007030211343166613,0.0
agents composite,0.5,16,526,0.5444298176540614,-0.11913083303294214,0.06007101954683946,0.03954527401601661,0.012047221814233199,0.13332207927130624,0.016849022630283234,632.3,717.81375,0.08485828653478787,0.024787266987948413,0.12420653019961014,0.02749805220178341,1047.9,11026,3.7105702702912455,0.00018772580228885072,0.0007720632259990256,0.0
agents composite,0.5,17,526,0.5433498358598066,-0.11865166807380645,0.06014285498306475,0.03993143094162069,0.012072142317467845,0.13587045773338285,0.018212732647793384,628.95,713.6225,0.08490890662942406,0.02476605164635931,0.12472289668371338,0.027859288624152843,1047.85,11026,3.9504129936644374,0.0001605027903027796,0.0006189444495939562,0.0
agents composite,0.5,18,526,0.5388753910192436,-0.12043384053475958,0.06081986692650436,0.038918064193112764,0.011359843476908424,0.13304380739805494,0.016647537755109243,632.75,719.3887500000001,0.08565551164169533,0.024835644715190966,0.124064498315534,0.02755822071620434,1049.35,11026,3.810048917850039,0.00016260142510701744,0.0006236765287142629,0.0
agents composite,0.5,19,526,0.549385213065646,-0.12005768286268625,0.059794202910027405,0.03841909123881045,0.010432330265909492,0.13303103803674143,0.01598999581296394,631.55,717.7175,0.08461117763293312,0.024816974722905713,0.12501668143803926,0.02798676097290096,1048.55,11026,3.318625565053341,0.00015643806148193828,0.0006070680726021917,0.0
C2,0.05,0,53,0.463101138902354,-0.0836687367535095,0.043716737694726414,0.03089353612167301,0.008733365019011414,0.10380228136882128,0.00970532319391633,711.75,776.73875,0.06851297553036247,0.024796237835636052,0.09524566477016401,0.022160171102661597,1052.0,11026,3.452210133768266,0.0002042712897539771,0.00060116938475548,0.0
C2,0.05,1,53,0.4674365701109207,-0.08491140164105104,0.04384767757307868,0.03298479087452472,0.010577471482889744,0.10674904942965777,0.011579134980988559,708.6,774.3512499999999,0.06863393010303134,0.024786252529952656,0.09596595091052722,0.02240731939163498,1052.0,11026,3.445872438000917,0.0001863070285074803,0.0005457374711390827,0.0
C2,0.05,2,53,0.4625358718322468,-0.08279917205675391,0.04460261630310973,0.031653992395437265,0.00925142585551331,0.10551330798479089,0.010230513307984815,709.55,773.60375,0.06935203562740049,0.024749419324290756,0.09600173774379811,0.022402566539923955,1052.0,11026,3.011184014082607,0.00023092725940970172,0.000580563691139122,0.0
C2,0.05,3,53,0.4598268855962934,-0.08309640421424747,0.04397626329912822,0.032937262357414454,0.010649952471482895,0.10646387832699618,0.011911834600760438,710.7,775.1087500000001,0.06876451510522882,0.024788251806100607,0.09541017986553675,0.02228730988593156,1052.0,11026,4.085541854343157,0.00023292360223044087,0.00048736566703109797,0.0
C2,0.05,4,53,0.4623797946734394,-0.08487426421788935,0.0446965216251316,0.0311787072243346,0.008979325095057035,0.10584600760456273,0.011497148288973372,711.85,777.8712499999999,0.06952043980669276,0.024823918181561152,0.09611184934415291,0.022199382129277564,1052.0,11026,3.660669118813656,0.00018445516799367738,0.000481145924050904,0.0
C2,0.05,5,53,0.45723612467539754,-0.08379262748429062,0.04458169007703369,0.031131178707224334,0.009020912547528518,0.10541825095057034,0.011038498098859303,711.9,777.0074999999999,0.06939516479253038,0.02481347471549669,0.09528170818106417,0.022110266159695816,1052.0,11026,3.1903610839768306,0.00018965768233223168,0.0005967645519287121,0.0
C2,0.05,6,53,0.4584703870701013,-0.08249127142377422,0.04410178045056527,0.030608365019011412,0.008385218631178713,0.10384980988593155,0.009613830798479078,713.8,777.9762499999999,0.06884444648449782,0.02474266603393255,0.09528514039618649,0.0222231463878327,1052.0,11026,3.6167166633670553,0.0002024993694765999,0.0005285857880620696,0.0
C2,0.05,7,53,0.4607191440739446,-0.08187392943893723,0.04422083237374582,0.031036121673003802,0.008637119771863117,0.10570342205323194,0.01088403041825095,711.55,775.0024999999999,0.06899905274817532,0.024778220374429498,0.0954317101654816,0.022399001901140685,1052.0,11026,3.6557813363885887,0.00016367719080386884,0.0005632899255815451,0.0
C2,0.05,8,53,0.46289609950762195,-0.08457666726586366,0.04424000575207222,0.03241444866920152,0.010424192015209124,0.10579847908745248,0.011447243346007621,712.95,778.8199999999999,0.06898754752671153,0.024747541774639312,0.09567243327307369,0.021990256653992395,1052.0,11026,3.6208760804180504,0.00020745690411338907,0.0005028088250261535,0.0
C2,0.05,9,53,0.4626893152289968,-0.08237063894621122,0.04438208303388737,0.03255703422053232,0.010373098859315592,0.10446768060836502,0.010193678707224332,713.7,777.765,0.0692052144616088,0.024823131427721423,0.09612800467767237,0.02218393536121673,1052.0,11026,2.8342049941240925,0.00019516295417924088,0.0004376953043119682,0.0
C2,0.05,10,53,0.4614090712925107,-0.08222523832294082,0.04449724792216125,0.031463878326996195,0.009119534220532317,0.10570342205323194,0.010961264258555134,712.55,776.3887500000001,0.069280597566208,0.02478334964404675,0.09573589143705953,0.022344344106463878,1052.0,11026,4.025503432443614,0.00016009852505042364,0.0005113529633832563,0.0
C2,0.05,11,53,0.46277484386851864,-0.08181875353751322,0.04380225236456167,0.030941064638783267,0.008738117870722432,0.10584600760456273,0.010898288973384018,711.75,775.1737499999999,0.06859447680938471,0.02479222444482304,0.09531085566234855,0.022202946768060835,1052.0,11026,3.7285968265383427,0.00018629588008921118,0.0006601161808162233,0.0
C2,0.05,12,53,0.4599796716528312,-0.08269023003588938,0.0443375848951717,0.030846007604562735,0.00868464828897338,0.10570342205323195,0.011364068441064648,712.15,776.34625,0.06911323876167652,0.024775653866504817,0.09563150161626582,0.022161359315589355,1052.0,11026,3.812048838374697,0.00020422252613262512,0.0004554946037122454,0.0
C2,0.05,13,53,0.45781522596090013,-0.08196911626467063,0.04448852608957536,0.032271863117870725,0.010086739543726238,0.10613117870722433,0.011176330798479087,711.7,775.2462499999999,0.06926848249834633,0.02477995640877097,0.09529658639274882,0.022185123574144486,1052.0,11026,3.2248114136870334,0.00021141204087720973,0.0005006268680815408,0.0
C2,0.05,14,53,0.4632439145904164,-0.08258916725765753,0.04499408002340766,0.030846007604562735,0.008506416349809885,0.1060361216730038,0.011113355513307985,713.1,777.29625,0.069820027649234,0.02482594762582635,0.096659433241842,0.02233959125475285,1052.0,11026,4.623371334859439,0.00018015241056471172,0.0006008549640245331,0.0
C2,0.05,15,53,0.4608915705057153,-0.08313793192300767,0.04454341457409006,0.032414448669201526,0.010199619771863126,0.10579847908745248,0.011238117870722444,711.65,776.1800000000001,0.06931705214552261,0.024773637571432555,0.09555124275262937,0.0222148288973384,1052.0,11026,3.864712149694986,0.0001439377537619764,0.0004683861179440012,0.0
C2,0.05,16,53,0.4615438132109028,-0.08216317744522494,0.04435953923348092,0.032176806083650186,0.00977899239543726,0.10594106463878328,0.010750950570342213,711.0,774.6474999999999,0.06917163346596247,0.024812094232481558,0.09583207456053176,0.022397813688212927,1052.0,11026,3.485886378835924,0.00020459196675503077,0.00044164748657652656,0.0
C2,0.05,17,53,0.46242749710496533,-0.08331684911877801,0.044089512715402165,0.03193916349809887,0.009784933460076056,0.1061787072243346,0.011135931558935358,712.5,777.25875,0.06884978671026529,0.024760273994863125,0.09588424620772856,0.02215423003802281,1052.0,11026,3.4962780118144794,0.0002050922783652184,0.0005332008446605175,0.0
C2,0.05,18,53,0.45660815097644364,-0.08149012165277647,0.04430124685381497,0.0311787072243346,0.009003089353612163,0.10589353612167299,0.011499524714828874,712.65,775.87625,0.06909440790513624,0.024793161051321268,0.09504945034742807,0.022175617870722437,1052.0,11026,3.116745251306001,0.00019643162280450892,0.0005796988010664259,0.0
C2,0.05,19,53,0.46097381615973176,-0.08513537588898346,0.044901693341055156,0.03293726235741445,0.01069272813688213,0.10684410646387835,0.012182747148289,712.5,778.8037499999999,0.06969520078386131,0.024793507442806152,0.09633948165807757,0.022244534220532318,1052.0,11026,3.231106571979204,0.00014535996507020579,0.0006065158610116773,0.0
C2,0.1,0,105,0.4719733735032172,-0.10171035517515181,0.04881892630325828,0.04153992395437263,0.019106463878327005,0.11354562737642586,0.017444153992395448,691.5,769.79625,0.0736356428084279,0.024816716505169614,0.10076643600603222,0.022433460076045623,1052.0,11026,2.9567911292567297,0.00021610746724657628,0.000542976272985586,0.0
C2,0.1,1,105,0.46724876845350566,-0.1023224176464872,0.04887530851702778,0.04405893536121673,0.021662309885931562,0.11368821292775666,0.018128564638783276,692.85,771.825,0.07364670157890497,0.024771393061877194,0.09990262305001558,0.02239662547528517,1052.0,11026,3.03648751195463,0.0002005440358016027,0.0005126313407160073,0.0
C2,0.1,2,105,0.4719658049049077,-0.10067207769549258,0.048932414785146636,0.042965779467680605,0.02049904942965779,0.11397338403041826,0.018103612167300387,692.65,770.1862500000001,0.07370252926953329,0.02477011448438665,0.10085988493959352,0.022466730038022815,1052.0,11026,3.060961544502502,0.00018348842436436834,0.00048040047342361517,0.0
C2,0.1,3,105,0.47210960055159873,-0.10194459278169254,0.049037214359794676,0.04277566539923954,0.02012476235741445,0.11501901140684412,0.018242633079847928,689.5,767.7700000000001,0.07379792484647087,0.02476071048667619,0.10077085961037602,0.022650903041825092,1052.0,11026,3.1167413949631544,0.00015701248338083947,0.0004946207693931099,0.0
C2,0.1,4,105,0.4730598316256591,-0.10189331039003069,0.04917948964003949,0.04158745247148289,0.018951996197718632,0.11378326996197721,0.017150665399239567,690.25,768.56125,0.07394339363130174,0.02476390399126226,0.10108069241865508,0.02263545627376426,1052.0,11026,3.5844659062869177,0.00018225824918545358,0.0005943866941712643,0.0
C2,0.1,5,105,0.47047352424366135,-0.10134303775218578,0.048318833685853574,0.04458174904942965,0.02203540874524714,0.11530418250950573,0.019240731939163536,690.2,768.0350000000001,0.07313280683069298,0.024813973144839407,0.09997124748201293,0.02254634030418251,1052.0,11026,3.02233565649362,0.00016822002958732652,0.00047828432451266017,0.0
C2,0.1,6,105,0.47218067800449465,-0.1031343545255613,0.04943557847168592,0.043916349809885936,0.021513783269961985,0.11416349809885931,0.018601473384030412,690.6,770.0150000000001,0.07429234118537532,0.0248567627136894,0.10067046891078212,0.02240256653992395,1052.0,11026,3.7623506018554522,0.0001967988105515956,0.0005527608926350435,0.0
C2,0.1,7,105,0.4700004484158238,-0.10387929776310367,0.048889329161423585,0.04410646387832699,0.021652804182509502,0.11387832699619771,0.018247385931558918,690.75,770.8225,0.07366689402926979,0.024777564867846207,0.1007223191710879,0.02245365969581749,1052.0,11026,3.563615097636466,0.00020736921307925503,0.0005170639699316333,0.0
C2,0.1,8,105,0.4682755186502991,-0.10420140560003766,0.04941132507359358,0.04524714828897338,0.02282557034220532,0.11535171102661597,0.01927637832699619,691.0,771.3787500000001,0.07415776124890854,0.024746436175314954,0.10072234282908556,0.02242157794676806,1052.0,11026,3.2182151347985037,0.00016302639897828794,0.00047780724035228144,0.0
C2,0.1,9,105,0.46990776622558883,-0.099633424040934,0.04877238149610273,0.04220532319391635,0.0198300855513308,0.11311787072243344,0.017363355513307963,691.1,767.57625,0.07353116709211421,0.024758785596011478,0.10005066189577351,0.02237523764258555,1052.0,11026,3.209800447108267,0.0001740058411215248,0.0005655988264650352,0.0
C2,0.1,10,105,0.47173553007167224,-0.10417233031703499,0.04877518823872272,0.04253802281368822,0.020247148288973397,0.11349809885931558,0.01791230988593155,692.0,772.47,0.07353998469715241,0.024764796458429692,0.10084560764627194,0.022290874524714826,1052.0,11026,3.3930698603069014,0.0001603528579008009,0.0005655489001847308,0.0
C2,0.1,11,105,0.4720949324285156,-0.10338274543632586,0.04906741466072895,0.042442965779467684,0.020070104562737646,0.11463878326996198,0.01875237642585552,691.2,770.8975,0.0738638495918429,0.024796434931113956,0.10098738319632183,0.022372861216730038,1052.0,11026,3.401525864245086,0.00017829717064519904,0.0005354555985463553,0.0
C2,0.1,12,105,0.47240805054097446,-0.10182940806383178,0.04811726527160754,0.043203422053231945,0.02057153041825096,0.11506653992395437,0.018930608365019003,690.6,768.89625,0.07287867112571914,0.024761405854111594,0.1001193200090239,0.022631891634980986,1052.0,11026,2.92877824137974,0.00019321885879395294,0.0005930342767324889,0.0
C2,0.1,13,105,0.4716289280771332,-0.10402763805278537,0.04906656321647325,0.04211026615969582,0.019726711026615974,0.11254752851711025,0.017333650190114056,692.45,772.8475000000001,0.0738511107763438,0.024784547559870553,0.10083782508184069,0.022383555133079845,1052.0,11026,3.1614251492576924,0.0001808325632531831,0.0005185251802469595,0.0
C2,0.1,14,105,0.4681352702843678,-0.10366668556571601,0.04963423755773191,0.044249049429657794,0.021882129277566543,0.11482889733840304,0.019101711026615967,691.65,771.64375,0.07442902954012526,0.02479479198239335,0.10080677933711418,0.02236692015209125,1052.0,11026,2.8273886543176374,0.00016254891521963027,0.0006604889927908971,0.0
C2,0.1,15,105,0.47069931636494317,-0.10316782905860855,0.04878540096950601,0.04334600760456274,0.02099809885931559,0.11411596958174905,0.01859909695817491,690.85,770.3225,0.07358145680062822,0.02479605583112221,0.1005693831918736,0.02234790874524715,1052.0,11026,3.3632430548733483,0.00014462755315015007,0.0005503086812918907,0.0
C2,0.1,16,105,0.47188906664957403,-0.10071393058268052,0.04845789058084597,0.04249049429657794,0.020021387832699616,0.11364068441064637,0.017750712927756637,691.85,769.3325000000001,0.07328759650471653,0.024829705923870554,0.10019752269579688,0.022469106463878324,1052.0,11026,3.375867409900864,0.00019036833843712197,0.00046265638945586164,0.0
C2,0.1,17,105,0.4729334528711734,-0.10478260375194715,0.04879085599815948,0.04287072243346007,0.02023407794676806,0.11501901140684415,0.018897338403041863,688.9,769.5337499999999,0.07358852729304974,0.024797671294890255,0.1006508523229477,0.022636644486692014,1052.0,11026,3.6456927079106407,0.00020741616352628646,0.00045217627915011284,0.0
C2,0.1,18,105,0.46771532003493566,-0.10331081255986141,0.04906192777074176,0.04268060836501901,0.020275665399239542,0.11316539923954372,0.017787547528517106,692.8,772.6200000000001,0.07381636474373551,0.024754436972993753,0.10012101944874285,0.022404942965779467,1052.0,11026,2.712194683277734,0.0002035706799259319,0.0004871769605521558,0.0
C2,0.1,19,105,0.4724846259622792,-0.10256243496357953,0.0492610779836072,0.044486692015209134,0.021835788973384042,0.11516159695817489,0.018839115969581738,689.95,768.8,0.07403031345023246,0.02476923546662526,0.10072607117860137,0.022650903041825092,1052.0,11026,3.3600022893765082,0.00019897682886848046,0.0006176257660838888,0.0
C3,0.05,0,53,0.4407891355583497,-0.07564871085530211,0.04459322595703401,0.026568441064638782,0.004923954372623576,0.10228136882129277,0.00845057034220531,725.9,785.3075000000001,0.06935143699593446,0.02475821103890045,0.09302945605703122,0.021644486692015207,1052.0,11026,3.9860903987073244,0.00017801938893251252,0.0005069860824463846,0.0
C3,0.05,1,53,0.439260023392306,-0.07498418257462947,0.04353181540772477,0.026996197718631182,0.005068916349809889,0.10413498098859315,0.009518773764258567,723.7,782.365,0.06831376411472599,0.02478194870700122,0.09183714786467873,0.021927281368821293,1052.0,11026,3.012371925142151,0.00020375537932961716,0.0004659995242152136,0.0
C3,0.05,2,53,0.4375483645919813,-0.07698201146031192,0.044909554854925114,0.026996197718631182,0.005161596958174908,0.10389733840304183,0.009787309885931558,722.85,783.1375,0.06967767705720763,0.02476812220228252,0.09274607010697103,0.021834600760456273,1052.0,11026,3.645189137226469,0.00018567350791936764,0.0006228472687100433,0.0
C3,0.05,3,53,0.43520729598228686,-0.07745290953108219,0.04471294901348302,0.026806083650190115,0.0049560361216730055,0.10323193916349811,0.009214591254752866,722.6,783.26625,0.06950583395180011,0.02479288493831709,0.09292736061752879,0.02185004752851711,1052.0,11026,3.418658971975217,0.000185390752477743,0.0006073270655123246,0.0
C3,0.05,4,53,0.43731039751219214,-0.07354261949618823,0.044108794287091774,0.02680608365019011,0.004963165399239539,0.10337452471482891,0.009466492395437273,725.95,783.5762500000001,0.06884635200953314,0.024737557722441367,0.09199689004871092,0.021842918250950572,1052.0,11026,3.2334982941001753,0.00019354382752479176,0.000465792835661433,0.0
C3,0.05,5,53,0.44238907011481227,-0.07694373058187243,0.044356867041934235,0.027423954372623578,0.005350522813688217,0.10403992395437263,0.009554420152091264,721.95,782.1299999999999,0.06917918856545834,0.0248223215235241,0.0928771014795589,0.02207343155893536,1052.0,11026,3.7546347427255906,0.00019014074103715971,0.0005298991078821,0.0
C3,0.05,6,53,0.4424527378860043,-0.07652477322534768,0.04406430688179541,0.02671102661596958,0.004883555133079847,0.10304182509505704,0.00866920152091255,723.2,783.1287500000001,0.06886148620300371,0.024797179321208295,0.09263886404325221,0.021827471482889733,1052.0,11026,3.2341702756340576,0.00020714293613832168,0.000483231562925052,0.0
C3,0.05,7,53,0.43766166359302555,-0.07618989820265576,0.044090364030546815,0.026806083650190115,0.005125950570342208,0.10351711026615969,0.009712452471482877,723.05,782.6825000000001,0.06889661606970189,0.024806252039155076,0.09224549247118957,0.021680133079847907,1052.0,11026,3.3385577647717803,0.00017748078019527795,0.0005439940663047568,0.0
C3,0.05,8,53,0.44038607436524524,-0.0758348701490511,0.044838944801628915,0.026948669201520913,0.005036834600760459,0.10403992395437263,0.009878802281368823,723.5,782.86875,0.06962657823136839,0.024787633429739477,0.09323167844289529,0.021911834600760453,1052.0,11026,3.0469338833889346,0.000156773808030939,0.0005383145610600561,0.0
C3,0.05,9,53,0.43999978417229,-0.0751781579048374,0.04439240864583095,0.027519011406844106,0.005698669201520918,0.10456273764258554,0.01026259505703421,722.85,781.61,0.06918932891095253,0.02479692026512158,0.09283877466467207,0.02182034220532319,1052.0,11026,2.9362718381805646,0.0001732869559395206,0.00047072985179574274,0.0
C3,0.05,10,53,0.44491168304022854,-0.07513009678945404,0.04375459137267023,0.026615969581749045,0.00479325095057034,0.10413498098859315,0.009677994296577938,723.35,782.1099999999999,0.06852388464260445,0.02476929326993422,0.09256455449168194,0.021822718631178704,1052.0,11026,3.595923618024537,0.00021302323680667514,0.0006248666492156221,0.0
C3,0.05,11,53,0.44377938242709736,-0.07521979811136426,0.04376840059814855,0.02671102661596958,0.004815826996197717,0.10327946768060836,0.009159933460076042,724.2,783.1049999999999,0.06856405063812021,0.02479565003997166,0.0923430788834449,0.021895199619771863,1052.0,11026,4.063357207392889,0.00016566646677896368,0.00048617574230566224,0.0
C3,0.05,12,53,0.4360562556673623,-0.07524239659901888,0.04392288436705846,0.026901140684410647,0.005083174904942967,0.10370722433460075,0.009644724334600743,723.55,782.4212500000001,0.06865939634517039,0.024736511978111924,0.0917882126904481,0.02181796577946768,1052.0,11026,3.507005580409829,0.0001716776230482409,0.0004407547646064684,0.0
C3,0.05,13,53,0.43780490229371954,-0.07659222973674662,0.04451602412954058,0.026996197718631175,0.0051342680608365,0.1043726235741445,0.009945342205323199,722.45,782.37375,0.06929387044438269,0.02477784631484211,0.09270846064417737,0.021861929657794675,1052.0,11026,3.6737633101459206,0.0001533948687852369,0.0004964442299654538,0.0
C3,0.05,14,53,0.43865228475090934,-0.07407910225347036,0.04414415124986121,0.026806083650190115,0.00496078897338403,0.10313688212927756,0.009578184410646395,724.65,782.62625,0.0689094782609414,0.024765327011080196,0.09217513613703865,0.021845294676806085,1052.0,11026,3.305957859954495,0.00019443290059566195,0.0006029912327721352,0.0
C3,0.05,15,53,0.4434761335244092,-0.07547641770213787,0.04400799615387418,0.026806083650190115,0.005109315589353614,0.1043250950570342,0.010298241444866907,725.35,784.56625,0.068806851514533,0.024798855360658824,0.09282614327619604,0.0216967680608365,1052.0,11026,3.648838724643984,0.00017935659856866822,0.0005096297390271583,0.0
C3,0.05,16,53,0.44176951458871305,-0.07709072664724759,0.044281286757119245,0.026806083650190115,0.005010693916349812,0.10389733840304183,0.009619771863117882,722.0,782.3087499999999,0.06906524234904032,0.024783955591921075,0.09299112397718137,0.021795389733840303,1052.0,11026,3.299706426335527,0.00016945045299957993,0.0005964429535666807,0.0
C3,0.05,17,53,0.44383983451325737,-0.07631483983048948,0.044722789450632794,0.027614068441064638,0.005750950570342205,0.1048003802281369,0.010313688212927774,723.1,782.8425,0.0695320134858322,0.024809224035199407,0.09343799352797169,0.021863117870722433,1052.0,11026,3.8875631745217367,0.00017608224840593377,0.0005994567510693063,0.0
C3,0.05,18,53,0.4391232152892723,-0.07490931424294178,0.043902227395358005,0.026806083650190115,0.0048514733840304206,0.10346958174904944,0.009113593155893551,723.0,781.545,0.06871947288321344,0.02481724548785543,0.09247078869147865,0.021954610266159694,1052.0,11026,3.551774565495754,0.00017372132019499693,0.0006309399457932264,0.0
C3,0.05,19,53,0.44205030712198673,-0.07636715043638154,0.04454518299246922,0.026568441064638782,0.004675617870722432,0.10342205323193916,0.008774952471482897,724.0,783.86125,0.0693023104650773,0.024757127472608085,0.09290108671886733,0.02189282319391635,1052.0,11026,3.182191784176759,0.00014128498218690742,0.0005514114250701498,0.0
C3,0.1,0,105,0.43093225116670086,-0.08760877093037545,0.04925995448308369,0.028422053231939158,0.006920152091254749,0.10641634980988593,0.012320579847908741,714.7,783.3262500000001,0.07403280479158444,0.02477285030850075,0.09500099271345643,0.02150190114068441,1052.0,11026,3.718698205844861,0.00020342230298455873,0.0005335931292247355,0.0
C3,0.1,1,105,0.4305094147660608,-0.08793498479199768,0.04999700944150588,0.02799429657794677,0.006418726235741447,0.10741444866920151,0.012908745247148273,714.05,782.89375,0.0747937623680375,0.024796752926531624,0.09570702541504618,0.021575570342205322,1052.0,11026,3.21072296954743,0.00015930956447220254,0.00046505391237275845,0.0
C3,0.1,2,105,0.4329542259312742,-0.08953743193541097,0.049475850166652215,0.02923003802281369,0.007745960076045628,0.10655893536121674,0.011948669201520934,713.55,783.7225000000001,0.07424770450717001,0.024771854340517797,0.09549556926879207,0.02148407794676806,1052.0,11026,2.9353493218057722,0.0001842078185625104,0.00042285212474857804,0.0
C3,0.1,3,105,0.42898300123193117,-0.08679787863185462,0.04885970589824987,0.028374524714828903,0.0068773764258555185,0.10712927756653992,0.012313450570342194,716.1,784.16375,0.07364577584280163,0.02478606994455176,0.0943663917043908,0.021497148288973384,1052.0,11026,3.807364447811839,0.0001833625092192004,0.0004589419806102475,0.0
C3,0.1,4,105,0.42907822578245175,-0.08841484763414365,0.049657360123579554,0.02832699619771863,0.006877376425855515,0.10693916349809887,0.012848146387832715,716.0,785.4449999999999,0.07439479872749141,0.02473743860391186,0.09507397941240059,0.021449619771863115,1052.0,11026,3.291632748932691,0.00020587840487615666,0.0005822224692713555,0.0
C3,0.1,5,105,0.42821405121811784,-0.08974836579455969,0.049360095370807565,0.0280893536121673,0.006623098859315592,0.10598859315589353,0.01182390684410646,714.7,785.1675,0.07416404705599011,0.024803951685182547,0.09488815484381562,0.02146625475285171,1052.0,11026,3.953293823039469,0.00018307862549866706,0.0005971866142766062,0.0
C3,0.1,6,105,0.42748088224203873,-0.08831182082546807,0.04935483489853247,0.02747148288973384,0.005927994296577949,0.10527566539923952,0.011067015209125453,714.8,784.04,0.07413643955173704,0.02478160465320457,0.09447169546693325,0.021543488593155892,1052.0,11026,3.5228958076836245,0.00019896963812076254,0.000445595487359996,0.0
C3,0.1,7,105,0.42759533546253453,-0.08914676116428644,0.049843194136187645,0.02813688212927757,0.00657675855513308,0.10717680608365018,0.0129467680608365,713.6,783.4412500000001,0.07462794529645755,0.02478475116026991,0.09512812594244666,0.02156012357414449,1052.0,11026,3.4186120946732337,0.00017555364718097356,0.0005688868187082271,0.0
C3,0.1,8,105,0.42989078640824313,-0.08677370578740995,0.049134571032118386,0.027946768060836503,0.0064139733840304185,0.10636882129277567,0.012274239543726237,716.45,784.5262500000001,0.07393736822372288,0.02480279719160449,0.09486326367963611,0.021532794676806084,1052.0,11026,3.0885227466234095,0.00017278977299608076,0.0004651784448065385,0.0
C3,0.1,9,105,0.43294029248133276,-0.08874356583602605,0.04883215409832027,0.028231939163498098,0.006634980988593154,0.10570342205323194,0.011739543726235743,713.45,782.93,0.07357639943666724,0.02474424533834697,0.0947205050100129,0.021596958174904944,1052.0,11026,3.2627226321523173,0.00021216760404798004,0.00044348631545541726,0.0
C3,0.1,10,105,0.43162890999402925,-0.09050427343606604,0.049698212560657665,0.02851711026615969,0.006987880228136879,0.10698669201520912,0.012913498098859319,712.3,783.18125,0.0744808897608863,0.02478267720022864,0.09534103739209743,0.02152923003802281,1052.0,11026,3.2416497758442007,0.00020866448731218025,0.0005249130808243904,0.0
C3,0.1,11,105,0.42541474205688923,-0.08703237679689468,0.04961356265910085,0.02761406844106464,0.006143060836501905,0.105893536121673,0.011311787072243354,715.6,783.8175,0.07434208781340298,0.024728525154302135,0.09493491979831906,0.021471007604562737,1052.0,11026,3.7960260935041155,0.00020182874030438738,0.00046751348064172067,0.0
C3,0.1,12,105,0.4330465124575447,-0.08939148736018887,0.04905347539422246,0.02785171102661597,0.006525665399239544,0.10684410646387835,0.012932509505703446,713.9,783.98125,0.07389294856637746,0.024839473172155003,0.0950614998751139,0.021326045627376427,1052.0,11026,4.2431194303248265,0.00015940334679617751,0.0005738049314646118,0.0
C3,0.1,13,105,0.4312476791841659,-0.08855168187715323,0.04905767291387982,0.02870722433460076,0.007201758555133081,0.10693916349809884,0.012232652091254737,713.95,783.31375,0.07384561998671552,0.024787947072835693,0.0947681334998036,0.02150546577946768,1052.0,11026,3.905715527537975,0.0002006692118538463,0.0005364282756430916,0.0
C3,0.1,14,105,0.42956799309119387,-0.08859611879215845,0.048984122534065144,0.028659695817490494,0.007120960076045627,0.10693916349809887,0.012716254752851722,713.75,783.1325,0.07375545546371019,0.02477133292964505,0.09485226786774999,0.021538735741444867,1052.0,11026,3.824676121699387,0.00020709954008197936,0.000619498562483498,0.0
C3,0.1,15,105,0.4319429449421074,-0.08946606874789609,0.049445098936291135,0.028422053231939172,0.006986692015209135,0.10708174904942964,0.012991920152091246,713.45,783.55125,0.07421716687369914,0.02477206793740801,0.09535965710370224,0.021435361216730037,1052.0,11026,3.1265506409230603,0.00015966101043214697,0.0005398738316885921,0.0
C3,0.1,16,105,0.42979357448004224,-0.08938126544207958,0.04930806960725928,0.02789923954372624,0.006328422053231943,0.10665399239543727,0.012716254752851722,714.55,784.68625,0.0741007188229744,0.024792649215715123,0.09488324850592109,0.021570817490494297,1052.0,11026,3.7511192774068585,0.00015776416749882483,0.0006424176183688502,0.0
C3,0.1,17,105,0.43021714173708897,-0.08883172130322936,0.048758288005151106,0.028136882129277563,0.0064270437262357386,0.10570342205323195,0.01096007604562739,713.25,782.78625,0.07351614304884799,0.02475785504369688,0.09462052259725215,0.021709838403041824,1052.0,11026,2.745018506779894,0.00018990100354986022,0.0004401679318506057,0.0
C3,0.1,18,105,0.42741884688826637,-0.08691549457415748,0.04868155606249629,0.027661596958174904,0.006075332699619771,0.10617870722433458,0.011999762357414429,716.05,784.21,0.0734315745109547,0.02475001844845841,0.09422545250903894,0.021586264258555133,1052.0,11026,3.381836854849811,0.00020635992251960892,0.000609412134996606,0.0
C3,0.1,19,105,0.4269483403827174,-0.090090435315757,0.049751594990771544,0.028136882129277563,0.006536359315589352,0.10689163498098857,0.012791112167300348,712.35,782.8799999999999,0.07451140110351044,0.024759806112738897,0.09512833896592401,0.02160052281368821,1052.0,11026,3.3051785319714684,0.00020005811547434016,0.0005031082479771866,0.0
PMM k=10,0.05,0,53,0.4555951631663232,-0.07283490519018232,0.043000327863608204,0.027423954372623578,0.004978612167300386,0.10427756653992395,0.009220532319391628,720.85,777.4775,0.06782889764203771,0.024828569778429507,0.09397679328397031,0.022445342205323193,1052.0,11026,3.595776546778034,0.0001651546508746147,0.0005010041940138737,0.0
PMM k=10,0.05,1,53,0.4565618133430872,-0.07130819786430442,0.0431778127910103,0.02732889733840304,0.0048217680608365,0.10484790874524715,0.009674429657794678,722.6,778.08375,0.06795470089803968,0.024776888107029375,0.09448023157752154,0.02250712927756654,1052.0,11026,2.855839440559702,0.0001882098374348448,0.0004755227543072536,0.0
PMM k=10,0.05,2,53,0.45201952278250435,-0.06960876449914377,0.04276028369512341,0.027804182509505705,0.005224572243346007,0.10423003802281369,0.00884624524714829,722.7,776.77,0.06754990343401676,0.024789619738893348,0.09354092694226579,0.0225796102661597,1052.0,11026,3.0900128619763816,0.0002173582670257255,0.0005994941917909584,0.0
PMM k=10,0.05,3,53,0.45454936694594833,-0.06769113007233185,0.04318538019419537,0.027756653992395436,0.005217442965779466,0.10456273764258554,0.010314876425855504,724.7,777.3174999999999,0.06794797597381232,0.024762595779616946,0.09399277877482093,0.02253921102661597,1052.0,11026,3.1193882947355793,0.0001440319897583271,0.0005398188437255308,0.0
PMM k=10,0.05,4,53,0.4531472374963419,-0.07231437198475621,0.043001360444634186,0.027471482889733844,0.004994058935361222,0.1046577946768061,0.009275190114068452,720.85,777.04125,0.0677585546411585,0.024757194196524314,0.09387052246202113,0.022477423954372622,1052.0,11026,3.731843008968865,0.00017637558171750955,0.000534199313422769,0.0
PMM k=10,0.05,5,53,0.45466145755353127,-0.06894946797802659,0.04284289379312041,0.027281368821292774,0.00482889733840304,0.1035171102661597,0.008460076045627388,722.65,776.16625,0.0676053857000615,0.024762491906941086,0.09385174531783438,0.022452471482889733,1052.0,11026,3.2837476147590676,0.00014755016001886292,0.0005243955789330409,0.0
PMM k=10,0.05,6,53,0.45465791427531654,-0.06924015858344157,0.04291332794564344,0.027519011406844103,0.004878802281368819,0.10418250950570343,0.008439876425855516,722.5,776.2475000000001,0.0677056366767448,0.024792308731101356,0.09394803114431548,0.022640209125475284,1052.0,11026,3.7733877521671637,0.0001730759092181152,0.0006637039854118999,0.0
PMM k=10,0.05,7,53,0.4531174431255567,-0.0687869572154507,0.04335549922447554,0.0280893536121673,0.005533507604562737,0.10475285171102662,0.00959957224334601,722.25,775.60125,0.0681107940212501,0.024755294796774557,0.09408829856068757,0.022555846007604564,1052.0,11026,3.0139948679622086,0.00020862474664384246,0.0005184064796995766,0.0
PMM k=10,0.05,8,53,0.45257668990420646,-0.07106114713731337,0.043108587555527295,0.02723384030418251,0.004647100760456276,0.10432509505703422,0.00923122623574145,720.55,775.6699999999998,0.06785007633614737,0.024741488780620078,0.09375256976505136,0.022586739543726236,1052.0,11026,2.9877055770916647,0.00016245383270816247,0.000556409837844548,0.0
PMM k=10,0.05,9,53,0.4538108438415086,-0.06970620442058151,0.04312584988335048,0.02737642585551331,0.005077233840304181,0.10423003802281369,0.009515209125475294,724.25,778.5175,0.06789644445263031,0.02477059456927983,0.09420528476979992,0.022299192015209128,1052.0,11026,3.510507122398449,0.0001798209715263037,0.0005279279029798252,0.0
PMM k=10,0.05,10,53,0.4540265771531147,-0.07133730321367449,0.04290603006996888,0.027376425855513316,0.004934648288973394,0.10446768060836502,0.009323906844106458,722.25,777.73125,0.06767442034425188,0.024768390274282993,0.09375901418738161,0.022441777566539922,1052.0,11026,3.2637222634318097,0.00015058049854888982,0.0004956735845390764,0.0
PMM k=10,0.05,11,53,0.45390543690516183,-0.07078023582690585,0.04323914966434102,0.027756653992395436,0.005187737642585552,0.10518060836501901,0.009832461977186305,722.25,777.265,0.06799169871796788,0.02475254905362687,0.09388041980582389,0.022568916349809884,1052.0,11026,3.5737325169301726,0.00013852355936926582,0.0005085545636029287,0.0
PMM k=10,0.05,12,53,0.4560999419943769,-0.07065811218980755,0.042915494289607926,0.027899239543726233,0.0054931083650190116,0.10475285171102662,0.009765922053231943,721.9,776.7862499999999,0.06767226153949997,0.024756767249892044,0.0937741118780215,0.022406131178707222,1052.0,11026,3.7167670591247552,0.00016888690179996647,0.0005140305032944109,0.0
PMM k=10,0.05,13,53,0.45339370403848883,-0.07089214483586914,0.04309383380439144,0.02799429657794677,0.005323193916349809,0.1048003802281369,0.009578184410646395,722.35,777.4662500000001,0.06786718057517468,0.02477334677078324,0.09377350903605032,0.02267110266159696,1052.0,11026,2.680470383040804,0.0001804299053217881,0.0005021878178914269,0.0
PMM k=10,0.05,14,53,0.45413296798058667,-0.07119131904067444,0.042790988347726856,0.027423954372623578,0.0050724809885931595,0.10275665399239545,0.007886169201520923,722.85,778.2550000000001,0.06757323267195524,0.024782244324228382,0.09368301653170874,0.02235147338403042,1052.0,11026,3.2710423336786687,0.00018810542255584382,0.00045878892815314203,0.0
PMM k=10,0.05,15,53,0.453460701490457,-0.07276218806489576,0.04292304725741922,0.027661596958174904,0.005051093155893537,0.10403992395437263,0.008850998098859322,720.05,776.55375,0.06772932473567814,0.02480627747825892,0.09373767605395283,0.022610503802281367,1052.0,11026,2.9998373353336176,0.0001540734410427563,0.0005732785204461072,0.0
PMM k=10,0.05,16,53,0.45512934908226466,-0.0721621251540463,0.04319538631931731,0.027709125475285167,0.005288735741444863,0.10475285171102662,0.00919676806083651,719.95,775.94375,0.0679981725137822,0.0248027861944649,0.09424588147609717,0.022420389733840303,1052.0,11026,3.530529623594296,0.00019067779777260713,0.0005618484874677293,0.0
PMM k=10,0.05,17,53,0.45621361934042143,-0.07061940464271799,0.043101202767878974,0.027709125475285167,0.005133079847908742,0.1048003802281369,0.009302519011406857,721.75,776.5925,0.06785813436670206,0.024756931598823084,0.09430320939431255,0.022576045627376425,1052.0,11026,3.433013739170486,0.00017872499221299425,0.0005804090291466699,0.0
PMM k=10,0.05,18,53,0.45569829751148067,-0.0720480288018377,0.0428677705910903,0.02747148288973384,0.005033269961977185,0.10408745247148288,0.009764733840304171,721.05,777.0337499999999,0.06765302036966393,0.02478524977857363,0.09379854920705627,0.022438212927756655,1052.0,11026,3.053001623035347,0.00013459753677486484,0.0005074428679092995,0.0
PMM k=10,0.05,19,53,0.45450840342338766,-0.07020137272532789,0.04290506614452483,0.02747148288973384,0.005123574144486692,0.10475285171102662,0.009345294676806087,722.55,777.10375,0.06768803544406392,0.024782969299539086,0.09404372409818972,0.02234790874524715,1052.0,11026,3.370486297942093,0.00019280025855768974,0.0005959875650072842,0.0
PMM k=10,0.1,0,105,0.45859721035846474,-0.07062842743726627,0.04427142111356689,0.027328897338403046,0.00471839353612168,0.10532319391634981,0.00910289923954373,719.2,773.85625,0.06903702252449204,0.024765601410925146,0.09566467031681572,0.022610503802281367,1052.0,11026,2.69772429024054,0.0002137234991359495,0.0005628784627821363,0.0
PMM k=10,0.1,1,105,0.45800871872874976,-0.07405822263495787,0.04379184732755121,0.02804182509505703,0.005412309885931554,0.10717680608365018,0.010767585551330783,716.65,773.96875,0.0685857890761787,0.024793941748627486,0.09522508557029896,0.022629515209125477,1052.0,11026,3.3791913670095415,0.00018510955623235478,0.0006658506508603214,0.0
PMM k=10,0.1,2,105,0.45795904032770013,-0.07396502685340078,0.04376061004841097,0.02713878326996198,0.004537785171102666,0.1046577946768061,0.008821292775665415,717.5,774.8087499999999,0.0685914586238049,0.024830848575393936,0.09516613751738902,0.022600998098859314,1052.0,11026,3.4871170867814403,0.00020193236494634906,0.0005675922765835761,0.0
PMM k=10,0.1,3,105,0.4582142527597298,-0.07195917576383948,0.04370938995771809,0.02742395437262357,0.0046922528517110255,0.1040874524714829,0.0077994296577946765,718.35,774.05,0.06848255640019026,0.02477316644247217,0.09490289750926892,0.022731701520912546,1052.0,11026,3.3962837911081007,0.00018475646171724696,0.0005923599658093248,0.0
PMM k=10,0.1,4,105,0.45968602607624004,-0.07061809615978054,0.044081011268303286,0.027899239543726233,0.005143773764258553,0.10494296577946767,0.009297766159695811,719.05,773.68625,0.06885476683256263,0.024773755564259346,0.09570754946710966,0.02275546577946768,1052.0,11026,3.730435932111657,0.00019795896623244473,0.0005575537577165285,0.0
PMM k=10,0.1,5,105,0.45529163467281397,-0.07096133412661165,0.04393402024455032,0.02732889733840304,0.004663735741444866,0.10470532319391637,0.009094581749049452,720.25,775.26375,0.06872086549852503,0.02478684525397471,0.09507433143633058,0.022665161596958174,1052.0,11026,2.8879721281239084,0.00017829710473927347,0.0004239055543041692,0.0
PMM k=10,0.1,6,105,0.45915613410679407,-0.07059586015622599,0.04359661885184662,0.027851711026615968,0.005125950570342205,0.1061787072243346,0.009563925855513314,718.8,773.39875,0.0683731858843537,0.024776567032507087,0.09529577557207625,0.022725760456273763,1052.0,11026,3.7487859145773124,0.000211889685800009,0.0005605648150599826,0.0
PMM k=10,0.1,7,105,0.45910249792385305,-0.06968941795101324,0.043361773317198406,0.02732889733840304,0.004549667300380228,0.10527566539923953,0.009245484790874517,720.95,774.95625,0.06810380828108152,0.024742034963883115,0.09472174974695775,0.02277923003802281,1052.0,11026,3.769652563395991,0.0002149659423581151,0.00044598528075919,0.0
PMM k=10,0.1,8,105,0.45760258852917085,-0.07161760960875774,0.043982996824130705,0.02694866920152091,0.004397576045627374,0.10608365019011408,0.011247623574144494,720.0,775.5425,0.06878823364237437,0.024805236818243658,0.09528430158971345,0.022551093155893535,1052.0,11026,3.3993127133402936,0.00020254730318970248,0.0006212818130430455,0.0
PMM k=10,0.1,9,105,0.45708682075689056,-0.07102553661799771,0.04354443925202875,0.027946768060836503,0.005250712927756654,0.10556083650190114,0.00944748098859316,718.65,773.5949999999999,0.06833173676522278,0.024787297513194025,0.09478332637367545,0.02269605513307985,1052.0,11026,3.090801074487195,0.000206347256023868,0.0005165147751171302,0.0
PMM k=10,0.1,10,105,0.4587627511224529,-0.07245739985654553,0.04398894102706271,0.02804182509505703,0.005122385931558934,0.10594106463878328,0.009293013307984807,717.7,773.765,0.06876874462971679,0.024779803602654076,0.09534401747457864,0.022919439163498097,1052.0,11026,3.126360216790161,0.00016997962458008262,0.0005407836729561583,0.0
PMM k=10,0.1,11,105,0.4548620714923996,-0.07292637802692525,0.04382517309440941,0.026520912547528513,0.0037820817490494263,0.10489543726235742,0.00914567490494296,719.7,776.31375,0.06858649211728605,0.024761319022876642,0.09501323533879229,0.022738830798479086,1052.0,11026,3.679185868347255,0.00017027620389045532,0.0006200592983865687,0.0
PMM k=10,0.1,12,105,0.45828125383980384,-0.07133683859417883,0.043456365675351646,0.028564638783269963,0.00608721482889734,0.1046577946768061,0.008827233840304191,720.4,775.73875,0.06824984704610032,0.024793481370748677,0.0954402927086407,0.022477423954372622,1052.0,11026,3.111485907292862,0.0001657085292993796,0.0004429096407931623,0.0
PMM k=10,0.1,13,105,0.4602468534645456,-0.07422474781244104,0.04427706459267461,0.028517110266159697,0.005791349809885934,0.105893536121673,0.009294201520912551,718.25,775.83625,0.06905766975354499,0.024780605160870387,0.09586599158606766,0.022725760456273763,1052.0,11026,3.570301062863912,0.00016705437621272547,0.0005400401026740731,0.0
PMM k=10,0.1,14,105,0.45669108853932516,-0.07197089043032578,0.04388164049324757,0.02804182509505703,0.005475285171102656,0.10622623574144488,0.00979800380228138,717.95,773.62875,0.06859612157405855,0.02471448108081098,0.09534198505939036,0.022566539923954375,1052.0,11026,3.575466394178167,0.00014285081686743353,0.0006021753897380964,0.0
PMM k=10,0.1,15,105,0.45852321330938617,-0.07154161687284,0.043668127149030136,0.028184410646387832,0.005361216730038022,0.105893536121673,0.009304895437262359,718.65,774.025,0.06845752679804494,0.024789399649014804,0.09525957062307568,0.02282319391634981,1052.0,11026,3.004569170020193,0.00015130885531096705,0.0005967645519287125,0.0
PMM k=10,0.1,16,105,0.461917959425041,-0.07385684333157927,0.04389535037092715,0.02785171102661597,0.005297053231939162,0.10565589353612166,0.010085551330798456,719.45,776.8237499999999,0.06869228601283531,0.024796935641908154,0.09570345249078542,0.02255465779467681,1052.0,11026,4.241809415259558,0.0001830425391488022,0.0005311069476895266,0.0
PMM k=10,0.1,17,105,0.4586435721095588,-0.07363680937266126,0.04376850891813201,0.027566539923954376,0.004918013307984796,0.1060361216730038,0.010016634980988592,717.95,775.02,0.06852196309867069,0.024753454180538672,0.09527478405671987,0.02264852661596958,1052.0,11026,3.2358330279257883,0.00020537864555121704,0.00044546548043161726,0.0
PMM k=10,0.1,18,105,0.455683865987334,-0.07428274806994484,0.04367850731041113,0.027804182509505705,0.005090304182509508,0.10584600760456273,0.010209125475285158,717.8,775.3987500000001,0.06842632361971522,0.024747816309304088,0.09471679594842089,0.022713878326996197,1052.0,11026,3.1509763952764978,0.00018337413508313937,0.0006385515336607357,0.0
PMM k=10,0.1,19,105,0.4595939702590066,-0.07063689962192876,0.0439776758901345,0.028184410646387832,0.00547884980988593,0.10508555133079847,0.008892585551330795,718.4,773.0024999999999,0.06880676297458141,0.024829087084446904,0.09555128329809354,0.022705560836501902,1052.0,11026,3.431601816301106,0.00017143315167238453,0.0005018402376145701,0.0
PMM k=10,0.25,0,263,0.46915273781644756,-0.07991096543795717,0.04606438883114625,0.02903992395437262,0.005756891634980988,0.1085551330798479,0.010286359315589355,705.3,766.55625,0.0707868650516042,0.02472247622045795,0.09930970313320536,0.023283032319391633,1052.0,11026,2.939435396248391,0.00018279576949904828,0.0005621782848776008,0.0
PMM k=10,0.25,1,263,0.4684640498880956,-0.07630867914350747,0.046114498488570604,0.028231939163498105,0.005086739543726244,0.10798479087452473,0.01161359315589354,710.65,769.35875,0.07091267331100731,0.024798174822436705,0.09890078441588158,0.02314519961977186,1052.0,11026,2.791008628912976,0.00015764475696463306,0.00046049014749295896,0.0
PMM k=10,0.25,2,263,0.473437608224751,-0.07554534042660854,0.04594340597512927,0.028612167300380225,0.005419439163498095,0.10722433460076046,0.009205085551330816,707.9,765.74875,0.07066507386530303,0.024721667890173764,0.09877047865203485,0.02319272813688213,1052.0,11026,2.905708076025002,0.00017377828132821908,0.0004972602760747493,0.0
PMM k=10,0.25,3,263,0.47067100114679933,-0.07616765219203425,0.04586207958900852,0.028422053231939158,0.005263783269961974,0.10627376425855513,0.010125950570342199,709.3,767.78,0.07063437030151863,0.02477229071251011,0.09899088723733009,0.023158269961977184,1052.0,11026,3.469127578202645,0.00018815995711973983,0.0005381275755121058,0.0
PMM k=10,0.25,4,263,0.47677774148305746,-0.07591688162046795,0.04598748502081475,0.028802281368821292,0.005506178707224335,0.10850760456273764,0.009468868821292775,705.75,763.73,0.07079354645414804,0.024806061433333287,0.10012290566921297,0.023296102661596957,1052.0,11026,3.332970493072553,0.00016355930635609725,0.0005669349575103893,0.0
PMM k=10,0.25,5,263,0.4690985294442112,-0.0757759441033462,0.04557681852255716,0.028612167300380225,0.005401615969581747,0.10874524714828897,0.010660646387832706,709.0,767.13,0.07038454400989981,0.024807725487342648,0.09859433472834854,0.02321055133079848,1052.0,11026,2.8305068858367437,0.00020304764126587925,0.00046971361439862623,0.0
PMM k=10,0.25,6,263,0.4707915659910528,-0.08138595274048077,0.046208496549002095,0.027614068441064638,0.004310836501901141,0.1082699619771863,0.011052756653992385,703.4,765.71875,0.0709317006777589,0.02472320412875681,0.0993150201832006,0.023303231939163498,1052.0,11026,2.772569101587361,0.00014367217466383135,0.000658592041441779,0.0
PMM k=10,0.25,7,263,0.4661027945935171,-0.07638383102694835,0.04597141747402387,0.028564638783269963,0.005257842205323198,0.10722433460076045,0.010039211026615966,710.15,768.88,0.07074416293921125,0.02477274546518738,0.09897028566646708,0.023306796577946765,1052.0,11026,3.1075961523585733,0.00019049422688619506,0.00062385893659705,0.0
PMM k=10,0.25,8,263,0.4672048832179747,-0.07647671647795928,0.045858966537179795,0.028564638783269963,0.004916825095057035,0.10622623574144488,0.008462452471482904,705.85,764.3012499999999,0.07063865467161064,0.024779688134430843,0.0988740830248774,0.023647813688212928,1052.0,11026,3.4119790388480498,0.00017844526661766653,0.0006313586571047917,0.0
PMM k=10,0.25,9,263,0.47276573517227377,-0.07510046176591278,0.046145611747601775,0.02942015209125475,0.006072956273764252,0.10950570342205324,0.011288022813688223,710.05,767.705,0.07093566497567842,0.024790053228076647,0.09961140027307554,0.023347195817490497,1052.0,11026,3.411665507997743,0.00019159595241231844,0.0006457394116925598,0.0
PMM k=10,0.25,10,263,0.4686518666280587,-0.07369203848092032,0.045705211263063594,0.028802281368821292,0.005527566539923954,0.10822243346007605,0.009644724334600771,710.0,766.4837500000001,0.07056258355694588,0.024857372293882286,0.09877344198340378,0.023274714828897338,1052.0,11026,4.057130277640044,0.0001643403921471112,0.0007190517259097789,0.0
PMM k=10,0.25,11,263,0.47527463641291906,-0.07612172164854236,0.046126394348709694,0.029325095057034224,0.00620247148288974,0.10784220532319391,0.010067728136882129,707.7,766.01,0.0709160077435821,0.024789613394872408,0.09971382009980585,0.023122623574144484,1052.0,11026,3.604238957330447,0.0002045242166473868,0.0005444676761913476,0.0
PMM k=10,0.25,12,263,0.46679520664454577,-0.07639939362193393,0.04585929355791907,0.029087452471482887,0.005856701520912548,0.10788973384030418,0.009907319391634972,707.5,766.02375,0.07064039029486753,0.024781096736948467,0.09913985620598852,0.02323075095057034,1052.0,11026,3.768917880132111,0.0001826587767421604,0.0005807569607087891,0.0
PMM k=10,0.25,13,263,0.4688535289179361,-0.07822230917212825,0.046502299244863536,0.028564638783269963,0.005283982889733838,0.1079847908745247,0.009700570342205311,706.75,766.725,0.07131353961269514,0.024811240367831604,0.09908405633109006,0.023280655893536124,1052.0,11026,3.712314918118084,0.00019353493214128992,0.0005933272163636921,0.0
PMM k=10,0.25,14,263,0.47114929219025076,-0.0826428855134268,0.04647810658283022,0.027946768060836503,0.004597195817490497,0.10565589353612168,0.008760693916349815,701.55,764.75125,0.0712386841976463,0.024760577614816075,0.09972667604485265,0.023349572243346006,1052.0,11026,3.279276176778914,0.00017065440833561894,0.0006561061083357995,0.0
PMM k=10,0.25,15,263,0.4699949557579656,-0.07622133728950309,0.046522162021025014,0.02827946768060836,0.005168726235741442,0.1067490494296578,0.009007842205323205,709.85,768.42,0.07124942996301876,0.02472726794199375,0.09917209553779559,0.023110741444866918,1052.0,11026,2.6338964019889364,0.00015077126487275067,0.0004839502123189037,0.0
PMM k=10,0.25,16,263,0.46789668717621236,-0.07771966595496005,0.04608371741126988,0.028469581749049427,0.005155655893536122,0.1061787072243346,0.007928944866920154,706.25,765.765,0.07083544210216891,0.024751724690899028,0.09880561891889579,0.023313925855513305,1052.0,11026,3.4799462123753524,0.00018519083872478297,0.0005713556021567368,0.0
PMM k=10,0.25,17,263,0.4741931407729848,-0.07846062295696687,0.04618192547435728,0.027994296577946765,0.004792062737642582,0.10850760456273763,0.01113830798479086,706.55,766.70625,0.07095677517697457,0.024774849702617292,0.10009097788214029,0.023202233840304183,1052.0,11026,2.777708599565942,0.00020137686763582098,0.0004987025656588813,0.0
PMM k=10,0.25,18,263,0.4697103143581837,-0.0746283239159109,0.04622037056182074,0.028517110266159697,0.005154467680608368,0.10641634980988593,0.008913973384030424,710.35,767.6375,0.07103730053329699,0.024816929971476245,0.099152247067079,0.02336264258555133,1052.0,11026,3.326597360667496,0.00014379771154929052,0.0005918671847997598,0.0
PMM k=10,0.25,19,263,0.4708745301424665,-0.07609735516187432,0.04591981712064474,0.029182509505703426,0.005715304182509512,0.10698669201520912,0.009251425855513307,706.2,764.36625,0.07064984820487896,0.024730031084234223,0.0987868442371958,0.023467205323193914,1052.0,11026,3.5073802682563318,0.00015902451556279703,0.0004947217612464418,0.0
PMM k=10,0.5,0,526,0.4898301142646203,-0.08360053905850628,0.04905695141155035,0.0280893536121673,0.003758317490494295,0.11031368821292778,0.008511169201520938,690.2,753.165,0.07391122489427392,0.024854273482723562,0.10475193937880646,0.024331036121673005,1052.0,11026,3.091369292492252,0.00015966996551219882,0.0005486418320572472,0.0
PMM k=10,0.5,1,526,0.48699010504017354,-0.08223601163980387,0.0489851775526874,0.030560836501901133,0.006230988593155885,0.11207224334600759,0.01135812737642583,690.7,752.59,0.0738268690531246,0.024841691500437208,0.10474236682752452,0.024329847908745247,1052.0,11026,3.359013896811725,0.00017204821248221957,0.0006081669512806125,0.0
PMM k=10,0.5,2,526,0.49273565585374596,-0.08473264567601291,0.04976701202879925,0.029752851711026616,0.005595294676806084,0.10993346007604562,0.01060955323193917,688.9,752.6762500000001,0.07445320136750073,0.024686189338701488,0.10602881511943242,0.024157557034220532,1052.0,11026,3.4073823982189437,0.00024837329984096665,0.00046766677416165524,0.0
PMM k=10,0.5,3,526,0.4866522732991847,-0.0800828443217122,0.04937541575755135,0.029705323193916354,0.005497861216730043,0.1122148288973384,0.010186549429657799,692.9,753.22,0.0741484908173499,0.024773075059798543,0.10454988715573708,0.02420746197718631,1052.0,11026,3.2215380941885017,0.00019487322660871522,0.0006040181774283455,0.0
PMM k=10,0.5,4,526,0.4870272508959788,-0.08143001478192924,0.04935639877792105,0.029610266159695815,0.00524714828897338,0.11226235741444868,0.009897813688212923,692.1,753.45375,0.07413947348858843,0.02478307471066738,0.10463040703928632,0.024363117870722435,1052.0,11026,3.1070306440517976,0.00022585678530135286,0.0006853646141510922,0.0
PMM k=10,0.5,5,526,0.49074562636855457,-0.08617255791220146,0.04908414322431502,0.02961026615969582,0.005270912547528518,0.11017110266159694,0.008892585551330767,687.1,751.8924999999999,0.07382291076132545,0.02473876753701043,0.10449071832795634,0.0243393536121673,1052.0,11026,3.4724289511108513,0.00022165546004742365,0.0005974048053831279,0.0
PMM k=10,0.5,6,526,0.4888588461061237,-0.08742090643590428,0.049043450724830615,0.030038022813688208,0.005769961977186308,0.11021863117870723,0.00857533269961977,687.05,752.86625,0.07387164176859307,0.024828191043762455,0.1052908040697433,0.0242680608365019,1052.0,11026,3.2079106448166894,0.00016953417090974346,0.0007749275079491527,0.0
PMM k=10,0.5,7,526,0.4894277729861818,-0.08305028834948713,0.0499294708481367,0.029942965779467683,0.005513307984790879,0.1115019011406844,0.009730275665399218,691.45,754.07625,0.07466632004908501,0.02473684920094831,0.10589162469645072,0.024429657794676804,1052.0,11026,3.5438460112259462,0.0002095032247192631,0.000695365566433516,0.0
PMM k=10,0.5,8,526,0.48598531751017143,-0.08531945685455045,0.049866460354814776,0.027994296577946765,0.003835551330798475,0.10917300380228134,0.008627614068441036,689.7,754.0337499999999,0.0746638977032473,0.024797437348432528,0.10544501420650856,0.02415874524714829,1052.0,11026,3.552579191271659,0.00018983847642521136,0.0006152120298131728,0.0
PMM k=10,0.5,9,526,0.48859292127091997,-0.08551577676983368,0.04980956716309013,0.03056083650190114,0.0060194866920152065,0.11254752851711028,0.01132961026615971,685.75,749.87625,0.0745515975542468,0.024742030391156668,0.10543480913675418,0.024541349809885933,1052.0,11026,3.5417833314118257,0.0001851454283862789,0.0006610806737978528,0.0
PMM k=10,0.5,10,526,0.4868391059210851,-0.08114665558786871,0.04957525193501585,0.02970532319391635,0.0056261882129277595,0.10903041825095057,0.008294914448669213,691.15,752.1875,0.07434729827317485,0.024772046338159,0.10513281896174873,0.02407913498098859,1052.0,11026,3.8510862603446667,0.00014340880193893025,0.0006849324064257637,0.0
PMM k=10,0.5,11,526,0.4929072943867618,-0.08285541178716382,0.04913259969765564,0.02923003802281369,0.004764733840304181,0.11074144486692014,0.009803944866920156,690.65,753.04375,0.07388733505439143,0.02475473535673579,0.10564273047755993,0.024465304182509508,1052.0,11026,3.7957835497312336,0.0002449618574152592,0.0006163924764908903,0.0
PMM k=10,0.5,12,526,0.49235668778260455,-0.08337999059655399,0.049194826974528684,0.029990494296577946,0.005565589353612167,0.1126425855513308,0.011247623574144508,689.65,752.38375,0.0739127632367385,0.024717936262209812,0.1056238935666462,0.02442490494296578,1052.0,11026,3.3420281631951743,0.0002575659792366707,0.0007545532319406987,0.0
PMM k=10,0.5,13,526,0.4856225833791249,-0.0806451345302267,0.04844687350520037,0.030038022813688208,0.0055846007604562695,0.11254752851711028,0.011444866920152105,692.65,753.4087499999999,0.07326415618868778,0.02481728268348742,0.10394167068244957,0.02445342205323194,1052.0,11026,3.386036323960423,0.00021017108118636762,0.0005524936216583574,0.0
PMM k=10,0.5,14,526,0.48850948522600574,-0.08159519439345908,0.04986466638934656,0.02970532319391635,0.005141397338403044,0.11150190114068441,0.009977423954372622,688.0,749.125,0.07453426541434152,0.024669599024994965,0.10574854692083803,0.024563925855513306,1052.0,11026,2.9862505433557156,0.0002572167002513163,0.0006375609087809183,0.0
PMM k=10,0.5,15,526,0.48727270223968916,-0.08336308313061969,0.04927807630439855,0.029277566539923954,0.0051176330798479094,0.1106463878326996,0.010181796577946753,690.05,752.80625,0.07404014426482675,0.02476206796042819,0.10505272322277864,0.024159933460076045,1052.0,11026,3.7376666843887767,0.0002118239863988907,0.0005683469352191836,0.0
PMM k=10,0.5,16,526,0.49098310203517126,-0.08439185026379203,0.050105626065049785,0.03032319391634981,0.0059161121673003796,0.11254752851711028,0.010898288973384032,689.2,752.7237500000001,0.07477594776946907,0.02467032170441928,0.10644904162134798,0.02440708174904943,1052.0,11026,3.8224704640739775,0.000282884295863408,0.0005506019979371263,0.0
PMM k=10,0.5,17,526,0.4826669712150472,-0.08658250029869774,0.0489267218143032,0.029752851711026616,0.005499049429657798,0.11140684410646387,0.009771863117870705,688.05,753.27,0.07348929948530708,0.024562577671003883,0.1045472310458885,0.02425380228136882,1052.0,11026,3.243154526391132,0.0002637584437867635,0.0006122864317823864,0.0
PMM k=10,0.5,18,526,0.4909215280944925,-0.08290312784694798,0.049730770718014586,0.028897338403041824,0.004906131178707224,0.11088403041825094,0.010887595057034224,694.6,757.39,0.07439097588637493,0.024660205168360344,0.10560153757259687,0.0239912072243346,1052.0,11026,3.2628287239834237,0.0002148115281793399,0.0005707977589033387,0.0
PMM k=10,0.5,19,526,0.48358390255033945,-0.08319252691366708,0.04921561373898185,0.02989543726235741,0.0054954847908745205,0.11202471482889734,0.011457937262357401,690.45,753.1025,0.07402775895504779,0.02481214521606594,0.10421242256282355,0.02439995247148289,1052.0,11026,3.2847149897826102,0.00018807809415500427,0.0005930147422785898,0.0
E2 regression contexte tirage,0.05,0,53,0.4493266947225221,-0.06840703574862783,0.04152532561640559,0.027043726235741444,0.004572243346007605,0.10337452471482891,0.008777328897338427,725.4,778.66625,0.06632356913452035,0.024798243518114764,0.0919190332406762,0.02247148288973384,1052.0,11026,3.7113199583616177,0.00020698579080576714,0.0006061062679782077,0.0
E2 regression contexte tirage,0.05,1,53,0.4493715922726636,-0.06682617806932334,0.041725655874035386,0.02671102661596958,0.004421340304182508,0.10280418250950571,0.008262832699619777,726.4,778.41875,0.06649486324757302,0.024769207373537636,0.09210254552351363,0.02228968631178707,1052.0,11026,3.5335151289709503,0.0001491926511114371,0.0005582804863505139,0.0
E2 regression contexte tirage,0.05,2,53,0.44872241493216386,-0.06883065026948243,0.041313538504154874,0.02671102661596958,0.004466492395437262,0.10375475285171103,0.008520674904942974,725.85,779.5037500000001,0.06608379913783706,0.024770260633682185,0.09163245309789023,0.022244534220532318,1052.0,11026,3.5556273113085193,0.00016382687784419946,0.0005394968505403046,0.0
E2 regression contexte tirage,0.05,3,53,0.44843411678490036,-0.06946226806511058,0.04147019119241744,0.026853612167300377,0.004369058935361214,0.10294676806083651,0.007773288973384043,723.3,777.2924999999999,0.06630315466413501,0.024832963471717574,0.09171668533899494,0.022484553231939163,1052.0,11026,3.0946096642967627,0.00017665627699630856,0.0006107887439391133,0.0
E2 regression contexte tirage,0.05,4,53,0.4490441308449572,-0.06859575342048119,0.04166177310115935,0.027043726235741444,0.004706511406844107,0.10308935361216731,0.008599096958174915,725.6,779.0387499999999,0.06648900355079826,0.024827230449638908,0.09216623665715679,0.022337214828897337,1052.0,11026,3.298377369136332,0.00018124702393986636,0.0004866639633402975,0.0
E2 regression contexte tirage,0.05,5,53,0.4477199423606691,-0.06869100985833554,0.041634775427608336,0.026996197718631175,0.004758792775665398,0.1035171102661597,0.008915161596958168,726.35,779.92375,0.06640296241847583,0.024768186990867497,0.09172720763420185,0.022237404942965777,1052.0,11026,3.433339323494904,0.00015839383217159417,0.00048519782644939084,0.0
E2 regression contexte tirage,0.05,6,53,0.44642220696241963,-0.0676946587874584,0.041456970811231425,0.027281368821292774,0.0050986216730038,0.10308935361216728,0.008589591254752837,727.5,780.32375,0.06626224883813321,0.024805278026901783,0.0917722016513797,0.022182747148288974,1052.0,11026,3.208002563701893,0.00015775697150211907,0.00045600297192963226,0.0
E2 regression contexte tirage,0.05,7,53,0.45043984482104515,-0.06830241923819858,0.04154525706991136,0.027043726235741444,0.00464828897338403,0.10332699619771864,0.008254515209125485,724.7,777.8275,0.06634578886045392,0.024800531790542566,0.09195821647144023,0.022395437262357414,1052.0,11026,3.040199681363734,0.00016743340569298724,0.0005197803465586424,0.0
E2 regression contexte tirage,0.05,8,53,0.4500719498207542,-0.06763481882442013,0.04132064826080007,0.02690114068441065,0.004543726235741452,0.10299429657794676,0.008777328897338399,726.45,779.1474999999999,0.06616781814795974,0.024847169887159674,0.09194955264619008,0.022357414448669198,1052.0,11026,4.02347199854515,0.00017401275994510283,0.0004865821311923962,0.0
E2 regression contexte tirage,0.05,9,53,0.4488815483457109,-0.06878544556123312,0.041963084463720574,0.026425855513307984,0.004069629277566541,0.10242395437262357,0.0076509030418250995,725.55,779.14375,0.06672558729306066,0.024762502829340092,0.09232205417366209,0.022356226235741444,1052.0,11026,3.5572639208476144,0.00015284752722104602,0.0004998394954073484,0.0
E2 regression contexte tirage,0.05,10,53,0.44958316746466837,-0.06696142509291303,0.04156174583526815,0.026853612167300384,0.004676806083650193,0.10304182509505704,0.008457699619771858,728.05,780.3,0.06631491363424938,0.024753167798981228,0.0919920385424705,0.02217680608365019,1052.0,11026,3.8355623396756906,0.00016329061222114402,0.0005106289249306097,0.0
E2 regression contexte tirage,0.05,11,53,0.4489979497457233,-0.06619229868500831,0.04110536573315355,0.02690114068441064,0.0047065114068441,0.10242395437262357,0.007918250950570332,727.7,779.2825,0.06590630892475689,0.024800943191603343,0.09144748697582868,0.02219462927756654,1052.0,11026,3.1317552627306315,0.00018535670674722868,0.0005923110728695811,0.0
E2 regression contexte tirage,0.05,12,53,0.4490149567744201,-0.06743281527602163,0.04146741080997934,0.026948669201520913,0.004645912547528518,0.10413498098859315,0.009580560836501897,728.3,780.9625,0.06625186884465697,0.024784458034677638,0.09200820473140606,0.022302756653992395,1052.0,11026,2.7513108763753915,0.0001691588122824235,0.0005360785853189314,0.0
E2 regression contexte tirage,0.05,13,53,0.4487991502745993,-0.06671750395356435,0.040905735110019076,0.02675855513307985,0.004296577946768063,0.1036596958174905,0.008515922053231942,725.15,776.98875,0.06565520694010549,0.02474947183008641,0.09127381290033021,0.022461977186311786,1052.0,11026,3.02672895070333,0.00020667087750499537,0.0004339808023840934,0.0
E2 regression contexte tirage,0.05,14,53,0.4466662067472294,-0.06427121123182489,0.041577748170133946,0.02713878326996198,0.0048241444866920155,0.10356463878326996,0.009287072243346003,729.3,779.3925,0.06631490497898404,0.02473715680885009,0.0916691696368682,0.022314638783269964,1052.0,11026,3.445668964857859,0.00017067686685109625,0.000521315890071104,0.0
E2 regression contexte tirage,0.05,15,53,0.4527368898363873,-0.06907577249142038,0.04168207272244225,0.02747148288973384,0.00495365969581749,0.10418250950570343,0.008678707224334614,724.6,778.36625,0.06642486571446729,0.024742792992025038,0.09216523068873057,0.02251782319391635,1052.0,11026,3.3059850058604856,0.00019529309647965353,0.0004457904266633848,0.0
E2 regression contexte tirage,0.05,16,53,0.4468016126359209,-0.0675238061615192,0.041576571005061354,0.027233840304182504,0.004964353612167297,0.10346958174904944,0.008906844106463876,726.35,778.9475,0.06630051446851816,0.024723943463456806,0.09171824510992972,0.022269486692015207,1052.0,11026,2.876138570535694,0.00019345916557825376,0.0006352001307279697,0.0
E2 regression contexte tirage,0.05,17,53,0.44947462020920714,-0.06800038472636338,0.0411889214681703,0.027233840304182504,0.005020199619771858,0.10304182509505704,0.008878326996197727,726.75,779.775,0.06596372162786278,0.024774800159692485,0.09164938509508963,0.022213640684410646,1052.0,11026,3.463176250725586,0.00021488119019656576,0.000388469638792939,0.0
E2 regression contexte tirage,0.05,18,53,0.4489068739498307,-0.06674727390788371,0.04146582673231246,0.02694866920152091,0.004828897338403037,0.10299429657794676,0.00887476235741444,729.4,781.5674999999999,0.06623913036199494,0.024773303629682483,0.09162221348791809,0.022119771863117872,1052.0,11026,2.8379875047158025,0.0001894040946979082,0.0005590386493050183,0.0
E2 regression contexte tirage,0.05,19,53,0.4491382804044614,-0.06783364178490658,0.04169036409240194,0.027423954372623578,0.005061787072243352,0.10308935361216731,0.007989543726235754,725.3,778.08,0.0664585857516537,0.02476822165925176,0.09192898930871478,0.022362167300380226,1052.0,11026,3.56105717521191,0.00015693878552869406,0.0004968538777801848,0.0
E2 regression contexte tirage,0.1,0,105,0.44668849523019905,-0.06603132255044064,0.041021291395678956,0.027281368821292774,0.004778992395437259,0.10365969581749049,0.00857533269961977,728.15,779.63,0.06576603130985526,0.0247447399141763,0.09122083735839119,0.022502376425855515,1052.0,11026,3.5542823575122844,0.00018791633948502903,0.0005406189699160533,0.0
E2 regression contexte tirage,0.1,1,105,0.446801073958216,-0.06772425347995481,0.04115202453338472,0.027851711026615968,0.005455085551330799,0.10394486692015208,0.008883079847908731,724.75,777.3987500000001,0.06598629758648288,0.024834273053098155,0.09140071594167722,0.02239662547528517,1052.0,11026,3.197123857710001,0.00018004986728090939,0.0005427081856076279,0.0
E2 regression contexte tirage,0.1,2,105,0.44640065106790205,-0.06482116467531451,0.04059391637315756,0.027091254752851707,0.004495009505703418,0.10337452471482889,0.00824025665399239,726.15,776.4824999999998,0.06535530136791888,0.02476138499476132,0.09089452801525216,0.02259624524714829,1052.0,11026,3.2954037533261222,0.00016289676236212148,0.0004943865060013175,0.0
E2 regression contexte tirage,0.1,3,105,0.44834570021624,-0.06711636507684482,0.04066840596694482,0.02647338403041825,0.004178944866920154,0.10294676806083651,0.008747623574144492,727.1,779.41125,0.06546173085330674,0.024793324886361916,0.09099021684463768,0.022294439163498096,1052.0,11026,3.4075611155796244,0.00018729914393770947,0.0006292853259118551,0.0
E2 regression contexte tirage,0.1,4,105,0.44523245388776916,-0.06380636115890992,0.040389885735398944,0.02737642585551331,0.005045152091254754,0.10299429657794676,0.00827352661596957,727.0,776.54875,0.06514106752204722,0.02475118178664828,0.09038399468916954,0.022331273764258554,1052.0,11026,2.742857566153439,0.00017355023790235858,0.0005905543611815587,0.0
E2 regression contexte tirage,0.1,5,105,0.4471473395546427,-0.06618001515047167,0.041196788221575076,0.02675855513307985,0.004566302281368825,0.10356463878326996,0.009188450570342219,728.85,780.50375,0.0659398247113301,0.024743036489755024,0.09156591039352943,0.022192252851711024,1052.0,11026,4.037808295763093,0.00020272721500109574,0.0004720308176107322,0.0
E2 regression contexte tirage,0.1,6,105,0.44877746483482023,-0.06610903976712268,0.040613626995524496,0.027519011406844106,0.004985741444866923,0.10456273764258557,0.008740494296577958,725.45,776.80375,0.06533675504430443,0.024723128048779932,0.0912923727459601,0.022533269961977184,1052.0,11026,2.986881305960693,0.00018187416218584247,0.0005114223378693322,0.0
E2 regression contexte tirage,0.1,7,105,0.4502873660225662,-0.06687632372761687,0.04120551641502534,0.027091254752851714,0.004764733840304184,0.10313688212927756,0.007750712927756642,726.95,779.05,0.06601323367317753,0.024807717258152194,0.09139104715326532,0.02232652091254753,1052.0,11026,3.147567233146808,0.00015516486028243452,0.000592532281246223,0.0
E2 regression contexte tirage,0.1,8,105,0.4477513414087603,-0.06418855296895598,0.04142080391977965,0.026853612167300377,0.004474809885931557,0.10285171102661597,0.0073312737642585585,726.75,776.59875,0.06622218748855138,0.024801383568771734,0.09188285986004184,0.02237880228136882,1052.0,11026,3.6095579582334087,0.00019410931697191723,0.0004839262745332468,0.0
E2 regression contexte tirage,0.1,9,105,0.4482260010502878,-0.06784331820861855,0.040935766809956114,0.027138783269961976,0.004939401140684408,0.1043726235741445,0.009064876425855517,727.25,780.1800000000001,0.06570687914500555,0.024771112335049434,0.0911851729791282,0.022199382129277568,1052.0,11026,3.2107950928399576,0.00014055707767095097,0.00047129399336054916,0.0
E2 regression contexte tirage,0.1,10,105,0.4474841045439473,-0.06743152767366223,0.040631860316403624,0.027091254752851714,0.004616207224334604,0.10327946768060836,0.00840185361216729,724.65,777.0475,0.06539592074258739,0.024764060426183766,0.09103716270995588,0.02247504752851711,1052.0,11026,3.0436767155396063,0.00019737788694350062,0.0005108996738726261,0.0
E2 regression contexte tirage,0.1,11,105,0.44679896276971853,-0.06927345170820343,0.04095778301170065,0.026615969581749048,0.004383317490494292,0.10275665399239545,0.008387595057034222,727.35,781.48625,0.06570864608227577,0.024750863070575117,0.09121295727486534,0.022232652091254756,1052.0,11026,3.619356570881004,0.00019483741514753948,0.000534860313977232,0.0
E2 regression contexte tirage,0.1,12,105,0.445360081046424,-0.06728762049403958,0.04106661807334807,0.026948669201520913,0.004787309885931561,0.10175855513307985,0.007080560836501909,727.75,780.25125,0.06589600761319386,0.024829389539845793,0.09113097037274588,0.022161359315589352,1052.0,11026,3.2201586101245048,0.00014517173233705573,0.0004889793177147559,0.0
E2 regression contexte tirage,0.1,13,105,0.4522270711156261,-0.06597195986733906,0.04135923053846752,0.02718631178707225,0.0047504752851711095,0.10403992395437263,0.008772576045627381,726.25,777.54625,0.06611021564567039,0.024750985107202878,0.09215132485680509,0.02243583650190114,1052.0,11026,3.6811611096751293,0.00017252987167111218,0.00039633168761695603,0.0
E2 regression contexte tirage,0.1,14,105,0.4471272497428957,-0.06420517426660466,0.04096536092761985,0.027091254752851707,0.004843155893536118,0.10342205323193916,0.008018060836501903,729.3,779.3375,0.06577132075960367,0.024805959831983814,0.09127689889628061,0.02224809885931559,1052.0,11026,3.1250589738025134,0.0002039120882203134,0.0005878263176752449,0.0
E2 regression contexte tirage,0.1,15,105,0.44628238392183084,-0.06442268252666128,0.04112668070333753,0.027186311787072242,0.004864543726235741,0.10152091254752853,0.007232652091254774,729.9,780.1600000000001,0.06588627051059673,0.024759589807259196,0.09136578123048507,0.0223217680608365,1052.0,11026,3.423358674662153,0.00019421471361034465,0.000592023745302388,0.0
E2 regression contexte tirage,0.1,16,105,0.4479059006979785,-0.06509134386691162,0.04101799055419708,0.026330798479087453,0.0038937737642585554,0.1028041825095057,0.007355038022813676,727.2,777.8299999999999,0.06576510292194182,0.024747112367744736,0.09129934797722888,0.022437024714828897,1052.0,11026,3.984711166059967,0.0001562145907059443,0.0005651787962149692,0.0
E2 regression contexte tirage,0.1,17,105,0.44315163252009565,-0.06543552690155685,0.040818926667804574,0.026711026615969587,0.00448075095057035,0.10361216730038023,0.009240731939163499,729.5,780.5775,0.06553948577714411,0.024720559109339534,0.09119503988339767,0.022230275665399236,1052.0,11026,3.2195307430009485,0.00016448066143789225,0.0006092315212562645,0.0
E2 regression contexte tirage,0.1,18,105,0.4455781626859132,-0.06440590962318937,0.04122530047377951,0.026615969581749048,0.004365494296577944,0.10218631178707224,0.007280180608365008,729.05,779.2375,0.06598062106648321,0.024755320592703706,0.09110913500234281,0.022250475285171104,1052.0,11026,2.7360778122838068,0.00015512834836615066,0.0005434614279575696,0.0
E2 regression contexte tirage,0.1,19,105,0.44759422823325784,-0.06589565787684648,0.040740868397374695,0.026806083650190115,0.004639971482889735,0.1016634980988593,0.007741207224334579,729.95,781.44375,0.0655254710734791,0.024784602676104404,0.0910907872511082,0.02216611216730038,1052.0,11026,3.1214556823576824,0.0001753639957148398,0.0004773145108617238,0.0
E2 regression contexte tirage,0.25,0,263,0.4435541533348499,-0.06137857409289105,0.03905578792953558,0.02561787072243346,0.003340066539923959,0.09914448669201521,0.00517942015209126,729.75,777.47,0.06379511520324493,0.02473932727370935,0.08930921851871756,0.022277804182509502,1052.0,11026,3.304713029164278,0.00019824639388994972,0.0004980168358681959,0.0
E2 regression contexte tirage,0.25,1,263,0.4399970887534061,-0.06088749632632218,0.0384540916605997,0.026568441064638782,0.004095769961977188,0.10213878326996198,0.006591017110266162,730.95,778.3412500000001,0.06320857081288278,0.024754479152283078,0.08834965600347822,0.022472671102661594,1052.0,11026,3.3215089152912154,0.0002136541926979716,0.0005657421800058885,0.0
E2 regression contexte tirage,0.25,2,263,0.44150650818879855,-0.06308282698046908,0.03829991572207696,0.026520912547528513,0.004244296577946765,0.10261406844106465,0.007509505703422056,730.3,779.4712499999999,0.06304758627802738,0.024747670555950427,0.08846760030954894,0.022276615969581748,1052.0,11026,3.1651120509188533,0.00015747481536001147,0.000648577746932414,0.0
E2 regression contexte tirage,0.25,3,263,0.44464898851854473,-0.06137195745633617,0.03896313675542378,0.026853612167300384,0.0045163973384030436,0.10204372623574146,0.007748336501901154,728.4,776.0262500000001,0.06366867308441936,0.024705536328995574,0.08947790724243682,0.02233721482889734,1052.0,11026,3.0294915266850353,0.0002149764294279484,0.0005571380586049931,0.0
E2 regression contexte tirage,0.25,4,263,0.4400803746070679,-0.060363364794046026,0.03915120261700328,0.02566539923954373,0.0032414448669201568,0.10142585551330799,0.006277328897338411,729.75,776.63,0.0639590627843029,0.024807860167299623,0.08877826912052186,0.022423954372623574,1052.0,11026,3.1695425537449347,0.0001772980369635117,0.0006211151422162723,0.0
E2 regression contexte tirage,0.25,5,263,0.44285378475033255,-0.06057051024507831,0.03870651896290886,0.025712927756653993,0.0032711501901140708,0.09990494296577947,0.0055834125475285185,730.7,777.8125,0.06345519824652691,0.024748679283618052,0.08904980940164607,0.022441777566539922,1052.0,11026,3.2973133974533955,0.00022236394511535127,0.0005116587067853676,0.0
E2 regression contexte tirage,0.25,6,263,0.44985104136990234,-0.06308010565362732,0.03845746567852634,0.02666349809885931,0.004243108365019007,0.10218631178707223,0.00788022813688212,728.05,777.0675,0.06321609383074762,0.024758628152221282,0.0893002166317759,0.022420389733840303,1052.0,11026,3.7086273291700094,0.0001791463433909331,0.0005276096311254714,0.0
E2 regression contexte tirage,0.25,7,263,0.4396940185348223,-0.06098227757174035,0.03869471597032579,0.026283269961977183,0.003936549429657793,0.10161596958174905,0.006381891634980999,732.05,779.59125,0.06346807365866909,0.024773357688343302,0.08892551693046148,0.02234672053231939,1052.0,11026,3.0105559478914534,0.0001926602830117101,0.0005141431730719826,0.0
E2 regression contexte tirage,0.25,8,263,0.44635260879612726,-0.06050344900911464,0.03854228336983567,0.02561787072243346,0.00305489543726236,0.1018060836501901,0.005629752851711009,729.0,775.9475,0.06331819118285616,0.024775907813020488,0.0890997672027789,0.0225629752851711,1052.0,11026,3.61226454294327,0.00016890901099730996,0.0005986820488004973,0.0
E2 regression contexte tirage,0.25,9,263,0.44248071523842847,-0.0613576560995327,0.03840252594709008,0.02671102661596958,0.00399833650190114,0.1019486692015209,0.006032557034220523,728.6,776.2275000000001,0.06320289091382528,0.024800364966735194,0.0890785242667556,0.02271269011406844,1052.0,11026,2.9271923626924563,0.00016616274096255924,0.0006351305967681142,0.0
E2 regression contexte tirage,0.25,10,263,0.44355994603214066,-0.05889902222650023,0.03850728977123965,0.02609315589353612,0.0038058460076045644,0.10171102661596958,0.007046102661596956,733.3,779.19375,0.06324979116608287,0.02474250139484322,0.08835970720661675,0.022287309885931555,1052.0,11026,3.116831632134934,0.00019043687751170107,0.0006165463322308983,0.0
E2 regression contexte tirage,0.25,11,263,0.44714615434133925,-0.06212126820930386,0.03881107350924717,0.026901140684410647,0.00440351711026616,0.10251901140684412,0.0062832699619772,728.4,776.64625,0.06357672127656515,0.02476564776731798,0.08894112930523557,0.022497623574144487,1052.0,11026,3.6835982182281204,0.00015180103092417985,0.0005042079614438706,0.0
E2 regression contexte tirage,0.25,12,263,0.4420192528146761,-0.05617386169625549,0.03842771929570672,0.025998098859315588,0.0035836501901140676,0.10104562737642586,0.00583531368821294,735.25,779.01,0.0632027679517514,0.024775048656044685,0.08815604107312282,0.02241444866920152,1052.0,11026,4.193266886269836,0.00017462306432970194,0.0005283569917997292,0.0
E2 regression contexte tirage,0.25,13,263,0.4412701324452652,-0.06202257000166911,0.03892599388497222,0.026283269961977183,0.0039959600760456244,0.10209125475285172,0.006443678707224343,730.6,778.9100000000001,0.0636972668621802,0.024771272977207985,0.08842012907569648,0.02228730988593156,1052.0,11026,3.0241591329720863,0.00017591806368571605,0.000508877639313686,0.0
E2 regression contexte tirage,0.25,14,263,0.44228889572438856,-0.06245679024255357,0.038561832526204654,0.02585551330798479,0.0035266159695817485,0.10109315589353614,0.005740256653992401,728.9,777.4575000000001,0.06330709561218532,0.024745263085980674,0.088974678949753,0.022328897338403042,1052.0,11026,4.1884387581495375,0.00016278423015348093,0.0006334880655645324,0.0
E2 regression contexte tirage,0.25,15,263,0.4421531736198227,-0.06077303675564316,0.03879410003967678,0.02680608365019011,0.004485503802281368,0.1038022813688213,0.009117157794676811,730.6,777.87375,0.06358764397938366,0.024793543939706876,0.0893908630668503,0.022320579847908743,1052.0,11026,3.7560376609209416,0.0001995425674339128,0.0005661310994951717,0.0
E2 regression contexte tirage,0.25,16,263,0.44551633586409545,-0.05942512562814073,0.03857094220202188,0.027091254752851714,0.00479919201520913,0.10118821292775666,0.005944629277566546,731.15,777.34375,0.06330870533920503,0.024737763137183146,0.08918580060486492,0.022292062737642584,1052.0,11026,3.362694804194074,0.00019466712204299947,0.0004879714113631172,0.0
E2 regression contexte tirage,0.25,17,263,0.44200379607826296,-0.05945949416254992,0.038583273326740275,0.02671102661596958,0.004556796577946769,0.10313688212927759,0.00811668250950573,732.5,778.8075000000001,0.06330562094048056,0.024722347613740286,0.08903151722743496,0.02215423003802281,1052.0,11026,3.546116510732865,0.00019192343453518934,0.0006188718069624784,0.0
E2 regression contexte tirage,0.25,18,263,0.440683006052016,-0.06061729389958903,0.03875952702432568,0.026093155893536123,0.003589591254752854,0.10470532319391634,0.009010218631178707,728.55,775.5625,0.06350582010829717,0.02474629308397148,0.0886050086554967,0.02250356463878327,1052.0,11026,3.8834254968704647,0.00021067934811164893,0.0005660594765093312,0.0
E2 regression contexte tirage,0.25,19,263,0.44145893414248,-0.06350389350055252,0.03908850857274013,0.026330798479087453,0.0041516159695817526,0.10190114068441065,0.007269486692015215,728.8,778.2199999999999,0.06384476259221485,0.024756254019474715,0.0889747055810469,0.0221791825095057,1052.0,11026,2.8361629912296205,0.0001689470809294537,0.0004891643686514088,0.0
E2 regression contexte tirage,0.5,0,526,0.4331049204415573,-0.05392012772881405,0.03547244410164807,0.026140684410646386,0.003748811787072242,0.10009505703422054,0.004926330798479109,736.25,778.2112500000001,0.06021666292766083,0.02474421882601276,0.08600078913802593,0.022391872623574144,1052.0,11026,3.0619351912450115,0.00018585111860048575,0.0005169855492485908,0.0
E2 regression contexte tirage,0.5,1,526,0.4392096070431122,-0.05016340633278138,0.03495349835892264,0.025950570342205326,0.003313925855513312,0.10218631178707223,0.0053493346007604525,736.4,775.29125,0.05971906669712621,0.024765568338203574,0.0854457460861391,0.022636644486692014,1052.0,11026,2.9052094566794113,0.00017115812596746362,0.0006441677701291744,0.0
E2 regression contexte tirage,0.5,2,526,0.4451663914976279,-0.05497917989978107,0.034997387846623956,0.025,0.002769724334600765,0.09857414448669202,0.003940114068441081,736.45,779.295,0.05975455689085095,0.02475716904422699,0.08646517015224725,0.022230275665399236,1052.0,11026,3.2302218706047623,0.00016749549644180767,0.0005966468549050847,0.0
E2 regression contexte tirage,0.5,3,526,0.44308692528002963,-0.053307562010227794,0.03533441075867047,0.024334600760456272,0.0019783745247148286,0.09890684410646387,0.0035777091254752813,732.85,774.11625,0.06008234373504614,0.024747932976375665,0.08593434987136543,0.022356226235741444,1052.0,11026,3.2940386617537096,0.00017374229208707808,0.0005831655636418243,0.0
E2 regression contexte tirage,0.5,4,526,0.43990777482042004,-0.05345496053367649,0.0347964936641566,0.025237642585551334,0.0024679182509505723,0.10076045627376426,0.0038830798479087547,731.8,773.1274999999999,0.05955634112145824,0.024759847457301636,0.08566030500785667,0.022769724334600762,1052.0,11026,3.3185173937027534,0.00014084027919242397,0.0004633616361059871,0.0
E2 regression contexte tirage,0.5,5,526,0.43514731781685906,-0.055580006489313494,0.03471672706050222,0.025190114068441065,0.0027685361216730035,0.09938212927756654,0.004293013307984789,734.95,778.2025,0.05948798392939169,0.024771256868889476,0.08503817735694755,0.02242157794676806,1052.0,11026,4.3201072814314365,0.00016826904546414682,0.0005030809042381376,0.0
E2 regression contexte tirage,0.5,6,526,0.43832371939134357,-0.05516101785917493,0.035914928132845615,0.025712927756653993,0.0033626425855513287,0.1016634980988593,0.005282794676806077,736.9,779.92125,0.06069394884344779,0.024779020710602173,0.08633811521156144,0.022350285171102664,1052.0,11026,3.7992051715980653,0.0001748653232239724,0.0006620612593880819,0.0
E2 regression contexte tirage,0.5,7,526,0.4356648746691143,-0.056552115107728174,0.035494155331090724,0.026568441064638786,0.004010218631178709,0.10190114068441065,0.005866207224334605,732.25,776.1424999999999,0.06023520622032839,0.024741050889237663,0.08592668404974857,0.022558222433460076,1052.0,11026,3.1751347639479444,0.00018139982246782397,0.0005385512265959535,0.0
E2 regression contexte tirage,0.5,8,526,0.43199145130136407,-0.05404949516855839,0.035249658459457635,0.025237642585551334,0.0030085551330798557,0.09928707224334601,0.004934648288973387,736.05,778.10625,0.06000295654032255,0.024753298080864912,0.08507931428842455,0.02222908745247148,1052.0,11026,3.2505854995282757,0.00017623004743613319,0.0005539803138965678,0.0
E2 regression contexte tirage,0.5,9,526,0.4354119793165175,-0.05397109070396089,0.03614749138159866,0.02576045627376426,0.0034173003802281388,0.10099809885931559,0.005973146387832709,735.8,777.7774999999999,0.060932074449364396,0.024784583067765736,0.08636564003683168,0.02234315589353612,1052.0,11026,3.7092391575908286,0.00016454816601069815,0.000557690091470444,0.0
E2 regression contexte tirage,0.5,10,526,0.4356326687190103,-0.05393613698638966,0.03509501175192936,0.025,0.0025249524714828914,0.10004752851711027,0.003726235741444872,734.55,776.4275,0.059880813796022676,0.02478580204409332,0.0848053340382625,0.02247504752851711,1052.0,11026,3.237420427692549,0.00019964750495141587,0.0005497808437521952,0.0
E2 regression contexte tirage,0.5,11,526,0.43469751284349994,-0.05358832763221966,0.03496104761161594,0.026045627376425858,0.0037012832699619795,0.10118821292775664,0.006411596958174892,736.3,777.99125,0.05977413881897804,0.024813091207362102,0.08527419499614497,0.022344344106463878,1052.0,11026,3.421123812583477,0.00017102524962216506,0.0006143629193569679,0.0
E2 regression contexte tirage,0.5,12,526,0.4361152915701659,-0.050675077645998656,0.03532939345142189,0.026093155893536123,0.0036371197718631197,0.10133079847908746,0.005224572243346021,737.4,776.7625,0.06010894633832888,0.024779552886906992,0.08524892716496893,0.022456036121673004,1052.0,11026,3.4366380038099407,0.00018015793220336064,0.0005458475754809485,0.0
E2 regression contexte tirage,0.5,13,526,0.44373683559911803,-0.054855251795784654,0.03448788677786631,0.025285171102661597,0.0030418250950570366,0.0990019011406844,0.0034588878326996114,734.7,777.3412500000001,0.05926332764049304,0.02477544086262673,0.08540287354819683,0.02224334600760456,1052.0,11026,3.2559784755635865,0.00021016294632201967,0.0005739866015440297,0.0
E2 regression contexte tirage,0.5,14,526,0.4352391199953223,-0.04946881986296181,0.03502486426387523,0.0251425855513308,0.0025986216730038043,0.10085551330798478,0.0048859315589353525,737.15,775.51375,0.059788727989134594,0.024763863725259367,0.08498346385700446,0.022543963878326995,1052.0,11026,2.5855363848601907,0.00018174240244171578,0.0005975587033946391,0.0
E2 regression contexte tirage,0.5,15,526,0.43140549257584504,-0.05547570679535252,0.03562081500384881,0.025570342205323192,0.0031416349809885898,0.10261406844106462,0.00683103612167299,735.2,778.38125,0.060394583897016525,0.02477376889316772,0.08530855696422623,0.022428707224334602,1052.0,11026,2.5607913315203437,0.00021945753188117191,0.0006777157851065777,0.0
E2 regression contexte tirage,0.5,16,526,0.4391781126912987,-0.05759734581554443,0.03556106526534523,0.0251425855513308,0.0029016159695817514,0.09947718631178708,0.003986454372623585,732.85,777.64,0.06028199854128445,0.024720933275939223,0.08566433233620523,0.022240969581749048,1052.0,11026,4.05138785970235,0.00021418396567517451,0.0005378261094890808,0.0
E2 regression contexte tirage,0.5,17,526,0.4320052738328036,-0.0531624176039559,0.03503081765919039,0.025570342205323192,0.0032319391634980967,0.10104562737642586,0.005394486692015213,736.7,778.06375,0.05976912110061436,0.02473830344142397,0.08539596029903326,0.022338403041825095,1052.0,11026,3.658796696897878,0.00019669448699786225,0.0004739427273167723,0.0
E2 regression contexte tirage,0.5,18,526,0.4377043656765545,-0.0518318202305067,0.03477236454739305,0.025332699619771866,0.002668726235741447,0.10204372623574143,0.006276140684410639,736.3,776.55,0.05956449385202242,0.024792129304629373,0.08543513901093056,0.02266397338403042,1052.0,11026,3.376407588714393,0.00013808449839366937,0.0005617002732568844,0.0
E2 regression contexte tirage,0.5,19,526,0.44266861620484854,-0.04999484323432357,0.03471500082486718,0.026330798479087453,0.0037880228136882126,0.09890684410646386,0.0032521387832699505,736.9,775.6800000000001,0.05949619730903702,0.02478119648416984,0.08563209692850715,0.02254277566539924,1052.0,11026,4.106698717823648,0.00020686503403750446,0.0006155885135579824,0.0
IM m=10 mode des m,0.05,0,53,0.45167757031045763,-0.07105559802536965,0.042769984170967,0.028517110266159697,0.005600047528517112,0.10679657794676804,0.009384505703422044,716.95,771.7900000000001,0.0675526067150409,0.0247826225440739,0.09324301938912676,0.022917062737642584,1052.0,11026,3.1013272592925087,0.0001816246957367092,0.0005366333932009071,0.0
IM m=10 mode des m,0.05,1,53,0.45411344383689684,-0.07407048236001468,0.04297937192981828,0.028231939163498098,0.0055121197718631144,0.1067490494296578,0.01017942015209125,716.1,773.385,0.06776761716588375,0.024788245236065477,0.09393083362295028,0.022719819391634984,1052.0,11026,3.2687369159418576,0.00022422401921241595,0.0006126918933045166,0.0
IM m=10 mode des m,0.05,2,53,0.45380267724362067,-0.07100987348181442,0.04292522316294396,0.028659695817490494,0.005939876425855511,0.10807984790874522,0.011191777566539898,715.55,770.2450000000001,0.0677006860925995,0.024775462929655528,0.09370740826966269,0.022719819391634984,1052.0,11026,2.8716072511971817,0.00016925868982976645,0.0004741244845758847,0.0
IM m=10 mode des m,0.05,3,53,0.4560538901218669,-0.07228056527939841,0.04297518305426579,0.028184410646387832,0.005133079847908745,0.10670152091254752,0.00970532319391633,715.55,771.3,0.06772799868274768,0.024752815628481882,0.09369801684299077,0.023051330798479087,1052.0,11026,3.152674891954286,0.00020388858070178388,0.0005640105468950461,0.0
IM m=10 mode des m,0.05,4,53,0.45196657161452114,-0.07070056756198728,0.042632483871200354,0.02832699619771863,0.005243583650190113,0.10636882129277565,0.009010218631178707,714.5,768.8587500000001,0.0673820386223152,0.02474955475111485,0.09311489368569029,0.023083412547528517,1052.0,11026,3.5158412113002093,0.0001778398522620663,0.0005339824138138971,0.0
IM m=10 mode des m,0.05,5,53,0.4550246045405064,-0.07313291970589852,0.04262632817953964,0.028089353612167307,0.005049904942965783,0.10613117870722433,0.008981701520912558,714.45,770.8225,0.06739229010837139,0.024765961928831754,0.09356787859223574,0.023039448669201525,1052.0,11026,3.4643412442209303,0.00014120094896064288,0.0005631626613942285,0.0
IM m=10 mode des m,0.05,6,53,0.45348933017782445,-0.07246489821579127,0.04296413092149874,0.028231939163498098,0.005198431558935363,0.10698669201520913,0.0099263307984791,713.7,769.45875,0.0678018384343079,0.02483770751280916,0.09370923360213991,0.023033507604562735,1052.0,11026,3.509947174341321,0.00020109659444048937,0.00039069978468796857,0.0
IM m=10 mode des m,0.05,7,53,0.45127197228711813,-0.07235175683574724,0.04298607037941412,0.028517110266159697,0.005797290874524713,0.10584600760456273,0.009525903041825073,714.15,769.85,0.06777856319588996,0.024792492816475838,0.09349546537555925,0.022719819391634984,1052.0,11026,3.6414634984105505,0.00017540913402944145,0.0005166829579765828,0.0
IM m=10 mode des m,0.05,8,53,0.45324847611673824,-0.06911971173744735,0.04274684159264578,0.028612167300380232,0.0055655893536121735,0.10665399239543727,0.009120722433460085,716.9,770.13125,0.06751059684284912,0.024763755250203336,0.09347668588870531,0.02304657794676806,1052.0,11026,3.7342264413643522,0.00012685205456397757,0.0006211710926548267,0.0
IM m=10 mode des m,0.05,9,53,0.45416568724568696,-0.07377822137679169,0.04272314594234842,0.028374524714828896,0.005546577946768064,0.10736692015209126,0.010544201520912552,714.55,771.4675,0.06747490039773171,0.024751754455383294,0.0937531842986513,0.022827946768060832,1052.0,11026,3.0402334171522454,0.00017609472093642494,0.0005926740067381166,0.0
IM m=10 mode des m,0.05,10,53,0.4552751046712001,-0.0726438697563404,0.04295779754246822,0.0280893536121673,0.005236454372623576,0.10708174904942966,0.010054657794676819,714.9,770.90125,0.06777009328777846,0.024812295745310235,0.09397638484341625,0.022852899239543725,1052.0,11026,3.538043923934854,0.00015961308287434163,0.0005113189806089859,0.0
IM m=10 mode des m,0.05,11,53,0.4557134303227641,-0.07214169699546169,0.042991789324167605,0.028469581749049434,0.005529942965779473,0.10622623574144485,0.009230038022813677,714.8,770.37625,0.06777007639138152,0.024778287067213918,0.09402577316079397,0.02293963878326996,1052.0,11026,3.9483684962337633,0.00014242916114721955,0.0006522601071098606,0.0
IM m=10 mode des m,0.05,12,53,0.45270290095384436,-0.07152221932313774,0.042570662846078675,0.028231939163498098,0.0052768536121672975,0.10589353612167299,0.009244296577946759,716.15,771.3162500000001,0.0673749650619745,0.02480430221589583,0.09330643781861671,0.0229550855513308,1052.0,11026,3.2947196974272823,0.00014234932588136085,0.00045657420958268076,0.0
IM m=10 mode des m,0.05,13,53,0.45276394606277687,-0.07295015619869905,0.04297125141794763,0.02856463878326996,0.005635693916349809,0.10736692015209126,0.009789686311787074,712.95,769.0525,0.0677206453530267,0.02474939393507907,0.09370564856857158,0.02292894486692015,1052.0,11026,3.4136781801963556,0.00017778880556955907,0.0006003148847364763,0.0
IM m=10 mode des m,0.05,14,53,0.45030805202363805,-0.073167327476658,0.04296273662919571,0.0280893536121673,0.005171102661596962,0.10641634980988593,0.009123098859315587,713.85,770.20375,0.06773933216991243,0.024776595540716723,0.09353047539130936,0.02291825095057034,1052.0,11026,2.934266769460295,0.00014439968340598024,0.000661225226404034,0.0
IM m=10 mode des m,0.05,15,53,0.4522559323071326,-0.0731629900015871,0.04283601468339084,0.028422053231939165,0.0055251901140684415,0.10774714828897339,0.010888783269961982,715.4,771.8725000000001,0.06758261637437296,0.02474660169098212,0.0933436848213678,0.022896863117870724,1052.0,11026,4.281279313955418,0.00017891083492458876,0.0006031893195797771,0.0
IM m=10 mode des m,0.05,16,53,0.4537114127860907,-0.07205633017470259,0.042769263458037866,0.028612167300380225,0.005658269961977182,0.10646387832699619,0.009108840304182506,715.6,771.1675,0.06758634727359404,0.024817083815556175,0.09363976534395328,0.022953897338403043,1052.0,11026,3.1342514339602805,0.00014842454031003063,0.0006542462496292867,0.0
IM m=10 mode des m,0.05,17,53,0.4536543784218578,-0.07180158349639121,0.04294352395601369,0.027804182509505705,0.00487642585551331,0.10665399239543727,0.009540161596958183,716.3,771.71,0.06776503081176588,0.02482150685575219,0.09381006483951564,0.022927756653992395,1052.0,11026,3.8996087903722754,0.00017583642240929414,0.0005342440380129371,0.0
IM m=10 mode des m,0.05,18,53,0.4558278531534896,-0.07490144546649158,0.04319335960616361,0.028089353612167293,0.005169914448669197,0.10712927756653992,0.009906131178707214,712.8,770.5125,0.06797269312000379,0.024779333513840172,0.0939682784178062,0.022919439163498097,1052.0,11026,3.3039360753113196,0.00018104335854268736,0.0007250111399623705,0.0
IM m=10 mode des m,0.05,19,53,0.45353562916578904,-0.0732024022074339,0.04279423149013095,0.028469581749049434,0.005469344106463884,0.10689163498098857,0.009530655893536091,713.75,770.125,0.06753861241621417,0.024744380926083217,0.09360142187856517,0.02300023764258555,1052.0,11026,2.9327505248530166,0.00022278276696981473,0.0005936687965742012,0.0
IM m=10 mode des m,0.1,0,105,0.45743116835672015,-0.074296029949246,0.043173187981027296,0.029657794676806088,0.005824619771863125,0.11059885931558935,0.010701045627376421,703.8,760.2862499999999,0.06796874986556611,0.024795561884538818,0.09460453531453808,0.023833174904942963,1052.0,11026,3.6539754869148173,0.00016192019873689008,0.0006568086738443573,0.0
IM m=10 mode des m,0.1,1,105,0.45461220558881793,-0.07607240422571537,0.04365424061608384,0.028802281368821292,0.0053921102661596935,0.10988593155893536,0.010449144486692014,703.05,760.93625,0.06841368311301838,0.024759442496934535,0.09488276140785844,0.0234101711026616,1052.0,11026,3.1589512114640645,0.00019151785636652908,0.0005419031277139312,0.0
IM m=10 mode des m,0.1,2,105,0.4553297418978954,-0.07611238334441406,0.0436302229784639,0.029705323193916344,0.006077709125475277,0.11145437262357413,0.011453184410646397,703.5,761.45625,0.06842118085448641,0.024790957876022503,0.09474529623229172,0.023627614068441067,1052.0,11026,3.498849398785919,0.00020076366419085074,0.0006985392383596137,0.0
IM m=10 mode des m,0.1,3,105,0.4580017791914399,-0.07730251544753086,0.04376766618778311,0.029657794676806088,0.005969581749049435,0.11245247148288973,0.012614068441064635,702.4,761.2462499999999,0.06854258718981986,0.024774921002036744,0.09496999426067149,0.023688212927756653,1052.0,11026,2.706482898428725,0.00020041762012952853,0.0004893123590125299,0.0
IM m=10 mode des m,0.1,4,105,0.45414826563924854,-0.07624957985260006,0.043725482582918175,0.028659695817490494,0.005109315589353614,0.11002851711026618,0.010392110266159715,704.25,762.38125,0.06849595076383513,0.02477046818091696,0.09442799737940144,0.02355038022813688,1052.0,11026,3.1473368371794397,0.0001631370335822667,0.0005463792128245512,0.0
IM m=10 mode des m,0.1,5,105,0.45351075809441105,-0.07629468880919432,0.04400657460449453,0.029562737642585553,0.006159695817490499,0.1082699619771863,0.009959600760456266,704.45,762.635,0.06878770156642634,0.02478112696193181,0.09463913324829873,0.023403041825095054,1052.0,11026,3.871728561157415,0.00018917858082338678,0.0005713365937407175,0.0
IM m=10 mode des m,0.1,6,105,0.45507263416803273,-0.07887846048525193,0.044119374502122416,0.029087452471482884,0.005444391634980984,0.10969581749049429,0.009826520912547515,701.35,761.40875,0.06887777842435867,0.02475840392223626,0.09495893101250384,0.0236430608365019,1052.0,11026,3.254915168850067,0.00017248358172761903,0.0004773463641374735,0.0
IM m=10 mode des m,0.1,7,105,0.45951580864229336,-0.07599012222187496,0.04351375603414439,0.02923003802281369,0.00572005703422053,0.11059885931558937,0.011046815589353623,702.05,759.78625,0.0682892409113618,0.024775484877217417,0.0950268695962069,0.02350998098859316,1052.0,11026,2.6670589655350763,0.0001840150697571572,0.0004647548983868812,0.0
IM m=10 mode des m,0.1,8,105,0.4560212841902152,-0.07520962515534613,0.04367474509448565,0.029895437262357417,0.006476948669201527,0.11188212927756655,0.012837452471482907,706.0,763.41625,0.06840596215648531,0.024731217061999662,0.0948695762753252,0.02341848859315589,1052.0,11026,3.20493184654927,0.00017701385049533153,0.0005841877000089254,0.0
IM m=10 mode des m,0.1,9,105,0.4555116397276913,-0.07763430523178072,0.04324700893766312,0.02965779467680608,0.006265446768060835,0.11017110266159695,0.011032557034220528,702.8,761.9537499999999,0.06806520805661256,0.024818199118949447,0.09456214300743168,0.023392347908745247,1052.0,11026,2.721127865237927,0.00017660780148959768,0.0006950229220123161,0.0
IM m=10 mode des m,0.1,10,105,0.4558179495107343,-0.07873667665405959,0.04375855759580322,0.02994296577946768,0.006385456273764259,0.1092680608365019,0.010558460076045634,703.35,763.4625,0.0685127071014954,0.02475414950569218,0.09483830072842281,0.02355750950570342,1052.0,11026,4.146727934661561,0.00017759639532308712,0.0005103736373992035,0.0
IM m=10 mode des m,0.1,11,105,0.45341103336598426,-0.07547203879064834,0.0435913292792351,0.029420152091254752,0.006094344106463881,0.11012357414448667,0.010869771863117841,704.05,761.52375,0.06836101394321865,0.024769684663983556,0.09460400380137306,0.02332580798479087,1052.0,11026,3.333935602642028,0.00017360073951093281,0.000664047525703626,0.0
IM m=10 mode des m,0.1,12,105,0.45756838177576425,-0.07621928240687648,0.04388324370130735,0.028184410646387836,0.004719581749049434,0.10945817490494296,0.010508555133079842,704.75,762.8975,0.06865293368238701,0.024769689981079663,0.09518090386921839,0.0234648288973384,1052.0,11026,3.060541891016472,0.0001843951960378113,0.0005389288692093056,0.0
IM m=10 mode des m,0.1,13,105,0.45522191873260814,-0.07690337368665612,0.04376549629375601,0.029800380228136886,0.00644724334600761,0.11002851711026615,0.010419439163498079,702.75,761.29625,0.06853187613847174,0.02476637984471573,0.09491440893601502,0.023353136882129276,1052.0,11026,3.069690277118504,0.00019899823043156143,0.0006020166586085342,0.0
IM m=10 mode des m,0.1,14,105,0.45461103591670493,-0.07835431660576164,0.04381207680645142,0.030465779467680615,0.007059173003802287,0.11097908745247147,0.011854800380228125,702.4,762.115,0.06862299583125206,0.02481091902480064,0.09490924230792641,0.023406606463878328,1052.0,11026,3.810986143325039,0.0001802290860019038,0.0005660594765093317,0.0
IM m=10 mode des m,0.1,15,105,0.45671532350696886,-0.07454558545349821,0.043406827322881474,0.02994296577946768,0.006400903041825098,0.10945817490494299,0.009556796577946794,706.95,763.8950000000001,0.06824547651207365,0.024838649189192173,0.09484894598122859,0.02354206273764258,1052.0,11026,2.5535997718655508,0.00016931027746319355,0.0007125122688413208,0.0
IM m=10 mode des m,0.1,16,105,0.4542410562460415,-0.07619700883172464,0.043447226663744586,0.029610266159695815,0.00613236692015209,0.11107414448669199,0.011264258555133064,703.7,761.7425000000001,0.06826132281554739,0.024814096151802807,0.0943877754937447,0.023477899239543725,1052.0,11026,4.0424438850901305,0.0001519126228475441,0.0006727135544458455,0.0
IM m=10 mode des m,0.1,17,105,0.4577529458353503,-0.07673108815947194,0.043375382303275214,0.02989543726235741,0.00634505703422053,0.11017110266159695,0.010986216730038023,702.85,761.2625,0.06813705537520044,0.024761673071925228,0.09462260272778666,0.02355038022813688,1052.0,11026,3.6665107775719554,0.00019149208279821173,0.0006289734489795278,0.0
IM m=10 mode des m,0.1,18,105,0.4551793477439296,-0.08017924039338409,0.044052507592857275,0.029895437262357417,0.006517347908745252,0.1099809885931559,0.010862642585551335,701.0,762.105,0.06882090976955839,0.024768402176701114,0.09499224997981337,0.023378089353612165,1052.0,11026,3.5151831844888077,0.00016515648648542087,0.0005576264731999521,0.0
IM m=10 mode des m,0.1,19,105,0.45553958440726405,-0.07413502554110285,0.043599363306157844,0.030085551330798477,0.006438925855513308,0.10941064638783268,0.010289923954372615,703.25,759.5600000000001,0.06834784221156609,0.024748478905408246,0.09473486667382236,0.02364662547528517,1052.0,11026,3.543632787597106,0.00019426962221213745,0.0005837909663946819,0.0
IM m=10 mode des m,0.25,0,263,0.4627405090290493,-0.08676701619746374,0.04536013719399244,0.03227186311787072,0.006701520912547526,0.12029467680608366,0.013115494296577948,669.95,733.6025,0.07018359770428621,0.02482346051029377,0.09830194452252244,0.025570342205323192,1052.0,11026,3.3415594010535257,0.00019413156176091844,0.0006015787285051058,0.0
IM m=10 mode des m,0.25,1,263,0.46687669732755516,-0.0821975388898627,0.046271311678044644,0.033127376425855504,0.0076532794676806015,0.11920152091254754,0.013199857414448665,674.15,734.52625,0.07103366792760088,0.024762356249556233,0.09885871244323922,0.025474096958174902,1052.0,11026,3.2975318567307013,0.0002071299139315596,0.0007035214756658729,0.0
IM m=10 mode des m,0.25,2,263,0.4673613345896629,-0.08729909032623429,0.04570661489424413,0.032224334600760456,0.006812024714828894,0.11839353612167298,0.01208174904942963,670.85,735.01625,0.0704931807257581,0.024786565831513962,0.09804674012075654,0.02541230988593156,1052.0,11026,3.6186728602114346,0.00020101762590063915,0.000507281612520681,0.0
IM m=10 mode des m,0.25,3,263,0.46495435353512615,-0.0873423234919849,0.046396554620788566,0.03222433460076045,0.00667300380228136,0.12000950570342203,0.013044201520912513,667.9,731.81875,0.07115675710920254,0.024760202488413974,0.09855400539660454,0.02555133079847909,1052.0,11026,3.998039383279812,0.00022210549095254465,0.0006372803494134974,0.0
IM m=10 mode des m,0.25,4,263,0.46537966419156107,-0.08362283557184669,0.0459729104795126,0.03374524714828898,0.00818322243346008,0.12162547528517109,0.01323075095057033,670.0,731.14,0.07076664802828238,0.024793737548769772,0.09865347633241112,0.025562024714828897,1052.0,11026,2.8260736557443615,0.0001686122623332718,0.0006592677973060304,0.0
IM m=10 mode des m,0.25,5,263,0.46925381049694326,-0.0896700889894908,0.045592310129388317,0.032842205323193915,0.0072136406844106465,0.11972433460076048,0.012971720532319403,667.1,732.81125,0.07037536908789667,0.024783058958508356,0.09844718790977942,0.02562856463878327,1052.0,11026,4.156497655046877,0.00016912082472733702,0.0006202087423398,0.0
IM m=10 mode des m,0.25,6,263,0.4725300115954522,-0.09256684720030695,0.046209985316286256,0.033602661596958176,0.007729325095057041,0.12295627376425855,0.014203897338403035,664.95,732.78125,0.07090461797654336,0.024694632660257107,0.09907630922688009,0.025873336501901135,1052.0,11026,3.2512066300501496,0.00020168681122915562,0.0006225577526463832,0.0
IM m=10 mode des m,0.25,7,263,0.46719934544400066,-0.08973887146750603,0.046372839065939024,0.03198669201520912,0.006722908745247148,0.11820342205323194,0.011756178707224327,670.9,737.04125,0.07113391725163817,0.02476107818569915,0.09880015710959918,0.025263783269961974,1052.0,11026,3.5869043774291627,0.00019697723767712284,0.0005373951503786368,0.0
IM m=10 mode des m,0.25,8,263,0.46440325853889297,-0.08820445497711138,0.046326379231928845,0.033317490494296574,0.007528517110266156,0.11991444866920153,0.013154705323193933,668.5,733.16875,0.07115445935645975,0.02482808012453091,0.09876865151366059,0.02578897338403042,1052.0,11026,3.4709543411663573,0.00018870367453053727,0.0006937644155421424,0.0
IM m=10 mode des m,0.25,9,263,0.4676903096440006,-0.08650589871106984,0.04616835413116541,0.033269961977186305,0.007515446768060832,0.12005703422053234,0.011848859315589363,669.3,732.68125,0.07093956598162784,0.024771211850462438,0.09864829124860494,0.025754515209125473,1052.0,11026,3.101047951489299,0.00020949753235388908,0.0005322222692183249,0.0
IM m=10 mode des m,0.25,10,263,0.4715580006522186,-0.08581024120958314,0.04589374864476015,0.032794676806083646,0.0073621673003802235,0.11891634980988594,0.013302043726235752,672.35,735.46,0.07070296834087651,0.02480921969611636,0.09868226526222527,0.025432509505703423,1052.0,11026,3.5261877431583266,0.00016024034122938397,0.0006178988451763541,0.0
IM m=10 mode des m,0.25,11,263,0.4672426601614902,-0.08941001852767005,0.04605411273806606,0.03365019011406844,0.008163022813688206,0.12000950570342206,0.013524239543726238,670.25,736.06125,0.0708103477736799,0.024756235035613836,0.09874520203546586,0.025487167300380233,1052.0,11026,3.4454631540844893,0.00020483660675923654,0.0005976907574893087,0.0
IM m=10 mode des m,0.25,12,263,0.47443948935329916,-0.08763538261251869,0.046327192310978475,0.032604562737642596,0.006738355513307995,0.12067490494296577,0.012776853612167294,666.65,730.6837499999999,0.07111421296225275,0.02478702065127427,0.09969036344223783,0.0258662072243346,1052.0,11026,2.8670181843216063,0.00019978917698562502,0.0006670934416352984,0.0
IM m=10 mode des m,0.25,13,263,0.4656824393448314,-0.08337086933377014,0.04550296247448167,0.0317490494296578,0.006114543726235745,0.11896387832699622,0.011009980988593154,671.55,732.63,0.0703428601626464,0.02483989768816473,0.09811223392862285,0.02563450570342205,1052.0,11026,3.541798036779246,0.0001894564435751876,0.0006295763483267202,0.0
IM m=10 mode des m,0.25,14,263,0.46794947122679553,-0.0877081377432799,0.045209850507283954,0.032224334600760456,0.006455560836501898,0.11829847908745246,0.011334363117870727,666.85,730.9612500000001,0.07001158136581509,0.024801730858531136,0.09775841752367591,0.025768773764258558,1052.0,11026,3.2120064721172477,0.00022139712362824829,0.0005666628725552787,0.0
IM m=10 mode des m,0.25,15,263,0.47219731156015676,-0.08808819026232528,0.0463528001507315,0.03307984790874524,0.007456036121672997,0.12300380228136883,0.015337452471482882,670.05,734.775,0.07114195108562395,0.024789150934892444,0.09900439272342555,0.025623811787072244,1052.0,11026,3.4736554307072653,0.00021012902951056888,0.0006894418472149679,0.0
IM m=10 mode des m,0.25,16,263,0.47226094701873544,-0.08334941582141109,0.04580194418360279,0.03293726235741444,0.0071886882129277505,0.11763307984790874,0.010375475285171118,670.9,731.9037500000001,0.0705981665236395,0.024796222340036707,0.09877193367316975,0.02574857414448669,1052.0,11026,3.853925529532131,0.00017072169502315657,0.0007275840661580557,0.0
IM m=10 mode des m,0.25,17,263,0.4692104227255718,-0.08520830952839797,0.04625094370101489,0.03298479087452471,0.007365731939163494,0.12062737642585553,0.013848621673003797,670.5,732.95375,0.07103423833465475,0.024783294633639857,0.09911392281297554,0.025619058935361216,1052.0,11026,3.162427408713853,0.0002090848858529759,0.0006915641086743345,0.0
IM m=10 mode des m,0.25,18,263,0.4672384551802422,-0.08640588208174615,0.04597000811296062,0.03279467680608365,0.006997385931558939,0.12110266159695818,0.012860028517110267,668.8,732.05375,0.07076224973987348,0.024792241626912865,0.09839620265245179,0.025797290874524714,1052.0,11026,3.651929372403805,0.00020720303641257517,0.0005673370974903513,0.0
IM m=10 mode des m,0.25,19,263,0.4664003746055497,-0.08607228685182755,0.04601400520794627,0.03312737642585552,0.007376425855513315,0.11986692015209126,0.012321768060836513,668.85,731.8412500000001,0.07080766253348549,0.024793657325539214,0.09820596781856339,0.025750950570342202,1052.0,11026,3.7743379025418644,0.00016768797114394575,0.0007572657795989742,0.0
IM m=10 mode des m,0.5,0,526,0.4883645582541339,-0.1018177758826726,0.050319165466629685,0.03906844106463879,0.00934529467680609,0.13730988593155896,0.014544914448669219,613.5,683.04625,0.07508399511908363,0.024764829652453947,0.10563255297350878,0.0297231463878327,1052.0,11026,3.67767672447478,0.0001854622667176483,0.0007852400524263631,0.0
IM m=10 mode des m,0.5,1,526,0.48564727733078455,-0.10015347075774805,0.05017093380268928,0.037927756653992395,0.008147576045627374,0.13631178707224334,0.015264971482889703,611.25,679.2825,0.07491526874850452,0.024744334945815242,0.1048982559179606,0.02978018060836502,1052.0,11026,3.7436707270833183,0.00021406444762987645,0.0007041304659356807,0.0
IM m=10 mode des m,0.5,2,526,0.48672982756539374,-0.10581440518334473,0.04976769945314747,0.03864068441064639,0.008999524714828906,0.13702471482889736,0.01517704372623574,610.0,682.1850000000001,0.07450284936614333,0.024735149912995864,0.10487658771398348,0.029641159695817487,1052.0,11026,3.74361336487104,0.0002027460034500322,0.0006703901669229802,0.0
IM m=10 mode des m,0.5,3,526,0.4879194256992256,-0.10327754931254585,0.04999109711098352,0.03897338403041825,0.009111216730038025,0.13621673003802282,0.013760693916349792,608.1,678.1362499999999,0.07471253733011747,0.02472144021913395,0.10551788006986224,0.029862167300380226,1052.0,11026,2.560473401240779,0.00021201940471034478,0.0006169043973067576,0.0
IM m=10 mode des m,0.5,4,526,0.4836619912055346,-0.10237355975101914,0.05014797401045233,0.03816539923954372,0.008432747148288969,0.13654942965779468,0.013976948669201517,610.0,679.57,0.0749400289752948,0.024792054964842464,0.10497686588480018,0.029732652091254752,1052.0,11026,3.571715812624776,0.00022411811273090294,0.0007260011156343694,0.0
IM m=10 mode des m,0.5,5,526,0.48684329995527953,-0.09919237937461178,0.04961244648300139,0.03978136882129277,0.009600760456273755,0.13940114068441067,0.015723621673003826,609.0,676.0600000000001,0.07441567806334115,0.02480323158033976,0.10479615655237716,0.030180608365019013,1052.0,11026,3.725022801513423,0.00014928776986414776,0.0007908490960806542,0.0
IM m=10 mode des m,0.5,6,526,0.4897537659325234,-0.10541863962089904,0.05031638997376929,0.039258555133079846,0.009660171102661597,0.13692965779467683,0.01583174904942969,609.05,680.82125,0.07505171070809512,0.024735320734325827,0.10575973357317557,0.02959838403041825,1052.0,11026,3.7344701937765046,0.000255942735570647,0.0007194986582931299,0.0
IM m=10 mode des m,0.5,7,526,0.4841472035992403,-0.10350263018017192,0.049385063782286714,0.03906844106463879,0.009111216730038028,0.13826045627376427,0.016638545627376433,611.4,681.9875,0.07409214686275396,0.02470708308046725,0.10405485202636743,0.02995722433460076,1052.0,11026,3.68062755936663,0.0002065118588736096,0.0007119277377549088,0.0
IM m=10 mode des m,0.5,8,526,0.4816615832073868,-0.10394317617140691,0.05058812020637067,0.03816539923954373,0.008557509505703425,0.13417300380228137,0.01301449619771862,613.1,684.22,0.0753128084473601,0.02472468824098943,0.10552877331938901,0.029607889733840303,1052.0,11026,3.2309957185569433,0.0001827334652201228,0.0009800294057276387,0.0
IM m=10 mode des m,0.5,9,526,0.4905814986372727,-0.10192518379437165,0.04924790110994825,0.03821292775665399,0.007913498098859315,0.1365019011406844,0.013411359315589316,608.65,677.7275,0.0739074459986394,0.024659544888691147,0.10440065586793129,0.030299429657794676,1052.0,11026,3.315541298576166,0.0002583398126989957,0.0005386923695844369,0.0
IM m=10 mode des m,0.5,10,526,0.4849642509513846,-0.0961946002328562,0.049893565350923645,0.03849809885931559,0.008856939163498105,0.13569391634980987,0.013998336501901118,615.2,680.6775,0.0744744759585414,0.024580910607617752,0.10450131686470449,0.029641159695817487,1052.0,11026,3.6561846093210133,0.00022650249489939735,0.0006734934027042597,0.0
IM m=10 mode des m,0.5,11,526,0.48524541766494594,-0.09576496107732346,0.04929908662360197,0.038878326996197726,0.009176568441064646,0.13417300380228137,0.011956986692015198,610.7,675.3775,0.07404943874645849,0.024750352122856516,0.10405260072034973,0.02970175855513308,1052.0,11026,3.5360225010886355,0.00015470574170592676,0.0005840290389035845,0.0
IM m=10 mode des m,0.5,12,526,0.4850152720072258,-0.10484175362908155,0.0499724663183363,0.03921102661596959,0.009536596958174916,0.1352661596958175,0.015235266159695823,613.65,685.52125,0.07473137983634402,0.02475891351800772,0.10478100825024422,0.029674429657794675,1052.0,11026,3.925294166667226,0.0002011693656283603,0.0007322500982403621,0.0
IM m=10 mode des m,0.5,13,526,0.4877232781838895,-0.1044754261613261,0.05034411786529741,0.03868821292775665,0.009025665399239536,0.13555133079847909,0.014033982889733843,611.5,682.8399999999999,0.0751526010227811,0.02480848315748369,0.10540513852819551,0.029662547528517113,1052.0,11026,3.8140126255286946,0.00021603769058866856,0.0007563933092103913,0.0
IM m=10 mode des m,0.5,14,526,0.4887048356775219,-0.10257728929117205,0.04957795423773617,0.03854562737642585,0.008563450570342197,0.13840304182509505,0.014712452471482881,610.75,680.5600000000001,0.07434775111027432,0.024769796872538146,0.10533317548414103,0.02998217680608365,1052.0,11026,3.8694430792543946,0.00022832451812612,0.0005699244005252432,0.0
IM m=10 mode des m,0.5,15,526,0.48630447999742515,-0.10043206842672803,0.05029745966960518,0.0383555133079848,0.008860503802281379,0.134458174904943,0.014334600760456284,613.15,681.6049999999999,0.07504938550490522,0.02475192583530005,0.10461525797288186,0.02949500950570342,1052.0,11026,3.8164925500537072,0.00017181088676880826,0.0006879026920079545,0.0
IM m=10 mode des m,0.5,16,526,0.486888343370348,-0.1039377464855562,0.049912491535670865,0.03954372623574144,0.010263783269961975,0.1378802281368821,0.016371197718631172,613.75,684.94125,0.07455845094595309,0.024645959410282227,0.10449482284802124,0.029279942965779467,1052.0,11026,2.806217627304563,0.00021437303579459398,0.0006798618716202959,0.0
IM m=10 mode des m,0.5,17,526,0.48632682952590955,-0.10020044857934607,0.04912649031022316,0.038973384030418244,0.009205085551330792,0.1351235741444867,0.013268773764258557,613.3,681.59625,0.07392974011449448,0.02480324980427132,0.10443895791303984,0.029768298479087452,1052.0,11026,3.1481860365157686,0.00019306406493038193,0.0007509048684543047,0.0
IM m=10 mode des m,0.5,18,526,0.48832886949120624,-0.10458034795699966,0.05000499318380453,0.03678707224334601,0.0069403517110266134,0.1385931558935361,0.016188212927756643,608.15,679.17875,0.07473595325213703,0.024730960068332496,0.10525019486998595,0.029846720532319394,1052.0,11026,3.2388247215499493,0.00028981603985847403,0.0007665622911802627,0.0
IM m=10 mode des m,0.5,19,526,0.48411195316988537,-0.10729853192453886,0.05008072121736213,0.0373574144486692,0.00812737642585551,0.13208174904942965,0.011890446768060822,608.0,681.07875,0.07469949127351394,0.02461877005615181,0.10418011523485392,0.02923003802281369,1052.0,11026,3.961091009706744,0.0002240385545773092,0.0007583205849267472,0.0
B0 segment,0.05,0,53,0.4506366030278381,-0.06532027206338287,0.039564929260748616,0.02732889733840304,0.004872861216730039,0.1036596958174905,0.008229562737642596,727.3,778.1274999999999,0.06434770050442837,0.024782771243679756,0.09038900329479264,0.022456036121673,1052.0,11026,3.589495893469,0.00017075048308427362,0.0006788419399563743,0.0
B0 segment,0.05,1,53,0.446117974470273,-0.06132495249701353,0.0392936358166712,0.02652091254752852,0.004283507604562739,0.10232889733840304,0.00680846007604563,731.75,779.55625,0.06410538648602108,0.02481175066934988,0.08965201608137666,0.02223740494296578,1052.0,11026,3.211142210315787,0.00016395002872368248,0.0005848021052100666,0.0
B0 segment,0.05,2,53,0.4433199770812932,-0.06377235262698344,0.03969817618582586,0.026901140684410647,0.005027328897338406,0.10356463878326996,0.00911240494296578,731.8,781.6475,0.06449739188622391,0.02479921570039805,0.08895650042339782,0.02187381178707224,1052.0,11026,2.9656138293134875,0.00020175090834882235,0.0004421373878343099,0.0
B0 segment,0.05,3,53,0.454438764468585,-0.06387046893095805,0.039452964572407864,0.02652091254752852,0.0038605038022813745,0.10380228136882128,0.008855750950570312,729.5,779.2725,0.06421600910575066,0.0247630445333428,0.09091880148190401,0.022660408745247145,1052.0,11026,3.352151050693671,0.0001739702080610078,0.0005402478694440649,0.0
B0 segment,0.05,4,53,0.4446020874015747,-0.062461872379227734,0.039877904679720126,0.026996197718631182,0.004638783269961984,0.10332699619771864,0.0075914923954372715,730.0,778.635,0.06467881559457889,0.02480091091485876,0.08966970070148376,0.022357414448669198,1052.0,11026,3.9280418557486003,0.00019412065780168304,0.0004971801880038917,0.0
B0 segment,0.05,5,53,0.4475262293033111,-0.06437843854858205,0.03952716588740221,0.027186311787072242,0.004947718631178707,0.1038022813688213,0.008944866920152103,730.2,780.44375,0.06426083425725634,0.024733668369854134,0.08966177487558435,0.022238593155893535,1052.0,11026,3.503042404788101,0.00019088829486572616,0.0007515534977330304,0.0
B0 segment,0.05,6,53,0.44443544550332126,-0.06281635634378557,0.03906912050995301,0.026853612167300384,0.004716017110266167,0.10285171102661597,0.008267585551330808,731.35,780.37,0.06382174799973651,0.0247526274897835,0.08918592518281572,0.022137595057034217,1052.0,11026,3.1780456823296896,0.00017888758645882727,0.000602491524822609,0.0
B0 segment,0.05,7,53,0.4471926757074364,-0.06528502705568939,0.039521706221856,0.02675855513307985,0.00464828897338403,0.10175855513307985,0.007776853612167317,731.55,782.645,0.06434360523281739,0.024821899010961386,0.08996343774423649,0.02211026615969582,1052.0,11026,3.4625061325503306,0.00014723899537790705,0.00047628344028040126,0.0
B0 segment,0.05,8,53,0.45017103650964513,-0.06464306511148143,0.039618014661842456,0.026901140684410647,0.004390446768060836,0.10356463878326996,0.007823193916349808,728.85,779.2212499999999,0.06436371139211937,0.024745696730276913,0.09030340719456849,0.02251069391634981,1052.0,11026,3.79750065410774,0.00019653232665899046,0.0005621267667868264,0.0
B0 segment,0.05,9,53,0.45249258091921807,-0.06308064065824404,0.03944797676534578,0.02704372623574145,0.00472552281368822,0.10228136882129277,0.007507129277566527,729.9,779.0425,0.06422040858012128,0.024772431814775495,0.09021152777488423,0.02231820342205323,1052.0,11026,2.780899826702475,0.00018841068932661344,0.0004975397551960503,0.0
B0 segment,0.05,10,53,0.4484595309206057,-0.06300888586851994,0.03941890185313023,0.026901140684410647,0.004496197718631179,0.10270912547528517,0.007685361216730038,730.75,779.89,0.06421665583938557,0.02479775398625534,0.09005607374215915,0.022404942965779467,1052.0,11026,3.5273510072298158,0.00020504141692624363,0.0005667561370407212,0.0
B0 segment,0.05,11,53,0.452853501849911,-0.0630628316794174,0.03926484359334739,0.02732889733840304,0.004792062737642586,0.10327946768060839,0.007995484790874557,729.6,778.7075,0.06403601412870613,0.02477117053535874,0.0907597626710007,0.022536834600760454,1052.0,11026,3.287711190447676,0.00018627606777322852,0.0006053113694670182,0.0
B0 segment,0.05,12,53,0.455161431291649,-0.06364952302350557,0.03894860284084677,0.026901140684410647,0.004253802281368825,0.10356463878326996,0.007928944866920154,726.1,775.4575000000001,0.0636839105065473,0.024735307665700527,0.09050133876065236,0.02264733840304182,1052.0,11026,3.530263845736294,0.00019154980276492797,0.0005988767250495253,0.0
B0 segment,0.05,13,53,0.4455881859875384,-0.06556882189352542,0.039691978869161246,0.026568441064638782,0.004222908745247146,0.10266159695817492,0.007327709125475312,727.45,778.4950000000001,0.06449833854303666,0.024806359673875414,0.08990415663056026,0.022345532319391636,1052.0,11026,3.565069136597209,0.00015952474391202622,0.0006557142420325863,0.0
B0 segment,0.05,14,53,0.44791731358172177,-0.06476511193940349,0.039498552325162396,0.026901140684410647,0.004792062737642586,0.10247148288973384,0.007939638783269976,731.1,781.72875,0.06424192718103743,0.02474337485587503,0.09008848007110173,0.02210907794676806,1052.0,11026,3.284791830815893,0.00017861002743236795,0.0004454524776519152,0.0
B0 segment,0.05,15,53,0.450515755922772,-0.0634581852941225,0.03991674324777772,0.027091254752851714,0.004916825095057038,0.10266159695817492,0.00813094106463881,731.15,780.6912500000001,0.06473583070338322,0.0248190874556055,0.09030923288348516,0.022174429657794675,1052.0,11026,3.7592771996891265,0.00015924164881329052,0.0005838864550490343,0.0
B0 segment,0.05,16,53,0.4422944947586992,-0.06280413576459909,0.039446419130465545,0.027043726235741444,0.004687500000000001,0.10237642585551332,0.00800142585551332,729.45,778.3324999999999,0.06420570653789333,0.024759287407427784,0.08928705863175128,0.022356226235741444,1052.0,11026,3.474717291580752,0.0001985906408205042,0.00042574618531714787,0.0
B0 segment,0.05,17,53,0.45271459002008013,-0.06135101087001826,0.03944450081456616,0.026948669201520913,0.0047362167300380245,0.10337452471482889,0.008369771863117867,732.05,779.8975,0.06420939841828012,0.024764897603713965,0.0904585028738835,0.022212452471482888,1052.0,11026,3.7051237911427877,0.00017989724331748705,0.00040193331393023146,0.0
B0 segment,0.05,18,53,0.45466422405214824,-0.0648439991218892,0.039383898929042226,0.026948669201520913,0.004613830798479088,0.10299429657794676,0.007914686311787059,729.5,780.08375,0.06419022837497249,0.02480632944593026,0.09046145167436993,0.022334838403041825,1052.0,11026,2.9537544014529358,0.00014730856357395638,0.0005943513680658975,0.0
B0 segment,0.05,19,53,0.4487134118034958,-0.06578135887804049,0.03973670855439222,0.02675855513307985,0.00466730038022814,0.10128326996197719,0.006555370722433465,729.0,780.33125,0.06451840404632006,0.024781695491927835,0.09026303833872576,0.02209125475285171,1052.0,11026,3.6992668625706,0.00017540606977458926,0.0005683278261746444,0.0
B0 segment,0.1,0,105,0.45286623199542236,-0.05900112413682346,0.03718439441436895,0.027471482889733844,0.004933460076045632,0.10380228136882128,0.007463165399239538,732.45,778.375,0.06196815051795857,0.02478375610358962,0.08806632130007985,0.022538022813688212,1052.0,11026,3.311615145483369,0.0001712089113714993,0.0005660812201593914,0.0
B0 segment,0.1,1,105,0.4507562837808495,-0.0561739389732252,0.036268834087914543,0.026093155893536123,0.0037226711026615983,0.10185361216730038,0.006466254752851702,735.9,779.6987499999999,0.06107602153690535,0.024807187448990804,0.08678028668519798,0.022370484790874525,1052.0,11026,2.7338450310590368,0.00015869946085724738,0.0004550365867192018,0.0
B0 segment,0.1,2,105,0.44211829224073884,-0.05739566605459978,0.037248748746387894,0.026425855513307984,0.004056558935361217,0.10185361216730038,0.007149477186311787,736.65,781.505,0.06197165059252894,0.024722901846141045,0.087211324335488,0.022369296577946767,1052.0,11026,3.7092365653104236,0.0001892496159541714,0.00045480262941233765,0.0
B0 segment,0.1,3,105,0.44695049063762426,-0.06097588384689723,0.03716332087061911,0.02652091254752852,0.004173003802281371,0.10180608365019013,0.007507129277566554,731.15,778.6274999999999,0.06191133390476273,0.024748013034143618,0.08755718341526128,0.02234790874524715,1052.0,11026,2.9752817147374926,0.0001643754613815697,0.000591206238779417,0.0
B0 segment,0.1,4,105,0.4503547828936329,-0.057107875780862516,0.03638541253598421,0.026663498098859317,0.004252614068441067,0.10289923954372623,0.008016872623574145,734.5,778.9862499999999,0.06118345618298897,0.024798043647004758,0.08741766517682793,0.02241088403041825,1052.0,11026,3.8598523204777395,0.0001752809172768572,0.0005539580952687782,0.0
B0 segment,0.1,5,105,0.4543109901794174,-0.05813149674842555,0.0365793842721631,0.026425855513307984,0.004001901140684411,0.1016634980988593,0.007441777566539909,735.75,781.1600000000001,0.061383580585219324,0.024804196313056227,0.08861234955025366,0.022423954372623574,1052.0,11026,3.157311417110351,0.0001680927165133547,0.0005572121277098852,0.0
B0 segment,0.1,6,105,0.4516264372877083,-0.058538216290494716,0.037332241223869064,0.026663498098859317,0.004317965779467681,0.10152091254752851,0.006854800380228121,735.65,781.39125,0.06207994387216806,0.02474770264829899,0.08800433214751373,0.022345532319391636,1052.0,11026,3.357919981560627,0.00018610146958030166,0.0005707026175915677,0.0
B0 segment,0.1,7,105,0.4503217560929373,-0.05907899470627542,0.03713596954455599,0.026711026615969587,0.004323906844106468,0.10299429657794676,0.007589115969581728,732.3,778.28,0.06189858281137662,0.02476261326682063,0.08795593283513602,0.02238711977186312,1052.0,11026,3.222831212713597,0.00021717218226921647,0.00047412448457588514,0.0
B0 segment,0.1,8,105,0.44237352403854147,-0.05909532098537651,0.03680749735983199,0.026806083650190115,0.004325095057034222,0.10342205323193916,0.008607414448669193,733.1,779.14375,0.06166073525176206,0.024853237891930065,0.08681513793638479,0.022480988593155893,1052.0,11026,2.9467101930014183,0.00021251752282044724,0.0005640105468950469,0.0
B0 segment,0.1,9,105,0.4511943006716611,-0.060388067159064085,0.037730480086565724,0.026140684410646386,0.003960313688212924,0.1005703422053232,0.0062191064638783405,733.4,780.5350000000001,0.06248276072882716,0.024752280642261433,0.08881841164000966,0.02218037072243346,1052.0,11026,3.0184942756791266,0.0001862980795620676,0.0006196387940310486,0.0
B0 segment,0.1,10,105,0.4438000485441971,-0.05843023489420518,0.037216161662943274,0.027043726235741444,0.004755228136882131,0.10270912547528517,0.007447718631178699,732.3,777.74375,0.06194513147222358,0.024728969809280306,0.08764657621888959,0.022288498098859313,1052.0,11026,2.5620801719876654,0.00019254570955493038,0.0004920450950715726,0.0
B0 segment,0.1,11,105,0.46041811910340735,-0.05759734581554443,0.036671987698522215,0.026663498098859317,0.003951996197718636,0.10313688212927759,0.007306321292775683,732.85,777.64,0.06148465753809899,0.02481266983957677,0.08900009055528418,0.02271150190114068,1052.0,11026,4.067841360394145,0.00016481764405401177,0.0005703980587516099,0.0
B0 segment,0.1,12,105,0.44974509741772145,-0.05947901291033453,0.03742061690507034,0.026853612167300377,0.004323906844106461,0.10099809885931559,0.006219106463878327,735.15,781.64125,0.062240629561606906,0.024820012656536567,0.08848060405007475,0.022529705323193917,1052.0,11026,3.4695172112971524,0.00013428695625039441,0.0005156730380470224,0.0
B0 segment,0.1,13,105,0.4617965957170185,-0.05621203435634836,0.03644117353723217,0.027091254752851707,0.004508079847908741,0.10346958174904944,0.008654942965779469,734.7,778.45875,0.061241856544847345,0.02480068300761518,0.08856621289706652,0.022583174904942965,1052.0,11026,3.6263792689905117,0.00017724577680345473,0.0005581832114965122,0.0
B0 segment,0.1,14,105,0.4489933067225238,-0.05953018310672076,0.03744603583702219,0.02633079847908746,0.003913973384030423,0.10232889733840304,0.007618821292775663,731.2,777.48375,0.06222170895166189,0.024775673114639695,0.08830335697883171,0.022416825095057036,1052.0,11026,3.113708060274022,0.00021041977522833,0.0004227236870121903,0.0
B0 segment,0.1,15,105,0.4508614200085863,-0.05408774280296391,0.036913434657587174,0.026901140684410647,0.004437975285171106,0.10304182509505704,0.0070948193916349905,735.15,777.18625,0.06169169519291554,0.024778260535328372,0.08772585137272847,0.02246316539923954,1052.0,11026,3.116662981624038,0.00019481552793986856,0.0005244935984764298,0.0
B0 segment,0.1,16,105,0.4518487971715889,-0.05872839121882034,0.03631253076049484,0.027043726235741444,0.004590066539923953,0.10304182509505704,0.008075095057034229,733.3,779.0525,0.06111264198199764,0.02480011122150279,0.08760244917752898,0.02245365969581749,1052.0,11026,3.9252461951204656,0.0001773953193682546,0.00059896255596179,0.0
B0 segment,0.1,17,105,0.4503924691615099,-0.06088233455225178,0.03720304118878424,0.026853612167300377,0.004421340304182508,0.10280418250950571,0.008012119771863127,732.25,779.7212499999999,0.061960615925301776,0.02475757473651754,0.08796095245772777,0.02243227186311787,1052.0,11026,3.5257457385382343,0.00018442120507278486,0.0005923110728695809,0.0
B0 segment,0.1,18,105,0.44703053110460467,-0.05864315829819866,0.03666473924552274,0.025998098859315595,0.0039923954372623645,0.10104562737642586,0.008454134980988612,736.8,782.7,0.06144218053898838,0.024777441293465634,0.08706849675699875,0.02200570342205323,1052.0,11026,3.1978358066282717,0.00019042058794082884,0.00042673987895334493,0.0
B0 segment,0.1,19,105,0.4497394633331465,-0.056871702938360635,0.036664158821050445,0.026378326996197722,0.003867633079847912,0.10147338403041825,0.006833412547528506,733.9,778.155,0.06144589652738891,0.024781737706338465,0.08821191284160305,0.02251069391634981,1052.0,11026,3.334585662186759,0.0001249310793651283,0.0005162567883191779,0.0
B0 segment,0.25,0,263,0.4535624186896575,-0.042733939477059724,0.029260324656368925,0.026045627376425858,0.0031523288973384044,0.1002851711026616,0.0034874049429657744,741.6,774.70625,0.05403529529246315,0.024774970636094223,0.08093446445992997,0.022893298479087453,1052.0,11026,3.4387159853941367,0.00017431177972677194,0.0005796488401680289,0.0
B0 segment,0.25,1,263,0.44712776959970535,-0.04542910596926608,0.02975384672598703,0.025427756653992394,0.0029800380228136893,0.10133079847908746,0.006089591254752863,746.2,781.7125,0.054552135222325236,0.024798288496338205,0.0809552223565484,0.022447718631178705,1052.0,11026,3.8681929458943323,0.0001773736280951547,0.0005868796097984664,0.0
B0 segment,0.25,2,263,0.4524471989223127,-0.04324339910994912,0.029334663497557232,0.02566539923954373,0.003058460076045634,0.10213878326996198,0.006329610266159691,746.55,780.2924999999999,0.05406275450135225,0.024728091003795017,0.08113918454953936,0.022606939163498097,1052.0,11026,3.0546003557475974,0.0002074022507685434,0.0005811619946844472,0.0
B0 segment,0.25,3,263,0.44310544077578473,-0.04093585994150872,0.028225839983437855,0.02552281368821293,0.0031630228136882155,0.10133079847908746,0.006898764258555151,748.1,780.03125,0.05300954490770302,0.024783704924265168,0.07982661929103799,0.022359790874524714,1052.0,11026,3.1213838051374476,0.00019738041068915565,0.000632824825280973,0.0
B0 segment,0.25,4,263,0.45595090959932083,-0.04823225843931378,0.029321965108875626,0.025712927756653993,0.0027293250950570364,0.10370722433460075,0.005677281368821285,737.25,774.6112499999999,0.05408624199563888,0.02476427688676325,0.08195484985186911,0.022983602661596957,1052.0,11026,3.454641758487737,0.00018946353081036177,0.0005397544604554148,0.0
B0 segment,0.25,5,263,0.45401468206818557,-0.041760029983038405,0.028849213276971892,0.025475285171102657,0.003060836501901136,0.10128326996197719,0.005722433460076046,747.85,780.44125,0.05370294699009098,0.02485373371311909,0.08155935335296774,0.02241444866920152,1052.0,11026,3.6842507414182553,0.00018762820025599076,0.0005421008314050715,0.0
B0 segment,0.25,6,263,0.46326111101032097,-0.04441900823394762,0.02879806092059172,0.025332699619771866,0.0026568441064638813,0.10095057034220534,0.004293013307984803,744.05,778.63625,0.05357428802460234,0.024776227104010617,0.08165364092055968,0.022675855513307985,1052.0,11026,3.5505685261623086,0.0001917085423638678,0.000492380474092284,0.0
B0 segment,0.25,7,263,0.44342671374702447,-0.04130601336016704,0.028843640568583705,0.024809885931558934,0.002238593155893538,0.09876425855513307,0.003929420152091245,746.1,778.2462499999999,0.053635904283132016,0.02479226371454831,0.07937441044530237,0.022571292775665396,1052.0,11026,4.095156418226735,0.0001736146463651496,0.0005437011797866334,0.0
B0 segment,0.25,8,263,0.4466167056619013,-0.03918821313266008,0.02848941731009869,0.025570342205323192,0.0031416349809885932,0.10180608365019013,0.005509743346007609,746.6,777.05125,0.053280299518623966,0.024790882208525277,0.07978611081719567,0.0224287072243346,1052.0,11026,3.4985617466141394,0.00020997786354810292,0.0005149213287034934,0.0
B0 segment,0.25,9,263,0.4470062065295739,-0.04377173574472304,0.02984310036019839,0.02580798479087452,0.0031653992395437244,0.10099809885931559,0.004748098859315597,744.45,778.5274999999999,0.05458267150586536,0.024739571145666973,0.08102145313322805,0.022642585551330797,1052.0,11026,3.4653032945294844,0.00018965020852357542,0.0004924980968153708,0.0
B0 segment,0.25,10,263,0.457803649911348,-0.04392133147191479,0.02929171140927598,0.026568441064638782,0.003474334600760458,0.10342205323193916,0.006124049429657802,743.05,777.1850000000001,0.05406696631568528,0.0247752549064093,0.08272443272463759,0.023094106463878324,1052.0,11026,2.4222843636661557,0.0001907469699181164,0.0004183506488635795,0.0
B0 segment,0.25,11,263,0.4532328333518152,-0.042825527650457995,0.029318811912678596,0.025903041825095056,0.0034695817490494295,0.10004752851711027,0.004233602661596947,745.0,778.3325000000001,0.05411178353834522,0.024792971625666623,0.08117520263606419,0.022433460076045627,1052.0,11026,2.6957837450359405,0.00020047465701281003,0.0005902060716034826,0.0
B0 segment,0.25,12,263,0.4530226094530702,-0.04274984810682925,0.028935822527904716,0.025950570342205326,0.002997861216730041,0.10242395437262357,0.00571411596958174,740.5,773.5699999999999,0.053736881456976034,0.024801058929071317,0.08117532309447222,0.022952709125475285,1052.0,11026,3.7442400207963846,0.00017426253268142282,0.0005616835161465063,0.0
B0 segment,0.25,13,263,0.4500601371724976,-0.04728087186911034,0.029577398105633187,0.025475285171102664,0.003067965779467687,0.10285171102661597,0.006897576045627379,741.2,777.98375,0.05439086747935765,0.024813469373724466,0.08136826469506807,0.022407319391634976,1052.0,11026,3.3479689116437985,0.000189073669484282,0.0006990997520027877,0.0
B0 segment,0.25,14,263,0.45053282662435007,-0.04771060246291681,0.029357683252737896,0.026140684410646386,0.003765446768060836,0.10270912547528517,0.006903517110266155,742.95,780.1725,0.054114087757812915,0.02475640450507502,0.0804228649067814,0.02237523764258555,1052.0,11026,3.36202300972922,0.00016250748049873314,0.0005795588996975735,0.0
B0 segment,0.25,15,263,0.4435010381382474,-0.04304013909635418,0.028312038931752898,0.02466730038022814,0.002340779467680614,0.10019011406844107,0.005615494296577941,747.15,780.7537500000001,0.0530517319301699,0.024739692998417,0.07824260163527195,0.022326520912547526,1052.0,11026,2.6186311627769663,0.00017976236150607508,0.0005803840798041636,0.0
B0 segment,0.25,16,263,0.45349001375079057,-0.0444265422123421,0.029133081955739704,0.026378326996197722,0.0036834600760456276,0.10228136882129277,0.0071577946768060785,745.8,780.4737499999999,0.053934376630407906,0.0248012946746682,0.08126008243424498,0.022694866920152094,1052.0,11026,2.829469178721218,0.0001967274659408415,0.0005915784177516138,0.0
B0 segment,0.25,17,263,0.44631435555676174,-0.04179139141205612,0.028007899605802796,0.02595057034220532,0.0031939163498098805,0.10266159695817492,0.00600285171102663,742.65,775.04,0.052758668022125234,0.024750768416322438,0.07919824926618721,0.02275665399239544,1052.0,11026,3.6385788998256468,0.00019113847481978124,0.0005045122944456837,0.0
B0 segment,0.25,18,263,0.4627873186316177,-0.04035297361889889,0.028163428448025628,0.026568441064638782,0.0034636406844106467,0.10380228136882128,0.005554895437262342,743.85,775.1287500000001,0.052945743609040356,0.02478231516101473,0.08179639093506366,0.023104800380228135,1052.0,11026,3.736186309731575,0.0002032731492186887,0.0005632076570698647,0.0
B0 segment,0.25,19,263,0.4493999440786739,-0.044984452452086376,0.02942680066497884,0.025380228136882132,0.0029408269961977186,0.09914448669201521,0.00535884030418253,744.4,779.4637499999999,0.05420914977749761,0.024782349112518774,0.08005884451791714,0.022439401140684413,1052.0,11026,3.323536645402504,0.00019767151315135896,0.0005455503754742109,0.0
B0 segment,0.5,0,526,0.43799588628321323,-0.025623637684669576,0.016879194098837032,0.02414448669201521,0.0013711977186311765,0.0997148288973384,0.002832699619771867,754.35,774.1875000000001,0.04165675808916384,0.024777563990326806,0.06883962922631773,0.022773288973384032,1052.0,11026,3.591295566526637,0.0001951583411694601,0.0004525044065319205,0.0
B0 segment,0.5,1,526,0.454344608587695,-0.024680498784084404,0.01624210861849419,0.02362167300380228,0.0006523288973384056,0.09976235741444867,0.0016539923954372593,754.0,773.0799999999999,0.04099700761126309,0.0247548989927689,0.06883559696852684,0.022969344106463875,1052.0,11026,2.7333833641450083,0.00017961213409010217,0.0005624666989843036,0.0
B0 segment,0.5,2,526,0.45832386963520344,-0.021676328721946914,0.015977547074718653,0.02538022813688213,0.002097195817490495,0.10104562737642586,0.0017835076045627368,753.5,770.1949999999999,0.04077390328093606,0.024796356206217406,0.07117181419241396,0.023283032319391633,1052.0,11026,3.2419288339046837,0.0001742300532755472,0.0005645430349181486,0.0
B0 segment,0.5,3,526,0.4334090606676365,-0.022765593245331117,0.016125835398311132,0.023954372623574145,0.0012024714828897352,0.09790874524714828,0.001836977186311775,762.15,779.905,0.04079943284797026,0.024673597449659128,0.06753487591399435,0.02275190114068441,1052.0,11026,4.436977488197261,0.00023903760714551582,0.0006065839006927016,0.0
B0 segment,0.5,4,526,0.44035844865652696,-0.019858702964849817,0.01690563577618213,0.024904942965779466,0.0023978136882129263,0.1002851711026616,0.003316302281368824,759.4,774.7862499999999,0.041690398366092694,0.024784762589910563,0.06833212929106273,0.02250712927756654,1052.0,11026,3.4074200237054244,0.00015797303648241122,0.0006141519319422207,0.0
B0 segment,0.5,5,526,0.43835296872908613,-0.027341827178172573,0.017240209697126065,0.023241444866920154,0.0011715779467680633,0.09800380228136882,0.0034303707224334623,760.75,782.135,0.042011608762870474,0.02477139906574441,0.06886538033781857,0.02206986692015209,1052.0,11026,3.5390531835361636,0.00017142654640134075,0.00043019384122661635,0.0
B0 segment,0.5,6,526,0.44804401319549914,-0.02642217015411208,0.016568968555672383,0.023906844106463876,0.0016848859315589312,0.09980988593155893,0.004975047528517101,761.95,782.6287500000001,0.04136304236659083,0.024794073810918447,0.0688969962102432,0.022221958174904945,1052.0,11026,4.074182118646319,0.00017853584853346207,0.0004948622373651952,0.0
B0 segment,0.5,7,526,0.43792216582409943,-0.025151535378385548,0.016695016980740395,0.024096958174904946,0.0016480513307984834,0.0981463878326996,0.004281131178707209,766.75,786.5325,0.041482378641394535,0.02478736166065414,0.06819068532125713,0.022448906844106463,1052.0,11026,3.0702992003202545,0.00019419815822129858,0.0005260043716594151,0.0
B0 segment,0.5,8,526,0.44482974376806916,-0.022890868518277818,0.016045363300506748,0.024001901140684408,0.0016195342205323204,0.10085551330798478,0.005632129277566525,761.35,779.18625,0.04082340684552707,0.024778043545020324,0.06891280219444561,0.022382366920152087,1052.0,11026,3.420319888698378,0.00019596247069594017,0.0005807469870793714,0.0
B0 segment,0.5,9,526,0.45301150961280323,-0.02284029910146601,0.0159416994181794,0.02538022813688213,0.001987880228136882,0.10299429657794679,0.004218155893536135,755.0,772.6474999999999,0.04074065720687112,0.024798957788691716,0.06943415092095037,0.023392347908745247,1052.0,11026,3.5594034000240278,0.0001988400777461887,0.0005513273840635502,0.0
B0 segment,0.5,10,526,0.4532868235583408,-0.02281746825837716,0.017293648865168,0.02428707224334601,0.0019855038022813694,0.09919201520912549,0.004037547528517135,763.0,780.8162500000001,0.04200702234773402,0.02471337348256602,0.07066224537109538,0.02230156844106464,1052.0,11026,3.4256833026045337,0.00019339331632899916,0.0006534079739054459,0.0
B0 segment,0.5,11,526,0.45465133079449443,-0.02194687087133307,0.015882916206870896,0.024572243346007605,0.0016777566539923974,0.10128326996197719,0.004541349809885922,762.5,779.61,0.04063811036943502,0.024755194162564127,0.06990653470315182,0.022894486692015208,1052.0,11026,2.897771026681875,0.00014218700581096686,0.0005810274301023893,0.0
B0 segment,0.5,12,526,0.4501843116612371,-0.02470067013065047,0.01592427464830551,0.024619771863117867,0.0013795152091254717,0.09876425855513307,0.00021269011406843674,754.8,773.91625,0.040683324362940226,0.024759049714634718,0.06876602512987483,0.023240256653992396,1052.0,11026,3.1762618631147075,0.00019737979741466088,0.0006268044472828631,0.0
B0 segment,0.5,13,526,0.44560099197817443,-0.0247470907008307,0.015448426045968303,0.02414448669201521,0.001819153992395437,0.09881178707224335,0.002038973384030432,759.9,779.1825,0.04019347633499123,0.024745050289022925,0.06780584874910352,0.02232533269961977,1052.0,11026,3.5307540779519657,0.00019963927249540454,0.0006258334060192549,0.0
B0 segment,0.5,14,526,0.449433035630844,-0.020623793558874226,0.016706040869661896,0.023859315589353614,0.001036121673003803,0.09824144486692017,0.0019653041825095224,759.15,775.1362499999999,0.04153223483721238,0.02482619396755048,0.06922491444968246,0.02282319391634981,1052.0,11026,3.2837593274344634,0.00021574878971394095,0.00048256585939662603,0.0
B0 segment,0.5,15,526,0.44426142209349145,-0.02408459732886048,0.016607221930877346,0.024619771863117874,0.001833412547528522,0.09976235741444868,0.0029218155893536157,759.3,778.0387499999999,0.04140089075118234,0.024793668820304995,0.0681421764555345,0.022786359315589352,1052.0,11026,2.944301046742021,0.00015305999613487436,0.0005668672678250536,0.0
B0 segment,0.5,16,526,0.45371723217438864,-0.022838607069177175,0.015093722751593694,0.024524714828897336,0.0014187262357414424,0.09976235741444868,0.002274239543726242,757.25,774.94875,0.03990276415806357,0.024809041406469876,0.06902140641963754,0.023105988593155893,1052.0,11026,3.0947326528001837,0.00015556465724028413,0.0005521318138181917,0.0
B0 segment,0.5,17,526,0.45465110294775224,-0.023892237703042385,0.015503023981106,0.02519011406844106,0.0023312737642585506,0.1005703422053232,0.0033174904942965683,762.5,781.1637499999999,0.040270590070009285,0.024767566088903285,0.07027676694219635,0.02285884030418251,1052.0,11026,3.1715075178686556,0.0001657955084571433,0.0005093966926640541,0.0
B0 segment,0.5,18,526,0.4510047180653475,-0.02317581459348328,0.017064881617936754,0.024001901140684408,0.0012369296577946776,0.09752851711026617,0.0011810836501901234,763.15,781.25625,0.04183560069988279,0.024770719081946037,0.06998990548571724,0.02276497148288973,1052.0,11026,3.408439516244562,0.00020402673127185375,0.0005262355666558456,0.0
B0 segment,0.5,19,526,0.45360821371376586,-0.024054249390033866,0.016153640272637042,0.024382129277566545,0.0010967205323193958,0.09928707224334601,8.436311787073103e-05,754.5,773.0962499999999,0.040866531482353946,0.024712891209716904,0.06865187525165543,0.02328540874524715,1052.0,11026,3.300998052260197,0.0001837145942012949,0.0006239239245626006,0.0
humains vague 2,0.05,0,53,0.45091096349262916,-0.06913463262222441,0.042099665080187594,0.02694866920152091,0.004714828897338399,0.10399239543726238,0.009817015209125507,726.95,780.9399999999999,0.06684425218523816,0.02474458710505057,0.09256392248633623,0.02223384030418251,1052.0,11026,3.5381655394590337,0.000202301654103761,0.0005300425548149274,0.0
humains vague 2,0.05,1,53,0.4504673906999958,-0.07137700819363813,0.042477438444799814,0.02723384030418251,0.00508911596958175,0.10275665399239545,0.0075035646387832805,725.2,780.9412500000001,0.06727252982680633,0.02479509138200651,0.09285070575463894,0.02214472433460076,1052.0,11026,3.151228647238959,0.00017466196224848936,0.0005536861716309334,0.0
humains vague 2,0.05,2,53,0.4485476713324465,-0.07119807670056433,0.04244902803878555,0.02723384030418251,0.004875237642585555,0.10399239543726238,0.009452233840304206,722.45,777.83,0.06723170099997103,0.024782672961185477,0.09256901281242298,0.022358602661596956,1052.0,11026,3.669133203024732,0.00013612786336142263,0.0004932135200113488,0.0
humains vague 2,0.05,3,53,0.45031623905814755,-0.07181026747513264,0.04270089461774286,0.027186311787072242,0.004876425855513306,0.10427756653992395,0.009275190114068438,725.4,781.52125,0.06747018749981266,0.024769292882069804,0.09317535990358829,0.022309885931558936,1052.0,11026,3.604482385756764,0.00022975076380041495,0.0006705845398834645,0.0
humains vague 2,0.05,4,53,0.45205626745961147,-0.06759906759906775,0.04248115120862587,0.027043726235741444,0.004572243346007605,0.10308935361216728,0.008300855513307961,726.5,779.1712500000001,0.06725449169616037,0.024773340487534497,0.09300121333710785,0.02247148288973384,1052.0,11026,3.3113226015891115,0.00017144018058201787,0.0006199016426804112,0.0
humains vague 2,0.05,5,53,0.4477640005612412,-0.07154928856832654,0.04249893442024128,0.02737642585551331,0.005190114068441068,0.1041825095057034,0.00966135931558934,725.85,781.7862499999999,0.06728619443351996,0.024787260013278682,0.09263661239757405,0.02218631178707224,1052.0,11026,3.080147088978641,0.00016553559682015533,0.0005625915467164842,0.0
humains vague 2,0.05,6,53,0.4496804319887516,-0.06867315775198968,0.042233177726201374,0.027281368821292777,0.004921577946768063,0.1045152091254753,0.009446292775665416,725.4,778.8887500000001,0.06703696864246035,0.024803790916258978,0.09268008059531617,0.022359790874524714,1052.0,11026,3.982244044280199,0.00016287807907089497,0.0005109861132055984,0.0
humains vague 2,0.05,7,53,0.4495475220566603,-0.0691516219157794,0.04242870182414912,0.027186311787072242,0.0049714828897338414,0.10332699619771864,0.008994771863117881,725.9,779.8262500000001,0.06718728342216071,0.02475858159801159,0.09251560639739995,0.0222148288973384,1052.0,11026,3.282880760817187,0.0001873534511587359,0.0005275890465956571,0.0
humains vague 2,0.05,8,53,0.4532584787017599,-0.07141028922446879,0.0424410707024079,0.02737642585551331,0.00510218631178707,0.10475285171102662,0.010117633079847907,725.6,781.4,0.06722466920531357,0.024783598502905672,0.09295543834866032,0.02227423954372624,1052.0,11026,2.8035462890545935,0.00014304684024610175,0.0005686691443514907,0.0
humains vague 2,0.05,9,53,0.45185681967934943,-0.06776224796101027,0.04216937116216052,0.02732889733840304,0.0050891159695817464,0.10423003802281369,0.009700570342205339,727.1,779.95125,0.06694851546594281,0.02477914430378229,0.09272089519174789,0.022239781368821293,1052.0,11026,3.7571041682084245,0.00020871635395325886,0.0005858114987538363,0.0
humains vague 2,0.05,10,53,0.45144356805969155,-0.07062221055395113,0.0423478647713678,0.02732889733840304,0.004888307984790872,0.10375475285171105,0.009117157794676839,725.7,780.845,0.06714427376190206,0.02479640899053426,0.0928225370532313,0.022440589353612168,1052.0,11026,3.624804150323865,0.00019722515295245033,0.0005213769955562948,0.0
humains vague 2,0.05,11,53,0.45026985981497397,-0.07118125066062786,0.04243973068378873,0.02737642585551331,0.004965541825095059,0.10361216730038023,0.009224096958174902,724.95,780.5075,0.06725577262226032,0.024816041938471586,0.09255799328574564,0.02241088403041825,1052.0,11026,3.4497965380361473,0.00013905699493781763,0.0004938120910113791,0.0
humains vague 2,0.05,12,53,0.45330483684296835,-0.07071697665735655,0.042433222575935466,0.027281368821292774,0.004966730038022813,0.10465779467680607,0.009308460076045605,724.9,780.06375,0.067212575936803,0.02477935336086754,0.09305660274859856,0.02231463878326996,1052.0,11026,3.1965924866396476,0.00019035925116231309,0.0004649355756648006,0.0
humains vague 2,0.05,13,53,0.45071743000547215,-0.07083728439990755,0.04249642584938442,0.026853612167300377,0.004613830798479084,0.10342205323193916,0.009655418250950579,725.1,780.3799999999999,0.06728248174549001,0.024786055896105587,0.09297388864046567,0.022239781368821293,1052.0,11026,3.6897258601523397,0.0001773337321145536,0.0006311235246735789,0.0
humains vague 2,0.05,14,53,0.4490076118133902,-0.06852093757722999,0.042284312966018596,0.026996197718631175,0.004756416349809882,0.10323193916349811,0.008979325095057042,725.55,778.9224999999999,0.0670583790121684,0.02477406604614981,0.09260605569454586,0.022239781368821293,1052.0,11026,2.99422414076305,0.0001189457290922088,0.00048581819655937235,0.0
humains vague 2,0.05,15,53,0.45157040175982005,-0.06831333193459677,0.042175085345154,0.02761406844106464,0.005336264258555139,0.10399239543726235,0.009514020912547522,727.15,780.46625,0.06695497990654974,0.02477989456139574,0.09276113283545762,0.022277804182509502,1052.0,11026,3.7150488746483004,0.00016797766813794084,0.0006234224133801464,0.0
humains vague 2,0.05,16,53,0.44989980968573434,-0.06959156434812286,0.042121100407205694,0.026948669201520913,0.004660171102661599,0.10394486692015208,0.009314401140684395,725.85,780.14125,0.06690463027734206,0.02478352987013636,0.09261867899601081,0.022288498098859313,1052.0,11026,3.509837593948957,0.00021339388509488278,0.000535559705318024,0.0
humains vague 2,0.05,17,53,0.44867159224466474,-0.07164856046465728,0.04224091111477632,0.027091254752851707,0.004759980988593156,0.10318441064638784,0.008795152091254768,723.05,778.85375,0.06704713571463532,0.024806224599858994,0.09228509606934238,0.02233127376425855,1052.0,11026,2.9363414245517254,0.00017497751504563368,0.0004490350178398677,0.0
humains vague 2,0.05,18,53,0.4507599870847517,-0.0689481227630494,0.04211449802775779,0.02747148288973384,0.005345769961977186,0.10313688212927756,0.009104087452471474,726.75,780.56875,0.06685490466956655,0.02474040664180876,0.09254310151998829,0.022125712927756655,1052.0,11026,3.3912724996181933,0.0001741847614478549,0.0005317649844003801,0.0
humains vague 2,0.05,19,53,0.4526154817645753,-0.06872846727025073,0.04223950947114575,0.027043726235741444,0.004631653992395436,0.10446768060836502,0.009553231939163492,726.45,780.0625,0.0670131552899111,0.02477364581876535,0.0928140533033617,0.022412072243346008,1052.0,11026,3.0092325880913102,0.00015340353671770455,0.0005567701660869049,0.0
humains vague 2,0.1,0,105,0.45293794802665327,-0.0686945866070785,0.04208958985826474,0.02756653992395437,0.0054657794676806065,0.10413498098859317,0.009961977186311796,726.75,780.35625,0.06682536433693599,0.02473577447867125,0.09252239515178097,0.022100760456273762,1052.0,11026,2.612548306509593,0.00014809824124097906,0.0005438290042105901,0.0
humains vague 2,0.1,1,105,0.4479823405057216,-0.06805758718916,0.04247530950705737,0.02732889733840304,0.005052281368821292,0.10408745247148288,0.009632842205323178,726.3,779.3399999999999,0.0672664883826045,0.024791178875547132,0.09263786517798756,0.022276615969581748,1052.0,11026,3.8310673347093456,0.0001920362441342384,0.0005620765321019398,0.0
humains vague 2,0.1,2,105,0.44836672839458197,-0.0706049223398626,0.04274947910378325,0.02742395437262357,0.005259030418250949,0.104467680608365,0.010191302281368803,726.5,781.6912500000001,0.06751957378808726,0.024770094684304005,0.09262030124668048,0.022164923954372622,1052.0,11026,2.9616758834250456,0.00017114342965779953,0.0005738402607066748,0.0
humains vague 2,0.1,3,105,0.4492523154250575,-0.06817493279645304,0.04246781354466435,0.027091254752851714,0.004852661596958182,0.10299429657794679,0.00901972433460077,726.65,779.81375,0.06722435992318095,0.024756546378516594,0.09264683197918579,0.02223859315589353,1052.0,11026,2.7840891227814057,0.0001913687850519635,0.0005241746226265417,0.0
humains vague 2,0.1,4,105,0.4523208435244676,-0.06995967838828887,0.0423362609987435,0.027756653992395436,0.0056119296577946745,0.10332699619771864,0.009483127376425857,725.7,780.2887499999999,0.06709522862696336,0.024758967628219865,0.09297704744280404,0.02214472433460076,1052.0,11026,3.1508950193678147,0.00016822381732625055,0.0005354988661560397,0.0
humains vague 2,0.1,5,105,0.4518413438568132,-0.07118729849591665,0.04289642452968443,0.027043726235741437,0.004846720532319382,0.10508555133079847,0.009788498098859316,724.9,780.45875,0.06766565875519942,0.02476923422551499,0.09315706155049171,0.022197005703422056,1052.0,11026,3.622134366888518,0.00015279509617485552,0.0005781580240961588,0.0
humains vague 2,0.1,6,105,0.4477970033754862,-0.0685664429874645,0.04246619778958412,0.026663498098859317,0.004411834600760459,0.10423003802281369,0.00979800380228138,725.95,779.39,0.06726631778302042,0.0248001199934363,0.09262719662399811,0.02225166349809886,1052.0,11026,3.055495259700337,0.00021700303224561268,0.0004359898332392043,0.0
humains vague 2,0.1,7,105,0.4467012516717207,-0.0714562028388579,0.04213277331075858,0.02747148288973384,0.00512476235741445,0.10494296577946767,0.01027210076045626,723.1,778.7462499999999,0.06693212242162917,0.024799349110870596,0.09216464779411002,0.02234672053231939,1052.0,11026,3.7589787807806108,0.0001782260556769861,0.0005586331277124517,0.0
humains vague 2,0.1,8,105,0.4501972811830065,-0.07139276671593908,0.04321656635563756,0.02737642585551331,0.0050712927756654015,0.10484790874524715,0.009985741444866914,724.8,780.52375,0.06805090901232547,0.02483434265668791,0.09332492042992199,0.022305133079847907,1052.0,11026,3.6219414594796255,0.0001794442160179518,0.00047979724297720944,0.0
humains vague 2,0.1,9,105,0.44982543057248253,-0.06889467328076049,0.04209594454017346,0.02732889733840304,0.004963165399239543,0.10384980988593155,0.008991207224334594,725.7,779.39625,0.06685632618101559,0.024760381640842127,0.09235375747168312,0.022365731939163497,1052.0,11026,2.864691944327959,0.00015957034446520407,0.00047074061831367547,0.0
humains vague 2,0.1,10,105,0.4517810656758516,-0.06761564696138878,0.042501154412940084,0.026615969581749045,0.004470057034220525,0.10232889733840303,0.007760218631178692,727.55,780.31125,0.06728375197803087,0.02478259756509078,0.0929758733745111,0.02214591254752852,1052.0,11026,2.8784007200402466,0.00014954158507400638,0.0005357759663881625,0.0
humains vague 2,0.1,11,105,0.4490922367850763,-0.07104867790870517,0.04228436770461631,0.02732889733840304,0.004948906844106465,0.1045152091254753,0.009237167300380239,724.2,779.5887500000001,0.06703257582215104,0.024748208117534726,0.09248555313626754,0.022379990494296575,1052.0,11026,3.144520824855314,0.00017671954842186054,0.0006843825061513142,0.0
humains vague 2,0.1,12,105,0.44924411523992447,-0.07181972944655435,0.04248784520276669,0.026663498098859317,0.004437975285171102,0.10403992395437263,0.009592442965779477,723.1,779.05125,0.0672420967503955,0.02475425154762881,0.09266625935552637,0.022225522813688215,1052.0,11026,2.534011907263635,0.00017371575110781233,0.000559855277505677,0.0
humains vague 2,0.1,13,105,0.44926918554813494,-0.07002492776069347,0.04246548258032321,0.026901140684410647,0.004758792775665401,0.10275665399239542,0.008720294676806059,726.55,781.2574999999999,0.06726329383390163,0.024797811253578418,0.09266467901968176,0.022142347908745245,1052.0,11026,3.3745949424547366,0.00018143899047126815,0.0005897335900465178,0.0
humains vague 2,0.1,14,105,0.45100639484663996,-0.07040201125727608,0.04244601330466624,0.026996197718631182,0.004765922053231942,0.10304182509505704,0.008823669201520917,725.65,780.60625,0.06722244761959845,0.024776434314932202,0.09288005522785221,0.02223027566539924,1052.0,11026,3.4733636158185837,0.00018635744331033398,0.0005686118477762592,0.0
humains vague 2,0.1,15,105,0.4480892489899248,-0.06940540540540552,0.042470818655172014,0.02723384030418251,0.00494415399239544,0.10323193916349811,0.008763070342205345,726.3,780.46875,0.06725458273301677,0.02478376407784475,0.0925797977449372,0.02228968631178707,1052.0,11026,3.4355174935834536,0.00020437207214084316,0.00047167482960821285,0.0
humains vague 2,0.1,16,105,0.4512369192257755,-0.0688114359190597,0.042547619223551936,0.027233840304182504,0.004935836501901134,0.10423003802281368,0.009553231939163492,726.0,779.64875,0.06734841570636638,0.02480079648281444,0.09285166507791312,0.02229800380228137,1052.0,11026,3.085148201152893,0.00016132459901815988,0.0006238461703082997,0.0
humains vague 2,0.1,17,105,0.4494496182119457,-0.07190808055753362,0.0423961357917159,0.02737642585551331,0.005268536121673002,0.1035171102661597,0.009691064638783276,724.95,781.11875,0.06717690991215197,0.024780774120436066,0.09283220524726489,0.022107889733840307,1052.0,11026,2.8344421849810164,0.00019603403918861634,0.000574747981034026,0.0
humains vague 2,0.1,18,105,0.4490615774376549,-0.07116820803779456,0.042030644226150424,0.027186311787072242,0.004883555133079847,0.10418250950570343,0.008877138783269956,724.0,779.4737499999999,0.06683536501956266,0.024804720793412238,0.09221721387796279,0.022302756653992395,1052.0,11026,3.4138291062480923,0.00016944134470715067,0.0005446538144465628,0.0
humains vague 2,0.1,19,105,0.4501419114980389,-0.06912669757189949,0.042022705940781384,0.02742395437262357,0.005283982889733835,0.1040874524714829,0.009638783269961995,726.4,780.3425,0.066861038400652,0.02483833245987061,0.09271038481823399,0.022139971482889736,1052.0,11026,3.354208034463809,0.0001455078303755446,0.0004406151134126794,0.0
humains vague 2,0.25,0,263,0.4469082588794905,-0.06941368588237928,0.042874571666363874,0.02723384030418251,0.005004752851711029,0.10228136882129277,0.007187499999999986,728.0,782.3025,0.06765026059917185,0.02477568893280798,0.09319429890820458,0.022229087452471482,1052.0,11026,3.0779603219648175,0.00015125310305724948,0.0004966439937080184,0.0
humains vague 2,0.25,1,263,0.4508525721192413,-0.07145860881884081,0.04298893706820175,0.027043726235741444,0.004714828897338402,0.10304182509505704,0.0077685361216730114,725.9,781.7637500000001,0.06774570588137811,0.024756768813176365,0.09347811695741375,0.022328897338403042,1052.0,11026,3.4184077021251786,0.0001609192279567522,0.00048603424523216464,0.0
humains vague 2,0.25,2,263,0.4496734522927901,-0.07076560930833542,0.04223519580060042,0.02827946768060836,0.006039686311787067,0.10299429657794676,0.008360266159695817,726.35,781.6650000000001,0.06702143282008781,0.024786237019487383,0.0927147823988372,0.022239781368821293,1052.0,11026,4.145188746437223,0.00020687725678066152,0.000612682439532202,0.0
humains vague 2,0.25,3,263,0.4454874777839447,-0.07360905406399654,0.04275820570558673,0.02713878326996198,0.004988117870722435,0.10332699619771864,0.009278754752851712,724.0,781.5275,0.06749781324236301,0.02473960753677628,0.09276662842832303,0.022150665399239544,1052.0,11026,3.6845476012179663,0.0001520305106130054,0.0006411902343599641,0.0
humains vague 2,0.25,4,263,0.4519945401845497,-0.07321239015747083,0.04319752526962974,0.026901140684410647,0.0048930608365019,0.10351711026615969,0.008805846007604562,725.75,783.08125,0.06798206348747186,0.02478453821784212,0.09348843523046287,0.022008079847908747,1052.0,11026,2.816883336378917,0.0001538068311046565,0.0005299059395689571,0.0
humains vague 2,0.25,5,263,0.45208692616974583,-0.07217567695216631,0.043521314539188255,0.02723384030418251,0.0049714828897338414,0.10503802281368821,0.010499049429657792,724.4,780.75125,0.0682825523789125,0.024761237839724237,0.09364967111711087,0.02226235741444867,1052.0,11026,2.581156754695015,0.00014910188253005398,0.0005805886327632818,0.0
humains vague 2,0.25,6,263,0.4492585277487636,-0.07024201918817286,0.04272365637432173,0.026711026615969587,0.004436787072243351,0.10427756653992395,0.00965779467680608,726.7,781.6012499999999,0.0675461157397179,0.02482245936539617,0.09281087177319898,0.022274239543726235,1052.0,11026,3.411659636358668,0.00020990304519777247,0.0005673434783664908,0.0
humains vague 2,0.25,7,263,0.4513212423412932,-0.07409356669186529,0.043180461189145244,0.027043726235741444,0.0049275190114068425,0.10304182509505702,0.008313925855513299,725.7,783.7725,0.06796220180930268,0.024781740620157432,0.09336943900238788,0.022116207224334602,1052.0,11026,3.0226908966035877,0.0001717837979900619,0.0005021171675293108,0.0
humains vague 2,0.25,8,263,0.44948699545620624,-0.07175321969575543,0.04245992293363503,0.026996197718631175,0.004856226235741442,0.10598859315589353,0.010629752851711013,724.0,779.9649999999999,0.0672158347907667,0.024755911857131677,0.09267124491680681,0.022139971482889733,1052.0,11026,3.67451723673695,0.00015195508786838117,0.0006426283389122375,0.0
humains vague 2,0.25,9,263,0.4511457752815907,-0.07322956017538673,0.042672573794003944,0.027186311787072242,0.005122385931558938,0.10294676806083651,0.008975760456273768,725.25,782.55625,0.06740281119770943,0.02473023740370548,0.09290908739757697,0.022063925855513304,1052.0,11026,3.5116872177608025,0.0001787173185315561,0.0005022440427093392,0.0
humains vague 2,0.25,10,263,0.4456723723479656,-0.07130927195507986,0.04310125624654696,0.027091254752851707,0.005036834600760452,0.10185361216730038,0.007900427756653991,729.8,785.8375,0.06788940497946,0.02478814873291304,0.09286888772592339,0.022054420152091254,1052.0,11026,3.308007960490224,0.00019132629806860107,0.000519031795896228,0.0
humains vague 2,0.25,11,263,0.44696274707034805,-0.07592319054652874,0.042630278432922004,0.02671102661596958,0.004557984790874527,0.10423003802281369,0.010466967680608369,723.35,782.78125,0.06746538290705548,0.024835104474133472,0.09287056110958973,0.022153041825095053,1052.0,11026,3.37951383812099,0.00018614827547781614,0.000703711841738504,0.0
humains vague 2,0.25,12,263,0.4511583214326705,-0.06804321728691487,0.04279041462121481,0.027091254752851714,0.0048253326996197735,0.10461026615969582,0.009931083650190131,727.8,780.9375,0.06755142237034646,0.024761007749131654,0.09301375332846142,0.02226592205323194,1052.0,11026,2.834488829238342,0.00019193724006684286,0.0005865624666033546,0.0
humains vague 2,0.25,13,263,0.4484091687479812,-0.07365505091929203,0.04289139131208691,0.02737642585551331,0.005090304182509508,0.10270912547528517,0.008570579847908752,725.65,783.3475000000001,0.06763249553401386,0.024741104221926952,0.09311472346206494,0.0222861216730038,1052.0,11026,3.085157810866203,0.00017289101729485502,0.0004761131522507503,0.0
humains vague 2,0.25,14,263,0.446650132719383,-0.06973313987510732,0.04321789854302993,0.02742395437262357,0.005118821292775664,0.10494296577946768,0.009371435361216734,725.3,779.66875,0.06798238013785392,0.02476448159482399,0.09306710713227134,0.022305133079847907,1052.0,11026,3.0949853464712467,0.00015436676984964466,0.0004657073361405927,0.0
humains vague 2,0.25,15,263,0.44714024650533,-0.07124954102076975,0.04325448085113104,0.02799429657794677,0.005957699619771866,0.10399239543726232,0.00943678707224331,727.2,782.9875,0.06805671943054102,0.024802238579409986,0.09312399573082399,0.022036596958174903,1052.0,11026,2.4558864397866986,0.00019350301641580327,0.000548764547550868,0.0
humains vague 2,0.25,16,263,0.44961046445222635,-0.07363104518556385,0.04288335092785697,0.027281368821292774,0.004915636882129277,0.10313688212927756,0.007690114068441056,722.65,780.08875,0.06768866520820228,0.024805314280345315,0.09319705638605866,0.022365731939163497,1052.0,11026,3.6999391453761965,0.000166164136505343,0.0004664141788696191,0.0
humains vague 2,0.25,17,263,0.44606389107219035,-0.07153467082321296,0.043153931900802404,0.02647338403041825,0.004536596958174908,0.1028041825095057,0.009600760456273769,728.2,784.3050000000001,0.06791753620467683,0.024763604303874427,0.09293128364152485,0.021936787072243343,1052.0,11026,3.0125549255552464,0.00014071878406275473,0.00048576603248344096,0.0
humains vague 2,0.25,18,263,0.4484335305217729,-0.0705430244407318,0.0423826533293658,0.026568441064638782,0.0047231463878326975,0.10299429657794676,0.009421340304182513,727.4,782.6075,0.06713998558542376,0.024757332256057966,0.09214124830129454,0.021845294676806085,1052.0,11026,3.118936168072826,0.0001761067348252887,0.0004606410629301209,0.0
humains vague 2,0.25,19,263,0.4558134088561634,-0.0680524036476422,0.042572696866038644,0.027091254752851714,0.00479919201520913,0.10308935361216731,0.008412547528517125,727.9,781.0525,0.06735833667117838,0.024785639805139738,0.0932473129311243,0.022292062737642584,1052.0,11026,3.3086899956296203,0.00017289935974017974,0.0004759534518896324,0.0
humains vague 2,0.5,0,526,0.44810821389545064,-0.07556936971652128,0.043850899516202135,0.026901140684410647,0.00494415399239544,0.10389733840304186,0.010615494296577987,725.7,785.0237500000001,0.0686082964795352,0.024757396963333067,0.09343020102782484,0.021956986692015207,1052.0,11026,3.5604304605065082,0.00015137107978197015,0.0005092303687936091,0.0
humains vague 2,0.5,1,526,0.4471967610403477,-0.07392747965054935,0.04325137629929322,0.02652091254752852,0.004808697718631183,0.10256653992395437,0.009799192015209124,729.7,787.95125,0.06801304689738984,0.02476167059809661,0.09297696493076749,0.021712214828897337,1052.0,11026,3.951670978920307,0.00018287580559069443,0.0004719694595252395,0.0
humains vague 2,0.5,2,526,0.4484646540326386,-0.07481369946917105,0.0426963997752403,0.026901140684410647,0.004860979087452474,0.1029467680608365,0.009055370722433453,725.05,783.68,0.06744080058098662,0.024744400805746317,0.09327134344427,0.022040161596958173,1052.0,11026,3.0404284448421346,0.0001849786530921477,0.000629616597752874,0.0
humains vague 2,0.5,3,526,0.444955648611781,-0.0728521271376451,0.0431007464635069,0.02747148288973384,0.005257842205323195,0.10442015209125474,0.010269724334600758,725.2,782.18375,0.06786123528852199,0.024760488825015088,0.0931161046274709,0.022213640684410646,1052.0,11026,3.2348936395149654,0.0001947368331191145,0.0005173775337989061,0.0
humains vague 2,0.5,4,526,0.45044226931097076,-0.07459795601090802,0.04358107478159433,0.02713878326996198,0.004875237642585555,0.1046577946768061,0.010077233840304192,726.2,784.74,0.06838821592878912,0.02480714114719479,0.09417218196001742,0.022263545627376424,1052.0,11026,3.1100787359148567,0.00016270700176766224,0.0004881375626264603,0.0
humains vague 2,0.5,5,526,0.4514857543426543,-0.07472991970111853,0.043360659370074855,0.027233840304182504,0.005052281368821288,0.10190114068441065,0.0080952946768061,725.65,784.2574999999999,0.0681183264942163,0.02475766712414144,0.0933891389925018,0.022181558935361216,1052.0,11026,2.7767937145804207,0.0001626344372121849,0.0005958903704070837,0.0
humains vague 2,0.5,6,526,0.4493997624819356,-0.07489099441226499,0.04275119333983823,0.027091254752851714,0.004945342205323198,0.10275665399239545,0.008536121673003827,723.5,782.07,0.0675589012890227,0.024807707949184472,0.09319764422741857,0.022145912547528516,1052.0,11026,3.6810463952662356,0.00021211109760365524,0.00048790760611438843,0.0
humains vague 2,0.5,7,526,0.44723112377238455,-0.07656246262766397,0.04287303678016366,0.026901140684410647,0.004611454372623575,0.10508555133079849,0.010228136882129285,723.9,783.91875,0.06759436980110557,0.02472133302094191,0.09306761264379332,0.02228968631178707,1052.0,11026,2.611652573882425,0.0001873907604203922,0.00043460597793170736,0.0
humains vague 2,0.5,8,526,0.4491071494740174,-0.07548359564588747,0.043842794221451264,0.02737642585551331,0.0054788498098859335,0.10161596958174905,0.008274714828897342,725.75,785.0049999999999,0.06862785772559377,0.0247850635041425,0.0936080967805485,0.021897576045627375,1052.0,11026,2.5222547910092725,0.00020858832487723666,0.0005178587086332977,0.0
humains vague 2,0.5,9,526,0.44568313728877096,-0.07246413828112785,0.04327599605386683,0.026615969581749048,0.004461739543726237,0.10256653992395437,0.00919082699619772,726.3,783.0425,0.06807376472616075,0.02479776867229392,0.09334158072881711,0.02215423003802281,1052.0,11026,2.6204459886605593,0.000185622251071942,0.00048064004724245816,0.0
humains vague 2,0.5,10,526,0.44966086855493287,-0.07287079325287615,0.04317271826167978,0.02675855513307985,0.004263307984790878,0.10598859315589353,0.010506178707224326,723.95,780.8512499999999,0.06792996230721132,0.02475724404553154,0.09346976225836647,0.02249524714828897,1052.0,11026,2.693593717579658,0.0001970199354861249,0.000566490356682995,0.0
humains vague 2,0.5,11,526,0.45383907165697546,-0.07455307654081889,0.04323162895165872,0.026853612167300377,0.0049287072243346,0.10323193916349808,0.009208650190114062,726.3,784.8100000000001,0.06799787548719424,0.024766246535535524,0.09344756303793873,0.021924904942965777,1052.0,11026,3.3427725326633024,0.0001774588189614759,0.0004866297442979646,0.0
humains vague 2,0.5,12,526,0.4488689965418914,-0.07305061908114152,0.04295236379436287,0.026711026615969587,0.0045769961977186364,0.10442015209125474,0.011280893536121661,727.5,784.8325,0.06770932567338298,0.024756961879020108,0.09287568538482183,0.02213403041825095,1052.0,11026,3.674872228722502,0.00017123220908303748,0.0006512514236441586,0.0
humains vague 2,0.5,13,526,0.449156917928259,-0.07454014342908533,0.04398162149302482,0.02723384030418251,0.005166349809885933,0.10522813688212929,0.011380703422053245,726.7,785.23125,0.06876914957265878,0.024787528079633962,0.0940949811861066,0.022067490494296578,1052.0,11026,2.714767013188687,0.0001638237494108988,0.0005435307004597848,0.0
humains vague 2,0.5,14,526,0.4502126406507818,-0.0714254967388932,0.043959833660270356,0.026520912547528513,0.0043298479087452435,0.10308935361216731,0.009192015209125493,728.05,784.0512500000001,0.06874933972467479,0.024789506064404426,0.0945024572604866,0.02219106463878327,1052.0,11026,3.293437287495639,0.0001820351458974099,0.0004953126626211524,0.0
humains vague 2,0.5,15,526,0.45055750570318687,-0.07758121295842424,0.04316034560542167,0.026711026615969587,0.00478968631178708,0.10389733840304183,0.009774239543726235,724.5,785.435,0.06796311471459422,0.024802769109172555,0.09360708827923761,0.021921340304182507,1052.0,11026,3.628010686100798,0.00014413390166303027,0.000582052077312826,0.0
humains vague 2,0.5,16,526,0.45323275799395196,-0.07103206072278234,0.04362656961573577,0.026948669201520913,0.004866920152091253,0.10327946768060836,0.009398764258555126,727.75,783.39625,0.0683769532539191,0.024750383638183326,0.09340465228217992,0.02208174904942966,1052.0,11026,2.9835099682704693,0.00020711523261117824,0.000488720128688501,0.0
humains vague 2,0.5,17,526,0.45126813521495734,-0.07652486915156786,0.04357199440630537,0.02585551330798479,0.0039496197718631165,0.10147338403041825,0.008098859315589346,726.05,786.2149999999999,0.06839830797535133,0.024826313569045966,0.09408457729807873,0.021905893536121674,1052.0,11026,3.3877834823195117,0.0002038153633095855,0.0005683889728557811,0.0
humains vague 2,0.5,18,526,0.4536700001480865,-0.0753481834357067,0.043940662820282826,0.026948669201520913,0.005017823193916353,0.10128326996197719,0.008520674904942974,726.9,786.13375,0.0687277900242523,0.02478712720396948,0.09444759652196545,0.02193084600760456,1052.0,11026,2.9845625780089216,0.0001808470546567307,0.0004706175577163695,0.0
humains vague 2,0.5,19,526,0.4462307085032351,-0.0750911524438086,0.04341809856652064,0.026806083650190115,0.004759980988593156,0.10285171102661597,0.009047053231939162,726.45,785.42875,0.06816643536774478,0.024748336801224142,0.09280255022504519,0.02204610266159696,1052.0,11026,3.0666085731677,0.00016842895690456205,0.00044030772487576604,0.0
