statistique,source_evaluee,calibration,source_calibration,taux_vrai,taux_estime_median,erreur_absolue_mediane,erreur_quadratique_moyenne,n_tirages
A,B0 segment,propre,B0 segment,0.05,0.045625,0.009175000000000003,0.013065885924804335,20
A,B0 segment,propre,B0 segment,0.1,0.095375,0.009849999999999998,0.016536716723703045,20
A,B0 segment,propre,B0 segment,0.25,0.257475,0.015399999999999983,0.026292926805511783,20
A,B0 segment,propre,B0 segment,0.5,0.500125,0.01579999999999998,0.02503335524854787,20
A,B0 segment,croisee,C2,0.05,0.0,0.05,0.05000000000000001,20
A,B0 segment,croisee,C2,0.1,0.0,0.1,0.10000000000000002,20
A,B0 segment,croisee,C2,0.25,0.0,0.25,0.25,20
A,B0 segment,croisee,C2,0.5,0.0,0.5,0.5,20
A,B0 segment,croisee,C3,0.05,0.0,0.05,0.05000000000000001,20
A,B0 segment,croisee,C3,0.1,0.0,0.1,0.10000000000000002,20
A,B0 segment,croisee,C3,0.25,0.0,0.25,0.25,20
A,B0 segment,croisee,C3,0.5,0.0,0.5,0.5,20
A,B0 segment,croisee,E2 regression contexte tirage,0.05,0.16960000000000003,0.11960000000000001,0.12527150364308717,20
A,B0 segment,croisee,E2 regression contexte tirage,0.1,0.33945000000000003,0.23945,0.2534978801686515,20
A,B0 segment,croisee,E2 regression contexte tirage,0.25,0.807,0.557,0.5501699461302845,20
A,B0 segment,croisee,E2 regression contexte tirage,0.5,1.0,0.5,0.5,20
A,B0 segment,croisee,IM m=10 mode des m,0.05,0.0,0.05,0.05000000000000001,20
A,B0 segment,croisee,IM m=10 mode des m,0.1,0.0,0.1,0.10000000000000002,20
A,B0 segment,croisee,IM m=10 mode des m,0.25,0.0,0.25,0.25,20
A,B0 segment,croisee,IM m=10 mode des m,0.5,0.0,0.5,0.5,20
A,B0 segment,croisee,PMM k=10,0.05,0.0,0.05,0.05000000000000001,20
A,B0 segment,croisee,PMM k=10,0.1,0.0,0.1,0.10000000000000002,20
A,B0 segment,croisee,PMM k=10,0.25,0.0,0.25,0.25,20
A,B0 segment,croisee,PMM k=10,0.5,0.0,0.5,0.5,20
A,B0 segment,croisee,agents composite,0.05,0.0,0.05,0.05000000000000001,20
A,B0 segment,croisee,agents composite,0.1,0.0,0.1,0.10000000000000002,20
A,B0 segment,croisee,agents composite,0.25,0.0,0.25,0.25,20
A,B0 segment,croisee,agents composite,0.5,0.0,0.5,0.5,20
A,B0 segment,croisee,agents demographiques (v6),0.05,0.0,0.05,0.05000000000000001,20
A,B0 segment,croisee,agents demographiques (v6),0.1,0.0,0.1,0.10000000000000002,20
A,B0 segment,croisee,agents demographiques (v6),0.25,0.0,0.25,0.25,20
A,B0 segment,croisee,agents demographiques (v6),0.5,0.0,0.5,0.5,20
A,B0 segment,croisee,agents v8,0.05,0.0,0.05,0.05000000000000001,20
A,B0 segment,croisee,agents v8,0.1,0.0,0.1,0.10000000000000002,20
A,B0 segment,croisee,agents v8,0.25,0.0,0.25,0.25,20
A,B0 segment,croisee,agents v8,0.5,0.0,0.5,0.5,20
A,B0 segment,croisee,humains vague 2,0.05,0.0,0.05,0.05000000000000001,20
A,B0 segment,croisee,humains vague 2,0.1,0.0,0.1,0.10000000000000002,20
A,B0 segment,croisee,humains vague 2,0.25,0.0,0.25,0.25,20
A,B0 segment,croisee,humains vague 2,0.5,0.0,0.5,0.5,20
A,B0 segment,agnostique,moyenne des sources a modele de langage,0.05,0.0,0.05,0.05000000000000001,20
A,B0 segment,agnostique,moyenne des sources a modele de langage,0.1,0.0,0.1,0.10000000000000002,20
A,B0 segment,agnostique,moyenne des sources a modele de langage,0.25,0.0,0.25,0.25,20
A,B0 segment,agnostique,moyenne des sources a modele de langage,0.5,0.0,0.5,0.5,20
A,C2,propre,C2,0.05,0.049100000000000005,0.0023,0.003174271569982632,20
A,C2,propre,C2,0.1,0.100525,0.0022000000000000006,0.0030592278437540396,20
A,C2,croisee,B0 segment,0.05,0.0,0.05,0.05000000000000001,20
A,C2,croisee,B0 segment,0.1,0.0,0.1,0.10000000000000002,20
A,C2,croisee,C3,0.05,0.07980000000000001,0.0298,0.03113056576742543,20
A,C2,croisee,C3,0.1,0.14,0.04000000000000001,0.039534870683992376,20
A,C2,croisee,E2 regression contexte tirage,0.05,0.0,0.05,0.05000000000000001,20
A,C2,croisee,E2 regression contexte tirage,0.1,0.0,0.1,0.10000000000000002,20
A,C2,croisee,IM m=10 mode des m,0.05,0.18862500000000001,0.13862500000000003,0.14386678647276446,20
A,C2,croisee,IM m=10 mode des m,0.1,0.50885,0.40885000000000005,0.40562102047354504,20
A,C2,croisee,PMM k=10,0.05,0.46767500000000006,0.417675,0.43575561513880695,20
A,C2,croisee,PMM k=10,0.1,1.0,0.9,0.9000000000000001,20
A,C2,croisee,agents composite,0.05,0.16657500000000003,0.11657500000000001,0.12025542503355098,20
A,C2,croisee,agents composite,0.1,0.358375,0.258375,0.256571453741448,20
A,C2,croisee,agents demographiques (v6),0.05,0.0902,0.0402,0.042655531587356875,20
A,C2,croisee,agents demographiques (v6),0.1,0.21535,0.11535000000000001,0.11420692295128174,20
A,C2,croisee,agents v8,0.05,0.044075,0.005925,0.006025560139937199,20
A,C2,croisee,agents v8,0.1,0.1068,0.0068000000000000005,0.007404508761558731,20
A,C2,croisee,humains vague 2,0.05,1.0,0.95,0.9500000000000001,20
A,C2,croisee,humains vague 2,0.1,1.0,0.9,0.9000000000000001,20
A,C2,agnostique,moyenne des sources a modele de langage,0.05,0.068675,0.018674999999999997,0.020452725979683003,20
A,C2,agnostique,moyenne des sources a modele de langage,0.1,0.14335,0.04335,0.0428006133133627,20
A,C3,propre,C3,0.05,0.049775,0.003474999999999999,0.005079234686446375,20
A,C3,propre,C3,0.1,0.10025,0.002674999999999997,0.00351224643212859,20
A,C3,croisee,B0 segment,0.05,0.0,0.05,0.05000000000000001,20
A,C3,croisee,B0 segment,0.1,0.0,0.1,0.10000000000000002,20
A,C3,croisee,C2,0.05,0.02695,0.02305,0.023191892441109675,20
A,C3,croisee,C2,0.1,0.06575,0.03425,0.03460031791761458,20
A,C3,croisee,E2 regression contexte tirage,0.05,0.0,0.05,0.05000000000000001,20
A,C3,croisee,E2 regression contexte tirage,0.1,0.0,0.1,0.10000000000000002,20
A,C3,croisee,IM m=10 mode des m,0.05,0.0926,0.0426,0.04524307405559441,20
A,C3,croisee,IM m=10 mode des m,0.1,0.27515,0.17515,0.17479202427456467,20
A,C3,croisee,PMM k=10,0.05,0.2083,0.1583,0.16340566506397508,20
A,C3,croisee,PMM k=10,0.1,0.8077500000000001,0.7077500000000001,0.7175698240415355,20
A,C3,croisee,agents composite,0.05,0.08877499999999999,0.038775,0.040893871790281734,20
A,C3,croisee,agents composite,0.1,0.22725,0.12725,0.12684374836782458,20
A,C3,croisee,agents demographiques (v6),0.05,0.04585,0.005299999999999999,0.007462866406415165,20
A,C3,croisee,agents demographiques (v6),0.1,0.1274,0.027400000000000008,0.027731437485280133,20
A,C3,croisee,agents v8,0.05,0.022275000000000003,0.027725,0.027753231793792955,20
A,C3,croisee,agents v8,0.1,0.062525,0.03747500000000001,0.03788817757559738,20
A,C3,croisee,humains vague 2,0.05,0.7006000000000001,0.6506000000000001,0.7105147513422926,20
A,C3,croisee,humains vague 2,0.1,1.0,0.9,0.9000000000000001,20
A,C3,agnostique,moyenne des sources a modele de langage,0.05,0.037250000000000005,0.012750000000000001,0.013470597611093578,20
A,C3,agnostique,moyenne des sources a modele de langage,0.1,0.09267500000000001,0.007324999999999998,0.008767846086696552,20
A,E2 regression contexte tirage,propre,E2 regression contexte tirage,0.05,0.028525000000000002,0.031950000000000006,0.04055982310119215,20
A,E2 regression contexte tirage,propre,E2 regression contexte tirage,0.1,0.09065000000000001,0.045575000000000004,0.04864069412539258,20
A,E2 regression contexte tirage,propre,E2 regression contexte tirage,0.25,0.262775,0.02687500000000001,0.05494167020577369,20
A,E2 regression contexte tirage,propre,E2 regression contexte tirage,0.5,0.48705,0.04849999999999996,0.06631562881402844,20
A,E2 regression contexte tirage,croisee,B0 segment,0.05,0.0074,0.0426,0.042180790948013296,20
A,E2 regression contexte tirage,croisee,B0 segment,0.1,0.0239,0.0761,0.07683483910310479,20
A,E2 regression contexte tirage,croisee,B0 segment,0.25,0.072375,0.17762499999999998,0.17840192824070036,20
A,E2 regression contexte tirage,croisee,B0 segment,0.5,0.14227499999999998,0.357725,0.3547402606133112,20
A,E2 regression contexte tirage,croisee,C2,0.05,0.0,0.05,0.04957859921377369,20
A,E2 regression contexte tirage,croisee,C2,0.1,0.0,0.1,0.0998545698753943,20
A,E2 regression contexte tirage,croisee,C2,0.25,0.0,0.25,0.25,20
A,E2 regression contexte tirage,croisee,C2,0.5,0.0,0.5,0.5,20
A,E2 regression contexte tirage,croisee,C3,0.05,0.0,0.05,0.048966410681200646,20
A,E2 regression contexte tirage,croisee,C3,0.1,0.0,0.1,0.09964537683706155,20
A,E2 regression contexte tirage,croisee,C3,0.25,0.0,0.25,0.25,20
A,E2 regression contexte tirage,croisee,C3,0.5,0.0,0.5,0.5,20
A,E2 regression contexte tirage,croisee,IM m=10 mode des m,0.05,0.0,0.05,0.0487832540427553,20
A,E2 regression contexte tirage,croisee,IM m=10 mode des m,0.1,0.0,0.1,0.09957160802658559,20
A,E2 regression contexte tirage,croisee,IM m=10 mode des m,0.25,0.0,0.25,0.25,20
A,E2 regression contexte tirage,croisee,IM m=10 mode des m,0.5,0.0,0.5,0.5,20
A,E2 regression contexte tirage,croisee,PMM k=10,0.05,0.0,0.05,0.04761826724062942,20
A,E2 regression contexte tirage,croisee,PMM k=10,0.1,0.0,0.1,0.09913652202896772,20
A,E2 regression contexte tirage,croisee,PMM k=10,0.25,0.0,0.25,0.25,20
A,E2 regression contexte tirage,croisee,PMM k=10,0.5,0.0,0.5,0.5,20
A,E2 regression contexte tirage,croisee,agents composite,0.05,0.0,0.05,0.04873039221061124,20
A,E2 regression contexte tirage,croisee,agents composite,0.1,0.0,0.1,0.09955563519962093,20
A,E2 regression contexte tirage,croisee,agents composite,0.25,0.0,0.25,0.25,20
A,E2 regression contexte tirage,croisee,agents composite,0.5,0.0,0.5,0.5,20
A,E2 regression contexte tirage,croisee,agents demographiques (v6),0.05,0.0,0.05,0.04935578993390746,20
A,E2 regression contexte tirage,croisee,agents demographiques (v6),0.1,0.0,0.1,0.09977742793337581,20
A,E2 regression contexte tirage,croisee,agents demographiques (v6),0.25,0.0,0.25,0.25,20
A,E2 regression contexte tirage,croisee,agents demographiques (v6),0.5,0.0,0.5,0.5,20
A,E2 regression contexte tirage,croisee,agents v8,0.05,0.0,0.05,0.049682382440861275,20
A,E2 regression contexte tirage,croisee,agents v8,0.1,0.0,0.1,0.09989115075921391,20
A,E2 regression contexte tirage,croisee,agents v8,0.25,0.0,0.25,0.25,20
A,E2 regression contexte tirage,croisee,agents v8,0.5,0.0,0.5,0.5,20
A,E2 regression contexte tirage,croisee,humains vague 2,0.05,0.0,0.05,0.04559746292284255,20
A,E2 regression contexte tirage,croisee,humains vague 2,0.1,0.0,0.1,0.09813672159288796,20
A,E2 regression contexte tirage,croisee,humains vague 2,0.25,0.0,0.25,0.25,20
A,E2 regression contexte tirage,croisee,humains vague 2,0.5,0.0,0.5,0.5,20
A,E2 regression contexte tirage,agnostique,moyenne des sources a modele de langage,0.05,0.0,0.05,0.04943345400637104,20
A,E2 regression contexte tirage,agnostique,moyenne des sources a modele de langage,0.1,0.0,0.1,0.09980380754259831,20
A,E2 regression contexte tirage,agnostique,moyenne des sources a modele de langage,0.25,0.0,0.25,0.25,20
A,E2 regression contexte tirage,agnostique,moyenne des sources a modele de langage,0.5,0.0,0.5,0.5,20
A,IM m=10 mode des m,propre,IM m=10 mode des m,0.05,0.048924999999999996,0.00885,0.016459670409822914,20
A,IM m=10 mode des m,propre,IM m=10 mode des m,0.1,0.09915000000000002,0.012225,0.0210627692861124,20
A,IM m=10 mode des m,propre,IM m=10 mode des m,0.25,0.25070000000000003,0.01772499999999999,0.03658827339462741,20
A,IM m=10 mode des m,propre,IM m=10 mode des m,0.5,0.510275,0.038575000000000026,0.05254192968477653,20
A,IM m=10 mode des m,croisee,B0 segment,0.05,0.0,0.05,0.05000000000000001,20
A,IM m=10 mode des m,croisee,B0 segment,0.1,0.0,0.1,0.10000000000000002,20
A,IM m=10 mode des m,croisee,B0 segment,0.25,0.0,0.25,0.25,20
A,IM m=10 mode des m,croisee,B0 segment,0.5,0.0,0.5,0.5,20
A,IM m=10 mode des m,croisee,C2,0.05,0.015125,0.034875,0.03540552393342034,20
A,IM m=10 mode des m,croisee,C2,0.1,0.028625,0.071375,0.07050009397156858,20
A,IM m=10 mode des m,croisee,C2,0.25,0.061325000000000005,0.188675,0.1894449877273083,20
A,IM m=10 mode des m,croisee,C2,0.5,0.10070000000000001,0.3993,0.4006871245123806,20
A,IM m=10 mode des m,croisee,C3,0.05,0.03115,0.018850000000000002,0.021363479351453968,20
A,IM m=10 mode des m,croisee,C3,0.1,0.052225,0.047775000000000005,0.04699201660920715,20
A,IM m=10 mode des m,croisee,C3,0.25,0.09492500000000001,0.155075,0.15616897179017347,20
A,IM m=10 mode des m,croisee,C3,0.5,0.140175,0.359825,0.3614033871590027,20
A,IM m=10 mode des m,croisee,E2 regression contexte tirage,0.05,0.0,0.05,0.05000000000000001,20
A,IM m=10 mode des m,croisee,E2 regression contexte tirage,0.1,0.0,0.1,0.10000000000000002,20
A,IM m=10 mode des m,croisee,E2 regression contexte tirage,0.25,0.0,0.25,0.25,20
A,IM m=10 mode des m,croisee,E2 regression contexte tirage,0.5,0.0,0.5,0.5,20
A,IM m=10 mode des m,croisee,PMM k=10,0.05,0.10655,0.05655,0.06719105316186076,20
A,IM m=10 mode des m,croisee,PMM k=10,0.1,0.22425,0.12425,0.14636608085550423,20
A,IM m=10 mode des m,croisee,PMM k=10,0.25,0.69005,0.44005000000000005,0.4668862357416419,20
A,IM m=10 mode des m,croisee,PMM k=10,0.5,1.0,0.5,0.5,20
A,IM m=10 mode des m,croisee,agents composite,0.05,0.048875,0.00835,0.01582172556960839,20
A,IM m=10 mode des m,croisee,agents composite,0.1,0.094475,0.00945,0.01775802987383454,20
A,IM m=10 mode des m,croisee,agents composite,0.25,0.210875,0.03912499999999999,0.048261839221065736,20
A,IM m=10 mode des m,croisee,agents composite,0.5,0.35905000000000004,0.14094999999999996,0.14824006880732346,20
A,IM m=10 mode des m,croisee,agents demographiques (v6),0.05,0.024625,0.025375,0.02685221592345779,20
A,IM m=10 mode des m,croisee,agents demographiques (v6),0.1,0.049,0.051000000000000004,0.04982300046163418,20
A,IM m=10 mode des m,croisee,agents demographiques (v6),0.25,0.117125,0.132875,0.13493199259256494,20
A,IM m=10 mode des m,croisee,agents demographiques (v6),0.5,0.2158,0.2842,0.2881127973554802,20
A,IM m=10 mode des m,croisee,agents v8,0.05,0.011925000000000002,0.038075000000000005,0.038365669875554106,20
A,IM m=10 mode des m,croisee,agents v8,0.1,0.0238,0.07620000000000002,0.07527534041769589,20
A,IM m=10 mode des m,croisee,agents v8,0.25,0.057425000000000004,0.192575,0.19331051672115512,20
A,IM m=10 mode des m,croisee,agents v8,0.5,0.10705,0.39295,0.39474525947121897,20
A,IM m=10 mode des m,croisee,humains vague 2,0.05,0.297725,0.24772500000000003,0.2784816329221732,20
A,IM m=10 mode des m,croisee,humains vague 2,0.1,0.799775,0.699775,0.732074473329046,20
A,IM m=10 mode des m,croisee,humains vague 2,0.25,1.0,0.75,0.75,20
A,IM m=10 mode des m,croisee,humains vague 2,0.5,1.0,0.5,0.5,20
A,IM m=10 mode des m,agnostique,moyenne des sources a modele de langage,0.05,0.02075,0.02925,0.030252855237150756,20
A,IM m=10 mode des m,agnostique,moyenne des sources a modele de langage,0.1,0.039625,0.060375000000000005,0.059329326643743394,20
A,IM m=10 mode des m,agnostique,moyenne des sources a modele de langage,0.25,0.08625,0.16375,0.16494036611757595,20
A,IM m=10 mode des m,agnostique,moyenne des sources a modele de langage,0.5,0.143625,0.356375,0.3584497438623719,20
A,PMM k=10,propre,PMM k=10,0.05,0.06180000000000001,0.02545,0.036810435001504674,20
A,PMM k=10,propre,PMM k=10,0.1,0.0887,0.043325,0.04157036654878088,20
A,PMM k=10,propre,PMM k=10,0.25,0.225225,0.038325,0.0767126749631376,20
A,PMM k=10,propre,PMM k=10,0.5,0.49140000000000006,0.07082499999999997,0.09448393514243572,20
A,PMM k=10,croisee,B0 segment,0.05,0.0,0.05,0.04962640929988791,20
A,PMM k=10,croisee,B0 segment,0.1,0.0,0.1,0.10000000000000002,20
A,PMM k=10,croisee,B0 segment,0.25,0.0,0.25,0.25,20
A,PMM k=10,croisee,B0 segment,0.5,0.0,0.5,0.5,20
A,PMM k=10,croisee,C2,0.05,0.009174999999999999,0.040825,0.04156139284239642,20
A,PMM k=10,croisee,C2,0.1,0.0128,0.0872,0.08629804096849476,20
A,PMM k=10,croisee,C2,0.25,0.028725,0.221275,0.219230736896084,20
A,PMM k=10,croisee,C2,0.5,0.05065,0.44935,0.4488766247533948,20
A,PMM k=10,croisee,C3,0.05,0.0204,0.0296,0.0326313116500088,20
A,PMM k=10,croisee,C3,0.1,0.0271,0.0729,0.07206209648629437,20
A,PMM k=10,croisee,C3,0.25,0.052375000000000005,0.197625,0.1950529610772418,20
A,PMM k=10,croisee,C3,0.5,0.08177500000000001,0.41822499999999996,0.4177521247701799,20
A,PMM k=10,croisee,E2 regression contexte tirage,0.05,0.0,0.05,0.04891590871076608,20
A,PMM k=10,croisee,E2 regression contexte tirage,0.1,0.0,0.1,0.10000000000000002,20
A,PMM k=10,croisee,E2 regression contexte tirage,0.25,0.0,0.25,0.25,20
A,PMM k=10,croisee,E2 regression contexte tirage,0.5,0.0,0.5,0.5,20
A,PMM k=10,croisee,IM m=10 mode des m,0.05,0.02875,0.02125,0.027531420686190532,20
A,PMM k=10,croisee,IM m=10 mode des m,0.1,0.04095,0.059050000000000005,0.057965482185521416,20
A,PMM k=10,croisee,IM m=10 mode des m,0.25,0.099575,0.15042499999999998,0.14387830838941634,20
A,PMM k=10,croisee,IM m=10 mode des m,0.5,0.1962,0.30379999999999996,0.3019565877324089,20
A,PMM k=10,croisee,agents composite,0.05,0.0293,0.020700000000000003,0.027226336055371097,20
A,PMM k=10,croisee,agents composite,0.1,0.041225,0.05877500000000001,0.05789257832399591,20
A,PMM k=10,croisee,agents composite,0.25,0.09485,0.15515,0.14953022687737755,20
A,PMM k=10,croisee,agents composite,0.5,0.17220000000000002,0.3278,0.3265699098202405,20
A,PMM k=10,croisee,agents demographiques (v6),0.05,0.014575000000000001,0.035425,0.03688459705622389,20
A,PMM k=10,croisee,agents demographiques (v6),0.1,0.02065,0.07935,0.077895916934073,20
A,PMM k=10,croisee,agents demographiques (v6),0.25,0.049174999999999996,0.200825,0.1969074265359232,20
A,PMM k=10,croisee,agents demographiques (v6),0.5,0.09355,0.40645,0.4053771529390871,20
A,PMM k=10,croisee,agents v8,0.05,0.0070750000000000006,0.042925000000000005,0.04338729220635923,20
A,PMM k=10,croisee,agents v8,0.1,0.010025,0.089975,0.08913078312233098,20
A,PMM k=10,croisee,agents v8,0.25,0.0239,0.2261,0.22402794942819076,20
A,PMM k=10,croisee,agents v8,0.5,0.045725,0.454275,0.4536789984394252,20
A,PMM k=10,croisee,humains vague 2,0.05,0.1648,0.11480000000000001,0.15126936446286804,20
A,PMM k=10,croisee,humains vague 2,0.1,0.243025,0.143025,0.22313006352797915,20
A,PMM k=10,croisee,humains vague 2,0.25,0.8071,0.5571,0.5806010945563227,20
A,PMM k=10,croisee,humains vague 2,0.5,1.0,0.5,0.5,20
A,PMM k=10,agnostique,moyenne des sources a modele de langage,0.05,0.0125,0.037500000000000006,0.038666393677197264,20
A,PMM k=10,agnostique,moyenne des sources a modele de langage,0.1,0.017525,0.082475,0.08131677717420926,20
A,PMM k=10,agnostique,moyenne des sources a modele de langage,0.25,0.03975,0.21025,0.20742216401580618,20
A,PMM k=10,agnostique,moyenne des sources a modele de langage,0.5,0.07095000000000001,0.42905,0.42841625071301864,20
A,agents composite,propre,agents composite,0.05,0.050175000000000004,0.009475,0.011457606643623268,20
A,agents composite,propre,agents composite,0.1,0.09055,0.015299999999999994,0.02242865633514411,20
A,agents composite,propre,agents composite,0.25,0.258875,0.015674999999999994,0.022156717378709338,20
A,agents composite,propre,agents composite,0.5,0.499725,0.01067499999999999,0.017150699694181575,20
A,agents composite,croisee,B0 segment,0.05,0.0,0.05,0.05000000000000001,20
A,agents composite,croisee,B0 segment,0.1,0.0,0.1,0.10000000000000002,20
A,agents composite,croisee,B0 segment,0.25,0.0,0.25,0.25,20
A,agents composite,croisee,B0 segment,0.5,0.0,0.5,0.5,20
A,agents composite,croisee,C2,0.05,0.015525,0.034475,0.03519632438195784,20
A,agents composite,croisee,C2,0.1,0.027475,0.072525,0.07305746453990859,20
A,agents composite,croisee,C2,0.25,0.07427500000000001,0.175725,0.17672404689232304,20
A,agents composite,croisee,C2,0.5,0.13677499999999998,0.363225,0.3634508890483004,20
A,agents composite,croisee,C3,0.05,0.031825000000000006,0.018175,0.020132802835174244,20
A,agents composite,croisee,C3,0.1,0.05055,0.04945000000000001,0.050850655108857744,20
A,agents composite,croisee,C3,0.25,0.11030000000000001,0.1397,0.14097819246252236,20
A,agents composite,croisee,C3,0.5,0.1791,0.3209,0.3211378356718498,20
A,agents composite,croisee,E2 regression contexte tirage,0.05,0.0,0.05,0.05000000000000001,20
A,agents composite,croisee,E2 regression contexte tirage,0.1,0.0,0.1,0.10000000000000002,20
A,agents composite,croisee,E2 regression contexte tirage,0.25,0.0,0.25,0.25,20
A,agents composite,croisee,E2 regression contexte tirage,0.5,0.0,0.5,0.5,20
A,agents composite,croisee,IM m=10 mode des m,0.05,0.050325,0.009975000000000001,0.012051042486025846,20
A,agents composite,croisee,IM m=10 mode des m,0.1,0.09465000000000001,0.018825,0.02360022510485864,20
A,agents composite,croisee,IM m=10 mode des m,0.25,0.32500000000000007,0.07500000000000004,0.07829252758086178,20
A,agents composite,croisee,IM m=10 mode des m,0.5,0.8895500000000001,0.38955000000000006,0.39379426243280896,20
A,agents composite,croisee,PMM k=10,0.05,0.109675,0.059675,0.06218002894820813,20
A,agents composite,croisee,PMM k=10,0.1,0.21325,0.11325,0.12612540981102896,20
A,agents composite,croisee,PMM k=10,0.25,1.0,0.75,0.709386233567441,20
A,agents composite,croisee,PMM k=10,0.5,1.0,0.5,0.5,20
A,agents composite,croisee,agents demographiques (v6),0.05,0.025300000000000003,0.0247,0.02624654262945884,20
A,agents composite,croisee,agents demographiques (v6),0.1,0.046825000000000006,0.053175,0.054632153993779166,20
A,agents composite,croisee,agents demographiques (v6),0.25,0.147675,0.102325,0.1052489026071056,20
A,agents composite,croisee,agents demographiques (v6),0.5,0.32125000000000004,0.17875,0.1797478675116898,20
A,agents composite,croisee,agents v8,0.05,0.01225,0.037750000000000006,0.0382722190367896,20
A,agents composite,croisee,agents v8,0.1,0.02275,0.07725,0.07759787851481509,20
A,agents composite,croisee,agents v8,0.25,0.07265,0.17734999999999998,0.17847603305486145,20
A,agents composite,croisee,agents v8,0.5,0.1614,0.3386,0.3389202478091269,20
A,agents composite,croisee,humains vague 2,0.05,0.30752500000000005,0.257525,0.2643670859335557,20
A,agents composite,croisee,humains vague 2,0.1,0.72915,0.6291500000000001,0.6543844554235684,20
A,agents composite,croisee,humains vague 2,0.25,1.0,0.75,0.75,20
A,agents composite,croisee,humains vague 2,0.5,1.0,0.5,0.5,20
A,agents composite,agnostique,moyenne des sources a modele de langage,0.05,0.021275000000000002,0.028725,0.029851229036674518,20
A,agents composite,agnostique,moyenne des sources a modele de langage,0.1,0.037975,0.062025,0.06294564123114484,20
A,agents composite,agnostique,moyenne des sources a modele de langage,0.25,0.10502500000000001,0.144975,0.14651900218060454,20
A,agents composite,agnostique,moyenne des sources a modele de langage,0.5,0.19685000000000002,0.30315,0.3035031083036877,20
A,agents demographiques (v6),propre,agents demographiques (v6),0.05,0.04037500000000001,0.009624999999999998,0.011699957264879218,20
A,agents demographiques (v6),propre,agents demographiques (v6),0.1,0.0947,0.009325,0.016430391048298274,20
A,agents demographiques (v6),propre,agents demographiques (v6),0.25,0.25965000000000005,0.012999999999999984,0.017920327145451338,20
A,agents demographiques (v6),propre,agents demographiques (v6),0.5,0.5021,0.009750000000000009,0.019431404992948913,20
A,agents demographiques (v6),croisee,B0 segment,0.05,0.0,0.05,0.05000000000000001,20
A,agents demographiques (v6),croisee,B0 segment,0.1,0.0,0.1,0.10000000000000002,20
A,agents demographiques (v6),croisee,B0 segment,0.25,0.0,0.25,0.25,20
A,agents demographiques (v6),croisee,B0 segment,0.5,0.0,0.5,0.5,20
A,agents demographiques (v6),croisee,C2,0.05,0.024,0.026000000000000002,0.025890690894605346,20
A,agents demographiques (v6),croisee,C2,0.1,0.0512,0.0488,0.05073639719175969,20
A,agents demographiques (v6),croisee,C2,0.25,0.116275,0.133725,0.13443670769176105,20
A,agents demographiques (v6),croisee,C2,0.5,0.1902,0.30979999999999996,0.31089629621467024,20
A,agents demographiques (v6),croisee,C3,0.05,0.045375,0.005125000000000001,0.0075960269220165366,20
A,agents demographiques (v6),croisee,C3,0.1,0.08245,0.017550000000000003,0.021385921186612467,20
A,agents demographiques (v6),croisee,C3,0.25,0.1572,0.0928,0.09364484435888608,20
A,agents demographiques (v6),croisee,C3,0.5,0.23455,0.26544999999999996,0.2665765542016026,20
A,agents demographiques (v6),croisee,E2 regression contexte tirage,0.05,0.0,0.05,0.05000000000000001,20
A,agents demographiques (v6),croisee,E2 regression contexte tirage,0.1,0.0,0.1,0.10000000000000002,20
A,agents demographiques (v6),croisee,E2 regression contexte tirage,0.25,0.0,0.25,0.25,20
A,agents demographiques (v6),croisee,E2 regression contexte tirage,0.5,0.0,0.5,0.5,20
A,agents demographiques (v6),croisee,IM m=10 mode des m,0.05,0.0812,0.0312,0.037095309676561536,20
A,agents demographiques (v6),croisee,IM m=10 mode des m,0.1,0.198825,0.098825,0.09783857368134513,20
A,agents demographiques (v6),croisee,IM m=10 mode des m,0.25,0.649125,0.399125,0.3990987914977944,20
A,agents demographiques (v6),croisee,IM m=10 mode des m,0.5,1.0,0.5,0.5,20
A,agents demographiques (v6),croisee,PMM k=10,0.05,0.181025,0.131025,0.1420642143539322,20
A,agents demographiques (v6),croisee,PMM k=10,0.1,0.4998,0.39980000000000004,0.3982888038220508,20
A,agents demographiques (v6),croisee,PMM k=10,0.25,1.0,0.75,0.75,20
A,agents demographiques (v6),croisee,PMM k=10,0.5,1.0,0.5,0.5,20
A,agents demographiques (v6),croisee,agents composite,0.05,0.07865,0.028650000000000002,0.033612438173985536,20
A,agents demographiques (v6),croisee,agents composite,0.1,0.17412500000000003,0.07412500000000001,0.07293680312434869,20
A,agents demographiques (v6),croisee,agents composite,0.25,0.41932500000000006,0.16932500000000003,0.16844594088312134,20
A,agents demographiques (v6),croisee,agents composite,0.5,0.7138,0.2138,0.2106909347836304,20
A,agents demographiques (v6),croisee,agents v8,0.05,0.0196,0.030400000000000003,0.03016042108459363,20
A,agents demographiques (v6),croisee,agents v8,0.1,0.0463,0.053700000000000005,0.05560683748425189,20
A,agents demographiques (v6),croisee,agents v8,0.25,0.129475,0.120525,0.12159065599378925,20
A,agents demographiques (v6),croisee,agents v8,0.5,0.25777500000000003,0.24222499999999997,0.24442364630902633,20
A,agents demographiques (v6),croisee,humains vague 2,0.05,0.5676000000000001,0.5176000000000001,0.5896233172543298,20
A,agents demographiques (v6),croisee,humains vague 2,0.1,1.0,0.9,0.9000000000000001,20
A,agents demographiques (v6),croisee,humains vague 2,0.25,1.0,0.75,0.75,20
A,agents demographiques (v6),croisee,humains vague 2,0.5,1.0,0.5,0.5,20
A,agents demographiques (v6),agnostique,moyenne des sources a modele de langage,0.05,0.033100000000000004,0.0169,0.01729957369416946,20
A,agents demographiques (v6),agnostique,moyenne des sources a modele de langage,0.1,0.07172500000000001,0.028275,0.031902848618892955,20
A,agents demographiques (v6),agnostique,moyenne des sources a modele de langage,0.25,0.16655,0.08345,0.08471763172445272,20
A,agents demographiques (v6),agnostique,moyenne des sources a modele de langage,0.5,0.27642500000000003,0.22357499999999997,0.22528997231346093,20
A,agents v8,propre,agents v8,0.05,0.04085,0.009150000000000002,0.010425125898520364,20
A,agents v8,propre,agents v8,0.1,0.094725,0.007875,0.0105564968147582,20
A,agents v8,propre,agents v8,0.25,0.25855000000000006,0.011225000000000013,0.013889366436234602,20
A,agents v8,propre,agents v8,0.5,0.499575,0.010124999999999995,0.012690020685562332,20
A,agents v8,croisee,B0 segment,0.05,0.0,0.05,0.05000000000000001,20
A,agents v8,croisee,B0 segment,0.1,0.0,0.1,0.10000000000000002,20
A,agents v8,croisee,B0 segment,0.25,0.0,0.25,0.25,20
A,agents v8,croisee,B0 segment,0.5,0.0,0.5,0.5,20
A,agents v8,croisee,C2,0.05,0.046025,0.004975,0.006203688418997203,20
A,agents v8,croisee,C2,0.1,0.09162500000000001,0.008375,0.011398689617670975,20
A,agents v8,croisee,C2,0.25,0.190575,0.05942499999999999,0.060104151270939675,20
A,agents v8,croisee,C2,0.5,0.29345,0.20654999999999998,0.2070771770379343,20
A,agents v8,croisee,C3,0.05,0.075875,0.025875000000000002,0.026239812308779954,20
A,agents v8,croisee,C3,0.1,0.1301,0.030100000000000002,0.029418835378036298,20
A,agents v8,croisee,C3,0.25,0.234975,0.015024999999999997,0.0165810283155177,20
A,agents v8,croisee,C3,0.5,0.338175,0.161825,0.16237027591280367,20
A,agents v8,croisee,E2 regression contexte tirage,0.05,0.0,0.05,0.05000000000000001,20
A,agents v8,croisee,E2 regression contexte tirage,0.1,0.0,0.1,0.10000000000000002,20
A,agents v8,croisee,E2 regression contexte tirage,0.25,0.0,0.25,0.25,20
A,agents v8,croisee,E2 regression contexte tirage,0.5,0.0,0.5,0.5,20
A,agents v8,croisee,IM m=10 mode des m,0.05,0.1741,0.12409999999999999,0.1255487191292687,20
A,agents v8,croisee,IM m=10 mode des m,0.1,0.44072500000000003,0.340725,0.3356346631756023,20
A,agents v8,croisee,IM m=10 mode des m,0.25,1.0,0.75,0.75,20
A,agents v8,croisee,IM m=10 mode des m,0.5,1.0,0.5,0.5,20
A,agents v8,croisee,PMM k=10,0.05,0.42390000000000005,0.3739,0.38050508669398886,20
A,agents v8,croisee,PMM k=10,0.1,1.0,0.9,0.9000000000000001,20
A,agents v8,croisee,PMM k=10,0.25,1.0,0.75,0.75,20
A,agents v8,croisee,PMM k=10,0.5,1.0,0.5,0.5,20
A,agents v8,croisee,agents composite,0.05,0.15552500000000002,0.10552500000000001,0.10623517072984823,20
A,agents v8,croisee,agents composite,0.1,0.32435,0.22435000000000002,0.2207218286101309,20
A,agents v8,croisee,agents composite,0.25,0.7153499999999999,0.46535,0.4643370858008221,20
A,agents v8,croisee,agents composite,0.5,1.0,0.5,0.5,20
A,agents v8,croisee,agents demographiques (v6),0.05,0.083675,0.033675000000000004,0.03478636227029208,20
A,agents v8,croisee,agents demographiques (v6),0.1,0.19155,0.09155,0.08978521593224578,20
A,agents v8,croisee,agents demographiques (v6),0.25,0.5035000000000001,0.25350000000000006,0.253063761481173,20
A,agents v8,croisee,agents demographiques (v6),0.5,0.9252,0.4252,0.4236662280026578,20
A,agents v8,croisee,humains vague 2,0.05,1.0,0.95,0.9500000000000001,20
A,agents v8,croisee,humains vague 2,0.1,1.0,0.9,0.9000000000000001,20
A,agents v8,croisee,humains vague 2,0.25,1.0,0.75,0.75,20
A,agents v8,croisee,humains vague 2,0.5,1.0,0.5,0.5,20
A,agents v8,agnostique,moyenne des sources a modele de langage,0.05,0.0643,0.0143,0.015506941993829734,20
A,agents v8,agnostique,moyenne des sources a modele de langage,0.1,0.13035000000000002,0.030350000000000002,0.02981013250557602,20
A,agents v8,agnostique,moyenne des sources a modele de langage,0.25,0.27697499999999997,0.026975,0.0277918333328336,20
A,agents v8,agnostique,moyenne des sources a modele de langage,0.5,0.4315,0.06849999999999998,0.0695714785310762,20
A,humains vague 2,propre,humains vague 2,0.05,0.10975000000000001,0.07405,0.10975955767039153,20
A,humains vague 2,propre,humains vague 2,0.1,0.10055,0.091175,0.0903707198156571,20
A,humains vague 2,propre,humains vague 2,0.25,0.218275,0.12867499999999998,0.17799678122089738,20
A,humains vague 2,propre,humains vague 2,0.5,0.539025,0.14897500000000002,0.21605094017383955,20
A,humains vague 2,croisee,B0 segment,0.05,0.0,0.05,0.049109730451306705,20
A,humains vague 2,croisee,B0 segment,0.1,0.0,0.1,0.09916967530450023,20
A,humains vague 2,croisee,B0 segment,0.25,0.0,0.25,0.2495266120577122,20
A,humains vague 2,croisee,B0 segment,0.5,0.0,0.5,0.5,20
A,humains vague 2,croisee,C2,0.05,0.0063,0.0437,0.04434141546004142,20
A,humains vague 2,croisee,C2,0.1,0.005825,0.09417500000000001,0.09431466283139649,20
A,humains vague 2,croisee,C2,0.25,0.011700000000000002,0.2383,0.2377172919141559,20
A,humains vague 2,croisee,C2,0.5,0.023225000000000003,0.47677499999999995,0.47785591499949015,20
A,humains vague 2,croisee,C3,0.05,0.01455,0.03545,0.038381258447320356,20
A,humains vague 2,croisee,C3,0.1,0.013774999999999999,0.086225,0.0877024336891514,20
A,humains vague 2,croisee,C3,0.25,0.025150000000000002,0.22485,0.2250123504943673,20
A,humains vague 2,croisee,C3,0.5,0.0442,0.4558,0.45785404934323776,20
A,humains vague 2,croisee,E2 regression contexte tirage,0.05,0.0,0.05,0.04730096854188084,20
A,humains vague 2,croisee,E2 regression contexte tirage,0.1,0.0,0.1,0.09708760605762203,20
A,humains vague 2,croisee,E2 regression contexte tirage,0.25,0.0,0.25,0.24821905874650319,20
A,humains vague 2,croisee,E2 regression contexte tirage,0.5,0.0,0.5,0.5,20
A,humains vague 2,croisee,IM m=10 mode des m,0.05,0.0195,0.0305,0.035040143050507094,20
A,humains vague 2,croisee,IM m=10 mode des m,0.1,0.018025,0.081975,0.08312378495352579,20
A,humains vague 2,croisee,IM m=10 mode des m,0.25,0.037200000000000004,0.2128,0.21101563449185465,20
A,humains vague 2,croisee,IM m=10 mode des m,0.5,0.07835,0.42164999999999997,0.42557387798712454,20
A,humains vague 2,croisee,PMM k=10,0.05,0.0417,0.034499999999999996,0.03551137493818002,20
A,humains vague 2,croisee,PMM k=10,0.1,0.038475,0.061525,0.06907193532832276,20
A,humains vague 2,croisee,PMM k=10,0.25,0.080375,0.16962499999999997,0.17064260055742234,20
A,humains vague 2,croisee,PMM k=10,0.5,0.1743,0.3257,0.3365869362066805,20
A,humains vague 2,croisee,agents composite,0.05,0.02,0.03,0.0348501093972458,20
A,humains vague 2,croisee,agents composite,0.1,0.018575,0.081425,0.08284917395484398,20
A,humains vague 2,croisee,agents composite,0.25,0.037575,0.212425,0.21119390793770543,20
A,humains vague 2,croisee,agents composite,0.5,0.076075,0.423925,0.4278061570384419,20
A,humains vague 2,croisee,agents demographiques (v6),0.05,0.009899999999999999,0.0401,0.04129960350899268,20
A,humains vague 2,croisee,agents demographiques (v6),0.1,0.009174999999999999,0.090825,0.09106130421315083,20
A,humains vague 2,croisee,agents demographiques (v6),0.25,0.0188,0.2312,0.230039736241372,20
A,humains vague 2,croisee,agents demographiques (v6),0.5,0.03900000000000001,0.46099999999999997,0.46284200476512494,20
A,humains vague 2,croisee,agents v8,0.05,0.0048000000000000004,0.045200000000000004,0.04556958141128795,20
A,humains vague 2,croisee,agents v8,0.1,0.004450000000000001,0.09555,0.09558609143070973,20
A,humains vague 2,croisee,agents v8,0.25,0.0091,0.2409,0.24023333605059896,20
A,humains vague 2,croisee,agents v8,0.5,0.01895,0.48105,0.4819222966412739,20
A,humains vague 2,agnostique,moyenne des sources a modele de langage,0.05,0.00855,0.04145,0.04243669108212845,20
A,humains vague 2,agnostique,moyenne des sources a modele de langage,0.1,0.00795,0.09204999999999999,0.09229636707368281,20
A,humains vague 2,agnostique,moyenne des sources a modele de langage,0.25,0.016,0.23399999999999999,0.2332010406816402,20
A,humains vague 2,agnostique,moyenne des sources a modele de langage,0.5,0.032025,0.46797500000000003,0.4694886842353072,20
B,B0 segment,propre,B0 segment,0.05,0.05122500000000001,0.0025749999999999974,0.004467227887627852,20
B,B0 segment,propre,B0 segment,0.1,0.09735,0.0061250000000000054,0.007881449739736974,20
B,B0 segment,propre,B0 segment,0.25,0.24677500000000002,0.0061249999999999916,0.01014591050620889,20
B,B0 segment,propre,B0 segment,0.5,0.5023,0.007849999999999996,0.01195667177771472,20
B,B0 segment,croisee,C2,0.05,0.0,0.05,0.05000000000000001,20
B,B0 segment,croisee,C2,0.1,0.0,0.1,0.10000000000000002,20
B,B0 segment,croisee,C2,0.25,0.0,0.25,0.25,20
B,B0 segment,croisee,C2,0.5,0.0,0.5,0.5,20
B,B0 segment,croisee,C3,0.05,0.0,0.05,0.05000000000000001,20
B,B0 segment,croisee,C3,0.1,0.0,0.1,0.10000000000000002,20
B,B0 segment,croisee,C3,0.25,0.0,0.25,0.25,20
B,B0 segment,croisee,C3,0.5,0.0,0.5,0.5,20
B,B0 segment,croisee,E2 regression contexte tirage,0.05,0.198125,0.148125,0.14793543228381767,20
B,B0 segment,croisee,E2 regression contexte tirage,0.1,0.37140000000000006,0.27140000000000003,0.2788171757621829,20
B,B0 segment,croisee,E2 regression contexte tirage,0.25,0.9026000000000001,0.6526000000000001,0.6655781119635772,20
B,B0 segment,croisee,E2 regression contexte tirage,0.5,1.0,0.5,0.5,20
B,B0 segment,croisee,IM m=10 mode des m,0.05,0.0,0.05,0.05000000000000001,20
B,B0 segment,croisee,IM m=10 mode des m,0.1,0.0,0.1,0.10000000000000002,20
B,B0 segment,croisee,IM m=10 mode des m,0.25,0.0,0.25,0.25,20
B,B0 segment,croisee,IM m=10 mode des m,0.5,0.0,0.5,0.5,20
B,B0 segment,croisee,PMM k=10,0.05,0.0,0.05,0.05000000000000001,20
B,B0 segment,croisee,PMM k=10,0.1,0.0,0.1,0.10000000000000002,20
B,B0 segment,croisee,PMM k=10,0.25,0.0,0.25,0.25,20
B,B0 segment,croisee,PMM k=10,0.5,0.0,0.5,0.5,20
B,B0 segment,croisee,agents composite,0.05,0.0,0.05,0.05000000000000001,20
B,B0 segment,croisee,agents composite,0.1,0.0,0.1,0.10000000000000002,20
B,B0 segment,croisee,agents composite,0.25,0.0,0.25,0.25,20
B,B0 segment,croisee,agents composite,0.5,0.0,0.5,0.5,20
B,B0 segment,croisee,agents demographiques (v6),0.05,0.0,0.05,0.05000000000000001,20
B,B0 segment,croisee,agents demographiques (v6),0.1,0.0,0.1,0.10000000000000002,20
B,B0 segment,croisee,agents demographiques (v6),0.25,0.0,0.25,0.25,20
B,B0 segment,croisee,agents demographiques (v6),0.5,0.0,0.5,0.5,20
B,B0 segment,croisee,agents v8,0.05,0.0,0.05,0.05000000000000001,20
B,B0 segment,croisee,agents v8,0.1,0.0,0.1,0.10000000000000002,20
B,B0 segment,croisee,agents v8,0.25,0.0,0.25,0.25,20
B,B0 segment,croisee,agents v8,0.5,0.0,0.5,0.5,20
B,B0 segment,croisee,humains vague 2,0.05,0.0,0.05,0.05000000000000001,20
B,B0 segment,croisee,humains vague 2,0.1,0.0,0.1,0.10000000000000002,20
B,B0 segment,croisee,humains vague 2,0.25,0.0,0.25,0.25,20
B,B0 segment,croisee,humains vague 2,0.5,0.0,0.5,0.5,20
B,B0 segment,agnostique,moyenne des sources a modele de langage,0.05,0.0,0.05,0.05000000000000001,20
B,B0 segment,agnostique,moyenne des sources a modele de langage,0.1,0.0,0.1,0.10000000000000002,20
B,B0 segment,agnostique,moyenne des sources a modele de langage,0.25,0.0,0.25,0.25,20
B,B0 segment,agnostique,moyenne des sources a modele de langage,0.5,0.0,0.5,0.5,20
B,C2,propre,C2,0.05,0.050225000000000006,0.0035749999999999983,0.0050750862061643845,20
B,C2,propre,C2,0.1,0.0998,0.0013249999999999998,0.0030916621743004194,20
B,C2,croisee,B0 segment,0.05,0.0,0.05,0.05000000000000001,20
B,C2,croisee,B0 segment,0.1,0.0,0.1,0.10000000000000002,20
B,C2,croisee,C3,0.05,0.051250000000000004,0.003599999999999999,0.004803176032585106,20
B,C2,croisee,C3,0.1,0.09692500000000001,0.0030750000000000013,0.004066863041706715,20
B,C2,croisee,E2 regression contexte tirage,0.05,0.0,0.05,0.05000000000000001,20
B,C2,croisee,E2 regression contexte tirage,0.1,0.0,0.1,0.10000000000000002,20
B,C2,croisee,IM m=10 mode des m,0.05,0.1448,0.09480000000000001,0.09644444579653098,20
B,C2,croisee,IM m=10 mode des m,0.1,0.438275,0.338275,0.34041648259888946,20
B,C2,croisee,PMM k=10,0.05,0.134225,0.08422500000000001,0.08627852209559457,20
B,C2,croisee,PMM k=10,0.1,0.46155,0.36155,0.3648157769683213,20
B,C2,croisee,agents composite,0.05,0.07362500000000001,0.023625000000000007,0.025622253511352194,20
B,C2,croisee,agents composite,0.1,0.2127,0.11270000000000001,0.1137852522298035,20
B,C2,croisee,agents demographiques (v6),0.05,0.04185,0.008150000000000001,0.010652130068676406,20
B,C2,croisee,agents demographiques (v6),0.1,0.126025,0.026025000000000006,0.027197345918306075,20
B,C2,croisee,agents v8,0.05,0.023175,0.026825,0.027223330986490248,20
B,C2,croisee,agents v8,0.1,0.07245,0.027550000000000005,0.027565469794654327,20
B,C2,croisee,humains vague 2,0.05,1.0,0.95,0.8957043068864858,20
B,C2,croisee,humains vague 2,0.1,1.0,0.9,0.9000000000000001,20
B,C2,agnostique,moyenne des sources a modele de langage,0.05,0.043125000000000004,0.006874999999999999,0.009231637178745708,20
B,C2,agnostique,moyenne des sources a modele de langage,0.1,0.1051,0.005099999999999993,0.006721541861805221,20
B,C3,propre,C3,0.05,0.04932500000000001,0.004225,0.005426635698109834,20
B,C3,propre,C3,0.1,0.10017500000000001,0.0023999999999999994,0.0028370318997149114,20
B,C3,croisee,B0 segment,0.05,0.0,0.05,0.05000000000000001,20
B,C3,croisee,B0 segment,0.1,0.0,0.1,0.10000000000000002,20
B,C3,croisee,C2,0.05,0.04815,0.0046,0.005978952667482825,20
B,C3,croisee,C2,0.1,0.10335,0.003349999999999999,0.004387111806188668,20
B,C3,croisee,E2 regression contexte tirage,0.05,0.0,0.05,0.05000000000000001,20
B,C3,croisee,E2 regression contexte tirage,0.1,0.0,0.1,0.10000000000000002,20
B,C3,croisee,IM m=10 mode des m,0.05,0.135725,0.08572500000000001,0.09227112766190733,20
B,C3,croisee,IM m=10 mode des m,0.1,0.464325,0.364325,0.36344109116884404,20
B,C3,croisee,PMM k=10,0.05,0.12537500000000001,0.075375,0.08231266230052336,20
B,C3,croisee,PMM k=10,0.1,0.495425,0.395425,0.3948607246549093,20
B,C3,croisee,agents composite,0.05,0.069125,0.019125000000000003,0.024103682291301467,20
B,C3,croisee,agents composite,0.1,0.22455000000000003,0.12455000000000001,0.12423403468856672,20
B,C3,croisee,agents demographiques (v6),0.05,0.03925000000000001,0.01075,0.012313549447661306,20
B,C3,croisee,agents demographiques (v6),0.1,0.133475,0.033475000000000005,0.03365595972483923,20
B,C3,croisee,agents v8,0.05,0.0217,0.028300000000000002,0.02810237312043238,20
B,C3,croisee,agents v8,0.1,0.076975,0.023025000000000004,0.023634662045394265,20
B,C3,croisee,humains vague 2,0.05,0.970925,0.920925,0.8619465229931611,20
B,C3,croisee,humains vague 2,0.1,1.0,0.9,0.9000000000000001,20
B,C3,agnostique,moyenne des sources a modele de langage,0.05,0.040825,0.009174999999999999,0.010756974481702557,20
B,C3,agnostique,moyenne des sources a modele de langage,0.1,0.109825,0.009825,0.010371089624528372,20
B,E2 regression contexte tirage,propre,E2 regression contexte tirage,0.05,0.049675,0.008550000000000002,0.017063971548265076,20
B,E2 regression contexte tirage,propre,E2 regression contexte tirage,0.1,0.0891,0.016375,0.021360661857723416,20
B,E2 regression contexte tirage,propre,E2 regression contexte tirage,0.25,0.25765000000000005,0.014950000000000005,0.017724654439508835,20
B,E2 regression contexte tirage,propre,E2 regression contexte tirage,0.5,0.5076,0.021400000000000002,0.02871628022568383,20
B,E2 regression contexte tirage,croisee,B0 segment,0.05,0.0127,0.0373,0.03675274309490382,20
B,E2 regression contexte tirage,croisee,B0 segment,0.1,0.022850000000000002,0.07715,0.0766412853819663,20
B,E2 regression contexte tirage,croisee,B0 segment,0.25,0.06695000000000001,0.18305,0.18403641691252304,20
B,E2 regression contexte tirage,croisee,B0 segment,0.5,0.1345,0.3655,0.36786969500082495,20
B,E2 regression contexte tirage,croisee,C2,0.05,0.0,0.05,0.05000000000000001,20
B,E2 regression contexte tirage,croisee,C2,0.1,0.0,0.1,0.10000000000000002,20
B,E2 regression contexte tirage,croisee,C2,0.25,0.0,0.25,0.25,20
B,E2 regression contexte tirage,croisee,C2,0.5,0.0,0.5,0.5,20
B,E2 regression contexte tirage,croisee,C3,0.05,0.0,0.05,0.05000000000000001,20
B,E2 regression contexte tirage,croisee,C3,0.1,0.0,0.1,0.10000000000000002,20
B,E2 regression contexte tirage,croisee,C3,0.25,0.0,0.25,0.25,20
B,E2 regression contexte tirage,croisee,C3,0.5,0.0,0.5,0.5,20
B,E2 regression contexte tirage,croisee,IM m=10 mode des m,0.05,0.0,0.05,0.05000000000000001,20
B,E2 regression contexte tirage,croisee,IM m=10 mode des m,0.1,0.0,0.1,0.10000000000000002,20
B,E2 regression contexte tirage,croisee,IM m=10 mode des m,0.25,0.0,0.25,0.25,20
B,E2 regression contexte tirage,croisee,IM m=10 mode des m,0.5,0.0,0.5,0.5,20
B,E2 regression contexte tirage,croisee,PMM k=10,0.05,0.0,0.05,0.05000000000000001,20
B,E2 regression contexte tirage,croisee,PMM k=10,0.1,0.0,0.1,0.10000000000000002,20
B,E2 regression contexte tirage,croisee,PMM k=10,0.25,0.0,0.25,0.25,20
B,E2 regression contexte tirage,croisee,PMM k=10,0.5,0.0,0.5,0.5,20
B,E2 regression contexte tirage,croisee,agents composite,0.05,0.0,0.05,0.05000000000000001,20
B,E2 regression contexte tirage,croisee,agents composite,0.1,0.0,0.1,0.10000000000000002,20
B,E2 regression contexte tirage,croisee,agents composite,0.25,0.0,0.25,0.25,20
B,E2 regression contexte tirage,croisee,agents composite,0.5,0.0,0.5,0.5,20
B,E2 regression contexte tirage,croisee,agents demographiques (v6),0.05,0.0,0.05,0.05000000000000001,20
B,E2 regression contexte tirage,croisee,agents demographiques (v6),0.1,0.0,0.1,0.10000000000000002,20
B,E2 regression contexte tirage,croisee,agents demographiques (v6),0.25,0.0,0.25,0.25,20
B,E2 regression contexte tirage,croisee,agents demographiques (v6),0.5,0.0,0.5,0.5,20
B,E2 regression contexte tirage,croisee,agents v8,0.05,0.0,0.05,0.05000000000000001,20
B,E2 regression contexte tirage,croisee,agents v8,0.1,0.0,0.1,0.10000000000000002,20
B,E2 regression contexte tirage,croisee,agents v8,0.25,0.0,0.25,0.25,20
B,E2 regression contexte tirage,croisee,agents v8,0.5,0.0,0.5,0.5,20
B,E2 regression contexte tirage,croisee,humains vague 2,0.05,0.0,0.05,0.05000000000000001,20
B,E2 regression contexte tirage,croisee,humains vague 2,0.1,0.0,0.1,0.10000000000000002,20
B,E2 regression contexte tirage,croisee,humains vague 2,0.25,0.0,0.25,0.25,20
B,E2 regression contexte tirage,croisee,humains vague 2,0.5,0.0,0.5,0.5,20
B,E2 regression contexte tirage,agnostique,moyenne des sources a modele de langage,0.05,0.0,0.05,0.05000000000000001,20
B,E2 regression contexte tirage,agnostique,moyenne des sources a modele de langage,0.1,0.0,0.1,0.10000000000000002,20
B,E2 regression contexte tirage,agnostique,moyenne des sources a modele de langage,0.25,0.0,0.25,0.25,20
B,E2 regression contexte tirage,agnostique,moyenne des sources a modele de langage,0.5,0.0,0.5,0.5,20
B,IM m=10 mode des m,propre,IM m=10 mode des m,0.05,0.049375,0.005325,0.01173677979686081,20
B,IM m=10 mode des m,propre,IM m=10 mode des m,0.1,0.09892500000000001,0.010049999999999996,0.01674738785602101,20
B,IM m=10 mode des m,propre,IM m=10 mode des m,0.25,0.25565000000000004,0.020350000000000007,0.022819153139413396,20
B,IM m=10 mode des m,propre,IM m=10 mode des m,0.5,0.504325,0.019399999999999973,0.02462763183905428,20
B,IM m=10 mode des m,croisee,B0 segment,0.05,0.0,0.05,0.05000000000000001,20
B,IM m=10 mode des m,croisee,B0 segment,0.1,0.0,0.1,0.10000000000000002,20
B,IM m=10 mode des m,croisee,B0 segment,0.25,0.0,0.25,0.25,20
B,IM m=10 mode des m,croisee,B0 segment,0.5,0.0,0.5,0.5,20
B,IM m=10 mode des m,croisee,C2,0.05,0.024275,0.025725,0.027866951752927697,20
B,IM m=10 mode des m,croisee,C2,0.1,0.039175,0.060825000000000004,0.06124375376313898,20
B,IM m=10 mode des m,croisee,C2,0.25,0.071775,0.178225,0.17886274311605532,20
B,IM m=10 mode des m,croisee,C2,0.5,0.108625,0.391375,0.3920358368504083,20
B,IM m=10 mode des m,croisee,C3,0.05,0.026750000000000003,0.02325,0.025395454809867064,20
B,IM m=10 mode des m,croisee,C3,0.1,0.040925,0.059075,0.05946457453812312,20
B,IM m=10 mode des m,croisee,C3,0.25,0.07122500000000001,0.178775,0.17938334161788824,20
B,IM m=10 mode des m,croisee,C3,0.5,0.10502500000000001,0.394975,0.3955935918022434,20
B,IM m=10 mode des m,croisee,E2 regression contexte tirage,0.05,0.0,0.05,0.05000000000000001,20
B,IM m=10 mode des m,croisee,E2 regression contexte tirage,0.1,0.0,0.1,0.10000000000000002,20
B,IM m=10 mode des m,croisee,E2 regression contexte tirage,0.25,0.0,0.25,0.25,20
B,IM m=10 mode des m,croisee,E2 regression contexte tirage,0.5,0.0,0.5,0.5,20
B,IM m=10 mode des m,croisee,PMM k=10,0.05,0.04415,0.00835,0.013844759839014906,20
B,IM m=10 mode des m,croisee,PMM k=10,0.1,0.09010000000000001,0.013075000000000003,0.018718703881412304,20
B,IM m=10 mode des m,croisee,PMM k=10,0.25,0.24780000000000002,0.018274999999999986,0.024661957039132147,20
B,IM m=10 mode des m,croisee,PMM k=10,0.5,0.54945,0.049449999999999994,0.054762452921687146,20
B,IM m=10 mode des m,croisee,agents composite,0.05,0.025575,0.024425000000000002,0.027389665021682906,20
B,IM m=10 mode des m,croisee,agents composite,0.1,0.050725000000000006,0.049275,0.050172143665584,20
B,IM m=10 mode des m,croisee,agents composite,0.25,0.127525,0.12247499999999999,0.12445608462425609,20
B,IM m=10 mode des m,croisee,agents composite,0.5,0.2426,0.25739999999999996,0.2598764759457846,20
B,IM m=10 mode des m,croisee,agents demographiques (v6),0.05,0.0143,0.0357,0.037178555647039334,20
B,IM m=10 mode des m,croisee,agents demographiques (v6),0.1,0.028650000000000002,0.07135,0.07162729053929097,20
B,IM m=10 mode des m,croisee,agents demographiques (v6),0.25,0.07377500000000001,0.176225,0.17724484336645735,20
B,IM m=10 mode des m,croisee,agents demographiques (v6),0.5,0.144875,0.355125,0.35659910578968085,20
B,IM m=10 mode des m,croisee,agents v8,0.05,0.0078000000000000005,0.0422,0.04295742368904355,20
B,IM m=10 mode des m,croisee,agents v8,0.1,0.01575,0.08425,0.08433792592896745,20
B,IM m=10 mode des m,croisee,agents v8,0.25,0.041425000000000003,0.208575,0.2090965216712129,20
B,IM m=10 mode des m,croisee,agents v8,0.5,0.08395,0.41605000000000003,0.41691477891170997,20
B,IM m=10 mode des m,croisee,humains vague 2,0.05,0.2897,0.23970000000000002,0.22126925085741128,20
B,IM m=10 mode des m,croisee,humains vague 2,0.1,0.645625,0.545625,0.567077007998032,20
B,IM m=10 mode des m,croisee,humains vague 2,0.25,1.0,0.75,0.75,20
B,IM m=10 mode des m,croisee,humains vague 2,0.5,1.0,0.5,0.5,20
B,IM m=10 mode des m,agnostique,moyenne des sources a modele de langage,0.05,0.016575,0.033425,0.03509679472544466,20
B,IM m=10 mode des m,agnostique,moyenne des sources a modele de langage,0.1,0.03105,0.06895000000000001,0.06928425867395854,20
B,IM m=10 mode des m,agnostique,moyenne des sources a modele de langage,0.25,0.06895000000000001,0.18105,0.18185307599818046,20
B,IM m=10 mode des m,agnostique,moyenne des sources a modele de langage,0.5,0.11695,0.38305,0.38398211107420094,20
B,PMM k=10,propre,PMM k=10,0.05,0.048275,0.007625000000000003,0.009950690930784656,20
B,PMM k=10,propre,PMM k=10,0.1,0.0993,0.009900000000000006,0.015127937731230915,20
B,PMM k=10,propre,PMM k=10,0.25,0.250575,0.010050000000000003,0.016998029297539175,20
B,PMM k=10,propre,PMM k=10,0.5,0.494275,0.028099999999999986,0.034001498128758974,20
B,PMM k=10,croisee,B0 segment,0.05,0.0,0.05,0.05000000000000001,20
B,PMM k=10,croisee,B0 segment,0.1,0.0,0.1,0.10000000000000002,20
B,PMM k=10,croisee,B0 segment,0.25,0.0,0.25,0.25,20
B,PMM k=10,croisee,B0 segment,0.5,0.0,0.5,0.5,20
B,PMM k=10,croisee,C2,0.05,0.02585,0.02415,0.024136590480016026,20
B,PMM k=10,croisee,C2,0.1,0.041675000000000004,0.058325,0.0583723093598326,20
B,PMM k=10,croisee,C2,0.25,0.07225000000000001,0.17775000000000002,0.1779008909477409,20
B,PMM k=10,croisee,C2,0.5,0.10322500000000001,0.396775,0.3962500984227007,20
B,PMM k=10,croisee,C3,0.05,0.02825,0.021750000000000002,0.02175026436620944,20
B,PMM k=10,croisee,C3,0.1,0.04327500000000001,0.056725,0.056759190885705905,20
B,PMM k=10,croisee,C3,0.25,0.07165,0.17835,0.17849014713703387,20
B,PMM k=10,croisee,C3,0.5,0.1001,0.39990000000000003,0.39943759493818304,20
B,PMM k=10,croisee,E2 regression contexte tirage,0.05,0.0,0.05,0.05000000000000001,20
B,PMM k=10,croisee,E2 regression contexte tirage,0.1,0.0,0.1,0.10000000000000002,20
B,PMM k=10,croisee,E2 regression contexte tirage,0.25,0.0,0.25,0.25,20
B,PMM k=10,croisee,E2 regression contexte tirage,0.5,0.0,0.5,0.5,20
B,PMM k=10,croisee,IM m=10 mode des m,0.05,0.053925,0.010350000000000002,0.012064938872617633,20
B,PMM k=10,croisee,IM m=10 mode des m,0.1,0.108625,0.014000000000000005,0.018518149880590123,20
B,PMM k=10,croisee,IM m=10 mode des m,0.25,0.25827500000000003,0.01125000000000001,0.01758620197768694,20
B,PMM k=10,croisee,IM m=10 mode des m,0.5,0.46345000000000003,0.03654999999999997,0.04127544972498784,20
B,PMM k=10,croisee,agents composite,0.05,0.027875,0.022125000000000002,0.02215960570497589,20
B,PMM k=10,croisee,agents composite,0.1,0.055600000000000004,0.0444,0.044679812275791854,20
B,PMM k=10,croisee,agents composite,0.25,0.12875,0.12125,0.12172373741386683,20
B,PMM k=10,croisee,agents composite,0.5,0.22415000000000002,0.27585000000000004,0.27420721908804657,20
B,PMM k=10,croisee,agents demographiques (v6),0.05,0.015600000000000001,0.0344,0.03414500695562969,20
B,PMM k=10,croisee,agents demographiques (v6),0.1,0.031425,0.068575,0.06846369658439429,20
B,PMM k=10,croisee,agents demographiques (v6),0.25,0.07450000000000001,0.1755,0.17570347819550983,20
B,PMM k=10,croisee,agents demographiques (v6),0.5,0.133225,0.36677499999999996,0.36564095930981255,20
B,PMM k=10,croisee,agents v8,0.05,0.00855,0.04145,0.04128139108605717,20
B,PMM k=10,croisee,agents v8,0.1,0.017325,0.082675,0.08256735962231081,20
B,PMM k=10,croisee,agents v8,0.25,0.041875,0.208125,0.20822411093578957,20
B,PMM k=10,croisee,agents v8,0.5,0.076825,0.42317499999999997,0.4224486439201811,20
B,PMM k=10,croisee,humains vague 2,0.05,0.319025,0.26902500000000007,0.2883656929577442,20
B,PMM k=10,croisee,humains vague 2,0.1,0.727425,0.6274250000000001,0.6539917384799293,20
B,PMM k=10,croisee,humains vague 2,0.25,1.0,0.75,0.75,20
B,PMM k=10,croisee,humains vague 2,0.5,1.0,0.5,0.5,20
B,PMM k=10,agnostique,moyenne des sources a modele de langage,0.05,0.017975,0.032025,0.031842416679642896,20
B,PMM k=10,agnostique,moyenne des sources a modele de langage,0.1,0.0337,0.0663,0.06627848067057664,20
B,PMM k=10,agnostique,moyenne des sources a modele de langage,0.25,0.0695,0.1805,0.18067210423859018,20
B,PMM k=10,agnostique,moyenne des sources a modele de langage,0.5,0.109675,0.39032500000000003,0.38963734067719946,20
B,agents composite,propre,agents composite,0.05,0.046625,0.008475,0.011305253203710213,20
B,agents composite,propre,agents composite,0.1,0.095725,0.012725,0.01770291289590501,20
B,agents composite,propre,agents composite,0.25,0.2574,0.015899999999999997,0.022053698669384246,20
B,agents composite,propre,agents composite,0.5,0.49412500000000004,0.011299999999999977,0.016837677244798344,20
B,agents composite,croisee,B0 segment,0.05,0.0,0.05,0.05000000000000001,20
B,agents composite,croisee,B0 segment,0.1,0.0,0.1,0.10000000000000002,20
B,agents composite,croisee,B0 segment,0.25,0.0,0.25,0.25,20
B,agents composite,croisee,B0 segment,0.5,0.0,0.5,0.5,20
B,agents composite,croisee,C2,0.05,0.036975,0.013025000000000002,0.015170806669389733,20
B,agents composite,croisee,C2,0.1,0.059625,0.04037500000000001,0.04297697494007693,20
B,agents composite,croisee,C2,0.25,0.1129,0.1371,0.13775510607596364,20
B,agents composite,croisee,C2,0.5,0.173875,0.326125,0.32502946520277204,20
B,agents composite,croisee,C3,0.05,0.03887500000000001,0.011125,0.013286191139675812,20
B,agents composite,croisee,C3,0.1,0.059975,0.040025000000000005,0.042408697515957744,20
B,agents composite,croisee,C3,0.25,0.10892500000000001,0.14107499999999998,0.14164999647017293,20
B,agents composite,croisee,C3,0.5,0.164575,0.335425,0.3344173061087001,20
B,agents composite,croisee,E2 regression contexte tirage,0.05,0.0,0.05,0.05000000000000001,20
B,agents composite,croisee,E2 regression contexte tirage,0.1,0.0,0.1,0.10000000000000002,20
B,agents composite,croisee,E2 regression contexte tirage,0.25,0.0,0.25,0.25,20
B,agents composite,croisee,E2 regression contexte tirage,0.5,0.0,0.5,0.5,20
B,agents composite,croisee,IM m=10 mode des m,0.05,0.090825,0.040825,0.04328295276433899,20
B,agents composite,croisee,IM m=10 mode des m,0.1,0.18977500000000003,0.08977500000000001,0.08634116848294329,20
B,agents composite,croisee,IM m=10 mode des m,0.25,0.537375,0.28737500000000005,0.2881231557424707,20
B,agents composite,croisee,IM m=10 mode des m,0.5,1.0,0.5,0.5,20
B,agents composite,croisee,PMM k=10,0.05,0.08245,0.03245,0.0356490602961705,20
B,agents composite,croisee,PMM k=10,0.1,0.17905000000000001,0.07905000000000001,0.07670095990272874,20
B,agents composite,croisee,PMM k=10,0.25,0.59615,0.34615,0.35026249371007456,20
B,agents composite,croisee,PMM k=10,0.5,1.0,0.5,0.5,20
B,agents composite,croisee,agents demographiques (v6),0.05,0.026275,0.023725000000000003,0.02516742189816033,20
B,agents composite,croisee,agents demographiques (v6),0.1,0.0548,0.045200000000000004,0.048693214362989026,20
B,agents composite,croisee,agents demographiques (v6),0.25,0.154275,0.09572499999999999,0.09757593133042593,20
B,agents composite,croisee,agents demographiques (v6),0.5,0.311775,0.188225,0.18526398260320323,20
B,agents composite,croisee,agents v8,0.05,0.014450000000000001,0.03555,0.03610758230621375,20
B,agents composite,croisee,agents v8,0.1,0.030525000000000004,0.06947500000000001,0.07115826023730484,20
B,agents composite,croisee,agents v8,0.25,0.089775,0.160225,0.16096535147353916,20
B,agents composite,croisee,agents v8,0.5,0.19327500000000003,0.306725,0.3044732833107036,20
B,agents composite,croisee,humains vague 2,0.05,0.580875,0.530875,0.5423312413783665,20
B,agents composite,croisee,humains vague 2,0.1,1.0,0.9,0.885514755664749,20
B,agents composite,croisee,humains vague 2,0.25,1.0,0.75,0.75,20
B,agents composite,croisee,humains vague 2,0.5,1.0,0.5,0.5,20
B,agents composite,agnostique,moyenne des sources a modele de langage,0.05,0.028775000000000002,0.021225,0.022824030647543393,20
B,agents composite,agnostique,moyenne des sources a modele de langage,0.1,0.0541,0.0459,0.04887287974940703,20
B,agents composite,agnostique,moyenne des sources a modele de langage,0.25,0.12265000000000001,0.12735,0.12827149868540555,20
B,agents composite,agnostique,moyenne des sources a modele de langage,0.5,0.20715,0.29285,0.2912895578286321,20
B,agents demographiques (v6),propre,agents demographiques (v6),0.05,0.039325,0.010675000000000004,0.0127172815491362,20
B,agents demographiques (v6),propre,agents demographiques (v6),0.1,0.0849,0.015099999999999995,0.020922440106259117,20
B,agents demographiques (v6),propre,agents demographiques (v6),0.25,0.262375,0.013924999999999993,0.020215340709471126,20
B,agents demographiques (v6),propre,agents demographiques (v6),0.5,0.49570000000000003,0.013500000000000012,0.0159593546235429,20
B,agents demographiques (v6),croisee,B0 segment,0.05,0.0,0.05,0.05000000000000001,20
B,agents demographiques (v6),croisee,B0 segment,0.1,0.0,0.1,0.10000000000000002,20
B,agents demographiques (v6),croisee,B0 segment,0.25,0.0,0.25,0.25,20
B,agents demographiques (v6),croisee,B0 segment,0.5,0.0,0.5,0.5,20
B,agents demographiques (v6),croisee,C2,0.05,0.04825,0.004150000000000001,0.006358852097666687,20
B,agents demographiques (v6),croisee,C2,0.1,0.078325,0.021675,0.023863151510225975,20
B,agents demographiques (v6),croisee,C2,0.25,0.15625,0.09374999999999999,0.09418626226791249,20
B,agents demographiques (v6),croisee,C2,0.5,0.23312500000000003,0.266875,0.2662579280509784,20
B,agents demographiques (v6),croisee,C3,0.05,0.0494,0.0036249999999999998,0.005777726629047103,20
B,agents demographiques (v6),croisee,C3,0.1,0.07725,0.022750000000000006,0.024650405676174988,20
B,agents demographiques (v6),croisee,C3,0.25,0.14852500000000002,0.101475,0.10185414387740932,20
B,agents demographiques (v6),croisee,C3,0.5,0.21855000000000002,0.28145,0.28088636336604167,20
B,agents demographiques (v6),croisee,E2 regression contexte tirage,0.05,0.0,0.05,0.05000000000000001,20
B,agents demographiques (v6),croisee,E2 regression contexte tirage,0.1,0.0,0.1,0.10000000000000002,20
B,agents demographiques (v6),croisee,E2 regression contexte tirage,0.25,0.0,0.25,0.25,20
B,agents demographiques (v6),croisee,E2 regression contexte tirage,0.5,0.0,0.5,0.5,20
B,agents demographiques (v6),croisee,IM m=10 mode des m,0.05,0.136025,0.086025,0.09260069586671583,20
B,agents demographiques (v6),croisee,IM m=10 mode des m,0.1,0.29447500000000004,0.194475,0.1953210875712093,20
B,agents demographiques (v6),croisee,IM m=10 mode des m,0.25,0.9188750000000001,0.6688750000000001,0.6669532645733133,20
B,agents demographiques (v6),croisee,IM m=10 mode des m,0.5,1.0,0.5,0.5,20
B,agents demographiques (v6),croisee,PMM k=10,0.05,0.12565,0.07565000000000001,0.08277073380730655,20
B,agents demographiques (v6),croisee,PMM k=10,0.1,0.290175,0.190175,0.19292621776212793,20
B,agents demographiques (v6),croisee,PMM k=10,0.25,1.0,0.75,0.75,20
B,agents demographiques (v6),croisee,PMM k=10,0.5,1.0,0.5,0.5,20
B,agents demographiques (v6),croisee,agents composite,0.05,0.069275,0.019275,0.02450609107956632,20
B,agents demographiques (v6),croisee,agents composite,0.1,0.14597500000000002,0.045975,0.04870049922742066,20
B,agents demographiques (v6),croisee,agents composite,0.25,0.421725,0.17172500000000002,0.17263286658397353,20
B,agents demographiques (v6),croisee,agents composite,0.5,0.75375,0.25375000000000003,0.25772536569961446,20
B,agents demographiques (v6),croisee,agents v8,0.05,0.021775000000000003,0.028225,0.028191623312608306,20
B,agents demographiques (v6),croisee,agents v8,0.1,0.047950000000000007,0.05205,0.05332479957768243,20
B,agents demographiques (v6),croisee,agents v8,0.25,0.15955000000000003,0.09044999999999999,0.09135865722524604,20
B,agents demographiques (v6),croisee,agents v8,0.5,0.32855,0.17144999999999996,0.17010557604029325,20
B,agents demographiques (v6),croisee,humains vague 2,0.05,0.9942000000000001,0.9442,0.8657012252359355,20
B,agents demographiques (v6),croisee,humains vague 2,0.1,1.0,0.9,0.9000000000000001,20
B,agents demographiques (v6),croisee,humains vague 2,0.25,1.0,0.75,0.75,20
B,agents demographiques (v6),croisee,humains vague 2,0.5,1.0,0.5,0.5,20
B,agents demographiques (v6),agnostique,moyenne des sources a modele de langage,0.05,0.040875,0.009125000000000001,0.01110419402748349,20
B,agents demographiques (v6),agnostique,moyenne des sources a modele de langage,0.1,0.07715,0.022850000000000002,0.025785587059440788,20
B,agents demographiques (v6),agnostique,moyenne des sources a modele de langage,0.25,0.1824,0.0676,0.06843711346922807,20
B,agents demographiques (v6),agnostique,moyenne des sources a modele de langage,0.5,0.29152500000000003,0.208475,0.2076336786265658,20
B,agents v8,propre,agents v8,0.05,0.038675,0.011325000000000002,0.011298340586121487,20
B,agents v8,propre,agents v8,0.1,0.08975,0.010250000000000002,0.014608101348224555,20
B,agents v8,propre,agents v8,0.25,0.261625,0.014400000000000024,0.018002187367095152,20
B,agents v8,propre,agents v8,0.5,0.49957500000000005,0.01059999999999997,0.014214978895517219,20
B,agents v8,croisee,B0 segment,0.05,0.0,0.05,0.05000000000000001,20
B,agents v8,croisee,B0 segment,0.1,0.0,0.1,0.10000000000000002,20
B,agents v8,croisee,B0 segment,0.25,0.0,0.25,0.25,20
B,agents v8,croisee,B0 segment,0.5,0.0,0.5,0.5,20
B,agents v8,croisee,C2,0.05,0.06887499999999999,0.018874999999999996,0.021213545201120912,20
B,agents v8,croisee,C2,0.1,0.112875,0.012875000000000004,0.013362718660512163,20
B,agents v8,croisee,C2,0.25,0.2056,0.044399999999999995,0.04538457061601442,20
B,agents v8,croisee,C2,0.5,0.29365,0.20634999999999998,0.2069404703048681,20
B,agents v8,croisee,C3,0.05,0.068525,0.018525,0.020639918846739685,20
B,agents v8,croisee,C3,0.1,0.108925,0.008924999999999995,0.009811460135983838,20
B,agents v8,croisee,C3,0.25,0.193475,0.05652499999999999,0.05729899977311994,20
B,agents v8,croisee,C3,0.5,0.273625,0.226375,0.22691304832468318,20
B,agents v8,croisee,E2 regression contexte tirage,0.05,0.0,0.05,0.05000000000000001,20
B,agents v8,croisee,E2 regression contexte tirage,0.1,0.0,0.1,0.10000000000000002,20
B,agents v8,croisee,E2 regression contexte tirage,0.25,0.0,0.25,0.25,20
B,agents v8,croisee,E2 regression contexte tirage,0.5,0.0,0.5,0.5,20
B,agents v8,croisee,IM m=10 mode des m,0.05,0.238975,0.188975,0.2012582992077594,20
B,agents v8,croisee,IM m=10 mode des m,0.1,0.5372250000000001,0.4372250000000001,0.4319260124720437,20
B,agents v8,croisee,IM m=10 mode des m,0.25,1.0,0.75,0.75,20
B,agents v8,croisee,IM m=10 mode des m,0.5,1.0,0.5,0.5,20
B,agents v8,croisee,PMM k=10,0.05,0.23,0.18,0.193941461206726,20
B,agents v8,croisee,PMM k=10,0.1,0.595925,0.495925,0.491579505014194,20
B,agents v8,croisee,PMM k=10,0.25,1.0,0.75,0.75,20
B,agents v8,croisee,PMM k=10,0.5,1.0,0.5,0.5,20
B,agents v8,croisee,agents composite,0.05,0.11955000000000002,0.06955,0.07573402471808825,20
B,agents v8,croisee,agents composite,0.1,0.257325,0.157325,0.1551684624851326,20
B,agents v8,croisee,agents composite,0.25,0.6305750000000001,0.38057500000000005,0.3794284252332712,20
B,agents v8,croisee,agents composite,0.5,1.0,0.5,0.49917826925858866,20
B,agents v8,croisee,agents demographiques (v6),0.05,0.06897500000000001,0.018975000000000006,0.02377968145287064,20
B,agents v8,croisee,agents demographiques (v6),0.1,0.15425,0.05425000000000001,0.053821778816757815,20
B,agents v8,croisee,agents demographiques (v6),0.25,0.40722500000000006,0.15722500000000003,0.15700829834757143,20
B,agents v8,croisee,agents demographiques (v6),0.5,0.70455,0.20455,0.20329096235445396,20
B,agents v8,croisee,humains vague 2,0.05,1.0,0.95,0.9500000000000001,20
B,agents v8,croisee,humains vague 2,0.1,1.0,0.9,0.9000000000000001,20
B,agents v8,croisee,humains vague 2,0.25,1.0,0.75,0.75,20
B,agents v8,croisee,humains vague 2,0.5,1.0,0.5,0.5,20
B,agents v8,agnostique,moyenne des sources a modele de langage,0.05,0.0653,0.015300000000000001,0.018763641704104245,20
B,agents v8,agnostique,moyenne des sources a modele de langage,0.1,0.12265000000000001,0.022650000000000003,0.02280411147139919,20
B,agents v8,agnostique,moyenne des sources a modele de langage,0.25,0.25217500000000004,0.004650000000000015,0.009281244528617918,20
B,agents v8,agnostique,moyenne des sources a modele de langage,0.5,0.37875000000000003,0.12124999999999997,0.12221074676557703,20
B,humains vague 2,propre,humains vague 2,0.05,0.0656,0.0468,0.05304693558538514,20
B,humains vague 2,propre,humains vague 2,0.1,0.095775,0.042975000000000006,0.10096035050949456,20
B,humains vague 2,propre,humains vague 2,0.25,0.26565000000000005,0.113025,0.14103596925961834,20
B,humains vague 2,propre,humains vague 2,0.5,0.46677500000000005,0.13042499999999999,0.19981915980455928,20
B,humains vague 2,croisee,B0 segment,0.05,0.0,0.05,0.049634957439288696,20
B,humains vague 2,croisee,B0 segment,0.1,0.0,0.1,0.09934733262649784,20
B,humains vague 2,croisee,B0 segment,0.25,0.0,0.25,0.25,20
B,humains vague 2,croisee,B0 segment,0.5,0.0,0.5,0.5,20
B,humains vague 2,croisee,C2,0.05,0.00795,0.042050000000000004,0.04394965443550154,20
B,humains vague 2,croisee,C2,0.1,0.010875,0.08912500000000001,0.09066326709312875,20
B,humains vague 2,croisee,C2,0.25,0.022925,0.227075,0.22829211632248714,20
B,humains vague 2,croisee,C2,0.5,0.03265,0.46735000000000004,0.46679974038660305,20
B,humains vague 2,croisee,C3,0.05,0.010100000000000001,0.039900000000000005,0.04263796870161617,20
B,humains vague 2,croisee,C3,0.1,0.013300000000000001,0.0867,0.08900874886773773,20
B,humains vague 2,croisee,C3,0.25,0.025425,0.22457500000000002,0.22600201990247787,20
B,humains vague 2,croisee,C3,0.5,0.034775,0.465225,0.4647612760869821,20
B,humains vague 2,croisee,E2 regression contexte tirage,0.05,0.0,0.05,0.04861410032079171,20
B,humains vague 2,croisee,E2 regression contexte tirage,0.1,0.0,0.1,0.09752282745593466,20
B,humains vague 2,croisee,E2 regression contexte tirage,0.25,0.0,0.25,0.25,20
B,humains vague 2,croisee,E2 regression contexte tirage,0.5,0.0,0.5,0.5,20
B,humains vague 2,croisee,IM m=10 mode des m,0.05,0.0119,0.0381,0.04089836182538367,20
B,humains vague 2,croisee,IM m=10 mode des m,0.1,0.017225,0.08277500000000002,0.08459504565871456,20
B,humains vague 2,croisee,IM m=10 mode des m,0.25,0.0456,0.2044,0.2059589309789697,20
B,humains vague 2,croisee,IM m=10 mode des m,0.5,0.07552500000000001,0.424475,0.4212435854111015,20
B,humains vague 2,croisee,PMM k=10,0.05,0.0105,0.0395,0.04182122816226229,20
B,humains vague 2,croisee,PMM k=10,0.1,0.015225,0.084775,0.08613397558455085,20
B,humains vague 2,croisee,PMM k=10,0.25,0.040725,0.209275,0.21041022640309096,20
B,humains vague 2,croisee,PMM k=10,0.5,0.06817500000000001,0.431825,0.4284956074745691,20
B,humains vague 2,croisee,agents composite,0.05,0.006200000000000001,0.043800000000000006,0.0449590980781421,20
B,humains vague 2,croisee,agents composite,0.1,0.008975,0.091025,0.09153532514827269,20
B,humains vague 2,croisee,agents composite,0.25,0.023600000000000003,0.2264,0.22690295612882613,20
B,humains vague 2,croisee,agents composite,0.5,0.038900000000000004,0.4611,0.4592997915305427,20
B,humains vague 2,croisee,agents demographiques (v6),0.05,0.00345,0.04655,0.04712565782034242,20
B,humains vague 2,croisee,agents demographiques (v6),0.1,0.005,0.095,0.09516767242609225,20
B,humains vague 2,croisee,agents demographiques (v6),0.25,0.0132,0.2368,0.23698342373465703,20
B,humains vague 2,croisee,agents demographiques (v6),0.5,0.021875000000000002,0.478125,0.477022556070465,20
B,humains vague 2,croisee,agents v8,0.05,0.001875,0.048125,0.048412645558779374,20
B,humains vague 2,croisee,agents v8,0.1,0.0027,0.09730000000000001,0.09733918340010872,20
B,humains vague 2,croisee,agents v8,0.25,0.0072,0.24280000000000002,0.24286037655410156,20
B,humains vague 2,croisee,agents v8,0.5,0.012,0.488,0.4873513159159417,20
B,humains vague 2,agnostique,moyenne des sources a modele de langage,0.05,0.0042250000000000005,0.045774999999999996,0.046517068104084125,20
B,humains vague 2,agnostique,moyenne des sources a modele de langage,0.1,0.0061,0.09390000000000001,0.09426533429633613,20
B,humains vague 2,agnostique,moyenne des sources a modele de langage,0.25,0.0154,0.23459999999999998,0.23504879759318065,20
B,humains vague 2,agnostique,moyenne des sources a modele de langage,0.5,0.024425000000000002,0.47557499999999997,0.474705387714317,20
C,B0 segment,propre,B0 segment,0.05,0.0541,0.019200000000000002,0.0335855400432984,20
C,B0 segment,propre,B0 segment,0.1,0.0932,0.039400000000000004,0.05641153140094674,20
C,B0 segment,propre,B0 segment,0.25,0.25805,0.04920000000000001,0.08480306229730152,20
C,B0 segment,propre,B0 segment,0.5,0.522875,0.06305000000000005,0.10224296552819662,20
C,B0 segment,croisee,C2,0.05,0.0,0.05,0.04963775025119491,20
C,B0 segment,croisee,C2,0.1,0.0,0.1,0.09962913479499862,20
C,B0 segment,croisee,C2,0.25,0.0,0.25,0.25,20
C,B0 segment,croisee,C2,0.5,0.0,0.5,0.5,20
C,B0 segment,croisee,C3,0.05,0.035050000000000005,0.014949999999999998,0.022458748295486105,20
C,B0 segment,croisee,C3,0.1,0.035050000000000005,0.06495000000000001,0.06548666753622451,20
C,B0 segment,croisee,C3,0.25,0.035050000000000005,0.21495,0.21495000000000003,20
C,B0 segment,croisee,C3,0.5,0.035050000000000005,0.46495,0.46495,20
C,B0 segment,croisee,E2 regression contexte tirage,0.05,0.09565,0.045649999999999996,0.07300752872135859,20
C,B0 segment,croisee,E2 regression contexte tirage,0.1,0.16440000000000002,0.06440000000000001,0.12160418475529532,20
C,B0 segment,croisee,E2 regression contexte tirage,0.25,0.45065,0.20065,0.24170969855386445,20
C,B0 segment,croisee,E2 regression contexte tirage,0.5,0.8974500000000001,0.3974500000000001,0.3758806088706892,20
C,B0 segment,croisee,IM m=10 mode des m,0.05,0.0,0.05,0.0495913929023979,20
C,B0 segment,croisee,IM m=10 mode des m,0.1,0.0,0.1,0.09949682406991693,20
C,B0 segment,croisee,IM m=10 mode des m,0.25,0.0,0.25,0.25,20
C,B0 segment,croisee,IM m=10 mode des m,0.5,0.0,0.5,0.5,20
C,B0 segment,croisee,PMM k=10,0.05,0.0,0.05,0.04862697039709549,20
C,B0 segment,croisee,PMM k=10,0.1,0.0,0.1,0.09836426243814367,20
C,B0 segment,croisee,PMM k=10,0.25,0.0,0.25,0.25,20
C,B0 segment,croisee,PMM k=10,0.5,0.0,0.5,0.5,20
C,B0 segment,croisee,agents composite,0.05,0.0,0.05,0.04892097965086146,20
C,B0 segment,croisee,agents composite,0.1,0.0,0.1,0.09877231456739283,20
C,B0 segment,croisee,agents composite,0.25,0.0,0.25,0.25,20
C,B0 segment,croisee,agents composite,0.5,0.0,0.5,0.5,20
C,B0 segment,croisee,agents demographiques (v6),0.05,0.0,0.05,0.049633093798392224,20
C,B0 segment,croisee,agents demographiques (v6),0.1,0.0,0.1,0.09955791342228905,20
C,B0 segment,croisee,agents demographiques (v6),0.25,0.0,0.25,0.25,20
C,B0 segment,croisee,agents demographiques (v6),0.5,0.0,0.5,0.5,20
C,B0 segment,croisee,agents v8,0.05,0.0,0.05,0.04992550700794135,20
C,B0 segment,croisee,agents v8,0.1,0.0,0.1,0.09990831359301389,20
C,B0 segment,croisee,agents v8,0.25,0.0,0.25,0.25,20
C,B0 segment,croisee,agents v8,0.5,0.0,0.5,0.5,20
C,B0 segment,croisee,humains vague 2,0.05,0.48175,0.43175,0.43289703423562514,20
C,B0 segment,croisee,humains vague 2,0.1,0.6434500000000001,0.5434500000000001,0.5665596184427549,20
C,B0 segment,croisee,humains vague 2,0.25,1.0,0.75,0.7076657223753315,20
C,B0 segment,croisee,humains vague 2,0.5,1.0,0.5,0.5,20
C,B0 segment,agnostique,moyenne des sources a modele de langage,0.05,0.0,0.05,0.04971761257341307,20
C,B0 segment,agnostique,moyenne des sources a modele de langage,0.1,0.0,0.1,0.09966401118257283,20
C,B0 segment,agnostique,moyenne des sources a modele de langage,0.25,0.0,0.25,0.25,20
C,B0 segment,agnostique,moyenne des sources a modele de langage,0.5,0.0,0.5,0.5,20
C,C2,propre,C2,0.05,0.048975000000000005,0.0043250000000000025,0.004905876578145846,20
C,C2,propre,C2,0.1,0.09915,0.002700000000000001,0.003389874628950163,20
C,C2,croisee,B0 segment,0.05,0.0,0.05,0.05000000000000001,20
C,C2,croisee,B0 segment,0.1,0.0,0.1,0.10000000000000002,20
C,C2,croisee,C3,0.05,0.15637500000000001,0.10637500000000001,0.10848665528533914,20
C,C2,croisee,C3,0.1,0.25895,0.15895,0.1607392364203588,20
C,C2,croisee,E2 regression contexte tirage,0.05,0.0,0.05,0.05000000000000001,20
C,C2,croisee,E2 regression contexte tirage,0.1,0.0,0.1,0.10000000000000002,20
C,C2,croisee,IM m=10 mode des m,0.05,0.1922,0.14220000000000002,0.15324637475320582,20
C,C2,croisee,IM m=10 mode des m,0.1,0.686075,0.5860750000000001,0.5983684150462824,20
C,C2,croisee,PMM k=10,0.05,1.0,0.95,0.9358924737249467,20
C,C2,croisee,PMM k=10,0.1,1.0,0.9,0.9000000000000001,20
C,C2,croisee,agents composite,0.05,0.26732500000000003,0.21732500000000002,0.22466812190428798,20
C,C2,croisee,agents composite,0.1,0.5878,0.4878,0.49341110027541946,20
C,C2,croisee,agents demographiques (v6),0.05,0.1158,0.0658,0.07024416790737863,20
C,C2,croisee,agents demographiques (v6),0.1,0.28255,0.18255000000000002,0.18565018448684617,20
C,C2,croisee,agents v8,0.05,0.032425,0.017575,0.017382056121184285,20
C,C2,croisee,agents v8,0.1,0.10725000000000001,0.0072499999999999995,0.010661378897684858,20
C,C2,croisee,humains vague 2,0.05,0.0,0.05,0.05000000000000001,20
C,C2,croisee,humains vague 2,0.1,0.0,0.1,0.10000000000000002,20
C,C2,agnostique,moyenne des sources a modele de langage,0.05,0.07150000000000001,0.0215,0.024504823504771463,20
C,C2,agnostique,moyenne des sources a modele de langage,0.1,0.16162500000000002,0.06162500000000001,0.0633842853158415,20
C,C3,propre,C3,0.05,0.035050000000000005,0.014949999999999998,0.023263396678043384,20
C,C3,propre,C3,0.1,0.09865,0.005725000000000001,0.009792739657521792,20
C,C3,croisee,B0 segment,0.05,0.0697,0.019699999999999995,0.03369057546258301,20
C,C3,croisee,B0 segment,0.1,0.0,0.1,0.10000000000000002,20
C,C3,croisee,C2,0.05,0.0,0.05,0.04879873461474181,20
C,C3,croisee,C2,0.1,0.01925,0.08075,0.08076329070190243,20
C,C3,croisee,E2 regression contexte tirage,0.05,0.1231,0.0731,0.07938461910219133,20
C,C3,croisee,E2 regression contexte tirage,0.1,0.0,0.1,0.10000000000000002,20
C,C3,croisee,IM m=10 mode des m,0.05,0.0,0.05,0.04832122333923264,20
C,C3,croisee,IM m=10 mode des m,0.1,0.0403,0.0597,0.06003777873139545,20
C,C3,croisee,PMM k=10,0.05,0.0,0.05,0.04639870283747166,20
C,C3,croisee,PMM k=10,0.1,0.16235,0.06234999999999999,0.11066264105379016,20
C,C3,croisee,agents composite,0.05,0.0,0.05,0.046655879854526384,20
C,C3,croisee,agents composite,0.1,0.08775000000000001,0.01965,0.031972112848543496,20
C,C3,croisee,agents demographiques (v6),0.05,0.0,0.05,0.04852592348425737,20
C,C3,croisee,agents demographiques (v6),0.1,0.032,0.068,0.06797592772445257,20
C,C3,croisee,agents v8,0.05,0.0,0.05,0.049674335677490446,20
C,C3,croisee,agents v8,0.1,0.007,0.093,0.09264444195417229,20
C,C3,croisee,humains vague 2,0.05,0.5517000000000001,0.5017,0.4660145978132016,20
C,C3,croisee,humains vague 2,0.1,0.0,0.1,0.10000000000000002,20
C,C3,agnostique,moyenne des sources a modele de langage,0.05,0.0,0.05,0.04887050362949006,20
C,C3,agnostique,moyenne des sources a modele de langage,0.1,0.0223,0.0777,0.07756011055948799,20
C,E2 regression contexte tirage,propre,E2 regression contexte tirage,0.05,0.075075,0.05,0.06639022706694112,20
C,E2 regression contexte tirage,propre,E2 regression contexte tirage,0.1,0.0409,0.075475,0.0811335442341822,20
C,E2 regression contexte tirage,propre,E2 regression contexte tirage,0.25,0.26832500000000004,0.104275,0.1349623234462122,20
C,E2 regression contexte tirage,propre,E2 regression contexte tirage,0.5,0.5216000000000001,0.11435000000000006,0.15832314699689368,20
C,E2 regression contexte tirage,croisee,B0 segment,0.05,0.042425000000000004,0.02335,0.03562405086454937,20
C,E2 regression contexte tirage,croisee,B0 segment,0.1,0.023100000000000002,0.0769,0.06957324377948754,20
C,E2 regression contexte tirage,croisee,B0 segment,0.25,0.15265,0.09734999999999999,0.12506443289360888,20
C,E2 regression contexte tirage,croisee,B0 segment,0.5,0.29947500000000005,0.20052499999999998,0.2326906479104822,20
C,E2 regression contexte tirage,croisee,C2,0.05,0.0,0.05,0.04923451152393005,20
C,E2 regression contexte tirage,croisee,C2,0.1,0.0,0.1,0.09851781184131123,20
C,E2 regression contexte tirage,croisee,C2,0.25,0.0,0.25,0.25,20
C,E2 regression contexte tirage,croisee,C2,0.5,0.0,0.5,0.5,20
C,E2 regression contexte tirage,croisee,C3,0.05,0.02835,0.0286,0.03121382506198175,20
C,E2 regression contexte tirage,croisee,C3,0.1,0.04907500000000001,0.050925000000000005,0.054782528008480956,20
C,E2 regression contexte tirage,croisee,C3,0.25,0.035050000000000005,0.21495,0.213300372421147,20
C,E2 regression contexte tirage,croisee,C3,0.5,0.035050000000000005,0.46495,0.46495,20
C,E2 regression contexte tirage,croisee,IM m=10 mode des m,0.05,0.0,0.05,0.04902500382457916,20
C,E2 regression contexte tirage,croisee,IM m=10 mode des m,0.1,0.0,0.1,0.09777756772389055,20
C,E2 regression contexte tirage,croisee,IM m=10 mode des m,0.25,0.0,0.25,0.25,20
C,E2 regression contexte tirage,croisee,IM m=10 mode des m,0.5,0.0,0.5,0.5,20
C,E2 regression contexte tirage,croisee,PMM k=10,0.05,0.0,0.05,0.04725019312129846,20
C,E2 regression contexte tirage,croisee,PMM k=10,0.1,0.0,0.1,0.09403663049578075,20
C,E2 regression contexte tirage,croisee,PMM k=10,0.25,0.0,0.25,0.25,20
C,E2 regression contexte tirage,croisee,PMM k=10,0.5,0.0,0.5,0.5,20
C,E2 regression contexte tirage,croisee,agents composite,0.05,0.0,0.05,0.047746218436646906,20
C,E2 regression contexte tirage,croisee,agents composite,0.1,0.0,0.1,0.09518376305862257,20
C,E2 regression contexte tirage,croisee,agents composite,0.25,0.0,0.25,0.25,20
C,E2 regression contexte tirage,croisee,agents composite,0.5,0.0,0.5,0.5,20
C,E2 regression contexte tirage,croisee,agents demographiques (v6),0.05,0.0,0.05,0.04913485270151932,20
C,E2 regression contexte tirage,croisee,agents demographiques (v6),0.1,0.0,0.1,0.09808716085706633,20
C,E2 regression contexte tirage,croisee,agents demographiques (v6),0.25,0.0,0.25,0.25,20
C,E2 regression contexte tirage,croisee,agents demographiques (v6),0.5,0.0,0.5,0.5,20
C,E2 regression contexte tirage,croisee,agents v8,0.05,0.0,0.05,0.049817564673516515,20
C,E2 regression contexte tirage,croisee,agents v8,0.1,0.0,0.1,0.09958393758533553,20
C,E2 regression contexte tirage,croisee,agents v8,0.25,0.0,0.25,0.25,20
C,E2 regression contexte tirage,croisee,agents v8,0.5,0.0,0.5,0.5,20
C,E2 regression contexte tirage,croisee,humains vague 2,0.05,0.42195000000000005,0.37195,0.3882362668208626,20
C,E2 regression contexte tirage,croisee,humains vague 2,0.1,0.3017,0.20170000000000002,0.37534493785716627,20
C,E2 regression contexte tirage,croisee,humains vague 2,0.25,0.83165,0.58165,0.5629210608513417,20
C,E2 regression contexte tirage,croisee,humains vague 2,0.5,1.0,0.5,0.47045738050858554,20
C,E2 regression contexte tirage,agnostique,moyenne des sources a modele de langage,0.05,0.0,0.05,0.0493317722162908,20
C,E2 regression contexte tirage,agnostique,moyenne des sources a modele de langage,0.1,0.0,0.1,0.09856734246189254,20
C,E2 regression contexte tirage,agnostique,moyenne des sources a modele de langage,0.25,0.0,0.25,0.25,20
C,E2 regression contexte tirage,agnostique,moyenne des sources a modele de langage,0.5,0.0,0.5,0.5,20
C,IM m=10 mode des m,propre,IM m=10 mode des m,0.05,0.049850000000000005,0.0074,0.010027119476699178,20
C,IM m=10 mode des m,propre,IM m=10 mode des m,0.1,0.108,0.01795,0.023510261057674373,20
C,IM m=10 mode des m,propre,IM m=10 mode des m,0.25,0.25085,0.018600000000000005,0.024492391675783733,20
C,IM m=10 mode des m,propre,IM m=10 mode des m,0.5,0.5029250000000001,0.018699999999999994,0.030313732449172275,20
C,IM m=10 mode des m,croisee,B0 segment,0.05,0.0,0.05,0.05000000000000001,20
C,IM m=10 mode des m,croisee,B0 segment,0.1,0.0,0.1,0.10000000000000002,20
C,IM m=10 mode des m,croisee,B0 segment,0.25,0.0,0.25,0.25,20
C,IM m=10 mode des m,croisee,B0 segment,0.5,0.0,0.5,0.5,20
C,IM m=10 mode des m,croisee,C2,0.05,0.022,0.028000000000000004,0.02854280776307755,20
C,IM m=10 mode des m,croisee,C2,0.1,0.0351,0.06490000000000001,0.06621773553965736,20
C,IM m=10 mode des m,croisee,C2,0.25,0.056925,0.193075,0.19352550542499558,20
C,IM m=10 mode des m,croisee,C2,0.5,0.08365,0.41635,0.41662202549193195,20
C,IM m=10 mode des m,croisee,C3,0.05,0.10370000000000001,0.053700000000000005,0.053278241337341464,20
C,IM m=10 mode des m,croisee,C3,0.1,0.1288,0.028799999999999992,0.02828271115010016,20
C,IM m=10 mode des m,croisee,C3,0.25,0.1724,0.07759999999999999,0.07869835290525462,20
C,IM m=10 mode des m,croisee,C3,0.5,0.22705000000000003,0.27295,0.2735708331492961,20
C,IM m=10 mode des m,croisee,E2 regression contexte tirage,0.05,0.0,0.05,0.05000000000000001,20
C,IM m=10 mode des m,croisee,E2 regression contexte tirage,0.1,0.0,0.1,0.10000000000000002,20
C,IM m=10 mode des m,croisee,E2 regression contexte tirage,0.25,0.0,0.25,0.25,20
C,IM m=10 mode des m,croisee,E2 regression contexte tirage,0.5,0.0,0.5,0.5,20
C,IM m=10 mode des m,croisee,PMM k=10,0.05,0.20425000000000001,0.15425000000000003,0.15718817425302706,20
C,IM m=10 mode des m,croisee,PMM k=10,0.1,0.5053,0.4053,0.4112924513044216,20
C,IM m=10 mode des m,croisee,PMM k=10,0.25,1.0,0.75,0.75,20
C,IM m=10 mode des m,croisee,PMM k=10,0.5,1.0,0.5,0.5,20
C,IM m=10 mode des m,croisee,agents composite,0.05,0.103375,0.053375,0.05377276843347384,20
C,IM m=10 mode des m,croisee,agents composite,0.1,0.1814,0.0814,0.08031395582338104,20
C,IM m=10 mode des m,croisee,agents composite,0.25,0.3174,0.06740000000000002,0.06774068939714152,20
C,IM m=10 mode des m,croisee,agents composite,0.5,0.48815000000000003,0.013649999999999968,0.02260025165789088,20
C,IM m=10 mode des m,croisee,agents demographiques (v6),0.05,0.03862500000000001,0.011375,0.013988763347773098,20
C,IM m=10 mode des m,croisee,agents demographiques (v6),0.1,0.07395,0.026050000000000004,0.03202525370703564,20
C,IM m=10 mode des m,croisee,agents demographiques (v6),0.25,0.141075,0.10892499999999998,0.1107014475966778,20
C,IM m=10 mode des m,croisee,agents demographiques (v6),0.5,0.229725,0.270275,0.2713532239075114,20
C,IM m=10 mode des m,croisee,agents v8,0.05,0.008625,0.041375,0.041557621142216505,20
C,IM m=10 mode des m,croisee,agents v8,0.1,0.018500000000000003,0.0815,0.0823558536170927,20
C,IM m=10 mode des m,croisee,agents v8,0.25,0.04190000000000001,0.2081,0.2085990391277007,20
C,IM m=10 mode des m,croisee,agents v8,0.5,0.080675,0.419325,0.4197567943166614,20
C,IM m=10 mode des m,croisee,humains vague 2,0.05,0.0,0.05,0.05000000000000001,20
C,IM m=10 mode des m,croisee,humains vague 2,0.1,0.0,0.1,0.10000000000000002,20
C,IM m=10 mode des m,croisee,humains vague 2,0.25,0.0,0.25,0.25,20
C,IM m=10 mode des m,croisee,humains vague 2,0.5,0.0,0.5,0.5,20
C,IM m=10 mode des m,agnostique,moyenne des sources a modele de langage,0.05,0.02645,0.02355,0.0244941957410322,20
C,IM m=10 mode des m,agnostique,moyenne des sources a modele de langage,0.1,0.0477,0.052300000000000006,0.05473064498066874,20
C,IM m=10 mode des m,agnostique,moyenne des sources a modele de langage,0.25,0.085475,0.16452499999999998,0.16535358402526387,20
C,IM m=10 mode des m,agnostique,moyenne des sources a modele de langage,0.5,0.133475,0.366525,0.3670451208639069,20
C,PMM k=10,propre,PMM k=10,0.05,0.0449,0.032799999999999996,0.04402054207980633,20
C,PMM k=10,propre,PMM k=10,0.1,0.10875,0.069525,0.07601880277273512,20
C,PMM k=10,propre,PMM k=10,0.25,0.24775,0.054075,0.09591583419853054,20
C,PMM k=10,propre,PMM k=10,0.5,0.524975,0.097025,0.17201300314220436,20
C,PMM k=10,croisee,B0 segment,0.05,0.0,0.05,0.05000000000000001,20
C,PMM k=10,croisee,B0 segment,0.1,0.0,0.1,0.09495387630318207,20
C,PMM k=10,croisee,B0 segment,0.25,0.0,0.25,0.25,20
C,PMM k=10,croisee,B0 segment,0.5,0.0,0.5,0.5,20
C,PMM k=10,croisee,C2,0.05,0.00825,0.04175,0.04076810487378583,20
C,PMM k=10,croisee,C2,0.1,0.015050000000000001,0.08495,0.08803362993765508,20
C,PMM k=10,croisee,C2,0.25,0.024550000000000002,0.22544999999999998,0.22556149133883646,20
C,PMM k=10,croisee,C2,0.5,0.0357,0.46430000000000005,0.46562178737146737,20
C,PMM k=10,croisee,C3,0.05,0.08027500000000001,0.0334,0.03516889072745969,20
C,PMM k=10,croisee,C3,0.1,0.09125,0.008750000000000008,0.03435711534747933,20
C,PMM k=10,croisee,C3,0.25,0.10840000000000001,0.1416,0.14179905897078443,20
C,PMM k=10,croisee,C3,0.5,0.129975,0.37002500000000005,0.37260035812516334,20
C,PMM k=10,croisee,E2 regression contexte tirage,0.05,0.0,0.05,0.05000000000000001,20
C,PMM k=10,croisee,E2 regression contexte tirage,0.1,0.0,0.1,0.09664998577340818,20
C,PMM k=10,croisee,E2 regression contexte tirage,0.25,0.0,0.25,0.25,20
C,PMM k=10,croisee,E2 regression contexte tirage,0.5,0.0,0.5,0.5,20
C,PMM k=10,croisee,IM m=10 mode des m,0.05,0.011675000000000001,0.038325000000000005,0.0357944286865987,20
C,PMM k=10,croisee,IM m=10 mode des m,0.1,0.027600000000000003,0.0724,0.07781285240884053,20
C,PMM k=10,croisee,IM m=10 mode des m,0.25,0.0594,0.1906,0.19000911392614828,20
C,PMM k=10,croisee,IM m=10 mode des m,0.5,0.11115,0.38885000000000003,0.39418954894821856,20
C,PMM k=10,croisee,agents composite,0.05,0.030975000000000003,0.02155,0.025928066356749397,20
C,PMM k=10,croisee,agents composite,0.1,0.0648,0.03520000000000001,0.05934223832987766,20
C,PMM k=10,croisee,agents composite,0.25,0.11795,0.13205,0.13511588359626708,20
C,PMM k=10,croisee,agents composite,0.5,0.18507500000000002,0.314925,0.32457870886735624,20
C,PMM k=10,croisee,agents demographiques (v6),0.05,0.010125000000000002,0.039875,0.03772506295554721,20
C,PMM k=10,croisee,agents demographiques (v6),0.1,0.0227,0.07730000000000001,0.08170773525193316,20
C,PMM k=10,croisee,agents demographiques (v6),0.25,0.044950000000000004,0.20505,0.2049447388931953,20
C,PMM k=10,croisee,agents demographiques (v6),0.5,0.07567499999999999,0.424325,0.42779648651549257,20
C,PMM k=10,croisee,agents v8,0.05,0.002025,0.047975000000000004,0.04728344186922099,20
C,PMM k=10,croisee,agents v8,0.1,0.0048000000000000004,0.0952,0.09581811154473878,20
C,PMM k=10,croisee,agents v8,0.25,0.01025,0.23975,0.2394774146448888,20
C,PMM k=10,croisee,agents v8,0.5,0.019025,0.48097500000000004,0.4817281924228642,20
C,PMM k=10,croisee,humains vague 2,0.05,0.0,0.05,0.05000000000000001,20
C,PMM k=10,croisee,humains vague 2,0.1,0.0,0.1,0.1866571606582507,20
C,PMM k=10,croisee,humains vague 2,0.25,0.0,0.25,0.25,20
C,PMM k=10,croisee,humains vague 2,0.5,0.0,0.5,0.5,20
C,PMM k=10,agnostique,moyenne des sources a modele de langage,0.05,0.007575,0.042425000000000004,0.04081973021713887,20
C,PMM k=10,agnostique,moyenne des sources a modele de langage,0.1,0.0162,0.08380000000000001,0.08682999481745925,20
C,PMM k=10,agnostique,moyenne des sources a modele de langage,0.25,0.030350000000000002,0.21965,0.2196049692060724,20
C,PMM k=10,agnostique,moyenne des sources a modele de langage,0.5,0.048675,0.451325,0.45341193204965397,20
C,agents composite,propre,agents composite,0.05,0.05055,0.015050000000000001,0.0253999557086228,20
C,agents composite,propre,agents composite,0.1,0.1014,0.009925000000000003,0.02115266236198177,20
C,agents composite,propre,agents composite,0.25,0.24815,0.021750000000000005,0.029952422689992875,20
C,agents composite,propre,agents composite,0.5,0.49792500000000006,0.012824999999999975,0.0169808568688391,20
C,agents composite,croisee,B0 segment,0.05,0.0,0.05,0.04860800602781399,20
C,agents composite,croisee,B0 segment,0.1,0.0,0.1,0.10000000000000002,20
C,agents composite,croisee,B0 segment,0.25,0.0,0.25,0.25,20
C,agents composite,croisee,B0 segment,0.5,0.0,0.5,0.5,20
C,agents composite,croisee,C2,0.05,0.012300000000000002,0.0377,0.03946418629593166,20
C,agents composite,croisee,C2,0.1,0.021675,0.078325,0.07855824272474532,20
C,agents composite,croisee,C2,0.25,0.0459,0.2041,0.20410384213679075,20
C,agents composite,croisee,C2,0.5,0.085175,0.414825,0.4145384517749831,20
C,agents composite,croisee,C3,0.05,0.08662500000000001,0.038,0.03679059662468115,20
C,agents composite,croisee,C3,0.1,0.103075,0.004125000000000004,0.007420503689103589,20
C,agents composite,croisee,C3,0.25,0.150225,0.09977499999999999,0.10012825088355433,20
C,agents composite,croisee,C3,0.5,0.23020000000000002,0.2698,0.26926741563917456,20
C,agents composite,croisee,E2 regression contexte tirage,0.05,0.0,0.05,0.048175214062835266,20
C,agents composite,croisee,E2 regression contexte tirage,0.1,0.0,0.1,0.10000000000000002,20
C,agents composite,croisee,E2 regression contexte tirage,0.25,0.0,0.25,0.25,20
C,agents composite,croisee,E2 regression contexte tirage,0.5,0.0,0.5,0.5,20
C,agents composite,croisee,IM m=10 mode des m,0.05,0.0205,0.029500000000000002,0.03287715392183454,20
C,agents composite,croisee,IM m=10 mode des m,0.1,0.048600000000000004,0.0514,0.052712765294565984,20
C,agents composite,croisee,IM m=10 mode des m,0.25,0.17157500000000003,0.07842499999999998,0.08281408998473627,20
C,agents composite,croisee,IM m=10 mode des m,0.5,0.519725,0.022875000000000034,0.03771135273362652,20
C,agents composite,croisee,PMM k=10,0.05,0.07985,0.042875,0.05188274038637513,20
C,agents composite,croisee,PMM k=10,0.1,0.19867500000000002,0.09867500000000001,0.11849864503444756,20
C,agents composite,croisee,PMM k=10,0.25,1.0,0.75,0.6765412640778092,20
C,agents composite,croisee,PMM k=10,0.5,1.0,0.5,0.5,20
C,agents composite,croisee,agents demographiques (v6),0.05,0.01725,0.03275,0.035325394548398184,20
C,agents composite,croisee,agents demographiques (v6),0.1,0.037775,0.062225,0.06288199265290502,20
C,agents composite,croisee,agents demographiques (v6),0.25,0.10627500000000001,0.143725,0.14416324254122476,20
C,agents composite,croisee,agents demographiques (v6),0.5,0.2349,0.2651,0.2642695359382159,20
C,agents composite,croisee,agents v8,0.05,0.003575,0.046425,0.04671371987970987,20
C,agents composite,croisee,agents v8,0.1,0.008425,0.091575,0.09154099013556714,20
C,agents composite,croisee,agents v8,0.25,0.02905,0.22094999999999998,0.22076400635067303,20
C,agents composite,croisee,agents v8,0.5,0.083175,0.416825,0.41634290434688564,20
C,agents composite,croisee,humains vague 2,0.05,0.0,0.05,0.084727909362854,20
C,agents composite,croisee,humains vague 2,0.1,0.0,0.1,0.10000000000000002,20
C,agents composite,croisee,humains vague 2,0.25,0.0,0.25,0.25,20
C,agents composite,croisee,humains vague 2,0.5,0.0,0.5,0.5,20
C,agents composite,agnostique,moyenne des sources a modele de langage,0.05,0.012525000000000001,0.03747500000000001,0.03911870556396262,20
C,agents composite,agnostique,moyenne des sources a modele de langage,0.1,0.025925000000000004,0.074075,0.07437501428571291,20
C,agents composite,agnostique,moyenne des sources a modele de langage,0.25,0.06615,0.18385,0.1839182012471849,20
C,agents composite,agnostique,moyenne des sources a modele de langage,0.5,0.13625,0.36374999999999996,0.3632566066157641,20
C,agents demographiques (v6),propre,agents demographiques (v6),0.05,0.0291,0.020900000000000002,0.026030386090106314,20
C,agents demographiques (v6),propre,agents demographiques (v6),0.1,0.080875,0.019125000000000003,0.02430500977164996,20
C,agents demographiques (v6),propre,agents demographiques (v6),0.25,0.26165,0.012149999999999994,0.015324885807078636,20
C,agents demographiques (v6),propre,agents demographiques (v6),0.5,0.50075,0.007950000000000013,0.012921711380463509,20
C,agents demographiques (v6),croisee,B0 segment,0.05,0.0,0.05,0.04936193371414861,20
C,agents demographiques (v6),croisee,B0 segment,0.1,0.0,0.1,0.10000000000000002,20
C,agents demographiques (v6),croisee,B0 segment,0.25,0.0,0.25,0.25,20
C,agents demographiques (v6),croisee,B0 segment,0.5,0.0,0.5,0.5,20
C,agents demographiques (v6),croisee,C2,0.05,0.017975,0.032025,0.03401896529878591,20
C,agents demographiques (v6),croisee,C2,0.1,0.037500000000000006,0.0625,0.0633476657028497,20
C,agents demographiques (v6),croisee,C2,0.25,0.09305000000000001,0.15694999999999998,0.15736743190698638,20
C,agents demographiques (v6),croisee,C2,0.5,0.161775,0.338225,0.3388471788653404,20
C,agents demographiques (v6),croisee,C3,0.05,0.096375,0.046375,0.0469619886184561,20
C,agents demographiques (v6),croisee,C3,0.1,0.1335,0.0335,0.033194146697874315,20
C,agents demographiques (v6),croisee,C3,0.25,0.246375,0.004500000000000004,0.008131266813971846,20
C,agents demographiques (v6),croisee,C3,0.5,0.388625,0.111375,0.112907687404357,20
C,agents demographiques (v6),croisee,E2 regression contexte tirage,0.05,0.0,0.05,0.049017651157516724,20
C,agents demographiques (v6),croisee,E2 regression contexte tirage,0.1,0.0,0.1,0.10000000000000002,20
C,agents demographiques (v6),croisee,E2 regression contexte tirage,0.25,0.0,0.25,0.25,20
C,agents demographiques (v6),croisee,E2 regression contexte tirage,0.5,0.0,0.5,0.5,20
C,agents demographiques (v6),croisee,IM m=10 mode des m,0.05,0.036225,0.018875000000000003,0.023471946020728662,20
C,agents demographiques (v6),croisee,IM m=10 mode des m,0.1,0.120825,0.022575000000000005,0.028776359655105783,20
C,agents demographiques (v6),croisee,IM m=10 mode des m,0.25,0.6107,0.3607,0.35885108523592346,20
C,agents demographiques (v6),croisee,IM m=10 mode des m,0.5,1.0,0.5,0.5,20
C,agents demographiques (v6),croisee,PMM k=10,0.05,0.144825,0.094825,0.12056599022941752,20
C,agents demographiques (v6),croisee,PMM k=10,0.1,0.588125,0.48812500000000003,0.5102905505689871,20
C,agents demographiques (v6),croisee,PMM k=10,0.25,1.0,0.75,0.75,20
C,agents demographiques (v6),croisee,PMM k=10,0.5,1.0,0.5,0.5,20
C,agents demographiques (v6),croisee,agents composite,0.05,0.08065,0.038025,0.04258858855374289,20
C,agents demographiques (v6),croisee,agents composite,0.1,0.196025,0.096025,0.09540132533146486,20
C,agents demographiques (v6),croisee,agents composite,0.25,0.548475,0.298475,0.296769248533267,20
C,agents demographiques (v6),croisee,agents composite,0.5,0.99325,0.49325,0.48509620179918955,20
C,agents demographiques (v6),croisee,agents v8,0.05,0.0063,0.0437,0.04403104302648304,20
C,agents demographiques (v6),croisee,agents v8,0.1,0.02065,0.07935,0.07991821913681511,20
C,agents demographiques (v6),croisee,agents v8,0.25,0.09645000000000001,0.15355,0.15425751075717511,20
C,agents demographiques (v6),croisee,agents v8,0.5,0.2358,0.2642,0.26566230820347847,20
C,agents demographiques (v6),croisee,humains vague 2,0.05,0.0,0.05,0.06395997283457835,20
C,agents demographiques (v6),croisee,humains vague 2,0.1,0.0,0.1,0.10000000000000002,20
C,agents demographiques (v6),croisee,humains vague 2,0.25,0.0,0.25,0.25,20
C,agents demographiques (v6),croisee,humains vague 2,0.5,0.0,0.5,0.5,20
C,agents demographiques (v6),agnostique,moyenne des sources a modele de langage,0.05,0.0204,0.0296,0.03205059476827224,20
C,agents demographiques (v6),agnostique,moyenne des sources a modele de langage,0.1,0.0517,0.0483,0.049956114490620665,20
C,agents demographiques (v6),agnostique,moyenne des sources a modele de langage,0.25,0.15052500000000002,0.099475,0.10036340032601525,20
C,agents demographiques (v6),agnostique,moyenne des sources a modele de langage,0.5,0.276475,0.22352499999999997,0.2247431203062732,20
C,agents v8,propre,agents v8,0.05,0.029725,0.020275,0.02052015168072595,20
C,agents v8,propre,agents v8,0.1,0.0858,0.014200000000000004,0.016002937230396176,20
C,agents v8,propre,agents v8,0.25,0.26115,0.011150000000000021,0.014861969082190968,20
C,agents v8,propre,agents v8,0.5,0.49965000000000004,0.0042999999999999705,0.00790613685689793,20
C,agents v8,croisee,B0 segment,0.05,0.0,0.05,0.05000000000000001,20
C,agents v8,croisee,B0 segment,0.1,0.0,0.1,0.10000000000000002,20
C,agents v8,croisee,B0 segment,0.25,0.0,0.25,0.25,20
C,agents v8,croisee,B0 segment,0.5,0.0,0.5,0.5,20
C,agents v8,croisee,C2,0.05,0.04655,0.0034500000000000017,0.004473938421569971,20
C,agents v8,croisee,C2,0.1,0.086775,0.013225,0.014020828256561736,20
C,agents v8,croisee,C2,0.25,0.172925,0.07707499999999999,0.07707955954726259,20
C,agents v8,croisee,C2,0.5,0.269825,0.230175,0.23071198251282918,20
C,agents v8,croisee,C3,0.05,0.15150000000000002,0.1015,0.10143090135653927,20
C,agents v8,croisee,C3,0.1,0.23347500000000002,0.133475,0.1335531294092355,20
C,agents v8,croisee,C3,0.25,0.411725,0.16172500000000004,0.16217179278468868,20
C,agents v8,croisee,C3,0.5,0.613175,0.11317500000000003,0.11223401556569207,20
C,agents v8,croisee,E2 regression contexte tirage,0.05,0.0,0.05,0.05000000000000001,20
C,agents v8,croisee,E2 regression contexte tirage,0.1,0.0,0.1,0.10000000000000002,20
C,agents v8,croisee,E2 regression contexte tirage,0.25,0.0,0.25,0.25,20
C,agents v8,croisee,E2 regression contexte tirage,0.5,0.0,0.5,0.5,20
C,agents v8,croisee,IM m=10 mode des m,0.05,0.17577500000000001,0.125775,0.12672948009441212,20
C,agents v8,croisee,IM m=10 mode des m,0.1,0.537625,0.43762500000000004,0.4401824682731015,20
C,agents v8,croisee,IM m=10 mode des m,0.25,1.0,0.75,0.75,20
C,agents v8,croisee,IM m=10 mode des m,0.5,1.0,0.5,0.5,20
C,agents v8,croisee,PMM k=10,0.05,1.0,0.95,0.913754105804729,20
C,agents v8,croisee,PMM k=10,0.1,1.0,0.9,0.9000000000000001,20
C,agents v8,croisee,PMM k=10,0.25,1.0,0.75,0.75,20
C,agents v8,croisee,PMM k=10,0.5,1.0,0.5,0.5,20
C,agents v8,croisee,agents composite,0.05,0.25215,0.20215000000000002,0.20220690331934765,20
C,agents v8,croisee,agents composite,0.1,0.508175,0.40817500000000007,0.40843036156730567,20
C,agents v8,croisee,agents composite,0.25,1.0,0.75,0.75,20
C,agents v8,croisee,agents composite,0.5,1.0,0.5,0.5,20
C,agents v8,croisee,agents demographiques (v6),0.05,0.10827500000000001,0.058275,0.05858201515823777,20
C,agents v8,croisee,agents demographiques (v6),0.1,0.2403,0.1403,0.14073354433112242,20
C,agents v8,croisee,agents demographiques (v6),0.25,0.5399,0.28990000000000005,0.2906701627274461,20
C,agents v8,croisee,agents demographiques (v6),0.5,0.8831,0.38310000000000005,0.3813616641391739,20
C,agents v8,croisee,humains vague 2,0.05,0.0,0.05,0.05000000000000001,20
C,agents v8,croisee,humains vague 2,0.1,0.0,0.1,0.10000000000000002,20
C,agents v8,croisee,humains vague 2,0.25,0.0,0.25,0.25,20
C,agents v8,croisee,humains vague 2,0.5,0.0,0.5,0.5,20
C,agents v8,agnostique,moyenne des sources a modele de langage,0.05,0.06725,0.01725,0.017721695742789402,20
C,agents v8,agnostique,moyenne des sources a modele de langage,0.1,0.139125,0.03912500000000001,0.03973278558067632,20
C,agents v8,agnostique,moyenne des sources a modele de langage,0.25,0.296975,0.04697500000000002,0.047782211648269284,20
C,agents v8,agnostique,moyenne des sources a modele de langage,0.5,0.4759,0.024099999999999983,0.02569139933907842,20
C,humains vague 2,propre,humains vague 2,0.05,0.0,0.05,0.21802163195426275,20
C,humains vague 2,propre,humains vague 2,0.1,0.0,0.1,0.26289689780406317,20
C,humains vague 2,propre,humains vague 2,0.25,0.3017,0.25,0.25180770242389333,20
C,humains vague 2,propre,humains vague 2,0.5,0.48175,0.14285000000000003,0.2766675432717036,20
C,humains vague 2,croisee,B0 segment,0.05,0.0,0.05,0.04052132926003293,20
C,humains vague 2,croisee,B0 segment,0.1,0.0,0.1,0.08520508860977731,20
C,humains vague 2,croisee,B0 segment,0.25,0.023100000000000002,0.2269,0.2207568639929459,20
C,humains vague 2,croisee,B0 segment,0.5,0.0541,0.4459,0.4413549734907266,20
C,humains vague 2,croisee,C2,0.05,0.0,0.05,0.04781400422470388,20
C,humains vague 2,croisee,C2,0.1,0.0018750000000000001,0.098125,0.09679565653995019,20
C,humains vague 2,croisee,C2,0.25,0.0,0.25,0.2474637614884248,20
C,humains vague 2,croisee,C2,0.5,0.0,0.5,0.4993589054978393,20
C,humains vague 2,croisee,C3,0.05,0.06795,0.025999999999999995,0.031094780510561575,20
C,humains vague 2,croisee,C3,0.1,0.07105,0.028950000000000004,0.05402020571045616,20
C,humains vague 2,croisee,C3,0.25,0.042,0.20800000000000002,0.2070572988329559,20
C,humains vague 2,croisee,C3,0.5,0.035050000000000005,0.46495,0.4648984476474405,20
C,humains vague 2,croisee,E2 regression contexte tirage,0.05,0.0,0.05,0.04252342883634856,20
C,humains vague 2,croisee,E2 regression contexte tirage,0.1,0.0,0.1,0.08615695488467545,20
C,humains vague 2,croisee,E2 regression contexte tirage,0.25,0.0409,0.2091,0.20389535980497445,20
C,humains vague 2,croisee,E2 regression contexte tirage,0.5,0.09565,0.40435,0.40195910301920024,20
C,humains vague 2,croisee,IM m=10 mode des m,0.05,0.0,0.05,0.047239957927585,20
C,humains vague 2,croisee,IM m=10 mode des m,0.1,0.002125,0.097875,0.09563143769179674,20
C,humains vague 2,croisee,IM m=10 mode des m,0.25,0.0,0.25,0.24542315243269125,20
C,humains vague 2,croisee,IM m=10 mode des m,0.5,0.0,0.5,0.4991594275629781,20
C,humains vague 2,croisee,PMM k=10,0.05,0.0,0.05,0.04220658864442849,20
C,humains vague 2,croisee,PMM k=10,0.1,0.008075,0.091925,0.08575116034200354,20
C,humains vague 2,croisee,PMM k=10,0.25,0.0,0.25,0.23569494213919823,20
C,humains vague 2,croisee,PMM k=10,0.5,0.0,0.5,0.49685013094996766,20
C,humains vague 2,croisee,agents composite,0.05,0.0,0.05,0.04347772418147022,20
C,humains vague 2,croisee,agents composite,0.1,0.0060750000000000005,0.09392500000000001,0.0892322713484309,20
C,humains vague 2,croisee,agents composite,0.25,0.0,0.25,0.24034388878230292,20
C,humains vague 2,croisee,agents composite,0.5,0.0,0.5,0.4977362768073068,20
C,humains vague 2,croisee,agents demographiques (v6),0.05,0.0,0.05,0.047550621709920894,20
C,humains vague 2,croisee,agents demographiques (v6),0.1,0.0019,0.0981,0.09618382010504678,20
C,humains vague 2,croisee,agents demographiques (v6),0.25,0.0,0.25,0.24624410043694447,20
C,humains vague 2,croisee,agents demographiques (v6),0.5,0.0,0.5,0.4992603271340514,20
C,humains vague 2,croisee,agents v8,0.05,0.0,0.05,0.049490971398831934,20
C,humains vague 2,croisee,agents v8,0.1,0.000375,0.099625,0.09920816309659201,20
C,humains vague 2,croisee,agents v8,0.25,0.0,0.25,0.24916149406559596,20
C,humains vague 2,croisee,agents v8,0.5,0.0,0.5,0.4998527099306354,20
C,humains vague 2,agnostique,moyenne des sources a modele de langage,0.05,0.0,0.05,0.04812091670988824,20
C,humains vague 2,agnostique,moyenne des sources a modele de langage,0.1,0.0014500000000000001,0.09855,0.0971236634399671,20
C,humains vague 2,agnostique,moyenne des sources a modele de langage,0.25,0.0,0.25,0.2472960872112618,20
C,humains vague 2,agnostique,moyenne des sources a modele de langage,0.5,0.0,0.5,0.4994405266145309,20
