global_A,global_B,global_C,camp_A,camp_B,camp_C,polarisation,marginale1,marginale2,marginale3,source,camp,taux,tirage,mode
-0.07626377843634735,0.044937665071157554,0.029185313281213255,-0.05959183673469404,0.04446007149770518,0.031933625741637245,0.47970702143427135,33.365019011406844,52.37642585551331,38.11787072243346,agents v8,droite,0.02,0,concentre
-0.07747928375654556,0.04536713372348271,0.02937958779073343,-0.06628193635141189,0.04591074796038722,0.03254923015324136,0.474858468539734,33.365019011406844,52.37642585551331,38.11787072243346,agents v8,droite,0.02,1,concentre
-0.08008751337453501,0.04553439310233533,0.02928086775947585,-0.06563804224105219,0.0467222628321248,0.032240745459178106,0.47736383737587623,33.55513307984791,52.566539923954366,38.11787072243346,agents v8,droite,0.02,2,concentre
-0.07941725574047787,0.045538625407671326,0.028286072531562068,-0.06468976178764674,0.04626218786120465,0.029089954986107575,0.4796202706590319,33.365019011406844,52.28136882129277,38.11787072243346,agents v8,droite,0.02,3,concentre
-0.07784176184444425,0.04543862306041073,0.028384971039712315,-0.06429202980927107,0.04643306739778274,0.02939840934735922,0.4778269419165296,33.460076045627375,52.37642585551331,38.11787072243346,agents v8,droite,0.02,4,concentre
-0.07760121376666929,0.0451326339900469,0.028279467680608367,-0.06125548430644623,0.04478562139010903,0.029066265060240966,0.4768573053568789,33.365019011406844,52.28136882129277,38.30798479087453,agents v8,droite,0.02,5,concentre
-0.07761127264594048,0.04509270902397569,0.028097764938696805,-0.060947445502168685,0.045149768324974235,0.028487515014741747,0.48211654165280465,33.26996197718631,52.47148288973384,38.02281368821293,agents v8,droite,0.02,6,concentre
-0.08119572017857324,0.04536441622998663,0.028377961600937723,-0.06253941117946282,0.046473699615822185,0.029380664652567973,0.4763323036418786,33.460076045627375,52.47148288973384,38.02281368821293,agents v8,droite,0.02,7,concentre
-0.07487634316902592,0.045539969749725975,0.029140181539942044,-0.05869141036259251,0.046336401624969645,0.031790303206784845,0.4808216645983433,33.365019011406844,52.28136882129277,37.547528517110266,agents v8,droite,0.02,8,concentre
-0.07581921265895764,0.04492548417787037,0.028151632055759213,-0.058946123299631226,0.045045059721835805,0.028655018315503156,0.47528190649434376,33.365019011406844,52.566539923954366,37.73764258555133,agents v8,droite,0.02,9,concentre
-0.09807176605797485,0.05167361388227991,0.03599269933034987,-0.11194188368239943,0.0691938704302934,0.05352163942780184,0.5160869607404482,33.174904942965775,52.09125475285171,37.452471482889734,agents v8,droite,0.05,0,concentre
-0.0908023399803578,0.05109103926080649,0.03490987175332702,-0.10429936305732479,0.06832927442190828,0.05009895114652513,0.5208390369463501,32.98479087452472,51.99619771863118,36.69201520912547,agents v8,droite,0.05,1,concentre
-0.091162840249294,0.051401338099407876,0.035518638000796944,-0.10483014486186448,0.06944512170960429,0.05202885422491945,0.5159380387390635,33.174904942965775,51.90114068441065,36.69201520912547,agents v8,droite,0.05,2,concentre
-0.09203763696235756,0.05071571809778201,0.03600197900898121,-0.10103785538360788,0.06626351851311489,0.053560870783325554,0.507418953743388,33.26996197718631,52.28136882129277,37.452471482889734,agents v8,droite,0.05,3,concentre
-0.09110874200426433,0.04949978981894877,0.03421489737664808,-0.0976093061713258,0.06268721832925306,0.047927309347248925,0.518398688550363,33.01617507136061,51.66508087535681,37.547528517110266,agents v8,droite,0.05,4,concentre
-0.09331004664437381,0.05050742854066659,0.034195575185716746,-0.09940873707941655,0.06657890074832327,0.04783978264058706,0.5120539994052766,33.26996197718631,51.99619771863118,38.11787072243346,agents v8,droite,0.05,5,concentre
-0.09295120886608255,0.05139506015769206,0.0337587268051103,-0.10584970050552955,0.06790714590343616,0.04644700471757947,0.5165764792124576,32.88973384030418,51.90114068441065,37.547528517110266,agents v8,droite,0.05,6,concentre
-0.094047942252104,0.05016412016083503,0.03481575852765521,-0.0989393248175181,0.06595387925049169,0.049817288930509185,0.5142934449352433,32.79467680608365,51.71102661596958,36.69201520912547,agents v8,droite,0.05,7,concentre
-0.0925587905041162,0.0502528893630772,0.03385785598947607,-0.10059104502997762,0.06428140589628942,0.04676007793878067,0.5145059907127676,32.414448669201526,51.71102661596958,37.26235741444867,agents v8,droite,0.05,8,concentre
-0.09513250751551072,0.05056484664990131,0.035015513363112795,-0.10317289940320284,0.0658915095982564,0.050460308688751156,0.5132611986851677,33.174904942965775,51.615969581749056,37.0722433460076,agents v8,droite,0.05,9,concentre
-0.12264241672989162,0.06040701119828962,0.04699682749102678,-0.1756858240932987,0.10397306656707542,0.0885949890655283,0.5764520461439402,32.06470028544244,51.379638439581356,36.40684410646388,agents v8,droite,0.1,0,concentre
-0.11759318275549935,0.059132637163481605,0.04533943842487892,-0.168059040590406,0.1002455131696999,0.08321683097160334,0.5776279014605364,32.50950570342205,50.950570342205324,34.98098859315589,agents v8,droite,0.1,1,concentre
-0.11713824636901538,0.05861373851076136,0.04672141898913647,-0.1658328977824236,0.0978450506820798,0.0877462374918935,0.5722214621599369,32.540437678401524,50.999048525214086,35.93155893536122,agents v8,droite,0.1,2,concentre
-0.11792773639367449,0.058114429817441415,0.04390816390670847,-0.16801037628782423,0.09746196191765505,0.07878821565249877,0.5708934586400852,32.25499524262607,51.47478591817317,34.88593155893536,agents v8,droite,0.1,3,concentre
-0.11872295474897165,0.058484554829368124,0.04714194263411332,-0.17152582507029757,0.0973075714069194,0.08894473885906673,0.5837503060793707,32.129277566539926,50.19011406844106,36.40684410646388,agents v8,droite,0.1,4,concentre
-0.11875862216471134,0.06046291844493934,0.045925305357644955,-0.17135369121587785,0.10497055741368538,0.08526808080214024,0.570092631442853,32.35014272121789,51.379638439581356,35.17110266159696,agents v8,droite,0.1,5,concentre
-0.11700244774995305,0.05873838353754643,0.04462480729385394,-0.16915659782155823,0.0991766585396463,0.08110594449054745,0.5762073954126589,32.25499524262607,51.094196003805905,36.12167300380228,agents v8,droite,0.1,6,concentre
-0.12244635744571508,0.060465697029563586,0.045632813543533136,-0.17493441626772954,0.10359984513665027,0.0841804395986955,0.5734893907814447,32.69961977186312,51.235741444866925,35.646387832699624,agents v8,droite,0.1,7,concentre
-0.11838912369228793,0.05891013946654569,0.0443282406725294,-0.1696266709899924,0.0993230796487923,0.08010615508195759,0.570447165263969,32.31939163498099,51.71102661596958,36.02661596958175,agents v8,droite,0.1,8,concentre
-0.11984530575616426,0.059336557300046,0.046099676180378094,-0.17074463386626637,0.10095244194642933,0.08563616289165396,0.5752858633132912,32.22433460076046,51.42585551330798,35.646387832699624,agents v8,droite,0.1,9,concentre
-0.1434890103658676,0.06474215685545466,0.07068536332771926,-0.27331082950583796,0.13933764036265628,0.16406180546592694,0.6918120911397696,31.08365019011407,49.71482889733841,33.26996197718631,agents v8,droite,0.2,0,concentre
-0.1459468010576509,0.06472325080752175,0.06717758826488125,-0.28034020281321537,0.13837514815985952,0.15315008656396809,0.6883293844679225,31.68411037107517,49.38154138915319,33.07984790874524,agents v8,droite,0.2,1,concentre
-0.14667087196007988,0.06638207919800602,0.07038330231705789,-0.2835401545305549,0.14596870682766364,0.1630137526781259,0.6921338238517665,31.4638783269962,50.28517110266159,32.88973384030418,agents v8,droite,0.2,2,concentre
-0.14985198275570955,0.06715857132425129,0.07147463111891329,-0.2900808947282697,0.14493696101861264,0.1664502700978841,0.688247115340354,30.988593155893536,49.619771863117876,31.653992395437264,agents v8,droite,0.2,3,concentre
-0.1437949624993624,0.06468684351799778,0.06963310696978026,-0.27592875692999097,0.1386475048201076,0.16087059881492463,0.6913346108147885,31.398667935299713,49.952426260704094,32.50950570342205,agents v8,droite,0.2,4,concentre
-0.14462184159033553,0.06580617310571597,0.07046841859159722,-0.2813186813186813,0.14042538944535923,0.16367066018759174,0.6943105190632036,31.303520456707894,49.762131303520455,32.31939163498099,agents v8,droite,0.2,5,concentre
-0.14645205168895936,0.06724586998499336,0.07093995198549738,-0.2798590980809452,0.1436123087555919,0.16493174548272113,0.6874859502761501,31.273764258555133,49.334600760456276,32.79467680608365,agents v8,droite,0.2,6,concentre
-0.1474497298454568,0.06523617901464399,0.0713362822474699,-0.28028335301062557,0.13883973938089772,0.16604808498522136,0.6932461504038582,31.55893536121673,50.0,33.65019011406844,agents v8,droite,0.2,7,concentre
-0.14827214371609077,0.06506315423874107,0.06800442958912564,-0.28116026316746034,0.1378423369662782,0.15584678865076745,0.6854393994551711,31.68411037107517,49.857278782112274,32.69961977186312,agents v8,droite,0.2,8,concentre
-0.14736770783928432,0.06480470793550008,0.06955059305952536,-0.28157606712878513,0.1388242044012838,0.16069043812022546,0.6928413058752313,31.68411037107517,49.19124643196955,32.98479087452472,agents v8,droite,0.2,9,concentre
-0.1130407531697637,0.05169739757697288,0.09561031475585426,-0.28430705305011283,0.12248981015196797,0.2443985735401161,0.8095235135625161,29.971455756422454,48.3349191246432,29.65779467680608,agents v8,droite,0.3,0,concentre
-0.11329778533808743,0.05154725476590355,0.09489470746263945,-0.27932598833441336,0.11485593655280318,0.24211232292873394,0.8065989082296687,29.971455756422454,48.52521408182683,29.562737642585553,agents v8,droite,0.3,1,concentre
-0.11267660961908632,0.05187631160122175,0.09540597701945926,-0.27283372365339575,0.12009323454709167,0.2436791716152848,0.8090961574211487,30.352045670789725,48.04947668886774,29.467680608365022,agents v8,droite,0.3,2,concentre
-0.10953702064026105,0.050788618567366606,0.09616482869971861,-0.2682336547981372,0.11535654163581854,0.24609010379147395,0.8131400090784612,30.256898192197905,48.3349191246432,29.75285171102662,agents v8,droite,0.3,3,concentre
-0.11952782330951284,0.05160726663150873,0.09551130548802275,-0.3009180076093405,0.12121689096938462,0.24384807797843053,0.8123543997252729,29.971455756422454,48.3349191246432,29.467680608365022,agents v8,droite,0.3,4,concentre
-0.11440904526545037,0.05197406224464157,0.0940151998499621,-0.2764035276403529,0.12396562140836423,0.23920589493216032,0.8094323014279886,30.16175071360609,48.43006660323502,29.65779467680608,agents v8,droite,0.3,5,concentre
-0.11338646353711479,0.05027515823219403,0.09496268978820248,-0.2787261511978195,0.11320519935613235,0.24220310584919563,0.8121550773586341,30.066603235014274,48.23977164605138,30.228136882129274,agents v8,droite,0.3,6,concentre
-0.1168346787339758,0.05253249735703469,0.09534227700812684,-0.2792504902316799,0.12239609847634175,0.24339591205786845,0.8092787527294841,30.066603235014274,48.23977164605138,29.562737642585553,agents v8,droite,0.3,7,concentre
-0.11285725492246934,0.05077621507117905,0.0952292224451968,-0.2729257641921399,0.11273871938683838,0.24318494783837674,0.8127431745566328,29.971455756422454,48.3349191246432,29.84790874524715,agents v8,droite,0.3,8,concentre
-0.10987453409627779,0.050890700196132815,0.0952760217804268,-0.2766018926533266,0.11161492262221001,0.24332808824765023,0.8097532664930581,29.971455756422454,48.43006660323502,29.75285171102662,agents v8,droite,0.3,9,concentre
-0.07204830798489303,0.042595641677163495,0.02905710549104243,-0.07111984282907702,0.04700424779881559,0.039390610364583606,0.4625379199919006,32.60456273764258,53.326996197718636,38.02281368821293,agents v8,gauche,0.02,0,concentre
-0.07053112046579879,0.042904385088617894,0.029248557190107837,-0.07275447890969367,0.04839459823825734,0.039876109490213564,0.4613331440078679,32.60456273764258,52.946768060836504,38.11787072243346,agents v8,gauche,0.02,1,concentre
-0.07559223925393932,0.043158918261234164,0.029389867125273323,-0.08252290060933776,0.04920814782504157,0.04022981522364773,0.4657787249354025,32.69961977186312,53.041825095057035,38.02281368821293,agents v8,gauche,0.02,2,concentre
-0.07088373692013483,0.04295804554724446,0.028764303785940686,-0.07039521538834548,0.04775326752044331,0.03864262269114475,0.4626356109987253,33.174904942965775,52.946768060836504,38.49809885931559,agents v8,gauche,0.02,3,concentre
-0.07203192122665036,0.04316054449307756,0.029057985937425545,-0.07477578023101028,0.048418713966496,0.03939513114382161,0.4661821843276332,32.50950570342205,52.946768060836504,38.02281368821293,agents v8,gauche,0.02,4,concentre
-0.07045799309298639,0.043263963247242146,0.02852762770379305,-0.07358653431160989,0.04863637688309538,0.038047593448802146,0.46251330809778474,32.88973384030418,53.136882129277566,38.21292775665399,agents v8,gauche,0.02,5,concentre
-0.07544512570617667,0.04320104080294397,0.028906523158152064,-0.07425233897571792,0.04885223155818876,0.03900086441504813,0.46488178842393846,32.79467680608365,53.326996197718636,37.832699619771866,agents v8,gauche,0.02,6,concentre
-0.07251129221520303,0.04293696189629237,0.02923678034921175,-0.07363151945745194,0.04767358641395296,0.03983125084732956,0.4625108912875755,33.365019011406844,53.136882129277566,37.9277566539924,agents v8,gauche,0.02,7,concentre
-0.07224717776086276,0.04326437970230218,0.02918956416666365,-0.0776784995572728,0.048795288498115104,0.0397115961077292,0.4619109177739854,33.26996197718631,53.2319391634981,38.21292775665399,agents v8,gauche,0.02,8,concentre
-0.07263589699533957,0.04291444127243707,0.02923465507876154,-0.07362610601509867,0.04821771660932662,0.03982548900638526,0.4665586245352632,32.60456273764258,53.041825095057035,37.9277566539924,agents v8,gauche,0.02,9,concentre
-0.07747233131024633,0.04356620495976693,0.03423636869811615,-0.08978147762747146,0.05243727862179246,0.05246157846660578,0.486811912132295,31.749049429657795,53.041825095057035,37.547528517110266,agents v8,gauche,0.05,0,concentre
-0.07717831525186614,0.04454975159324587,0.03524739384331396,-0.09423308468383684,0.0560622565676832,0.05502829982187626,0.48082379737099257,31.93916349809886,53.61216730038023,37.3574144486692,agents v8,gauche,0.05,1,concentre
-0.07726770988896814,0.044784470222257816,0.03486358614401283,-0.090690241978998,0.057069444002145024,0.05405598296184233,0.4810710763996096,31.844106463878326,53.2319391634981,37.26235741444867,agents v8,gauche,0.05,2,concentre
-0.07721315294716835,0.04453117272551743,0.03541317171662495,-0.0948425729186787,0.05501667747631733,0.05548681778101548,0.479784215567062,31.08365019011407,53.326996197718636,37.26235741444867,agents v8,gauche,0.05,3,concentre
-0.07658804537427266,0.0442864408078882,0.03466867544595249,-0.09590175244928945,0.05367750344677735,0.05356341821545572,0.4870050786018856,32.414448669201526,53.5171102661597,37.547528517110266,agents v8,gauche,0.05,4,concentre
-0.07755890137545007,0.044495384419156334,0.03471156437236,-0.09459721952437783,0.055900927316784914,0.053659193358936576,0.4855853015185428,31.1787072243346,53.61216730038023,36.78707224334601,agents v8,gauche,0.05,5,concentre
-0.07993950523927862,0.044393599853681395,0.035535421717675465,-0.09611123421227552,0.056147842217335334,0.05576203841573035,0.4873571535198356,31.4638783269962,54.18250950570342,37.0722433460076,agents v8,gauche,0.05,6,concentre
-0.07804260019275133,0.04417359653792931,0.03467057512565064,-0.0925348305260969,0.055345032189810066,0.053558285502281464,0.48656568816015744,32.03422053231939,53.99239543726235,36.78707224334601,agents v8,gauche,0.05,7,concentre
-0.0801359830939935,0.044670019690709106,0.035741405166610916,-0.09285674640617192,0.055633128702565045,0.056310946448772006,0.4842975336343013,31.844106463878326,53.99239543726235,37.3574144486692,agents v8,gauche,0.05,8,concentre
-0.07510511895396466,0.04387961245345284,0.03523494585199054,-0.08915943315122443,0.05393830693513829,0.054983874531290514,0.4853232436021268,31.749049429657795,53.61216730038023,37.3574144486692,agents v8,gauche,0.05,9,concentre
-0.08748344370860917,0.04759709538012456,0.04872776396155842,-0.12683672269895385,0.07036414774289074,0.08922684286484343,0.520628819820032,29.372623574144484,54.46768060836502,35.456273764258555,agents v8,gauche,0.1,0,concentre
-0.0891881933024985,0.047714717462683576,0.045811093344815514,-0.12755974566980943,0.07192871981954452,0.08182148094062404,0.5148530184129279,30.038022813688215,54.18250950570342,35.551330798479086,agents v8,gauche,0.1,1,concentre
-0.08968847145975256,0.04687509959944962,0.047091539871438624,-0.12836171462125656,0.06718438866371579,0.08506587159420329,0.522877323957726,29.087452471482887,54.562737642585546,35.93155893536122,agents v8,gauche,0.1,2,concentre
-0.08656893819334388,0.04699077906677407,0.04951352225445769,-0.11616586272514062,0.06800649863027616,0.09116608864903339,0.5190412420127983,29.75285171102662,54.27756653992395,35.361216730038024,agents v8,gauche,0.1,3,concentre
-0.08812857261204543,0.046745376056584756,0.04698927379374742,-0.11900140352972799,0.06814400090329428,0.08477353285156496,0.5254246458075055,30.228136882129274,54.94296577946768,35.646387832699624,agents v8,gauche,0.1,4,concentre
-0.08601670387827676,0.04641966282422054,0.045274646163356295,-0.11362729301858066,0.06581624714275441,0.08044154062425489,0.5143831346363148,29.75285171102662,55.22813688212928,36.12167300380228,agents v8,gauche,0.1,5,concentre
-0.08508287292817707,0.047719508561953936,0.048755647607077846,-0.1235412121300864,0.06888500190272535,0.08925705488941463,0.5105784037152074,30.228136882129274,54.08745247148289,36.12167300380228,agents v8,gauche,0.1,6,concentre
-0.08708649193215412,0.04677417397981656,0.04626408291053251,-0.11826402513682166,0.06605833642220865,0.08291664717278575,0.5164366484056592,29.182509505703425,54.94296577946768,35.361216730038024,agents v8,gauche,0.1,7,concentre
-0.0873757504589584,0.04706887589835963,0.04626193980190961,-0.11849646776558398,0.06855837897413396,0.08290821091860233,0.516953977532798,29.087452471482887,54.657794676806084,34.50570342205323,agents v8,gauche,0.1,8,concentre
-0.08516750616578683,0.04639083992291708,0.045430928561065884,-0.11950274223034729,0.06703455199707646,0.08086698512351138,0.5189714927836042,29.65779467680608,55.13307984790875,34.4106463878327,agents v8,gauche,0.1,9,concentre
-0.09308535557013031,0.0498193706325233,0.0762501533227177,-0.16315818351409195,0.09028386781057304,0.15915900639813801,0.592697452595191,25.285171102661597,56.55893536121673,31.653992395437264,agents v8,gauche,0.2,0,concentre
-0.09354218482651555,0.04936549741283401,0.0760998748863676,-0.1603588967248829,0.08699245196223324,0.15875216383608423,0.5911221760046702,25.570342205323193,56.1787072243346,32.50950570342205,agents v8,gauche,0.2,1,concentre
-0.0979776461318469,0.05059085538799614,0.07511256150237422,-0.16797044763146474,0.09372781904460503,0.15613691210390274,0.5843557109018636,25.0,56.27376425855514,32.79467680608365,agents v8,gauche,0.2,2,concentre
-0.09892746095888028,0.0505647435494883,0.07609341402937392,-0.16689064032252188,0.09359254313489593,0.15871804309430287,0.5891282200597212,25.285171102661597,56.1787072243346,32.60456273764258,agents v8,gauche,0.2,3,concentre
-0.09724026636061212,0.04993511698960963,0.07567119021088378,-0.1580022246129721,0.09065933435527376,0.15751465341476675,0.5911508725874541,26.520912547528518,55.98859315589354,32.50950570342205,agents v8,gauche,0.2,4,concentre
-0.09881615882185424,0.050020445704104285,0.07461230942991628,-0.1698248507556337,0.09403256523079792,0.15494582827412723,0.5855546521002013,25.76045627376426,56.27376425855514,32.88973384030418,agents v8,gauche,0.2,5,concentre
-0.10063374886830578,0.05087801905042422,0.07472633949334243,-0.17726647983863764,0.09455765141304659,0.15529727544589647,0.5851609634816313,25.665399239543724,56.749049429657795,32.414448669201526,agents v8,gauche,0.2,6,concentre
-0.09860270144387506,0.049491683302508735,0.07563494184374314,-0.16613488034807833,0.09098934036568859,0.15758413889928258,0.5929536195560905,25.665399239543724,57.129277566539926,31.653992395437264,agents v8,gauche,0.2,7,concentre
-0.09341152323706214,0.04992400800652347,0.07427185092734073,-0.16163685696882435,0.0915408285479111,0.15420942971830617,0.59194496756202,26.330798479087452,56.1787072243346,32.60456273764258,agents v8,gauche,0.2,8,concentre
-0.1015837354271314,0.05153823293066137,0.07533175987875226,-0.1678784114573818,0.09835441128312603,0.15676721767417734,0.5851074060881779,26.61596958174905,55.79847908745247,31.749049429657795,agents v8,gauche,0.2,9,concentre
-0.09739189512222723,0.048856384590318463,0.10197395684942209,-0.21996500038043076,0.10918583992015973,0.22493389847070705,0.654227808853821,21.577946768060837,58.174904942965775,28.707224334600763,agents v8,gauche,0.3,0,concentre
-0.09737376777786133,0.04947947768236918,0.10364671196718364,-0.22280494843291243,0.11172263560323323,0.22931507664561468,0.6519491617177539,21.958174904942965,58.840304182509506,28.80228136882129,agents v8,gauche,0.3,1,concentre
-0.08908267458229546,0.04669402315991951,0.10359865584090222,-0.17874162022453777,0.09990963303385235,0.22918769660945465,0.6622775502069255,22.14828897338403,58.36501901140685,28.99239543726236,agents v8,gauche,0.3,2,concentre
-0.09093690248565978,0.04622660268081785,0.10396487568847493,-0.18641308771263454,0.0948689774200012,0.22994461997590224,0.6621785005599229,21.863117870722434,58.36501901140685,28.80228136882129,agents v8,gauche,0.3,3,concentre
-0.09058781653615378,0.047556569704048535,0.10329844585035197,-0.18126272912423624,0.09992770584949585,0.22809032824053962,0.6610200647662079,22.14828897338403,58.26996197718631,29.087452471482887,agents v8,gauche,0.3,4,concentre
-0.0959230047775812,0.049097774024831536,0.10176934287391357,-0.20473007712082247,0.10876457471895482,0.22450633071132892,0.6546765700360246,20.817490494296578,58.36501901140685,29.372623574144484,agents v8,gauche,0.3,5,concentre
-0.09058118268644577,0.047574964171111525,0.10362782912714359,-0.1809296781883195,0.10225386200868777,0.22939010326530868,0.6589470225094414,22.14828897338403,57.88973384030418,28.612167300380225,agents v8,gauche,0.3,6,concentre
-0.09367904304035124,0.04742281940951276,0.1023944592639836,-0.20109209282789042,0.10315971226808102,0.22611046777425586,0.6607450542984084,21.19771863117871,58.460076045627375,29.467680608365022,agents v8,gauche,0.3,7,concentre
-0.0920562523755224,0.047802784678442206,0.10243521965481965,-0.202837997635002,0.10549584156864061,0.22603506511356128,0.6567908759740158,21.768060836501903,58.36501901140685,29.467680608365022,agents v8,gauche,0.3,8,concentre
-0.08840949430303657,0.04630651706019197,0.10187511953965153,-0.18450017322708734,0.09711701355255983,0.2247967963467225,0.6616238671556124,21.958174904942965,58.74524714828897,28.89733840304182,agents v8,gauche,0.3,9,concentre
-0.07482833374269815,0.04338036174633035,0.027727005305909002,-0.046960043880004965,0.03756399860428449,0.02683730803466544,0.4670580616516844,33.174904942965775,52.75665399239544,38.68821292775665,agents v8,droite,0.02,0,uniforme
-0.07526375484174697,0.044071102403654916,0.027952149500927954,-0.05072291015159369,0.038705689783684445,0.02651648891639064,0.46616985829255486,33.460076045627375,52.851711026615966,38.21292775665399,agents v8,droite,0.02,1,uniforme
-0.07401382675884516,0.04344701587997915,0.02790964443647385,-0.04796644172898046,0.03838920309347419,0.02560240963855422,0.4687922896921044,33.745247148288975,53.2319391634981,38.59315589353612,agents v8,droite,0.02,2,uniforme
-0.06969282615015238,0.043082106489396685,0.028000853794864927,-0.04083244035869382,0.037132662411457386,0.02560240963855422,0.4607722433874175,33.55513307984791,52.946768060836504,38.40304182509506,agents v8,droite,0.02,3,uniforme
-0.0717961914565105,0.04363447098775179,0.027768416153674806,-0.04776384137843659,0.03798354956880203,0.02592732368639623,0.4636815542134239,33.26996197718631,52.661596958174904,38.59315589353612,agents v8,droite,0.02,4,uniforme
-0.07324201499847438,0.04373237461251249,0.02828408473655622,-0.047138047138046923,0.038925377605604314,0.025753012048192775,0.46404790709910976,33.07984790874524,53.2319391634981,38.40304182509506,agents v8,droite,0.02,5,uniforme
-0.07200635097732089,0.04367325574693015,0.027384072711761714,-0.04648055692286046,0.037329622054112506,0.02606513667964911,0.462769436349141,33.55513307984791,52.851711026615966,38.02281368821293,agents v8,droite,0.02,6,uniforme
-0.07601127675024566,0.04372691371129389,0.027812552920724393,-0.051339535926465785,0.03916078206204654,0.026054216867469882,0.4664152352180543,33.07984790874524,52.851711026615966,38.40304182509506,agents v8,droite,0.02,7,uniforme
-0.06955029770388821,0.04354148329889811,0.028244108238310757,-0.04395511684805531,0.03773275983988319,0.02620982419102391,0.46718817711895944,33.26996197718631,53.2319391634981,38.68821292775665,agents v8,droite,0.02,8,uniforme
-0.07257528667881263,0.043330745623670106,0.02771437417749458,-0.04212560113952091,0.037872514283444646,0.02620845921450151,0.46370802795600535,33.365019011406844,52.851711026615966,38.68821292775665,agents v8,droite,0.02,9,uniforme
-0.0812654585428152,0.04563593058486132,0.03157408961710677,-0.05352636846779535,0.04315735550986042,0.02891884759582135,0.48227987633466257,32.79467680608365,53.61216730038023,38.02281368821293,agents v8,droite,0.05,0,uniforme
-0.08264235723868152,0.04539372983909934,0.031841117977685476,-0.05783095133960703,0.04368488354305482,0.029312459946901036,0.48138402799093605,33.4919124643197,52.90199809705043,38.21292775665399,agents v8,droite,0.05,1,uniforme
-0.08274506011668759,0.045545032857926646,0.03166372887426845,-0.058592709895314954,0.04256825161140464,0.029066265060240966,0.48691289378509695,32.60456273764258,53.136882129277566,37.547528517110266,agents v8,droite,0.05,2,uniforme
-0.08171932308088292,0.04589270183457857,0.03182038040730288,-0.06280914868730714,0.046384829551181526,0.032876896214354814,0.4934607983677625,32.79467680608365,53.041825095057035,37.832699619771866,agents v8,droite,0.05,3,uniforme
-0.08123598707450452,0.04645975658318602,0.03040220960927727,-0.05823126573200399,0.04379582325415824,0.028057119993293696,0.4883754984714441,32.88973384030418,52.75665399239544,37.547528517110266,agents v8,droite,0.05,4,uniforme
-0.08323455246880307,0.0450935358050617,0.03218920471489091,-0.047428265101712386,0.03996509292441439,0.027413278491609943,0.48698727168316464,32.69961977186312,53.326996197718636,37.9277566539924,agents v8,droite,0.05,5,uniforme
-0.08166363411246658,0.045806090462412796,0.031150232334251488,-0.05337917817484927,0.04317975737916783,0.02756024096385542,0.491796401870045,32.88973384030418,53.5171102661597,37.58325404376784,agents v8,droite,0.05,6,uniforme
-0.08155203087292329,0.045164180452477456,0.03114153458773647,-0.051304751064457754,0.040839584904321234,0.02756024096385542,0.488468028434803,32.31939163498099,53.89733840304183,37.67840152235966,agents v8,droite,0.05,7,uniforme
-0.08149822408782692,0.04665661839549884,0.031355125529468945,-0.05515405096995052,0.04364656894682201,0.02951807228915662,0.4834149471775366,32.98479087452472,53.42205323193916,37.452471482889734,agents v8,droite,0.05,8,uniforme
-0.08246940651048795,0.04685065626298922,0.032331154399222836,-0.06319765237780994,0.046098580297696166,0.03162650602409638,0.4860982487248154,32.79467680608365,53.5171102661597,37.832699619771866,agents v8,droite,0.05,9,uniforme
-0.09660423145663333,0.050842597305164855,0.040191988998249106,-0.07273187326042341,0.051079394858166226,0.03242098578328695,0.5175138304039696,32.79467680608365,54.27756653992395,37.26235741444867,agents v8,droite,0.1,0,uniforme
-0.10010930506990612,0.05081142017308285,0.03973082755828171,-0.07538228678935677,0.054611727725420535,0.04163638900562426,0.5183730791610226,31.93916349809886,53.89733840304183,36.02661596958175,agents v8,droite,0.1,1,uniforme
-0.10147617403314901,0.051978248788777964,0.03904270143690482,-0.07960556942739849,0.05593844246797086,0.040085720525606966,0.5195467932663247,31.68411037107517,53.5171102661597,36.59695817490494,agents v8,droite,0.1,2,uniforme
-0.10478764101645832,0.05264844166978089,0.038013826076817435,-0.0911146280804882,0.05979286034572509,0.03887043642849343,0.5239869451148318,32.69961977186312,53.2319391634981,36.97718631178707,agents v8,droite,0.1,3,uniforme
-0.09867039888033602,0.04955450540479671,0.03856039155505078,-0.07412113511224061,0.05073850829411942,0.033642176506079244,0.5181330041490365,33.07984790874524,53.80228136882129,37.26235741444867,agents v8,droite,0.1,4,uniforme
-0.1003228506516799,0.05083858614731804,0.03963719461883828,-0.08204968768548104,0.054638786770606594,0.04051222191705575,0.5185098556859754,32.921027592768795,54.043767840152235,36.50190114068441,agents v8,droite,0.1,5,uniforme
-0.09474942928579211,0.04970910224873244,0.0378309786211682,-0.06992346615174283,0.051622073871605265,0.03166797373509418,0.5151188664970752,32.129277566539926,53.99239543726235,36.50190114068441,agents v8,droite,0.1,6,uniforme
-0.10218669785879075,0.052301138317070034,0.0421551118889648,-0.08973345380618936,0.06199050231467886,0.04613575146507481,0.533824786832858,32.31939163498099,53.80228136882129,35.836501901140686,agents v8,droite,0.1,7,uniforme
-0.10007135597984729,0.05034139293935268,0.038911737598801566,-0.08181882469415169,0.0543100785869469,0.03979501361667488,0.5213515376579303,31.4638783269962,53.5171102661597,35.93155893536122,agents v8,droite,0.1,8,uniforme
-0.10007149511450053,0.05107797478627639,0.039490365065085326,-0.08158514735550126,0.057070397627189996,0.03888639148739976,0.5234350114401338,32.159847764034254,53.99239543726235,36.69201520912547,agents v8,droite,0.1,9,uniforme
-0.1337047198118111,0.0640967098812374,0.06107169779800635,-0.12189655172413794,0.07814094059347645,0.055593363646498604,0.5863024680849991,30.60836501901141,53.70722433460075,33.55513307984791,agents v8,droite,0.2,0,uniforme
-0.13154408188592548,0.06182813441916994,0.0609167421553344,-0.11718213058419269,0.07444131857516459,0.057071484364021485,0.5896653588288728,30.352045670789725,54.138915318744054,33.77735490009515,agents v8,droite,0.2,1,uniforme
-0.13724832214765104,0.061691208650410084,0.06274510816683414,-0.12563893303552254,0.07827870679141166,0.061136642725051385,0.5950107713594769,30.893536121673005,54.752851711026615,34.125475285171106,agents v8,droite,0.2,2,uniforme
-0.13360055317881048,0.06092571436661483,0.059899470816774755,-0.11825070361550116,0.07457072468146295,0.05690879465164624,0.58539332675007,30.70342205323194,54.94296577946768,34.22053231939163,agents v8,droite,0.2,3,uniforme
-0.13164338987599378,0.06136083264579338,0.0611270092227988,-0.12032695203269528,0.07574792137184638,0.058591021598064875,0.6016074293566165,31.303520456707894,55.038022813688215,34.4106463878327,agents v8,droite,0.2,4,uniforme
-0.1311787392424676,0.0616964710764412,0.058411745605381,-0.11924084331658735,0.07493559127467522,0.058243760540652036,0.5821830912147726,30.038022813688215,54.46768060836502,34.6336822074215,agents v8,droite,0.2,5,uniforme
-0.1357608124867321,0.061748993162153834,0.06149203299397297,-0.13046720394642486,0.0796833231187706,0.06110528687043269,0.5849901052962346,30.988593155893536,54.752851711026615,34.88593155893536,agents v8,droite,0.2,6,uniforme
-0.13613194738130752,0.06239353337916334,0.06181757161000799,-0.12363496210012426,0.08005748641533586,0.06016193309353868,0.588521632687269,31.273764258555133,54.562737642585546,34.60076045627377,agents v8,droite,0.2,7,uniforme
-0.13187529501674555,0.06056559401765772,0.06129477512627725,-0.11447394919301479,0.07268755161648388,0.05865876950829517,0.5854909586250638,30.893536121673005,54.08745247148289,34.79087452471482,agents v8,droite,0.2,8,uniforme
-0.1307708728919249,0.059184226607315024,0.06223104276088578,-0.11869857998190869,0.07396778228341708,0.06011736758024603,0.5825086269364762,31.874405328258803,54.61465271170314,35.836501901140686,agents v8,droite,0.2,9,uniforme
-0.16824148203314093,0.07191166230160986,0.08378350485970827,-0.16470657415029988,0.0990629382072416,0.08375230803025675,0.6555827366015674,30.60836501901141,54.94296577946768,33.65019011406844,agents v8,droite,0.3,0,uniforme
-0.16382396293956614,0.07125422764244775,0.08529713124576284,-0.15518052452075748,0.09367621187252953,0.07816514075944998,0.6498118576823355,29.01998097050428,55.98859315589354,31.874405328258803,agents v8,droite,0.3,1,uniforme
-0.17542054454014677,0.07322795859616023,0.08319092337422754,-0.19118178532706898,0.10495486159263431,0.097552226331339,0.6669954130592608,29.305423406279736,53.80228136882129,32.921027592768795,agents v8,droite,0.3,2,uniforme
-0.16545164364261367,0.07061941178486078,0.08358490132649958,-0.15791616975479206,0.0916891640473558,0.07186551203440514,0.6512760404577309,28.80228136882129,55.893536121673,33.55513307984791,agents v8,droite,0.3,3,uniforme
-0.17029350899180984,0.07299424620371847,0.08820457169756625,-0.17471128220313892,0.10387197375877488,0.08877965594552742,0.6476109500990208,32.730732635585156,56.13701236917221,32.22433460076046,agents v8,droite,0.3,4,uniforme
-0.1638738596767697,0.0713485231103366,0.084452166789776,-0.1541478836133714,0.09175520449593749,0.07419283820915243,0.6417853251630774,29.686013320647003,56.42245480494766,31.368821292775667,agents v8,droite,0.3,5,uniforme
-0.17415344923627185,0.0716614733744095,0.0839521462314374,-0.18214930853741607,0.10119474999513922,0.08782662328907097,0.6481681340276156,31.238095238095237,56.42245480494766,32.98479087452472,agents v8,droite,0.3,6,uniforme
-0.17036570649037186,0.07293362912616982,0.08333786684598711,-0.16700592972829442,0.10008714290389809,0.08180920985274996,0.6541361373503398,29.428571428571427,55.94671741198858,31.208372978116078,agents v8,droite,0.3,7,uniforme
-0.16361521460974748,0.07274459710077619,0.08118769484084867,-0.15488770022299636,0.09235288198539979,0.07320450236418409,0.6427816656707592,31.273764258555133,56.083650190114064,33.745247148288975,agents v8,droite,0.3,8,uniforme
-0.17094260792654192,0.07232083001066517,0.08449768297443255,-0.16902615634697793,0.10157368300839009,0.0857325579187879,0.6605591952648434,30.228136882129274,55.98859315589354,32.50950570342205,agents v8,droite,0.3,9,uniforme
-0.06863838383838383,0.04273754993057351,0.027405077359242264,-0.047872190018379834,0.03775527787321015,0.02629334478735167,0.43537635443034906,34.98098859315589,53.326996197718636,38.68821292775665,agents demographiques (v6),droite,0.02,0,concentre
-0.07392891800747381,0.043190541451034806,0.02743679747334605,-0.05096333126165331,0.03828018372210915,0.026393186037200162,0.4365410335148403,34.60076045627377,53.80228136882129,38.78326996197718,agents demographiques (v6),droite,0.02,1,concentre
-0.07048033476408722,0.04340194732186767,0.027312235794024246,-0.04929846127760573,0.03937245745832716,0.025992082288734526,0.42910353902234205,35.07604562737642,53.99239543726235,38.78326996197718,agents demographiques (v6),droite,0.02,2,concentre
-0.07091863065542736,0.04316491024757417,0.027527287066816685,-0.04739838661825568,0.03878450910325785,0.026683471044298034,0.434692878214046,34.50570342205323,53.70722433460075,38.59315589353612,agents demographiques (v6),droite,0.02,3,concentre
-0.07044478717172975,0.043610331841757985,0.027382123850904265,-0.045830564079358704,0.03922800599811384,0.02622210897972555,0.4322193110279413,34.50570342205323,53.89733840304183,38.49809885931559,agents demographiques (v6),droite,0.02,4,concentre
-0.07083785905556705,0.043215049213054677,0.027342872888791492,-0.05038288733787344,0.038647766044768855,0.026095643215542752,0.435902412308533,34.79087452471482,53.70722433460075,38.78326996197718,agents demographiques (v6),droite,0.02,5,concentre
-0.07346645350271996,0.043470838874697396,0.02723384030418251,-0.04929875553799701,0.03854458515198215,0.025753012048192775,0.4320782508808857,34.6958174904943,53.61216730038023,38.40304182509506,agents demographiques (v6),droite,0.02,6,concentre
-0.07164062122537951,0.043816834841868504,0.026866506698020442,-0.04690017810194236,0.04016086839239442,0.02458602350337447,0.434349246883622,34.98098859315589,53.5171102661597,38.40304182509506,agents demographiques (v6),droite,0.02,7,concentre
-0.07127443717994142,0.04346509153601022,0.027024805797976538,-0.047280724012517816,0.03867539314050716,0.025082596447168322,0.42867673663038003,34.60076045627377,53.99239543726235,38.68821292775665,agents demographiques (v6),droite,0.02,8,concentre
-0.06983343813992493,0.04331274881758755,0.027150136019720668,-0.047809550640935616,0.03818493299884076,0.025487770913370594,0.43156909794096415,34.6958174904943,54.372623574144484,38.68821292775665,agents demographiques (v6),droite,0.02,9,concentre
-0.0781226310887786,0.045404078664549305,0.02890519253751912,-0.0657889075340995,0.045592319004262555,0.031056735584944754,0.41112164008280794,36.02661596958175,55.22813688212928,39.163498098859314,agents demographiques (v6),droite,0.05,0,concentre
-0.07608342537846802,0.04561981110101328,0.028691079985875168,-0.06576443827699163,0.04630415073279988,0.03038541400787958,0.4101951924649624,36.31178707224335,55.79847908745247,38.97338403041825,agents demographiques (v6),droite,0.05,1,concentre
-0.07669800330524768,0.04520673042413889,0.02808114597175928,-0.06516405135520675,0.04550774971234974,0.028438606816906208,0.4072437517057194,36.12167300380228,55.98859315589354,38.30798479087453,agents demographiques (v6),droite,0.05,2,concentre
-0.07608560643290341,0.044561282325048454,0.02844133685915772,-0.06038475746639782,0.0440920558587784,0.02958935315157384,0.41433082386283715,35.836501901140686,55.893536121673,38.97338403041825,agents demographiques (v6),droite,0.05,3,concentre
-0.07795773160707631,0.04514118934424652,0.028776964357859362,-0.07149267125336511,0.04474832170574682,0.030652960974744996,0.4006695545852605,35.551330798479086,56.1787072243346,38.68821292775665,agents demographiques (v6),droite,0.05,4,concentre
-0.07881853256816784,0.045584341424089195,0.028580474392422877,-0.06953288602077023,0.04714986379850128,0.03002365149648246,0.40782153017149153,36.12167300380228,55.60836501901141,38.87832699619772,agents demographiques (v6),droite,0.05,5,concentre
-0.08028653326063839,0.0459430807797324,0.02797909455690783,-0.07455144219850085,0.04677775758629784,0.02811205954014836,0.4030572637744159,36.02661596958175,56.083650190114064,39.73384030418251,agents demographiques (v6),droite,0.05,6,concentre
-0.07592614703296463,0.045746634413503476,0.028347225594182228,-0.06659022502508227,0.04584734255144068,0.029282088756197183,0.4053530145486524,36.69201520912547,55.51330798479087,39.06844106463878,agents demographiques (v6),droite,0.05,7,concentre
-0.07460009457498329,0.044684953467695895,0.028284240621888213,-0.0658631203744795,0.044239481028464984,0.029082889379592736,0.4042026247029672,36.78707224334601,55.22813688212928,38.97338403041825,agents demographiques (v6),droite,0.05,8,concentre
-0.07623722103207964,0.04710625033314722,0.0281689738871213,-0.06676952087083232,0.050365613189197835,0.028713933765296858,0.40576062941287583,36.21673003802282,55.51330798479087,38.40304182509506,agents demographiques (v6),droite,0.05,9,concentre
-0.08249085055447003,0.050031926223893644,0.03167690995169145,-0.10467253982027558,0.061763051827553164,0.039887546147263156,0.3670762063968735,38.11787072243346,58.36501901140685,39.353612167300376,agents demographiques (v6),droite,0.1,0,concentre
-0.08453812498280167,0.05060944155439538,0.03143105833690904,-0.11092242603463665,0.0633543994799502,0.039090899208045315,0.37224757102240824,38.78326996197718,58.74524714828897,38.30798479087453,agents demographiques (v6),droite,0.1,1,concentre
-0.08824032723719721,0.04993826428758118,0.03278809845026815,-0.11664940062157769,0.061079586378935125,0.04343291413347679,0.3681942913940168,38.49809885931559,58.650190114068444,39.163498098859314,agents demographiques (v6),droite,0.1,2,concentre
-0.08408865365530926,0.049132921154347,0.03134609148350874,-0.10718454060602467,0.05984497658447919,0.0388381997607127,0.37403090897175584,39.06844106463878,58.460076045627375,38.49809885931559,agents demographiques (v6),droite,0.1,3,concentre
-0.08755485962552101,0.049358772630983705,0.03262876865223209,-0.10746003552397865,0.05994928421691393,0.04297335425387577,0.36417200664278837,38.30798479087453,58.36501901140685,39.73384030418251,agents demographiques (v6),droite,0.1,4,concentre
-0.08790290664438682,0.049824795483245504,0.03144199793578911,-0.11304882152419138,0.06140739925816902,0.0391489493595434,0.3645159342944826,38.49809885931559,57.60456273764258,38.97338403041825,agents demographiques (v6),droite,0.1,5,concentre
-0.0845399036950012,0.04917446362514638,0.03110178798946253,-0.10684550657340175,0.05958491609627208,0.038087412610620416,0.36614852288590954,38.68821292775665,58.650190114068444,38.59315589353612,agents demographiques (v6),droite,0.1,6,concentre
-0.08794874335347935,0.049576814556556784,0.03201269667809095,-0.10881989041418727,0.06011250013899488,0.040962667160663026,0.36659574934282,38.78326996197718,59.31558935361216,39.06844106463878,agents demographiques (v6),droite,0.1,7,concentre
-0.08719777823175057,0.049994848154226085,0.03178104704285518,-0.10330841536525803,0.06100948940724944,0.04022887301298446,0.3537154961671485,38.87832699619772,59.03041825095057,39.353612167300376,agents demographiques (v6),droite,0.1,8,concentre
-0.08253824687572386,0.04897539454784239,0.03215367292115065,-0.10546288941840976,0.05955319296210459,0.04142381041624303,0.369130980779201,38.49809885931559,58.650190114068444,39.258555133079845,agents demographiques (v6),droite,0.1,9,concentre
-0.10331406730679593,0.05416202156975129,0.04011212311247755,-0.19420873811271788,0.0824996568623686,0.06696035455045561,0.2807079407947186,44.20152091254753,63.30798479087453,39.92395437262358,agents demographiques (v6),droite,0.2,0,concentre
-0.1015566566940912,0.05400343263865717,0.040328887616142714,-0.19101123595505587,0.08362302048363993,0.06770953154287783,0.27355907213193015,44.58174904942966,64.73384030418251,39.258555133079845,agents demographiques (v6),droite,0.2,1,concentre
-0.10415950898810311,0.05547470528796847,0.04091199518919093,-0.19712967708867246,0.08737150851518638,0.0694716040573224,0.28009155766133687,44.39163498098859,63.11787072243346,40.11406844106464,agents demographiques (v6),droite,0.2,2,concentre
-0.10134522896772846,0.05435037612062839,0.040175804629969544,-0.19530082846665775,0.08424381342044121,0.0671779839202434,0.2812436918278216,44.39163498098859,64.06844106463878,38.30798479087453,agents demographiques (v6),droite,0.2,3,concentre
-0.1043264108430999,0.053544694940375864,0.04136769819707586,-0.19448190021781986,0.07990862207004071,0.07110608037059467,0.2912527350479709,43.250950570342205,62.9277566539924,40.77946768060837,agents demographiques (v6),droite,0.2,4,concentre
-0.1029440867975926,0.053477489069823775,0.04005498308335738,-0.19033959152824775,0.07991561937198777,0.06686385025850891,0.2849584931020871,44.01140684410647,63.973384030418245,39.638783269961976,agents demographiques (v6),droite,0.2,5,concentre
-0.10102386693224286,0.05297160423289057,0.04022335724974635,-0.19241803278688507,0.07788623893876716,0.06735721948720588,0.2777325676720976,43.8212927756654,64.92395437262357,39.92395437262358,agents demographiques (v6),droite,0.2,6,concentre
-0.0989863684026564,0.05288525143241994,0.040171846178001916,-0.1913663650823514,0.0767470130337726,0.06728119117480068,0.2851572848524442,43.250950570342205,63.78326996197718,39.92395437262358,agents demographiques (v6),droite,0.2,7,concentre
-0.09779062179546927,0.053617556398287164,0.040456377094272564,-0.18691827323929278,0.08099754357024863,0.06809120329547398,0.27705453733587304,44.01140684410647,65.0190114068441,39.73384030418251,agents demographiques (v6),droite,0.2,8,concentre
-0.10368823938761307,0.05491354397682051,0.04139368303929247,-0.19994602890826607,0.0857431843323688,0.07102944602028358,0.28726507079522257,43.8212927756654,63.59315589353612,39.06844106463878,agents demographiques (v6),droite,0.2,9,concentre
-0.09799110565864122,0.055426997030588204,0.04909916246144271,-0.20951619352259088,0.09503200352312344,0.09620329932935026,0.18629931193573998,49.334600760456276,69.58174904942965,40.49429657794677,agents demographiques (v6),droite,0.3,0,concentre
-0.09973656413454313,0.05594506900239683,0.049913996817551855,-0.223950689756384,0.09959829766311731,0.09883351705814875,0.18889867390279544,49.42965779467681,69.96197718631178,39.73384030418251,agents demographiques (v6),droite,0.3,1,concentre
-0.09940235991214164,0.05542028811296856,0.04991249096142797,-0.20709130049385838,0.09360234151899677,0.09883337014701009,0.18392671591716936,49.52471482889734,69.96197718631178,40.39923954372623,agents demographiques (v6),droite,0.3,2,concentre
-0.09677748968617883,0.055350605833886665,0.0487126058915142,-0.20610915624766035,0.09362642133822902,0.09494835459683056,0.18939889483585337,49.52471482889734,69.86692015209125,40.49429657794677,agents demographiques (v6),droite,0.3,3,concentre
-0.0956094188145814,0.05507074989668001,0.04923181519131018,-0.20411835265893652,0.09272018535774834,0.0965974153801182,0.18237487521944257,49.619771863117876,70.24714828897338,40.3041825095057,agents demographiques (v6),droite,0.3,4,concentre
-0.09412796691018765,0.05545833846740954,0.049659253297713764,-0.2228116710875332,0.09498215626813747,0.09795866868039847,0.1880247667960712,49.619771863117876,69.96197718631178,40.01901140684411,agents demographiques (v6),droite,0.3,5,concentre
-0.09881302045835372,0.05487842163661383,0.04963104629377254,-0.22297711608741488,0.0938045319942088,0.09793901940940684,0.18782253508116986,49.14448669201521,69.96197718631178,40.39923954372623,agents demographiques (v6),droite,0.3,6,concentre
-0.09706430925675147,0.055161958413633264,0.049727940071144505,-0.2170170665347514,0.09401773777831077,0.09825934321880628,0.18962449805556875,49.049429657794676,69.67680608365019,40.3041825095057,agents demographiques (v6),droite,0.3,7,concentre
-0.09780495292672953,0.05535494377425364,0.049667600054265154,-0.21039535526679554,0.09336534397273574,0.09802472902618553,0.18765758033254695,49.42965779467681,69.77186311787072,40.68441064638783,agents demographiques (v6),droite,0.3,8,concentre
-0.0987372818026786,0.05508205138849172,0.05020828499975756,-0.22477324963546952,0.09333184586146476,0.09966107443873913,0.18774913336889107,49.14448669201521,69.77186311787072,39.82889733840304,agents demographiques (v6),droite,0.3,9,concentre
-0.07117368873602758,0.04280102667172318,0.027572690141201756,-0.04330326357712799,0.03722872916925763,0.025611964474211046,0.44559322095769016,34.31558935361217,52.946768060836504,38.97338403041825,agents demographiques (v6),droite,0.02,0,uniforme
-0.07080443976899453,0.04279405295636182,0.02719332717499995,-0.041909769573591715,0.03640067010978837,0.025459997088050086,0.44664883025752244,34.79087452471482,52.946768060836504,38.40304182509506,agents demographiques (v6),droite,0.02,1,uniforme
-0.06909592406236198,0.0432591064812711,0.027482563703416195,-0.038576673256142446,0.0370323991853915,0.025788068505827766,0.4409099496817373,34.6958174904943,53.70722433460075,38.59315589353612,agents demographiques (v6),droite,0.02,2,uniforme
-0.0727158794513505,0.0431028368028078,0.027169254788394832,-0.041340876230048784,0.03637754420185101,0.025150602409638557,0.4482866695746101,34.030418250950575,53.5171102661597,37.9277566539924,agents demographiques (v6),droite,0.02,3,uniforme
-0.06837409174272469,0.04204939843239798,0.027246558337940614,-0.041127489591538,0.03622671587487787,0.025909074363920943,0.447396730701539,34.6958174904943,53.70722433460075,38.68821292775665,agents demographiques (v6),droite,0.02,4,uniforme
-0.07010617584096213,0.042712045157893855,0.027487673810393798,-0.04459510675032641,0.036521859642806194,0.02532895934189932,0.44663067867695044,34.6958174904943,53.61216730038023,39.06844106463878,agents demographiques (v6),droite,0.02,5,uniforme
-0.0703125840062796,0.04336242464764334,0.027545209351155526,-0.04245515647677134,0.03742497379076679,0.025978368293277477,0.44290497011520086,34.50570342205323,53.61216730038023,38.78326996197718,agents demographiques (v6),droite,0.02,6,uniforme
-0.069942193429266,0.043205003077301296,0.027331882002655444,-0.044370524891469865,0.037778789854448366,0.026516033924216503,0.44272432706401293,34.31558935361217,53.70722433460075,38.30798479087453,agents demographiques (v6),droite,0.02,7,uniforme
-0.06894493118414902,0.042854477021707305,0.027186311787072242,-0.042877446772582206,0.036978923626724655,0.025301204819277112,0.44328848983882413,34.125475285171106,53.89733840304183,38.40304182509506,agents demographiques (v6),droite,0.02,8,uniforme
-0.07031350793446012,0.0425172905191077,0.027441372494195627,-0.041635572577125024,0.03629620797513098,0.0259564873059941,0.4460926648991316,34.60076045627377,53.61216730038023,38.59315589353612,agents demographiques (v6),droite,0.02,9,uniforme
-0.07120319330925673,0.0443177877245645,0.02801130736096391,-0.04418496556192508,0.038919792678411495,0.025353151313934084,0.4351407437045637,36.31178707224335,55.13307984790875,38.49809885931559,agents demographiques (v6),droite,0.05,0,uniforme
-0.07731733030573351,0.044115099487262444,0.02779468944502981,-0.04481231845229727,0.037866248359982396,0.02612491473077031,0.44239399444310873,36.44148430066603,54.46768060836502,38.49809885931559,agents demographiques (v6),droite,0.05,1,uniforme
-0.0763040480246614,0.04428677376577897,0.027990331998625613,-0.0413885557045085,0.038555879438763936,0.025941409141096106,0.43763801561407734,35.965746907706944,54.27756653992395,38.11787072243346,agents demographiques (v6),droite,0.05,2,uniforme
-0.07450191446557208,0.043695449459907956,0.028456679333856906,-0.04464273088507709,0.03664213499906919,0.027320953685657214,0.4371273502599296,36.21673003802282,54.562737642585546,38.68821292775665,agents demographiques (v6),droite,0.05,3,uniforme
-0.07284982300741927,0.04362037219564838,0.027605655849570282,-0.044454144782235194,0.037199590466223266,0.026098806100535072,0.4425332549018727,35.646387832699624,54.18250950570342,37.58325404376784,agents demographiques (v6),droite,0.05,4,uniforme
-0.07489272473762143,0.04443631344557182,0.028199980528508067,-0.04504758150796795,0.038505670600547236,0.0257876107561253,0.43965699441537065,36.69201520912547,54.562737642585546,38.40304182509506,agents demographiques (v6),droite,0.05,5,uniforme
-0.07441769934470921,0.04370301817850861,0.027813504228901175,-0.05158182381609688,0.03818937286619054,0.026215739089287666,0.43790539274277523,36.02661596958175,53.61216730038023,38.78326996197718,agents demographiques (v6),droite,0.05,6,uniforme
-0.0725164068574411,0.04414344770865189,0.028455729845408468,-0.04694974810549957,0.03851288416837069,0.026221673290249714,0.4431181591238236,36.78707224334601,55.038022813688215,38.11787072243346,agents demographiques (v6),droite,0.05,7,uniforme
-0.07364673447014503,0.04377318828676108,0.02784779037347936,-0.0481959961116355,0.038536291985456536,0.025669428732763254,0.44102747596255426,36.31178707224335,54.657794676806084,37.96384395813511,agents demographiques (v6),droite,0.05,8,uniforme
-0.07336007525219213,0.04362006650059977,0.02781223412584998,-0.04459029323117658,0.03723391455652365,0.025756196993411716,0.4422347465723695,35.551330798479086,54.752851711026615,38.68821292775665,agents demographiques (v6),droite,0.05,9,uniforme
-0.08503065058335013,0.046858845907970514,0.029689068008044845,-0.05325376688542727,0.04191284873950799,0.026458573531396423,0.4359738689580738,38.49809885931559,55.98859315589354,37.832699619771866,agents demographiques (v6),droite,0.1,0,uniforme
-0.085787451984635,0.04672839311598484,0.03015237204111352,-0.05056554503782118,0.04258204891317677,0.02750584613606799,0.42299819413126816,38.34443387250238,56.27376425855514,38.59315589353612,agents demographiques (v6),droite,0.1,1,uniforme
-0.08409963787995178,0.04642845484423522,0.030066156819814248,-0.047883100165504455,0.04052824993478845,0.02622165398755142,0.43402318650980076,38.40304182509506,55.22813688212928,38.11787072243346,agents demographiques (v6),droite,0.1,2,uniforme
-0.08226954251957708,0.04631964330633816,0.02988064836352174,-0.05286306352025716,0.041421546288488015,0.02624307722513234,0.4293426272661106,38.59315589353612,56.1787072243346,38.59315589353612,agents demographiques (v6),droite,0.1,3,uniforme
-0.08901021428688538,0.047705016186832885,0.02998433218382837,-0.055242294484249665,0.04381807085873667,0.026703055010484124,0.4262108007754927,38.40304182509506,56.463878326996195,38.87832699619772,agents demographiques (v6),droite,0.1,4,uniforme
-0.08250027463473586,0.046421940237493756,0.02942530097552561,-0.04804698053379208,0.0403549085105809,0.02569825899316904,0.4393772730595965,37.547528517110266,55.79847908745247,37.832699619771866,agents demographiques (v6),droite,0.1,5,uniforme
-0.0865417190317469,0.048374328560406424,0.029205619127965328,-0.05420894001782883,0.04316792277043002,0.027280895071635076,0.4283939036517484,37.547528517110266,57.03422053231939,37.547528517110266,agents demographiques (v6),droite,0.1,6,uniforme
-0.08448173871130293,0.04601314773675966,0.029373972843114392,-0.05219023956406976,0.041284570337752076,0.026248970063169463,0.4330849950883587,37.86869647954329,55.51330798479087,37.6425855513308,agents demographiques (v6),droite,0.1,7,uniforme
-0.08436515918421161,0.0468475074064804,0.02923187039980673,-0.05619124590582303,0.04266839755913983,0.027272289001735554,0.42408725223163163,38.15413891531874,56.27376425855514,39.06844106463878,agents demographiques (v6),droite,0.1,8,uniforme
-0.08101132933817423,0.04653698155281953,0.02899351469091861,-0.053951015010621495,0.04106844801297727,0.025923179121319112,0.43309104165668155,38.02281368821293,56.083650190114064,38.30798479087453,agents demographiques (v6),droite,0.1,9,uniforme
-0.10556289580390898,0.05278289906573169,0.03680238865308784,-0.08678907816353909,0.051018897341887075,0.03187147105312213,0.41295295508305285,41.44486692015209,58.840304182509506,38.62987630827783,agents demographiques (v6),droite,0.2,0,uniforme
-0.1001147463306864,0.053139787780346726,0.037458389365709874,-0.0724820298404879,0.04812905998153653,0.02969965700737075,0.43301816216485817,43.250950570342205,58.840304182509506,37.714285714285715,agents demographiques (v6),droite,0.2,1,uniforme
-0.10616455876083553,0.05429058622543467,0.03749012753725833,-0.08383207626079814,0.05280695417043123,0.03339137547887312,0.4114098888936754,42.53092293054234,58.74524714828897,37.3574144486692,agents demographiques (v6),droite,0.2,2,uniforme
-0.09763113561089642,0.0522478768743007,0.03752721096448028,-0.08085253257399283,0.048919776805441566,0.032865051684140105,0.3969043031744253,44.433872502378684,58.840304182509506,37.238095238095234,agents demographiques (v6),droite,0.2,3,uniforme
-0.10094035342752017,0.055248048447907275,0.03573507277213986,-0.07966327745192248,0.05114493059913706,0.03161773231573163,0.4016162190409132,42.47619047619048,59.885931558935354,38.30798479087453,agents demographiques (v6),droite,0.2,4,uniforme
-0.1050433010697911,0.05415664612182401,0.036544929692631435,-0.08386360393779424,0.04972599447468936,0.03017976898792183,0.41422937707726515,42.30038022813688,59.22053231939164,37.167300380228134,agents demographiques (v6),droite,0.2,5,uniforme
-0.09932461314867058,0.053286825115544154,0.039032307033823696,-0.08779977351242096,0.04913401033206836,0.03271560202330534,0.41355246811080315,42.53092293054234,59.31558935361216,39.543726235741445,agents demographiques (v6),droite,0.2,6,uniforme
-0.1026464600769057,0.05392027687852523,0.035037901439296124,-0.07057595814332496,0.04741070307860236,0.028151756792236353,0.4116663515674664,42.96577946768061,58.840304182509506,39.163498098859314,agents demographiques (v6),droite,0.2,7,uniforme
-0.09989193763257653,0.051946099828563755,0.0380197629130802,-0.07887734958372683,0.04861380839246603,0.0313928084569763,0.41427246721072924,42.01520912547528,58.935361216730044,37.452471482889734,agents demographiques (v6),droite,0.2,8,uniforme
-0.09898244488243102,0.053233636169807225,0.038147324601729524,-0.07629933146430867,0.0470311860915471,0.03265781678264999,0.4168632482607599,42.68060836501901,59.50570342205324,36.06089438629876,agents demographiques (v6),droite,0.2,9,uniforme
-0.11984105266914913,0.05971362342518391,0.04542013930360441,-0.10677481057516935,0.05858055473693018,0.03769044106034478,0.38610380844923975,46.336822074215036,62.3574144486692,37.0722433460076,agents demographiques (v6),droite,0.3,0,uniforme
-0.1167530799600438,0.05994411991305856,0.046845822594101194,-0.10114730317816178,0.05588000546788733,0.035539592587681614,0.3876538342915507,47.243346007604565,62.83269961977186,40.39923954372623,agents demographiques (v6),droite,0.3,1,uniforme
-0.11335698670393857,0.059152410109406875,0.04871057688792122,-0.11631399920484153,0.059133704890359684,0.04282750442372211,0.3722717809562578,48.52521408182683,62.3574144486692,38.40304182509506,agents demographiques (v6),droite,0.3,2,uniforme
-0.11537836813514024,0.060338144927312695,0.045644146065956584,-0.11510887473838882,0.061101736133868795,0.04098228461700261,0.3772033042634602,45.72243346007605,64.25855513307985,38.095238095238095,agents demographiques (v6),droite,0.3,3,uniforme
-0.12151526164955706,0.060332804488155145,0.04520267314221272,-0.09724995263564429,0.05692062932498978,0.03532498220769088,0.39495261921844216,47.09800190294957,61.21673003802282,38.4395813510942,agents demographiques (v6),droite,0.3,4,uniforme
-0.11878129327793763,0.05987510100630192,0.044968896237755476,-0.1169068189511796,0.058739141249503836,0.0425947310902123,0.36644147378669517,47.14828897338403,63.40304182509505,38.34443387250238,agents demographiques (v6),droite,0.3,5,uniforme
-0.11870606799598338,0.059778516724702746,0.046291376881017116,-0.10194303965930274,0.054904508490501845,0.03796867557571856,0.4091633796199667,45.80952380952381,62.547528517110266,37.832699619771866,agents demographiques (v6),droite,0.3,6,uniforme
-0.11782087788105067,0.05938339839827564,0.045152897221416785,-0.0993911227461246,0.05704565545578932,0.037052207164958065,0.39057169743029224,47.66888677450047,61.026615969581755,39.86679352997145,agents demographiques (v6),droite,0.3,7,uniforme
-0.11776786936773365,0.05991606048953846,0.04714684496250544,-0.0963085351537023,0.05557582795711919,0.03731096098004359,0.3985384750308548,46.29277566539924,61.97718631178707,38.72502378686965,agents demographiques (v6),droite,0.3,8,uniforme
-0.1153278363878586,0.05831887396334312,0.04704793953766874,-0.09689192371085475,0.054281138874402966,0.0360106109733604,0.3953541234727397,48.43006660323502,62.0722433460076,38.87832699619772,agents demographiques (v6),droite,0.3,9,uniforme
-0.07078878936723487,0.0430103351637252,0.027567308701110294,-0.04521805338183682,0.038239616037716216,0.026811323845229867,0.457333074243911,33.65019011406844,52.75665399239544,38.21292775665399,agents composite,droite,0.02,0,concentre
-0.07092274220383088,0.04307259488057481,0.02723384030418251,-0.04315687404263702,0.039100080949056266,0.025753012048192768,0.4568642482777258,33.460076045627375,52.566539923954366,38.11787072243346,agents composite,droite,0.02,1,concentre
-0.07281830348335627,0.04320314580920613,0.027234609081338436,-0.043051433875754164,0.039439571172497405,0.02575710697775998,0.45629678156472053,33.65019011406844,52.851711026615966,38.02281368821293,agents composite,droite,0.02,2,concentre
-0.07421155232728938,0.04275152113138747,0.027471482889733844,-0.04561244951563248,0.03778679245060538,0.026506024096385545,0.4529204639159352,33.745247148288975,52.661596958174904,37.832699619771866,agents composite,droite,0.02,3,concentre
-0.06801177776705114,0.042700591878545316,0.027432456143524363,-0.04329291531979196,0.03779113059814939,0.02638363120154334,0.4560176914462187,33.55513307984791,52.566539923954366,38.02281368821293,agents composite,droite,0.02,4,concentre
-0.07115976736229901,0.04304903595508727,0.027239809632687323,-0.046303977951825726,0.038858478524657,0.02577348669602883,0.4556553647895919,33.745247148288975,52.28136882129277,37.832699619771866,agents composite,droite,0.02,5,concentre
-0.07050161215290607,0.04323500039268788,0.02742716514780419,-0.04209663283480802,0.03912964327606996,0.026366341498926214,0.45691323569945475,33.93536121673004,52.47148288973384,38.40304182509506,agents composite,droite,0.02,6,concentre
-0.06823680548121192,0.04294228404444082,0.02742395437262357,-0.03850437774049398,0.038549049079809154,0.02635542168674699,0.4567382550662967,33.840304182509506,52.661596958174904,37.96384395813511,agents composite,droite,0.02,7,concentre
-0.06889675136699902,0.04254942684961391,0.027332108113583657,-0.045069467976956656,0.03723431545033204,0.02606513667964911,0.4572679538189592,33.745247148288975,52.566539923954366,38.21292775665399,agents composite,droite,0.02,8,concentre
-0.07154043089948003,0.042703459108652295,0.027423954372623578,-0.047297866958941004,0.038209029487116804,0.02635542168674699,0.4571724887331329,33.65019011406844,52.75665399239544,37.9277566539924,agents composite,droite,0.02,9,concentre
-0.0750176474363089,0.04435785341697411,0.027669013396620274,-0.05139683798945982,0.044094027689341134,0.02713345830451716,0.4653794705699908,34.030418250950575,52.28136882129277,37.6425855513308,agents composite,droite,0.05,0,concentre
-0.06969898803257213,0.043298798803492744,0.027444542181790425,-0.04674093994109385,0.040874257112864826,0.026419694157018076,0.4668633196245748,33.93536121673004,51.90114068441065,37.6425855513308,agents composite,droite,0.05,1,concentre
-0.07259290992824252,0.04403827112766093,0.027674673323425603,-0.050534169916906846,0.042226160297895374,0.02715493967649469,0.4687382061170471,33.745247148288975,52.28136882129277,37.0722433460076,agents composite,droite,0.05,2,concentre
-0.07298733756308418,0.04447926671749465,0.027424677927593854,-0.053950367360806495,0.04407379951575028,0.02635906162414007,0.46895839830274744,33.65019011406844,52.47148288973384,36.97718631178707,agents composite,droite,0.05,3,concentre
-0.07558858648218836,0.04412306664617517,0.02776004565631862,-0.05917209853551164,0.04315590107609625,0.02742237833509264,0.4661388081401602,33.745247148288975,52.37642585551331,37.452471482889734,agents composite,droite,0.05,4,concentre
-0.071575081347523,0.044560298618618224,0.027764480789873952,-0.05677521304814037,0.04574875862291941,0.027438338909055615,0.4704699481002285,34.030418250950575,52.09125475285171,37.26235741444867,agents composite,droite,0.05,5,concentre
-0.0722623203615258,0.043732096070268484,0.02761560599537648,-0.047003824904377156,0.04191510981214474,0.026964201215739093,0.4669781224095966,34.030418250950575,51.99619771863118,37.26235741444867,agents composite,droite,0.05,6,concentre
-0.07353460546452784,0.04421147288665024,0.027954048832724943,-0.05535409405821856,0.04382827693392662,0.0280307028719106,0.464564897464568,34.22053231939163,51.80608365019012,37.452471482889734,agents composite,droite,0.05,7,concentre
-0.0734286357738051,0.044072059169465994,0.027622886767264924,-0.04962789708696569,0.04185439775727166,0.02698376587922688,0.4626346373563473,34.50570342205323,51.80608365019012,37.547528517110266,agents composite,droite,0.05,8,concentre
-0.07604965198704183,0.044380507045291104,0.027622524989779785,-0.052399150743099865,0.04356972846489125,0.026985585847923415,0.4693861996312885,33.460076045627375,52.28136882129277,37.452471482889734,agents composite,droite,0.05,9,concentre
-0.0775422591896966,0.04623616804130615,0.028619945516310735,-0.06039845205675798,0.052650457273664915,0.030149146434681327,0.4826693158569344,34.030418250950575,51.52091254752852,36.15604186489058,agents composite,droite,0.1,0,concentre
-0.07624638173321052,0.04504310666084366,0.02820310136825945,-0.05834765901506733,0.04663739593739633,0.02883073092896509,0.48303476829830844,33.840304182509506,51.615969581749056,36.06089438629876,agents composite,droite,0.1,1,concentre
-0.0759084401692216,0.04607539963479827,0.028301597272953664,-0.056778313977632444,0.050309680751837144,0.02913740400235071,0.48189580155907435,33.65019011406844,51.42585551330798,35.68030447193149,agents composite,droite,0.1,2,concentre
-0.0774639558761866,0.045210866993590615,0.02876407525454061,-0.06157295619179037,0.046581661999643885,0.030606496295536446,0.4809280211018926,34.4106463878327,51.235741444866925,35.551330798479086,agents composite,droite,0.1,3,concentre
-0.07283782909631953,0.04521668778353123,0.02849320324234077,-0.053162302311217324,0.048461348778817616,0.029745259709063627,0.47930610304999266,34.31558935361217,51.71102661596958,36.50190114068441,agents composite,droite,0.1,4,concentre
-0.07894524894895372,0.04548757856950557,0.028346824884765764,-0.06402513377422647,0.04846963933957855,0.029281225599541223,0.4817366423153937,34.22053231939163,51.52091254752852,36.31178707224335,agents composite,droite,0.1,5,concentre
-0.07919594423865772,0.045802110336964616,0.028382990066335906,-0.060294876943376874,0.04858188263562045,0.029403564075771067,0.4855510793298807,34.60076045627377,50.760456273764255,36.31178707224335,agents composite,droite,0.1,6,concentre
-0.07659066722564412,0.045439805505630884,0.02858750925801747,-0.06032822694220108,0.04870257787081609,0.030053080517704972,0.48560726566382656,33.93536121673004,51.71102661596958,35.26615969581749,agents composite,droite,0.1,7,concentre
-0.07651061630561184,0.04532767000606182,0.028524890032565142,-0.062349293833964925,0.04897070979215633,0.029844784245468547,0.4850598845397702,34.4106463878327,51.80608365019012,35.58515699333968,agents composite,droite,0.1,8,concentre
-0.07636195404834034,0.045697382371171505,0.028333331442249882,-0.054498381877022495,0.049014831310711084,0.029242868405642143,0.4807823418347212,34.50570342205323,51.42585551330798,35.965746907706944,agents composite,droite,0.1,9,concentre
-0.08972209107337648,0.04907095315891445,0.030863629566392214,-0.08148505303760856,0.06415919191674214,0.037272455813085394,0.5072231451879871,34.31558935361217,50.19011406844106,32.69961977186312,agents composite,droite,0.2,0,concentre
-0.08554765571246037,0.04838694485958639,0.031167615266244612,-0.09017472203312915,0.06032494344751201,0.038255425377877336,0.5107194065072888,35.26615969581749,50.0,33.4919124643197,agents composite,droite,0.2,1,concentre
-0.08704936292754484,0.04919195670688463,0.031025829131877524,-0.08524560504176326,0.06484504775980715,0.03780159572190216,0.5088512419594821,34.6958174904943,49.90494296577947,33.111322549952426,agents composite,droite,0.2,2,concentre
-0.09149337138748792,0.049213831236340835,0.03130440726494071,-0.09653420431863557,0.06389480413440757,0.03868256308888345,0.5048766567086928,34.88593155893536,49.90494296577947,33.174904942965775,agents composite,droite,0.2,3,concentre
-0.08715358644726001,0.048948562316737776,0.03126034233971427,-0.08836049622962783,0.0630025073743288,0.03854218485199264,0.5066935336832136,34.79087452471482,49.619771863117876,34.15794481446242,agents composite,droite,0.2,4,concentre
-0.08791334653206162,0.04885464988426909,0.031124244769980425,-0.09064163418813787,0.06403362091752521,0.03812028142060907,0.5092176209464516,34.125475285171106,49.80988593155893,33.58705994291151,agents composite,droite,0.2,5,concentre
-0.08956318918978134,0.049207076656486104,0.03150482871812544,-0.10025644156795699,0.0626578057777338,0.03932912587582001,0.5145962735542378,34.4106463878327,49.80988593155893,32.730732635585156,agents composite,droite,0.2,6,concentre
-0.0893480886625534,0.04936093749268347,0.03087989354961332,-0.0983118172790467,0.0643345040905206,0.03734383257969665,0.5086374649748118,34.60076045627377,49.71482889733841,32.825880114176975,agents composite,droite,0.2,7,concentre
-0.08693595480570016,0.048969716930981774,0.03117088794336601,-0.0899649800748703,0.06317215734998236,0.03827073621030265,0.5140075526066168,34.98098859315589,50.09505703422054,33.206470028544246,agents composite,droite,0.2,8,concentre
-0.08737091632380589,0.04943379766340966,0.03060357171895426,-0.08750907770515604,0.06310895740789065,0.03645825617639331,0.5093781070110283,34.98098859315589,49.42965779467681,33.65019011406844,agents composite,droite,0.2,9,concentre
-0.09483887576812444,0.05144709288092057,0.03375148754296869,-0.1150837988826815,0.0723791173369755,0.046487849493453685,0.5397097162988337,35.07604562737642,48.669201520912544,30.542340627973356,agents composite,droite,0.3,0,concentre
-0.09580995743395548,0.051573821859324964,0.03356166846219595,-0.11216324353160834,0.07313527137953835,0.04588291040142213,0.5384267067635319,35.17110266159696,48.57414448669202,30.637488106565176,agents composite,droite,0.3,1,concentre
-0.09472303059868448,0.0515085665684888,0.03399650738994283,-0.12104903610643647,0.07327640755961876,0.04727374880880772,0.5414636013944539,35.361216730038024,48.47908745247148,30.637488106565176,agents composite,droite,0.3,2,concentre
-0.09348645253902732,0.05117430807276126,0.033710201936687584,-0.11348714436072638,0.07210093623784415,0.04636234433902553,0.539525352068679,35.361216730038024,48.47908745247148,30.73263558515699,agents composite,droite,0.3,3,concentre
-0.09201861593132976,0.05073443781821524,0.03375228083704035,-0.11446809932823099,0.07204194241699549,0.046490352630060294,0.5401233586766229,35.17110266159696,48.764258555133075,30.82778306374881,agents composite,droite,0.3,4,concentre
-0.09556613857285967,0.051291208551011214,0.0335201805566174,-0.1147442326980943,0.07200964752623698,0.045757210106039364,0.539185466574781,34.98098859315589,48.57414448669202,30.542340627973356,agents composite,droite,0.3,5,concentre
-0.09401096252788266,0.05131636999067449,0.034138093649826146,-0.11374391676455775,0.07257861008497124,0.047719111242365345,0.5410152030306783,35.361216730038024,48.38403041825095,30.637488106565176,agents composite,droite,0.3,6,concentre
-0.09572901325478655,0.05110190470067874,0.033559448767189394,-0.11114819202723214,0.07355769324627426,0.045867061244971294,0.5426887789449052,35.17110266159696,48.669201520912544,30.922930542340627,agents composite,droite,0.3,7,concentre
-0.09572219426270767,0.05130487162202475,0.034043445945166215,-0.11348455679250002,0.07246504750196087,0.04741836950595228,0.5384710848055593,35.361216730038024,48.38403041825095,30.637488106565176,agents composite,droite,0.3,8,concentre
-0.09525595454672664,0.050962797144587,0.03394180347655867,-0.11387024982848348,0.07195117991417042,0.04709044012928142,0.5391042489665917,35.26615969581749,48.764258555133075,31.113225499524262,agents composite,droite,0.3,9,concentre
-0.07158620321141362,0.042667181458712095,0.027282228042819982,-0.04280089988751412,0.036222626063483074,0.025753012048192775,0.4536552717999169,33.840304182509506,52.37642585551331,38.40304182509506,agents composite,droite,0.02,0,uniforme
-0.07198184261098106,0.04238200493921654,0.02723714152373441,-0.04304203026853837,0.03650090978335657,0.025301204819277105,0.45609377601504697,34.4106463878327,52.946768060836504,38.59315589353612,agents composite,droite,0.02,1,uniforme
-0.0701735590314978,0.04266732939031362,0.027566539923954376,-0.04181738848930994,0.037273370435599966,0.025903614457831327,0.4555561656748488,34.22053231939163,52.47148288973384,38.49809885931559,agents composite,droite,0.02,2,uniforme
-0.06985345205391613,0.0427015082175632,0.027523126625737575,-0.04332084368290301,0.03723257996064964,0.026204819277108438,0.4547833739284319,34.125475285171106,52.47148288973384,38.11787072243346,agents composite,droite,0.02,3,uniforme
-0.07245231433026467,0.04288684430285347,0.027756653992395436,-0.04364934371398854,0.03703025462196361,0.026054216867469882,0.4562023998486182,33.840304182509506,52.661596958174904,38.59315589353612,agents composite,droite,0.02,4,uniforme
-0.06976097534891179,0.042391717245547356,0.027241853938571342,-0.041229712419588616,0.03645982703857586,0.025768953319457454,0.45470255167713974,33.840304182509506,52.47148288973384,38.87832699619772,agents composite,droite,0.02,5,uniforme
-0.071122188111716,0.042821232390222994,0.027281368821292774,-0.047480117262564625,0.037242188870470115,0.02560240963855422,0.45388231621918174,33.93536121673004,52.47148288973384,38.40304182509506,agents composite,droite,0.02,6,uniforme
-0.069839771776667,0.04249651898842091,0.027423954372623578,-0.042052984791141945,0.03642628859793041,0.025753012048192775,0.4565749710937768,34.030418250950575,52.75665399239544,38.49809885931559,agents composite,droite,0.02,7,uniforme
-0.06899599813567747,0.04275381871944402,0.027281368821292774,-0.04507540652118969,0.03626916670602532,0.026204819277108438,0.4555229156204924,34.31558935361217,52.566539923954366,38.49809885931559,agents composite,droite,0.02,8,uniforme
-0.06918939767297327,0.04222951531473146,0.027238905188974465,-0.04213309332283288,0.036171010746687125,0.025467276962836245,0.45234597949258737,34.50570342205323,52.37642585551331,38.21292775665399,agents composite,droite,0.02,9,uniforme
-0.07125544282619412,0.04346418577672746,0.027995788910072972,-0.041630260153893706,0.038988582736938227,0.025753012048192775,0.46112890882116037,34.31558935361217,52.566539923954366,36.88212927756654,agents composite,droite,0.05,0,uniforme
-0.07128821312373157,0.043061807592459866,0.027810519645120407,-0.04316912138141171,0.03715751809379817,0.026376414749908723,0.46196331711146976,34.4106463878327,52.566539923954366,37.452471482889734,agents composite,droite,0.05,1,uniforme
-0.07320344903445286,0.043225214918324054,0.027381309851562702,-0.04033850493653035,0.03784518311492464,0.026656626506024093,0.4542973482289669,34.88593155893536,52.566539923954366,37.26235741444867,agents composite,droite,0.05,2,uniforme
-0.07157820103773882,0.0437206957912073,0.027952918278083883,-0.043440303026036076,0.03734642953357805,0.02607105157791286,0.45744652772651323,34.6958174904943,51.99619771863118,37.832699619771866,agents composite,droite,0.05,3,uniforme
-0.07229782709100874,0.043224656811990586,0.028282768900160273,-0.044029756296494305,0.037201946664683835,0.026506024096385545,0.4592531397340811,34.50570342205323,52.09125475285171,37.29781160799239,agents composite,droite,0.05,4,uniforme
-0.07107943412071216,0.043565817525396275,0.027581336623096597,-0.042721541304071686,0.03787011578665165,0.02590361445783133,0.4595135578477278,34.60076045627377,52.37642585551331,38.02281368821293,agents composite,droite,0.05,5,uniforme
-0.07128401410756746,0.0433705374121033,0.027574550452712836,-0.04430317296984909,0.03699433334141695,0.027119808539293126,0.4602993755360504,34.125475285171106,52.661596958174904,37.452471482889734,agents composite,droite,0.05,6,uniforme
-0.07076962776595075,0.04316482551376509,0.02786012528182035,-0.04510760321052554,0.03758838630185031,0.025753012048192775,0.45889351133103,34.030418250950575,51.71102661596958,37.73764258555133,agents composite,droite,0.05,7,uniforme
-0.0716247690948516,0.04339304770586977,0.02752217695983908,-0.0453721018517218,0.03772749129284247,0.02636679649110036,0.460213936443724,34.6958174904943,52.47148288973384,38.21292775665399,agents composite,droite,0.05,8,uniforme
-0.07267993185251842,0.043461087733238424,0.027575132139226445,-0.039544985073359795,0.037493172713104504,0.026213919120591123,0.46005836764043706,34.60076045627377,51.99619771863118,37.832699619771866,agents composite,droite,0.05,9,uniforme
-0.07301408511721363,0.0448342775572952,0.029051592914880818,-0.044675677204094155,0.03917439856196137,0.026673006224292944,0.4699695967289616,35.741444866920155,52.28136882129277,35.646387832699624,agents composite,droite,0.1,0,uniforme
-0.07659441321493676,0.044371148009656455,0.028015036453070758,-0.04641613095069519,0.03911090570639716,0.026674371200815346,0.46570487892345724,35.26615969581749,52.37642585551331,36.31178707224335,agents composite,droite,0.1,1,uniforme
-0.0782929672322239,0.045152116282247134,0.028300112875823496,-0.050627556056973555,0.04103835868327969,0.026670276271248138,0.46911784648826477,35.17110266159696,52.47148288973384,37.3574144486692,agents composite,droite,0.1,2,uniforme
-0.07483580591368533,0.044644455006770445,0.028101980081766658,-0.04206791687785094,0.03923944652625528,0.026520583845957853,0.4680398537812256,35.26615969581749,51.99619771863118,37.0722433460076,agents composite,droite,0.1,3,uniforme
-0.0783768040903502,0.04465787992122487,0.02767825433211804,-0.0473481114272033,0.038961655039160124,0.02621803611038496,0.46923800887739253,35.741444866920155,51.615969581749056,37.452471482889734,agents composite,droite,0.1,4,uniforme
-0.07772920114499493,0.04528958548875907,0.028491298217832424,-0.0455971731448761,0.03939451090508911,0.0262161940814618,0.4664614508853745,34.030418250950575,52.18631178707225,36.97718631178707,agents composite,droite,0.1,5,uniforme
-0.07507040885694882,0.045214221234177066,0.028486775999268178,-0.04855874268799765,0.04090333285946166,0.026375441342408913,0.4665873223440117,34.98098859315589,51.615969581749056,36.31178707224335,agents composite,droite,0.1,6,uniforme
-0.07118713731767856,0.044631828546379135,0.02811566390834975,-0.04358380850222998,0.038473163752208536,0.026407401095731458,0.47060144591455927,35.646387832699624,52.28136882129277,36.346336822074214,agents composite,droite,0.1,7,uniforme
-0.07560775508441653,0.044745038690493566,0.02829315091336243,-0.04720775646725095,0.03917495188374418,0.02653479078277197,0.4710215225161924,36.40684410646388,51.14068441064639,37.832699619771866,agents composite,droite,0.1,8,uniforme
-0.07194023244139025,0.04487325441316525,0.02876909474487193,-0.04506863780359016,0.03987155207646224,0.02620891420667565,0.470121696968115,34.98098859315589,52.661596958174904,36.69201520912547,agents composite,droite,0.1,9,uniforme
-0.08882896848356492,0.04930970030555047,0.029889698423061366,-0.04774347467976958,0.046299258971178384,0.02758435554908456,0.4839167604316502,38.11787072243346,51.99619771863118,36.02661596958175,agents composite,droite,0.2,0,uniforme
-0.08731128157521861,0.05038123486522808,0.02983479282899109,-0.05584701303096973,0.047310685993135,0.027575255705601865,0.4914590719421788,37.3574144486692,51.235741444866925,35.17110266159696,agents composite,droite,0.2,1,uniforme
-0.08806924898603607,0.048616457294774984,0.02940405470868304,-0.05248791583736134,0.04342765066262938,0.027593000400393114,0.4881815375358093,38.02281368821293,51.33079847908745,34.6336822074215,agents composite,droite,0.2,2,uniforme
-0.08950711271588285,0.04893197682908769,0.03087976008270742,-0.053901030460876465,0.044484353798857935,0.027906103954405924,0.4909539979019761,37.0722433460076,50.28517110266159,35.93155893536122,agents composite,droite,0.2,3,uniforme
-0.08495501608913592,0.049211253130046914,0.029466767708805176,-0.05312660320355689,0.04397225475337266,0.02670374823315364,0.49116960579576646,37.26235741444867,51.04562737642585,34.4106463878327,agents composite,droite,0.2,4,uniforme
-0.08795101158672036,0.048344966585845195,0.03002534710995216,-0.05114463879187203,0.04410862860446803,0.028206870326678866,0.48931126784273526,37.452471482889734,51.42585551330798,34.31558935361217,agents composite,droite,0.2,5,uniforme
-0.08276111311890133,0.04814494929647224,0.02945677532520788,-0.05083395001992386,0.043586420594208995,0.026839177789739693,0.49137710257357897,36.40684410646388,51.90114068441065,34.4106463878327,agents composite,droite,0.2,6,uniforme
-0.08465401421770047,0.04794416102400588,0.029612042331623328,-0.05139283683911311,0.04286333703311595,0.026542423470316313,0.4890857468915111,36.59695817490494,51.52091254752852,36.40684410646388,agents composite,droite,0.2,7,uniforme
-0.08853988290359927,0.048263162762847645,0.030406384442979318,-0.05455685023218704,0.04524591701873903,0.029718112926039403,0.48835536276267383,37.452471482889734,50.950570342205324,34.6336822074215,agents composite,droite,0.2,8,uniforme
-0.0856843792421047,0.0491095530342327,0.031258419502015876,-0.05421669566209386,0.04436519997648336,0.030144615815638275,0.48835309507833585,37.26235741444867,50.475285171102655,35.646387832699624,agents composite,droite,0.2,9,uniforme
-0.09517299400567902,0.05256701966859828,0.032903881334045926,-0.062231390751246285,0.048716643289166396,0.02867148096077892,0.5039281174561792,39.638783269961976,50.57034220532319,32.129277566539926,agents composite,droite,0.3,0,uniforme
-0.09841121651134477,0.05226387984384817,0.03330748056817792,-0.06760899917953755,0.05024619389038489,0.030160998291435454,0.5167629408108363,41.159695817490494,49.52471482889734,33.460076045627375,agents composite,droite,0.3,1,uniforme
-0.09399630080149302,0.051953367729630245,0.032754241921361296,-0.05992935918690978,0.04747157471748647,0.030804688833110938,0.5110930077005069,38.68821292775665,49.80988593155893,31.68411037107517,agents composite,droite,0.3,2,uniforme
-0.09604407274658178,0.0520023976717634,0.03238511086111644,-0.05896257008200845,0.04842461417552497,0.030653973389955562,0.5120291955222066,39.163498098859314,50.475285171102655,33.365019011406844,agents composite,droite,0.3,3,uniforme
-0.09236441524104877,0.05313831614641938,0.03319372585177534,-0.0630418218152019,0.04955811762154703,0.03172434043890543,0.5079844542827322,39.638783269961976,50.38022813688213,31.93916349809886,agents composite,droite,0.3,4,uniforme
-0.0975224154514599,0.05312812288799232,0.033934495672280775,-0.05765678724673895,0.0500972697386236,0.029093153718968152,0.5116746696470885,39.163498098859314,50.0,32.31939163498099,agents composite,droite,0.3,5,uniforme
-0.09443381312921206,0.05323624120051239,0.03331701564200436,-0.05873888393242577,0.049344148908083564,0.030022658610271903,0.5018585736837405,40.39923954372623,49.71482889733841,34.030418250950575,agents composite,droite,0.3,6,uniforme
-0.10003497532296657,0.05437147264913397,0.033372812265733874,-0.06811428571428568,0.052901643786381417,0.0309417206072836,0.5093187092774476,39.543726235741445,50.09505703422054,32.22433460076046,agents composite,droite,0.3,7,uniforme
-0.09537650962324029,0.05222866033670019,0.03270918204472718,-0.053815330259813,0.04683285981342222,0.02957999810282051,0.5053286625161774,40.68441064638783,50.950570342205324,33.745247148288975,agents composite,droite,0.3,8,uniforme
-0.0976897982734517,0.051667633042682626,0.03311740529004677,-0.06125132191957017,0.049256424491238814,0.02863038255742001,0.506730944512698,40.01901140684411,50.57034220532319,31.4638783269962,agents composite,droite,0.3,9,uniforme
-0.07502358980920232,0.04336247584149912,0.02827946768060836,-0.05860288045684192,0.041430059820418225,0.029066265060240966,0.45700373669127836,33.840304182509506,52.37642585551331,38.21292775665399,C2,droite,0.02,0,concentre
-0.07540605724286586,0.0432145764229912,0.028754752851711023,-0.05958647408093676,0.03993874783040484,0.030572289156626502,0.45534444645620087,33.745247148288975,52.47148288973384,38.68821292775665,C2,droite,0.02,1,concentre
-0.07155678195408155,0.04354784125196483,0.02875475285171103,-0.05956903924070145,0.04149961417098732,0.030572289156626502,0.4547272692917134,33.65019011406844,52.37642585551331,38.21292775665399,C2,droite,0.02,2,concentre
-0.07345779220779225,0.043731358727871567,0.029087452471482887,-0.060669631618695985,0.04151278364410361,0.03162650602409638,0.4563801005557749,33.745247148288975,52.28136882129277,37.9277566539924,C2,droite,0.02,3,concentre
-0.07342194110859435,0.04329822077724502,0.028422053231939165,-0.05776658270361035,0.04062650982011753,0.02951807228915662,0.4522288448246296,33.840304182509506,52.47148288973384,38.68821292775665,C2,droite,0.02,4,concentre
-0.07566798014322051,0.04355126397157352,0.02894486692015209,-0.0613004829565339,0.04094584711565697,0.03117469879518072,0.4545739155292755,33.55513307984791,52.566539923954366,38.68821292775665,C2,droite,0.02,5,concentre
-0.07380119146207897,0.04380840419991869,0.028659695817490494,-0.05672663990793492,0.041745956416459895,0.030271084337349395,0.455441229553407,33.460076045627375,52.28136882129277,38.40304182509506,C2,droite,0.02,6,concentre
-0.07502707547522125,0.04356334108709692,0.02927756653992396,-0.0608388965864719,0.04137892861636864,0.032228915662650605,0.45799537979493027,33.55513307984791,52.661596958174904,38.59315589353612,C2,droite,0.02,7,concentre
-0.07713938774205953,0.04350829080049129,0.028754752851711023,-0.0589752575874396,0.04151106228133306,0.030572289156626502,0.45835632987133396,33.65019011406844,52.37642585551331,38.49809885931559,C2,droite,0.02,8,concentre
-0.07276371702701989,0.04310549559740455,0.029087452471482894,-0.05837111058090405,0.039946955089968934,0.03162650602409638,0.4576798099488206,33.65019011406844,52.37642585551331,38.02281368821293,C2,droite,0.02,9,concentre
-0.07314200042835717,0.04228619378088348,0.02747148288973384,-0.07858687815428977,0.046207857026858,0.03537170263788969,0.45494756757871957,33.460076045627375,52.851711026615966,39.06844106463878,C2,gauche,0.02,0,concentre
-0.07274218360553808,0.042307136747464946,0.027519011406844106,-0.08029138755343657,0.045474336794727954,0.035491606714628296,0.4526945373220523,32.79467680608365,52.75665399239544,39.353612167300376,C2,gauche,0.02,1,concentre
-0.07467235598902788,0.042378139207029,0.028136882129277563,-0.07739233969685222,0.04616570472454409,0.037050359712230224,0.45548709060495857,32.98479087452472,52.946768060836504,39.73384030418251,C2,gauche,0.02,2,concentre
-0.07224407868325966,0.042394734095531586,0.028279467680608367,-0.07688613167900715,0.04587545632455139,0.03741007194244604,0.45449376831014826,33.745247148288975,52.661596958174904,39.353612167300376,C2,gauche,0.02,3,concentre
-0.07209298585161084,0.04200699794636725,0.027946768060836503,-0.07376389112578507,0.04468451926518452,0.03657074340527578,0.45868456127509416,32.60456273764258,52.946768060836504,39.258555133079845,C2,gauche,0.02,4,concentre
-0.07422376186810375,0.04209962445051142,0.028184410646387836,-0.07984315810460563,0.045235334129027055,0.03717026378896883,0.4525532450064633,33.65019011406844,52.75665399239544,39.638783269961976,C2,gauche,0.02,5,concentre
-0.07014208847504577,0.04224290639496149,0.02766159695817491,-0.07676276484890587,0.045315571156657186,0.03585131894484413,0.45602484180186625,32.98479087452472,52.851711026615966,39.448669201520914,C2,gauche,0.02,6,concentre
-0.07285009650439633,0.04243693997912633,0.027709125475285173,-0.07906604402935269,0.04580269984041376,0.035971223021582746,0.4561194781194072,32.79467680608365,52.946768060836504,39.258555133079845,C2,gauche,0.02,7,concentre
-0.07081241148448547,0.04232182640935184,0.028469581749049427,-0.07836363393845625,0.0453488559610259,0.03788968824940049,0.454121922767286,33.55513307984791,52.661596958174904,39.258555133079845,C2,gauche,0.02,8,concentre
-0.07070252187339188,0.0424755583958905,0.027756653992395436,-0.077600234748046,0.046082562212291345,0.036091127098321345,0.4560936597309394,33.460076045627375,52.946768060836504,38.78326996197718,C2,gauche,0.02,9,concentre
-0.08315914233380017,0.04403179307527072,0.03407794676806083,-0.10875071492769006,0.05378572063520897,0.05203836930455635,0.46303640166180704,32.414448669201526,53.041825095057035,39.92395437262358,C2,gauche,0.05,0,concentre
-0.08360066312140724,0.043958400191144956,0.03450570342205323,-0.11299335651562115,0.05405278176589235,0.05311750599520383,0.4616905084465899,32.60456273764258,53.041825095057035,40.01901140684411,C2,gauche,0.05,1,concentre
-0.08422699198529304,0.044405810254305164,0.03479087452471483,-0.11387252853888985,0.054962212911631246,0.0538369304556355,0.45911392358490555,32.50950570342205,53.136882129277566,40.11406844106464,C2,gauche,0.05,2,concentre
-0.08474029118378168,0.0439566894369022,0.0346958174904943,-0.10823513384646832,0.053780219612948536,0.053597122302158275,0.46116786466419546,32.98479087452472,52.851711026615966,40.01901140684411,C2,gauche,0.05,3,concentre
-0.08190463867503395,0.04388219277845519,0.03393536121673004,-0.11126768196845693,0.05330200314066415,0.051678657074340516,0.46059042718218945,32.60456273764258,52.946768060836504,39.82889733840304,C2,gauche,0.05,4,concentre
-0.08521132429893996,0.043787137934509834,0.034648288973384025,-0.11293867040567329,0.05331487285033919,0.05347721822541966,0.45849006050337127,32.69961977186312,52.661596958174904,39.92395437262358,C2,gauche,0.05,5,concentre
-0.08354670051853585,0.04403380919560243,0.03493346007604563,-0.11313485113835364,0.05421753525168772,0.054196642685851316,0.4585042118385707,32.98479087452472,52.946768060836504,39.92395437262358,C2,gauche,0.05,6,concentre
-0.08310411833414988,0.044166387860183134,0.034743346007604564,-0.11398000161711996,0.054919500246913056,0.05371702637889688,0.4595007542925562,32.69961977186312,52.946768060836504,40.01901140684411,C2,gauche,0.05,7,concentre
-0.0832742049925822,0.04414835393578727,0.034077946768060835,-0.11022856216566701,0.054267130941060435,0.05203836930455637,0.4602375703581857,32.79467680608365,53.041825095057035,40.20912547528518,C2,gauche,0.05,8,concentre
-0.08219362553663667,0.043840576947614424,0.034648288973384025,-0.10785749145924839,0.0535966921456835,0.05347721822541966,0.45989907561942606,32.50950570342205,52.851711026615966,40.01901140684411,C2,gauche,0.05,9,concentre
-0.07316183960797351,0.04269653264348719,0.027709125475285173,-0.0424473972525774,0.036064510890688475,0.02560240963855422,0.4520183151031523,33.93536121673004,52.37642585551331,39.353612167300376,C2,droite,0.02,0,uniforme
-0.07113199359238798,0.042641486913501586,0.02813688212927757,-0.04283852524488152,0.03696197629558801,0.025150602409638557,0.457063259559357,33.65019011406844,52.47148288973384,39.543726235741445,C2,droite,0.02,1,uniforme
-0.07071291873723506,0.042672874910010206,0.02804182509505703,-0.043447703920273084,0.03683134332332962,0.025903614457831327,0.4520940681911807,33.745247148288975,52.661596958174904,39.448669201520914,C2,droite,0.02,2,uniforme
-0.0737829235468781,0.042659258337757994,0.027946768060836503,-0.047584361736402014,0.036440962026079986,0.025903614457831327,0.45438430333488444,33.55513307984791,52.28136882129277,39.448669201520914,C2,droite,0.02,3,uniforme
-0.0723697937565202,0.0428613640139245,0.027138783269961976,-0.04571060228132606,0.03647381519244001,0.02560240963855422,0.4525701997249577,33.460076045627375,52.661596958174904,39.258555133079845,C2,droite,0.02,4,uniforme
-0.07249477214018674,0.0420447993049468,0.027471482889733834,-0.04269568269568258,0.036440504376537806,0.025451807228915668,0.4569670605200936,33.365019011406844,52.661596958174904,39.163498098859314,C2,droite,0.02,5,uniforme
-0.07258959147253186,0.0421964253438062,0.028422053231939165,-0.04318041439721487,0.036111092446606534,0.025903614457831327,0.45587197545675456,33.745247148288975,52.47148288973384,39.82889733840304,C2,droite,0.02,6,uniforme
-0.0723433862292272,0.0426254583767207,0.02747148288973384,-0.04808905588424983,0.03793923467294584,0.026506024096385545,0.45295798742419613,33.93536121673004,52.47148288973384,38.49809885931559,C2,droite,0.02,7,uniforme
-0.0722816242125005,0.04249354186207138,0.02737642585551331,-0.044460641399416856,0.036994270897982864,0.02560240963855422,0.45669037090999437,33.55513307984791,52.946768060836504,38.87832699619772,C2,droite,0.02,8,uniforme
-0.07225582293141164,0.042699773096451454,0.028469581749049427,-0.04125273615086733,0.03572850581297648,0.025150602409638557,0.45191851982038,33.93536121673004,52.37642585551331,39.353612167300376,C2,droite,0.02,9,uniforme
-0.08036900567494132,0.04398005499000254,0.031463878326996195,-0.04795000420368245,0.03728412819535856,0.026204819277108438,0.4581007443283217,33.93536121673004,52.18631178707225,40.77946768060837,C2,droite,0.05,0,uniforme
-0.08420713364847432,0.044663524106944366,0.03165399239543726,-0.050855066567528584,0.03976718659246737,0.02740963855421687,0.46230387362447944,34.50570342205323,52.09125475285171,39.92395437262358,C2,droite,0.05,1,uniforme
-0.0811335841199482,0.043593867576114956,0.030560836501901147,-0.04897221404850982,0.037729218782950984,0.027259036144578315,0.4618820880371458,33.460076045627375,52.661596958174904,39.543726235741445,C2,droite,0.05,2,uniforme
-0.08402698394809316,0.044746778575082594,0.031558935361216726,-0.05228218092183601,0.041683929247114504,0.028463855421686744,0.4653144650442251,34.22053231939163,52.47148288973384,38.97338403041825,C2,droite,0.05,3,uniforme
-0.08666734335183535,0.04510075302642498,0.032889733840304185,-0.05881693613921035,0.0418201374915306,0.03132530120481928,0.4598387435238207,34.4106463878327,52.09125475285171,38.97338403041825,C2,droite,0.05,4,uniforme
-0.08228092783505159,0.044393447173456294,0.031558935361216726,-0.04752275025278063,0.03755277948836275,0.02831325301204819,0.45757210739725507,33.65019011406844,52.18631178707225,39.92395437262358,C2,droite,0.05,5,uniforme
-0.08105606440572155,0.04453584030162207,0.031463878326996195,-0.055236818962268175,0.03891987128878598,0.02816265060240964,0.45952153967558546,33.93536121673004,52.566539923954366,39.448669201520914,C2,droite,0.05,6,uniforme
-0.08155364862249193,0.04437741113598963,0.031891634980988605,-0.05325410695561017,0.03901792211929451,0.02756024096385542,0.4581552303712336,34.50570342205323,51.71102661596958,39.73384030418251,C2,droite,0.05,7,uniforme
-0.07806731520655363,0.043760281546462984,0.031036121673003802,-0.05174320144438682,0.04001735985671528,0.027259036144578315,0.46179338972692907,34.98098859315589,52.18631178707225,39.638783269961976,C2,droite,0.05,8,uniforme
-0.08126532192163793,0.045077807993578134,0.03250950570342206,-0.05068879016774819,0.039487443304498215,0.029819277108433732,0.45809136796787964,33.65019011406844,52.28136882129277,40.3041825095057,C2,droite,0.05,9,uniforme
-0.10189260086283503,0.04879514857558363,0.04405893536121673,-0.06691626386521743,0.0435790492874844,0.03433734939759036,0.4709871622164232,34.98098859315589,51.33079847908745,41.06463878326996,C2,droite,0.1,0,uniforme
-0.10442829530607178,0.04889860495055967,0.044391634980988595,-0.07636780773050933,0.04670396807468934,0.038704819277108435,0.47263979454551874,34.030418250950575,51.33079847908745,40.77946768060837,C2,droite,0.1,1,uniforme
-0.10243849747508837,0.04903846015626763,0.045484790874524714,-0.06847935548841866,0.04427282256217966,0.03629518072289157,0.4702542196542766,34.4106463878327,51.615969581749056,41.44486692015209,C2,droite,0.1,2,uniforme
-0.10043767592456998,0.04879009311578551,0.04344106463878327,-0.07111878394879767,0.04619885733905874,0.036897590361445784,0.46522539034981547,34.4106463878327,51.14068441064639,40.68441064638783,C2,droite,0.1,3,uniforme
-0.10262808256910472,0.048961303209979656,0.04287072243346007,-0.06803130644190225,0.043608629213148654,0.03268072289156626,0.4722242744109093,34.31558935361217,51.42585551330798,40.874524714828894,C2,droite,0.1,4,uniforme
-0.10143781646854944,0.04898427379093903,0.043631178707224334,-0.07449355303868177,0.046218137127353,0.037198795180722895,0.47075444431566854,34.4106463878327,51.52091254752852,40.11406844106464,C2,droite,0.1,5,uniforme
-0.10455024738421592,0.04824306539424643,0.04415399239543726,-0.06490010515247113,0.04273669742809604,0.034036144578313256,0.4731884584748418,34.88593155893536,51.42585551330798,41.254752851711025,C2,droite,0.1,6,uniforme
-0.10184152691920445,0.04886877447252355,0.04211026615969582,-0.07092974337400093,0.04557027315091778,0.0338855421686747,0.46881886464048755,34.4106463878327,51.52091254752852,40.5893536121673,C2,droite,0.1,7,uniforme
-0.10200134726960619,0.04846257100233935,0.042965779467680605,-0.06603813174054773,0.04219493693294878,0.033584337349397586,0.4726780349013997,35.07604562737642,51.71102661596958,40.77946768060837,C2,droite,0.1,8,uniforme
-0.10099838480633905,0.04858466292964579,0.041920152091254756,-0.0662396763863139,0.04426565313192538,0.03268072289156627,0.47141241870749045,33.840304182509506,51.14068441064639,40.77946768060837,C2,droite,0.1,9,uniforme
-0.06829273501991662,0.04275689635058824,0.026901140684410647,-0.04552879581151803,0.039059355284533005,0.024698795180722898,0.43542312648444564,34.22053231939163,52.851711026615966,38.30798479087453,C3,droite,0.02,0,concentre
-0.07154545212269814,0.043000930376469154,0.02694866920152091,-0.046767364846926784,0.03990578919646022,0.02484939759036145,0.43605421667271055,33.93536121673004,53.136882129277566,38.40304182509506,C3,droite,0.02,1,concentre
-0.07049825594419024,0.043045953513391244,0.027186311787072242,-0.045334303749632765,0.03985672725005498,0.02560240963855422,0.43581467433382415,33.840304182509506,53.136882129277566,38.68821292775665,C3,droite,0.02,2,concentre
-0.07204804267620724,0.0429097380722234,0.027233840304182504,-0.04539921932929447,0.03877037214853677,0.025753012048192775,0.43467240813310254,34.125475285171106,53.041825095057035,38.40304182509506,C3,droite,0.02,3,concentre
-0.07167250064031427,0.04303689986776896,0.027091254752851714,-0.05154409201812493,0.03936763996729299,0.025301204819277112,0.43569050292319733,34.22053231939163,52.851711026615966,38.40304182509506,C3,droite,0.02,4,concentre
-0.07114698304144407,0.0429322887774479,0.02694866920152091,-0.04689444902868478,0.039570829947207446,0.02484939759036145,0.43722743008500486,34.22053231939163,52.661596958174904,38.21292775665399,C3,droite,0.02,5,concentre
-0.07159966923630912,0.043141853590623974,0.027233840304182504,-0.04897252624525339,0.04041420550571071,0.025753012048192775,0.4345735368421119,34.030418250950575,52.566539923954366,38.30798479087453,C3,droite,0.02,6,concentre
-0.07165816448914974,0.04300240150398202,0.027186311787072242,-0.04861304905955233,0.039947116422588774,0.02560240963855422,0.43566839584106437,34.22053231939163,52.851711026615966,38.40304182509506,C3,droite,0.02,7,concentre
-0.0695180311057938,0.043149198751033915,0.027138783269961976,-0.045548045841904194,0.0391073610943929,0.025451807228915664,0.43434827987840646,34.030418250950575,52.75665399239544,38.21292775665399,C3,droite,0.02,8,concentre
-0.06735651597592651,0.04298226300756461,0.027043726235741444,-0.04655607796085204,0.03885739892423624,0.025150602409638557,0.43452248913280844,34.50570342205323,52.851711026615966,38.59315589353612,C3,droite,0.02,9,concentre
-0.07223371828903058,0.04254217331003071,0.026901140684410647,-0.04081432357023662,0.03642997339900479,0.025301204819277112,0.4450521580874009,33.840304182509506,52.75665399239544,38.02281368821293,C3,droite,0.02,0,uniforme
-0.07110238572830863,0.04227807947340648,0.027186311787072242,-0.04333688400515778,0.035873727488133215,0.02560240963855422,0.44786625541209396,34.4106463878327,52.661596958174904,38.11787072243346,C3,droite,0.02,1,uniforme
-0.06990035560626329,0.04235778637306968,0.026948669201520913,-0.04141563092479483,0.036111246778666374,0.02560240963855422,0.446959148012776,33.745247148288975,51.90114068441065,38.11787072243346,C3,droite,0.02,2,uniforme
-0.0691903147441203,0.04252249167099921,0.027043726235741444,-0.044067796610169574,0.0362663934655781,0.02560240963855422,0.44546569091088184,34.125475285171106,52.09125475285171,38.02281368821293,C3,droite,0.02,3,uniforme
-0.0684989993328885,0.0424457831904739,0.026948669201520913,-0.042316758334268845,0.03599828644628802,0.025301204819277112,0.44765162935646513,33.840304182509506,52.47148288973384,38.02281368821293,C3,droite,0.02,4,uniforme
-0.06829130065174271,0.04236341327558099,0.02690114068441064,-0.0413437056001803,0.03629063414961433,0.025753012048192775,0.448767335115892,33.840304182509506,51.99619771863118,38.11787072243346,C3,droite,0.02,5,uniforme
-0.06956266823015211,0.04270401153590747,0.02671102661596958,-0.041961761330235436,0.0365357339272544,0.02484939759036145,0.44381321492985437,33.840304182509506,52.75665399239544,38.02281368821293,C3,droite,0.02,6,uniforme
-0.06947807263689576,0.042241349052699995,0.02671102661596958,-0.04240873757748698,0.03599063273142017,0.02560240963855422,0.44997124806119343,33.745247148288975,52.09125475285171,38.21292775665399,C3,droite,0.02,7,uniforme
-0.07135864476036435,0.04243347054921921,0.02680608365019011,-0.04049914280093303,0.03626585854007875,0.02560240963855422,0.448779630195885,33.93536121673004,52.75665399239544,38.02281368821293,C3,droite,0.02,8,uniforme
-0.0719220002341695,0.04250704195737494,0.026948669201520913,-0.04260146206201143,0.03608789105840544,0.02590361445783133,0.44263695529173336,33.55513307984791,52.946768060836504,38.21292775665399,C3,droite,0.02,9,uniforme
-0.07375215696299597,0.04408334301643013,0.02680608365019011,-0.04235511196846431,0.03819735618837386,0.025150602409638557,0.4357683101399174,34.22053231939163,51.99619771863118,37.167300380228134,C3,droite,0.05,0,uniforme
-0.07467153790029224,0.043988379916095444,0.026663498098859317,-0.047231134049379175,0.0382067408489954,0.025451807228915664,0.4385342016396852,34.125475285171106,51.615969581749056,37.452471482889734,C3,droite,0.05,1,uniforme
-0.07763876202816655,0.04419629947250134,0.026806083650190115,-0.0468479535429116,0.037227384436277995,0.025301204819277112,0.4394871116471969,35.17110266159696,51.52091254752852,37.167300380228134,C3,droite,0.05,2,uniforme
-0.076167180687015,0.04462121485625717,0.026901140684410647,-0.05033323108669596,0.039685811731988006,0.02590361445783133,0.4349951693432515,34.79087452471482,52.09125475285171,37.452471482889734,C3,droite,0.05,3,uniforme
-0.07569899344943287,0.044294113376803154,0.026853612167300377,-0.042413715822500975,0.03713222975403603,0.02560240963855422,0.4398231587070358,34.6958174904943,50.950570342205324,37.3574144486692,C3,droite,0.05,4,uniforme
-0.07497920798413416,0.04435076740547449,0.02671102661596958,-0.04180334763226501,0.037675174335151516,0.02484939759036145,0.4416289213678453,35.17110266159696,51.42585551330798,37.832699619771866,C3,droite,0.05,5,uniforme
-0.07856072919654533,0.04414203442563645,0.027043726235741444,-0.04380931052823123,0.036746073489109625,0.025301204819277112,0.4416633686628444,33.840304182509506,51.33079847908745,36.88212927756654,C3,droite,0.05,6,uniforme
-0.076937788875312,0.04421089127810132,0.02737642585551331,-0.042006234535974296,0.037542788035174905,0.02560240963855422,0.44030784777683357,34.88593155893536,51.99619771863118,37.26235741444867,C3,droite,0.05,7,uniforme
-0.07277006580527412,0.044135577190416775,0.026948669201520913,-0.05115346038114332,0.03910657902340663,0.025451807228915668,0.43503325056658243,34.50570342205323,51.99619771863118,37.452471482889734,C3,droite,0.05,8,uniforme
-0.07434771707644938,0.04360559081623819,0.026901140684410647,-0.03991923610819004,0.037225508469361575,0.02560240963855422,0.43987181374201423,34.31558935361217,51.71102661596958,37.26235741444867,C3,droite,0.05,9,uniforme
-0.08998963069314836,0.0496075961889961,0.028992395437262362,-0.051746027316991405,0.040747647720602645,0.025903614457831327,0.43254945541570966,34.88593155893536,50.57034220532319,36.12167300380228,C3,droite,0.1,0,uniforme
-0.08921709830515678,0.04968479463679144,0.027946768060836503,-0.05595456823116751,0.0436568686185324,0.026204819277108438,0.42400384875153535,34.98098859315589,51.52091254752852,36.12167300380228,C3,droite,0.1,1,uniforme
-0.08949528173849186,0.049217659734170305,0.028374524714828896,-0.05081616382023413,0.042602538434461046,0.025451807228915668,0.4300019571019649,35.551330798479086,50.475285171102655,35.741444866920155,C3,droite,0.1,2,uniforme
-0.08857129200325031,0.04887368690773104,0.02747148288973384,-0.05338405585050798,0.0412205891749463,0.025000000000000005,0.4275693302449344,35.361216730038024,50.85551330798479,36.31178707224335,C3,droite,0.1,3,uniforme
-0.0890692784712428,0.048960041883623004,0.02789923954372624,-0.05432466682449277,0.04241814827058068,0.025301204819277112,0.42625011003777946,35.456273764258555,51.52091254752852,36.12167300380228,C3,droite,0.1,4,uniforme
-0.0888748332367747,0.04978319118677493,0.028231939163498098,-0.0468974964704566,0.04116625099164369,0.024698795180722894,0.4299057144526713,35.07604562737642,50.760456273764255,35.93155893536122,C3,droite,0.1,5,uniforme
-0.08651402197147762,0.04887647596064974,0.027281368821292777,-0.055258764607679534,0.04327919588519585,0.02560240963855422,0.42403977922591746,35.456273764258555,51.14068441064639,36.12167300380228,C3,droite,0.1,6,uniforme
-0.08560617333815201,0.048763530489539644,0.028041825095057038,-0.05246883487708054,0.04138902899122704,0.025150602409638557,0.4267376200168699,35.456273764258555,51.14068441064639,36.40684410646388,C3,droite,0.1,7,uniforme
-0.08907186026609404,0.04956624005682489,0.028089353612167307,-0.052666815442981574,0.0420416486678113,0.025451807228915664,0.42741185062021114,35.26615969581749,50.85551330798479,35.551330798479086,C3,droite,0.1,8,uniforme
-0.08994574297124858,0.04897033707820837,0.027709125475285167,-0.05223163959751154,0.04143034382801666,0.02560240963855422,0.42839627897812416,34.98098859315589,50.66539923954373,36.40684410646388,C3,droite,0.1,9,uniforme
-0.06913010172651157,0.04254266747297025,0.027186311787072242,-0.04682048396173333,0.03691014405571983,0.02560240963855422,0.4523018478401476,33.55513307984791,52.75665399239544,38.59315589353612,PMM k=10,droite,0.02,0,concentre
-0.0682384727962817,0.04273125999901986,0.027423954372623578,-0.04462311840826838,0.03725211122858837,0.02635542168674699,0.45283472766839106,33.745247148288975,52.661596958174904,38.87832699619772,PMM k=10,droite,0.02,1,concentre
-0.07017159000315687,0.04254538067933558,0.027186311787072242,-0.042859562934101425,0.036547829782296426,0.02560240963855422,0.4506954329524553,33.745247148288975,53.136882129277566,38.59315589353612,PMM k=10,droite,0.02,2,concentre
-0.07020360973729844,0.04260208612877753,0.027091254752851714,-0.046971569839307836,0.036909618046310204,0.025301204819277112,0.452204935561354,33.460076045627375,52.75665399239544,38.78326996197718,PMM k=10,droite,0.02,3,concentre
-0.07102568900531958,0.04234307963283038,0.027138783269961976,-0.04270708494888964,0.03653445389231757,0.025451807228915664,0.45210524887270864,33.840304182509506,52.09125475285171,38.78326996197718,PMM k=10,droite,0.02,4,concentre
-0.06984957698543925,0.042635836199235805,0.02723384030418251,-0.04552158096549008,0.037351832747244344,0.025753012048192775,0.4522504138275888,33.460076045627375,52.566539923954366,38.78326996197718,PMM k=10,droite,0.02,5,concentre
-0.06911504898549159,0.04231420103890128,0.02747148288973384,-0.045222598647679746,0.0361083811573839,0.026506024096385545,0.4523828396235741,33.07984790874524,52.661596958174904,38.59315589353612,PMM k=10,droite,0.02,6,concentre
-0.0702755916043809,0.04253837421834246,0.02737642585551331,-0.0454391891891891,0.03713370211881623,0.02620481927710843,0.45408237153053355,33.55513307984791,52.28136882129277,38.78326996197718,PMM k=10,droite,0.02,7,concentre
-0.06914235190097262,0.042694975135056865,0.027281368821292774,-0.04159142212189626,0.036667377000211436,0.025903614457831327,0.4528154880473555,33.840304182509506,52.566539923954366,38.40304182509506,PMM k=10,droite,0.02,8,concentre
-0.07179026985449666,0.04256151957885829,0.02723384030418251,-0.04283379360874695,0.03700945375038436,0.025753012048192768,0.45420256769466283,33.745247148288975,52.946768060836504,38.78326996197718,PMM k=10,droite,0.02,9,concentre
-0.06855013804379861,0.04291305809235113,0.02671102661596958,-0.04147777824852761,0.037470862828181704,0.024096385542168672,0.45620137613452916,33.55513307984791,52.75665399239544,38.49809885931559,PMM k=10,droite,0.05,0,concentre
-0.06775317643274548,0.04284549772741951,0.027138783269961976,-0.044319460067491545,0.037306721611606246,0.025451807228915668,0.4567796098615893,33.26996197718631,52.28136882129277,39.06844106463878,PMM k=10,droite,0.05,1,concentre
-0.07074452977208057,0.04316177394602662,0.02799429657794677,-0.04423577327751982,0.037578478108072785,0.02816265060240964,0.45532135417088965,33.26996197718631,53.041825095057035,38.78326996197718,PMM k=10,droite,0.05,2,concentre
-0.07103942115234363,0.042770755119515794,0.027804182509505705,-0.03893157909660605,0.03800011786926495,0.027560240963855426,0.4556322708679567,33.174904942965775,52.851711026615966,38.68821292775665,PMM k=10,droite,0.05,3,concentre
-0.06836355445433051,0.043068932360221926,0.02785171102661597,-0.04301348943751593,0.038497392205136476,0.027710843373493978,0.4561825696684969,33.460076045627375,52.47148288973384,38.11787072243346,PMM k=10,droite,0.05,4,concentre
-0.07157668011508833,0.04298518976788068,0.027519011406844106,-0.0460407239819004,0.03785580829566046,0.026656626506024093,0.45705481771172185,33.840304182509506,52.18631178707225,38.59315589353612,PMM k=10,droite,0.05,5,concentre
-0.071596357434759,0.042928376280936986,0.027043726235741444,-0.044471102956742614,0.0372967981406607,0.025150602409638557,0.4547857148747906,33.460076045627375,53.42205323193916,39.258555133079845,PMM k=10,droite,0.05,6,concentre
-0.06948166687254631,0.043024420608784114,0.02747148288973384,-0.03955763504891541,0.037440925852512734,0.026506024096385545,0.45488594036719704,33.840304182509506,52.47148288973384,38.30798479087453,PMM k=10,droite,0.05,7,concentre
-0.07075852842809394,0.04275519296832034,0.027661596958174904,-0.04289283143498335,0.03783118138319922,0.027108433734939763,0.4555597723816662,33.65019011406844,52.47148288973384,39.448669201520914,PMM k=10,droite,0.05,8,concentre
-0.07019676080845916,0.04283041707877386,0.02732889733840304,-0.03982388304027529,0.03806356485282852,0.026054216867469875,0.45645315523730035,33.26996197718631,52.28136882129277,38.59315589353612,PMM k=10,droite,0.05,9,concentre
-0.07047835917486123,0.04377946662915183,0.02742395437262357,-0.042592093886865134,0.039720107790502925,0.02635542168674699,0.46111492863711256,33.365019011406844,52.566539923954366,38.68821292775665,PMM k=10,droite,0.1,0,concentre
-0.07077167416055896,0.043772542545732984,0.027519011406844106,-0.04447145967035149,0.0397748571534552,0.026656626506024093,0.45973858092074915,32.98479087452472,52.946768060836504,38.59315589353612,PMM k=10,droite,0.1,1,concentre
-0.07051368043743056,0.04377805411911616,0.027091254752851714,-0.04145275573847018,0.039790677797672015,0.025301204819277105,0.459271675251013,32.98479087452472,53.326996197718636,39.163498098859314,PMM k=10,droite,0.1,2,concentre
-0.07304872419678599,0.043920077573212576,0.027661596958174904,-0.04749999999999999,0.03928138505419416,0.027108433734939756,0.45929085403476916,33.07984790874524,52.946768060836504,39.543726235741445,PMM k=10,droite,0.1,3,concentre
-0.0730452066937064,0.0436977742801123,0.02785171102661597,-0.0447463896990824,0.03997568708524062,0.027710843373493978,0.4591333607804364,33.365019011406844,52.661596958174904,38.87832699619772,PMM k=10,droite,0.1,4,concentre
-0.07274189225408723,0.04427718753042621,0.02732889733840304,-0.04098534720747504,0.040639200322719206,0.026054216867469882,0.4602688814716269,32.79467680608365,52.946768060836504,38.49809885931559,PMM k=10,droite,0.1,5,concentre
-0.07245473593724805,0.04339450967113252,0.02813688212927757,-0.04276273715625678,0.038663561708850054,0.028614457831325307,0.45900701502010166,33.55513307984791,52.09125475285171,38.49809885931559,PMM k=10,droite,0.1,6,concentre
-0.07206381370515125,0.043758905161637565,0.027661596958174904,-0.04534416405129427,0.03989537950603345,0.027108433734939763,0.4655110404334146,32.50950570342205,52.18631178707225,38.21292775665399,PMM k=10,droite,0.1,7,concentre
-0.07494577877741182,0.04376079306672183,0.02723384030418251,-0.04637336504161704,0.03927103308374531,0.025753012048192768,0.46015006143639436,32.79467680608365,52.946768060836504,38.02281368821293,PMM k=10,droite,0.1,8,concentre
-0.07399936866998036,0.04369372932506345,0.027186311787072242,-0.04279263338193462,0.04034522139065679,0.025602409638554213,0.4644813895437926,33.365019011406844,52.28136882129277,38.40304182509506,PMM k=10,droite,0.1,9,concentre
-0.07514500768877996,0.045195657233122466,0.027804182509505705,-0.05067688305004803,0.043287581847433976,0.027560240963855426,0.47406558780727476,32.79467680608365,52.851711026615966,38.78326996197718,PMM k=10,droite,0.2,0,concentre
-0.07507209659596248,0.04513011093499032,0.027804182509505705,-0.04404502124727239,0.042456904715871706,0.02756024096385542,0.47244738827170335,33.365019011406844,52.37642585551331,39.73384030418251,PMM k=10,droite,0.2,1,concentre
-0.0734785924039133,0.04532790343356442,0.02813688212927757,-0.04596594582944191,0.04311774366852743,0.028614457831325307,0.46960870685050715,32.31939163498099,52.661596958174904,38.30798479087453,PMM k=10,droite,0.2,2,concentre
-0.07727142849441215,0.045725612413991285,0.027994296577946765,-0.04898439968971757,0.04442883099313292,0.028162650602409644,0.47582497154665254,33.65019011406844,51.80608365019012,39.163498098859314,PMM k=10,droite,0.2,3,concentre
-0.07703241854980702,0.045147832684711786,0.027614068441064638,-0.05230575219970757,0.04263621765769707,0.026957831325301208,0.47214671628235905,33.174904942965775,52.47148288973384,39.353612167300376,PMM k=10,droite,0.2,4,concentre
-0.07398989626980634,0.04533772220291252,0.027423954372623578,-0.0429890487438267,0.043543928082434895,0.02635542168674699,0.4685579167586646,32.79467680608365,52.37642585551331,39.06844106463878,PMM k=10,droite,0.2,5,concentre
-0.07547271686662405,0.04532163198010647,0.027471482889733844,-0.05031509740026707,0.04308457445196783,0.026506024096385538,0.47499210008533244,32.79467680608365,52.28136882129277,38.78326996197718,PMM k=10,droite,0.2,6,concentre
-0.07428996651370445,0.04495279906177013,0.027851711026615968,-0.039187560961615686,0.042913976740317814,0.027710843373493978,0.46941174251902396,33.26996197718631,52.851711026615966,38.30798479087453,PMM k=10,droite,0.2,7,concentre
-0.07572443074668356,0.04558192728308766,0.02732889733840304,-0.03974480558668847,0.043614110823070436,0.026054216867469882,0.47455873317276814,32.79467680608365,51.615969581749056,38.21292775665399,PMM k=10,droite,0.2,8,concentre
-0.07395560829580083,0.045281301602288576,0.027233840304182504,-0.04422502607776191,0.04339295994519348,0.025753012048192775,0.4731559372418438,32.31939163498099,52.09125475285171,37.73764258555133,PMM k=10,droite,0.2,9,concentre
-0.08072963113092824,0.04672320728434866,0.02813688212927757,-0.045064159388487735,0.046605153539777774,0.028614457831325296,0.48393455206402275,32.60456273764258,52.28136882129277,38.49809885931559,PMM k=10,droite,0.3,0,concentre
-0.07902730624908616,0.04655572279208281,0.027946768060836496,-0.049105785243646394,0.04593374672921776,0.02801204819277108,0.4847514036418413,32.414448669201526,52.37642585551331,38.49809885931559,PMM k=10,droite,0.3,1,concentre
-0.07913139492086851,0.04647359207565116,0.027851711026615968,-0.04793647113378163,0.046595890951281575,0.02771084337349397,0.48295478190113694,32.79467680608365,52.47148288973384,38.11787072243346,PMM k=10,droite,0.3,2,concentre
-0.0796977821106507,0.046455458434534525,0.02799429657794677,-0.04938415059261003,0.046354492029784665,0.028162650602409633,0.4838596832754936,32.69961977186312,52.28136882129277,38.87832699619772,PMM k=10,droite,0.3,3,concentre
-0.07932193846337099,0.04643008540016087,0.028184410646387832,-0.04859201805921343,0.046151944518755005,0.02876506024096386,0.48404072380158186,32.60456273764258,51.99619771863118,38.87832699619772,PMM k=10,droite,0.3,4,concentre
-0.07992966319491412,0.046600815046888566,0.028279467680608367,-0.04891942427273144,0.04663600892310675,0.02906626506024097,0.4850971412102093,32.60456273764258,52.28136882129277,38.59315589353612,PMM k=10,droite,0.3,5,concentre
-0.07945241086513888,0.04674206376317079,0.027804182509505705,-0.0519649518521732,0.04670546232437028,0.027560240963855426,0.48411823062158016,32.60456273764258,52.09125475285171,38.59315589353612,PMM k=10,droite,0.3,6,concentre
-0.080945764013171,0.04661379986491508,0.0280893536121673,-0.04781493981488183,0.04644695278386957,0.028463855421686744,0.480995110361462,32.69961977186312,52.28136882129277,38.40304182509506,PMM k=10,droite,0.3,7,concentre
-0.07840894925395792,0.0465922161337307,0.028231939163498098,-0.049981188319393355,0.04613760963707214,0.028915662650602407,0.48391645792870397,32.50950570342205,51.99619771863118,38.49809885931559,PMM k=10,droite,0.3,8,concentre
-0.07690807331595995,0.04655202330756035,0.02804182509505703,-0.04690126963881969,0.046097678462870086,0.0283132530120482,0.4827222361651188,32.60456273764258,51.90114068441065,38.49809885931559,PMM k=10,droite,0.3,9,concentre
-0.0712849257626974,0.04244318967560726,0.027471482889733844,-0.0640820980615735,0.04523823371342828,0.03537170263788969,0.45309874247572124,33.93536121673004,53.326996197718636,38.97338403041825,PMM k=10,gauche,0.02,0,concentre
-0.07070318140251242,0.042515357553987554,0.027899239543726233,-0.07036622421237826,0.04567271994214333,0.03645083932853717,0.4528969500992082,33.07984790874524,53.136882129277566,38.02281368821293,PMM k=10,gauche,0.02,1,concentre
-0.07055032782417714,0.042458663408804456,0.027519011406844106,-0.06543003936745162,0.04579631383189525,0.03549160671462831,0.45275446326729496,33.460076045627375,52.661596958174904,38.21292775665399,PMM k=10,gauche,0.02,2,concentre
-0.0694286218570993,0.04236979018182371,0.02737642585551331,-0.06707584392810173,0.04525431567307346,0.035131894484412465,0.45232858247320623,33.55513307984791,52.851711026615966,38.87832699619772,PMM k=10,gauche,0.02,3,concentre
-0.06816743028209038,0.04249282810251222,0.027661596958174904,-0.06737413293059413,0.04580501006861038,0.03585131894484413,0.45180918294901645,33.840304182509506,52.661596958174904,38.59315589353612,PMM k=10,gauche,0.02,4,concentre
-0.07048401591988696,0.042374260790128876,0.027281368821292777,-0.06757190206350905,0.04494279876929343,0.034892086330935254,0.45127446309804337,33.365019011406844,52.946768060836504,38.49809885931559,PMM k=10,gauche,0.02,5,concentre
-0.06854903644854815,0.042426467010220764,0.027661596958174904,-0.07003802788711722,0.044981747534516586,0.03585131894484413,0.4532788993664484,33.745247148288975,52.851711026615966,38.59315589353612,PMM k=10,gauche,0.02,6,concentre
-0.0683861553977212,0.04233792115560561,0.027614068441064638,-0.06800779061391093,0.045472854315913275,0.035731414868105514,0.45237922973102895,33.65019011406844,52.47148288973384,38.49809885931559,PMM k=10,gauche,0.02,7,concentre
-0.07030469463752398,0.042660387532674066,0.02713878326996198,-0.0657198811633205,0.04607278230761526,0.034532374100719423,0.4523995042206274,34.125475285171106,52.75665399239544,38.40304182509506,PMM k=10,gauche,0.02,8,concentre
-0.0696013128680375,0.042361267196094066,0.027661596958174904,-0.07094090036270528,0.045886097647252294,0.03585131894484413,0.4531058369559204,34.030418250950575,52.75665399239544,38.68821292775665,PMM k=10,gauche,0.02,9,concentre
-0.06956082134905184,0.04290039747165382,0.027519011406844103,-0.06713382465466544,0.04694700563886039,0.035491606714628296,0.45272161544639766,34.6958174904943,51.99619771863118,38.30798479087453,PMM k=10,gauche,0.05,0,concentre
-0.07162144785907143,0.042792046934004,0.02785171102661597,-0.07410761854022374,0.04644464283959362,0.03633093525179856,0.45459394082744065,34.030418250950575,52.75665399239544,38.59315589353612,PMM k=10,gauche,0.05,1,concentre
-0.06971947859433159,0.04292801069642686,0.02747148288973384,-0.07103107022648958,0.046901334195573165,0.03537170263788969,0.45542238119501965,33.93536121673004,52.946768060836504,38.97338403041825,PMM k=10,gauche,0.05,2,concentre
-0.06964266552205178,0.042955020660618085,0.027946768060836496,-0.06843948318194604,0.047289345600407484,0.03657074340527579,0.45627440988422063,33.07984790874524,53.136882129277566,38.87832699619772,PMM k=10,gauche,0.05,3,concentre
-0.069852881934933,0.042517002024471715,0.027614068441064638,-0.06558434576927219,0.04605191583662665,0.03573141486810552,0.45501332622096463,34.50570342205323,52.851711026615966,38.68821292775665,PMM k=10,gauche,0.05,4,concentre
-0.07216527986883903,0.04251104968424964,0.027756653992395436,-0.07108903201617545,0.046365788775426436,0.03609112709832134,0.45557667222745,34.125475285171106,53.041825095057035,39.353612167300376,PMM k=10,gauche,0.05,5,concentre
-0.07065567435269848,0.042701798249399514,0.027899239543726233,-0.07546563904945414,0.04649262026149154,0.03645083932853717,0.45660030218668585,33.55513307984791,52.47148288973384,38.49809885931559,PMM k=10,gauche,0.05,6,concentre
-0.07121959599104588,0.04288885937045843,0.027756653992395436,-0.06755123418656506,0.04713362664423153,0.036091127098321345,0.4577232082786324,34.22053231939163,53.61216730038023,39.163498098859314,PMM k=10,gauche,0.05,7,concentre
-0.07151684487668586,0.04256556530035571,0.02761406844106464,-0.07286189505311746,0.04683751908392839,0.035731414868105514,0.4558830133529833,33.55513307984791,52.47148288973384,38.97338403041825,PMM k=10,gauche,0.05,8,concentre
-0.06927798260794793,0.04267650202626072,0.027519011406844106,-0.06723162326691501,0.04597740133430694,0.035491606714628296,0.45519379775953517,33.745247148288975,53.136882129277566,39.06844106463878,PMM k=10,gauche,0.05,9,concentre
-0.07291047919389171,0.0432789520291154,0.028707224334600757,-0.0776259433000206,0.04815464279983096,0.038489208633093526,0.4611221534004595,33.745247148288975,53.2319391634981,39.163498098859314,PMM k=10,gauche,0.1,0,concentre
-0.07369464817878557,0.043606892188136626,0.028279467680608367,-0.06728140683014405,0.04896651367589177,0.03741007194244604,0.45998957569855414,34.88593155893536,53.136882129277566,38.97338403041825,PMM k=10,gauche,0.1,1,concentre
-0.07167198688637721,0.043348151308466254,0.028184410646387836,-0.07354674397496508,0.047727221885485914,0.03717026378896883,0.4588059700815489,34.79087452471482,53.5171102661597,38.68821292775665,PMM k=10,gauche,0.1,2,concentre
-0.06904190809863908,0.0430722594109018,0.02761406844106464,-0.0630165990309316,0.047416816088500534,0.03573141486810552,0.46090347004288096,34.22053231939163,53.326996197718636,39.258555133079845,PMM k=10,gauche,0.1,3,concentre
-0.07461098121422238,0.043114803513751424,0.02884980988593156,-0.0784635632199503,0.04865387750666389,0.03884892086330935,0.4617324907037913,33.07984790874524,53.89733840304183,38.87832699619772,PMM k=10,gauche,0.1,4,concentre
-0.0722558759389389,0.04362390558794142,0.028231939163498098,-0.07174485887370619,0.048476247454694886,0.037290167865707435,0.45960328861229355,33.365019011406844,52.75665399239544,37.6425855513308,PMM k=10,gauche,0.1,5,concentre
-0.07276151714582613,0.04310774260803833,0.028422053231939165,-0.07114277884351872,0.04724481448392053,0.03776978417266187,0.4601623694361225,33.174904942965775,52.75665399239544,38.97338403041825,PMM k=10,gauche,0.1,6,concentre
-0.07321367807586565,0.04307764294992811,0.02899239543726236,-0.07579402291352388,0.04753715161387408,0.03920863309352518,0.4593638508359233,33.745247148288975,53.42205323193916,38.97338403041825,PMM k=10,gauche,0.1,7,concentre
-0.07275262378538483,0.0433017218040925,0.028279467680608367,-0.07871926410755337,0.04829942797952041,0.03741007194244604,0.45845900603388395,33.840304182509506,52.851711026615966,38.49809885931559,PMM k=10,gauche,0.1,8,concentre
-0.07256062941033337,0.043498260324674076,0.027756653992395436,-0.07786583871231323,0.04808704931488122,0.036091127098321345,0.45996542084707387,34.4106463878327,53.326996197718636,38.78326996197718,PMM k=10,gauche,0.1,9,concentre
-0.07423571280868047,0.044139212942877856,0.029420152091254752,-0.080509532928149,0.0506050589388413,0.04028776978417266,0.46916442344283904,34.88593155893536,53.61216730038023,37.73764258555133,PMM k=10,gauche,0.2,0,concentre
-0.07323376899546874,0.04406751073854723,0.028469581749049434,-0.07665330661322645,0.05012832064321751,0.037889688249400484,0.4709073057806258,34.88593155893536,53.5171102661597,38.02281368821293,PMM k=10,gauche,0.2,1,concentre
-0.07469313136589195,0.04424243930071732,0.028517110266159697,-0.08361278164232455,0.051109917160345915,0.0380095923261391,0.4695338715068139,34.31558935361217,53.326996197718636,38.02281368821293,PMM k=10,gauche,0.2,2,concentre
-0.0733739815228891,0.04415661657004498,0.02946768060836502,-0.0768330733229331,0.051307014735008684,0.04040767386091127,0.4720763340188035,34.6958174904943,53.61216730038023,38.87832699619772,PMM k=10,gauche,0.2,3,concentre
-0.07375441349548839,0.04416304931761661,0.02899239543726236,-0.0792946005948143,0.05183537185255325,0.03920863309352519,0.46931994156382184,35.26615969581749,53.326996197718636,38.02281368821293,PMM k=10,gauche,0.2,4,concentre
-0.07250440112147094,0.04400803576905844,0.028422053231939158,-0.0790586226365727,0.050686444679564076,0.03776978417266187,0.4694165023252682,34.50570342205323,52.851711026615966,38.21292775665399,PMM k=10,gauche,0.2,5,concentre
-0.07665167536017248,0.044685975433495534,0.02813688212927757,-0.08337851929092788,0.051426429055483704,0.03705035971223022,0.4699027152766824,34.98098859315589,53.80228136882129,38.49809885931559,PMM k=10,gauche,0.2,6,concentre
-0.07608518409809861,0.04420929729511068,0.029087452471482884,-0.08056216455486076,0.05070561541288878,0.0394484412470024,0.4699460149666791,35.551330798479086,52.47148288973384,38.97338403041825,PMM k=10,gauche,0.2,7,concentre
-0.07432738053068422,0.04430849726610825,0.029372623574144486,-0.07517445990556182,0.051237143496516147,0.04016786570743406,0.46950908006252634,36.02661596958175,53.42205323193916,38.97338403041825,PMM k=10,gauche,0.2,8,concentre
-0.07538487510278757,0.04437234950922335,0.029562737642585553,-0.0811088153314935,0.051627428045189466,0.04064748201438849,0.4725387945660725,35.456273764258555,54.18250950570342,38.02281368821293,PMM k=10,gauche,0.2,9,concentre
-0.08054364081578991,0.04535834978232098,0.029277566539923954,-0.08794418762939238,0.054488809797781444,0.03992805755395684,0.47942173729104703,34.6958174904943,53.5171102661597,38.49809885931559,PMM k=10,gauche,0.3,0,concentre
-0.07923038973852992,0.04546608726144623,0.02994296577946768,-0.08395517094623339,0.054310647337705846,0.04160671462829736,0.47892979116637047,35.456273764258555,53.70722433460075,37.6425855513308,PMM k=10,gauche,0.3,1,concentre
-0.0769078469762633,0.04522388290501199,0.029039923954372625,-0.08241946538725153,0.053550811778576284,0.039328537170263786,0.47888598044634045,35.26615969581749,53.42205323193916,39.06844106463878,PMM k=10,gauche,0.3,2,concentre
-0.08070233286621054,0.045527333180262655,0.030418250950570342,-0.0909896644890138,0.05471490295845737,0.042805755395683445,0.48169420525345175,35.836501901140686,53.326996197718636,38.97338403041825,PMM k=10,gauche,0.3,3,concentre
-0.07926450968227206,0.04527132724537114,0.02965779467680608,-0.08031756438945814,0.05408742232031123,0.0408872901678657,0.4799311109153162,34.98098859315589,53.326996197718636,38.02281368821293,PMM k=10,gauche,0.3,4,concentre
-0.08033666560589947,0.04562075800481445,0.029705323193916344,-0.08375309485187388,0.054340121852381684,0.04100719424460432,0.4798414332974242,35.551330798479086,54.18250950570342,38.97338403041825,PMM k=10,gauche,0.3,5,concentre
-0.08006331200949668,0.04547824033585514,0.029277566539923954,-0.07971987994854934,0.0548401251645775,0.03992805755395684,0.4787804008309281,33.745247148288975,53.89733840304183,38.97338403041825,PMM k=10,gauche,0.3,6,concentre
-0.07790209482777577,0.04535596628423863,0.029325095057034217,-0.07900445256307798,0.053182171800742015,0.04004796163069544,0.4771574613318389,35.26615969581749,53.136882129277566,39.163498098859314,PMM k=10,gauche,0.3,7,concentre
-0.07946537591782421,0.04491806611814651,0.02946768060836502,-0.08237794940834697,0.05371617637313517,0.04040767386091128,0.47906851817288604,35.17110266159696,54.18250950570342,37.9277566539924,PMM k=10,gauche,0.3,8,concentre
-0.08015019214464258,0.04495138376023343,0.029372623574144486,-0.08774544933352446,0.05356019141833871,0.04016786570743406,0.4774345825407278,35.646387832699624,53.041825095057035,38.02281368821293,PMM k=10,gauche,0.3,9,concentre
-0.06857360261926815,0.04281939327981932,0.027186311787072242,-0.040256832678578824,0.03660952538508002,0.02590361445783133,0.4518885092174494,33.55513307984791,52.851711026615966,38.87832699619772,PMM k=10,droite,0.02,0,uniforme
-0.07131589782528469,0.04246264544819879,0.027519011406844106,-0.04072372685511383,0.03625608592639253,0.025753012048192775,0.4530055278333609,33.840304182509506,52.18631178707225,38.49809885931559,PMM k=10,droite,0.02,1,uniforme
-0.07066429247477424,0.042500722770310945,0.027423954372623578,-0.042766765078026237,0.036397321261430866,0.026204819277108438,0.45241825319332984,33.745247148288975,52.946768060836504,39.06844106463878,PMM k=10,droite,0.02,2,uniforme
-0.07195005932592924,0.04250828440727135,0.02756653992395437,-0.04316304164559104,0.036359490040658866,0.02590361445783133,0.45356221807630154,33.93536121673004,52.851711026615966,38.59315589353612,PMM k=10,droite,0.02,3,uniforme
-0.07145991416676489,0.04238187053069842,0.027709125475285173,-0.045630795167181715,0.03585372478505821,0.026054216867469882,0.4526848668171935,33.55513307984791,52.946768060836504,39.06844106463878,PMM k=10,droite,0.02,4,uniforme
-0.06942757952958922,0.042563383808504524,0.02713878326996198,-0.041486068111455054,0.0362279446509851,0.026204819277108438,0.4529801847365566,33.93536121673004,52.661596958174904,38.68821292775665,PMM k=10,droite,0.02,5,uniforme
-0.07024002829536502,0.04262298503662312,0.02737642585551331,-0.04433580579905594,0.03644209952919424,0.02560240963855422,0.4522526508169323,33.365019011406844,52.566539923954366,38.68821292775665,PMM k=10,droite,0.02,6,uniforme
-0.06825708131048447,0.04237154141527896,0.02732889733840304,-0.04272784676910124,0.036484572282846586,0.02590361445783133,0.4506372656192981,33.840304182509506,52.75665399239544,38.59315589353612,PMM k=10,droite,0.02,7,uniforme
-0.06953984527665502,0.04243984227043669,0.02737642585551331,-0.040743871513102325,0.0359551952130155,0.025753012048192775,0.45180263254401637,33.365019011406844,52.566539923954366,38.68821292775665,PMM k=10,droite,0.02,8,uniforme
-0.06964579525904802,0.042637317614045406,0.027519011406844106,-0.04442821837789279,0.03597294942102468,0.026054216867469882,0.45148529625324085,33.174904942965775,53.136882129277566,38.78326996197718,PMM k=10,droite,0.02,9,uniforme
-0.0685296217371002,0.043043359708125256,0.027709125475285173,-0.04129157685643037,0.0372546643675652,0.02635542168674699,0.4524931190451428,34.4106463878327,53.326996197718636,38.97338403041825,PMM k=10,droite,0.05,0,uniforme
-0.07279886427557392,0.04296627204442699,0.02761406844106464,-0.04046682734999374,0.03677767621957144,0.025753012048192775,0.4547599921126579,33.93536121673004,52.37642585551331,38.68821292775665,PMM k=10,droite,0.05,1,uniforme
-0.07056078526027842,0.04325319491989274,0.02675855513307985,-0.04056089766151871,0.0373391177126143,0.025903614457831327,0.4541043035583518,33.07984790874524,53.326996197718636,39.163498098859314,PMM k=10,droite,0.05,2,uniforme
-0.06998971369792584,0.04292607642835153,0.027756653992395436,-0.04248145650708013,0.03730733701672417,0.026054216867469882,0.454461393103482,34.6958174904943,52.946768060836504,38.78326996197718,PMM k=10,droite,0.05,3,uniforme
-0.0678884873515746,0.042863475340359156,0.02737642585551331,-0.042067916877851275,0.03670443939819728,0.025451807228915668,0.45540987821630535,32.88973384030418,53.2319391634981,39.163498098859314,PMM k=10,droite,0.05,4,uniforme
-0.06978990581985023,0.042807643703671405,0.027661596958174904,-0.04407608924880846,0.03636088962631228,0.026204819277108438,0.4548266078252917,33.365019011406844,53.2319391634981,38.40304182509506,PMM k=10,droite,0.05,5,uniforme
-0.07004470938897178,0.04296860178606332,0.027519011406844103,-0.04436725682383891,0.036654954098274926,0.02560240963855422,0.4552466108983403,33.460076045627375,52.946768060836504,38.97338403041825,PMM k=10,droite,0.05,6,uniforme
-0.07061459461197883,0.042873786608544115,0.02737642585551331,-0.04397179062122436,0.03651760382238806,0.02635542168674699,0.45422042471019347,33.840304182509506,53.136882129277566,39.258555133079845,PMM k=10,droite,0.05,7,uniforme
-0.0724491763244145,0.04272532273967955,0.026996197718631182,-0.04435977110076916,0.035963928876850404,0.025753012048192775,0.45359561785062585,34.030418250950575,52.75665399239544,38.97338403041825,PMM k=10,droite,0.05,8,uniforme
-0.07208826828234238,0.04270838270096608,0.027709125475285173,-0.04594952024536425,0.03659215964477202,0.02635542168674699,0.4543343437956742,32.98479087452472,52.47148288973384,39.258555133079845,PMM k=10,droite,0.05,9,uniforme
-0.0729266635754875,0.043380069471799496,0.028279467680608367,-0.04380517889578839,0.03737006978367905,0.026054216867469882,0.45804706285786917,33.65019011406844,53.326996197718636,39.73384030418251,PMM k=10,droite,0.1,0,uniforme
-0.0712983833568801,0.043989747016478925,0.02804182509505703,-0.04637329800129686,0.037689346336200594,0.02560240963855422,0.4595705005406842,33.460076045627375,53.5171102661597,38.49809885931559,PMM k=10,droite,0.1,1,uniforme
-0.0731720427217657,0.04364458838359131,0.02747148288973384,-0.03698487366553049,0.03697697201250848,0.024849397590361446,0.4573747030884256,32.98479087452472,53.80228136882129,39.06844106463878,PMM k=10,droite,0.1,2,uniforme
-0.07555555555555538,0.04386043616853774,0.02785171102661597,-0.04608158845780652,0.036831720736788275,0.025903614457831327,0.45890917929666747,33.174904942965775,52.661596958174904,38.78326996197718,PMM k=10,droite,0.1,3,uniforme
-0.07761261406506947,0.044108177025654796,0.027756653992395436,-0.04732901916000509,0.037289704934959526,0.026355421686746993,0.45774020272397187,33.07984790874524,53.041825095057035,38.78326996197718,PMM k=10,droite,0.1,4,uniforme
-0.06939669989687192,0.0433660329399273,0.027519011406844106,-0.04148659111705488,0.037028926128860905,0.025150602409638557,0.45429087599906126,33.460076045627375,52.851711026615966,39.92395437262358,PMM k=10,droite,0.1,5,uniforme
-0.0747487133153707,0.043457722385042724,0.027519011406844106,-0.04385370809346423,0.03749893581874935,0.026204819277108438,0.4563055677549357,33.93536121673004,52.946768060836504,38.59315589353612,PMM k=10,droite,0.1,6,uniforme
-0.07430797379448739,0.04337093476005524,0.027756653992395443,-0.04451982490464046,0.036694097566946846,0.025753012048192775,0.4563224604933742,32.79467680608365,51.99619771863118,37.452471482889734,PMM k=10,droite,0.1,7,uniforme
-0.07115620758741026,0.0433703562491112,0.027756653992395436,-0.04490659146986242,0.037463419443313384,0.0266566265060241,0.4560032996450576,34.60076045627377,51.99619771863118,38.40304182509506,PMM k=10,droite,0.1,8,uniforme
-0.06989605973875068,0.04359909736431625,0.027281368821292777,-0.03767200541394111,0.03691729817177091,0.025903614457831327,0.4583910502470201,34.6958174904943,52.37642585551331,37.6425855513308,PMM k=10,droite,0.1,9,uniforme
-0.07364506591571207,0.044634310145680256,0.028612167300380225,-0.039137753009236054,0.038204404973803306,0.027108433734939756,0.4645175542640113,32.31939163498099,52.851711026615966,37.9277566539924,PMM k=10,droite,0.2,0,uniforme
-0.07841820151679302,0.04518745155043115,0.029420152091254752,-0.04457084642159759,0.03837877422701767,0.02725903614457832,0.4650415309230337,34.88593155893536,52.28136882129277,39.163498098859314,PMM k=10,droite,0.2,1,uniforme
-0.07633331528507215,0.04496290368226702,0.027614068441064638,-0.0429239749551259,0.038617280760866804,0.026355421686746993,0.46727557267343967,34.31558935361217,52.47148288973384,38.02281368821293,PMM k=10,droite,0.2,2,uniforme
-0.07471697295188129,0.04563408625984408,0.02861216730038022,-0.040040834845735174,0.03924854068767683,0.025451807228915664,0.4641362576640446,34.50570342205323,51.80608365019012,38.49809885931559,PMM k=10,droite,0.2,3,uniforme
-0.07638446161326928,0.04482269074873649,0.028136882129277563,-0.045000920119473986,0.03807582846429805,0.0266566265060241,0.4674016465363411,33.55513307984791,53.136882129277566,39.92395437262358,PMM k=10,droite,0.2,4,uniforme
-0.07271929777060593,0.045327385718594224,0.027946768060836506,-0.041750908396838815,0.03833915976044685,0.02560240963855422,0.46144903598332665,33.55513307984791,52.566539923954366,38.68821292775665,PMM k=10,droite,0.2,5,uniforme
-0.07760177326052886,0.04458869993852693,0.028517110266159697,-0.04320909129457651,0.038027695819347104,0.02725903614457832,0.46118311436831166,34.79087452471482,52.946768060836504,37.452471482889734,PMM k=10,droite,0.2,6,uniforme
-0.07647997928891948,0.04456038198790471,0.02832699619771863,-0.04505291639069331,0.03868785423240136,0.026957831325301208,0.4626230750301096,34.030418250950575,52.946768060836504,38.49809885931559,PMM k=10,droite,0.2,7,uniforme
-0.0751623745042308,0.045571339228910684,0.027946768060836503,-0.04522911279725317,0.03932014094305921,0.027710843373493978,0.4671975754108555,33.840304182509506,52.09125475285171,39.638783269961976,PMM k=10,droite,0.2,8,uniforme
-0.07547955953572694,0.04524655817305211,0.027661596958174904,-0.04330223801367439,0.03923200613525062,0.026506024096385538,0.4687825172467087,34.4106463878327,53.041825095057035,39.448669201520914,PMM k=10,droite,0.2,9,uniforme
-0.07754701553556842,0.047966498413668304,0.028469581749049434,-0.04624081401921987,0.04025564277709188,0.026506024096385538,0.4707117317661769,32.69961977186312,52.09125475285171,39.06844106463878,PMM k=10,droite,0.3,0,uniforme
-0.08032424465733234,0.04633713563261743,0.028802281368821292,-0.048886121097177604,0.039871894320067165,0.026506024096385545,0.4724830693837693,32.98479087452472,52.661596958174904,39.258555133079845,PMM k=10,droite,0.3,1,uniforme
-0.08103038366741566,0.04690581853511319,0.02785171102661597,-0.04679552390640895,0.03901611845447007,0.026054216867469882,0.4748844165757924,34.4106463878327,54.752851711026615,39.353612167300376,PMM k=10,droite,0.3,2,uniforme
-0.0792484105606387,0.04682145470499027,0.02899239543726236,-0.04161347970385487,0.03985073078337032,0.026656626506024093,0.4681122774407103,34.31558935361217,52.566539923954366,37.26235741444867,PMM k=10,droite,0.3,3,uniforme
-0.07817187994370323,0.046879217330572084,0.028374524714828896,-0.0411729605319241,0.03968969301320171,0.026807228915662656,0.4700765326977,33.174904942965775,52.28136882129277,38.68821292775665,PMM k=10,droite,0.3,4,uniforme
-0.0752483123477844,0.04618751551891395,0.028469581749049427,-0.03725219254956147,0.038935074639060756,0.026506024096385545,0.4750950091528596,32.69961977186312,54.372623574144484,39.92395437262358,PMM k=10,droite,0.3,5,uniforme
-0.08010589273458169,0.04690853036196968,0.02870722433460076,-0.047234466088440286,0.039592054562954816,0.02635542168674699,0.4750052262219372,33.460076045627375,53.2319391634981,38.40304182509506,PMM k=10,droite,0.3,6,uniforme
-0.07991516529648401,0.04624997670938216,0.029277566539923954,-0.04503277432535979,0.03867478594488013,0.02756024096385542,0.47347424849807296,35.26615969581749,54.18250950570342,39.06844106463878,PMM k=10,droite,0.3,7,uniforme
-0.07686283467393251,0.04660943629281186,0.02870722433460076,-0.04524233935998634,0.039222455033242926,0.025451807228915664,0.4714518426942718,34.79087452471482,52.09125475285171,38.78326996197718,PMM k=10,droite,0.3,8,uniforme
-0.07784235616796187,0.04709913573767295,0.02851711026615969,-0.04223274810675903,0.0404183593997929,0.0269578313253012,0.47464309459945486,35.646387832699624,53.61216730038023,39.448669201520914,PMM k=10,droite,0.3,9,uniforme
-0.06752673424340472,0.04199792890699598,0.027091254752851714,-0.04352102977754657,0.03516882232441665,0.025301204819277112,0.44917528451858063,33.460076045627375,52.566539923954366,38.87832699619772,E2 regression contexte tirage,droite,0.02,0,concentre
-0.06667666209732692,0.04185398838345407,0.02737642585551331,-0.03920439381382457,0.03479121016906952,0.026204819277108438,0.45034636871546885,33.460076045627375,52.946768060836504,38.02281368821293,E2 regression contexte tirage,droite,0.02,1,concentre
-0.06706700277773314,0.04201082079342014,0.027091254752851714,-0.038716938660663947,0.035247174905479746,0.025301204819277112,0.4473694873575984,33.745247148288975,52.946768060836504,38.40304182509506,E2 regression contexte tirage,droite,0.02,2,concentre
-0.06914785655531941,0.04217653597415884,0.027043726235741444,-0.042067021082605294,0.03497003086441496,0.025150602409638557,0.4474168037432146,33.840304182509506,52.851711026615966,38.78326996197718,E2 regression contexte tirage,droite,0.02,3,concentre
-0.07047440132783245,0.041998462313336204,0.027091254752851714,-0.04281762136808542,0.03496228975212001,0.025301204819277105,0.44935032648622875,33.460076045627375,52.47148288973384,38.68821292775665,E2 regression contexte tirage,droite,0.02,4,concentre
-0.06968551847819138,0.042023513950237595,0.02723384030418251,-0.04229928847554476,0.03528534981812476,0.025753012048192775,0.4483942524537815,33.840304182509506,52.851711026615966,38.59315589353612,E2 regression contexte tirage,droite,0.02,5,concentre
-0.06851746890673627,0.04210370256849165,0.02690114068441065,-0.04006070229179248,0.035476760367033726,0.024698795180722894,0.4489943466970699,33.93536121673004,52.47148288973384,38.97338403041825,E2 regression contexte tirage,droite,0.02,6,concentre
-0.06913866770765931,0.0419605541895834,0.027186311787072242,-0.03991215103264767,0.03548178596302206,0.02560240963855422,0.4486407961637495,33.65019011406844,52.75665399239544,38.78326996197718,E2 regression contexte tirage,droite,0.02,7,concentre
-0.06803088184222505,0.042013118329257346,0.02732889733840304,-0.03852963493803219,0.03511223239417958,0.026054216867469882,0.44861527778224286,33.460076045627375,52.946768060836504,38.97338403041825,E2 regression contexte tirage,droite,0.02,8,concentre
-0.06680447041057314,0.04207455924374591,0.02723384030418251,-0.03954215819668683,0.03536526889248948,0.025753012048192768,0.449021574834061,33.745247148288975,52.75665399239544,38.30798479087453,E2 regression contexte tirage,droite,0.02,9,concentre
-0.067886539056912,0.04157073481385956,0.027043726235741444,-0.03177123586032449,0.03400609479314632,0.025150602409638557,0.4438582072981884,33.26996197718631,53.2319391634981,38.87832699619772,E2 regression contexte tirage,droite,0.05,0,concentre
-0.06762460613387955,0.04161102660994187,0.027043726235741444,-0.035535860453300816,0.03380074089923616,0.025150602409638557,0.4488470276572062,33.65019011406844,52.75665399239544,38.97338403041825,E2 regression contexte tirage,droite,0.05,1,concentre
-0.06533809505961974,0.041690461673584325,0.02723384030418251,-0.03777313692236539,0.03387724724330828,0.025753012048192775,0.4461626729387807,33.93536121673004,52.75665399239544,38.40304182509506,E2 regression contexte tirage,droite,0.05,2,concentre
-0.06635053334118313,0.04177412741973023,0.027091254752851714,-0.03991900898494083,0.03391589080118155,0.025301204819277105,0.44813009947772126,33.07984790874524,53.041825095057035,39.163498098859314,E2 regression contexte tirage,droite,0.05,3,concentre
-0.06657538935478335,0.0415207712032295,0.02723384030418251,-0.03657373646715656,0.033672081914916614,0.025753012048192768,0.44877895560944786,33.93536121673004,52.566539923954366,38.49809885931559,E2 regression contexte tirage,droite,0.05,4,concentre
-0.06712238643110446,0.04167254639990643,0.02737642585551331,-0.04385287885379108,0.0341645685326259,0.02620481927710843,0.4477501843842457,33.55513307984791,53.42205323193916,38.97338403041825,E2 regression contexte tirage,droite,0.05,5,concentre
-0.06878928508488535,0.041517826517738915,0.027091254752851714,-0.037809757809757705,0.034196571696699006,0.025301204819277105,0.4478657211133423,33.745247148288975,52.946768060836504,38.59315589353612,E2 regression contexte tirage,droite,0.05,6,concentre
-0.06977438796735824,0.04165389408097156,0.026996197718631175,-0.03966421825813227,0.0335789147057654,0.025,0.44797667116626927,33.55513307984791,53.136882129277566,39.353612167300376,E2 regression contexte tirage,droite,0.05,7,concentre
-0.06822187329765761,0.04164682597096185,0.02675855513307985,-0.038460461077341135,0.0338649456670942,0.02424698795180723,0.44632853515595255,33.840304182509506,53.136882129277566,39.543726235741445,E2 regression contexte tirage,droite,0.05,8,concentre
-0.06996908653101763,0.042010105853395124,0.026901140684410647,-0.03882511816340306,0.034731555217135314,0.02469879518072289,0.44709765494368053,34.22053231939163,52.47148288973384,38.49809885931559,E2 regression contexte tirage,droite,0.05,9,concentre
-0.06573306964562509,0.041067128604592426,0.026663498098859317,-0.034141819867140266,0.031140698840231414,0.02394578313253012,0.44787958032942504,33.55513307984791,52.851711026615966,39.543726235741445,E2 regression contexte tirage,droite,0.1,0,concentre
-0.06829954594871135,0.04075916880993598,0.027091254752851714,-0.03087007675500031,0.031389817670698074,0.025301204819277105,0.4445073826616578,33.460076045627375,53.326996197718636,39.258555133079845,E2 regression contexte tirage,droite,0.1,1,concentre
-0.06545861753028615,0.04129703633804413,0.027091254752851714,-0.0320997404941894,0.03167905619403193,0.025301204819277105,0.45051360374737714,33.65019011406844,53.2319391634981,38.40304182509506,E2 regression contexte tirage,droite,0.1,2,concentre
-0.06438786635028526,0.0411597484737105,0.026996197718631175,-0.030865669130123896,0.030983625473904458,0.025,0.44710136714767035,33.65019011406844,53.136882129277566,39.543726235741445,E2 regression contexte tirage,droite,0.1,3,concentre
-0.06590545299327699,0.040633334228368914,0.026806083650190115,-0.032953460955481684,0.031327319479368454,0.024397590361445783,0.44695057884583544,33.840304182509506,53.2319391634981,38.78326996197718,E2 regression contexte tirage,droite,0.1,4,concentre
-0.06332719407204335,0.04090781090662367,0.026853612167300384,-0.02940928625600392,0.030998185765236788,0.02454819277108434,0.45281936766993885,33.55513307984791,52.09125475285171,38.68821292775665,E2 regression contexte tirage,droite,0.1,5,concentre
-0.06698265116702062,0.04077569301407265,0.027138783269961976,-0.037283565741247804,0.03186651543645091,0.025451807228915664,0.4477600536658239,33.26996197718631,53.136882129277566,39.163498098859314,E2 regression contexte tirage,droite,0.1,6,concentre
-0.06888011887452661,0.04098231615483573,0.026615969581749048,-0.033672252997685836,0.031755748368393684,0.023795180722891565,0.4464703837689343,33.26996197718631,53.041825095057035,39.06844106463878,E2 regression contexte tirage,droite,0.1,7,concentre
-0.06503079281483193,0.040841645925400044,0.02675855513307985,-0.03126136967899029,0.03148236007857993,0.02424698795180723,0.4452073095093761,33.840304182509506,52.661596958174904,38.68821292775665,E2 regression contexte tirage,droite,0.1,8,concentre
-0.06501832480312852,0.041069975251977905,0.026806083650190115,-0.02935475715610003,0.032310100846802796,0.024397590361445783,0.4478398080805715,33.55513307984791,52.661596958174904,39.543726235741445,E2 regression contexte tirage,droite,0.1,9,concentre
-0.06237170715018814,0.039691163426571,0.026663498098859317,-0.025409721249474715,0.02782181279768839,0.02394578313253012,0.44282617184939227,33.365019011406844,53.326996197718636,39.258555133079845,E2 regression contexte tirage,droite,0.2,0,concentre
-0.0619001610305957,0.03948960512935591,0.02675855513307985,-0.023399483772690632,0.026492836958209726,0.02424698795180723,0.44784201326987805,33.365019011406844,52.851711026615966,38.68821292775665,E2 regression contexte tirage,droite,0.2,1,concentre
-0.06193873719221077,0.03960756619112464,0.02680608365019011,-0.021408283521980542,0.027190587541799774,0.024397590361445787,0.4425482882239981,33.55513307984791,53.326996197718636,39.163498098859314,E2 regression contexte tirage,droite,0.2,2,concentre
-0.06323545937615405,0.03954476658568361,0.02652091254752852,-0.024109573661904693,0.02738234454250995,0.02349397590361446,0.4409462901968666,34.22053231939163,52.851711026615966,38.30798479087453,E2 regression contexte tirage,droite,0.2,3,concentre
-0.06200968834397913,0.03945865976518485,0.026093155893536123,-0.022011914318306625,0.02649975864288158,0.02213855421686747,0.4402763584971513,33.55513307984791,53.42205323193916,38.30798479087453,E2 regression contexte tirage,droite,0.2,4,concentre
-0.06167634233125541,0.03924424814808283,0.02675855513307985,-0.022664082905046623,0.025829858283036765,0.024246987951807224,0.4412075447934717,34.125475285171106,53.326996197718636,37.26235741444867,E2 regression contexte tirage,droite,0.2,5,concentre
-0.05903898983083522,0.03966644704545902,0.026140684410646393,-0.02422756253065239,0.026719071564773107,0.022289156626506025,0.43875110682544943,33.745247148288975,52.851711026615966,38.30798479087453,E2 regression contexte tirage,droite,0.2,6,concentre
-0.061635879950541095,0.04001559084150194,0.02623574144486692,-0.02104687521909243,0.02669386490022952,0.022590361445783136,0.442989399126069,33.174904942965775,53.61216730038023,38.97338403041825,E2 regression contexte tirage,droite,0.2,7,concentre
-0.06082769321312975,0.04008090209534877,0.02647338403041825,-0.019652070939182864,0.028190191309322217,0.023343373493975902,0.44383124120363054,33.65019011406844,52.28136882129277,38.59315589353612,E2 regression contexte tirage,droite,0.2,8,concentre
-0.060161030595813236,0.039557091974825764,0.02647338403041825,-0.027031590797157556,0.02692537753108712,0.02334337349397591,0.44166466414499106,33.55513307984791,53.326996197718636,38.78326996197718,E2 regression contexte tirage,droite,0.2,9,concentre
-0.05750973513983193,0.03852154726961822,0.026140684410646393,-0.015297386813371783,0.02254837134256446,0.02228915662650602,0.43961106936399136,33.460076045627375,53.5171102661597,38.87832699619772,E2 regression contexte tirage,droite,0.3,0,concentre
-0.05675054257902312,0.03841583611595013,0.026188212927756648,-0.01642664266426641,0.0230764935407402,0.022439759036144574,0.4379765048577226,33.65019011406844,53.326996197718636,39.163498098859314,E2 regression contexte tirage,droite,0.3,1,concentre
-0.05928434976642638,0.038306940508752815,0.026188212927756655,-0.015720891130727277,0.022461741373275147,0.022439759036144577,0.4381821693768773,33.365019011406844,53.326996197718636,38.87832699619772,E2 regression contexte tirage,droite,0.3,2,concentre
-0.05971539622883948,0.03878431863101803,0.025950570342205326,-0.016879235593719732,0.02277105908551317,0.021686746987951804,0.4373965674044645,33.365019011406844,53.5171102661597,38.97338403041825,E2 regression contexte tirage,droite,0.3,3,concentre
-0.05988386095426701,0.03865071968694697,0.025903041825095056,-0.016065270418033628,0.023302928063335664,0.02153614457831325,0.4392456915824471,33.460076045627375,53.61216730038023,38.49809885931559,E2 regression contexte tirage,droite,0.3,4,concentre
-0.05968399128325663,0.03843045100738862,0.026330798479087453,-0.01547464971020196,0.022384306829397127,0.022891566265060236,0.43942522002424156,33.745247148288975,53.326996197718636,38.68821292775665,E2 regression contexte tirage,droite,0.3,5,concentre
-0.061117945974859644,0.03854634367595407,0.026330798479087453,-0.015443526248363426,0.022561175241761364,0.022891566265060243,0.43937791160094397,33.07984790874524,53.041825095057035,38.97338403041825,E2 regression contexte tirage,droite,0.3,6,concentre
-0.05836033213894909,0.03862681050632774,0.026093155893536123,-0.01720067453625662,0.023193914081041565,0.022138554216867466,0.4381393758271332,33.55513307984791,53.041825095057035,38.97338403041825,E2 regression contexte tirage,droite,0.3,7,concentre
-0.06204508288710053,0.03851321721721164,0.025950570342205326,-0.015552493179964433,0.022698658370856335,0.021686746987951804,0.4399746957650628,33.65019011406844,53.42205323193916,38.68821292775665,E2 regression contexte tirage,droite,0.3,8,concentre
-0.05960222343604393,0.038290492096707165,0.026140684410646386,-0.016943437579027165,0.022603159995068255,0.02228915662650602,0.4380305304020942,33.840304182509506,53.2319391634981,38.68821292775665,E2 regression contexte tirage,droite,0.3,9,concentre
-0.06733492204280978,0.04188403988518005,0.027281368821292774,-0.06725582008837305,0.04405998738244476,0.034892086330935254,0.4506800626495376,33.55513307984791,52.661596958174904,38.59315589353612,E2 regression contexte tirage,gauche,0.02,0,concentre
-0.06859878546412612,0.04194390407279394,0.027281368821292777,-0.06613231789313911,0.044188918723022046,0.034892086330935254,0.4484728458384565,33.65019011406844,52.47148288973384,38.40304182509506,E2 regression contexte tirage,gauche,0.02,1,concentre
-0.0664169520547947,0.041845458329337976,0.026901140684410647,-0.06517577789805806,0.043801837506662264,0.03393285371702638,0.4504699104315154,33.840304182509506,52.566539923954366,38.40304182509506,E2 regression contexte tirage,gauche,0.02,2,concentre
-0.07303863935010568,0.04196070804130718,0.02675855513307985,-0.06404686939540072,0.043670393011235424,0.03357314148681055,0.4496079096256576,33.365019011406844,52.661596958174904,38.49809885931559,E2 regression contexte tirage,gauche,0.02,3,concentre
-0.06683383161346323,0.0420075214142452,0.02747148288973384,-0.06255511316570017,0.04377822698641508,0.0353717026378897,0.4497041349514818,33.174904942965775,52.75665399239544,39.06844106463878,E2 regression contexte tirage,gauche,0.02,4,concentre
-0.06548683942708411,0.041816647893191214,0.027091254752851714,-0.06318400700423177,0.04321226611845679,0.03441247002398082,0.4504110216118481,33.365019011406844,52.75665399239544,38.59315589353612,E2 regression contexte tirage,gauche,0.02,5,concentre
-0.06959804764473099,0.04198521133860755,0.02718631178707224,-0.0672208837467898,0.04356140885702665,0.03465227817745804,0.4489549764559055,33.745247148288975,52.661596958174904,38.59315589353612,E2 regression contexte tirage,gauche,0.02,6,concentre
-0.06568592811486196,0.04193042941082367,0.02732889733840304,-0.0640562328739922,0.043821249316638486,0.03501199040767387,0.44856656987553567,33.460076045627375,52.661596958174904,38.40304182509506,E2 regression contexte tirage,gauche,0.02,7,concentre
-0.06706338163837577,0.041846263600968825,0.027233840304182504,-0.05944172523705982,0.04373341282206724,0.03477218225419664,0.45080351896188936,33.745247148288975,52.661596958174904,38.78326996197718,E2 regression contexte tirage,gauche,0.02,8,concentre
-0.06596390694491971,0.04191716328297623,0.027138783269961976,-0.06040910722118109,0.044055219947862094,0.034532374100719423,0.4492861207048125,33.26996197718631,52.661596958174904,38.30798479087453,E2 regression contexte tirage,gauche,0.02,9,concentre
-0.06489337798653982,0.041205216211750384,0.027091254752851714,-0.05722707597525023,0.04178846702791741,0.03441247002398082,0.4471552008468674,33.745247148288975,52.75665399239544,38.87832699619772,E2 regression contexte tirage,gauche,0.05,0,concentre
-0.0659950591934294,0.041592102987583784,0.027233840304182504,-0.06152523315034064,0.04253956833910436,0.03477218225419664,0.4484855596356053,34.4106463878327,52.75665399239544,39.06844106463878,E2 regression contexte tirage,gauche,0.05,1,concentre
-0.06625084108556112,0.04133871830050653,0.026948669201520913,-0.05863960359309994,0.04261283214282261,0.03405275779376499,0.4492899219297967,33.745247148288975,52.47148288973384,38.30798479087453,E2 regression contexte tirage,gauche,0.05,2,concentre
-0.06658907817396542,0.04153698481684592,0.026996197718631175,-0.06297029702970314,0.04187898147623962,0.03417266187050359,0.4479501897754078,32.60456273764258,52.47148288973384,38.97338403041825,E2 regression contexte tirage,gauche,0.05,3,concentre
-0.06670938801666126,0.04140824670296003,0.02732889733840304,-0.05869559451502537,0.04306861613274638,0.03501199040767385,0.44941186052370696,32.60456273764258,52.37642585551331,38.78326996197718,E2 regression contexte tirage,gauche,0.05,4,concentre
-0.06948865632552259,0.041576144959230885,0.026948669201520913,-0.06141615629836361,0.04288510806827254,0.03405275779376499,0.4476560420186309,34.88593155893536,52.09125475285171,38.78326996197718,E2 regression contexte tirage,gauche,0.05,5,concentre
-0.06725479188387185,0.04129893784278052,0.027519011406844106,-0.05999071556469249,0.042663124045571835,0.035491606714628296,0.4477088778794775,33.365019011406844,52.18631178707225,38.11787072243346,E2 regression contexte tirage,gauche,0.05,6,concentre
-0.06739904036248234,0.040991293582470945,0.027138783269961976,-0.0569641268112574,0.04129652320990714,0.034532374100719423,0.44632204641347445,33.65019011406844,52.37642585551331,37.73764258555133,E2 regression contexte tirage,gauche,0.05,7,concentre
-0.06896221088181709,0.041257000586026674,0.02671102661596958,-0.05562704803852625,0.041072850819045645,0.03345323741007194,0.4464521286942722,33.365019011406844,52.18631178707225,38.11787072243346,E2 regression contexte tirage,gauche,0.05,8,concentre
-0.0680586955594421,0.0412769522767803,0.02675855513307985,-0.06193263653060965,0.04219241753457493,0.03357314148681055,0.4488169126783784,33.07984790874524,52.18631178707225,38.02281368821293,E2 regression contexte tirage,gauche,0.05,9,concentre
-0.06387028136711381,0.04065329704030614,0.02680608365019011,-0.05642658177477111,0.03923216050762997,0.033693045563549164,0.4485627394711405,32.69961977186312,52.47148288973384,38.49809885931559,E2 regression contexte tirage,gauche,0.1,0,concentre
-0.06502242152466364,0.04048119258119663,0.026568441064638782,-0.05926463792989611,0.03867250558218232,0.033093525179856115,0.4448001299833488,33.55513307984791,51.71102661596958,38.78326996197718,E2 regression contexte tirage,gauche,0.1,1,concentre
-0.06482736453004045,0.0403608292279586,0.02713878326996198,-0.05927585612579078,0.03862034162042776,0.034532374100719423,0.44706941645867115,34.030418250950575,52.09125475285171,37.26235741444867,E2 regression contexte tirage,gauche,0.1,2,concentre
-0.0637318371457345,0.04066779002485174,0.026853612167300377,-0.049346323150339044,0.039082913842808126,0.03381294964028777,0.4447092377194411,33.93536121673004,51.90114068441065,37.9277566539924,E2 regression contexte tirage,gauche,0.1,3,concentre
-0.06566308627755602,0.04062773304455279,0.026806083650190115,-0.0611544955677501,0.04034341043854089,0.033693045563549164,0.44398694745506634,32.79467680608365,52.09125475285171,39.73384030418251,E2 regression contexte tirage,gauche,0.1,4,concentre
-0.06123673132745633,0.04088878407250779,0.026806083650190115,-0.05182006040375142,0.04095606327246574,0.03369304556354917,0.4470117608377705,34.22053231939163,51.90114068441065,38.68821292775665,E2 regression contexte tirage,gauche,0.1,5,concentre
-0.06326886467981607,0.040162304971440965,0.026568441064638786,-0.0560501501343309,0.03866442129829685,0.03309352517985611,0.45048296065052335,33.174904942965775,52.47148288973384,38.78326996197718,E2 regression contexte tirage,gauche,0.1,6,concentre
-0.06767688093674395,0.0406741226165844,0.027804182509505705,-0.060257278266756975,0.04015200943945184,0.03621103117505996,0.44827308642354297,33.174904942965775,52.47148288973384,38.97338403041825,E2 regression contexte tirage,gauche,0.1,7,concentre
-0.06474250625815725,0.04075364521985991,0.02694866920152091,-0.0522118247554233,0.04041848520206321,0.03405275779376499,0.44791404703062926,33.26996197718631,52.946768060836504,39.163498098859314,E2 regression contexte tirage,gauche,0.1,8,concentre
-0.0627071201055307,0.04061728590110805,0.026663498098859317,-0.051457358762144634,0.03939788263080799,0.033333333333333326,0.44664404703953386,33.55513307984791,52.28136882129277,39.353612167300376,E2 regression contexte tirage,gauche,0.1,9,concentre
-0.06249097993938546,0.03961344721816511,0.026378326996197722,-0.047571078268937805,0.03554363533026724,0.03261390887290168,0.4457029430429062,32.129277566539926,51.33079847908745,38.68821292775665,E2 regression contexte tirage,gauche,0.2,0,concentre
-0.06093736575307129,0.039069178697741486,0.02675855513307985,-0.047474545817528524,0.03448149938908796,0.03357314148681055,0.4426135131656199,32.03422053231939,52.09125475285171,39.163498098859314,E2 regression contexte tirage,gauche,0.2,1,concentre
-0.06174685924279988,0.03901347549733773,0.026140684410646386,-0.05197768428271843,0.03525815917067655,0.03201438848920863,0.441773233396896,32.414448669201526,51.33079847908745,38.68821292775665,E2 regression contexte tirage,gauche,0.2,2,concentre
-0.06381156775329533,0.03932658551787399,0.026283269961977183,-0.04778633877599914,0.034777913644081906,0.03237410071942445,0.4409662390026899,32.414448669201526,51.615969581749056,39.543726235741445,E2 regression contexte tirage,gauche,0.2,3,concentre
-0.06177624678553739,0.039183774023422574,0.026615969581749048,-0.042820893756326917,0.03531072115820996,0.03321342925659473,0.4409767795180297,33.840304182509506,52.28136882129277,40.20912547528518,E2 regression contexte tirage,gauche,0.2,4,concentre
-0.06200362268357262,0.03900055859384015,0.026853612167300384,-0.04627396639707915,0.03465564951554411,0.03381294964028777,0.43903614769203175,34.4106463878327,51.42585551330798,39.353612167300376,E2 regression contexte tirage,gauche,0.2,5,concentre
-0.06211180124223603,0.03924857738956711,0.025903041825095056,-0.04318936877076407,0.03518219320859358,0.031414868105515595,0.4387177242593232,32.79467680608365,52.47148288973384,39.353612167300376,E2 regression contexte tirage,gauche,0.2,6,concentre
-0.05927059805821089,0.0388270929818251,0.02652091254752852,-0.0396506087877182,0.03423962499088175,0.0329736211031175,0.4419308324684353,33.07984790874524,51.615969581749056,37.452471482889734,E2 regression contexte tirage,gauche,0.2,7,concentre
-0.05905000240627567,0.03920949819509477,0.026378326996197715,-0.049514358108108225,0.03545966119057383,0.03261390887290168,0.4405198148265614,33.460076045627375,52.09125475285171,38.30798479087453,E2 regression contexte tirage,gauche,0.2,8,concentre
-0.06311408406306607,0.03888703829080191,0.026853612167300377,-0.04781330295886188,0.03398715503586699,0.03381294964028777,0.44124210534871583,34.31558935361217,51.80608365019012,39.06844106463878,E2 regression contexte tirage,gauche,0.2,9,concentre
-0.056374878525432104,0.037433145344547475,0.026140684410646386,-0.03483297627548987,0.029831351108051636,0.03201438848920864,0.4376408935975907,32.79467680608365,51.235741444866925,39.06844106463878,E2 regression contexte tirage,gauche,0.3,0,concentre
-0.05595919742096889,0.037451142791873185,0.026140684410646386,-0.039753174320636075,0.029309475106303648,0.03201438848920864,0.43734415080113265,32.79467680608365,51.42585551330798,38.59315589353612,E2 regression contexte tirage,gauche,0.3,1,concentre
-0.058879969296702694,0.03753155311675938,0.026378326996197722,-0.03451196273554946,0.02947747128815443,0.03261390887290168,0.4356825630418243,33.745247148288975,51.615969581749056,38.21292775665399,E2 regression contexte tirage,gauche,0.3,2,concentre
-0.057013952442881766,0.03759374239528632,0.026283269961977183,-0.03912173546756548,0.030781865226508408,0.03237410071942446,0.43860141782163636,33.93536121673004,52.28136882129277,38.68821292775665,E2 regression contexte tirage,gauche,0.3,3,concentre
-0.05535079003878085,0.037593294761714205,0.02585551330798479,-0.025866638397116448,0.03020274746531748,0.031294964028776975,0.4359973589422086,33.365019011406844,51.33079847908745,37.9277566539924,E2 regression contexte tirage,gauche,0.3,4,concentre
-0.0582541942805751,0.03767552506325905,0.025998098859315588,-0.03893903698017309,0.029742756568583537,0.031654676258992806,0.437526834406925,31.93916349809886,52.75665399239544,38.30798479087453,E2 regression contexte tirage,gauche,0.3,5,concentre
-0.05811383606837428,0.037844758788980096,0.025855513307984794,-0.031442052258038866,0.03012747568728038,0.031294964028776975,0.43687666724025387,32.60456273764258,51.80608365019012,39.258555133079845,E2 regression contexte tirage,gauche,0.3,6,concentre
-0.05408341852163079,0.03735202732662185,0.02628326996197719,-0.024348728041596157,0.029642463759533784,0.03237410071942446,0.43744785002599224,33.745247148288975,51.33079847908745,39.448669201520914,E2 regression contexte tirage,gauche,0.3,7,concentre
-0.05815015136872559,0.038018108124108954,0.025807984790874528,-0.03610637707581954,0.03138555603530816,0.03117505995203837,0.43691887251628636,32.98479087452472,51.99619771863118,39.163498098859314,E2 regression contexte tirage,gauche,0.3,8,concentre
-0.05938318285327249,0.0376911422417729,0.026235741444866918,-0.03764113779792111,0.02966349898112696,0.03225419664268585,0.4383477896981297,32.79467680608365,51.52091254752852,39.163498098859314,E2 regression contexte tirage,gauche,0.3,9,concentre
-0.0671502856776015,0.04177485297337137,0.027043726235741444,-0.04175515083327497,0.03573934930778159,0.025753012048192775,0.4491729300552887,33.745247148288975,52.661596958174904,38.87832699619772,E2 regression contexte tirage,droite,0.02,0,uniforme
-0.06823710563037644,0.04194176620246881,0.02723384030418251,-0.03810463968410638,0.03536778230083502,0.026054216867469882,0.44965122540746155,33.26996197718631,52.75665399239544,39.06844106463878,E2 regression contexte tirage,droite,0.02,1,uniforme
-0.06670882073980389,0.04197202433430551,0.02737642585551331,-0.041976419005326115,0.035852138583192174,0.02590361445783133,0.45039843511245564,33.460076045627375,52.75665399239544,38.49809885931559,E2 regression contexte tirage,droite,0.02,2,uniforme
-0.06783222391530996,0.0417594863935738,0.027091254752851714,-0.04022253754618643,0.035556649554324325,0.02560240963855422,0.4491911503816659,33.840304182509506,52.851711026615966,38.68821292775665,E2 regression contexte tirage,droite,0.02,3,uniforme
-0.06510310495032534,0.04183816986417879,0.027281368821292774,-0.04234225365977118,0.03538026406224192,0.0266566265060241,0.45091744567414593,33.745247148288975,52.566539923954366,38.68821292775665,E2 regression contexte tirage,droite,0.02,4,uniforme
-0.06666238520326262,0.04191356252630156,0.027043726235741444,-0.04270627340430022,0.03619656257467522,0.025903614457831327,0.4490794354193019,33.745247148288975,52.946768060836504,38.78326996197718,E2 regression contexte tirage,droite,0.02,5,uniforme
-0.06863299979710169,0.04169422560695704,0.027186311787072242,-0.043730796750705014,0.035580117242723974,0.025753012048192775,0.4489360911836582,34.030418250950575,52.661596958174904,38.30798479087453,E2 regression contexte tirage,droite,0.02,6,uniforme
-0.06519500579225135,0.04177417030592512,0.027091254752851714,-0.04136417356069577,0.03577941851569375,0.025753012048192775,0.44859949531067933,33.365019011406844,52.37642585551331,38.78326996197718,E2 regression contexte tirage,droite,0.02,7,uniforme
-0.06965051721740234,0.041909876317111266,0.02723384030418251,-0.04241589225210529,0.03587556696835465,0.025301204819277105,0.45093570305292735,33.65019011406844,52.851711026615966,39.06844106463878,E2 regression contexte tirage,droite,0.02,8,uniforme
-0.06790506559376808,0.04182087881032316,0.027043726235741444,-0.04158415841584151,0.035540958816286994,0.025451807228915664,0.44890961601862023,33.840304182509506,52.661596958174904,38.68821292775665,E2 regression contexte tirage,droite,0.02,9,uniforme
-0.06825385795457595,0.041440749873607616,0.027043726235741444,-0.039373394534046424,0.03517716149935277,0.02560240963855422,0.4513769006695409,33.93536121673004,52.28136882129277,38.59315589353612,E2 regression contexte tirage,droite,0.05,0,uniforme
-0.0658251834722422,0.041245011956272906,0.02732889733840304,-0.03940574837157618,0.035386204412539514,0.025903614457831327,0.4494904436749603,33.460076045627375,52.946768060836504,38.59315589353612,E2 regression contexte tirage,droite,0.05,1,uniforme
-0.06843927670670724,0.04154722927688759,0.027186311787072242,-0.04238477516420569,0.035316152395299776,0.02560240963855422,0.4478910774120471,34.22053231939163,52.851711026615966,38.49809885931559,E2 regression contexte tirage,droite,0.05,2,uniforme
-0.06511284155054031,0.04130932416065353,0.02675855513307985,-0.03892632556307429,0.03503389684470081,0.025753012048192775,0.4468380009379844,33.745247148288975,52.661596958174904,38.78326996197718,E2 regression contexte tirage,droite,0.05,3,uniforme
-0.06704515023298174,0.04147208850930782,0.027091254752851714,-0.04223293466192546,0.035415967497296974,0.026204819277108438,0.44939926951075976,34.125475285171106,52.661596958174904,38.97338403041825,E2 regression contexte tirage,droite,0.05,4,uniforme
-0.06589170084322993,0.04142414696614216,0.027091254752851714,-0.04321619310615521,0.03506491924826921,0.02560240963855422,0.4502672551647074,33.840304182509506,52.566539923954366,39.06844106463878,E2 regression contexte tirage,droite,0.05,5,uniforme
-0.06750331948430188,0.04164974135194603,0.02732889733840304,-0.04340138918122516,0.03516143426993099,0.02560240963855422,0.44679622402000463,33.55513307984791,52.47148288973384,38.78326996197718,E2 regression contexte tirage,droite,0.05,6,uniforme
-0.06898652331434552,0.041844195655675154,0.027328897338403046,-0.044539404553415096,0.03562564691678736,0.025451807228915664,0.4495117134369752,33.55513307984791,53.041825095057035,39.163498098859314,E2 regression contexte tirage,droite,0.05,7,uniforme
-0.06757601166411187,0.04202689839295612,0.027328897338403046,-0.04057319471761722,0.03588677257783764,0.025753012048192775,0.44903963926672547,34.030418250950575,52.661596958174904,38.40304182509506,E2 regression contexte tirage,droite,0.05,8,uniforme
-0.07064485081809424,0.04182141348138897,0.027423954372623578,-0.044014901244113114,0.03550781237140843,0.026204819277108438,0.44941150157690585,33.365019011406844,52.28136882129277,38.68821292775665,E2 regression contexte tirage,droite,0.05,9,uniforme
-0.0675952828576315,0.04092290036954807,0.026568441064638786,-0.04344044997405083,0.03477628790551043,0.02469879518072289,0.44760684899074915,32.98479087452472,52.946768060836504,38.97338403041825,E2 regression contexte tirage,droite,0.1,0,uniforme
-0.06614511149044566,0.040705234727107104,0.02647338403041825,-0.039837890322671266,0.034880685011421615,0.026054216867469882,0.4463060630911188,33.745247148288975,52.661596958174904,38.59315589353612,E2 regression contexte tirage,droite,0.1,1,uniforme
-0.06447605175220628,0.04078888148376392,0.026948669201520913,-0.039317298484763286,0.03460190368055709,0.026506024096385545,0.44670391244495244,33.460076045627375,52.37642585551331,39.73384030418251,E2 regression contexte tirage,droite,0.1,2,uniforme
-0.06548103706878083,0.04085181108968661,0.027043726235741444,-0.039858679041597234,0.034121881494526544,0.025150602409638557,0.4448971871435375,34.125475285171106,52.09125475285171,38.21292775665399,E2 regression contexte tirage,droite,0.1,3,uniforme
-0.06957307069530316,0.04058310345307799,0.026996197718631175,-0.039999999999999813,0.03451679313965499,0.026054216867469882,0.44508132184299565,33.174904942965775,52.18631178707225,38.21292775665399,E2 regression contexte tirage,droite,0.1,4,uniforme
-0.06927358172807041,0.041377046322350244,0.027281368821292774,-0.039165662059491235,0.03508317903706188,0.025301204819277105,0.44779255031702714,32.88973384030418,53.42205323193916,39.163498098859314,E2 regression contexte tirage,droite,0.1,5,uniforme
-0.06659058548733743,0.04084837585570049,0.026853612167300377,-0.04009440588912938,0.03484550225894255,0.02560240963855422,0.4459210350422232,33.26996197718631,52.47148288973384,39.353612167300376,E2 regression contexte tirage,droite,0.1,6,uniforme
-0.06449590974108432,0.04094488170362011,0.02647338403041825,-0.04177193868957374,0.03496244117693263,0.02484939759036145,0.4483028846974361,32.50950570342205,52.566539923954366,38.30798479087453,E2 regression contexte tirage,droite,0.1,7,uniforme
-0.06433174979356793,0.041070053335905396,0.02690114068441064,-0.042367182246133006,0.03513863754453102,0.025150602409638557,0.450285897092571,33.65019011406844,53.041825095057035,38.49809885931559,E2 regression contexte tirage,droite,0.1,8,uniforme
-0.06674780603420671,0.04057213416913642,0.02747148288973384,-0.03416114170131457,0.03393697812655002,0.02590361445783133,0.443684243194471,32.98479087452472,52.566539923954366,37.73764258555133,E2 regression contexte tirage,droite,0.1,9,uniforme
-0.06168454275550328,0.03899338004330709,0.026901140684410647,-0.03257617261578649,0.03241313551234058,0.025602409638554213,0.4490225490562827,33.840304182509506,52.28136882129277,38.02281368821293,E2 regression contexte tirage,droite,0.2,0,uniforme
-0.0630321855084881,0.039552651590528135,0.026568441064638782,-0.04025701362566725,0.034262084998581514,0.025602409638554213,0.4489736438667481,32.88973384030418,53.136882129277566,39.258555133079845,E2 regression contexte tirage,droite,0.2,1,uniforme
-0.06363285769379101,0.039377469338688145,0.026948669201520913,-0.037015201920242546,0.03335520502672908,0.025602409638554213,0.4431271965704736,32.69961977186312,52.661596958174904,39.92395437262358,E2 regression contexte tirage,droite,0.2,2,uniforme
-0.06350672221983589,0.039232124244312494,0.026853612167300377,-0.03896140390316538,0.03461093303148027,0.026054216867469882,0.4497616674236459,33.26996197718631,51.90114068441065,37.9277566539924,E2 regression contexte tirage,droite,0.2,3,uniforme
-0.06423376456201324,0.03919078662642346,0.026758555133079853,-0.04445192793399555,0.033601038875015816,0.025753012048192775,0.44527930762574647,34.88593155893536,52.946768060836504,38.02281368821293,E2 regression contexte tirage,droite,0.2,4,uniforme
-0.05911114432428388,0.039582445050149864,0.02680608365019011,-0.036347555068862336,0.032463045236126434,0.025753012048192768,0.44298242294298373,33.365019011406844,52.946768060836504,37.6425855513308,E2 regression contexte tirage,droite,0.2,5,uniforme
-0.06011514258936945,0.038934228670028284,0.026378326996197715,-0.03120656980416925,0.03322872726956535,0.025451807228915668,0.44424603900679477,33.365019011406844,52.28136882129277,39.638783269961976,E2 regression contexte tirage,droite,0.2,6,uniforme
-0.05939614366325252,0.03972369086221275,0.026045627376425858,-0.03822048125349742,0.03358687896427156,0.023795180722891565,0.4450061224584705,33.26996197718631,52.661596958174904,38.40304182509506,E2 regression contexte tirage,droite,0.2,7,uniforme
-0.06343825665859582,0.03916866838924658,0.026615969581749048,-0.03688622418174903,0.03284027452556829,0.02424698795180723,0.4460897630810039,32.69961977186312,52.661596958174904,38.68821292775665,E2 regression contexte tirage,droite,0.2,8,uniforme
-0.06163009102438555,0.03854049847162025,0.02623574144486692,-0.035845059554707515,0.03304352190312599,0.02515060240963855,0.44356916275773833,34.98098859315589,52.47148288973384,37.73764258555133,E2 regression contexte tirage,droite,0.2,9,uniforme
-0.055178841147925706,0.03795121448435605,0.02585551330798479,-0.030912487184168613,0.03196559134882056,0.02515060240963855,0.4369835349766761,34.125475285171106,52.47148288973384,38.59315589353612,E2 regression contexte tirage,droite,0.3,0,uniforme
-0.05925104111395163,0.03824632486143181,0.025950570342205326,-0.030946960114680677,0.03256827572631941,0.024698795180722894,0.44042951389645746,33.174904942965775,51.90114068441065,38.59315589353612,E2 regression contexte tirage,droite,0.3,1,uniforme
-0.061013026445701946,0.038163144796575774,0.025237642585551334,-0.030589684027874986,0.030799375737832528,0.024246987951807228,0.4399967725974259,34.030418250950575,52.37642585551331,39.258555133079845,E2 regression contexte tirage,droite,0.3,2,uniforme
-0.057697034464333385,0.03770154660498791,0.025332699619771866,-0.03419138220481277,0.031562720399000446,0.023343373493975906,0.440485311421784,34.88593155893536,53.041825095057035,39.163498098859314,E2 regression contexte tirage,droite,0.3,3,uniforme
-0.06564542046063193,0.038881757770006437,0.025950570342205326,-0.03369329235627483,0.032555981398116815,0.024397590361445783,0.44451982966836223,33.365019011406844,52.47148288973384,38.30798479087453,E2 regression contexte tirage,droite,0.3,4,uniforme
-0.059480669854407475,0.03803133112527654,0.025903041825095056,-0.032901408450704106,0.031134415185474607,0.02379518072289157,0.44100503987510964,32.98479087452472,52.566539923954366,38.68821292775665,E2 regression contexte tirage,droite,0.3,5,uniforme
-0.05786056104281134,0.03833571299389546,0.026568441064638782,-0.024494743072977054,0.031226043859948316,0.025301204819277112,0.4423339918887479,34.60076045627377,52.661596958174904,39.82889733840304,E2 regression contexte tirage,droite,0.3,6,uniforme
-0.05614149735656615,0.03804940643744226,0.02561787072243346,-0.035376295628661514,0.03166288496337505,0.025451807228915664,0.4425609718775481,33.26996197718631,53.2319391634981,37.0722433460076,E2 regression contexte tirage,droite,0.3,7,uniforme
-0.05996522669519855,0.038248636141891765,0.026473384030418257,-0.029601065694454087,0.030524490854645925,0.02424698795180723,0.44543224790349617,33.745247148288975,51.90114068441065,40.39923954372623,E2 regression contexte tirage,droite,0.3,8,uniforme
-0.05816380039168256,0.038112188623986326,0.02585551330798479,-0.029776465626318194,0.031226344951673708,0.025,0.4435509819637847,33.174904942965775,53.136882129277566,37.167300380228134,E2 regression contexte tirage,droite,0.3,9,uniforme
-0.07255226494833777,0.04255052024553438,0.027756653992395443,-0.04817064557140838,0.03679523192747209,0.027409638554216863,0.45220107215215727,33.365019011406844,52.47148288973384,38.49809885931559,IM m=10 mode des m,droite,0.02,0,concentre
-0.07091204844502408,0.04255665852710175,0.027804182509505705,-0.04778635687469013,0.03725802914569583,0.02756024096385542,0.44928424399024824,33.26996197718631,52.851711026615966,38.68821292775665,IM m=10 mode des m,droite,0.02,1,concentre
-0.07097521228235704,0.042502353305210225,0.027756653992395436,-0.04507030287583358,0.03671938996101239,0.02740963855421687,0.449831852752665,33.55513307984791,52.661596958174904,39.163498098859314,IM m=10 mode des m,droite,0.02,2,concentre
-0.07116064730468341,0.042894210348361675,0.02785171102661597,-0.04523623999433313,0.03706772710765718,0.027710843373493978,0.450520678121697,33.365019011406844,52.946768060836504,39.163498098859314,IM m=10 mode des m,droite,0.02,3,concentre
-0.07232448630136978,0.0427947142659576,0.02742395437262357,-0.044428094402626406,0.03753886032729053,0.02635542168674699,0.4511835727009837,33.65019011406844,52.75665399239544,38.59315589353612,IM m=10 mode des m,droite,0.02,4,concentre
-0.06998551579850865,0.042478137179605774,0.027661596958174904,-0.0470373669253934,0.0364136335214773,0.027108433734939756,0.44902347315882035,33.93536121673004,52.661596958174904,38.49809885931559,IM m=10 mode des m,droite,0.02,5,concentre
-0.07099393659471864,0.0425990526859789,0.02747148288973384,-0.047988668555240865,0.03591913655248271,0.026506024096385545,0.4509742666250808,33.55513307984791,52.851711026615966,39.258555133079845,IM m=10 mode des m,droite,0.02,6,concentre
-0.070874333056278,0.04267150794995818,0.02756653992395437,-0.047188087729965966,0.03681324480773039,0.026807228915662652,0.4505606037684267,33.65019011406844,52.566539923954366,38.59315589353612,IM m=10 mode des m,droite,0.02,7,concentre
-0.0727348786321853,0.0425474143159572,0.027709125475285173,-0.04683242506811991,0.03666236292853647,0.02725903614457832,0.451930092937416,33.65019011406844,52.75665399239544,38.49809885931559,IM m=10 mode des m,droite,0.02,8,concentre
-0.06889494125799756,0.04261403086474394,0.027519011406844106,-0.04476426799007438,0.03694258962680548,0.026656626506024093,0.4499845297196233,33.840304182509506,52.47148288973384,38.30798479087453,IM m=10 mode des m,droite,0.02,9,concentre
-0.07368989152139882,0.04304880093865712,0.028469581749049427,-0.04801057957681698,0.03835073414426498,0.029668674698795184,0.4526741460569186,32.98479087452472,52.28136882129277,38.68821292775665,IM m=10 mode des m,droite,0.05,0,concentre
-0.07186476583694512,0.043256363776883563,0.02832699619771863,-0.05090971704069347,0.03789064057924279,0.02921686746987952,0.4527702310960665,33.460076045627375,52.566539923954366,38.68821292775665,IM m=10 mode des m,droite,0.05,1,concentre
-0.07428330477184153,0.043174376390438265,0.02832699619771863,-0.051828874240661627,0.0385965494589545,0.02921686746987952,0.45005234663355054,33.174904942965775,52.18631178707225,38.87832699619772,IM m=10 mode des m,droite,0.05,2,concentre
-0.07436609091643998,0.042965575025166486,0.02804182509505703,-0.053612053054041375,0.0379352191286449,0.028313253012048196,0.4481514812454766,33.745247148288975,52.661596958174904,39.163498098859314,IM m=10 mode des m,droite,0.05,3,concentre
-0.0709577020338471,0.043198366401013655,0.02785171102661597,-0.048136757027394395,0.03763221534423256,0.027710843373493978,0.4515227865532986,33.365019011406844,52.47148288973384,38.78326996197718,IM m=10 mode des m,droite,0.05,4,concentre
-0.07315966822187658,0.0429398466343119,0.028374524714828903,-0.052962182162371474,0.03772593538705519,0.029367469879518077,0.4500386621093876,33.26996197718631,52.37642585551331,38.02281368821293,IM m=10 mode des m,droite,0.05,5,concentre
-0.07426132137505792,0.04308183924844915,0.028231939163498105,-0.05130549048734512,0.038199573844982224,0.028915662650602407,0.44956571776411,33.365019011406844,52.37642585551331,39.06844106463878,IM m=10 mode des m,droite,0.05,6,concentre
-0.0704617877396706,0.0432188388972211,0.028041825095057028,-0.049581234751094994,0.03817018557788241,0.028313253012048196,0.45060127617306756,33.460076045627375,52.661596958174904,38.78326996197718,IM m=10 mode des m,droite,0.05,7,concentre
-0.06861247440439444,0.042978181576391175,0.027709125475285173,-0.055841471238149754,0.03809126558308766,0.027259036144578315,0.45080054387583557,33.460076045627375,52.28136882129277,38.78326996197718,IM m=10 mode des m,droite,0.05,8,concentre
-0.0741536170258692,0.043194820130407374,0.027709125475285173,-0.05325037545591094,0.03805600623547504,0.027259036144578315,0.4512132591253832,33.55513307984791,52.946768060836504,38.11787072243346,IM m=10 mode des m,droite,0.05,9,concentre
-0.07391517930243974,0.043761667169289684,0.02870722433460076,-0.05396519223181795,0.03996237354844268,0.030421686746987954,0.4509554191105076,33.365019011406844,51.42585551330798,38.59315589353612,IM m=10 mode des m,droite,0.1,0,concentre
-0.07664130126681645,0.04387056710081491,0.02903992395437262,-0.057586116224033645,0.04066275842878478,0.03147590361445783,0.45064697786773916,33.26996197718631,52.28136882129277,37.9277566539924,IM m=10 mode des m,droite,0.1,1,concentre
-0.0737503489116692,0.0441180146301849,0.028944866920152086,-0.05588494276489586,0.04041364827285601,0.03117469879518072,0.45128334839894485,32.88973384030418,51.90114068441065,39.638783269961976,IM m=10 mode des m,droite,0.1,2,concentre
-0.07516052831135667,0.04433061618308086,0.029420152091254752,-0.057201808683436606,0.04098835028661755,0.032680722891566275,0.4505781541751258,33.65019011406844,51.80608365019012,38.02281368821293,IM m=10 mode des m,droite,0.1,3,concentre
-0.07668072397893033,0.043978381834695754,0.02918250950570342,-0.06028995756718536,0.04035194534422679,0.031927710843373494,0.4482462915638209,33.07984790874524,52.18631178707225,38.97338403041825,IM m=10 mode des m,droite,0.1,4,concentre
-0.07736526946107802,0.04378887639332156,0.02903992395437262,-0.0597486115171002,0.040144238645678364,0.03147590361445783,0.45163244755481763,32.98479087452472,52.09125475285171,39.543726235741445,IM m=10 mode des m,droite,0.1,5,concentre
-0.07543160108667091,0.044061382967045024,0.028659695817490494,-0.05728198317839761,0.04080588309191317,0.030271084337349395,0.45147546654808324,32.60456273764258,52.28136882129277,38.87832699619772,IM m=10 mode des m,droite,0.1,6,concentre
-0.07418514545892352,0.044041901546572435,0.029420152091254752,-0.06067982520456372,0.04037306326767619,0.03268072289156626,0.4491835144765875,33.65019011406844,51.615969581749056,38.30798479087453,IM m=10 mode des m,droite,0.1,7,concentre
-0.07546129189032746,0.04395228973584478,0.028517110266159697,-0.058830417917002165,0.03982591382461389,0.029819277108433732,0.4494412289063922,33.174904942965775,51.71102661596958,39.06844106463878,IM m=10 mode des m,droite,0.1,8,concentre
-0.07295742232451086,0.04409366642820822,0.028802281368821292,-0.05838483785251847,0.04046616727316568,0.030722891566265058,0.4525069789704938,33.65019011406844,51.615969581749056,39.163498098859314,IM m=10 mode des m,droite,0.1,9,concentre
-0.08239315475525588,0.045708209087272036,0.030655893536121675,-0.07399969102425474,0.04524782682624628,0.03659638554216867,0.4500227247837655,32.79467680608365,51.71102661596958,39.163498098859314,IM m=10 mode des m,droite,0.2,0,concentre
-0.08116633457749833,0.04614267847321911,0.03056083650190114,-0.07269412369688188,0.04490705999478203,0.03629518072289157,0.4502235167774322,32.79467680608365,51.615969581749056,38.59315589353612,IM m=10 mode des m,droite,0.2,1,concentre
-0.0799019497604967,0.04578156254032177,0.03065589353612167,-0.0788165091994033,0.04522804735954911,0.03659638554216868,0.45069086965079547,32.69961977186312,51.90114068441065,39.638783269961976,IM m=10 mode des m,droite,0.2,2,concentre
-0.08409561663774268,0.04555752974065215,0.030275665399239548,-0.07528951535285178,0.044129410894687325,0.03539156626506025,0.45025896207905836,32.79467680608365,51.52091254752852,38.97338403041825,IM m=10 mode des m,droite,0.2,3,concentre
-0.0806590137247748,0.045859343842135414,0.030275665399239544,-0.06847941858279549,0.04540398010733087,0.03539156626506025,0.44612471625920924,32.60456273764258,51.42585551330798,38.97338403041825,IM m=10 mode des m,droite,0.2,4,concentre
-0.08440959151597194,0.045881287523970554,0.03108365019011407,-0.0842090600962655,0.04532924710449212,0.03795180722891566,0.44699724801575824,32.31939163498099,51.90114068441065,39.353612167300376,IM m=10 mode des m,droite,0.2,5,concentre
-0.084515468874935,0.045825663267092184,0.031131178707224337,-0.07425788931547883,0.045712368617210425,0.03810240963855422,0.4508338893772846,32.414448669201526,52.09125475285171,38.87832699619772,IM m=10 mode des m,droite,0.2,6,concentre
-0.07905067408420996,0.04567270484578806,0.030418250950570342,-0.0685621067350266,0.04416811914046482,0.035843373493975914,0.4515007459433535,32.60456273764258,51.04562737642585,39.06844106463878,IM m=10 mode des m,droite,0.2,7,concentre
-0.0811223173317478,0.04571458118013384,0.03056083650190114,-0.07151010961860249,0.045866706233831614,0.036295180722891576,0.4452068473462048,32.98479087452472,51.42585551330798,38.78326996197718,IM m=10 mode des m,droite,0.2,8,concentre
-0.08181476979267621,0.04593690664924274,0.031036121673003802,-0.07469207529630517,0.045254800038915556,0.03780120481927711,0.44702100173691406,32.88973384030418,51.71102661596958,38.49809885931559,IM m=10 mode des m,droite,0.2,9,concentre
-0.08590029955153833,0.047781728874152135,0.03246197718631179,-0.07401830578442481,0.049532041369399975,0.04231927710843374,0.4484393545686235,32.50950570342205,51.04562737642585,38.97338403041825,IM m=10 mode des m,droite,0.3,0,concentre
-0.08442325053820698,0.047802284185422955,0.03227186311787072,-0.07863764542983043,0.04952926199112446,0.04171686746987952,0.4483811132383346,32.50950570342205,51.14068441064639,38.97338403041825,IM m=10 mode des m,droite,0.3,1,concentre
-0.08610808096549105,0.047809895567544516,0.03227186311787072,-0.07959420582445875,0.04948883920907624,0.04171686746987952,0.44785178162451117,32.22433460076046,51.04562737642585,38.87832699619772,IM m=10 mode des m,droite,0.3,2,concentre
-0.08376760461551824,0.04780749469253884,0.03250950570342205,-0.07488049188358314,0.04979354687429349,0.042469879518072295,0.44869149700129585,32.414448669201526,50.85551330798479,38.68821292775665,IM m=10 mode des m,droite,0.3,3,concentre
-0.08481977818853959,0.04770228181308796,0.03250950570342205,-0.07374392220421389,0.049246554250238515,0.042469879518072295,0.4485251677233773,32.414448669201526,50.760456273764255,38.87832699619772,IM m=10 mode des m,droite,0.3,4,concentre
-0.08572219914139301,0.04770098580898205,0.032129277566539924,-0.0770008765423772,0.049950781005221274,0.041265060240963866,0.44644307795441907,32.69961977186312,50.950570342205324,38.68821292775665,IM m=10 mode des m,droite,0.3,5,concentre
-0.08421508856077908,0.04766350396891675,0.03255703422053231,-0.07387862796833766,0.04847980216904945,0.04262048192771084,0.44773314453211094,32.414448669201526,50.760456273764255,38.49809885931559,IM m=10 mode des m,droite,0.3,6,concentre
-0.08642174922332457,0.04781431313591471,0.032414448669201526,-0.08293898721813375,0.04967809061848833,0.04216867469879518,0.448148598976154,32.60456273764258,50.85551330798479,38.68821292775665,IM m=10 mode des m,droite,0.3,7,concentre
-0.08497502774694798,0.04761508170734259,0.03246197718631179,-0.07943042245917131,0.04880907955791582,0.04231927710843374,0.44704082405869816,32.50950570342205,50.85551330798479,38.59315589353612,IM m=10 mode des m,droite,0.3,8,concentre
-0.08606134644085772,0.04776707932449317,0.03246197718631179,-0.07315592431447948,0.04999185633297159,0.042319277108433744,0.4482873622321275,32.60456273764258,50.950570342205324,38.68821292775665,IM m=10 mode des m,droite,0.3,9,concentre
-0.06991175144396966,0.042389403478880594,0.027756653992395436,-0.0433249157061637,0.036736549614112164,0.026355421686746993,0.4511762422086173,33.55513307984791,52.37642585551331,38.59315589353612,IM m=10 mode des m,droite,0.02,0,uniforme
-0.07020730121543628,0.04217050346811184,0.02785171102661597,-0.044279195538279637,0.036329244726968836,0.026204819277108438,0.45196782352119197,33.745247148288975,53.041825095057035,38.78326996197718,IM m=10 mode des m,droite,0.02,1,uniforme
-0.07066302970424643,0.04242601506956019,0.027851711026615968,-0.044107074893220966,0.03643428287739336,0.025903614457831327,0.4522054057201197,33.460076045627375,52.28136882129277,38.21292775665399,IM m=10 mode des m,droite,0.02,2,uniforme
-0.06924028173557728,0.04278583769829235,0.027709125475285167,-0.043620194743063,0.036550108485884504,0.026204819277108438,0.45159151986928303,33.840304182509506,52.946768060836504,38.87832699619772,IM m=10 mode des m,droite,0.02,3,uniforme
-0.07038623844344927,0.042009481054541845,0.027471482889733844,-0.04444600378920771,0.03609083651485635,0.026204819277108438,0.4521469281283492,34.125475285171106,52.75665399239544,39.163498098859314,IM m=10 mode des m,droite,0.02,4,uniforme
-0.06957493926168001,0.042657179745140356,0.02742395437262357,-0.04482317013102155,0.03626647532900786,0.026656626506024093,0.45144825329568805,33.65019011406844,52.661596958174904,38.68821292775665,IM m=10 mode des m,droite,0.02,5,uniforme
-0.07139905216322562,0.042474782445328416,0.027661596958174904,-0.04357156976251664,0.036139374962762975,0.026204819277108438,0.4528149050063167,33.65019011406844,52.661596958174904,38.97338403041825,IM m=10 mode des m,droite,0.02,6,uniforme
-0.07034465020576142,0.04261124619711465,0.02756653992395437,-0.041542733898137896,0.0364695882569507,0.02590361445783133,0.45134194082114576,34.125475285171106,53.041825095057035,38.68821292775665,IM m=10 mode des m,droite,0.02,7,uniforme
-0.06820810492395901,0.04219008764118695,0.027709125475285173,-0.04180199940945728,0.03588276030813601,0.02590361445783133,0.45156200524918433,33.745247148288975,52.75665399239544,38.78326996197718,IM m=10 mode des m,droite,0.02,8,uniforme
-0.0703386237138579,0.04257871754901979,0.02804182509505703,-0.04226383218358443,0.03642561834210765,0.026204819277108438,0.45088702033979,33.26996197718631,52.946768060836504,38.68821292775665,IM m=10 mode des m,droite,0.02,9,uniforme
-0.07274406945397371,0.04305641477850873,0.028707224334600757,-0.04404442742244352,0.037053783592574906,0.027861445783132533,0.4542307263172193,33.93536121673004,52.47148288973384,38.59315589353612,IM m=10 mode des m,droite,0.05,0,uniforme
-0.07084852905421857,0.0428438189174538,0.028659695817490498,-0.042898968897186696,0.03653353239368801,0.026506024096385545,0.4537850238739858,34.22053231939163,52.75665399239544,38.68821292775665,IM m=10 mode des m,droite,0.05,1,uniforme
-0.0716883116883118,0.04301582078985407,0.02827946768060836,-0.04699613768994382,0.037044074124054874,0.026355421686746993,0.45451204022383607,33.55513307984791,53.136882129277566,38.78326996197718,IM m=10 mode des m,droite,0.05,2,uniforme
-0.07174247180308702,0.043298088918180655,0.02804182509505703,-0.04897867057894156,0.0369295886440921,0.026807228915662652,0.4548767498692231,33.840304182509506,52.75665399239544,38.87832699619772,IM m=10 mode des m,droite,0.05,3,uniforme
-0.07411391412926538,0.04291262831923061,0.0285171102661597,-0.04246994783397606,0.036623743331675195,0.026506024096385545,0.45504220162803777,33.55513307984791,52.566539923954366,37.9277566539924,IM m=10 mode des m,droite,0.05,4,uniforme
-0.07097109507387289,0.04292943949405849,0.028707224334600757,-0.04290112124721113,0.03682481768537415,0.026957831325301208,0.45418710924132194,34.125475285171106,52.75665399239544,38.59315589353612,IM m=10 mode des m,droite,0.05,5,uniforme
-0.0739822779478706,0.04272060276165396,0.028707224334600757,-0.04372403267290381,0.036376256965932094,0.026957831325301208,0.45329099012520857,34.4106463878327,52.661596958174904,39.353612167300376,IM m=10 mode des m,droite,0.05,6,uniforme
-0.07387011527175069,0.04310525458397112,0.028422053231939165,-0.04641159157799413,0.03681301426340902,0.0266566265060241,0.4511063330848758,33.745247148288975,53.041825095057035,38.59315589353612,IM m=10 mode des m,droite,0.05,7,uniforme
-0.0744804942325138,0.043139956895337325,0.0285171102661597,-0.04547188201890073,0.037101286220731826,0.026506024096385545,0.45591807783285404,34.030418250950575,52.37642585551331,38.40304182509506,IM m=10 mode des m,droite,0.05,8,uniforme
-0.07354704871803186,0.04276394902307612,0.02799429657794677,-0.04715690285085561,0.03727471900665173,0.02635542168674699,0.45272794509972414,33.65019011406844,52.47148288973384,38.97338403041825,IM m=10 mode des m,droite,0.05,9,uniforme
-0.07584229704443712,0.04370610225892091,0.02918250950570342,-0.04677756154381574,0.03759564344070923,0.027861445783132533,0.4604991883043746,34.31558935361217,52.47148288973384,39.258555133079845,IM m=10 mode des m,droite,0.1,0,uniforme
-0.0739180390654921,0.04337149757922518,0.029705323193916354,-0.04516793205507641,0.03696791112644049,0.02756024096385542,0.45244078556174094,34.22053231939163,51.99619771863118,38.40304182509506,IM m=10 mode des m,droite,0.1,1,uniforme
-0.07774945275695844,0.04342520425878374,0.02913498098859315,-0.05128423926956238,0.03663483651966478,0.02846385542168675,0.45795533807616523,33.07984790874524,51.99619771863118,39.73384030418251,IM m=10 mode des m,droite,0.1,2,uniforme
-0.07585950810362163,0.043860233874934554,0.02923003802281368,-0.05277525022747942,0.03795348252403543,0.026957831325301208,0.46032108520027604,33.26996197718631,53.136882129277566,39.543726235741445,IM m=10 mode des m,droite,0.1,3,uniforme
-0.07582480556692595,0.04405511465797535,0.029325095057034224,-0.04499801395903069,0.037594424674696494,0.0266566265060241,0.4569986602934263,34.030418250950575,52.28136882129277,38.21292775665399,IM m=10 mode des m,droite,0.1,4,uniforme
-0.0752283924568834,0.04369341757755116,0.029134980988593157,-0.044662510473323036,0.037425610290299366,0.02756024096385542,0.45714118184808056,33.65019011406844,53.42205323193916,38.59315589353612,IM m=10 mode des m,droite,0.1,5,uniforme
-0.07392881172358334,0.044097863383781355,0.02937262357414449,-0.04402336108294891,0.037637075694898436,0.028463855421686744,0.4573879241364304,33.840304182509506,52.18631178707225,38.78326996197718,IM m=10 mode des m,droite,0.1,6,uniforme
-0.07650249225972183,0.04425494520829801,0.029087452471482887,-0.049931600547195476,0.03767589338629559,0.02756024096385542,0.4513507210673169,34.31558935361217,52.851711026615966,39.258555133079845,IM m=10 mode des m,droite,0.1,7,uniforme
-0.07683219009485032,0.043487037980932924,0.02970532319391635,-0.04262927853777598,0.03709627064455338,0.026807228915662652,0.45960215647525576,33.93536121673004,52.566539923954366,39.258555133079845,IM m=10 mode des m,droite,0.1,8,uniforme
-0.0755558470518789,0.0433440198723514,0.028659695817490494,-0.044946059036178765,0.037382596244309355,0.0266566265060241,0.4568621593577375,33.745247148288975,53.326996197718636,39.82889733840304,IM m=10 mode des m,droite,0.1,9,uniforme
-0.08354824092772961,0.045515109131056455,0.031701520912547534,-0.0562690779243219,0.038635656978862336,0.02921686746987951,0.46478300791177074,34.4106463878327,51.99619771863118,40.11406844106464,IM m=10 mode des m,droite,0.2,0,uniforme
-0.08402809357788898,0.04514052908956173,0.032176806083650186,-0.05548587985987963,0.038741183677954996,0.02906626506024096,0.46339016712944775,34.98098859315589,52.566539923954366,39.258555133079845,IM m=10 mode des m,droite,0.2,1,uniforme
-0.08231895094010011,0.04519283637358498,0.03170152091254753,-0.058894541691816626,0.03945880029893723,0.028915662650602407,0.4648679458505151,34.125475285171106,51.615969581749056,38.21292775665399,IM m=10 mode des m,droite,0.2,2,uniforme
-0.07980501000309947,0.04536702559982171,0.03170152091254753,-0.053545461089914315,0.038411069094998744,0.03057228915662651,0.46252307642838036,35.07604562737642,53.326996197718636,38.11787072243346,IM m=10 mode des m,droite,0.2,3,uniforme
-0.08503593185511127,0.04463855869029662,0.031463878326996195,-0.05522710886806048,0.0385511319309388,0.029819277108433732,0.46494473848370094,34.125475285171106,51.90114068441065,39.258555133079845,IM m=10 mode des m,droite,0.2,4,uniforme
-0.08893956670467495,0.0457427882264112,0.032176806083650186,-0.05602833815715591,0.03925150294739755,0.029066265060240966,0.45975293883097246,34.6958174904943,52.47148288973384,39.06844106463878,IM m=10 mode des m,droite,0.2,5,uniforme
-0.08179348587111779,0.04543039113047262,0.03151140684410646,-0.05380862607394199,0.038389629134746694,0.027710843373493978,0.46597967326430223,35.551330798479086,52.47148288973384,39.06844106463878,IM m=10 mode des m,droite,0.2,6,uniforme
-0.08370122830351068,0.045954730448615616,0.03236692015209125,-0.05198575575990749,0.039193171237744746,0.030120481927710847,0.4640270464044787,33.07984790874524,53.61216730038023,39.73384030418251,IM m=10 mode des m,droite,0.2,7,uniforme
-0.08473321820261515,0.04531222083865184,0.03151140684410647,-0.06179023273889195,0.03886814009285928,0.02951807228915662,0.46477835724623284,35.93155893536122,52.946768060836504,39.06844106463878,IM m=10 mode des m,droite,0.2,8,uniforme
-0.08112674480405047,0.0444456276453561,0.0317490494296578,-0.05852190070145602,0.03919541414038385,0.02876506024096385,0.4650426124761292,33.55513307984791,51.90114068441065,40.49429657794677,IM m=10 mode des m,droite,0.2,9,uniforme
-0.08695727154099553,0.04671220262504469,0.03350760456273764,-0.051168465236525296,0.0392210335649294,0.029819277108433732,0.47005405155777447,34.50570342205323,52.75665399239544,39.163498098859314,IM m=10 mode des m,droite,0.3,0,uniforme
-0.09071918657995426,0.046693008506892175,0.03407794676806083,-0.05356226448292556,0.04099758668716036,0.030421686746987954,0.4696865389922759,34.50570342205323,51.52091254752852,38.97338403041825,IM m=10 mode des m,droite,0.3,1,uniforme
-0.09265286337511269,0.04646576718936865,0.03355513307984791,-0.06714150737698965,0.03923336995288578,0.030722891566265058,0.4724684616740014,34.125475285171106,51.615969581749056,37.832699619771866,IM m=10 mode des m,droite,0.3,2,uniforme
-0.08719569153414153,0.047149326183502926,0.033602661596958176,-0.060299898092881055,0.04047831311832861,0.03177710843373494,0.47182253579084954,35.17110266159696,51.52091254752852,39.638783269961976,IM m=10 mode des m,droite,0.3,3,uniforme
-0.09016209755733184,0.04639820738925482,0.03388783269961977,-0.05990702312689722,0.03964603956480639,0.030271084337349395,0.47406280602584105,33.65019011406844,51.71102661596958,38.68821292775665,IM m=10 mode des m,droite,0.3,4,uniforme
-0.08929218973942765,0.046581120643377896,0.033602661596958176,-0.05992818037322667,0.04084145413372673,0.03298192771084338,0.4706738194688905,33.840304182509506,52.28136882129277,40.20912547528518,IM m=10 mode des m,droite,0.3,5,uniforme
-0.08927065706828785,0.047267445089485216,0.034268060836501905,-0.05931054587858042,0.04059655783604376,0.03147590361445783,0.4660973932173985,35.07604562737642,51.14068441064639,39.06844106463878,IM m=10 mode des m,droite,0.3,6,uniforme
-0.09344746061055798,0.04698760582055832,0.03388783269961977,-0.0644896523421471,0.03977588413779933,0.031927710843373494,0.4698313904950121,33.26996197718631,52.37642585551331,40.49429657794677,IM m=10 mode des m,droite,0.3,7,uniforme
-0.08777407715792385,0.0461752655293326,0.03322243346007604,-0.05832468495181631,0.039914559776829235,0.033433734939759034,0.47172676954096554,34.60076045627377,52.47148288973384,40.39923954372623,IM m=10 mode des m,droite,0.3,8,uniforme
-0.09076006649427404,0.046608245318625244,0.03488593155893536,-0.0598108159476014,0.04029840639756595,0.031325301204819286,0.46885000229464147,34.31558935361217,51.615969581749056,39.73384030418251,IM m=10 mode des m,droite,0.3,9,uniforme
-0.06755068703757106,0.04113228362072846,0.02723384030418251,-0.039233269812801286,0.03266641415729451,0.025753012048192775,0.452657424387626,33.174904942965775,52.75665399239544,38.68821292775665,B0 segment,droite,0.02,0,concentre
-0.0656321900583231,0.041306032090483,0.02723384030418251,-0.03845721985178552,0.03264322748115625,0.025753012048192768,0.4471043897710403,34.030418250950575,53.041825095057035,38.11787072243346,B0 segment,droite,0.02,1,concentre
-0.06795805480212702,0.041370310411075834,0.026948669201520913,-0.03677243118302187,0.033719204816853816,0.024849397590361446,0.44797737134395793,33.55513307984791,52.851711026615966,38.02281368821293,B0 segment,droite,0.02,2,concentre
-0.06704561238554163,0.04096868261410319,0.02723384030418251,-0.03857217022829018,0.03256972277088784,0.025753012048192775,0.44855739186874205,33.745247148288975,53.041825095057035,38.40304182509506,B0 segment,droite,0.02,3,concentre
-0.06546775289253093,0.04099630439954274,0.026996197718631175,-0.038078516749771585,0.033531728864962494,0.025000000000000005,0.44964829826608144,33.840304182509506,52.566539923954366,38.49809885931559,B0 segment,droite,0.02,4,concentre
-0.06536696020629817,0.04099640030627549,0.026901140684410647,-0.03625152745199933,0.03235743242289984,0.024698795180722898,0.44796114510780355,33.93536121673004,53.2319391634981,38.30798479087453,B0 segment,droite,0.02,5,concentre
-0.06791373380901866,0.04115300435368524,0.027519011406844106,-0.042841274974340204,0.03260716903891774,0.026656626506024093,0.446062921646102,34.125475285171106,52.75665399239544,38.11787072243346,B0 segment,droite,0.02,6,concentre
-0.06751494367077471,0.041421647651898014,0.027186311787072242,-0.03674917631156538,0.03302466942877195,0.02560240963855422,0.45189991030833143,33.93536121673004,52.18631178707225,38.40304182509506,B0 segment,droite,0.02,7,concentre
-0.06578560154097213,0.04080350459843654,0.026948669201520913,-0.03428675942991399,0.032605116067253984,0.024849397590361446,0.4509051460103205,33.26996197718631,52.75665399239544,38.30798479087453,B0 segment,droite,0.02,8,concentre
-0.06844169356775065,0.0410532571918613,0.027281368821292777,-0.03794834301140282,0.03301443042482614,0.025903614457831327,0.45134365875865823,33.460076045627375,53.041825095057035,39.06844106463878,B0 segment,droite,0.02,9,concentre
-0.0624588593538441,0.03928056237821484,0.026948669201520913,-0.03117842941647586,0.027239349945536694,0.024849397590361446,0.45009523238278676,34.030418250950575,52.28136882129277,38.49809885931559,B0 segment,droite,0.05,0,concentre
-0.06551187149348292,0.03931454759013801,0.026948669201520913,-0.030515510181185812,0.028649735000877016,0.024849397590361446,0.4563844078236734,33.174904942965775,53.2319391634981,37.9277566539924,B0 segment,droite,0.05,1,concentre
-0.06381932905555932,0.03936630735069295,0.027186311787072242,-0.03578344699840008,0.028757363923957953,0.02560240963855422,0.45314542933749385,33.460076045627375,52.28136882129277,37.9277566539924,B0 segment,droite,0.05,2,concentre
-0.06554035618944698,0.03978171640864048,0.027043726235741444,-0.03311053261098995,0.029260022867590225,0.02515060240963855,0.44622231438027815,33.93536121673004,52.75665399239544,38.30798479087453,B0 segment,droite,0.05,3,concentre
-0.06421518046652375,0.03968119169093884,0.026711026615969587,-0.03561659208551349,0.028850118342580756,0.024096385542168672,0.4501388462627796,34.125475285171106,52.661596958174904,38.49809885931559,B0 segment,droite,0.05,4,concentre
-0.06331765711842696,0.03952836011280107,0.026996197718631175,-0.03409697821503832,0.028526011192544082,0.025,0.4495330513491426,33.460076045627375,52.566539923954366,37.9277566539924,B0 segment,droite,0.05,5,concentre
-0.0633437620537437,0.03879542852508151,0.026996197718631182,-0.0379803836032816,0.02647012585471751,0.025,0.45060129104738683,33.840304182509506,52.661596958174904,38.59315589353612,B0 segment,droite,0.05,6,concentre
-0.062366877172004065,0.039448483267654905,0.026901140684410647,-0.03277861825516892,0.028538266690063506,0.024698795180722894,0.4551349357730711,33.174904942965775,52.566539923954366,38.68821292775665,B0 segment,droite,0.05,7,concentre
-0.06447142421437335,0.03974903495373959,0.026996197718631175,-0.02414597920645023,0.028975073869977393,0.025,0.44523267797796906,33.840304182509506,53.041825095057035,39.06844106463878,B0 segment,droite,0.05,8,concentre
-0.0646667201411728,0.03948667261388228,0.026948669201520913,-0.03192794011925426,0.028476520117873015,0.02484939759036145,0.4523011507518234,34.125475285171106,53.2319391634981,38.30798479087453,B0 segment,droite,0.05,9,concentre
-0.057939007630730455,0.03684687677408398,0.026711026615969587,-0.020839200225288734,0.021790218740303853,0.024096385542168676,0.45246054817719167,33.174904942965775,52.47148288973384,38.59315589353612,B0 segment,droite,0.1,0,concentre
-0.06035941311158666,0.03692921879525291,0.027233840304182504,-0.02627029306346207,0.021225095103728053,0.025753012048192768,0.45285323070422073,33.65019011406844,51.99619771863118,39.82889733840304,B0 segment,droite,0.1,1,concentre
-0.06124325191084501,0.036587029677927894,0.02704372623574145,-0.025001055193663135,0.01997790132470819,0.025150602409638557,0.44857224291926673,33.840304182509506,52.75665399239544,38.78326996197718,B0 segment,droite,0.1,2,concentre
-0.05818438986755803,0.03680008048988567,0.026996197718631182,-0.02457755127969863,0.021195381495097323,0.025,0.45544495878170954,33.55513307984791,52.37642585551331,38.78326996197718,B0 segment,droite,0.1,3,concentre
-0.06073542408741539,0.03672577298464884,0.02671102661596958,-0.02289427855413506,0.021027780566807167,0.024096385542168676,0.44411752146689937,33.55513307984791,52.37642585551331,37.9277566539924,B0 segment,droite,0.1,4,concentre
-0.057450858768421265,0.03670051219113945,0.026378326996197715,-0.022176031908767824,0.020647552315728096,0.02304216867469879,0.4487899648671452,34.125475285171106,52.37642585551331,38.02281368821293,B0 segment,droite,0.1,5,concentre
-0.05874809649755541,0.03638233964669002,0.027043726235741444,-0.025026347221246414,0.020146314419231683,0.025150602409638557,0.456864272344642,33.840304182509506,52.37642585551331,39.638783269961976,B0 segment,droite,0.1,6,concentre
-0.057694055261849564,0.03651347584739024,0.02647338403041825,-0.02377090441299845,0.020106783116321886,0.023343373493975902,0.44272802803959543,34.50570342205323,53.041825095057035,38.78326996197718,B0 segment,droite,0.1,7,concentre
-0.05638926541261924,0.03660991734011504,0.027091254752851714,-0.02262060800811805,0.019190571278810978,0.025301204819277105,0.4539256493374251,34.98098859315589,53.041825095057035,38.49809885931559,B0 segment,droite,0.1,8,concentre
-0.05792907559076965,0.036974677355708904,0.02647338403041825,-0.025763880132812056,0.02124923730893801,0.023343373493975906,0.4575389628174805,33.55513307984791,53.041825095057035,38.30798479087453,B0 segment,droite,0.1,9,concentre
-0.047766236949952745,0.03151723795013148,0.026330798479087453,0.0014722584444537556,0.0079592552868753,0.02289156626506024,0.4453984484707588,33.55513307984791,52.75665399239544,39.258555133079845,B0 segment,droite,0.2,0,concentre
-0.04970291831191154,0.031491150426424114,0.026188212927756648,-0.006612991920587841,0.007781968561486073,0.02243975903614458,0.443403072785801,33.93536121673004,53.2319391634981,38.21292775665399,B0 segment,droite,0.2,1,concentre
-0.04869907565902076,0.031007646766996518,0.025998098859315588,-0.0012840955592873238,0.007761774286187149,0.021837349397590362,0.44373798233097883,34.22053231939163,53.99239543726235,36.50190114068441,B0 segment,droite,0.2,2,concentre
-0.04842909587637678,0.031135278323046193,0.02628326996197719,-0.010536036603282506,0.008657126106958006,0.022740963855421688,0.4546568816409243,32.88973384030418,53.326996197718636,38.87832699619772,B0 segment,droite,0.2,3,concentre
-0.04966892751848673,0.031753242361041066,0.026045627376425858,-0.00886102697753044,0.00890333643048808,0.021987951807228918,0.4375530797232159,33.365019011406844,53.136882129277566,37.3574144486692,B0 segment,droite,0.2,4,concentre
-0.049908863005863835,0.031764421597885256,0.026045627376425858,-0.006763882834362245,0.007996866076595902,0.021987951807228918,0.4517725523541436,33.93536121673004,52.566539923954366,38.40304182509506,B0 segment,droite,0.2,5,concentre
-0.050378726833199106,0.031325116372245415,0.02671102661596958,-0.004571282095099827,0.007417082988347659,0.024096385542168676,0.45330153768458153,34.22053231939163,53.2319391634981,38.59315589353612,B0 segment,droite,0.2,6,concentre
-0.04733617175855942,0.03156234550912014,0.025903041825095053,-0.0014170864142100115,0.009033977733568524,0.021536144578313255,0.44935497398380114,34.030418250950575,53.041825095057035,39.06844106463878,B0 segment,droite,0.2,7,concentre
-0.04904281294914048,0.03160436843818051,0.026188212927756655,-0.003716844061496971,0.008319866461231284,0.022439759036144577,0.44711188238254257,33.365019011406844,52.661596958174904,37.547528517110266,B0 segment,droite,0.2,8,concentre
-0.047583380592144064,0.03137393862331307,0.025998098859315588,-0.0035093653545303916,0.008026049844080368,0.021837349397590362,0.45415672724542844,32.79467680608365,52.18631178707225,39.353612167300376,B0 segment,droite,0.2,9,concentre
-0.042612922372720186,0.02660278037070503,0.02576045627376426,0.006145667796419563,0.0004749743428992745,0.02108433734939759,0.44383366783979356,33.365019011406844,53.2319391634981,38.97338403041825,B0 segment,droite,0.3,0,concentre
-0.042271617628164115,0.02618483713423597,0.02576045627376426,0.005518467813642403,0.000865781193084357,0.02108433734939759,0.45664603973795365,33.174904942965775,53.5171102661597,38.68821292775665,B0 segment,droite,0.3,1,concentre
-0.0434703848346486,0.026021680028885323,0.02552281368821293,2.7979071654637977e-05,0.0009348838853975236,0.020331325301204822,0.4507850551057928,34.31558935361217,52.47148288973384,39.92395437262358,B0 segment,droite,0.3,2,concentre
-0.038424889992826894,0.02600588740186052,0.02585551330798479,0.011355631322381488,-0.0007141260614708655,0.0213855421686747,0.441495651449509,34.125475285171106,52.661596958174904,37.452471482889734,B0 segment,droite,0.3,3,concentre
-0.04331117297323195,0.026229137804247536,0.025427756653992394,0.005059116191966639,0.0011516567954918955,0.02003012048192771,0.46168299023127757,34.4106463878327,52.566539923954366,38.59315589353612,B0 segment,droite,0.3,4,concentre
-0.04143018385479924,0.02638255993154716,0.0254277566539924,0.003374388392104022,0.00012624151094307173,0.02003012048192771,0.44468707576966343,34.50570342205323,53.61216730038023,38.02281368821293,B0 segment,droite,0.3,5,concentre
-0.03998969531405139,0.02636145269182039,0.025903041825095056,0.004987073167285638,0.0003936027619648036,0.021536144578313255,0.45329124605752663,33.174904942965775,51.90114068441065,38.97338403041825,B0 segment,droite,0.3,6,concentre
-0.04518953550453819,0.026090413202545886,0.02580798479087452,0.0005642385600632682,4.0132043247737004e-05,0.021234939759036144,0.4560000249959108,34.22053231939163,52.946768060836504,38.78326996197718,B0 segment,droite,0.3,7,concentre
-0.04110308179368638,0.026774996714394133,0.02576045627376426,0.0017933547029669317,0.00035231822425241255,0.021084337349397592,0.44979199511541057,33.174904942965775,52.661596958174904,39.163498098859314,B0 segment,droite,0.3,8,concentre
-0.03988727162095074,0.02608365208081811,0.02552281368821293,0.005104330266995971,0.0001122789419915407,0.02033132530120482,0.4501817535676776,33.460076045627375,53.89733840304183,38.68821292775665,B0 segment,droite,0.3,9,concentre
-0.0655259077054704,0.041080428001119815,0.026948669201520913,-0.05917864802605444,0.040718728045376934,0.03405275779376499,0.44970563386295476,33.65019011406844,52.851711026615966,39.353612167300376,B0 segment,gauche,0.02,0,concentre
-0.07085323941563881,0.041114332771622256,0.026853612167300377,-0.06456468351422007,0.0418690925548173,0.03381294964028776,0.4471570481116516,33.365019011406844,52.75665399239544,38.59315589353612,B0 segment,gauche,0.02,1,concentre
-0.06576947656153509,0.04001540619722736,0.026996197718631175,-0.055402072692478765,0.038321768444143846,0.03417266187050359,0.4562937317064208,32.88973384030418,52.566539923954366,39.06844106463878,B0 segment,gauche,0.02,2,concentre
-0.06434480316734803,0.04033230097549878,0.026901140684410647,-0.05900272566939224,0.03933499697670451,0.03393285371702638,0.4546735254340677,33.840304182509506,52.75665399239544,38.78326996197718,B0 segment,gauche,0.02,3,concentre
-0.06566207117665923,0.04104571609488841,0.026996197718631182,-0.05929776174817014,0.04133238589418901,0.03417266187050359,0.4477071738068691,33.745247148288975,52.851711026615966,38.68821292775665,B0 segment,gauche,0.02,4,concentre
-0.06452770561611187,0.041123123185471774,0.026711026615969587,-0.05873605947955396,0.04135300483837357,0.03345323741007193,0.4485487054831118,34.125475285171106,52.946768060836504,38.78326996197718,B0 segment,gauche,0.02,5,concentre
-0.06523543111063523,0.04150035461006844,0.02671102661596958,-0.061028632025450724,0.04273214537234205,0.03345323741007193,0.44489811881381125,33.745247148288975,52.28136882129277,38.78326996197718,B0 segment,gauche,0.02,6,concentre
-0.06702894674910698,0.04093845437182239,0.026901140684410647,-0.06110473955138285,0.04176657714153543,0.03393285371702638,0.4530610199608462,33.93536121673004,52.661596958174904,38.59315589353612,B0 segment,gauche,0.02,7,concentre
-0.064749895633744,0.04102111924040065,0.026996197718631175,-0.05719873867401115,0.04125302091087893,0.03417266187050359,0.4519211564557664,33.745247148288975,52.851711026615966,38.49809885931559,B0 segment,gauche,0.02,8,concentre
-0.0670354667492552,0.04111265243778327,0.026901140684410647,-0.06333566979223149,0.04174269568946944,0.03393285371702638,0.4499180052057458,33.745247148288975,52.851711026615966,38.97338403041825,B0 segment,gauche,0.02,9,concentre
-0.06536454849498308,0.03961393623535135,0.027091254752851714,-0.053515718742500495,0.036749410122032665,0.03441247002398082,0.44862373931254423,33.460076045627375,52.75665399239544,39.258555133079845,B0 segment,gauche,0.05,0,concentre
-0.06290046988466469,0.03917535072831696,0.026996197718631182,-0.051204338810017624,0.0354087756918321,0.03417266187050359,0.45509355708217686,32.98479087452472,53.041825095057035,37.832699619771866,B0 segment,gauche,0.05,1,concentre
-0.06284491978609619,0.03881067719104761,0.02633079847908746,-0.053112232636385426,0.03416157448963601,0.032494004796163066,0.4577062304896781,32.69961977186312,52.566539923954366,38.59315589353612,B0 segment,gauche,0.05,2,concentre
-0.06224230594400926,0.04018171935620034,0.026806083650190115,-0.05413075188966998,0.038466681587186115,0.033693045563549164,0.44984474591329465,33.745247148288975,53.136882129277566,38.49809885931559,B0 segment,gauche,0.05,3,concentre
-0.06097521776863479,0.03931660961643259,0.026615969581749048,-0.04702160885175444,0.03533263988266285,0.03321342925659472,0.44969827201920864,33.55513307984791,53.136882129277566,38.40304182509506,B0 segment,gauche,0.05,4,concentre
-0.0641724956683567,0.03968640815717668,0.026425855513307984,-0.053493797052274195,0.03704090300065433,0.032733812949640284,0.4474758129808071,33.93536121673004,52.851711026615966,38.97338403041825,B0 segment,gauche,0.05,5,concentre
-0.06643744276096997,0.039644849323335146,0.027138783269961976,-0.05712567648827416,0.036386466650271516,0.034532374100719423,0.452463928968488,33.365019011406844,52.661596958174904,38.87832699619772,B0 segment,gauche,0.05,6,concentre
-0.06243175541139434,0.03943292933718974,0.026996197718631175,-0.04825379898693671,0.036072333905864166,0.03417266187050359,0.45291383571898525,32.98479087452472,52.946768060836504,38.49809885931559,B0 segment,gauche,0.05,7,concentre
-0.06379013991743099,0.038969784733637894,0.027091254752851714,-0.05588870232669707,0.034607212437697474,0.034412470023980825,0.4523094911403466,33.745247148288975,52.75665399239544,38.59315589353612,B0 segment,gauche,0.05,8,concentre
-0.06307689846586995,0.03963060254265273,0.026330798479087453,-0.05038022813688203,0.037226425371065,0.03249400479616306,0.44872689282254047,33.55513307984791,52.75665399239544,38.78326996197718,B0 segment,gauche,0.05,9,concentre
-0.060304879997443384,0.03663565787920128,0.026425855513307984,-0.04614694749614223,0.028582758557052765,0.03273381294964029,0.4460659505032396,34.030418250950575,52.28136882129277,38.21292775665399,B0 segment,gauche,0.1,0,concentre
-0.058605127548570835,0.037682065179075214,0.026188212927756655,-0.04332755632582319,0.03167538272684452,0.03213429256594724,0.44583942241734065,32.69961977186312,52.47148288973384,38.68821292775665,B0 segment,gauche,0.1,1,concentre
-0.057822671397726566,0.03680819535584775,0.027091254752851714,-0.04443395590317589,0.02938940373465635,0.03441247002398082,0.4541736879017811,33.93536121673004,52.851711026615966,40.11406844106464,B0 segment,gauche,0.1,2,concentre
-0.05819152700485708,0.036098060771765056,0.026615969581749048,-0.0335961188599152,0.027215247195012483,0.03321342925659473,0.45504129065646787,33.26996197718631,53.041825095057035,38.21292775665399,B0 segment,gauche,0.1,3,concentre
-0.06112720315522824,0.036913062605861205,0.02652091254752852,-0.040730505827225816,0.029762223240845043,0.0329736211031175,0.45399217662724956,33.745247148288975,52.47148288973384,38.78326996197718,B0 segment,gauche,0.1,4,concentre
-0.058699759532806706,0.037019370330221985,0.026663498098859317,-0.032900596475128996,0.028957569959845192,0.03333333333333333,0.4537279559008702,34.31558935361217,52.661596958174904,39.353612167300376,B0 segment,gauche,0.1,5,concentre
-0.05693180601648662,0.03707245293686645,0.027043726235741444,-0.037218060173871303,0.02918194941215209,0.034292565947242205,0.45450884176239587,33.460076045627375,53.2319391634981,38.97338403041825,B0 segment,gauche,0.1,6,concentre
-0.05631080471619099,0.03682847733796549,0.02585551330798479,-0.0411411532417294,0.029482221511104238,0.031294964028776975,0.4603839267485431,33.93536121673004,53.136882129277566,39.163498098859314,B0 segment,gauche,0.1,7,concentre
-0.05620936019908496,0.03681404500466269,0.025998098859315588,-0.034510305160568855,0.028893101361661643,0.031654676258992806,0.45189594220513646,33.65019011406844,52.37642585551331,38.02281368821293,B0 segment,gauche,0.1,8,concentre
-0.057236404291000076,0.03778844142816523,0.026045627376425858,-0.042175083732842955,0.03276683405723251,0.03177458033573142,0.4421272147855426,34.6958174904943,52.661596958174904,39.82889733840304,B0 segment,gauche,0.1,9,concentre
-0.049642588311917146,0.0322484546929319,0.025237642585551334,-0.02045038593140769,0.016815744339208363,0.029736211031175058,0.44223450715766854,33.93536121673004,52.37642585551331,38.97338403041825,B0 segment,gauche,0.2,0,concentre
-0.053054688125550475,0.03246855030395221,0.025522813688212926,-0.02791696492483886,0.0172928854706208,0.030455635491606715,0.45103760012576166,33.460076045627375,53.89733840304183,37.26235741444867,B0 segment,gauche,0.2,1,concentre
-0.048680867486412094,0.03174062470160298,0.026093155893536123,-0.01207785006153883,0.012700323621301024,0.03189448441247002,0.4595844254783088,32.60456273764258,53.99239543726235,37.452471482889734,B0 segment,gauche,0.2,2,concentre
-0.049664688363721954,0.03149476535022644,0.02580798479087452,-0.014974684054311682,0.014065601733851449,0.03117505995203837,0.45534564834146407,34.6958174904943,52.851711026615966,40.11406844106464,B0 segment,gauche,0.2,3,concentre
-0.04764349193108519,0.0326235560363784,0.0248574144486692,-0.021249502586550006,0.01623328612982875,0.028776978417266192,0.44738416492966504,33.26996197718631,52.18631178707225,38.59315589353612,B0 segment,gauche,0.2,4,concentre
-0.047550855744414755,0.03246627278084244,0.02595057034220532,-0.017877540177978712,0.01608535887542254,0.031534772182254193,0.4461953150247653,33.93536121673004,52.75665399239544,37.452471482889734,B0 segment,gauche,0.2,5,concentre
-0.04813454475159473,0.032167213455146615,0.02566539923954373,-0.02124864263402737,0.015149281128957304,0.03081534772182255,0.4548267891903297,33.55513307984791,51.80608365019012,38.59315589353612,B0 segment,gauche,0.2,6,concentre
-0.05013497260457034,0.03241694762013565,0.02652091254752852,-0.019778099372889324,0.017318911148162558,0.03297362110311751,0.44918460242615127,34.88593155893536,52.566539923954366,40.01901140684411,B0 segment,gauche,0.2,7,concentre
-0.050640020968509614,0.032970078430672206,0.025903041825095063,-0.02314876054922077,0.019259327826503074,0.03141486810551558,0.4470351195672116,33.365019011406844,52.09125475285171,39.258555133079845,B0 segment,gauche,0.2,8,concentre
-0.050720608989436755,0.03214461252027137,0.02580798479087452,-0.01823439633705526,0.01524141417494499,0.031175059952038363,0.4507905381251712,32.60456273764258,52.28136882129277,39.353612167300376,B0 segment,gauche,0.2,9,concentre
-0.03962305477351791,0.02736337801799015,0.024714828897338403,-0.0012083870025362264,0.004422078462154713,0.028417266187050354,0.45112008907742396,33.65019011406844,52.661596958174904,38.02281368821293,B0 segment,gauche,0.3,0,concentre
-0.04234788313925897,0.027170807680705743,0.025712927756653993,-0.0040254237288136485,0.005355456076731074,0.030935251798561148,0.4464404083126616,33.93536121673004,52.37642585551331,38.21292775665399,B0 segment,gauche,0.3,1,concentre
-0.03881978407803688,0.027481810807808198,0.02533269961977186,0.0028149190710766714,0.0035259262489945598,0.029976019184652276,0.454847836459724,32.79467680608365,52.661596958174904,38.78326996197718,B0 segment,gauche,0.3,2,concentre
-0.04165664919619838,0.02741114716348345,0.024239543726235744,0.0006822103615713448,0.005169333455488451,0.027218225419664267,0.4482850930781769,34.60076045627377,52.28136882129277,39.73384030418251,B0 segment,gauche,0.3,3,concentre
-0.04237238218143069,0.02696652497299434,0.02576045627376426,0.00179677652927146,0.003851785847101219,0.031055155875299757,0.45695593598759493,34.60076045627377,52.75665399239544,40.874524714828894,B0 segment,gauche,0.3,4,concentre
-0.0453246787794952,0.02811125157307518,0.025332699619771866,-0.01046767955436445,0.00590807986410178,0.029976019184652276,0.44250442158352943,31.93916349809886,52.851711026615966,38.11787072243346,B0 segment,gauche,0.3,5,concentre
-0.040749726259741936,0.027321879110701806,0.025475285171102664,-0.005818875734078799,0.004771348858190527,0.030335731414868106,0.45370157739985245,32.129277566539926,52.18631178707225,40.20912547528518,B0 segment,gauche,0.3,6,concentre
-0.03904154688679384,0.02750805622229747,0.025285171102661597,-0.008676933707163381,0.0046609865311034795,0.029856115107913667,0.4517930485112444,33.07984790874524,52.946768060836504,38.97338403041825,B0 segment,gauche,0.3,7,concentre
-0.0424628450106157,0.02777704834809094,0.025285171102661597,-0.004193936156003719,0.006141142679175211,0.029856115107913674,0.44459810390256105,34.22053231939163,53.041825095057035,37.832699619771866,B0 segment,gauche,0.3,8,concentre
-0.04223251056212329,0.02733258811760432,0.024904942965779466,-0.011822322862634849,0.004846259391709393,0.028896882494004794,0.44794571167115343,33.840304182509506,52.09125475285171,38.02281368821293,B0 segment,gauche,0.3,9,concentre
-0.0683880754870172,0.040902241196623695,0.027043726235741444,-0.038832083936934825,0.033973347647984695,0.025301204819277105,0.4549896725987554,33.745247148288975,52.566539923954366,38.68821292775665,B0 segment,droite,0.02,0,uniforme
-0.0675141288163813,0.040822440725717946,0.02723384030418251,-0.039777045857613325,0.03495760823514296,0.025753012048192775,0.4518687779383612,33.93536121673004,52.37642585551331,38.78326996197718,B0 segment,droite,0.02,1,uniforme
-0.06818946323022934,0.041271649769534555,0.026901140684410647,-0.0429530578419528,0.03543801574480131,0.02560240963855422,0.4480463786285897,33.365019011406844,52.75665399239544,38.97338403041825,B0 segment,droite,0.02,2,uniforme
-0.06643255569949569,0.04133988097029284,0.02671102661596958,-0.04013485987216414,0.03478573137344803,0.025150602409638557,0.44881759436468316,33.745247148288975,53.136882129277566,38.21292775665399,B0 segment,droite,0.02,3,uniforme
-0.06750080205325637,0.04111298081863396,0.02723384030418251,-0.041317660308298754,0.03447964584425473,0.025753012048192775,0.4493324658296806,33.745247148288975,52.75665399239544,38.40304182509506,B0 segment,droite,0.02,4,uniforme
-0.06940317219818504,0.04135633774473589,0.02694866920152091,-0.044317720082386436,0.03497309992831353,0.02560240963855422,0.4492791562334487,33.93536121673004,52.566539923954366,38.78326996197718,B0 segment,droite,0.02,5,uniforme
-0.06738112045177447,0.04130074181316605,0.026663498098859317,-0.04026996625421819,0.03557508612921153,0.025301204819277112,0.4503874093421064,33.460076045627375,52.851711026615966,38.68821292775665,B0 segment,droite,0.02,6,uniforme
-0.06786097713397554,0.040896211258858284,0.026901140684410647,-0.03905425374709737,0.03493283856842631,0.025150602409638557,0.44926853708641584,33.55513307984791,53.2319391634981,38.68821292775665,B0 segment,droite,0.02,7,uniforme
-0.06601851406202386,0.04107054765003816,0.027423954372623578,-0.04337829122620074,0.03499586481247603,0.02590361445783133,0.4480435439331887,33.460076045627375,52.75665399239544,38.78326996197718,B0 segment,droite,0.02,8,uniforme
-0.06671228921846428,0.04129471929782727,0.027423954372623578,-0.04338559048714152,0.034989791829750296,0.025753012048192775,0.44854453473044925,33.840304182509506,52.75665399239544,38.68821292775665,B0 segment,droite,0.02,9,uniforme
-0.06292271692790974,0.03944497824554208,0.026711026615969587,-0.04008063725833322,0.03366611375006937,0.024849397590361446,0.44784000650495526,33.365019011406844,53.041825095057035,39.163498098859314,B0 segment,droite,0.05,0,uniforme
-0.06476574940485369,0.0401024360802639,0.026996197718631175,-0.039851818590031396,0.034515702694136445,0.025301204819277112,0.4480169117451067,33.745247148288975,52.566539923954366,38.78326996197718,B0 segment,droite,0.05,1,uniforme
-0.06069426015494572,0.03926047430074439,0.02694866920152091,-0.03745921496688198,0.03316225727788555,0.025301204819277112,0.45024008242487223,33.07984790874524,53.2319391634981,38.49809885931559,B0 segment,droite,0.05,2,uniforme
-0.05967299391877812,0.039055341025841725,0.027043726235741444,-0.039163610303107,0.03368476145421836,0.025301204819277112,0.44783465662867866,33.07984790874524,53.2319391634981,39.163498098859314,B0 segment,droite,0.05,3,uniforme
-0.062034340150942224,0.03915338366571805,0.026948669201520913,-0.04121237634182284,0.0333387826189711,0.02560240963855422,0.449791645234981,32.98479087452472,52.28136882129277,38.49809885931559,B0 segment,droite,0.05,4,uniforme
-0.061816549261899834,0.03944723671895825,0.026996197718631175,-0.03658262044124261,0.03310115554225948,0.025301204819277105,0.4489961562285669,33.460076045627375,52.566539923954366,38.49809885931559,B0 segment,droite,0.05,5,uniforme
-0.062209473768865875,0.03949332342788417,0.026996197718631175,-0.038411715009856406,0.03360063153500147,0.025301204819277112,0.45123260951066774,33.65019011406844,52.75665399239544,38.21292775665399,B0 segment,droite,0.05,6,uniforme
-0.06271489626067117,0.03970802783682169,0.026663498098859317,-0.03757919728024961,0.032951879707366495,0.025753012048192775,0.451929199385723,33.365019011406844,53.136882129277566,39.258555133079845,B0 segment,droite,0.05,7,uniforme
-0.06097423601165086,0.03971509411709548,0.02723384030418251,-0.035126559966156656,0.03321937832208518,0.02560240963855422,0.4475086459314841,33.840304182509506,53.326996197718636,37.9277566539924,B0 segment,droite,0.05,8,uniforme
-0.06425504508372704,0.03947450879009891,0.027043726235741444,-0.03930474891367031,0.03388249148487613,0.025301204819277112,0.4520362552512912,33.26996197718631,52.28136882129277,39.258555133079845,B0 segment,droite,0.05,9,uniforme
-0.055909389889785555,0.036963089832826666,0.026615969581749048,-0.03223359878649967,0.031121515940628397,0.024246987951807228,0.4512108996288586,33.65019011406844,53.61216730038023,38.40304182509506,B0 segment,droite,0.1,0,uniforme
-0.05495200475932682,0.037448962131044095,0.026568441064638786,-0.032803994020252136,0.031160830396532134,0.025903614457831327,0.4419430475781852,34.4106463878327,52.566539923954366,38.59315589353612,B0 segment,droite,0.1,1,uniforme
-0.05761552848621909,0.036697574801156416,0.027186311787072242,-0.03694418231242691,0.02971769350510009,0.02590361445783133,0.45224788469444893,34.22053231939163,53.136882129277566,38.68821292775665,B0 segment,droite,0.1,2,uniforme
-0.05517067977681378,0.03671629484871759,0.02652091254752852,-0.03422459893048124,0.03206070217933015,0.024849397590361446,0.451517886232704,33.26996197718631,52.09125475285171,38.49809885931559,B0 segment,droite,0.1,3,uniforme
-0.057023242384870776,0.037083680000879,0.02647338403041825,-0.036081028000673476,0.030962495776045963,0.02454819277108434,0.44705737000952767,33.840304182509506,52.75665399239544,37.73764258555133,B0 segment,droite,0.1,4,uniforme
-0.05641047508888253,0.036626397013093455,0.026473384030418257,-0.02877697841726623,0.030151233833561462,0.025301204819277112,0.4508400551311866,33.460076045627375,52.75665399239544,38.68821292775665,B0 segment,droite,0.1,5,uniforme
-0.059640014588205004,0.03654270109685401,0.02671102661596958,-0.0356659142212189,0.030738106942071623,0.025753012048192775,0.4537793042197272,34.22053231939163,52.661596958174904,38.68821292775665,B0 segment,droite,0.1,6,uniforme
-0.05480158048445283,0.03656693919759865,0.026663498098859317,-0.03244854347092563,0.028784525289382495,0.025301204819277105,0.45561701200682697,32.98479087452472,51.99619771863118,38.68821292775665,B0 segment,droite,0.1,7,uniforme
-0.059497637617514365,0.036559774427446685,0.026711026615969587,-0.035198033092650904,0.029404475860562704,0.024849397590361446,0.44913998829248736,33.93536121673004,52.661596958174904,37.6425855513308,B0 segment,droite,0.1,8,uniforme
-0.05662275397836114,0.036912598570685566,0.02628326996197719,-0.03551307565097961,0.03066526409075864,0.02560240963855422,0.4468929812618279,33.365019011406844,52.47148288973384,38.97338403041825,B0 segment,droite,0.1,9,uniforme
-0.04734647766091937,0.030937026066215605,0.02576045627376426,-0.035601521168661665,0.027787953567090233,0.024246987951807228,0.4612456763349198,34.4106463878327,55.13307984790875,39.353612167300376,B0 segment,droite,0.2,0,uniforme
-0.048070167968833455,0.031464772094451074,0.02566539923954373,-0.0317696211760089,0.026699987906161862,0.024849397590361446,0.4512646200807189,33.174904942965775,52.37642585551331,40.20912547528518,B0 segment,droite,0.2,1,uniforme
-0.05693053449785379,0.031965532413465586,0.025712927756653993,-0.03225535371643873,0.02678442915638863,0.025150602409638557,0.4449369539351357,32.414448669201526,52.851711026615966,38.78326996197718,B0 segment,droite,0.2,2,uniforme
-0.048083400160384926,0.031654872023386266,0.026283269961977183,-0.02813758648273157,0.025881376142932115,0.02454819277108434,0.4457726815037084,33.174904942965775,52.851711026615966,38.02281368821293,B0 segment,droite,0.2,3,uniforme
-0.05178314409083662,0.03192042093886227,0.02561787072243346,-0.02638153715858571,0.026797837445694632,0.023644578313253013,0.44418699981276893,34.030418250950575,52.75665399239544,39.638783269961976,B0 segment,droite,0.2,4,uniforme
-0.045725517996970666,0.03085087209922287,0.026663498098859317,-0.03425609910251559,0.028197491658139846,0.02515060240963855,0.45126804440878615,33.65019011406844,52.661596958174904,39.258555133079845,B0 segment,droite,0.2,5,uniforme
-0.05271589379926089,0.031514243427260724,0.025665399239543724,-0.029933559017291445,0.024828989399557348,0.023945783132530124,0.454978807721805,33.840304182509506,53.80228136882129,38.21292775665399,B0 segment,droite,0.2,6,uniforme
-0.04851230013284469,0.03154410705005553,0.025760456273764255,-0.02967546407374666,0.025709295943327846,0.024096385542168676,0.4465650042981026,33.460076045627375,52.566539923954366,39.353612167300376,B0 segment,droite,0.2,7,uniforme
-0.05194902468514928,0.031624331682463355,0.026378326996197722,-0.02908906768694053,0.025303706062671037,0.02484939759036145,0.4481141527279165,34.125475285171106,51.71102661596958,37.832699619771866,B0 segment,droite,0.2,8,uniforme
-0.04929090372912259,0.03184266695961621,0.025998098859315588,-0.03159793669137756,0.027525905116602224,0.02394578313253012,0.45795795680309714,33.460076045627375,54.27756653992395,37.6425855513308,B0 segment,droite,0.2,9,uniforme
-0.03859426227301843,0.02622682577701911,0.025998098859315588,-0.022672878931641383,0.01905254467473487,0.025602409638554213,0.44514343730323414,32.129277566539926,51.99619771863118,39.06844106463878,B0 segment,droite,0.3,0,uniforme
-0.038274517355928794,0.02506362966126275,0.025,-0.01856853477380127,0.0204988173742794,0.023795180722891572,0.44933442446258764,33.26996197718631,53.2319391634981,37.0722433460076,B0 segment,droite,0.3,1,uniforme
-0.03999486765499949,0.026002819667761273,0.024904942965779466,-0.023138267999550877,0.019640381083365063,0.02379518072289157,0.4445223846044118,33.55513307984791,53.5171102661597,38.40304182509506,B0 segment,droite,0.3,2,uniforme
-0.04070028430345651,0.026621316628447855,0.025190114068441065,-0.025903817997522283,0.022916179798588128,0.024698795180722898,0.45591173264080476,34.98098859315589,52.28136882129277,39.06844106463878,B0 segment,droite,0.3,3,uniforme
-0.03513731391411867,0.026159721670629226,0.02585551330798479,-0.019157304960525146,0.021332167331960715,0.024849397590361446,0.4415213291798991,32.03422053231939,50.950570342205324,40.20912547528518,B0 segment,droite,0.3,4,uniforme
-0.039145907473309594,0.025582501761498583,0.024144486692015205,-0.01864406779661021,0.020387361650639223,0.022891566265060243,0.44116165395652474,32.414448669201526,52.47148288973384,39.638783269961976,B0 segment,droite,0.3,5,uniforme
-0.039725580923172354,0.025940702286996565,0.02538022813688213,-0.025347275977087524,0.021312439491252784,0.02620481927710843,0.4442501238052676,34.79087452471482,52.18631178707225,38.97338403041825,B0 segment,droite,0.3,6,uniforme
-0.0406040807583139,0.02571509443171772,0.025427756653992394,-0.03017186863221799,0.022803623394451293,0.02454819277108434,0.4444330658614541,33.365019011406844,53.2319391634981,38.59315589353612,B0 segment,droite,0.3,7,uniforme
-0.04131525112301648,0.026697131046550835,0.02509505703422053,-0.02756694224203604,0.023782019079058976,0.024246987951807228,0.45486508792538466,34.88593155893536,52.851711026615966,38.21292775665399,B0 segment,droite,0.3,8,uniforme
-0.0359746661774325,0.026806881866504314,0.024714828897338406,-0.01854703148616399,0.01956836559414936,0.02379518072289157,0.44557988204183646,32.31939163498099,51.71102661596958,38.40304182509506,B0 segment,droite,0.3,9,uniforme
-0.06780387450711489,0.04225202551172451,0.027281368821292777,-0.041365133894630146,0.03633121053360643,0.025903614457831327,0.4504495633733246,33.55513307984791,52.566539923954366,38.78326996197718,humains vague 2,droite,0.02,0,concentre
-0.06878906646847138,0.042349357267020174,0.027043726235741444,-0.04334886854960973,0.03660368149670888,0.02515060240963855,0.4509289012667341,33.460076045627375,52.75665399239544,38.59315589353612,humains vague 2,droite,0.02,1,concentre
-0.06989255920452175,0.04223617693337621,0.02723384030418251,-0.03815439219165939,0.035643094184985465,0.025753012048192768,0.4506528169209041,33.840304182509506,52.75665399239544,38.78326996197718,humains vague 2,droite,0.02,2,concentre
-0.0679106793207862,0.04222310158076517,0.02723384030418251,-0.041590050952374336,0.03592573310347288,0.025753012048192768,0.4523443780888963,33.460076045627375,52.661596958174904,38.68821292775665,humains vague 2,droite,0.02,3,concentre
-0.06980470064245325,0.04221727931693091,0.027281368821292774,-0.042380979146759534,0.03635969426172446,0.02590361445783133,0.4522974708599652,33.65019011406844,52.851711026615966,38.59315589353612,humains vague 2,droite,0.02,4,concentre
-0.07163305452044721,0.042169138400632175,0.027186311787072242,-0.041139774068453816,0.03550050162537826,0.02560240963855422,0.45067453829179965,33.745247148288975,52.75665399239544,38.68821292775665,humains vague 2,droite,0.02,5,concentre
-0.06979077175925674,0.04233485245090894,0.027281368821292777,-0.04233650366130792,0.036573840625599895,0.025903614457831327,0.4503966365080816,33.26996197718631,52.851711026615966,38.59315589353612,humains vague 2,droite,0.02,6,concentre
-0.06811770310852261,0.042153805598236324,0.02713878326996198,-0.04442821837789246,0.03559979443587663,0.025451807228915664,0.45239678039954473,33.745247148288975,52.661596958174904,38.87832699619772,humains vague 2,droite,0.02,7,concentre
-0.06992001966116546,0.04208201522652506,0.027281368821292777,-0.04131719673515344,0.03589273109310028,0.025903614457831327,0.45093195247396095,33.55513307984791,52.75665399239544,38.87832699619772,humains vague 2,droite,0.02,8,concentre
-0.07009652478750161,0.04231646093368756,0.027186311787072242,-0.041423611599173626,0.036404147361979174,0.02560240963855422,0.45196989353929495,33.65019011406844,52.566539923954366,38.68821292775665,humains vague 2,droite,0.02,9,concentre
-0.06847087768091131,0.042330859874107174,0.027281368821292774,-0.04638322916958615,0.03628933417359279,0.02590361445783133,0.4525683298891267,33.745247148288975,52.661596958174904,38.87832699619772,humains vague 2,droite,0.05,0,concentre
-0.07003745718036014,0.042134318288863326,0.027138783269961976,-0.04139177207211009,0.0356210861465785,0.025451807228915664,0.45161383206834643,33.65019011406844,52.661596958174904,38.78326996197718,humains vague 2,droite,0.05,1,concentre
-0.06812636445357667,0.04227785111255433,0.027281368821292774,-0.04495828900957388,0.03625969741533712,0.025903614457831327,0.4504759216664085,33.93536121673004,52.47148288973384,38.78326996197718,humains vague 2,droite,0.05,2,concentre
-0.07028841066857638,0.04250091021733507,0.027091254752851714,-0.04040517726505355,0.03625984741448422,0.025301204819277105,0.4520589628391396,33.365019011406844,52.851711026615966,38.87832699619772,humains vague 2,droite,0.05,3,concentre
-0.06853510824573905,0.0423614768732489,0.027281368821292774,-0.04094388650888403,0.03606415330355322,0.025903614457831327,0.45436199822144496,33.745247148288975,52.661596958174904,39.163498098859314,humains vague 2,droite,0.05,4,concentre
-0.07138062206310125,0.04238010259276903,0.027281368821292774,-0.04009437274425276,0.0367075299445016,0.025903614457831327,0.45278563024829305,33.174904942965775,52.661596958174904,38.49809885931559,humains vague 2,droite,0.05,5,concentre
-0.06629110791613013,0.04244065702073413,0.026901140684410647,-0.03995953464845736,0.03653221556969701,0.02469879518072289,0.449942336934362,33.65019011406844,52.37642585551331,38.87832699619772,humains vague 2,droite,0.05,6,concentre
-0.0708216505506456,0.04186204366837641,0.027091254752851714,-0.04538552387379802,0.03545612798129994,0.025301204819277112,0.4528993074227681,33.65019011406844,52.661596958174904,39.06844106463878,humains vague 2,droite,0.05,7,concentre
-0.06932364568864191,0.042443817128251446,0.027091254752851707,-0.03928385434993731,0.03626670727273132,0.025301204819277112,0.4538704648773683,33.65019011406844,52.661596958174904,38.02281368821293,humains vague 2,droite,0.05,8,concentre
-0.06708346961645884,0.04222110588530967,0.027281368821292777,-0.04267098682820314,0.03593732987159881,0.025903614457831327,0.4525144198102511,33.93536121673004,52.18631178707225,38.49809885931559,humains vague 2,droite,0.05,9,concentre
-0.07038146658762856,0.04256082647989813,0.027043726235741444,-0.042100523442336835,0.03789634975806243,0.02515060240963855,0.44869662584006437,33.65019011406844,52.661596958174904,38.49809885931559,humains vague 2,droite,0.1,0,concentre
-0.06964377242439779,0.04228560114033025,0.0276615969581749,-0.039797068771138755,0.03561685190786162,0.027108433734939756,0.45274041641428137,33.460076045627375,52.09125475285171,39.638783269961976,humains vague 2,droite,0.1,1,concentre
-0.06663743737535222,0.042427469001591764,0.027138783269961976,-0.03312004960960613,0.036753560828572174,0.025451807228915664,0.45404924686558534,33.65019011406844,52.946768060836504,38.78326996197718,humains vague 2,droite,0.1,2,concentre
-0.06924353552117346,0.04231082907896355,0.027186311787072242,-0.044592430245300574,0.03661345593111994,0.02560240963855422,0.44991143233013975,33.460076045627375,52.37642585551331,39.06844106463878,humains vague 2,droite,0.1,3,concentre
-0.06714645015632303,0.04223482488201921,0.027519011406844106,-0.04068932503590239,0.03687693447534369,0.026656626506024093,0.45296526072063903,33.26996197718631,52.47148288973384,39.543726235741445,humains vague 2,droite,0.1,4,concentre
-0.0681779298545766,0.042623521666505945,0.02694866920152091,-0.04034339580294022,0.0369665666282654,0.024849397590361446,0.4524150773763063,33.840304182509506,52.28136882129277,38.97338403041825,humains vague 2,droite,0.1,5,concentre
-0.06856935024924571,0.042566850829158676,0.027281368821292777,-0.04029632955438334,0.03686211607871576,0.025903614457831327,0.452719604572186,33.65019011406844,52.18631178707225,38.78326996197718,humains vague 2,droite,0.1,6,concentre
-0.06976793880080345,0.04254079928271469,0.027614068441064638,-0.04569553143145688,0.03725636950203035,0.026957831325301208,0.4540223738607467,33.365019011406844,52.851711026615966,38.02281368821293,humains vague 2,droite,0.1,7,concentre
-0.0669662921348314,0.04239479050316869,0.02747148288973384,-0.038598166271184065,0.03717981106225612,0.026506024096385545,0.4518566318254813,33.460076045627375,52.75665399239544,39.543726235741445,humains vague 2,droite,0.1,8,concentre
-0.07088163579586793,0.04257456561076947,0.027281368821292777,-0.04361664671501975,0.03707132434677025,0.02590361445783133,0.45016476564832125,33.840304182509506,52.75665399239544,38.68821292775665,humains vague 2,droite,0.1,9,concentre
-0.07209026508959193,0.0426071312463526,0.02747148288973384,-0.04443726379971624,0.03768768705583333,0.026506024096385545,0.4512987854876274,33.174904942965775,52.566539923954366,39.06844106463878,humains vague 2,droite,0.2,0,concentre
-0.06869354294618124,0.04226431202593628,0.02747148288973384,-0.03745577061336114,0.03698814538968016,0.026506024096385545,0.4542991996387872,33.65019011406844,52.47148288973384,38.40304182509506,humains vague 2,droite,0.2,1,concentre
-0.07146058782096432,0.042499580862120884,0.027519011406844106,-0.04324870815547066,0.037392788132548094,0.0266566265060241,0.4540773749202656,33.93536121673004,52.47148288973384,39.258555133079845,humains vague 2,droite,0.2,2,concentre
-0.06963162623539987,0.04251422250020466,0.02732889733840304,-0.04102578522621836,0.03749258026390761,0.026054216867469882,0.44855509012636535,33.460076045627375,52.661596958174904,39.543726235741445,humains vague 2,droite,0.2,3,concentre
-0.06644357926574196,0.0423512577882585,0.027661596958174904,-0.04227177327342113,0.036423435642498295,0.027108433734939756,0.4534515400115922,33.745247148288975,52.661596958174904,39.258555133079845,humains vague 2,droite,0.2,4,concentre
-0.0700169938971601,0.042558690390070694,0.02737642585551331,-0.03903175297287376,0.037229153332856806,0.026204819277108438,0.4556922349833171,33.55513307984791,52.28136882129277,38.78326996197718,humains vague 2,droite,0.2,5,concentre
-0.06807588365932604,0.04254120063246304,0.027423954372623578,-0.039830926382529164,0.036864871374764414,0.02635542168674699,0.45644593216312435,33.55513307984791,52.37642585551331,39.353612167300376,humains vague 2,droite,0.2,6,concentre
-0.068129941358536,0.042120437270172714,0.02732889733840304,-0.039268788083954065,0.03615117555724972,0.026054216867469882,0.457801650743389,33.26996197718631,52.566539923954366,39.06844106463878,humains vague 2,droite,0.2,7,concentre
-0.07020074848147695,0.042589564317905754,0.027376425855513302,-0.03737557829805116,0.03705945238032387,0.02620481927710843,0.4522391112040808,33.365019011406844,52.851711026615966,39.06844106463878,humains vague 2,droite,0.2,8,concentre
-0.06865230927239485,0.042741020316518524,0.027804182509505698,-0.03754323799881887,0.037255964998127514,0.02756024096385542,0.4507717452219204,33.460076045627375,52.946768060836504,38.68821292775665,humains vague 2,droite,0.2,9,concentre
-0.07000866152678131,0.04255384211839229,0.02742395437262357,-0.03786116163966324,0.037738231122892575,0.02635542168674699,0.4536228352473874,33.65019011406844,52.47148288973384,39.163498098859314,humains vague 2,droite,0.3,0,concentre
-0.07038325292128156,0.04254649525811431,0.027281368821292774,-0.037611367993684475,0.03741127451060581,0.025903614457831327,0.45451132166271707,33.55513307984791,52.566539923954366,39.163498098859314,humains vague 2,droite,0.3,1,concentre
-0.0694996602333956,0.042656947602056974,0.02742395437262357,-0.03939051918735892,0.03796289483570295,0.026355421686746993,0.4550065122790963,33.460076045627375,52.28136882129277,39.353612167300376,humains vague 2,droite,0.3,2,concentre
-0.06757862425600414,0.042416737098576324,0.02718631178707225,-0.03389615693343273,0.037396327786399015,0.02560240963855422,0.45550098776731923,33.55513307984791,52.47148288973384,39.353612167300376,humains vague 2,droite,0.3,3,concentre
-0.06950618670860675,0.042848511481215934,0.02713878326996198,-0.038008270644856124,0.03837120332769634,0.025451807228915664,0.4531494523933095,33.460076045627375,52.37642585551331,39.448669201520914,humains vague 2,droite,0.3,4,concentre
-0.06794993331940802,0.04260017962746658,0.027376425855513302,-0.03780126849894272,0.037880422525386793,0.02620481927710843,0.45579300058789113,33.365019011406844,52.47148288973384,39.353612167300376,humains vague 2,droite,0.3,5,concentre
-0.07025005343022028,0.04266083247793337,0.027138783269961976,-0.03774302084946435,0.037761567371999726,0.025451807228915664,0.4545168340610295,33.460076045627375,52.566539923954366,39.448669201520914,humains vague 2,droite,0.3,6,concentre
-0.0690130755989865,0.04279921688354914,0.027281368821292774,-0.036933856738846194,0.03766846873361155,0.02590361445783133,0.4556835495651644,33.55513307984791,52.09125475285171,39.258555133079845,humains vague 2,droite,0.3,7,concentre
-0.07074373812218415,0.04257119912497977,0.027186311787072242,-0.03697755990364682,0.037595343223570374,0.025602409638554213,0.4555133914585632,33.65019011406844,52.47148288973384,39.353612167300376,humains vague 2,droite,0.3,8,concentre
-0.06898430572322933,0.04266353431595797,0.02737642585551331,-0.037147604697665426,0.03774578392551751,0.02620481927710843,0.45439657402015227,33.65019011406844,52.28136882129277,39.543726235741445,humains vague 2,droite,0.3,9,concentre
-0.06924941021649456,0.04237902175014034,0.027138783269961976,-0.04551383648680862,0.03604820541552998,0.025451807228915664,0.45211056138187106,33.55513307984791,52.566539923954366,38.87832699619772,humains vague 2,droite,0.02,0,uniforme
-0.06901976732985848,0.04282416399228049,0.027281368821292777,-0.04370570367870397,0.03613265825104608,0.025903614457831327,0.44975116492865225,33.55513307984791,52.75665399239544,38.97338403041825,humains vague 2,droite,0.02,1,uniforme
-0.06891847794105843,0.042305580439618684,0.027186311787072242,-0.041923915336474105,0.036186542074285864,0.025753012048192768,0.45018056107135,33.55513307984791,52.566539923954366,38.59315589353612,humains vague 2,droite,0.02,2,uniforme
-0.0691232895771906,0.04238296280029363,0.02732889733840304,-0.04522867009180498,0.0360439246787252,0.025753012048192775,0.45118461358776085,33.93536121673004,52.75665399239544,38.78326996197718,humains vague 2,droite,0.02,3,uniforme
-0.0707070707070705,0.04240337074222353,0.02713878326996198,-0.04176219881000942,0.03637580363802024,0.025903614457831327,0.45037157977785275,33.745247148288975,52.75665399239544,38.87832699619772,humains vague 2,droite,0.02,4,uniforme
-0.06892623945838705,0.04240642580963311,0.027138783269961976,-0.04553488763572078,0.03631023956339344,0.025753012048192775,0.450448073380538,33.65019011406844,52.661596958174904,38.78326996197718,humains vague 2,droite,0.02,5,uniforme
-0.06960403229251222,0.04216364271787666,0.027186311787072242,-0.04210541114282107,0.03622210449030545,0.026054216867469882,0.45133422255457445,34.22053231939163,52.661596958174904,38.78326996197718,humains vague 2,droite,0.02,6,uniforme
-0.07098137799625304,0.0421162094661688,0.027091254752851714,-0.0414256154723196,0.03615982805898861,0.026054216867469882,0.4499538046401504,33.93536121673004,52.75665399239544,38.68821292775665,humains vague 2,droite,0.02,7,uniforme
-0.06934195409976218,0.04232890886894043,0.027233840304182504,-0.04266692857042642,0.0362107562172669,0.02560240963855422,0.44980129572325417,33.840304182509506,52.75665399239544,38.49809885931559,humains vague 2,droite,0.02,8,uniforme
-0.06955508270692767,0.04224880973936598,0.027281368821292777,-0.043251430494783194,0.03625925509403279,0.02560240963855422,0.45019018707538433,33.460076045627375,52.75665399239544,38.97338403041825,humains vague 2,droite,0.02,9,uniforme
-0.07053437069765944,0.042129207236902694,0.027614068441064638,-0.04041794230823248,0.03610049500487113,0.025451807228915664,0.4496817264007609,33.93536121673004,52.37642585551331,38.87832699619772,humains vague 2,droite,0.05,0,uniforme
-0.07211387354368548,0.042386883390879176,0.027091254752851707,-0.04145157887333839,0.0364873692378894,0.025451807228915668,0.45083204704212904,33.26996197718631,52.661596958174904,38.68821292775665,humains vague 2,droite,0.05,1,uniforme
-0.06792319774337252,0.04207574846608564,0.02742395437262357,-0.04095447622271098,0.035790026444344904,0.026204819277108438,0.4509894673169832,34.030418250950575,52.946768060836504,38.68821292775665,humains vague 2,droite,0.05,2,uniforme
-0.06915587889162289,0.042062641373605006,0.02747148288973384,-0.04434008551202073,0.036008334522570455,0.02635542168674699,0.4510438819226961,33.93536121673004,52.47148288973384,38.21292775665399,humains vague 2,droite,0.05,3,uniforme
-0.06712443046910099,0.04229396618274697,0.02652091254752852,-0.04209562706851644,0.035964884950127604,0.025451807228915664,0.45263143074162115,33.840304182509506,52.946768060836504,38.59315589353612,humains vague 2,droite,0.05,4,uniforme
-0.06719646233216914,0.04167376788627733,0.027281368821292777,-0.03882718043053934,0.03604872487358456,0.025,0.45066661461084906,33.55513307984791,52.566539923954366,38.97338403041825,humains vague 2,droite,0.05,5,uniforme
-0.07036570525821406,0.042057486991171095,0.027186311787072242,-0.043126684636118684,0.03517386590173331,0.025451807228915664,0.4513221463800883,33.460076045627375,52.566539923954366,39.06844106463878,humains vague 2,droite,0.05,6,uniforme
-0.06828218532896868,0.04222959137878579,0.026901140684410647,-0.03822670934446348,0.03594210712952375,0.02560240963855422,0.45050624037445985,33.93536121673004,52.75665399239544,38.78326996197718,humains vague 2,droite,0.05,7,uniforme
-0.07069779363079087,0.04244984017859102,0.02737642585551331,-0.04504327577258127,0.036386797441057016,0.026204819277108438,0.44958315245307645,34.125475285171106,51.99619771863118,38.78326996197718,humains vague 2,droite,0.05,8,uniforme
-0.07079646017699115,0.04236907559972712,0.027614068441064638,-0.04381396262967985,0.03654261213602162,0.026204819277108438,0.4495914441795588,33.65019011406844,53.2319391634981,38.68821292775665,humains vague 2,droite,0.05,9,uniforme
-0.07298911883934289,0.04219032832295663,0.02732889733840304,-0.04516926187500869,0.0364359601285656,0.026506024096385545,0.4500522592143756,33.07984790874524,52.851711026615966,38.97338403041825,humains vague 2,droite,0.1,0,uniforme
-0.071652485445589,0.04343305046216796,0.026853612167300377,-0.03950086421314436,0.03652174453673099,0.025451807228915664,0.44698054682249205,33.65019011406844,52.75665399239544,38.97338403041825,humains vague 2,droite,0.1,1,uniforme
-0.0703050651725281,0.04205513438697786,0.027091254752851714,-0.040722962796131856,0.03617910993380557,0.025301204819277112,0.4514077067822052,33.55513307984791,53.5171102661597,37.9277566539924,humains vague 2,droite,0.1,2,uniforme
-0.06955968861366824,0.04227188936885763,0.026853612167300377,-0.0429230920341811,0.036005754238388525,0.02560240963855422,0.4538754817840708,33.65019011406844,52.851711026615966,38.87832699619772,humains vague 2,droite,0.1,3,uniforme
-0.07023654351588693,0.042260738386130745,0.027281368821292774,-0.0439194412041658,0.03642336408479075,0.026054216867469882,0.4491600265872573,34.22053231939163,52.566539923954366,39.448669201520914,humains vague 2,droite,0.1,4,uniforme
-0.07219298385935713,0.04258493488451896,0.027614068441064638,-0.044149584565159494,0.036265345699889213,0.025451807228915657,0.45169135567316554,34.22053231939163,52.566539923954366,39.448669201520914,humains vague 2,droite,0.1,5,uniforme
-0.07021497642451868,0.04227240020684393,0.02737642585551331,-0.04291785101173573,0.03567694862341796,0.025903614457831327,0.45112127371547256,34.88593155893536,53.2319391634981,40.11406844106464,humains vague 2,droite,0.1,6,uniforme
-0.07043834840116969,0.042212536511955334,0.027138783269961976,-0.04683565553130786,0.036337178158477895,0.025753012048192775,0.45543521143938775,33.745247148288975,52.37642585551331,39.06844106463878,humains vague 2,droite,0.1,7,uniforme
-0.0692395005675368,0.04253953172257878,0.02742395437262357,-0.042054304356977545,0.036609536284131834,0.02635542168674699,0.45260166244854017,34.030418250950575,52.661596958174904,39.163498098859314,humains vague 2,droite,0.1,8,uniforme
-0.06842587777378661,0.042141257845882296,0.027186311787072242,-0.03926395903380575,0.03634075251968031,0.026204819277108438,0.45176860010902864,34.030418250950575,53.326996197718636,38.78326996197718,humains vague 2,droite,0.1,9,uniforme
-0.07154294498174618,0.04308259059739025,0.02675855513307985,-0.04586949171644328,0.03660871123557676,0.025301204819277112,0.4508324269662626,33.26996197718631,51.90114068441065,39.258555133079845,humains vague 2,droite,0.2,0,uniforme
-0.07076844360589674,0.04223505140596706,0.026711026615969587,-0.04194628501999109,0.03651101910466033,0.0266566265060241,0.4505360812808259,34.030418250950575,52.661596958174904,39.82889733840304,humains vague 2,droite,0.2,1,uniforme
-0.0744755617080185,0.042662799217547634,0.02675855513307985,-0.04269757639620664,0.03664395365672441,0.025451807228915664,0.44972074438334386,34.22053231939163,51.90114068441065,39.543726235741445,humains vague 2,droite,0.2,2,uniforme
-0.07251505622768206,0.04301771702114186,0.026996197718631182,-0.04350764551829012,0.03591852438189625,0.026656626506024093,0.44802955269080813,33.174904942965775,52.37642585551331,38.21292775665399,humains vague 2,droite,0.2,3,uniforme
-0.06914893617021267,0.04221517104000298,0.02694866920152091,-0.04142261177362927,0.03675850979611493,0.02635542168674699,0.4495563979541992,34.22053231939163,52.946768060836504,39.92395437262358,humains vague 2,droite,0.2,4,uniforme
-0.07424649517171666,0.042793722034647014,0.026996197718631175,-0.0410724071550016,0.03655954997315183,0.026054216867469882,0.4476056492456395,33.55513307984791,52.566539923954366,39.06844106463878,humains vague 2,droite,0.2,5,uniforme
-0.06665247698611165,0.04247861188775896,0.02675855513307985,-0.038175007365629954,0.036477834467797225,0.02635542168674699,0.4501813251652226,34.60076045627377,53.2319391634981,38.87832699619772,humains vague 2,droite,0.2,6,uniforme
-0.07406344651681818,0.042980549866949574,0.027899239543726233,-0.04116589913512314,0.03665674209067802,0.026355421686746983,0.45346604077340236,33.840304182509506,52.851711026615966,39.258555133079845,humains vague 2,droite,0.2,7,uniforme
-0.07229389804188524,0.0434137987387235,0.02680608365019011,-0.04158304680373315,0.036298527611216,0.026204819277108438,0.4470960227933901,33.174904942965775,51.90114068441065,40.11406844106464,humains vague 2,droite,0.2,8,uniforme
-0.07377009992191097,0.04280418704808038,0.027091254752851714,-0.040114936052735195,0.03660949553390892,0.026656626506024093,0.45138748262857725,33.840304182509506,51.80608365019012,39.82889733840304,humains vague 2,droite,0.2,9,uniforme
-0.070832822600845,0.04300662744214734,0.027091254752851714,-0.04408496272330853,0.036174855059140476,0.025753012048192775,0.44821690646235673,34.030418250950575,51.52091254752852,38.78326996197718,humains vague 2,droite,0.3,0,uniforme
-0.06934318222941271,0.04289205424209187,0.026188212927756655,-0.04422999036353226,0.037142140488274765,0.02439759036144578,0.44885190304413103,34.4106463878327,53.2319391634981,39.258555133079845,humains vague 2,droite,0.3,1,uniforme
-0.07187220827838525,0.0433867060519464,0.027186311787072242,-0.04334391415489203,0.036532597986904204,0.02635542168674699,0.4515993171035888,34.22053231939163,51.99619771863118,39.638783269961976,humains vague 2,droite,0.3,2,uniforme
-0.06997665668269037,0.04213835403906413,0.02609315589353612,-0.037197158979253686,0.03647158743452605,0.025,0.4483745437162194,33.65019011406844,52.28136882129277,38.78326996197718,humains vague 2,droite,0.3,3,uniforme
-0.0713359549367627,0.04275659294826789,0.026663498098859317,-0.043556202907481745,0.037227354336773606,0.025753012048192768,0.44964148283832156,33.460076045627375,51.90114068441065,38.68821292775665,humains vague 2,droite,0.3,4,uniforme
-0.06974120451920884,0.042920785159598185,0.026806083650190115,-0.04448068379913406,0.036882028583827754,0.026807228915662652,0.45120606789747864,33.840304182509506,52.661596958174904,41.254752851711025,humains vague 2,droite,0.3,5,uniforme
-0.06995200000000001,0.043179775812016374,0.02647338403041825,-0.03957546573823212,0.03690475363484638,0.025451807228915664,0.4523406738929531,33.65019011406844,51.90114068441065,39.638783269961976,humains vague 2,droite,0.3,6,uniforme
-0.07267274931410694,0.043510102459033764,0.027328897338403046,-0.03409490333919163,0.03786047251556623,0.025753012048192775,0.4508050720664787,34.88593155893536,52.661596958174904,38.49809885931559,humains vague 2,droite,0.3,7,uniforme
-0.07074820504346824,0.04273009053719966,0.02742395437262357,-0.04107505070993922,0.03673286184456947,0.027259036144578315,0.4495538610620961,34.4106463878327,51.90114068441065,39.73384030418251,humains vague 2,droite,0.3,8,uniforme
-0.07177731515251551,0.04301418711497987,0.02680608365019011,-0.04063373456746755,0.036859988784908114,0.02635542168674699,0.44716495134336937,33.840304182509506,52.75665399239544,39.92395437262358,humains vague 2,droite,0.3,9,uniforme
