source,famille,statistique,taille,taux,taux_realise_moyen,valeur_moyenne,ecart_a_la_reference,s0,z,p_bilateral,puissance_empirique,n_tirages,tau_etoile_holm3,tau_etoile_holm27,tau_etoile_nominal,courbe_a,courbe_b,courbe_r2
B0 segment,tirage dans le segment,A,300,0.05,0.0472222222222222,-0.03443340934710252,0.002614206670164612,0.0050623540495576625,0.5164013904545132,0.60557409485013,0.0,12,0.29195,0.36300000000000004,0.2503,0.06002456565019805,-0.01340980873993427,0.9998564645133965
B0 segment,tirage dans le segment,A,300,0.1,0.09777777777777774,-0.031109202420063337,0.005938413597203793,0.0050623540495576625,1.1730537886267909,0.2407742363150904,0.0,12,0.29195,0.36300000000000004,0.2503,0.06002456565019805,-0.01340980873993427,0.9998564645133965
B0 segment,tirage dans le segment,A,300,0.25,0.24416666666666667,-0.022797163974918478,0.014250452042348653,0.0050623540495576625,2.8149852623590848,0.004877947082804536,0.5,12,0.29195,0.36300000000000004,0.2503,0.06002456565019805,-0.01340980873993427,0.9998564645133965
B0 segment,tirage dans le segment,A,300,0.5,0.5127777777777778,-0.010407658530041308,0.02663995748722582,0.0050623540495576625,5.262365537146412,1.4221366584388424e-07,1.0,12,0.29195,0.36300000000000004,0.2503,0.06002456565019805,-0.01340980873993427,0.9998564645133965
B0 segment,tirage dans le segment,B,300,0.05,0.0472222222222222,0.03118506279090256,-0.002563937656159084,0.0020730142359473513,-1.2368162319866485,0.2161553145119933,0.08333333333333333,12,0.14785,0.1809,0.12795,-0.045550295273015004,0.0012368751006375624,0.9993884610266518
B0 segment,tirage dans le segment,B,300,0.1,0.09777777777777774,0.028787738353959768,-0.004961262093101878,0.0020730142359473513,-2.3932600206359025,0.016699401674666593,0.5833333333333334,12,0.14785,0.1809,0.12795,-0.045550295273015004,0.0012368751006375624,0.9993884610266518
B0 segment,tirage dans le segment,B,300,0.25,0.24416666666666667,0.022810861594247642,-0.010938138852814003,0.0020730142359473513,-5.276441745136092,1.3171635827228855e-07,1.0,12,0.14785,0.1809,0.12795,-0.045550295273015004,0.0012368751006375624,0.9993884610266518
B0 segment,tirage dans le segment,B,300,0.5,0.5127777777777778,0.011209678221275934,-0.02253932222578571,0.0020730142359473513,-10.872729108628343,1.554792436099829e-27,1.0,12,0.14785,0.1809,0.12795,-0.045550295273015004,0.0012368751006375624,0.9993884610266518
B0 segment,tirage dans le segment,C,300,0.05,0.0472222222222222,0.044638888888888846,-0.0005777777777778159,0.00169280352145932,-0.34131413980030556,0.7328671043288593,0.0,12,,,,-0.010421765033001927,0.008110846734493683,0.9943635518601655
B0 segment,tirage dans le segment,C,300,0.1,0.09777777777777774,0.04402777777777772,-0.0011888888888889407,0.00169280352145932,-0.7023194799736899,0.48247994756248286,0.0,12,,,,-0.010421765033001927,0.008110846734493683,0.9943635518601655
B0 segment,tirage dans le segment,C,300,0.25,0.24416666666666667,0.04329166666666662,-0.0019250000000000447,0.00169280352145932,-1.1371668215461617,0.25546855403662505,0.0,12,,,,-0.010421765033001927,0.008110846734493683,0.9943635518601655
B0 segment,tirage dans le segment,C,300,0.5,0.5127777777777778,0.04199999999999996,-0.003216666666666701,0.00169280352145932,-1.900200836003519,0.05740676862410613,0.25,12,,,,-0.010421765033001927,0.008110846734493683,0.9943635518601655
B0 segment,tirage dans le segment,A,500,0.05,0.04766666666666667,-0.0450958639119295,0.004616187612582659,0.004675325411364339,0.9873510839185796,0.32347055573013206,0.08333333333333333,12,0.19705,0.24450000000000002,0.1691,0.08159300625491286,-0.02439612587591637,0.999683422847569
B0 segment,tirage dans le segment,A,500,0.1,0.10233333333333335,-0.04159777491977645,0.00811427660473571,0.004675325411364339,1.7355533338946405,0.0826428433987408,0.25,12,0.19705,0.24450000000000002,0.1691,0.08159300625491286,-0.02439612587591637,0.999683422847569
B0 segment,tirage dans le segment,A,500,0.25,0.25216666666666665,-0.031180987601580668,0.01853106392293149,0.004675325411364339,3.963588048414327,7.383161475976357e-05,1.0,12,0.19705,0.24450000000000002,0.1691,0.08159300625491286,-0.02439612587591637,0.999683422847569
B0 segment,tirage dans le segment,A,500,0.5,0.5116666666666666,-0.014942905188312252,0.0347691463361999,0.004675325411364339,7.436732906694869,1.0320592518039028e-13,1.0,12,0.19705,0.24450000000000002,0.1691,0.08159300625491286,-0.02439612587591637,0.999683422847569
B0 segment,tirage dans le segment,B,500,0.05,0.04766666666666667,0.034477095024293754,-0.002763636798118134,0.001734040458621174,-1.5937556614542001,0.11099077191806839,0.16666666666666666,12,0.11315,0.1385,0.09785,-0.04996808847784497,0.003263627819072829,0.999556391405333
B0 segment,tirage dans le segment,B,500,0.1,0.10233333333333335,0.03189694846712267,-0.0053437833552892194,0.001734040458621174,-3.0816947371218433,0.002058257957670987,0.75,12,0.11315,0.1385,0.09785,-0.04996808847784497,0.003263627819072829,0.999556391405333
B0 segment,tirage dans le segment,B,500,0.25,0.25216666666666665,0.02529405826424627,-0.01194667355816562,0.001734040458621174,-6.889501048703928,5.598841201627462e-12,1.0,12,0.11315,0.1385,0.09785,-0.04996808847784497,0.003263627819072829,0.999556391405333
B0 segment,tirage dans le segment,B,500,0.5,0.5116666666666666,0.013005169928472268,-0.02423556189393962,0.001734040458621174,-13.976353189135262,2.1734293454879684e-44,1.0,12,0.11315,0.1385,0.09785,-0.04996808847784497,0.003263627819072829,0.999556391405333
B0 segment,tirage dans le segment,C,500,0.05,0.04766666666666667,0.03516666666666667,-0.0006576666666666675,0.0013037422640499435,-0.5044453070223347,0.613948486767268,0.0,12,,,,-0.009762486872333508,0.007069899354556496,0.996864482187426
B0 segment,tirage dans le segment,C,500,0.1,0.10233333333333335,0.035024999999999994,-0.0007993333333333463,0.0013037422640499435,-0.6131068658081991,0.5398056807343117,0.0,12,,,,-0.009762486872333508,0.007069899354556496,0.996864482187426
B0 segment,tirage dans le segment,C,500,0.25,0.25216666666666665,0.033825,-0.001999333333333339,0.0013037422640499435,-1.5335341872883772,0.12514428989003493,0.08333333333333333,12,,,,-0.009762486872333508,0.007069899354556496,0.996864482187426
B0 segment,tirage dans le segment,C,500,0.5,0.5116666666666666,0.03270833333333333,-0.0031160000000000077,0.0013037422640499435,-2.390042944776883,0.016846402820720738,0.5833333333333334,12,,,,-0.009762486872333508,0.007069899354556496,0.996864482187426
B0 segment,tirage dans le segment,A,750,0.05,0.049888888888888865,-0.05520678886043886,0.005175288048340984,0.004493340965043854,1.1517683809446841,0.24941626420236057,0.08333333333333333,12,0.1535,0.1902,0.13185,0.10008129147365756,-0.03489585863180087,0.9999641049252758
B0 segment,tirage dans le segment,A,750,0.1,0.1021111111111111,-0.05067844547366871,0.009703631435111132,0.004493340965043854,2.159558224181286,0.030806885395253857,0.3333333333333333,12,0.1535,0.1902,0.13185,0.10008129147365756,-0.03489585863180087,0.9999641049252758
B0 segment,tirage dans le segment,A,750,0.25,0.24811111111111103,-0.03766424688789912,0.022717830020880722,0.004493340965043854,5.055888301736968,4.2839202579879164e-07,1.0,12,0.1535,0.1902,0.13185,0.10008129147365756,-0.03489585863180087,0.9999641049252758
B0 segment,tirage dans le segment,A,750,0.5,0.5072222222222222,-0.019039383475314673,0.041342693433465166,0.004493340965043854,9.200880537464771,3.5502838638340513e-20,1.0,12,0.1535,0.1902,0.13185,0.10008129147365756,-0.03489585863180087,0.9999641049252758
B0 segment,tirage dans le segment,B,750,0.05,0.049888888888888865,0.03726871041107746,-0.0028424020257972055,0.0016875881041886862,-1.684298448621561,0.09212400507863373,0.0,12,0.10535,0.129,0.0911,-0.05230685173191151,0.004349183708960257,0.9998968963619372
B0 segment,tirage dans le segment,B,750,0.1,0.1021111111111111,0.03483652311713416,-0.005274589319740508,0.0016875881041886862,-3.125519376824646,0.0017749137631075539,0.9166666666666666,12,0.10535,0.129,0.0911,-0.05230685173191151,0.004349183708960257,0.9998968963619372
B0 segment,tirage dans le segment,B,750,0.25,0.24811111111111103,0.027447812578686392,-0.012663299858188273,0.0016875881041886862,-7.503785921906696,6.200053105931016e-14,1.0,12,0.10535,0.129,0.0911,-0.05230685173191151,0.004349183708960257,0.9998968963619372
B0 segment,tirage dans le segment,B,750,0.5,0.5072222222222222,0.015015460388244382,-0.025095652048630283,0.0016875881041886862,-14.87072111159204,5.106038277492677e-50,1.0,12,0.10535,0.129,0.0911,-0.05230685173191151,0.004349183708960257,0.9998968963619372
B0 segment,tirage dans le segment,C,750,0.05,0.049888888888888865,0.030005555555555525,-0.0004866666666667012,0.0010935900468854569,-0.4450174615732168,0.6563071352349816,0.0,12,,,0.5577500000000001,-0.009200713816869485,0.006647139262663404,0.9964803553662599
B0 segment,tirage dans le segment,C,750,0.1,0.1021111111111111,0.029822222222222177,-0.000670000000000049,0.0010935900468854569,-0.6126610258644986,0.5401004978725129,0.0,12,,,0.5577500000000001,-0.009200713816869485,0.006647139262663404,0.9964803553662599
B0 segment,tirage dans le segment,C,750,0.25,0.24811111111111103,0.028505555555555506,-0.00198666666666672,0.0010935900468854569,-1.8166466239563392,0.06927123952399131,0.16666666666666666,12,,,0.5577500000000001,-0.009200713816869485,0.006647139262663404,0.9964803553662599
B0 segment,tirage dans le segment,C,750,0.5,0.5072222222222222,0.027572222222222175,-0.002920000000000051,0.0010935900468854569,-2.6701047694391584,0.007582758269134822,0.6666666666666666,12,,,0.5577500000000001,-0.009200713816869485,0.006647139262663404,0.9964803553662599
B0 segment,tirage dans le segment,A,1052,0.05,0.05038022813688211,-0.06366207973591219,0.004780306895051836,0.004277478437351692,1.1175525406064841,0.26375814797060215,0.0,12,0.1391,0.17125,0.11995,0.10258713467899667,-0.022119268562564732,0.9999615442176377
B0 segment,tirage dans le segment,A,1052,0.1,0.09980988593155889,-0.05825794141164425,0.010184445219319778,0.004277478437351692,2.380946010244591,0.017268242629047813,0.5,12,0.1391,0.17125,0.11995,0.10258713467899667,-0.022119268562564732,0.9999615442176377
B0 segment,tirage dans le segment,A,1052,0.25,0.25,-0.044166338285787476,0.02427604834517655,0.004277478437351692,5.675317526604889,1.3843163605451343e-08,1.0,12,0.1391,0.17125,0.11995,0.10258713467899667,-0.022119268562564732,0.9999615442176377
B0 segment,tirage dans le segment,A,1052,0.5,0.5,-0.022684505633060726,0.0457578809979033,0.004277478437351692,10.697396063610155,1.0467854133476712e-26,1.0,12,0.1391,0.17125,0.11995,0.10258713467899667,-0.022119268562564732,0.9999615442176377
B0 segment,tirage dans le segment,B,1052,0.05,0.05038022813688211,0.03941961575064246,-0.0027701651462212554,0.001524859107359017,-1.816669574816685,0.06926772311341746,0.0,12,0.09155,0.11220000000000001,0.07915,-0.054585288251317636,0.007374611293189006,0.9999953960866699
B0 segment,tirage dans le segment,B,1052,0.1,0.09980988593155889,0.0368230433390357,-0.005366737557828016,0.001524859107359017,-3.519497330558591,0.00043236538707078486,1.0,12,0.09155,0.11220000000000001,0.07915,-0.054585288251317636,0.007374611293189006,0.9999953960866699
B0 segment,tirage dans le segment,B,1052,0.25,0.25,0.02901418455534044,-0.01317559634152328,0.001524859107359017,-8.64053359286602,5.595108562473112e-18,1.0,12,0.09155,0.11220000000000001,0.07915,-0.054585288251317636,0.007374611293189006,0.9999953960866699
B0 segment,tirage dans le segment,B,1052,0.5,0.5,0.016738208032075708,-0.02545157286478801,0.001524859107359017,-16.691098044375337,1.5214656430819873e-62,1.0,12,0.09155,0.11220000000000001,0.07915,-0.054585288251317636,0.007374611293189006,0.9999953960866699
B0 segment,tirage dans le segment,C,1052,0.05,0.05038022813688211,0.026968472750316812,-0.0002653675538656988,0.0009241516858999943,-0.2871471836436331,0.7739996253408047,0.0,12,0.4577,0.5662,0.39355,-0.006861728177646663,0.0007179842584479611,0.9992030513686285
B0 segment,tirage dans le segment,C,1052,0.1,0.09980988593155889,0.02660012674271223,-0.000633713561470281,0.0009241516858999943,-0.6857246176563891,0.4928867799010972,0.0,12,0.4577,0.5662,0.39355,-0.006861728177646663,0.0007179842584479611,0.9992030513686285
B0 segment,tirage dans le segment,C,1052,0.25,0.25,0.02550697084917612,-0.0017268694550063926,0.0009241516858999943,-1.8685995831135271,0.061678543820163516,0.16666666666666666,12,0.4577,0.5662,0.39355,-0.006861728177646663,0.0007179842584479611,0.9992030513686285
B0 segment,tirage dans le segment,C,1052,0.5,0.5,0.023993979721166,-0.0032398605830165107,0.0009241516858999943,-3.505767107767964,0.0004552934102180787,1.0,12,0.4577,0.5662,0.39355,-0.006861728177646663,0.0007179842584479611,0.9992030513686285
C2,modele a etiquette,A,300,0.05,0.053333333333333316,-0.04799459533515974,-0.01094697931789261,0.0050623540495576625,-2.1624286272211903,0.030585152974011095,0.3333333333333333,12,0.0664,0.07605,0.0601,-0.13386567608844543,-1.701478205388133,1.0
C2,modele a etiquette,A,300,0.1,0.10388888888888886,-0.06744896567999302,-0.03040134966272589,0.0050623540495576625,-6.00537800499795,1.9088664850255105e-09,1.0,12,0.0664,0.07605,0.0601,-0.13386567608844543,-1.701478205388133,1.0
C2,modele a etiquette,B,300,0.05,0.053333333333333316,0.03481781952890305,0.0010688190818414073,0.0020730142359473513,0.5155869474060631,0.6061429285587285,0.0,12,0.10735,0.11750000000000001,0.10065,-0.014498416982061,0.7174959723777823,1.0
C2,modele a etiquette,B,300,0.1,0.10388888888888886,0.03947411847263337,0.0057251180255717266,0.0020730142359473513,2.7617359911449872,0.0057494948997422295,0.5,12,0.10735,0.11750000000000001,0.10065,-0.014498416982061,0.7174959723777823,1.0
C2,modele a etiquette,C,300,0.05,0.053333333333333316,0.04970833333333329,0.00449166666666663,0.00169280352145932,2.653389250274294,0.007968791621857825,0.4166666666666667,12,0.0568,0.06445000000000001,0.051800000000000006,0.04086111111111019,0.9794444444444474,1.0
C2,modele a etiquette,C,300,0.1,0.10388888888888886,0.05909722222222216,0.0138805555555555,0.00169280352145932,8.199744022028883,2.408994413820992e-16,1.0,12,0.0568,0.06445000000000001,0.051800000000000006,0.04086111111111019,0.9794444444444474,1.0
C2,modele a etiquette,A,500,0.05,0.05300000000000001,-0.06331512683310096,-0.013603075308588806,0.004675325411364339,-2.909546205174027,0.0036195388010283242,0.75,12,0.0545,0.06395,0.0485,-0.21004521655613928,-1.2403257923127335,1.0
C2,modele a etiquette,A,500,0.1,0.10216666666666668,-0.08311983110325344,-0.03340777957874128,0.004675325411364339,-7.145551729412634,8.963512719017671e-13,1.0,12,0.0545,0.06395,0.0485,-0.21004521655613928,-1.2403257923127335,1.0
C2,modele a etiquette,B,500,0.05,0.05300000000000001,0.0388164840448234,0.0015757522224115125,0.001734040458621174,0.9087171032125024,0.36349947376141206,0.08333333333333333,12,0.0969,0.10740000000000001,0.08995,0.0033372440476447905,0.5635560080117089,1.0
C2,modele a etiquette,B,500,0.1,0.10216666666666668,0.04321001630729346,0.005969284484881571,0.001734040458621174,3.4424136156708016,0.000576547971579819,0.9166666666666666,12,0.0969,0.10740000000000001,0.08995,0.0033372440476447905,0.5635560080117089,1.0
C2,modele a etiquette,C,500,0.05,0.05300000000000001,0.040375,0.004550666666666661,0.0013037422640499435,3.4904649424576264,0.00048218087094826665,0.9166666666666666,12,0.047850000000000004,0.0538,0.04395,0.025769999999999894,1.304866666666666,1.0
C2,modele a etiquette,C,500,0.1,0.10216666666666668,0.051449999999999996,0.015625666666666656,0.0013037422640499435,11.985242096951819,4.246020631656597e-33,1.0,12,0.047850000000000004,0.0538,0.04395,0.025769999999999894,1.304866666666666,1.0
C2,modele a etiquette,A,750,0.05,0.05055555555555553,-0.07491866821374425,-0.01453659130496441,0.004493340965043854,-3.2351409381243195,0.0012158269987792296,1.0,12,0.050050000000000004,0.059550000000000006,0.04405,-0.24984240791972978,-0.8177883635911637,1.0
C2,modele a etiquette,A,750,0.1,0.09966666666666664,-0.09354420133666448,-0.03316212442788464,0.004493340965043854,-7.380282218925931,1.5795435112664237e-13,1.0,12,0.050050000000000004,0.059550000000000006,0.04405,-0.24984240791972978,-0.8177883635911637,1.0
C2,modele a etiquette,B,750,0.05,0.05055555555555553,0.041848882473701665,0.0017377700368269994,0.0016875881041886862,1.0297358890559603,0.30313400338783236,0.0,12,0.09495,0.10585,0.08775000000000001,0.009396293261266338,0.5071821495054722,1.0
C2,modele a etiquette,B,750,0.1,0.09966666666666664,0.046122563258056026,0.0060114508211813605,0.0016875881041886862,3.562155247634544,0.00036782275618898287,0.9166666666666666,12,0.09495,0.10585,0.08775000000000001,0.009396293261266338,0.5071821495054722,1.0
C2,modele a etiquette,C,750,0.05,0.05055555555555553,0.03497777777777773,0.0044855555555555066,0.0010935900468854569,4.101679206326323,4.1016266068122404e-05,1.0,12,0.04365,0.049,0.040150000000000005,0.022122222222220517,1.3517777777777904,1.0
C2,modele a etiquette,C,750,0.1,0.09966666666666664,0.04622222222222219,0.015729999999999966,0.0010935900468854569,14.383817816190799,6.538582449504503e-47,1.0,12,0.04365,0.049,0.040150000000000005,0.022122222222220517,1.3517777777777904,1.0
C2,modele a etiquette,A,1052,0.05,0.05038022813688211,-0.08282856763488128,-0.014386181003917253,0.004277478437351692,-3.3632386964933825,0.0007703372506451841,1.0,12,0.048400000000000006,0.057300000000000004,0.042800000000000005,-0.23626936074245797,-1.0290851867177373,1.0
C2,modele a etiquette,A,1052,0.1,0.09980988593155889,-0.10236017457238722,-0.033917787941423194,0.004277478437351692,-7.929388409126069,2.20227748616281e-15,1.0,12,0.048400000000000006,0.057300000000000004,0.042800000000000005,-0.23626936074245797,-1.0290851867177373,1.0
C2,modele a etiquette,B,1052,0.05,0.05038022813688211,0.044436127635978144,0.0022463467391144257,0.001524859107359017,1.4731503574812173,0.14071049740317088,0.0,12,0.08415,0.0954,0.07675,0.024787495061567216,0.40278879441442544,1.0
C2,modele a etiquette,B,1052,0.1,0.09980988593155889,0.0486964183471647,0.00650663745030098,0.001524859107359017,4.267041734478777,1.9808211413874723e-05,1.0,12,0.08415,0.0954,0.07675,0.024787495061567216,0.40278879441442544,1.0
C2,modele a etiquette,C,1052,0.05,0.05038022813688211,0.03193520278833963,0.004701362484157121,0.0009241516858999943,5.0872195072377675,3.6335120079386346e-07,1.0,12,0.038450000000000005,0.043250000000000004,0.035300000000000005,0.02416032953105087,1.3973384030418299,1.0
C2,modele a etiquette,C,1052,0.1,0.09980988593155889,0.043623257287705906,0.016389416983523395,0.0009241516858999943,17.734552924136473,2.2689381544636392e-70,1.0,12,0.038450000000000005,0.043250000000000004,0.035300000000000005,0.02416032953105087,1.3973384030418299,1.0
C3,modele riche,A,300,0.05,0.05583333333333331,-0.04259343977460515,-0.005545823757338017,0.0050623540495576625,-1.095502942513987,0.273296357105255,0.08333333333333333,12,0.12165000000000001,0.14165,0.10875,-0.09431751262116464,-0.3319792505119128,1.0
C3,modele riche,A,300,0.1,0.0972222222222222,-0.04979915978450273,-0.012751543767235599,0.0050623540495576625,-2.518896079255816,0.011772339604391288,0.5,12,0.12165000000000001,0.14165,0.10875,-0.09431751262116464,-0.3319792505119128,1.0
C3,modele riche,B,300,0.05,0.05583333333333331,0.03503813311012208,0.0012891326630604313,0.0020730142359473513,0.6218638737284444,0.5340313817301119,0.08333333333333333,12,0.1071,0.11785000000000001,0.10005,-0.006486707280300251,0.6453872108301769,1.0
C3,modele riche,B,300,0.1,0.0972222222222222,0.03955420182733339,0.0058052013802717475,0.0020730142359473513,2.8003673489578405,0.005104448185009117,0.5833333333333334,12,0.1071,0.11785000000000001,0.10005,-0.006486707280300251,0.6453872108301769,1.0
C3,modele riche,C,300,0.05,0.05583333333333331,0.04537499999999997,0.00015833333333330896,0.00169280352145932,0.09353320177217854,0.9254799740989915,0.0,12,0.21165,0.23245000000000002,0.19795000000000001,-0.003861111111111702,0.1405555555555576,1.0
C3,modele riche,C,300,0.1,0.0972222222222222,0.04623611111111107,0.0010194444444444062,0.00169280352145932,0.602222544743746,0.5470260107190095,0.08333333333333333,12,0.21165,0.23245000000000002,0.19795000000000001,-0.003861111111111702,0.1405555555555576,1.0
C3,modele riche,A,500,0.05,0.05016666666666667,-0.055204079408822215,-0.005492027884310059,0.004675325411364339,-1.1746835569906124,0.24012134019584455,0.08333333333333333,12,0.09885000000000001,0.11215,0.09015000000000001,-0.06555808055505849,-0.8856495426228527,1.0
C3,modele riche,A,500,0.1,0.09666666666666668,-0.06512435500624654,-0.015412303481734384,0.004675325411364339,-3.296519947953059,0.000978906627133231,0.75,12,0.09885000000000001,0.11215,0.09015000000000001,-0.06555808055505849,-0.8856495426228527,1.0
C3,modele riche,B,500,0.05,0.05016666666666667,0.03900662943654427,0.0017658976141323793,0.001734040458621174,1.0183716333450124,0.3085013776353166,0.0,12,0.0937,0.1042,0.08675000000000001,0.007160542861779685,0.5631481884173574,1.0
C3,modele riche,B,500,0.1,0.09666666666666668,0.043588267992763434,0.006347536170351546,0.001734040458621174,3.6605467529856845,0.00025167762364543375,0.9166666666666666,12,0.0937,0.1042,0.08675000000000001,0.007160542861779685,0.5631481884173574,1.0
C3,modele riche,C,500,0.05,0.05016666666666667,0.03538333333333333,-0.00044100000000001083,0.0013037422640499435,-0.3382570406439759,0.7351694941990199,0.0,12,0.1854,0.19895000000000002,0.17655,-0.02048000000000036,0.23320000000000285,1.0
C3,modele riche,C,500,0.1,0.09666666666666668,0.03610833333333333,0.0002839999999999926,0.0013037422640499435,0.21783446608363782,0.8275580892897035,0.0,12,0.1854,0.19895000000000002,0.17655,-0.02048000000000036,0.23320000000000285,1.0
C3,modele riche,A,750,0.05,0.04988888888888887,-0.06643295203403629,-0.006050875125256448,0.004493340965043854,-1.3466316427641483,0.1780988978056052,0.0,12,0.08825000000000001,0.09985000000000001,0.08065,-0.06379544622664407,-1.144441125569696,1.0
C3,modele riche,A,750,0.1,0.09699999999999996,-0.07820603278714122,-0.01782395587836138,0.004493340965043854,-3.9667490219468404,7.285964505258634e-05,0.9166666666666666,12,0.08825000000000001,0.09985000000000001,0.08065,-0.06379544622664407,-1.144441125569696,1.0
C3,modele riche,B,750,0.05,0.04988888888888887,0.04199258196928184,0.0018814695324071776,0.0016875881041886862,1.114886699981629,0.2648989767972546,0.0,12,0.09155,0.1022,0.08455,0.011116428176202375,0.5302592494388231,1.0
C3,modele riche,B,750,0.1,0.09699999999999996,0.04652534774888314,0.006414235312008472,0.0016875881041886862,3.800829892133032,0.00014421228225509178,1.0,12,0.09155,0.1022,0.08455,0.011116428176202375,0.5302592494388231,1.0
C3,modele riche,C,750,0.05,0.04988888888888887,0.03052777777777774,3.55555555555144e-05,0.0010935900468854569,0.03251269125645079,0.9740631952218636,0.0,12,0.22455,0.24585,0.21055000000000001,-0.0036000000000013447,0.08622222222223264,1.0
C3,modele riche,C,750,0.1,0.09699999999999996,0.030994444444444418,0.0005022222222221921,0.0010935900468854569,0.4592417639978714,0.6460605624520976,0.0,12,0.22455,0.24585,0.21055000000000001,-0.0036000000000013447,0.08622222222223264,1.0
C3,modele riche,A,1052,0.05,0.05038022813688211,-0.07543882386611911,-0.006996437235155084,0.004277478437351692,-1.6356452376383637,0.1019138567942018,0.0,12,0.07915,0.09000000000000001,0.07205,-0.07981834858333794,-1.202207922395273,1.0
C3,modele riche,A,1052,0.1,0.09980988593155889,-0.08844630071325056,-0.020003914082286536,0.004277478437351692,-4.676566901567253,2.9171745764214907e-06,1.0,12,0.07915,0.09000000000000001,0.07205,-0.07981834858333794,-1.202207922395273,1.0
C3,modele riche,B,1052,0.05,0.05038022813688211,0.04430012849907369,0.002110347602209975,0.001524859107359017,1.383962355620511,0.1663699817186871,0.0,12,0.08095000000000001,0.09040000000000001,0.0747,0.011852285516395908,0.6070933305560712,1.0
C3,modele riche,B,1052,0.1,0.09980988593155889,0.049445942754064026,0.007256161857200308,0.001524859107359017,4.75857856124664,1.949610118109508e-06,1.0,12,0.08095000000000001,0.09040000000000001,0.0747,0.011852285516395908,0.6070933305560712,1.0
C3,modele riche,C,1052,0.05,0.05038022813688211,0.026833808618504387,-0.000400031685678124,0.0009241516858999943,-0.4328636648956055,0.6651138183145782,0.0,12,0.13870000000000002,0.14805000000000001,0.1326,-0.024675221799747946,0.33349176172370937,1.0
C3,modele riche,C,1052,0.1,0.09980988593155889,0.02810123574144481,0.0008673954372622993,0.0009241516858999943,0.9385855704170226,0.34794356413430644,0.0,12,0.13870000000000002,0.14805000000000001,0.1326,-0.024675221799747946,0.33349176172370937,1.0
E2 regression contexte tirage,imputation par tirage,A,300,0.05,0.053611111111111075,-0.03776291967954914,-0.0007153036622820075,0.0050623540495576625,-0.1412986241735718,0.887634036461473,0.0,12,0.70445,0.81335,0.634,0.014440505335703568,0.012510439058566037,0.9588417649099421
E2 regression contexte tirage,imputation par tirage,A,300,0.1,0.09222222222222216,-0.03672801766507166,0.0003195983521954715,0.0050623540495576625,0.06313235879331619,0.9496611070940725,0.0,12,0.70445,0.81335,0.634,0.014440505335703568,0.012510439058566037,0.9588417649099421
E2 regression contexte tirage,imputation par tirage,A,300,0.25,0.24027777777777778,-0.031327173226509214,0.005720442790757917,0.0050623540495576625,1.1299965855327239,0.25847766324065513,0.08333333333333333,12,0.70445,0.81335,0.634,0.014440505335703568,0.012510439058566037,0.9588417649099421
E2 regression contexte tirage,imputation par tirage,A,300,0.5,0.4852777777777777,-0.02696718877554619,0.010080427241720941,0.0050623540495576625,1.9912529117954023,0.046453089440411245,0.3333333333333333,12,0.70445,0.81335,0.634,0.014440505335703568,0.012510439058566037,0.9588417649099421
E2 regression contexte tirage,imputation par tirage,B,300,0.05,0.053611111111111075,0.03338847323405639,-0.00036052721300525864,0.0020730142359473513,-0.17391448970947396,0.8619326650237242,0.0,12,0.60205,0.90075,0.48695000000000005,-0.015252788034118179,0.006829240954150813,0.9933306338671518
E2 regression contexte tirage,imputation par tirage,B,300,0.1,0.09222222222222216,0.031883853626350545,-0.0018651468207111013,0.0020730142359473513,-0.8997269716571646,0.3682655661745084,0.0,12,0.60205,0.90075,0.48695000000000005,-0.015252788034118179,0.006829240954150813,0.9933306338671518
E2 regression contexte tirage,imputation par tirage,B,300,0.25,0.24027777777777778,0.030485239600271136,-0.00326376084679051,0.0020730142359473513,-1.5744034894671126,0.11539419762802611,0.25,12,0.60205,0.90075,0.48695000000000005,-0.015252788034118179,0.006829240954150813,0.9933306338671518
E2 regression contexte tirage,imputation par tirage,B,300,0.5,0.4852777777777777,0.027811740544224587,-0.005937259902837059,0.0020730142359473513,-2.8640709744686235,0.004182342880393646,0.75,12,0.60205,0.90075,0.48695000000000005,-0.015252788034118179,0.006829240954150813,0.9933306338671518
E2 regression contexte tirage,imputation par tirage,C,300,0.05,0.053611111111111075,0.04593055555555552,0.0007138888888888612,0.00169280352145932,0.42171987465706406,0.673229495961649,0.0,12,0.7695500000000001,0.8492500000000001,0.7171000000000001,0.00027177916347560343,-0.00960215877183335,0.8529782144747717
E2 regression contexte tirage,imputation par tirage,C,300,0.1,0.09222222222222216,0.04552777777777773,0.0003111111111110676,0.00169280352145932,0.1837845368155113,0.8541824873402022,0.0,12,0.7695500000000001,0.8492500000000001,0.7171000000000001,0.00027177916347560343,-0.00960215877183335,0.8529782144747717
E2 regression contexte tirage,imputation par tirage,C,300,0.25,0.24027777777777778,0.04418055555555552,-0.0010361111111111404,0.00169280352145932,-0.6120681449303326,0.5404926724293622,0.0,12,0.7695500000000001,0.8492500000000001,0.7171000000000001,0.00027177916347560343,-0.00960215877183335,0.8529782144747717
E2 regression contexte tirage,imputation par tirage,C,300,0.5,0.4852777777777777,0.04305555555555552,-0.0021611111111111414,0.00169280352145932,-1.2766461575222303,0.2017271982912097,0.0,12,0.7695500000000001,0.8492500000000001,0.7171000000000001,0.00027177916347560343,-0.00960215877183335,0.8529782144747717
E2 regression contexte tirage,imputation par tirage,A,500,0.05,0.05300000000000001,-0.04959271581738165,0.00011933570713050512,0.004675325411364339,0.0255245777845613,0.9796365446343708,0.0,12,0.57555,0.6653,0.5175500000000001,0.01661251351048301,0.016803198178152078,0.9776488631573554
E2 regression contexte tirage,imputation par tirage,A,500,0.1,0.09583333333333334,-0.049360632801897335,0.0003514187226148213,0.004675325411364339,0.0751645482816289,0.9400837909050879,0.0,12,0.57555,0.6653,0.5175500000000001,0.01661251351048301,0.016803198178152078,0.9776488631573554
E2 regression contexte tirage,imputation par tirage,A,500,0.25,0.24283333333333332,-0.04329170264323725,0.0064203488812749065,0.004675325411364339,1.3732410723045994,0.16967741511057347,0.0,12,0.57555,0.6653,0.5175500000000001,0.01661251351048301,0.016803198178152078,0.9776488631573554
E2 regression contexte tirage,imputation par tirage,A,500,0.5,0.4976666666666667,-0.037442602815065555,0.012269448709446601,0.004675325411364339,2.6242983385976055,0.008682769313125916,0.5,12,0.57555,0.6653,0.5175500000000001,0.01661251351048301,0.016803198178152078,0.9776488631573554
E2 regression contexte tirage,imputation par tirage,B,500,0.05,0.05300000000000001,0.03727136413357763,3.0632311165741666e-05,0.001734040458621174,0.017665280537974882,0.9859058784405917,0.0,12,0.41825,0.5133,0.36125,-0.013657977794966554,0.0005791596528428141,0.989017153916182
E2 regression contexte tirage,imputation par tirage,B,500,0.1,0.09583333333333334,0.036016361273416,-0.0012243705489958859,0.001734040458621174,-0.7060795743886199,0.48013865318129667,0.0,12,0.41825,0.5133,0.36125,-0.013657977794966554,0.0005791596528428141,0.989017153916182
E2 regression contexte tirage,imputation par tirage,B,500,0.25,0.24283333333333332,0.03351927805758912,-0.003721453764822767,0.001734040458621174,-2.146117033383344,0.03186364263596554,0.4166666666666667,12,0.41825,0.5133,0.36125,-0.013657977794966554,0.0005791596528428141,0.989017153916182
E2 regression contexte tirage,imputation par tirage,B,500,0.5,0.4976666666666667,0.030629775778358553,-0.006610956044053335,0.001734040458621174,-3.812457783891646,0.000137591735585718,0.9166666666666666,12,0.41825,0.5133,0.36125,-0.013657977794966554,0.0005791596528428141,0.989017153916182
E2 regression contexte tirage,imputation par tirage,C,500,0.05,0.05300000000000001,0.036041666666666666,0.00021733333333332633,0.0013037422640499435,0.16669961489029458,0.8676064085698822,0.0,12,,,,-0.004089194836451272,0.0013316048572368144,0.9539667570154483
E2 regression contexte tirage,imputation par tirage,C,500,0.1,0.09583333333333334,0.035391666666666655,-0.00043266666666668535,0.0013037422640499435,-0.3318651842448139,0.7399910608380935,0.0,12,,,,-0.004089194836451272,0.0013316048572368144,0.9539667570154483
E2 regression contexte tirage,imputation par tirage,C,500,0.25,0.24283333333333332,0.03475833333333333,-0.0010660000000000114,0.0013037422640499435,-0.817646270581572,0.41355919856198065,0.0,12,,,,-0.004089194836451272,0.0013316048572368144,0.9539667570154483
E2 regression contexte tirage,imputation par tirage,C,500,0.5,0.4976666666666667,0.03414166666666666,-0.0016826666666666795,0.0013037422640499435,-1.2906436441200009,0.19682727473444192,0.0,12,,,,-0.004089194836451272,0.0013316048572368144,0.9539667570154483
E2 regression contexte tirage,imputation par tirage,A,750,0.05,0.05144444444444441,-0.059599281036365685,0.0007827958724141576,0.004493340965043854,0.1742124353580004,0.8616985129758347,0.0,12,0.5504,0.68465,0.47175,0.028308147353424018,-0.003437612653617833,0.991948797630951
E2 regression contexte tirage,imputation par tirage,A,750,0.1,0.09799999999999998,-0.058496394031909205,0.0018856828768706382,0.004493340965043854,0.4196616485462359,0.6747326455678648,0.0,12,0.5504,0.68465,0.47175,0.028308147353424018,-0.003437612653617833,0.991948797630951
E2 regression contexte tirage,imputation par tirage,A,750,0.25,0.24799999999999997,-0.0527123609059319,0.007669716002847944,0.004493340965043854,1.7069071905548323,0.08783930411424531,0.0,12,0.5504,0.68465,0.47175,0.028308147353424018,-0.003437612653617833,0.991948797630951
E2 regression contexte tirage,imputation par tirage,A,750,0.5,0.49699999999999994,-0.0472466184803944,0.01313545842838544,0.004493340965043854,2.923316643578425,0.0034632412998117676,0.8333333333333334,12,0.5504,0.68465,0.47175,0.028308147353424018,-0.003437612653617833,0.991948797630951
E2 regression contexte tirage,imputation par tirage,B,750,0.05,0.05144444444444441,0.04005488403604485,-5.622840082981917e-05,0.0016875881041886862,-0.03331879425450866,0.9734203664322114,0.0,12,0.38875000000000004,0.4766,0.336,-0.014236141215115341,0.0004889958358140328,0.9926160495099964
E2 regression contexte tirage,imputation par tirage,B,750,0.1,0.09799999999999998,0.03851548953618895,-0.0015956229006857184,0.0016875881041886862,-0.9455049468085813,0.34440114651649906,0.0,12,0.38875000000000004,0.4766,0.336,-0.014236141215115341,0.0004889958358140328,0.9926160495099964
E2 regression contexte tirage,imputation par tirage,B,750,0.25,0.24799999999999997,0.036460286343533786,-0.0036508260933408795,0.0016875881041886862,-2.163339552038397,0.03051507312108106,0.4166666666666667,12,0.38875000000000004,0.4766,0.336,-0.014236141215115341,0.0004889958358140328,0.9926160495099964
E2 regression contexte tirage,imputation par tirage,B,750,0.5,0.49699999999999994,0.03314641143339354,-0.006964701003481129,0.0016875881041886862,-4.1270147533005,3.675028250888625e-05,1.0,12,0.38875000000000004,0.4766,0.336,-0.014236141215115341,0.0004889958358140328,0.9926160495099964
E2 regression contexte tirage,imputation par tirage,C,750,0.05,0.05144444444444441,0.030516666666666623,2.4444444444396418e-05,0.0010935900468854569,0.022352475238791872,0.9821667901340719,0.0,12,0.8388,0.9652000000000001,0.75675,-0.002480693213726102,-0.002072092768843046,0.9787963422749294
E2 regression contexte tirage,imputation par tirage,C,750,0.1,0.09799999999999998,0.0303944444444444,-9.777777777782506e-05,0.0010935900468854569,-0.0894099009553864,0.9287561551628085,0.0,12,0.8388,0.9652000000000001,0.75675,-0.002480693213726102,-0.002072092768843046,0.9787963422749294
E2 regression contexte tirage,imputation par tirage,C,750,0.25,0.24799999999999997,0.02957777777777774,-0.0009144444444444851,0.0010935900468854569,-0.8361857782528487,0.40305039786352426,0.0,12,0.8388,0.9652000000000001,0.75675,-0.002480693213726102,-0.002072092768843046,0.9787963422749294
E2 regression contexte tirage,imputation par tirage,C,750,0.5,0.49699999999999994,0.028766666666666624,-0.0017255555555556017,0.0010935900468854569,-1.5778815475414958,0.11459282489892299,0.0,12,0.8388,0.9652000000000001,0.75675,-0.002480693213726102,-0.002072092768843046,0.9787963422749294
E2 regression contexte tirage,imputation par tirage,A,1052,0.05,0.05038022813688211,-0.06657125886830273,0.0018711277626612954,0.004277478437351692,0.43743709993305396,0.6617943833232773,0.0,12,0.45945,0.5684,0.395,0.031660311219850266,-0.0033403210836038828,0.9962493590826449
E2 regression contexte tirage,imputation par tirage,A,1052,0.1,0.09980988593155889,-0.06620610024028521,0.0022362863906788127,0.004277478437351692,0.5228048307973145,0.6011100775375399,0.0,12,0.45945,0.5684,0.395,0.031660311219850266,-0.0033403210836038828,0.9962493590826449
E2 regression contexte tirage,imputation par tirage,A,1052,0.25,0.25,-0.060269147002201796,0.008173239628762229,0.004277478437351692,1.9107611525033223,0.056035282091799594,0.08333333333333333,12,0.45945,0.5684,0.395,0.031660311219850266,-0.0033403210836038828,0.9962493590826449
E2 regression contexte tirage,imputation par tirage,A,1052,0.5,0.5,-0.053531155234046064,0.01491123139691796,0.004277478437351692,3.4859863387528676,0.0004903260442963991,1.0,12,0.45945,0.5684,0.395,0.031660311219850266,-0.0033403210836038828,0.9962493590826449
E2 regression contexte tirage,imputation par tirage,B,1052,0.05,0.05038022813688211,0.04156104330628195,-0.0006287375905817683,0.001524859107359017,-0.4123250387838859,0.6801011985687939,0.0,12,0.35375,0.43195,0.3065,-0.013887032422836457,-0.0001729493655266535,0.9997159212838631
E2 regression contexte tirage,imputation par tirage,B,1052,0.1,0.09980988593155889,0.0408845874554514,-0.0013051934414123195,0.001524859107359017,-0.8559436311941319,0.39202895956470857,0.0,12,0.35375,0.43195,0.3065,-0.013887032422836457,-0.0001729493655266535,0.9997159212838631
E2 regression contexte tirage,imputation par tirage,B,1052,0.25,0.25,0.038628883601881575,-0.0035608972949821432,0.001524859107359017,-2.3352303683646203,0.01953138949474264,0.5833333333333334,12,0.35375,0.43195,0.3065,-0.013887032422836457,-0.0001729493655266535,0.9997159212838631
E2 regression contexte tirage,imputation par tirage,B,1052,0.5,0.5,0.03521853977172493,-0.006971241125138791,0.001524859107359017,-4.571728031459016,4.83718505978805e-06,1.0,12,0.35375,0.43195,0.3065,-0.013887032422836457,-0.0001729493655266535,0.9997159212838631
E2 regression contexte tirage,imputation par tirage,C,1052,0.05,0.05038022813688211,0.027107097591888424,-0.00012674271229408743,0.0009241516858999943,-0.1371449235313116,0.8909162440758783,0.0,12,0.7443000000000001,0.8581500000000001,0.67055,-0.002440571285392802,-0.002118986220525062,0.9997046738864865
E2 regression contexte tirage,imputation par tirage,C,1052,0.1,0.09980988593155889,0.026996197718631144,-0.00023764258555136752,0.0009241516858999943,-0.2571467316211591,0.7970655035081688,0.0,12,0.7443000000000001,0.8581500000000001,0.67055,-0.002440571285392802,-0.002118986220525062,0.9997046738864865
E2 regression contexte tirage,imputation par tirage,C,1052,0.25,0.25,0.0264733840304182,-0.0007604562737643129,0.0009241516858999943,-0.8228695411876408,0.41058218535630314,0.0,12,0.7443000000000001,0.8581500000000001,0.67055,-0.002440571285392802,-0.002118986220525062,0.9997046738864865
E2 regression contexte tirage,imputation par tirage,C,1052,0.5,0.5,0.025487167300380174,-0.0017466730038023376,0.0009241516858999943,-1.890028477415288,0.05875415155167444,0.16666666666666666,12,0.7443000000000001,0.8581500000000001,0.67055,-0.002440571285392802,-0.002118986220525062,0.9997046738864865
IM m=10 mode des m,imputation par esperance,A,300,0.05,0.04777777777777776,-0.04034149629883368,-0.003293880281566547,0.0050623540495576625,-0.6506617769759424,0.5152648422262269,0.0,12,0.25995,0.3146,0.22645,-0.06008224052688476,-0.011303774997014893,0.9993604319220094
IM m=10 mode des m,imputation par esperance,A,300,0.1,0.10611111111111111,-0.04237313520291027,-0.0053255191856431405,0.0050623540495576625,-1.0519847354628373,0.29280655303926145,0.16666666666666666,12,0.25995,0.3146,0.22645,-0.06008224052688476,-0.011303774997014893,0.9993604319220094
IM m=10 mode des m,imputation par esperance,A,300,0.25,0.25888888888888884,-0.05318979418680894,-0.01614217816954181,0.0050623540495576625,-3.188670332323414,0.0014292877643830393,0.75,12,0.25995,0.3146,0.22645,-0.06008224052688476,-0.011303774997014893,0.9993604319220094
IM m=10 mode des m,imputation par esperance,A,300,0.5,0.5022222222222221,-0.06984011162133975,-0.03279249560407262,0.0050623540495576625,-6.47771674660684,9.312095277151596e-11,1.0,12,0.25995,0.3146,0.22645,-0.06008224052688476,-0.011303774997014893,0.9993604319220094
IM m=10 mode des m,imputation par esperance,B,300,0.05,0.04777777777777776,0.03428560481158426,0.0005366043645226165,0.0020730142359473513,0.25885223324450185,0.7957492546164566,0.0,12,0.44315000000000004,0.5067,0.40175,0.007860557964362797,0.016421852185379705,0.9998142639810274
IM m=10 mode des m,imputation par esperance,B,300,0.1,0.10611111111111111,0.03464140679568032,0.000892406348618674,0.0020730142359473513,0.4304873228286593,0.6668411864629151,0.0,12,0.44315000000000004,0.5067,0.40175,0.007860557964362797,0.016421852185379705,0.9998142639810274
IM m=10 mode des m,imputation par esperance,B,300,0.25,0.25888888888888884,0.0367406333394255,0.0029916328923638574,0.0020730142359473513,1.4431318610779846,0.14898332961913008,0.25,12,0.44315000000000004,0.5067,0.40175,0.007860557964362797,0.016421852185379705,0.9998142639810274
IM m=10 mode des m,imputation par esperance,B,300,0.5,0.5022222222222221,0.04178600006609468,0.008036999619033036,0.0020730142359473513,3.876963061645445,0.0001057684084249561,0.8333333333333334,12,0.44315000000000004,0.5067,0.40175,0.007860557964362797,0.016421852185379705,0.9998142639810274
IM m=10 mode des m,imputation par esperance,C,300,0.05,0.04777777777777776,0.0465972222222222,0.0013805555555555377,0.00169280352145932,0.8155438821189349,0.4147610567969716,0.16666666666666666,12,0.25035,0.29975,0.21960000000000002,0.01958658790066712,0.009169492761550874,0.9989305993083656
IM m=10 mode des m,imputation par esperance,C,300,0.1,0.10611111111111111,0.04704166666666665,0.0018249999999999864,0.00169280352145932,1.0780932204268474,0.28099215683677503,0.08333333333333333,12,0.25035,0.29975,0.21960000000000002,0.01958658790066712,0.009169492761550874,0.9989305993083656
IM m=10 mode des m,imputation par esperance,C,300,0.25,0.25888888888888884,0.05069444444444441,0.005477777777777748,0.00169280352145932,3.2359205946449734,0.0012125110868365882,0.8333333333333334,12,0.25035,0.29975,0.21960000000000002,0.01958658790066712,0.009169492761550874,0.9989305993083656
IM m=10 mode des m,imputation par esperance,C,300,0.5,0.5022222222222221,0.05730555555555553,0.012088888888888871,0.00169280352145932,7.141342001975143,9.242407097976002e-13,1.0,12,0.25035,0.29975,0.21960000000000002,0.01958658790066712,0.009169492761550874,0.9989305993083656
IM m=10 mode des m,imputation par esperance,A,500,0.05,0.04750000000000001,-0.0544603351636932,-0.004748283639181047,0.004675325411364339,-1.0156049518263197,0.3098175458651826,0.0,12,0.20375000000000001,0.2503,0.17585,-0.0759462726429167,0.008280821104097147,0.9983165312270157
IM m=10 mode des m,imputation par esperance,A,500,0.1,0.10516666666666669,-0.058194890599807036,-0.00848283907529488,0.004675325411364339,-1.8143847387982017,0.06961851363990135,0.08333333333333333,12,0.20375000000000001,0.2503,0.17585,-0.0759462726429167,0.008280821104097147,0.9983165312270157
IM m=10 mode des m,imputation par esperance,A,500,0.25,0.2561666666666667,-0.06720981361060062,-0.017497762086088463,0.004675325411364339,-3.7425763014391595,0.00018214320038390872,1.0,12,0.20375000000000001,0.2503,0.17585,-0.0759462726429167,0.008280821104097147,0.9983165312270157
IM m=10 mode des m,imputation par esperance,A,500,0.5,0.5029999999999999,-0.08580923873737516,-0.036097187212863,0.004675325411364339,-7.720786049484678,1.1561447727513423e-14,1.0,12,0.20375000000000001,0.2503,0.17585,-0.0759462726429167,0.008280821104097147,0.9983165312270157
IM m=10 mode des m,imputation par esperance,B,500,0.05,0.04750000000000001,0.037962403068208875,0.000721671245796987,0.001734040458621174,0.4161790125536203,0.6772790160504749,0.0,12,0.4062,0.47415,0.36265000000000003,0.009931267270764902,0.00955712083329937,0.9992237262020203
IM m=10 mode des m,imputation par esperance,B,500,0.1,0.10516666666666669,0.03836134434139842,0.0011206125189865343,0.001734040458621174,0.6462435829655276,0.5181216183357514,0.0,12,0.4062,0.47415,0.36265000000000003,0.009931267270764902,0.00955712083329937,0.9992237262020203
IM m=10 mode des m,imputation par esperance,B,500,0.25,0.2561666666666667,0.040228005929831834,0.002987274107419946,0.001734040458621174,1.7227245722947453,0.08493834454362705,0.3333333333333333,12,0.4062,0.47415,0.36265000000000003,0.009931267270764902,0.00955712083329937,0.9992237262020203
IM m=10 mode des m,imputation par esperance,B,500,0.5,0.5029999999999999,0.044615572622562466,0.007374840800150578,0.001734040458621174,4.252980813385807,2.1094365646469793e-05,1.0,12,0.4062,0.47415,0.36265000000000003,0.009931267270764902,0.00955712083329937,0.9992237262020203
IM m=10 mode des m,imputation par esperance,C,500,0.05,0.04750000000000001,0.03698333333333333,0.0011589999999999934,0.0013037422640499435,0.8889793879962724,0.37401415746919525,0.16666666666666666,12,0.19690000000000002,0.2379,0.17170000000000002,0.020227612679137884,0.006090247237720263,0.9998259510089976
IM m=10 mode des m,imputation par esperance,C,500,0.1,0.10516666666666669,0.0378,0.0019756666666666603,0.0013037422640499435,1.515381315114731,0.1296758664365025,0.08333333333333333,12,0.19690000000000002,0.2379,0.17170000000000002,0.020227612679137884,0.006090247237720263,0.9998259510089976
IM m=10 mode des m,imputation par esperance,C,500,0.25,0.2561666666666667,0.04128333333333333,0.005458999999999992,0.0013037422640499435,4.18717728996693,2.824451972372293e-05,1.0,12,0.19690000000000002,0.2379,0.17170000000000002,0.020227612679137884,0.006090247237720263,0.9998259510089976
IM m=10 mode des m,imputation par esperance,C,500,0.5,0.5029999999999999,0.04745833333333333,0.011633999999999992,0.0013037422640499435,8.923542881750375,4.516047894993267e-19,1.0,12,0.19690000000000002,0.2379,0.17170000000000002,0.020227612679137884,0.006090247237720263,0.9998259510089976
IM m=10 mode des m,imputation par esperance,A,750,0.05,0.0501111111111111,-0.06333517986306109,-0.0029531029542812434,0.004493340965043854,-0.6572176421186461,0.5110409833278101,0.0,12,0.1962,0.2432,0.16845000000000002,-0.07850115851118934,0.022341855521800843,0.9992922788757425
IM m=10 mode des m,imputation par esperance,A,750,0.1,0.09977777777777774,-0.0685090581386,-0.008126981229820161,0.004493340965043854,-1.8086722759399683,0.07050193256015164,0.16666666666666666,12,0.1962,0.2432,0.16845000000000002,-0.07850115851118934,0.022341855521800843,0.9992922788757425
IM m=10 mode des m,imputation par esperance,A,750,0.25,0.25,-0.07862061496844686,-0.018238538059667013,0.004493340965043854,-4.059014929326426,4.928016327042716e-05,1.0,12,0.1962,0.2432,0.16845000000000002,-0.07850115851118934,0.022341855521800843,0.9992922788757425
IM m=10 mode des m,imputation par esperance,A,750,0.5,0.5016666666666667,-0.09403393832939672,-0.03365186142061687,0.004493340965043854,-7.489273946137858,6.925565351680617e-14,1.0,12,0.1962,0.2432,0.16845000000000002,-0.07850115851118934,0.022341855521800843,0.9992922788757425
IM m=10 mode des m,imputation par esperance,B,750,0.05,0.0501111111111111,0.04063673154880826,0.0005256191119335923,0.0016875881041886862,0.3114617308743626,0.7554496313578025,0.0,12,0.3795,0.4581,0.33115,0.013524028075700956,0.0022799302981653547,0.9970806028897969
IM m=10 mode des m,imputation par esperance,B,750,0.1,0.09977777777777774,0.0418621045597464,0.0017509921228717334,0.0016875881041886862,1.0375707902453655,0.29946992268149497,0.0,12,0.3795,0.4581,0.33115,0.013524028075700956,0.0022799302981653547,0.9970806028897969
IM m=10 mode des m,imputation par esperance,B,750,0.25,0.25,0.04345037105388532,0.0033392586170106556,0.0016875881041886862,1.9787166126156215,0.047847921495569566,0.16666666666666666,12,0.3795,0.4581,0.33115,0.013524028075700956,0.0022799302981653547,0.9970806028897969
IM m=10 mode des m,imputation par esperance,B,750,0.5,0.5016666666666667,0.04747570128133713,0.0073645888444624635,0.0016875881041886862,4.363972954172378,1.2772137468864724e-05,1.0,12,0.3795,0.4581,0.33115,0.013524028075700956,0.0022799302981653547,0.9970806028897969
IM m=10 mode des m,imputation par esperance,C,750,0.05,0.0501111111111111,0.03168888888888884,0.0011966666666666168,0.0010935900468854569,1.0942552651011428,0.27384303926157966,0.16666666666666666,12,0.1617,0.196,0.14075000000000001,0.021018841848083364,0.005348138423951223,0.9995609174740865
IM m=10 mode des m,imputation par esperance,C,750,0.1,0.09977777777777774,0.03242222222222218,0.0019299999999999526,0.0010935900468854569,1.7648295222662187,0.07759242138191234,0.3333333333333333,12,0.1617,0.196,0.14075000000000001,0.021018841848083364,0.005348138423951223,0.9995609174740865
IM m=10 mode des m,imputation par esperance,C,750,0.25,0.25,0.036177777777777746,0.00568555555555552,0.0010935900468854569,5.198982536232819,2.0038234904710043e-07,1.0,12,0.1617,0.196,0.14075000000000001,0.021018841848083364,0.005348138423951223,0.9995609174740865
IM m=10 mode des m,imputation par esperance,C,750,0.5,0.5016666666666667,0.04232222222222217,0.011829999999999945,0.0010935900468854569,10.817581993994706,2.8417585002976018e-27,1.0,12,0.1617,0.196,0.14075000000000001,0.021018841848083364,0.005348138423951223,0.9995609174740865
IM m=10 mode des m,imputation par esperance,A,1052,0.05,0.05038022813688211,-0.0726244038294578,-0.004182017198493773,0.004277478437351692,-0.9776828240618739,0.32823121933071253,0.0,12,0.17885,0.22165,0.15365,-0.08181024404864927,0.024741655287245142,0.9999827622397662
IM m=10 mode des m,imputation par esperance,A,1052,0.1,0.09980988593155889,-0.07639238060343531,-0.007949993972471286,0.004277478437351692,-1.8585702041302057,0.06308808376110195,0.08333333333333333,12,0.17885,0.22165,0.15365,-0.08181024404864927,0.024741655287245142,0.9999827622397662
IM m=10 mode des m,imputation par esperance,A,1052,0.25,0.25,-0.08728289778222649,-0.018840511151262465,0.004277478437351692,-4.404583547807937,1.0598728824978134e-05,1.0,12,0.17885,0.22165,0.15365,-0.08181024404864927,0.024741655287245142,0.9999827622397662
IM m=10 mode des m,imputation par esperance,A,1052,0.5,0.5,-0.10317632989867719,-0.03473394326771316,0.004277478437351692,-8.120191317485151,4.654493626079325e-16,1.0,12,0.17885,0.22165,0.15365,-0.08181024404864927,0.024741655287245142,0.9999827622397662
IM m=10 mode des m,imputation par esperance,B,1052,0.05,0.05038022813688211,0.04294004598499179,0.0007502650881280742,0.001524859107359017,0.4920225642534919,0.6227033922777956,0.0,12,0.315,0.38695,0.27195,0.0160084930307012,-0.0010967729929042603,0.9999621774082283
IM m=10 mode des m,imputation par esperance,B,1052,0.1,0.09980988593155889,0.0437688825309821,0.0015791016341183822,0.001524859107359017,1.0355721564684823,0.30040178731826456,0.0,12,0.315,0.38695,0.27195,0.0160084930307012,-0.0010967729929042603,0.9999621774082283
IM m=10 mode des m,imputation par esperance,B,1052,0.25,0.25,0.04614732535058993,0.00395754445372621,0.001524859107359017,2.5953508980777165,0.00944943920919799,0.9166666666666666,12,0.315,0.38695,0.27195,0.0160084930307012,-0.0010967729929042603,0.9999621774082283
IM m=10 mode des m,imputation par esperance,B,1052,0.5,0.5,0.04991474716083155,0.0077249662639678335,0.001524859107359017,5.066019691056641,4.0621991449671447e-07,1.0,12,0.315,0.38695,0.27195,0.0160084930307012,-0.0010967729929042603,0.9999621774082283
IM m=10 mode des m,imputation par esperance,C,1052,0.05,0.05038022813688211,0.02838244613434721,0.0011486058301646979,0.0009241516858999943,1.2428758695020037,0.21391357902503716,0.0,12,0.1348,0.16390000000000002,0.11710000000000001,0.021635952252895968,0.0040652194620575954,0.9999798266552072
IM m=10 mode des m,imputation par esperance,C,1052,0.1,0.09980988593155889,0.029435994930291465,0.002202154626108954,0.0009241516858999943,2.3828930463556577,0.017177184087066616,0.5,12,0.1348,0.16390000000000002,0.11710000000000001,0.021635952252895968,0.0040652194620575954,0.9999798266552072
IM m=10 mode des m,imputation par esperance,C,1052,0.25,0.25,0.03287785171102657,0.005644011406844059,0.0009241516858999943,6.107234876001534,1.0137200651597855e-09,1.0,12,0.1348,0.16390000000000002,0.11710000000000001,0.021635952252895968,0.0040652194620575954,0.9999798266552072
IM m=10 mode des m,imputation par esperance,C,1052,0.5,0.5,0.03907240177439793,0.011838561470215416,0.0009241516858999943,12.810193013592045,1.437764873186276e-37,1.0,12,0.1348,0.16390000000000002,0.11710000000000001,0.021635952252895968,0.0040652194620575954,0.9999798266552072
PMM k=10,imputation par tirage,A,300,0.05,0.055277777777777724,-0.03791573911165718,-0.0008681230943900498,0.0050623540495576625,-0.17148604895896297,0.8638415992744,0.0,12,0.57015,0.62825,0.53195,0.0020889315132444635,-0.05405265479717111,0.968108559309039
PMM k=10,imputation par tirage,A,300,0.1,0.1036111111111111,-0.03904039569920927,-0.0019927796819421417,0.0050623540495576625,-0.39364684145635104,0.6938417931968108,0.0,12,0.57015,0.62825,0.53195,0.0020889315132444635,-0.05405265479717111,0.968108559309039
PMM k=10,imputation par tirage,A,300,0.25,0.2447222222222222,-0.03853906274928912,-0.001491446732021992,0.0050623540495576625,-0.2946152555553303,0.7682878069332895,0.0,12,0.57015,0.62825,0.53195,0.0020889315132444635,-0.05405265479717111,0.968108559309039
PMM k=10,imputation par tirage,A,300,0.5,0.5063888888888889,-0.04978264655681781,-0.012735030539550676,0.0050623540495576625,-2.515634113078961,0.011881846185122136,0.5,12,0.57015,0.62825,0.53195,0.0020889315132444635,-0.05405265479717111,0.968108559309039
PMM k=10,imputation par tirage,B,300,0.05,0.055277777777777724,0.03454600279301889,0.000797002345957247,0.0020730142359473513,0.3844654475288845,0.7006335005552682,0.0,12,0.5249,0.60505,0.47300000000000003,0.007730980851161697,0.009617850314994934,0.9945112320426126
PMM k=10,imputation par tirage,B,300,0.1,0.1036111111111111,0.03480997500403937,0.001060974556977727,0.0020730142359473513,0.5118028321174891,0.6087890080475727,0.0,12,0.5249,0.60505,0.47300000000000003,0.007730980851161697,0.009617850314994934,0.9945112320426126
PMM k=10,imputation par tirage,B,300,0.25,0.2447222222222222,0.03602106748062362,0.0022720670335619753,0.0020730142359473513,1.096020950634552,0.2730696061171384,0.16666666666666666,12,0.5249,0.60505,0.47300000000000003,0.007730980851161697,0.009617850314994934,0.9945112320426126
PMM k=10,imputation par tirage,B,300,0.5,0.5063888888888889,0.040072869901845554,0.006323869454783908,0.0020730142359473513,3.0505673068347017,0.002284094791641029,0.6666666666666666,12,0.5249,0.60505,0.47300000000000003,0.007730980851161697,0.009617850314994934,0.9945112320426126
PMM k=10,imputation par tirage,C,300,0.05,0.055277777777777724,0.045611111111111075,0.00039444444444441257,0.00169280352145932,0.2330125377482513,0.8157516699991503,0.0,12,0.9529000000000001,,0.85045,0.0041527025671878135,0.001674187725632217,0.9574911809851111
PMM k=10,imputation par tirage,C,300,0.1,0.1036111111111111,0.045152777777777736,-6.38888888889258e-05,0.00169280352145932,-0.03774146738178387,0.9698938133444831,0.0,12,0.9529000000000001,,0.85045,0.0041527025671878135,0.001674187725632217,0.9574911809851111
PMM k=10,imputation par tirage,C,300,0.25,0.2447222222222222,0.04661111111111107,0.0013944444444444065,0.00169280352145932,0.8237485489410453,0.41008244760496687,0.0,12,0.9529000000000001,,0.85045,0.0041527025671878135,0.001674187725632217,0.9574911809851111
PMM k=10,imputation par tirage,C,300,0.5,0.5063888888888889,0.047666666666666614,0.002449999999999952,0.00169280352145932,1.4473032274223259,0.14781201560901117,0.16666666666666666,12,0.9529000000000001,,0.85045,0.0041527025671878135,0.001674187725632217,0.9574911809851111
PMM k=10,imputation par tirage,A,500,0.05,0.05116666666666667,-0.05094264275412417,-0.001230591229612013,0.004675325411364339,-0.2632097493408284,0.7923889167875696,0.0,12,0.525,0.6049,0.47325,-0.017307477635788125,-0.021917939967419562,0.991589865683285
PMM k=10,imputation par tirage,A,500,0.1,0.09950000000000002,-0.05276575781779951,-0.003053706293287356,0.004675325411364339,-0.6531537432377853,0.5136571677711086,0.0,12,0.525,0.6049,0.47325,-0.017307477635788125,-0.021917939967419562,0.991589865683285
PMM k=10,imputation par tirage,A,500,0.25,0.244,-0.05459062143895547,-0.004878569914443312,0.004675325411364339,-1.0434717340925501,0.29672986538579005,0.0,12,0.525,0.6049,0.47325,-0.017307477635788125,-0.021917939967419562,0.991589865683285
PMM k=10,imputation par tirage,A,500,0.5,0.4954999999999999,-0.06400256262969756,-0.0142905111051854,0.004675325411364339,-3.0565810607427193,0.0022387693733186545,0.75,12,0.525,0.6049,0.47325,-0.017307477635788125,-0.021917939967419562,0.991589865683285
PMM k=10,imputation par tirage,B,500,0.05,0.05116666666666667,0.038075097484383376,0.0008343656619714881,0.001734040458621174,0.4811685089717778,0.630396740294685,0.0,12,0.41185,0.52935,0.34725,0.015968432917156845,-0.005693375493922447,0.9958022268519384
PMM k=10,imputation par tirage,B,500,0.1,0.09950000000000002,0.03918868422742678,0.0019479524050148925,0.001734040458621174,1.1233604125729633,0.26128445569888387,0.08333333333333333,12,0.41185,0.52935,0.34725,0.015968432917156845,-0.005693375493922447,0.9958022268519384
PMM k=10,imputation par tirage,B,500,0.25,0.244,0.040597792763912906,0.003357060941501018,0.001734040458621174,1.9359761329735017,0.05287062417573084,0.5,12,0.41185,0.52935,0.34725,0.015968432917156845,-0.005693375493922447,0.9958022268519384
PMM k=10,imputation par tirage,B,500,0.5,0.4954999999999999,0.043854583748086186,0.006613851925674298,0.001734040458621174,3.8141278035307873,0.0001366647340706525,1.0,12,0.41185,0.52935,0.34725,0.015968432917156845,-0.005693375493922447,0.9958022268519384
PMM k=10,imputation par tirage,C,500,0.05,0.05116666666666667,0.03626666666666667,0.0004423333333333293,0.0013037422640499435,0.3392797376678313,0.7343990053704235,0.0,12,,,0.8411000000000001,0.0052538953615576854,-0.0010834755497207895,0.9810038786629203
PMM k=10,imputation par tirage,C,500,0.1,0.09950000000000002,0.03603333333333333,0.00020899999999998697,0.0013037422640499435,0.16030775849112203,0.8726386475244061,0.0,12,,,0.8411000000000001,0.0052538953615576854,-0.0010834755497207895,0.9810038786629203
PMM k=10,imputation par tirage,C,500,0.25,0.244,0.03719999999999999,0.00137566666666665,0.0013037422640499435,1.0551676543746313,0.29134865460942905,0.0,12,,,0.8411000000000001,0.0052538953615576854,-0.0010834755497207895,0.9810038786629203
PMM k=10,imputation par tirage,C,500,0.5,0.4954999999999999,0.038158333333333336,0.002333999999999996,0.0013037422640499435,1.7902311402789544,0.07341676092199345,0.25,12,,,0.8411000000000001,0.0052538953615576854,-0.0010834755497207895,0.9810038786629203
PMM k=10,imputation par tirage,A,750,0.05,0.05266666666666664,-0.0610537875589247,-0.0006717106501448605,0.004493340965043854,-0.14949024687208548,0.881166804763859,0.0,12,0.4778,0.56705,0.42165,-0.02556296036009744,-0.010185639975668296,0.9965744507067545
PMM k=10,imputation par tirage,A,750,0.1,0.10099999999999999,-0.06377940862479306,-0.0033973317160132174,0.004493340965043854,-0.7560814419477424,0.4496003678801493,0.0,12,0.4778,0.56705,0.42165,-0.02556296036009744,-0.010185639975668296,0.9965744507067545
PMM k=10,imputation par tirage,A,750,0.25,0.2443333333333333,-0.06716382928633323,-0.006781752377553386,0.004493340965043854,-1.50928950870017,0.13122481459957322,0.16666666666666666,12,0.4778,0.56705,0.42165,-0.02556296036009744,-0.010185639975668296,0.9965744507067545
PMM k=10,imputation par tirage,A,750,0.5,0.49722222222222223,-0.07574811647895131,-0.01536603957017147,0.004493340965043854,-3.419735935846458,0.0006268194986579695,0.9166666666666666,12,0.4778,0.56705,0.42165,-0.02556296036009744,-0.010185639975668296,0.9965744507067545
PMM k=10,imputation par tirage,B,750,0.05,0.05266666666666664,0.04056664889017347,0.00045553645329880765,0.0016875881041886862,0.2699334346859528,0.7872114644457818,0.0,12,0.39385000000000003,0.4708,0.34590000000000004,0.012269692796038926,0.004049138711343213,0.9978099404135539
PMM k=10,imputation par tirage,B,750,0.1,0.10099999999999999,0.04168451679253422,0.0015734043556595509,0.0016875881041886862,0.9323390889958723,0.3511613126354307,0.0,12,0.39385000000000003,0.4708,0.34590000000000004,0.012269692796038926,0.004049138711343213,0.9978099404135539
PMM k=10,imputation par tirage,B,750,0.25,0.2443333333333333,0.04329630841640166,0.003185195979526996,0.0016875881041886862,1.887425001172481,0.05910318503976414,0.16666666666666666,12,0.39385000000000003,0.4708,0.34590000000000004,0.012269692796038926,0.004049138711343213,0.9978099404135539
PMM k=10,imputation par tirage,B,750,0.5,0.49722222222222223,0.04728151107274048,0.007170398635865813,0.0016875881041886862,4.248903282778831,2.148196353977588e-05,1.0,12,0.39385000000000003,0.4708,0.34590000000000004,0.012269692796038926,0.004049138711343213,0.9978099404135539
PMM k=10,imputation par tirage,C,750,0.05,0.05266666666666664,0.03099999999999996,0.0005077777777777355,0.0010935900468854569,0.4643218720066866,0.642417155934216,0.0,12,,,0.915,0.006037571564015173,-0.0029389745833781422,0.986757014707076
PMM k=10,imputation par tirage,C,750,0.1,0.10099999999999999,0.030844444444444414,0.0003522222222221878,0.0010935900468854569,0.322078847759557,0.7473929622182891,0.0,12,,,0.915,0.006037571564015173,-0.0029389745833781422,0.986757014707076
PMM k=10,imputation par tirage,C,750,0.25,0.2443333333333333,0.031883333333333284,0.0013911111111110583,0.0010935900468854569,1.272059045410061,0.20335214102526897,0.0,12,,,0.915,0.006037571564015173,-0.0029389745833781422,0.986757014707076
PMM k=10,imputation par tirage,C,750,0.5,0.49722222222222223,0.032766666666666645,0.0022744444444444192,0.0010935900468854569,2.0797962188134704,0.03754422808066384,0.3333333333333333,12,,,0.915,0.006037571564015173,-0.0029389745833781422,0.986757014707076
PMM k=10,imputation par tirage,A,1052,0.05,0.05038022813688211,-0.07072949487496447,-0.002287108244000441,0.004277478437351692,-0.534686095440952,0.5928669379663234,0.0,12,0.40415,0.5185500000000001,0.34105,-0.039974107881184405,0.014174945501599921,0.9996588593437035
PMM k=10,imputation par tirage,A,1052,0.1,0.09980988593155889,-0.07215139430749135,-0.0037090076765273206,0.004277478437351692,-0.86710143156763,0.3858864363025109,0.0,12,0.40415,0.5185500000000001,0.34105,-0.039974107881184405,0.014174945501599921,0.9996588593437035
PMM k=10,imputation par tirage,A,1052,0.25,0.25,-0.07752725537068793,-0.009084868739723903,0.004277478437351692,-2.123884169793408,0.03367983042094832,0.25,12,0.40415,0.5185500000000001,0.34105,-0.039974107881184405,0.014174945501599921,0.9996588593437035
PMM k=10,imputation par tirage,A,1052,0.5,0.5,-0.08489401297446285,-0.016451626343498824,0.004277478437351692,-3.846103863397729,0.00012001090699599811,1.0,12,0.40415,0.5185500000000001,0.34105,-0.039974107881184405,0.014174945501599921,0.9996588593437035
PMM k=10,imputation par tirage,B,1052,0.05,0.05038022813688211,0.04301638367350303,0.0008266027766393111,0.001524859107359017,0.5420846900871698,0.5877601650494901,0.0,12,0.33305,0.41025,0.28705,0.015313394122990537,-0.0014970671839086604,0.9998696650401941
PMM k=10,imputation par tirage,B,1052,0.1,0.09980988593155889,0.043751614136934854,0.0015618332400711352,0.001524859107359017,1.0242475731257268,0.30571835374633755,0.0,12,0.33305,0.41025,0.28705,0.015313394122990537,-0.0014970671839086604,0.9998696650401941
PMM k=10,imputation par tirage,B,1052,0.25,0.25,0.04587218218302407,0.003682401286160354,0.001524859107359017,2.4149124783981497,0.015738991063472624,0.3333333333333333,12,0.33305,0.41025,0.28705,0.015313394122990537,-0.0014970671839086604,0.9998696650401941
PMM k=10,imputation par tirage,B,1052,0.5,0.5,0.049482840961411124,0.007293060064547406,0.001524859107359017,4.782776342647575,1.7289046086525094e-06,1.0,12,0.33305,0.41025,0.28705,0.015313394122990537,-0.0014970671839086604,0.9998696650401941
PMM k=10,imputation par tirage,C,1052,0.05,0.05038022813688211,0.027423954372623533,0.00019011406844102186,0.0009241516858999943,0.2057173852968492,0.8370116775090903,0.0,12,0.75415,,0.62705,0.004938957624382797,-0.0012914877522941916,0.9986593132574391
PMM k=10,imputation par tirage,C,1052,0.1,0.09980988593155889,0.02778437896070972,0.0005505386565272073,0.0009241516858999943,0.5957232615888807,0.5513601157471661,0.0,12,0.75415,,0.62705,0.004938957624382797,-0.0012914877522941916,0.9986593132574391
PMM k=10,imputation par tirage,C,1052,0.25,0.25,0.028362642585551285,0.0011288022813687737,0.0009241516858999943,1.2214469752002655,0.22191683046513008,0.0,12,0.75415,,0.62705,0.004938957624382797,-0.0012914877522941916,0.9986593132574391
PMM k=10,imputation par tirage,C,1052,0.5,0.5,0.029384505703421996,0.0021506653992394847,0.0009241516858999943,2.3271779211710664,0.019955797627425054,0.5,12,0.75415,,0.62705,0.004938957624382797,-0.0012914877522941916,0.9986593132574391
agents composite,modele riche,A,300,0.05,0.05194444444444441,-0.04054575952814383,-0.0034981435108766973,0.0050623540495576625,-0.6910112324487374,0.48955848227551174,0.08333333333333333,12,0.26285000000000003,0.30535,0.23555,-0.04216554961118004,-0.07666587875281151,0.9990710138458595
agents composite,modele riche,A,300,0.1,0.0986111111111111,-0.04147324378094131,-0.004425627763674181,0.0050623540495576625,-0.8742232803849195,0.3819966702151406,0.0,12,0.26285000000000003,0.30535,0.23555,-0.04216554961118004,-0.07666587875281151,0.9990710138458595
agents composite,modele riche,A,300,0.25,0.25166666666666665,-0.052306123392458055,-0.015258507375190924,0.0050623540495576625,-3.014113044211947,0.0025773175396962113,0.8333333333333334,12,0.26285000000000003,0.30535,0.23555,-0.04216554961118004,-0.07666587875281151,0.9990710138458595
agents composite,modele riche,A,300,0.5,0.5061111111111111,-0.07732580629953824,-0.04027819028227111,0.0050623540495576625,-7.956415115965768,1.7709553266220956e-15,1.0,12,0.26285000000000003,0.30535,0.23555,-0.04216554961118004,-0.07666587875281151,0.9990710138458595
agents composite,modele riche,B,300,0.05,0.05194444444444441,0.03551792514042224,0.0017689246933605962,0.0020730142359473513,0.8533104417163886,0.39348717112238996,0.16666666666666666,12,0.23645000000000002,0.28150000000000003,0.2082,0.02441722495897388,0.016725481135331857,0.9989285118886879
agents composite,modele riche,B,300,0.1,0.0986111111111111,0.036049034204227635,0.0023000337571659896,0.0020730142359473513,1.1095118003928672,0.2672094566680692,0.08333333333333333,12,0.23645000000000002,0.28150000000000003,0.2082,0.02441722495897388,0.016725481135331857,0.9989285118886879
agents composite,modele riche,B,300,0.25,0.25166666666666665,0.04091412322249109,0.007165122775429446,0.0020730142359473513,3.4563789534976546,0.0005474850405963042,0.8333333333333334,12,0.23645000000000002,0.28150000000000003,0.2082,0.02441722495897388,0.016725481135331857,0.9989285118886879
agents composite,modele riche,B,300,0.5,0.5061111111111111,0.05014240996377727,0.016393409516715626,0.0020730142359473513,7.908006241560598,2.6154370388456653e-15,1.0,12,0.23645000000000002,0.28150000000000003,0.2082,0.02441722495897388,0.016725481135331857,0.9989285118886879
agents composite,modele riche,C,300,0.05,0.05194444444444441,0.04600601682466285,0.0007893501579961867,0.00169280352145932,0.4662975637690719,0.6410025223455676,0.0,12,0.3113,0.3534,0.2838,0.007609157806072197,0.03208176633542658,0.9989544708792538
agents composite,modele riche,C,300,0.1,0.0986111111111111,0.046064411822655145,0.000847745155988483,0.00169280352145932,0.5007935919566524,0.6165163959361684,0.0,12,0.3113,0.3534,0.2838,0.007609157806072197,0.03208176633542658,0.9989544708792538
agents composite,modele riche,C,300,0.25,0.25166666666666665,0.04915549139178415,0.003938824725117487,0.00169280352145932,2.3268056069034717,0.01997561386420205,0.5833333333333334,12,0.3113,0.3534,0.2838,0.007609157806072197,0.03208176633542658,0.9989544708792538
agents composite,modele riche,C,300,0.5,0.5061111111111111,0.05703990358715096,0.0118232369204843,0.00169280352145932,6.984411817794311,2.8605184516211443e-12,1.0,12,0.3113,0.3534,0.2838,0.007609157806072197,0.03208176633542658,0.9989544708792538
agents composite,modele riche,A,500,0.05,0.05183333333333334,-0.052558859646170485,-0.0028468081216583285,0.004675325411364339,-0.6089005301617245,0.5425903728095001,0.0,12,0.21845,0.25475000000000003,0.19515000000000002,-0.049304845156983246,-0.09138873036442581,0.9998939658010633
agents composite,modele riche,A,500,0.1,0.09466666666666668,-0.05510954742192158,-0.005397495897409427,0.004675325411364339,-1.1544642185311218,0.2483099000554757,0.08333333333333333,12,0.21845,0.25475000000000003,0.19515000000000002,-0.049304845156983246,-0.09138873036442581,0.9998939658010633
agents composite,modele riche,A,500,0.25,0.25066666666666676,-0.06798094519792848,-0.018268893673416324,0.004675325411364339,-3.9075127538737786,9.325112059980215e-05,1.0,12,0.21845,0.25475000000000003,0.19515000000000002,-0.049304845156983246,-0.09138873036442581,0.9998939658010633
agents composite,modele riche,A,500,0.5,0.5053333333333333,-0.09717027910651009,-0.047458227581997935,0.004675325411364339,-10.15078596810416,3.287053794514572e-24,1.0,12,0.21845,0.25475000000000003,0.19515000000000002,-0.049304845156983246,-0.09138873036442581,0.9998939658010633
agents composite,modele riche,B,500,0.05,0.05183333333333334,0.03883734774410912,0.001596615921697235,0.001734040458621174,0.9207489443278547,0.35718151628309563,0.0,12,0.19690000000000002,0.23415000000000002,0.17355,0.024304625402834783,0.021283134309430806,0.9993053879516197
agents composite,modele riche,B,500,0.1,0.09466666666666668,0.03951703717819321,0.0022763053557813204,0.001734040458621174,1.3127175576925865,0.18927813902786048,0.0,12,0.19690000000000002,0.23415000000000002,0.17355,0.024304625402834783,0.021283134309430806,0.9993053879516197
agents composite,modele riche,B,500,0.25,0.25066666666666676,0.044763813071440256,0.007523081249028368,0.001734040458621174,4.338469273669867,1.4347853926849433e-05,1.0,12,0.19690000000000002,0.23415000000000002,0.17355,0.024304625402834783,0.021283134309430806,0.9993053879516197
agents composite,modele riche,B,500,0.5,0.5053333333333333,0.05469604362313796,0.01745531180072607,0.001734040458621174,10.0662655902537,7.787915526205969e-24,1.0,12,0.19690000000000002,0.23415000000000002,0.17355,0.024304625402834783,0.021283134309430806,0.9993053879516197
agents composite,modele riche,C,500,0.05,0.05183333333333334,0.03595865139138393,0.00013431805805059344,0.0013037422640499435,0.10302500866493963,0.9179431225182432,0.0,12,0.25905,0.29525,0.2354,0.007853856693435524,0.03255666505012868,0.9987781083499396
agents composite,modele riche,C,500,0.1,0.09466666666666668,0.0367661589578085,0.0009418256244751594,0.0013037422640499435,0.722401697364227,0.47004754364719575,0.0,12,0.25905,0.29525,0.2354,0.007853856693435524,0.03255666505012868,0.9987781083499396
agents composite,modele riche,C,500,0.25,0.25066666666666676,0.0400531460754906,0.004228812742157258,0.0013037422640499435,3.2435956544208966,0.0011803117144039664,0.6666666666666666,12,0.25905,0.29525,0.2354,0.007853856693435524,0.03255666505012868,0.9987781083499396
agents composite,modele riche,C,500,0.5,0.5053333333333333,0.047842951423999185,0.012018618090665845,0.0013037422640499435,9.21855371423737,3.0113437957414495e-20,1.0,12,0.25905,0.29525,0.2354,0.007853856693435524,0.03255666505012868,0.9987781083499396
agents composite,modele riche,A,750,0.05,0.05144444444444441,-0.063417849457005,-0.003035772548225159,0.004493340965043854,-0.6756158884540672,0.4992845511899307,0.0,12,0.193,0.22675,0.17155,-0.05795278321030509,-0.09007790807568493,0.9999794890875859
agents composite,modele riche,A,750,0.1,0.09866666666666664,-0.06689536978866896,-0.006513292879889117,0.004493340965043854,-1.4495434311706075,0.14718588066944738,0.08333333333333333,12,0.193,0.22675,0.17155,-0.05795278321030509,-0.09007790807568493,0.9999794890875859
agents composite,modele riche,A,750,0.25,0.2522222222222222,-0.08064845335779385,-0.020266376449014002,0.004493340965043854,-4.510313507627661,6.47318876969823e-06,1.0,12,0.193,0.22675,0.17155,-0.05795278321030509,-0.09007790807568493,0.9999794890875859
agents composite,modele riche,A,750,0.5,0.5005555555555555,-0.11184904887962747,-0.05146697197084763,0.004493340965043854,-11.454054426591979,2.2439868097796327e-30,1.0,12,0.193,0.22675,0.17155,-0.05795278321030509,-0.09007790807568493,0.9999794890875859
agents composite,modele riche,B,750,0.05,0.05144444444444441,0.04143091233264101,0.0013197998957663465,0.0016875881041886862,0.7820628105226215,0.4341776612951784,0.0,12,0.1885,0.22405,0.16620000000000001,0.024610822123843565,0.023121669083733913,0.9999855191274182
agents composite,modele riche,B,750,0.1,0.09866666666666664,0.04274116446558327,0.0026300520287086057,0.0016875881041886862,1.5584679829045207,0.11912235201028729,0.08333333333333333,12,0.1885,0.22405,0.16620000000000001,0.024610822123843565,0.023121669083733913,0.9999855191274182
agents composite,modele riche,B,750,0.25,0.2522222222222222,0.04773743662318596,0.0076263241863112965,0.0016875881041886862,4.51906728151398,6.211265572874775e-06,1.0,12,0.1885,0.22405,0.16620000000000001,0.024610822123843565,0.023121669083733913,0.9999855191274182
agents composite,modele riche,B,750,0.5,0.5005555555555555,0.05819198751413754,0.018080875077262873,0.0016875881041886862,10.714033259884417,8.746625172629832e-27,1.0,12,0.1885,0.22405,0.16620000000000001,0.024610822123843565,0.023121669083733913,0.9999855191274182
agents composite,modele riche,C,750,0.05,0.05144444444444441,0.03086701922557758,0.0003747970033553538,0.0010935900468854569,0.34272166651733454,0.7318078613160157,0.0,12,0.2169,0.2506,0.1951,0.010231419303062256,0.028053443304357776,0.9995984754346106
agents composite,modele riche,C,750,0.1,0.09866666666666664,0.03171085456124647,0.0012186323390242434,0.0010935900468854569,1.114341102952525,0.26513287996976076,0.0,12,0.2169,0.2506,0.1951,0.010231419303062256,0.028053443304357776,0.9995984754346106
agents composite,modele riche,C,750,0.25,0.2522222222222222,0.034932332155299624,0.004440109933077398,0.0010935900468854569,4.060122845597237,4.904690384719191e-05,1.0,12,0.2169,0.2506,0.1951,0.010231419303062256,0.028053443304357776,0.9995984754346106
agents composite,modele riche,C,750,0.5,0.5005555555555555,0.042594534811319036,0.01210231258909681,0.0010935900468854569,11.066589919654245,1.8220266057913573e-28,1.0,12,0.2169,0.2506,0.1951,0.010231419303062256,0.028053443304357776,0.9995984754346106
agents composite,modele riche,A,1052,0.05,0.05038022813688211,-0.0721001425469295,-0.003657755915965469,0.004277478437351692,-0.8551196620946824,0.3924849056046748,0.0,12,0.17015,0.20295000000000002,0.14965,-0.07092622857012688,-0.061218949266535615,0.9999986698857481
agents composite,modele riche,A,1052,0.1,0.09980988593155889,-0.07611448423577132,-0.00767209760480729,0.004277478437351692,-1.7936028707504845,0.07287657801334188,0.0,12,0.17015,0.20295000000000002,0.14965,-0.07092622857012688,-0.061218949266535615,0.9999986698857481
agents composite,modele riche,A,1052,0.25,0.25,-0.0900360425782261,-0.021593655947262078,0.004277478437351692,-5.048220876744225,4.4594340131270766e-07,1.0,12,0.17015,0.20295000000000002,0.14965,-0.07092622857012688,-0.061218949266535615,0.9999986698857481
agents composite,modele riche,A,1052,0.5,0.5,-0.1192029842324203,-0.05076059760145628,0.004277478437351692,-11.866944122547958,1.7577143528224706e-32,1.0,12,0.17015,0.20295000000000002,0.14965,-0.07092622857012688,-0.061218949266535615,0.9999986698857481
agents composite,modele riche,B,1052,0.05,0.05038022813688211,0.043378487732224906,0.0011887068353611877,0.001524859107359017,0.779551913763345,0.43565466932539376,0.0,12,0.1587,0.19095,0.13875,0.028681215300702997,0.015202800974422117,0.9996090916433927
agents composite,modele riche,B,1052,0.1,0.09980988593155889,0.045034493915496264,0.0028447130186325456,0.001524859107359017,1.8655579423068485,0.06210323847028912,0.08333333333333333,12,0.1587,0.19095,0.13875,0.028681215300702997,0.015202800974422117,0.9996090916433927
agents composite,modele riche,B,1052,0.25,0.25,0.05052454909205692,0.008334768195193201,0.001524859107359017,5.465926756753691,4.604944662085574e-08,1.0,12,0.1587,0.19095,0.13875,0.028681215300702997,0.015202800974422117,0.9996090916433927
agents composite,modele riche,B,1052,0.5,0.5,0.060287367533710105,0.018097586636846387,0.001524859107359017,11.868366427761671,1.7280898596670282e-32,1.0,12,0.1587,0.19095,0.13875,0.028681215300702997,0.015202800974422117,0.9996090916433927
agents composite,modele riche,C,1052,0.05,0.05038022813688211,0.027591895194136542,0.0003580548899540306,0.0009241516858999943,0.38744168886662295,0.698429245820058,0.0,12,0.20105,0.23105,0.18155000000000002,0.008565924087830468,0.03138612945188985,0.9998505575035528
agents composite,modele riche,C,1052,0.1,0.09980988593155889,0.028410196373298533,0.0011763560691160219,0.0009241516858999943,1.2729036662097477,0.20305222814475773,0.0,12,0.20105,0.23105,0.18155000000000002,0.008565924087830468,0.03138612945188985,0.9998505575035528
agents composite,modele riche,C,1052,0.25,0.25,0.03138671129246643,0.0041528709882839195,0.0009241516858999943,4.493711423833637,6.99924629712009e-06,1.0,12,0.20105,0.23105,0.18155000000000002,0.008565924087830468,0.03138612945188985,0.9998505575035528
agents composite,modele riche,C,1052,0.5,0.5,0.039352146463922516,0.012118306159740005,0.0009241516858999943,13.112897313971215,2.7778007957779288e-39,1.0,12,0.20105,0.23105,0.18155000000000002,0.008565924087830468,0.03138612945188985,0.9998505575035528
agents demographiques (v6),modele a demographies,A,300,0.05,0.0494444444444444,-0.04128014858816209,-0.00423253257089496,0.0050623540495576625,-0.8360799204205779,0.4031099437112143,0.0,12,0.10890000000000001,0.12995,0.09575,-0.1316019196731914,-0.1731625438163344,0.9971073661913573
agents demographiques (v6),modele a demographies,A,300,0.1,0.08916666666666662,-0.04763899819610241,-0.010591382178835276,0.0050623540495576625,-2.092185191938665,0.036421952624738116,0.3333333333333333,12,0.10890000000000001,0.12995,0.09575,-0.1316019196731914,-0.1731625438163344,0.9971073661913573
agents demographiques (v6),modele a demographies,A,300,0.25,0.2544444444444445,-0.08452400258717006,-0.04747638656990293,0.0050623540495576625,-9.378322042499441,6.703094202060578e-21,1.0,12,0.10890000000000001,0.12995,0.09575,-0.1316019196731914,-0.1731625438163344,0.9971073661913573
agents demographiques (v6),modele a demographies,A,300,0.5,0.5002777777777778,-0.14540072199896434,-0.1083531059816972,0.0050623540495576625,-21.403699725657248,1.2341558559560458e-101,1.0,12,0.10890000000000001,0.12995,0.09575,-0.1316019196731914,-0.1731625438163344,0.9971073661913573
agents demographiques (v6),modele a demographies,B,300,0.05,0.0494444444444444,0.034353744598381475,0.000604744151319829,0.0020730142359473513,0.2917221410413835,0.7704990791068791,0.0,12,0.15180000000000002,0.18095,0.13355,0.03836419258399156,0.03843458384883216,0.993527974234823
agents demographiques (v6),modele a demographies,B,300,0.1,0.08916666666666662,0.03646912091609995,0.0027201204690383007,0.0020730142359473513,1.312157158339642,0.18946711358870263,0.16666666666666666,12,0.15180000000000002,0.18095,0.13355,0.03836419258399156,0.03843458384883216,0.993527974234823
agents demographiques (v6),modele a demographies,B,300,0.25,0.2544444444444445,0.04721006134293568,0.013461060895874032,0.0020730142359473513,6.493472481978607,8.388009350893849e-11,1.0,12,0.15180000000000002,0.18095,0.13355,0.03836419258399156,0.03843458384883216,0.993527974234823
agents demographiques (v6),modele a demographies,B,300,0.5,0.5002777777777778,0.062246901190923416,0.02849790074386177,0.0020730142359473513,13.747083956149705,5.302397145564729e-43,1.0,12,0.15180000000000002,0.18095,0.13355,0.03836419258399156,0.03843458384883216,0.993527974234823
agents demographiques (v6),modele a demographies,C,300,0.05,0.0494444444444444,0.045977353716812365,0.000760687050145703,0.00169280352145932,0.44936523376908816,0.6531682066034399,0.0,12,0.14525000000000002,0.16720000000000002,0.13105,0.02223051321651538,0.1065973043920085,0.9982831136356336
agents demographiques (v6),modele a demographies,C,300,0.1,0.08916666666666662,0.047334994899652955,0.0021183282329862926,0.00169280352145932,1.2513727707514095,0.21079850685327606,0.08333333333333333,12,0.14525000000000002,0.16720000000000002,0.13105,0.02223051321651538,0.1065973043920085,0.9982831136356336
agents demographiques (v6),modele a demographies,C,300,0.25,0.2544444444444445,0.058408111493948284,0.013191444827281622,0.00169280352145932,7.792661499138207,6.561222635098066e-15,1.0,12,0.14525000000000002,0.16720000000000002,0.13105,0.02223051321651538,0.1065973043920085,0.9982831136356336
agents demographiques (v6),modele a demographies,C,300,0.5,0.5002777777777778,0.08279137928728343,0.03757471262061677,0.00169280352145932,22.19673585521882,3.693142679306258e-109,1.0,12,0.14525000000000002,0.16720000000000002,0.13105,0.02223051321651538,0.1065973043920085,0.9982831136356336
agents demographiques (v6),modele a demographies,A,500,0.05,0.05350000000000001,-0.05393766058630552,-0.004225609061793367,0.004675325411364339,-0.9038106848182496,0.36609579509040124,0.0,12,0.09655000000000001,0.11615,0.08445,-0.1441701572257454,-0.1297613461569498,0.9985779240736815
agents demographiques (v6),modele a demographies,A,500,0.1,0.09933333333333334,-0.06380135545191316,-0.014089303927401008,0.004675325411364339,-3.01354508782513,0.0025821466901775267,0.6666666666666666,12,0.09655000000000001,0.11615,0.08445,-0.1441701572257454,-0.1297613461569498,0.9985779240736815
agents demographiques (v6),modele a demographies,A,500,0.25,0.25633333333333336,-0.09609551190943245,-0.0463834603849203,0.004675325411364339,-9.920905242697284,3.37679523823732e-23,1.0,12,0.09655000000000001,0.11615,0.08445,-0.1441701572257454,-0.1297613461569498,0.9985779240736815
agents demographiques (v6),modele a demographies,A,500,0.5,0.5003333333333333,-0.15377784347262222,-0.10406579194811005,0.004675325411364339,-22.25851310695011,9.32904961493442e-110,1.0,12,0.09655000000000001,0.11615,0.08445,-0.1441701572257454,-0.1297613461569498,0.9985779240736815
agents demographiques (v6),modele a demographies,B,500,0.05,0.05350000000000001,0.03863932621396106,0.001398594391549171,0.001734040458621174,0.806552341149679,0.4199244410007315,0.0,12,0.10980000000000001,0.13265000000000002,0.09575,0.048327067275837375,0.025421743764168763,0.9977025032862138
agents demographiques (v6),modele a demographies,B,500,0.1,0.09933333333333334,0.041529766023621344,0.004289034201209456,0.001734040458621174,2.4734337540312588,0.013382161169341569,0.4166666666666667,12,0.10980000000000001,0.13265000000000002,0.09575,0.048327067275837375,0.025421743764168763,0.9977025032862138
agents demographiques (v6),modele a demographies,B,500,0.25,0.25633333333333336,0.05181128000299712,0.01457054818058523,0.001734040458621174,8.402657566693128,4.364860988455437e-17,1.0,12,0.10980000000000001,0.13265000000000002,0.09575,0.048327067275837375,0.025421743764168763,0.9977025032862138
agents demographiques (v6),modele a demographies,B,500,0.5,0.5003333333333333,0.06757744953915859,0.030336717716746703,0.001734040458621174,17.494815398291806,1.569200904459712e-68,1.0,12,0.10980000000000001,0.13265000000000002,0.09575,0.048327067275837375,0.025421743764168763,0.9977025032862138
agents demographiques (v6),modele a demographies,C,500,0.05,0.05350000000000001,0.03674523773417928,0.0009209044008459399,0.0013037422640499435,0.7063546425082851,0.4799676202500232,0.08333333333333333,12,0.116,0.13455,0.10405,0.02409658612803477,0.10580923922718151,0.9991746163286795
agents demographiques (v6),modele a demographies,C,500,0.1,0.09933333333333334,0.03853050668308884,0.0027061733497555016,0.0013037422640499435,2.075696573147094,0.03792202309309614,0.25,12,0.116,0.13455,0.10405,0.02409658612803477,0.10580923922718151,0.9991746163286795
agents demographiques (v6),modele a demographies,C,500,0.25,0.25633333333333336,0.0491464082977501,0.013322074964416758,0.0013037422640499435,10.218334813380276,1.6413613572667756e-24,1.0,12,0.116,0.13455,0.10405,0.02409658612803477,0.10580923922718151,0.9991746163286795
agents demographiques (v6),modele a demographies,C,500,0.5,0.5003333333333333,0.07418967104521783,0.03836533771188449,0.0013037422640499435,29.42708752319377,2.473339326154259e-190,1.0,12,0.116,0.13455,0.10405,0.02409658612803477,0.10580923922718151,0.9991746163286795
agents demographiques (v6),modele a demographies,A,750,0.05,0.05177777777777775,-0.06482136211857292,-0.00443928520979308,0.004493340965043854,-0.9879698078398004,0.32316743498216766,0.0,12,0.0925,0.112,0.08055000000000001,-0.1501976434683004,-0.07584264360619572,0.998399199498524
agents demographiques (v6),modele a demographies,A,750,0.1,0.09833333333333329,-0.07467381855954312,-0.01429174165076328,0.004493340965043854,-3.1806492678713947,0.0014694541533313975,0.75,12,0.0925,0.112,0.08055000000000001,-0.1501976434683004,-0.07584264360619572,0.998399199498524
agents demographiques (v6),modele a demographies,A,750,0.25,0.25488888888888883,-0.10479665373195401,-0.04441457682317417,0.004493340965043854,-9.88453294969141,4.8584201668030544e-23,1.0,12,0.0925,0.112,0.08055000000000001,-0.1501976434683004,-0.07584264360619572,0.998399199498524
agents demographiques (v6),modele a demographies,A,750,0.5,0.5023333333333332,-0.1540023693628125,-0.09362029245403267,0.004493340965043854,-20.835341271084456,2.0703414610971493e-96,1.0,12,0.0925,0.112,0.08055000000000001,-0.1501976434683004,-0.07584264360619572,0.998399199498524
agents demographiques (v6),modele a demographies,B,750,0.05,0.05177777777777775,0.041288185630199564,0.0011770731933248985,0.0016875881041886862,0.6974884395092252,0.4854971716621097,0.0,12,0.10285000000000001,0.1245,0.08965000000000001,0.05056347584551751,0.024574533829178815,0.9965981524602741
agents demographiques (v6),modele a demographies,B,750,0.1,0.09833333333333329,0.04446913868043515,0.004358026243560485,0.0016875881041886862,2.5823992434786813,0.00981160071583967,0.4166666666666667,12,0.10285000000000001,0.1245,0.08965000000000001,0.05056347584551751,0.024574533829178815,0.9965981524602741
agents demographiques (v6),modele a demographies,B,750,0.25,0.25488888888888883,0.05540060573338749,0.015289493296512822,0.0016875881041886862,9.059967452107218,1.3048948750310004e-19,1.0,12,0.10285000000000001,0.1245,0.08965000000000001,0.05056347584551751,0.024574533829178815,0.9965981524602741
agents demographiques (v6),modele a demographies,B,750,0.5,0.5023333333333332,0.07131019286073224,0.031199080423857578,0.0016875881041886862,18.487378730876184,2.6093379861670023e-76,1.0,12,0.10285000000000001,0.1245,0.08965000000000001,0.05056347584551751,0.024574533829178815,0.9965981524602741
agents demographiques (v6),modele a demographies,C,750,0.05,0.05177777777777775,0.031178044343840295,0.0006858221216180689,0.0010935900468854569,0.6271290814791973,0.5305746255777042,0.08333333333333333,12,0.09505000000000001,0.11120000000000001,0.0847,0.027520885092296422,0.10232722279508065,0.998085764249886
agents demographiques (v6),modele a demographies,C,750,0.1,0.09833333333333329,0.03314007032837029,0.002647848106148064,0.0010935900468854569,2.421243786635707,0.01546750033704295,0.5833333333333334,12,0.09505000000000001,0.11120000000000001,0.0847,0.027520885092296422,0.10232722279508065,0.998085764249886
agents demographiques (v6),modele a demographies,C,750,0.25,0.25488888888888883,0.044830077472244,0.01433785525002177,0.0010935900468854569,13.110813591305046,2.8551892444558468e-39,1.0,12,0.09505000000000001,0.11120000000000001,0.0847,0.027520885092296422,0.10232722279508065,0.998085764249886
agents demographiques (v6),modele a demographies,C,750,0.5,0.5023333333333332,0.06962348573621795,0.03913126351399572,0.0010935900468854569,35.78238813112968,2.0753901957287829e-280,1.0,12,0.09505000000000001,0.11120000000000001,0.0847,0.027520885092296422,0.10232722279508065,0.998085764249886
agents demographiques (v6),modele a demographies,A,1052,0.05,0.05038022813688211,-0.07454400812531482,-0.006101621494350798,0.004277478437351692,-1.4264528936184386,0.15373765507932807,0.0,12,0.0889,0.10835,0.0771,-0.1539095635539374,-0.02086936053378002,0.9993411755402638
agents demographiques (v6),modele a demographies,A,1052,0.1,0.09980988593155889,-0.08293573369529926,-0.014493347064335235,0.004277478437351692,-3.38829225596482,0.0007032928279854021,0.9166666666666666,12,0.0889,0.10835,0.0771,-0.1539095635539374,-0.02086936053378002,0.9993411755402638
agents demographiques (v6),modele a demographies,A,1052,0.25,0.25,-0.10952471723698824,-0.04108233060602422,0.004277478437351692,-9.604333769934666,7.665202915282225e-22,1.0,12,0.0889,0.10835,0.0771,-0.1539095635539374,-0.02086936053378002,0.9993411755402638
agents demographiques (v6),modele a demographies,A,1052,0.5,0.5,-0.15035006978703572,-0.08190768315607169,0.004277478437351692,-19.148590543634175,9.944188870230729e-82,1.0,12,0.0889,0.10835,0.0771,-0.1539095635539374,-0.02086936053378002,0.9993411755402638
agents demographiques (v6),modele a demographies,B,1052,0.05,0.05038022813688211,0.04393313753183583,0.001743356634972111,0.001524859107359017,1.1432903056804515,0.25291807865710486,0.0,12,0.09295,0.11255000000000001,0.08095000000000001,0.05069145884901983,0.025805173203680525,0.9984004651955999
agents demographiques (v6),modele a demographies,B,1052,0.1,0.09980988593155889,0.04674290919319771,0.004553128296333989,0.001524859107359017,2.9859337655265663,0.0028271386969720307,0.6666666666666666,12,0.09295,0.11255000000000001,0.08095000000000001,0.05069145884901983,0.025805173203680525,0.9984004651955999
agents demographiques (v6),modele a demographies,B,1052,0.25,0.25,0.057278935826111495,0.015089154929247776,0.001524859107359017,9.895442048663414,4.356813320131681e-23,1.0,12,0.09295,0.11255000000000001,0.08095000000000001,0.05069145884901983,0.025805173203680525,0.9984004651955999
agents demographiques (v6),modele a demographies,B,1052,0.5,0.5,0.07382545696458215,0.03163567606771843,0.001524859107359017,20.746622369924985,1.3151216728711025e-95,1.0,12,0.09295,0.11255000000000001,0.08095000000000001,0.05069145884901983,0.025805173203680525,0.9984004651955999
agents demographiques (v6),modele a demographies,C,1052,0.05,0.05038022813688211,0.028048829889932486,0.0008149895857499749,0.0009241516858999943,0.8818785900458421,0.3778424661629707,0.0,12,0.08605,0.10060000000000001,0.0767,0.02550624754498676,0.1077010536962354,0.9987963117684912
agents demographiques (v6),modele a demographies,C,1052,0.1,0.09980988593155889,0.02994450579590721,0.0027106654917247,0.0009241516858999943,2.9331391513773974,0.003355534627743219,0.75,12,0.08605,0.10060000000000001,0.0767,0.02550624754498676,0.1077010536962354,0.9987963117684912
agents demographiques (v6),modele a demographies,C,1052,0.25,0.25,0.04119122587154155,0.013957385567359041,0.0009241516858999943,15.102916307258049,1.5492686849492012e-51,1.0,12,0.08605,0.10060000000000001,0.0767,0.02550624754498676,0.1077010536962354,0.9987963117684912
agents demographiques (v6),modele a demographies,C,1052,0.5,0.5,0.06674382509070718,0.03950998478652468,0.0009241516858999943,42.75270541550491,0.0,1.0,12,0.08605,0.10060000000000001,0.0767,0.02550624754498676,0.1077010536962354,0.9987963117684912
agents v8,modele a etiquette,A,300,0.05,0.04888888888888885,-0.04504286277487615,-0.007995246757609022,0.0050623540495576625,-1.5793535338184475,0.11425498906173383,0.25,12,0.06305000000000001,0.0763,0.054900000000000004,-0.2481729922201042,-0.1871200360018989,0.99887018639875
agents v8,modele a etiquette,A,300,0.1,0.10111111111111108,-0.06141620615800094,-0.02436859014073381,0.0050623540495576625,-4.813687447021428,1.4817048811557797e-06,1.0,12,0.06305000000000001,0.0763,0.054900000000000004,-0.2481729922201042,-0.1871200360018989,0.99887018639875
agents v8,modele a etiquette,A,300,0.25,0.25555555555555554,-0.11402784142446536,-0.07698022540719823,0.0050623540495576625,-15.206408847268317,3.2065727085111475e-52,1.0,12,0.06305000000000001,0.0763,0.054900000000000004,-0.2481729922201042,-0.1871200360018989,0.99887018639875
agents v8,modele a etiquette,A,300,0.5,0.5052777777777778,-0.20724523575936638,-0.17019761974209924,0.0050623540495576625,-33.62025217437542,8.487735091142304e-248,1.0,12,0.06305000000000001,0.0763,0.054900000000000004,-0.2481729922201042,-0.1871200360018989,0.99887018639875
agents v8,modele a etiquette,B,300,0.05,0.04888888888888885,0.036261937168725326,0.0025129367216636805,0.0020730142359473513,1.2122139240955516,0.2254305028039427,0.0,12,0.08415,0.10245,0.07305,0.07816717074169298,0.018449039744885265,0.9988624053418116
agents v8,modele a etiquette,B,300,0.1,0.10111111111111108,0.04141476980241702,0.007665769355355373,0.0020730142359473513,3.69788553422653,0.00021740287761442498,0.8333333333333334,12,0.08415,0.10245,0.07305,0.07816717074169298,0.018449039744885265,0.9988624053418116
agents v8,modele a etiquette,B,300,0.25,0.25555555555555554,0.055177494500270347,0.0214284940532087,0.0020730142359473513,10.336877423041935,4.799210228214584e-25,1.0,12,0.08415,0.10245,0.07305,0.07816717074169298,0.018449039744885265,0.9988624053418116
agents v8,modele a etiquette,B,300,0.5,0.5052777777777778,0.07728926962699527,0.04354026917993362,0.0020730142359473513,21.003362362360267,6.110421881108099e-98,1.0,12,0.08415,0.10245,0.07305,0.07816717074169298,0.018449039744885265,0.9988624053418116
agents v8,modele a etiquette,C,300,0.05,0.04888888888888885,0.04784640854800611,0.0026297418813394507,0.00169280352145932,1.5534832294491103,0.1203077327472554,0.16666666666666666,12,0.04485,0.0541,0.039150000000000004,0.11405813182087735,0.18100460853898462,0.9969238157237634
agents v8,modele a etiquette,C,300,0.1,0.10111111111111108,0.05490327017138519,0.009686603504718526,0.00169280352145932,5.722225516383595,1.0513762024434997e-08,1.0,12,0.04485,0.0541,0.039150000000000004,0.11405813182087735,0.18100460853898462,0.9969238157237634
agents v8,modele a etiquette,C,300,0.25,0.25555555555555554,0.088571954786917,0.043355288120250336,0.00169280352145932,25.611529968271164,1.135038990156065e-144,1.0,12,0.04485,0.0541,0.039150000000000004,0.11405813182087735,0.18100460853898462,0.9969238157237634
agents v8,modele a etiquette,C,300,0.5,0.5052777777777778,0.14679131992183622,0.10157465325516957,0.00169280352145932,60.00380550225038,0.0,1.0,12,0.04485,0.0541,0.039150000000000004,0.11405813182087735,0.18100460853898462,0.9969238157237634
agents v8,modele a etiquette,A,500,0.05,0.05300000000000001,-0.061133990395673625,-0.011421938871161469,0.004675325411364339,-2.443025429502319,0.014564710978590216,0.5,12,0.051500000000000004,0.06265,0.044700000000000004,-0.28854926377922907,-0.10599929184881283,0.9988023705375297
agents v8,modele a etiquette,A,500,0.1,0.10033333333333334,-0.07543614517628129,-0.025724093651769135,0.004675325411364339,-5.502096942651616,3.753004849671482e-08,1.0,12,0.051500000000000004,0.06265,0.044700000000000004,-0.28854926377922907,-0.10599929184881283,0.9988023705375297
agents v8,modele a etiquette,A,500,0.25,0.25749999999999995,-0.13233383973951296,-0.0826217882150008,0.004675325411364339,-17.671879697223122,6.905703209424775e-70,1.0,12,0.051500000000000004,0.06265,0.044700000000000004,-0.28854926377922907,-0.10599929184881283,0.9988023705375297
agents v8,modele a etiquette,A,500,0.5,0.49933333333333324,-0.21972196549517908,-0.17000991397066692,0.004675325411364339,-36.363225874593226,1.623995857545578e-289,1.0,12,0.051500000000000004,0.06265,0.044700000000000004,-0.28854926377922907,-0.10599929184881283,0.9988023705375297
agents v8,modele a etiquette,B,500,0.05,0.05300000000000001,0.040992073282403486,0.0037513414599915987,0.001734040458621174,2.163352902950422,0.030514047026531172,0.4166666666666667,12,0.0671,0.08170000000000001,0.0582,0.08241194078670654,0.01883519776948692,0.9993888021298569
agents v8,modele a etiquette,B,500,0.1,0.10033333333333334,0.044733595117346515,0.007492863294934628,0.001734040458621174,4.3210429478056085,1.5529344124070873e-05,1.0,12,0.0671,0.08170000000000001,0.0582,0.08241194078670654,0.01883519776948692,0.9993888021298569
agents v8,modele a etiquette,B,500,0.25,0.25749999999999995,0.05977027753355351,0.022529545711141623,0.001734040458621174,12.99251444747491,1.3492032867226805e-38,1.0,12,0.0671,0.08170000000000001,0.0582,0.08241194078670654,0.01883519776948692,0.9993888021298569
agents v8,modele a etiquette,B,500,0.5,0.49933333333333324,0.08300979224086379,0.0457690604184519,0.001734040458621174,26.39445936275631,1.5862947386678085e-153,1.0,12,0.0671,0.08170000000000001,0.0582,0.08241194078670654,0.01883519776948692,0.9993888021298569
agents v8,modele a etiquette,C,500,0.05,0.05300000000000001,0.03953913073211137,0.0037147973987780303,0.0013037422640499435,2.849334182999014,0.004381083607785513,0.6666666666666666,12,0.03175,0.0385,0.02765,0.1278265410627428,0.1588922376932224,0.9972883293100527
agents v8,modele a etiquette,C,500,0.1,0.10033333333333334,0.04658211620140775,0.010757782868074411,0.0013037422640499435,8.251464391939283,1.564652590797499e-16,1.0,12,0.03175,0.0385,0.02765,0.1278265410627428,0.1588922376932224,0.9972883293100527
agents v8,modele a etiquette,C,500,0.25,0.25749999999999995,0.08113111505802316,0.04530678172468982,0.0013037422640499435,34.75133312311966,1.3231986201767425e-264,1.0,12,0.03175,0.0385,0.02765,0.1278265410627428,0.1588922376932224,0.9972883293100527
agents v8,modele a etiquette,C,500,0.5,0.49933333333333324,0.13878110723430712,0.10295677390097377,0.0013037422640499435,78.97018969159515,0.0,1.0,12,0.03175,0.0385,0.02765,0.1278265410627428,0.1588922376932224,0.9972883293100527
agents v8,modele a etiquette,A,750,0.05,0.05211111111111107,-0.07379065335238223,-0.01340857644360239,0.004493340965043854,-2.98409948141372,0.0028441428428627566,0.75,12,0.048150000000000005,0.0587,0.04175,-0.29908301096427087,-0.06374864810919363,0.9997549423848653
agents v8,modele a etiquette,A,750,0.1,0.09999999999999996,-0.08928008060416011,-0.028898003695380266,0.004493340965043854,-6.431295537150101,1.2652088860893205e-10,1.0,12,0.048150000000000005,0.0587,0.04175,-0.29908301096427087,-0.06374864810919363,0.9997549423848653
agents v8,modele a etiquette,A,750,0.25,0.250111111111111,-0.14080548230219928,-0.08042340539341944,0.004493340965043854,-17.89835359014081,1.2145981955215957e-71,1.0,12,0.048150000000000005,0.0587,0.04175,-0.29908301096427087,-0.06374864810919363,0.9997549423848653
agents v8,modele a etiquette,A,750,0.5,0.5031111111111111,-0.22552661469436633,-0.1651445377855865,0.004493340965043854,-36.753172988726156,1.0345693053197935e-295,1.0,12,0.048150000000000005,0.0587,0.04175,-0.29908301096427087,-0.06374864810919363,0.9997549423848653
agents v8,modele a etiquette,B,750,0.05,0.05211111111111107,0.04380726152759646,0.003696149090721794,0.0016875881041886862,2.1901962223766267,0.02851000909847149,0.5833333333333334,12,0.0656,0.07985,0.05695,0.08155471938243251,0.025846493288103747,0.9996858718528501
agents v8,modele a etiquette,B,750,0.1,0.09999999999999996,0.047917981346106954,0.007806868909232288,0.0016875881041886862,4.626051161332088,3.727032715881911e-06,1.0,12,0.0656,0.07985,0.05695,0.08155471938243251,0.025846493288103747,0.9996858718528501
agents v8,modele a etiquette,B,750,0.25,0.250111111111111,0.06266435472878339,0.02255324229190872,0.0016875881041886862,13.36418657842535,9.789934407677337e-41,1.0,12,0.0656,0.07985,0.05695,0.08155471938243251,0.025846493288103747,0.9996858718528501
agents v8,modele a etiquette,B,750,0.5,0.5031111111111111,0.0872415510457602,0.047130438608885536,0.0016875881041886862,27.927690703617312,1.2304854865285745e-171,1.0,12,0.0656,0.07985,0.05695,0.08155471938243251,0.025846493288103747,0.9996858718528501
agents v8,modele a etiquette,C,750,0.05,0.05211111111111107,0.03471162160222906,0.004219399380006837,0.0010935900468854569,3.8583008249057147,0.00011417806054609745,0.9166666666666666,12,0.02655,0.0322,0.023100000000000002,0.1290112919247775,0.16483663384512004,0.998347295163637
agents v8,modele a etiquette,C,750,0.1,0.09999999999999996,0.04232132860744092,0.011829106385218696,0.0010935900468854569,10.816764855265442,2.8672015482630946e-27,1.0,12,0.02655,0.0322,0.023100000000000002,0.1290112919247775,0.16483663384512004,0.998347295163637
agents v8,modele a etiquette,C,750,0.25,0.250111111111111,0.0757399563202953,0.045247734098073075,0.0010935900468854569,41.37540774711563,0.0,1.0,12,0.02655,0.0322,0.023100000000000002,0.1290112919247775,0.16483663384512004,0.998347295163637
agents v8,modele a etiquette,C,750,0.5,0.5031111111111111,0.13566911940433815,0.10517689718211592,0.0010935900468854569,96.17579958930644,0.0,1.0,12,0.02655,0.0322,0.023100000000000002,0.1290112919247775,0.16483663384512004,0.998347295163637
agents v8,modele a etiquette,A,1052,0.05,0.05038022813688211,-0.08205434448468679,-0.013611957853722767,0.004277478437351692,-3.1822388009862923,0.00146141268134596,1.0,12,0.043500000000000004,0.05315,0.03765,-0.3186800230242805,0.007526143818841284,0.9995788814340191
agents v8,modele a etiquette,A,1052,0.1,0.09980988593155889,-0.09828159765639428,-0.02983921102543026,0.004277478437351692,-6.975888122513731,3.0394453596720214e-12,1.0,12,0.043500000000000004,0.05315,0.03765,-0.3186800230242805,0.007526143818841284,0.9995788814340191
agents v8,modele a etiquette,A,1052,0.25,0.25,-0.14972142955285445,-0.08127904292189042,0.004277478437351692,-19.001625399709223,1.6534383351989507e-80,1.0,12,0.043500000000000004,0.05315,0.03765,-0.3186800230242805,0.007526143818841284,0.9995788814340191
agents v8,modele a etiquette,A,1052,0.5,0.5,-0.22548218037270126,-0.15703979374173724,0.004277478437351692,-36.71317016362683,4.501916750819533e-295,1.0,12,0.043500000000000004,0.05315,0.03765,-0.3186800230242805,0.007526143818841284,0.9995788814340191
agents v8,modele a etiquette,B,1052,0.05,0.05038022813688211,0.045743615130448445,0.0035538342335847267,0.001524859107359017,2.330598424755319,0.019774544634030566,0.5833333333333334,12,0.054650000000000004,0.06665,0.04735,0.08962943632871757,0.013387278200219545,0.9992921842960467
agents v8,modele a etiquette,B,1052,0.1,0.09980988593155889,0.05057499658655331,0.008385215689689592,0.001524859107359017,5.4990101375414175,3.819291796258765e-08,1.0,12,0.054650000000000004,0.06665,0.04735,0.08962943632871757,0.013387278200219545,0.9992921842960467
agents v8,modele a etiquette,B,1052,0.25,0.25,0.06623526741088144,0.024045486514017722,0.001524859107359017,15.768989015426714,5.085734140308373e-56,1.0,12,0.054650000000000004,0.06665,0.04735,0.08962943632871757,0.013387278200219545,0.9992921842960467
agents v8,modele a etiquette,B,1052,0.5,0.5,0.09018903806198714,0.04799925716512342,0.001524859107359017,31.477830924494942,1.7471113322978764e-217,1.0,12,0.054650000000000004,0.06665,0.04735,0.08962943632871757,0.013387278200219545,0.9992921842960467
agents v8,modele a etiquette,C,1052,0.05,0.05038022813688211,0.031425365717250936,0.004191525413068425,0.0009241516858999943,4.535538350488931,5.745673610511506e-06,1.0,12,0.0219,0.026600000000000002,0.019,0.13331828834592593,0.1614097155671163,0.998232232545928
agents v8,modele a etiquette,C,1052,0.1,0.09980988593155889,0.03941620995559154,0.012182369651409026,0.0009241516858999943,13.182218717206695,1.1107540340360197e-39,1.0,12,0.0219,0.026600000000000002,0.019,0.13331828834592593,0.1614097155671163,0.998232232545928
agents v8,modele a etiquette,C,1052,0.25,0.25,0.07345624445600821,0.0462224041518257,0.0009241516858999943,50.01603617355473,0.0,1.0,12,0.0219,0.026600000000000002,0.019,0.13331828834592593,0.1614097155671163,0.998232232545928
agents v8,modele a etiquette,C,1052,0.5,0.5,0.1336835535448103,0.10644971324062778,0.0009241516858999943,115.18640810243254,0.0,1.0,12,0.0219,0.026600000000000002,0.019,0.13331828834592593,0.1614097155671163,0.998232232545928
humains vague 2,humain,A,300,0.05,0.05138888888888887,-0.03790543617492467,-0.000857820157657542,0.0050623540495576625,-0.16945084228798585,0.8654420352970318,0.0,12,,,,-0.0031427389523207287,-0.009514002718610895,0.8312541136767566
humains vague 2,humain,A,300,0.1,0.08944444444444442,-0.0388166370231675,-0.001769021005900366,0.0050623540495576625,-0.34944632251767127,0.7267542621528522,0.0,12,,,,-0.0031427389523207287,-0.009514002718610895,0.8312541136767566
humains vague 2,humain,A,300,0.25,0.25333333333333324,-0.0373140940386637,-0.00026647802139657256,0.0050623540495576625,-0.05263915142795215,0.958019421869112,0.0,12,,,,-0.0031427389523207287,-0.009514002718610895,0.8312541136767566
humains vague 2,humain,A,300,0.5,0.49166666666666664,-0.04121479087935768,-0.0041671748620905474,0.0050623540495576625,-0.823169383511346,0.41041167690260855,0.08333333333333333,12,,,,-0.0031427389523207287,-0.009514002718610895,0.8312541136767566
humains vague 2,humain,B,300,0.05,0.05138888888888887,0.03345188114838798,-0.0002971192986736676,0.0020730142359473513,-0.14332718681880466,0.8860317855126892,0.0,12,,,,0.0015125895078689595,0.002487869215255851,0.93376145928452
humains vague 2,humain,B,300,0.1,0.08944444444444442,0.033974735695406204,0.00022573524834455794,0.0020730142359473513,0.10889228082960979,0.9132879292428213,0.0,12,,,,0.0015125895078689595,0.002487869215255851,0.93376145928452
humains vague 2,humain,B,300,0.25,0.25333333333333324,0.034387325823481,0.0006383253764193561,0.0020730142359473513,0.30792136655426605,0.7581421670460436,0.0,12,,,,0.0015125895078689595,0.002487869215255851,0.93376145928452
humains vague 2,humain,B,300,0.5,0.49166666666666664,0.03510289674169028,0.0013538962946286343,0.0020730142359473513,0.6531051601823247,0.5136884858153254,0.0,12,,,,0.0015125895078689595,0.002487869215255851,0.93376145928452
humains vague 2,humain,C,300,0.05,0.05138888888888887,0.045249999999999964,3.333333333330191e-05,0.00169280352145932,0.019691200373074688,0.9842897105053128,0.0,12,0.94565,,0.9042,-0.006691103270977258,0.013201236188601475,0.8792456818637339
humains vague 2,humain,C,300,0.1,0.08944444444444442,0.04476388888888885,-0.00045277777777780887,0.00169280352145932,-0.2674721384012017,0.789105663289912,0.0,12,0.94565,,0.9042,-0.006691103270977258,0.013201236188601475,0.8792456818637339
humains vague 2,humain,C,300,0.25,0.25333333333333324,0.044194444444444404,-0.0010222222222222577,0.00169280352145932,-0.603863478108214,0.5459344119919056,0.08333333333333333,12,0.94565,,0.9042,-0.006691103270977258,0.013201236188601475,0.8792456818637339
humains vague 2,humain,C,300,0.5,0.49166666666666664,0.04520833333333332,-8.333333333339354e-06,0.00169280352145932,-0.0049228000932768695,0.9960721896740621,0.0,12,0.94565,,0.9042,-0.006691103270977258,0.013201236188601475,0.8792456818637339
humains vague 2,humain,A,500,0.05,0.05016666666666667,-0.05061581250351512,-0.0009037609790029655,0.004675325411364339,-0.1933044011880304,0.8467205796866313,0.0,12,,,,-0.017112981523387107,0.009735762682067467,0.9640987670871428
humains vague 2,humain,A,500,0.1,0.09450000000000001,-0.05250314382851243,-0.0027910923040002714,0.004675325411364339,-0.5969835377054072,0.5505183716612188,0.08333333333333333,12,,,,-0.017112981523387107,0.009735762682067467,0.9640987670871428
humains vague 2,humain,A,500,0.25,0.2526666666666667,-0.052602352128067124,-0.0028903006035549683,0.004675325411364339,-0.6182030873251088,0.5364414752068514,0.08333333333333333,12,,,,-0.017112981523387107,0.009735762682067467,0.9640987670871428
humains vague 2,humain,A,500,0.5,0.4965,-0.05598165593386981,-0.006269604409357657,0.004675325411364339,-1.340998509776046,0.1799209364374347,0.16666666666666666,12,,,,-0.017112981523387107,0.009735762682067467,0.9640987670871428
humains vague 2,humain,B,500,0.05,0.05016666666666667,0.037444344137472496,0.0002036123150606084,0.001734040458621174,0.11742074070319626,0.9065266490571853,0.0,12,,,,0.0049820520824646825,-0.005907876639876297,0.9982954163251936
humains vague 2,humain,B,500,0.1,0.09450000000000001,0.03764350593761719,0.0004027741152053052,0.001734040458621174,0.2322749236921334,0.8163244878628637,0.0,12,,,,0.0049820520824646825,-0.005907876639876297,0.9982954163251936
humains vague 2,humain,B,500,0.25,0.2526666666666667,0.03815132745717358,0.0009105956347616947,0.001734040458621174,0.5251294052768277,0.5994932357762812,0.0,12,,,,0.0049820520824646825,-0.005907876639876297,0.9982954163251936
humains vague 2,humain,B,500,0.5,0.4965,0.03824796877668103,0.0010072369542691445,0.001734040458621174,0.5808612764837396,0.5613339526010469,0.0,12,,,,0.0049820520824646825,-0.005907876639876297,0.9982954163251936
humains vague 2,humain,C,500,0.05,0.05016666666666667,0.03569166666666666,-0.00013266666666667676,0.0013037422640499435,-0.1017583538747614,0.9189484827882118,0.0,12,,,,-0.0026861549611640746,0.005345799146701841,0.999074867717585
humains vague 2,humain,C,500,0.1,0.09450000000000001,0.03560833333333333,-0.00021600000000000785,0.0013037422640499435,-0.16567691786643912,0.8684112118642694,0.0,12,,,,-0.0026861549611640746,0.005345799146701841,0.999074867717585
humains vague 2,humain,C,500,0.25,0.2526666666666667,0.035491666666666664,-0.00033266666666667555,0.0013037422640499435,-0.2551629074547911,0.7985972785598938,0.0,12,,,,-0.0026861549611640746,0.005345799146701841,0.999074867717585
humains vague 2,humain,C,500,0.5,0.4965,0.03581666666666667,-7.666666666669708e-06,0.0013037422640499435,-0.0058805078872368405,0.9953080605886123,0.0,12,,,,-0.0026861549611640746,0.005345799146701841,0.999074867717585
humains vague 2,humain,A,750,0.05,0.04999999999999997,-0.06099738371636909,-0.0006153068075892484,0.004493340965043854,-0.13693748424080326,0.8910802097695172,0.0,12,,,0.9751500000000001,-0.008984479431197914,-0.004025365641507607,0.9931772387149838
humains vague 2,humain,A,750,0.1,0.09644444444444443,-0.061697587234713795,-0.0013155103259339523,0.004493340965043854,-0.2927688631172269,0.7696988295569818,0.0,12,,,0.9751500000000001,-0.008984479431197914,-0.004025365641507607,0.9931772387149838
humains vague 2,humain,A,750,0.25,0.2492222222222222,-0.06258245754238492,-0.00220038063360508,0.004493340965043854,-0.48969812233770793,0.6243475307339599,0.0,12,,,0.9751500000000001,-0.008984479431197914,-0.004025365641507607,0.9931772387149838
humains vague 2,humain,A,750,0.5,0.4981111111111111,-0.06593835663567764,-0.005556279726897796,0.004493340965043854,-1.2365586698456943,0.21625097178572436,0.0,12,,,0.9751500000000001,-0.008984479431197914,-0.004025365641507607,0.9931772387149838
humains vague 2,humain,B,750,0.05,0.04999999999999997,0.04010673100475229,-4.381432122377293e-06,0.0016875881041886862,-0.0025962686697674265,0.9979284796399155,0.0,12,,,,0.0031601428554365353,-0.0020812400667728687,0.9706541312109433
humains vague 2,humain,B,750,0.1,0.09644444444444443,0.0403046304423362,0.00019351800546153763,0.0016875881041886862,0.11467134959129857,0.9087056238063823,0.0,12,,,,0.0031601428554365353,-0.0020812400667728687,0.9706541312109433
humains vague 2,humain,B,750,0.25,0.2492222222222222,0.04089273510028752,0.0007816226634128551,0.0016875881041886862,0.4631596190283783,0.6432499584071791,0.0,12,,,,0.0031601428554365353,-0.0020812400667728687,0.9706541312109433
humains vague 2,humain,B,750,0.5,0.4981111111111111,0.04114609694439181,0.001034984507517142,0.0016875881041886862,0.6132921326882157,0.5396831944310352,0.0,12,,,,0.0031601428554365353,-0.0020812400667728687,0.9706541312109433
humains vague 2,humain,C,750,0.05,0.04999999999999997,0.030488888888888847,-3.333333333379457e-06,0.0010935900468854569,-0.0030480648053379657,0.9975679999173249,0.0,12,,,,-0.001040050322722305,0.0015403858075346587,0.9595087317539462
humains vague 2,humain,C,750,0.1,0.09644444444444443,0.03040555555555552,-8.666666666670708e-05,0.0010935900468854569,-0.07924968493772748,0.9368340259649227,0.0,12,,,,-0.001040050322722305,0.0015403858075346587,0.9595087317539462
humains vague 2,humain,C,750,0.25,0.2492222222222222,0.03031111111111105,-0.00018111111111117698,0.0010935900468854569,-0.1656115210877981,0.8684626799872335,0.0,12,,,,-0.001040050322722305,0.0015403858075346587,0.9595087317539462
humains vague 2,humain,C,750,0.5,0.4981111111111111,0.03036111111111107,-0.00013111111111115473,0.0010935900468854569,-0.11989054900834094,0.9045698512719584,0.0,12,,,,-0.001040050322722305,0.0015403858075346587,0.9595087317539462
humains vague 2,humain,A,1052,0.05,0.05038022813688211,-0.06977053363817425,-0.0013281470072102203,0.004277478437351692,-0.3104976510489469,0.7561825454728422,0.0,12,,,,-0.018040088696900797,0.014527940883178807,0.994224069020702
humains vague 2,humain,A,1052,0.1,0.09980988593155889,-0.0698778751449522,-0.0014354885139881701,0.004277478437351692,-0.335592226825326,0.7371783864960519,0.0,12,,,,-0.018040088696900797,0.014527940883178807,0.994224069020702
humains vague 2,humain,A,1052,0.25,0.25,-0.0720208002331411,-0.0035784136021770746,0.004277478437351692,-0.8365708102534755,0.40283385884197703,0.0,12,,,,-0.018040088696900797,0.014527940883178807,0.994224069020702
humains vague 2,humain,A,1052,0.5,0.5,-0.07384065383896116,-0.005398267207997132,0.004277478437351692,-1.2620209048533164,0.20694126420621262,0.0,12,,,,-0.018040088696900797,0.014527940883178807,0.994224069020702
humains vague 2,humain,B,1052,0.05,0.05038022813688211,0.042330414506462216,0.0001406336095984978,0.001524859107359017,0.0922272811434156,0.9265174631937472,0.0,12,,,,0.002159765421701383,-0.00027119847541384333,0.9990541621591832
humains vague 2,humain,B,1052,0.1,0.09980988593155889,0.04240424299675626,0.00021446209989254422,0.001524859107359017,0.14064387906892087,0.8881512822578104,0.0,12,,,,0.002159765421701383,-0.00027119847541384333,0.9990541621591832
humains vague 2,humain,B,1052,0.25,0.25,0.042700009519898004,0.0005102286230342853,0.001524859107359017,0.3346070601355275,0.7379215184172216,0.0,12,,,,0.002159765421701383,-0.00027119847541384333,0.9990541621591832
humains vague 2,humain,B,1052,0.5,0.5,0.04320467356073429,0.001014892663870573,0.001524859107359017,0.6655648767631512,0.5056892627163736,0.0,12,,,,0.002159765421701383,-0.00027119847541384333,0.9990541621591832
humains vague 2,humain,C,1052,0.05,0.05038022813688211,0.02728532953105191,5.148922686940005e-05,0.0009241516858999943,0.05571512518451639,0.955568750064209,0.0,12,,,,-0.0004036524789290326,2.014801486401616e-06,0.7962406970571658
humains vague 2,humain,C,1052,0.1,0.09980988593155889,0.027107097591888424,-0.00012674271229408743,0.0009241516858999943,-0.1371449235313116,0.8909162440758783,0.0,12,,,,-0.0004036524789290326,2.014801486401616e-06,0.7962406970571658
humains vague 2,humain,C,1052,0.25,0.25,0.027162547528517055,-7.129277566545605e-05,0.0009241516858999943,-0.07714401948639728,0.9385089748291112,0.0,12,,,,-0.0004036524789290326,2.014801486401616e-06,0.7962406970571658
humains vague 2,humain,C,1052,0.5,0.5,0.02702788339670464,-0.00020595690747787082,0.0009241516858999943,-0.2228605007383584,0.8236440790960384,0.0,12,,,,-0.0004036524789290326,2.014801486401616e-06,0.7962406970571658
