modele,cle_modele,camp,item,tv_entre_identites,tv_plancher_w1_w2
Qwen3-4B-Instruct-2507,q4,gauche,natspac/y,0.2,0.035971223021582774
Qwen3-4B-Instruct-2507,q4,gauche,natenvir/y,0.0,0.014388489208633098
Qwen3-4B-Instruct-2507,q4,gauche,natheal/y,0.04999999999999999,0.03357314148681051
Qwen3-4B-Instruct-2507,q4,gauche,natcity/y,0.15000000000000002,0.0239808153477218
Qwen3-4B-Instruct-2507,q4,gauche,natdrug/y,0.0,0.02398081534772179
Qwen3-4B-Instruct-2507,q4,gauche,nateduc/y,0.04999999999999999,0.023980815347721802
Qwen3-4B-Instruct-2507,q4,gauche,natrace/y,0.0,0.0647482014388489
Qwen3-4B-Instruct-2507,q4,gauche,natarms/y,0.04999999999999999,0.004796163069544307
Qwen3-4B-Instruct-2507,q4,gauche,nataid/y,0.10000000000000003,0.038369304556354886
Qwen3-4B-Instruct-2507,q4,gauche,natfare/y,0.10000000000000003,0.014388489208633146
Qwen3-4B-Instruct-2507,q4,gauche,natroad,0.10000000000000003,0.026378896882494
Qwen3-4B-Instruct-2507,q4,gauche,natsoc,0.10000000000000003,0.02158273381294968
Qwen3-4B-Instruct-2507,q4,gauche,natmass,0.20000000000000007,0.03357314148681058
Qwen3-4B-Instruct-2507,q4,gauche,natpark,0.0,0.004796163069544328
Qwen3-4B-Instruct-2507,q4,gauche,natchld,0.2,0.01199040767386087
Qwen3-4B-Instruct-2507,q4,gauche,natsci,0.0,0.031175059952038342
Qwen3-4B-Instruct-2507,q4,gauche,natenrgy,0.0,0.014388489208633108
Qwen3-4B-Instruct-2507,q4,gauche,uswary,0.0,0.011990407673860948
Qwen3-4B-Instruct-2507,q4,gauche,prayer,0.13,0.0071942446043165575
Qwen3-4B-Instruct-2507,q4,gauche,courts,0.04999999999999999,0.026378896882494007
Qwen3-4B-Instruct-2507,q4,gauche,discaffw,0.0,0.01199040767386092
Qwen3-4B-Instruct-2507,q4,gauche,discaffm,0.0,0.028776978417266154
Qwen3-4B-Instruct-2507,q4,gauche,fehire,0.0,0.028776978417266112
Qwen3-4B-Instruct-2507,q4,gauche,fechld,0.05000000000000002,0.06474820143884899
Qwen3-4B-Instruct-2507,q4,gauche,fepresch,0.0,0.04076738609112715
Qwen3-4B-Instruct-2507,q4,gauche,fefam,0.10000000000000002,0.03357314148681059
Qwen3-4B-Instruct-2507,q4,gauche,fepol,0.0,0.031175059952038398
Qwen3-4B-Instruct-2507,q4,gauche,mobile16,0.050000000000000024,0.011990407673860864
Qwen3-4B-Instruct-2507,q4,gauche,incom16,0.04999999999999999,0.02637889688249405
Qwen3-4B-Instruct-2507,q4,gauche,dwelown16,0.2,0.01678657074340524
Qwen3-4B-Instruct-2507,q4,gauche,divorced,0.1,0.0023980815347721257
Qwen3-4B-Instruct-2507,q4,gauche,posslq/y,0.04999999999999999,0.019184652278177464
Qwen3-4B-Instruct-2507,q4,gauche,wrkstat,0.22380999999999995,0.057553956834532315
Qwen3-4B-Instruct-2507,q4,gauche,evwork,0.19999999999999996,0.009592326139088746
Qwen3-4B-Instruct-2507,q4,gauche,wrkgovt1,0.0,0.02637889688249398
Qwen3-4B-Instruct-2507,q4,gauche,wrkgovt2,0.0,0.0
Qwen3-4B-Instruct-2507,q4,gauche,partfull,0.0,0.03117505995203844
Qwen3-4B-Instruct-2507,q4,gauche,wksub1,0.0,0.016786570743405282
Qwen3-4B-Instruct-2507,q4,gauche,wksup1,0.0,0.03597122302158269
Qwen3-4B-Instruct-2507,q4,gauche,conarmy,0.10000000000000002,0.016786570743405282
Qwen3-4B-Instruct-2507,q4,gauche,conbus,0.05000000000000003,0.03836930455635501
Qwen3-4B-Instruct-2507,q4,gauche,conclerg,0.0,0.01438848920863308
Qwen3-4B-Instruct-2507,q4,gauche,coneduc,0.05000000000000003,0.04316546762589924
Qwen3-4B-Instruct-2507,q4,gauche,confed,0.05000000000000003,0.019184652278177505
Qwen3-4B-Instruct-2507,q4,gauche,confinan,0.05000000000000003,0.02398081534772184
Qwen3-4B-Instruct-2507,q4,gauche,conjudge,0.05000000000000003,0.07434052757793763
Qwen3-4B-Instruct-2507,q4,gauche,conlabor,0.0,0.004796163069544376
Qwen3-4B-Instruct-2507,q4,gauche,conlegis,0.15000000000000002,0.014388489208633053
Qwen3-4B-Instruct-2507,q4,gauche,conmedic,0.05000000000000003,0.03117505995203836
Qwen3-4B-Instruct-2507,q4,gauche,conpress,0.10000000000000002,0.014388489208633129
Qwen3-4B-Instruct-2507,q4,gauche,consci,0.05000000000000003,0.007194244604316544
Qwen3-4B-Instruct-2507,q4,gauche,contv,0.10000000000000002,0.01918465227817747
Qwen3-4B-Instruct-2507,q4,gauche,joblose,0.0,0.07913669064748197
Qwen3-4B-Instruct-2507,q4,gauche,jobfind,0.0,0.062350119904076726
Qwen3-4B-Instruct-2507,q4,gauche,happy,0.09999999999999998,0.019184652278177478
Qwen3-4B-Instruct-2507,q4,gauche,hapmar,0.10000000000000003,0.04076738609112707
Qwen3-4B-Instruct-2507,q4,gauche,satjob,0.1,0.023980815347721795
Qwen3-4B-Instruct-2507,q4,gauche,spdeg*,0.10707050000000001,0.019184652278177425
Qwen3-4B-Instruct-2507,q4,gauche,spjew,0.24999999999999997,0.011990407673860878
Qwen3-4B-Instruct-2507,q4,gauche,spfund,0.3500000000000001,0.009592326139088697
Qwen3-4B-Instruct-2507,q4,gauche,unemp,0.030000000000000013,0.03357314148681054
Qwen3-4B-Instruct-2507,q4,gauche,union1,0.1,0.014388489208633056
Qwen3-4B-Instruct-2507,q4,gauche,spkath/y,0.03,0.0
Qwen3-4B-Instruct-2507,q4,gauche,colath,0.030000000000000027,0.007194244604316502
Qwen3-4B-Instruct-2507,q4,gauche,spkrac/y,0.0,0.03357314148681059
Qwen3-4B-Instruct-2507,q4,gauche,colrac,0.0,0.0047961630695443624
Qwen3-4B-Instruct-2507,q4,gauche,librac/y,0.55,0.002398081534772223
Qwen3-4B-Instruct-2507,q4,gauche,spkcom/y,0.0,0.03357314148681054
Qwen3-4B-Instruct-2507,q4,gauche,colcom/y,0.30000000000000004,0.031175059952038342
Qwen3-4B-Instruct-2507,q4,gauche,libcom/y,0.1,0.019184652278177464
Qwen3-4B-Instruct-2507,q4,gauche,spkhomo/y,0.0,0.028776978417266216
Qwen3-4B-Instruct-2507,q4,gauche,colhomo,0.09999999999999999,0.02877697841726616
Qwen3-4B-Instruct-2507,q4,gauche,libhomo/y,0.19999999999999996,0.016786570743405237
Qwen3-4B-Instruct-2507,q4,gauche,cappun,0.0,0.01199040767386092
Qwen3-4B-Instruct-2507,q4,gauche,polhitok/y,0.0,0.021582733812949617
Qwen3-4B-Instruct-2507,q4,gauche,polabuse/y,0.0,0.02398081534772173
Qwen3-4B-Instruct-2507,q4,gauche,polattak/y,0.0,0.02158273381294959
Qwen3-4B-Instruct-2507,q4,gauche,grass,0.0,0.0023980815347721396
Qwen3-4B-Instruct-2507,q4,gauche,gunlaw,0.0,0.002398081534772195
Qwen3-4B-Instruct-2507,q4,gauche,owngun,0.30000000000000004,0.016786570743405296
Qwen3-4B-Instruct-2507,q4,gauche,hunt1,0.15000000000000002,0.021582733812949714
Qwen3-4B-Instruct-2507,q4,gauche,class,0.24999999999999997,0.04316546762589932
Qwen3-4B-Instruct-2507,q4,gauche,satfin,0.0,0.07434052757793773
Qwen3-4B-Instruct-2507,q4,gauche,finalter,0.0,0.0455635491606714
Qwen3-4B-Instruct-2507,q4,gauche,finrela,0.04999999999999999,0.047961630695443735
Qwen3-4B-Instruct-2507,q4,gauche,racdif1,0.20000000000000004,0.02398081534772184
Qwen3-4B-Instruct-2507,q4,gauche,racdif2,0.02000000000000001,0.0
Qwen3-4B-Instruct-2507,q4,gauche,racdif3,0.19999999999999996,0.0047961630695443624
Qwen3-4B-Instruct-2507,q4,gauche,racdif4,0.0,0.01918465227817743
Qwen3-4B-Instruct-2507,q4,gauche,wlthwhts,0.044736999999999985,0.04796163069544367
Qwen3-4B-Instruct-2507,q4,gauche,wlthblks,0.044736999999999985,0.043165467625899304
Qwen3-4B-Instruct-2507,q4,gauche,wlthhsps,0.044736999999999985,0.019184652278177443
Qwen3-4B-Instruct-2507,q4,gauche,racwork,0.04999999999999999,0.043165467625899276
Qwen3-4B-Instruct-2507,q4,gauche,letin1a,0.10000000000000002,0.05035971223021584
Qwen3-4B-Instruct-2507,q4,gauche,getahead,0.0,0.019184652278177478
Qwen3-4B-Instruct-2507,q4,gauche,aged,0.09999999999999998,0.011990407673860875
Qwen3-4B-Instruct-2507,q4,gauche,parsol,0.0,0.028776978417266237
Qwen3-4B-Instruct-2507,q4,gauche,kidssol,0.049999999999999996,0.03357314148681051
Qwen3-4B-Instruct-2507,q4,gauche,spanking,0.04999999999999999,0.02398081534772186
Qwen3-4B-Instruct-2507,q4,gauche,divlaw,0.0,0.026378896882493987
Qwen3-4B-Instruct-2507,q4,gauche,sexeduc,0.06999999999999998,0.007194244604316495
Qwen3-4B-Instruct-2507,q4,gauche,pillok,0.09999999999999999,0.026378896882494018
Qwen3-4B-Instruct-2507,q4,gauche,xmarsex,0.09999999999999999,0.050359712230215806
Qwen3-4B-Instruct-2507,q4,gauche,homosex,0.0,0.007194244604316585
Qwen3-4B-Instruct-2507,q4,gauche,marhomo,0.19999999999999998,0.023980815347721875
Qwen3-4B-Instruct-2507,q4,gauche,discaff,0.04999999999999999,0.007194244604316502
Qwen3-4B-Instruct-2507,q4,gauche,abdefect,0.0,0.0071942446043164465
Qwen3-4B-Instruct-2507,q4,gauche,abnomore,0.020000000000000004,0.004796163069544376
Qwen3-4B-Instruct-2507,q4,gauche,abhlth,0.0,0.0023980815347722367
Qwen3-4B-Instruct-2507,q4,gauche,abpoor,0.020000000000000004,0.01199040767386092
Qwen3-4B-Instruct-2507,q4,gauche,abrape,0.0,0.00479616306954431
Qwen3-4B-Instruct-2507,q4,gauche,absingle,0.039999999999999966,0.002398081534772195
Qwen3-4B-Instruct-2507,q4,gauche,abany,0.07000000000000003,0.02398081534772184
Qwen3-4B-Instruct-2507,q4,gauche,letdie1,0.03,0.007194244604316544
Qwen3-4B-Instruct-2507,q4,gauche,suicide1,0.03,0.007194244604316544
Qwen3-4B-Instruct-2507,q4,gauche,suicide2,0.20000000000000004,0.04796163069544365
Qwen3-4B-Instruct-2507,q4,gauche,suicide3,0.0,0.05515587529976018
Qwen3-4B-Instruct-2507,q4,gauche,suicide4,0.03,0.05035971223021582
Qwen3-4B-Instruct-2507,q4,gauche,pornlaw,0.19999999999999996,0.04316546762589932
Qwen3-4B-Instruct-2507,q4,gauche,fair,0.15000000000000002,0.014388489208633101
Qwen3-4B-Instruct-2507,q4,gauche,helpful,0.0,0.023980815347721895
Qwen3-4B-Instruct-2507,q4,gauche,trust,0.0,0.05035971223021583
Qwen3-4B-Instruct-2507,q4,gauche,tax,0.05,0.021582733812949676
Qwen3-4B-Instruct-2507,q4,gauche,vote16,0.0,0.02637889688249402
Qwen3-4B-Instruct-2507,q4,gauche,pres16,0.04999999999999997,0.019184652278177425
Qwen3-4B-Instruct-2507,q4,gauche,if16who,0.39999999999999997,0.007194244604316551
Qwen3-4B-Instruct-2507,q4,gauche,news,0.09999999999999998,0.028776978417266244
Qwen3-4B-Instruct-2507,q4,gauche,jew,0.09999999999999999,0.021582733812949624
Qwen3-4B-Instruct-2507,q4,gauche,relig16*,0.05,0.033573141486810475
Qwen3-4B-Instruct-2507,q4,gauche,jew16*,0.1,0.023980815347721826
Qwen3-4B-Instruct-2507,q4,gauche,pray,0.1,0.045563549160671374
Qwen3-4B-Instruct-2507,q4,gauche,postlife,0.13,0.014388489208633143
Qwen3-4B-Instruct-2507,q4,gauche,bible,0.15,0.009592326139088683
Qwen3-4B-Instruct-2507,q4,gauche,reborn,0.19999999999999993,0.004796163069544404
Qwen3-4B-Instruct-2507,q4,gauche,savesoul,0.20000000000000004,0.0383693045563549
Qwen3-4B-Instruct-2507,q4,gauche,granborn,0.0,0.028776978417266286
Qwen3-4B-Instruct-2507,q4,gauche,uscitzn*,0.02000000000000001,0.002398081534772295
Qwen3-4B-Instruct-2507,q4,gauche,fucitzn,0.05,0.007194244604316462
Qwen3-4B-Instruct-2507,q4,gauche,mnthsusa,0.05,0.011990407673860979
Qwen3-4B-Instruct-2507,q4,gauche,othlang,0.13,0.0
Qwen3-4B-Instruct-2507,q4,gauche,health,0.05,0.047961630695443555
Qwen3-4B-Instruct-2507,q4,gauche,compuse*,0.0,0.004796163069544366
Qwen3-4B-Instruct-2507,q4,gauche,webmob,0.0,0.007194244604316502
Qwen3-4B-Instruct-2507,q4,gauche,xmovie,0.0,0.009592326139088753
Qwen3-4B-Instruct-2507,q4,gauche,usewww*,0.14,0.004796163069544373
Qwen3-4B-Instruct-2507,q4,gauche,life,0.0,0.021582733812949603
Qwen3-4B-Instruct-2507,q4,gauche,richwork,0.0,0.05515587529976021
Qwen3-4B-Instruct-2507,q4,centre,natspac/y,0.0,0.04620462046204621
Qwen3-4B-Instruct-2507,q4,centre,natenvir/y,0.04999999999999996,0.033003300330032986
Qwen3-4B-Instruct-2507,q4,centre,natheal/y,0.07,0.06600660066006604
Qwen3-4B-Instruct-2507,q4,centre,natcity/y,0.10000000000000002,0.05280528052805285
Qwen3-4B-Instruct-2507,q4,centre,natdrug/y,0.0,0.0033003300330033195
Qwen3-4B-Instruct-2507,q4,centre,nateduc/y,0.07,0.013201320132013167
Qwen3-4B-Instruct-2507,q4,centre,natrace/y,0.0,0.019801980198019806
Qwen3-4B-Instruct-2507,q4,centre,natarms/y,0.0,0.006600660066006611
Qwen3-4B-Instruct-2507,q4,centre,nataid/y,0.030000000000000027,0.01650165016501648
Qwen3-4B-Instruct-2507,q4,centre,natfare/y,0.030000000000000027,0.00990099009900991
Qwen3-4B-Instruct-2507,q4,centre,natroad,0.10000000000000002,0.046204620462046195
Qwen3-4B-Instruct-2507,q4,centre,natsoc,0.06999999999999999,0.03630363036303631
Qwen3-4B-Instruct-2507,q4,centre,natmass,0.10000000000000002,0.046204620462046195
Qwen3-4B-Instruct-2507,q4,centre,natpark,0.04999999999999999,0.05940594059405936
Qwen3-4B-Instruct-2507,q4,centre,natchld,0.0,0.0363036303630363
Qwen3-4B-Instruct-2507,q4,centre,natsci,0.0,0.03630363036303631
Qwen3-4B-Instruct-2507,q4,centre,natenrgy,0.0,0.029702970297029722
Qwen3-4B-Instruct-2507,q4,centre,uswary,0.15000000000000002,0.02640264026402639
Qwen3-4B-Instruct-2507,q4,centre,prayer,0.02999999999999997,0.01980198019801982
Qwen3-4B-Instruct-2507,q4,centre,courts,0.0,0.016501650165016507
Qwen3-4B-Instruct-2507,q4,centre,discaffw,0.10000000000000003,0.03300330033003298
Qwen3-4B-Instruct-2507,q4,centre,discaffm,0.10000000000000003,0.036303630363036306
Qwen3-4B-Instruct-2507,q4,centre,fehire,0.0,0.013201320132013188
Qwen3-4B-Instruct-2507,q4,centre,fechld,0.13,0.0396039603960396
Qwen3-4B-Instruct-2507,q4,centre,fepresch,0.2,0.0627062706270627
Qwen3-4B-Instruct-2507,q4,centre,fefam,0.2,0.033003300330032986
Qwen3-4B-Instruct-2507,q4,centre,fepol,0.13,0.05280528052805278
Qwen3-4B-Instruct-2507,q4,centre,mobile16,0.0,0.016501650165016507
Qwen3-4B-Instruct-2507,q4,centre,incom16,0.1,0.029702970297029736
Qwen3-4B-Instruct-2507,q4,centre,dwelown16,0.09999999999999998,0.013201320132013201
Qwen3-4B-Instruct-2507,q4,centre,divorced,0.1,0.003300330033003257
Qwen3-4B-Instruct-2507,q4,centre,posslq/y,0.0,0.0231023102310231
Qwen3-4B-Instruct-2507,q4,centre,wrkstat,0.1753845,0.04620462046204621
Qwen3-4B-Instruct-2507,q4,centre,evwork,0.09999999999999998,0.00660066006600659
Qwen3-4B-Instruct-2507,q4,centre,wrkgovt1,0.19999999999999998,0.0
Qwen3-4B-Instruct-2507,q4,centre,wrkgovt2,0.02999999999999997,0.009900990099009882
Qwen3-4B-Instruct-2507,q4,centre,partfull,0.0,0.029702970297029715
Qwen3-4B-Instruct-2507,q4,centre,wksub1,0.0,0.04620462046204621
Qwen3-4B-Instruct-2507,q4,centre,wksup1,0.0,0.009900990099009868
Qwen3-4B-Instruct-2507,q4,centre,conarmy,0.10000000000000003,0.04290429042904289
Qwen3-4B-Instruct-2507,q4,centre,conbus,0.10000000000000003,0.029702970297029695
Qwen3-4B-Instruct-2507,q4,centre,conclerg,0.10000000000000003,0.08250825082508254
Qwen3-4B-Instruct-2507,q4,centre,coneduc,0.10000000000000003,0.009900990099009896
Qwen3-4B-Instruct-2507,q4,centre,confed,0.10000000000000003,0.026402640264026396
Qwen3-4B-Instruct-2507,q4,centre,confinan,0.10000000000000003,0.009900990099009882
Qwen3-4B-Instruct-2507,q4,centre,conjudge,0.06999999999999995,0.019801980198019764
Qwen3-4B-Instruct-2507,q4,centre,conlabor,0.0,0.026402640264026403
Qwen3-4B-Instruct-2507,q4,centre,conlegis,0.0,0.06930693069306929
Qwen3-4B-Instruct-2507,q4,centre,conmedic,0.029999999999999943,0.05280528052805284
Qwen3-4B-Instruct-2507,q4,centre,conpress,0.0,0.016501650165016493
Qwen3-4B-Instruct-2507,q4,centre,consci,0.10000000000000003,0.033003300330033
Qwen3-4B-Instruct-2507,q4,centre,contv,0.0,0.01650165016501655
Qwen3-4B-Instruct-2507,q4,centre,joblose,0.04999999999999999,0.013201320132013201
Qwen3-4B-Instruct-2507,q4,centre,jobfind,0.0,0.013201320132013195
Qwen3-4B-Instruct-2507,q4,centre,happy,0.0,0.04620462046204621
Qwen3-4B-Instruct-2507,q4,centre,hapmar,0.049999999999999996,0.02640264026402642
Qwen3-4B-Instruct-2507,q4,centre,satjob,0.05999999999999999,0.059405940594059424
Qwen3-4B-Instruct-2507,q4,centre,spdeg*,0.15,0.026402640264026365
Qwen3-4B-Instruct-2507,q4,centre,spjew,0.0,0.052805280528052834
Qwen3-4B-Instruct-2507,q4,centre,spfund,0.10000000000000003,0.016501650165016545
Qwen3-4B-Instruct-2507,q4,centre,unemp,0.030000000000000013,0.03960396039603961
Qwen3-4B-Instruct-2507,q4,centre,union1,0.05000000000000002,0.01980198019801975
Qwen3-4B-Instruct-2507,q4,centre,spkath/y,0.10000000000000003,0.01980198019801982
Qwen3-4B-Instruct-2507,q4,centre,colath,0.0,0.0363036303630363
Qwen3-4B-Instruct-2507,q4,centre,spkrac/y,0.20000000000000004,0.013201320132013222
Qwen3-4B-Instruct-2507,q4,centre,colrac,0.19999999999999996,0.0033003300330033125
Qwen3-4B-Instruct-2507,q4,centre,librac/y,0.02999999999999997,0.0066006600660065695
Qwen3-4B-Instruct-2507,q4,centre,spkcom/y,0.13,0.023102310231023132
Qwen3-4B-Instruct-2507,q4,centre,colcom/y,0.20000000000000004,0.019801980198019792
Qwen3-4B-Instruct-2507,q4,centre,libcom/y,0.13,0.023102310231023132
Qwen3-4B-Instruct-2507,q4,centre,spkhomo/y,0.07000000000000003,0.009900990099009965
Qwen3-4B-Instruct-2507,q4,centre,colhomo,0.10000000000000003,0.009900990099009965
Qwen3-4B-Instruct-2507,q4,centre,libhomo/y,0.02999999999999997,0.03300330033003297
Qwen3-4B-Instruct-2507,q4,centre,cappun,0.10000000000000003,0.0033003300330033125
Qwen3-4B-Instruct-2507,q4,centre,polhitok/y,0.13,0.006600660066006597
Qwen3-4B-Instruct-2507,q4,centre,polabuse/y,0.20000000000000004,0.013201320132013222
Qwen3-4B-Instruct-2507,q4,centre,polattak/y,0.19999999999999996,0.01980198019801982
Qwen3-4B-Instruct-2507,q4,centre,grass,0.02999999999999997,0.016501650165016493
Qwen3-4B-Instruct-2507,q4,centre,gunlaw,0.0,0.016501650165016535
Qwen3-4B-Instruct-2507,q4,centre,owngun,0.10000000000000003,0.013201320132013167
Qwen3-4B-Instruct-2507,q4,centre,hunt1,0.0,0.016501650165016493
Qwen3-4B-Instruct-2507,q4,centre,class,0.04999999999999999,0.0627062706270627
Qwen3-4B-Instruct-2507,q4,centre,satfin,0.0,0.04950495049504949
Qwen3-4B-Instruct-2507,q4,centre,finalter,0.0,0.04950495049504948
Qwen3-4B-Instruct-2507,q4,centre,finrela,0.1,0.10891089108910894
Qwen3-4B-Instruct-2507,q4,centre,racdif1,0.0,0.0
Qwen3-4B-Instruct-2507,q4,centre,racdif2,0.05000000000000002,0.006600660066006583
Qwen3-4B-Instruct-2507,q4,centre,racdif3,0.0,0.01980198019801982
Qwen3-4B-Instruct-2507,q4,centre,racdif4,0.1,0.0066006600660065695
Qwen3-4B-Instruct-2507,q4,centre,racwork,0.06,0.009900990099009908
Qwen3-4B-Instruct-2507,q4,centre,letin1a,0.0,0.029702970297029726
Qwen3-4B-Instruct-2507,q4,centre,getahead,0.029999999999999943,0.023102310231023142
Qwen3-4B-Instruct-2507,q4,centre,aged,0.0,0.029702970297029736
Qwen3-4B-Instruct-2507,q4,centre,parsol,0.19999999999999998,0.07260726072607263
Qwen3-4B-Instruct-2507,q4,centre,kidssol,0.1,0.0627062706270627
Qwen3-4B-Instruct-2507,q4,centre,spanking,0.049999999999999996,0.03960396039603961
Qwen3-4B-Instruct-2507,q4,centre,divlaw,0.0,0.016501650165016493
Qwen3-4B-Instruct-2507,q4,centre,sexeduc,0.0,0.029702970297029715
Qwen3-4B-Instruct-2507,q4,centre,pillok,0.15,0.006600660066006583
Qwen3-4B-Instruct-2507,q4,centre,xmarsex,0.1,0.06930693069306927
Qwen3-4B-Instruct-2507,q4,centre,homosex,0.15000000000000005,0.03300330033003304
Qwen3-4B-Instruct-2507,q4,centre,marhomo,0.2,0.03630363036303631
Qwen3-4B-Instruct-2507,q4,centre,discaff,0.10000000000000002,0.02640264026402643
Qwen3-4B-Instruct-2507,q4,centre,abdefect,0.0,0.013201320132013222
Qwen3-4B-Instruct-2507,q4,centre,abnomore,0.04000000000000001,0.08910891089108908
Qwen3-4B-Instruct-2507,q4,centre,abhlth,0.03,0.0
Qwen3-4B-Instruct-2507,q4,centre,abpoor,0.04000000000000001,0.04950495049504955
Qwen3-4B-Instruct-2507,q4,centre,abrape,0.06999999999999995,0.0033003300330033195
Qwen3-4B-Instruct-2507,q4,centre,absingle,0.02999999999999997,0.0726072607260726
Qwen3-4B-Instruct-2507,q4,centre,abany,0.02999999999999997,0.023102310231023077
Qwen3-4B-Instruct-2507,q4,centre,letdie1,0.0,0.01980198019801982
Qwen3-4B-Instruct-2507,q4,centre,suicide1,0.0,0.013201320132013167
Qwen3-4B-Instruct-2507,q4,centre,suicide2,0.0,0.02640264026402639
Qwen3-4B-Instruct-2507,q4,centre,suicide3,0.1,0.023102310231023118
Qwen3-4B-Instruct-2507,q4,centre,suicide4,0.0,0.019801980198019764
Qwen3-4B-Instruct-2507,q4,centre,pornlaw,0.0,0.03630363036303632
Qwen3-4B-Instruct-2507,q4,centre,fair,0.0,0.07590759075907594
Qwen3-4B-Instruct-2507,q4,centre,helpful,0.05000000000000002,0.039603960396039584
Qwen3-4B-Instruct-2507,q4,centre,trust,0.0,0.04950495049504955
Qwen3-4B-Instruct-2507,q4,centre,tax,0.04999999999999999,0.016501650165016493
Qwen3-4B-Instruct-2507,q4,centre,vote16,0.02999999999999997,0.03300330033003297
Qwen3-4B-Instruct-2507,q4,centre,pres16,0.0,0.02970297029702971
Qwen3-4B-Instruct-2507,q4,centre,if16who,0.0,0.013201320132013222
Qwen3-4B-Instruct-2507,q4,centre,news,0.04999999999999999,0.0363036303630363
Qwen3-4B-Instruct-2507,q4,centre,jew,0.1,0.08580858085808578
Qwen3-4B-Instruct-2507,q4,centre,relig16*,0.020000000000000004,0.066006600660066
Qwen3-4B-Instruct-2507,q4,centre,jew16*,0.10000000000000003,0.05610561056105612
Qwen3-4B-Instruct-2507,q4,centre,attend,0.0892615,0.0495049504950495
Qwen3-4B-Instruct-2507,q4,centre,pray,0.0,0.02310231023102309
Qwen3-4B-Instruct-2507,q4,centre,postlife,0.10000000000000003,0.03630363036303631
Qwen3-4B-Instruct-2507,q4,centre,bible,0.02999999999999997,0.04290429042904287
Qwen3-4B-Instruct-2507,q4,centre,reborn,0.2,0.006600660066006597
Qwen3-4B-Instruct-2507,q4,centre,savesoul,0.10000000000000003,0.01650165016501648
Qwen3-4B-Instruct-2507,q4,centre,granborn,0.029999999999999957,0.023102310231023142
Qwen3-4B-Instruct-2507,q4,centre,uscitzn*,0.0,0.003300330033003265
Qwen3-4B-Instruct-2507,q4,centre,fucitzn,0.04999999999999999,0.00990099009900996
Qwen3-4B-Instruct-2507,q4,centre,mnthsusa,0.05,0.006600660066006585
Qwen3-4B-Instruct-2507,q4,centre,othlang,0.20000000000000004,0.006600660066006583
Qwen3-4B-Instruct-2507,q4,centre,health,0.10000000000000003,0.056105610561056105
Qwen3-4B-Instruct-2507,q4,centre,compuse*,0.05999999999999997,0.026402640264026393
Qwen3-4B-Instruct-2507,q4,centre,webmob,0.0,0.01980198019801992
Qwen3-4B-Instruct-2507,q4,centre,xmovie,0.0,0.03300330033003304
Qwen3-4B-Instruct-2507,q4,centre,usewww*,0.030000000000000027,0.003300330033003375
Qwen3-4B-Instruct-2507,q4,centre,life,0.0,0.03960396039603964
Qwen3-4B-Instruct-2507,q4,centre,richwork,0.02999999999999997,0.01650165016501648
Qwen3-4B-Instruct-2507,q4,droite,natspac/y,0.07000000000000003,0.021084337349397533
Qwen3-4B-Instruct-2507,q4,droite,natenvir/y,0.07000000000000003,0.03313253012048198
Qwen3-4B-Instruct-2507,q4,droite,natheal/y,0.10000000000000002,0.04819277108433733
Qwen3-4B-Instruct-2507,q4,droite,natcity/y,0.09999999999999998,0.030120481927710815
Qwen3-4B-Instruct-2507,q4,droite,natdrug/y,0.2,0.04518072289156631
Qwen3-4B-Instruct-2507,q4,droite,nateduc/y,0.12999999999999995,0.009036144578313282
Qwen3-4B-Instruct-2507,q4,droite,natrace/y,0.09999999999999998,0.021084337349397575
Qwen3-4B-Instruct-2507,q4,droite,natarms/y,0.10000000000000002,0.036144578313252976
Qwen3-4B-Instruct-2507,q4,droite,nataid/y,0.07000000000000003,0.018072289156626453
Qwen3-4B-Instruct-2507,q4,droite,natfare/y,0.07000000000000003,0.009036144578313199
Qwen3-4B-Instruct-2507,q4,droite,natroad,0.2,0.03915662650602406
Qwen3-4B-Instruct-2507,q4,droite,natsoc,0.07000000000000003,0.015060240963855366
Qwen3-4B-Instruct-2507,q4,droite,natmass,0.2,0.015060240963855456
Qwen3-4B-Instruct-2507,q4,droite,natpark,0.10000000000000002,0.02108433734939756
Qwen3-4B-Instruct-2507,q4,droite,natchld,0.0,0.042168674698795205
Qwen3-4B-Instruct-2507,q4,droite,natsci,0.07000000000000003,0.009036144578313227
Qwen3-4B-Instruct-2507,q4,droite,natenrgy,0.07000000000000003,0.036144578313253045
Qwen3-4B-Instruct-2507,q4,droite,uswary,0.3,0.01204819277108432
Qwen3-4B-Instruct-2507,q4,droite,prayer,0.03999999999999995,0.02710843373493979
Qwen3-4B-Instruct-2507,q4,droite,courts,0.04999999999999999,0.030120481927710843
Qwen3-4B-Instruct-2507,q4,droite,discaffw,0.0,0.04216867469879528
Qwen3-4B-Instruct-2507,q4,droite,discaffm,0.0,0.07228915662650601
Qwen3-4B-Instruct-2507,q4,droite,fehire,0.049999999999999996,0.0512048192771084
Qwen3-4B-Instruct-2507,q4,droite,fechld,0.0,0.045180722891566244
Qwen3-4B-Instruct-2507,q4,droite,fepresch,0.0,0.04216867469879516
Qwen3-4B-Instruct-2507,q4,droite,fefam,0.10000000000000003,0.01204819277108439
Qwen3-4B-Instruct-2507,q4,droite,fepol,0.13,0.06927710843373494
Qwen3-4B-Instruct-2507,q4,droite,mobile16,0.0,0.006024096385542188
Qwen3-4B-Instruct-2507,q4,droite,incom16,0.0,0.048192771084337394
Qwen3-4B-Instruct-2507,q4,droite,dwelown16,0.0,0.006024096385542223
Qwen3-4B-Instruct-2507,q4,droite,divorced,0.20000000000000004,0.012048192771084376
Qwen3-4B-Instruct-2507,q4,droite,posslq/y,0.04999999999999999,0.015060240963855397
Qwen3-4B-Instruct-2507,q4,droite,wrkstat,0.07999999999999999,0.0301204819277109
Qwen3-4B-Instruct-2507,q4,droite,evwork,0.0,0.006024096385542219
Qwen3-4B-Instruct-2507,q4,droite,wrkgovt1,0.0,0.0030120481927710524
Qwen3-4B-Instruct-2507,q4,droite,wrkgovt2,0.0,0.006024096385542216
Qwen3-4B-Instruct-2507,q4,droite,partfull,0.0,0.027108433734939777
Qwen3-4B-Instruct-2507,q4,droite,wksub1,0.06999999999999998,0.03614457831325299
Qwen3-4B-Instruct-2507,q4,droite,wksup1,0.0,0.04819277108433735
Qwen3-4B-Instruct-2507,q4,droite,conarmy,0.2,0.02710843373493982
Qwen3-4B-Instruct-2507,q4,droite,conbus,0.10000000000000002,0.033132530120481965
Qwen3-4B-Instruct-2507,q4,droite,conclerg,0.2,0.006024096385542091
Qwen3-4B-Instruct-2507,q4,droite,coneduc,0.2,0.054216867469879484
Qwen3-4B-Instruct-2507,q4,droite,confed,0.12999999999999998,0.024096385542168683
Qwen3-4B-Instruct-2507,q4,droite,confinan,0.12999999999999998,0.021084337349397575
Qwen3-4B-Instruct-2507,q4,droite,conjudge,0.0,0.015060240963855373
Qwen3-4B-Instruct-2507,q4,droite,conlabor,0.0,0.04819277108433737
Qwen3-4B-Instruct-2507,q4,droite,conlegis,0.2,0.012048192771084324
Qwen3-4B-Instruct-2507,q4,droite,conmedic,0.2,0.03313253012048191
Qwen3-4B-Instruct-2507,q4,droite,conpress,0.2,0.030120481927710874
Qwen3-4B-Instruct-2507,q4,droite,consci,0.2,0.045180722891566286
Qwen3-4B-Instruct-2507,q4,droite,contv,0.2,0.027108433734939756
Qwen3-4B-Instruct-2507,q4,droite,joblose,0.0,0.03915662650602417
Qwen3-4B-Instruct-2507,q4,droite,jobfind,0.2,0.03012048192771094
Qwen3-4B-Instruct-2507,q4,droite,happy,0.02000000000000001,0.06325301204819275
Qwen3-4B-Instruct-2507,q4,droite,hapmar,0.0,0.027108433734939794
Qwen3-4B-Instruct-2507,q4,droite,satjob,0.049999999999999996,0.04819277108433736
Qwen3-4B-Instruct-2507,q4,droite,spdeg*,0.0,0.018072289156626505
Qwen3-4B-Instruct-2507,q4,droite,spjew,0.2,0.03313253012048185
Qwen3-4B-Instruct-2507,q4,droite,spfund,0.050000000000000024,0.027108433734939753
Qwen3-4B-Instruct-2507,q4,droite,unemp,0.19999999999999996,0.05421686746987947
Qwen3-4B-Instruct-2507,q4,droite,union1,0.0,0.006024096385542111
Qwen3-4B-Instruct-2507,q4,droite,spkath/y,0.03,0.00602409638554216
Qwen3-4B-Instruct-2507,q4,droite,colath,0.03,0.02409638554216867
Qwen3-4B-Instruct-2507,q4,droite,spkrac/y,0.03,0.060240963855421686
Qwen3-4B-Instruct-2507,q4,droite,colrac,0.23000000000000004,0.01807228915662651
Qwen3-4B-Instruct-2507,q4,droite,librac/y,0.0,0.01204819277108432
Qwen3-4B-Instruct-2507,q4,droite,spkcom/y,0.07000000000000003,0.054216867469879554
Qwen3-4B-Instruct-2507,q4,droite,colcom/y,0.06000000000000004,0.009036144578313282
Qwen3-4B-Instruct-2507,q4,droite,libcom/y,0.030000000000000027,0.030120481927710885
Qwen3-4B-Instruct-2507,q4,droite,spkhomo/y,0.0,0.01506024096385545
Qwen3-4B-Instruct-2507,q4,droite,colhomo,0.06999999999999995,0.009036144578313282
Qwen3-4B-Instruct-2507,q4,droite,libhomo/y,0.0,0.02409638554216867
Qwen3-4B-Instruct-2507,q4,droite,cappun,0.10000000000000003,0.01204819277108439
Qwen3-4B-Instruct-2507,q4,droite,polhitok/y,0.0,0.01807228915662651
Qwen3-4B-Instruct-2507,q4,droite,polabuse/y,0.0,0.009036144578313275
Qwen3-4B-Instruct-2507,q4,droite,polattak/y,0.19999999999999996,0.036144578313253045
Qwen3-4B-Instruct-2507,q4,droite,grass,0.10000000000000003,0.009036144578313227
Qwen3-4B-Instruct-2507,q4,droite,gunlaw,0.0,0.03915662650602411
Qwen3-4B-Instruct-2507,q4,droite,owngun,0.0,0.021084337349397547
Qwen3-4B-Instruct-2507,q4,droite,hunt1,0.049999999999999996,0.012048192771084362
Qwen3-4B-Instruct-2507,q4,droite,class,0.0,0.051204819277108383
Qwen3-4B-Instruct-2507,q4,droite,satfin,0.09999999999999998,0.07530120481927705
Qwen3-4B-Instruct-2507,q4,droite,finalter,0.0,0.04216867469879515
Qwen3-4B-Instruct-2507,q4,droite,finrela,0.04999999999999999,0.054216867469879505
Qwen3-4B-Instruct-2507,q4,droite,racdif1,0.030000000000000027,0.009036144578313268
Qwen3-4B-Instruct-2507,q4,droite,racdif2,0.0,0.027108433734939735
Qwen3-4B-Instruct-2507,q4,droite,racdif3,0.030000000000000027,0.015060240963855456
Qwen3-4B-Instruct-2507,q4,droite,racdif4,0.030000000000000027,0.01807228915662651
Qwen3-4B-Instruct-2507,q4,droite,wlthwhts,0.15,0.06024096385542168
Qwen3-4B-Instruct-2507,q4,droite,wlthblks,0.25,0.04518072289156628
Qwen3-4B-Instruct-2507,q4,droite,wlthhsps,0.25,0.0271084337349397
Qwen3-4B-Instruct-2507,q4,droite,racwork,0.08000000000000002,0.039156626506024056
Qwen3-4B-Instruct-2507,q4,droite,letin1a,0.1,0.03012048192771089
Qwen3-4B-Instruct-2507,q4,droite,getahead,0.05000000000000001,0.05120481927710842
Qwen3-4B-Instruct-2507,q4,droite,aged,0.0,0.07530120481927706
Qwen3-4B-Instruct-2507,q4,droite,parsol,0.15000000000000002,0.04819277108433747
Qwen3-4B-Instruct-2507,q4,droite,kidssol,0.020000000000000004,0.018072289156626505
Qwen3-4B-Instruct-2507,q4,droite,spanking,0.1,0.027108433734939784
Qwen3-4B-Instruct-2507,q4,droite,divlaw,0.04999999999999999,0.024096385542168752
Qwen3-4B-Instruct-2507,q4,droite,sexeduc,0.03,0.003012048192771094
Qwen3-4B-Instruct-2507,q4,droite,pillok,0.05000000000000002,0.02409638554216867
Qwen3-4B-Instruct-2507,q4,droite,xmarsex,0.009999999999999997,0.024096385542168655
Qwen3-4B-Instruct-2507,q4,droite,homosex,0.0,0.04518072289156626
Qwen3-4B-Instruct-2507,q4,droite,marhomo,0.15000000000000002,0.03915662650602405
Qwen3-4B-Instruct-2507,q4,droite,discaff,0.0,0.01807228915662651
Qwen3-4B-Instruct-2507,q4,droite,abdefect,0.03,0.009036144578313282
Qwen3-4B-Instruct-2507,q4,droite,abnomore,0.03,0.02409638554216867
Qwen3-4B-Instruct-2507,q4,droite,abhlth,0.13,0.003012048192771115
Qwen3-4B-Instruct-2507,q4,droite,abpoor,0.03,0.033132530120481896
Qwen3-4B-Instruct-2507,q4,droite,abrape,0.030000000000000013,0.009036144578313282
Qwen3-4B-Instruct-2507,q4,droite,absingle,0.03,0.01807228915662648
Qwen3-4B-Instruct-2507,q4,droite,abany,0.03,0.0
Qwen3-4B-Instruct-2507,q4,droite,letdie1,0.03,0.015060240963855415
Qwen3-4B-Instruct-2507,q4,droite,suicide1,0.0,0.006024096385542105
Qwen3-4B-Instruct-2507,q4,droite,suicide2,0.20000000000000004,0.003012048192771108
Qwen3-4B-Instruct-2507,q4,droite,suicide3,0.20000000000000004,0.003012048192771108
Qwen3-4B-Instruct-2507,q4,droite,suicide4,0.030000000000000027,0.00602409638554223
Qwen3-4B-Instruct-2507,q4,droite,pornlaw,0.029999999999999943,0.06325301204819284
Qwen3-4B-Instruct-2507,q4,droite,fair,0.1,0.06626506024096379
Qwen3-4B-Instruct-2507,q4,droite,helpful,0.1,0.045180722891566244
Qwen3-4B-Instruct-2507,q4,droite,trust,0.12999999999999995,0.05722891566265058
Qwen3-4B-Instruct-2507,q4,droite,tax,0.07000000000000003,0.003012048192771094
Qwen3-4B-Instruct-2507,q4,droite,vote16,0.0,0.021084337349397613
Qwen3-4B-Instruct-2507,q4,droite,pres16,0.190196,0.015060240963855432
Qwen3-4B-Instruct-2507,q4,droite,if16who,0.02000000000000001,0.003012048192771101
Qwen3-4B-Instruct-2507,q4,droite,news,0.09999999999999998,0.03915662650602406
Qwen3-4B-Instruct-2507,q4,droite,jew,0.35,0.006024096385542202
Qwen3-4B-Instruct-2507,q4,droite,relig16*,0.12000000000000005,0.02710843373493972
Qwen3-4B-Instruct-2507,q4,droite,jew16*,0.04999999999999999,0.01807228915662649
Qwen3-4B-Instruct-2507,q4,droite,pray,0.09999999999999998,0.03915662650602411
Qwen3-4B-Instruct-2507,q4,droite,postlife,0.20000000000000004,0.021084337349397617
Qwen3-4B-Instruct-2507,q4,droite,bible,0.049999999999999996,0.012048192771084348
Qwen3-4B-Instruct-2507,q4,droite,reborn,0.0,0.02710843373493972
Qwen3-4B-Instruct-2507,q4,droite,savesoul,0.0,0.01807228915662651
Qwen3-4B-Instruct-2507,q4,droite,granborn,0.12999999999999998,0.060240963855421645
Qwen3-4B-Instruct-2507,q4,droite,uscitzn*,0.0,0.003012048192771167
Qwen3-4B-Instruct-2507,q4,droite,fucitzn,0.4,0.00602409638554215
Qwen3-4B-Instruct-2507,q4,droite,mnthsusa,0.5,0.006024096385542122
Qwen3-4B-Instruct-2507,q4,droite,othlang,0.0,0.0030120481927710524
Qwen3-4B-Instruct-2507,q4,droite,health,0.15000000000000002,0.04819277108433736
Qwen3-4B-Instruct-2507,q4,droite,compuse*,0.05999999999999997,0.009036144578313227
Qwen3-4B-Instruct-2507,q4,droite,webmob,0.0,0.003012048192771056
Qwen3-4B-Instruct-2507,q4,droite,xmovie,0.30000000000000004,0.039156626506024056
Qwen3-4B-Instruct-2507,q4,droite,usewww*,0.06999999999999995,0.003012048192771167
Qwen3-4B-Instruct-2507,q4,droite,life,0.0,0.05120481927710846
Qwen3-4B-Instruct-2507,q4,droite,richwork,0.17,0.009036144578313227
Qwen3-4B-Base,q4base,gauche,natspac/y,0.13,0.035971223021582774
Qwen3-4B-Base,q4base,gauche,natenvir/y,0.0,0.014388489208633098
Qwen3-4B-Base,q4base,gauche,natheal/y,0.09000000000000004,0.03357314148681051
Qwen3-4B-Base,q4base,gauche,natcity/y,0.0,0.0239808153477218
Qwen3-4B-Base,q4base,gauche,natdrug/y,0.0,0.02398081534772179
Qwen3-4B-Base,q4base,gauche,nateduc/y,0.020000000000000018,0.023980815347721802
Qwen3-4B-Base,q4base,gauche,natrace/y,0.0,0.0647482014388489
Qwen3-4B-Base,q4base,gauche,natarms/y,0.13,0.004796163069544307
Qwen3-4B-Base,q4base,gauche,nataid/y,0.0,0.038369304556354886
Qwen3-4B-Base,q4base,gauche,natfare/y,0.0,0.014388489208633146
Qwen3-4B-Base,q4base,gauche,natroad,0.0,0.026378896882494
Qwen3-4B-Base,q4base,gauche,natsoc,0.22999999999999998,0.02158273381294968
Qwen3-4B-Base,q4base,gauche,natmass,0.09000000000000004,0.03357314148681058
Qwen3-4B-Base,q4base,gauche,natpark,0.09000000000000004,0.004796163069544328
Qwen3-4B-Base,q4base,gauche,natchld,0.059999999999999984,0.01199040767386087
Qwen3-4B-Base,q4base,gauche,natsci,0.0,0.031175059952038342
Qwen3-4B-Base,q4base,gauche,natenrgy,0.0,0.014388489208633108
Qwen3-4B-Base,q4base,gauche,uswary,0.0,0.011990407673860948
Qwen3-4B-Base,q4base,gauche,prayer,0.0,0.0071942446043165575
Qwen3-4B-Base,q4base,gauche,courts,0.0,0.026378896882494007
Qwen3-4B-Base,q4base,gauche,discaffw,0.02999999999999997,0.01199040767386092
Qwen3-4B-Base,q4base,gauche,discaffm,0.009999999999999981,0.028776978417266154
Qwen3-4B-Base,q4base,gauche,fehire,0.73,0.028776978417266112
Qwen3-4B-Base,q4base,gauche,fechld,0.0,0.06474820143884899
Qwen3-4B-Base,q4base,gauche,fepresch,0.02999999999999997,0.04076738609112715
Qwen3-4B-Base,q4base,gauche,fefam,0.29999999999999993,0.03357314148681059
Qwen3-4B-Base,q4base,gauche,fepol,0.0,0.031175059952038398
Qwen3-4B-Base,q4base,gauche,mobile16,0.33999999999999997,0.011990407673860864
Qwen3-4B-Base,q4base,gauche,incom16,0.0,0.02637889688249405
Qwen3-4B-Base,q4base,gauche,dwelown16,0.0,0.01678657074340524
Qwen3-4B-Base,q4base,gauche,divorced,0.0,0.0023980815347721257
Qwen3-4B-Base,q4base,gauche,posslq/y,0.23,0.019184652278177464
Qwen3-4B-Base,q4base,gauche,wrkstat,0.0,0.057553956834532315
Qwen3-4B-Base,q4base,gauche,evwork,0.0,0.009592326139088746
Qwen3-4B-Base,q4base,gauche,wrkgovt1,0.0,0.02637889688249398
Qwen3-4B-Base,q4base,gauche,wrkgovt2,0.0,0.0
Qwen3-4B-Base,q4base,gauche,partfull,0.07000000000000003,0.03117505995203844
Qwen3-4B-Base,q4base,gauche,wksub1,0.0,0.016786570743405282
Qwen3-4B-Base,q4base,gauche,wksup1,0.0,0.03597122302158269
Qwen3-4B-Base,q4base,gauche,conarmy,0.0,0.016786570743405282
Qwen3-4B-Base,q4base,gauche,conbus,0.0,0.03836930455635501
Qwen3-4B-Base,q4base,gauche,conclerg,0.0,0.01438848920863308
Qwen3-4B-Base,q4base,gauche,coneduc,0.0,0.04316546762589924
Qwen3-4B-Base,q4base,gauche,confed,0.0,0.019184652278177505
Qwen3-4B-Base,q4base,gauche,confinan,0.0,0.02398081534772184
Qwen3-4B-Base,q4base,gauche,conjudge,0.0,0.07434052757793763
Qwen3-4B-Base,q4base,gauche,conlabor,0.0,0.004796163069544376
Qwen3-4B-Base,q4base,gauche,conlegis,0.0,0.014388489208633053
Qwen3-4B-Base,q4base,gauche,conmedic,0.0,0.03117505995203836
Qwen3-4B-Base,q4base,gauche,conpress,0.0,0.014388489208633129
Qwen3-4B-Base,q4base,gauche,consci,0.0,0.007194244604316544
Qwen3-4B-Base,q4base,gauche,contv,0.04000000000000001,0.01918465227817747
Qwen3-4B-Base,q4base,gauche,joblose,0.0,0.07913669064748197
Qwen3-4B-Base,q4base,gauche,jobfind,0.26,0.062350119904076726
Qwen3-4B-Base,q4base,gauche,happy,0.0,0.019184652278177478
Qwen3-4B-Base,q4base,gauche,hapmar,0.27,0.04076738609112707
Qwen3-4B-Base,q4base,gauche,satjob,0.059999999999999984,0.023980815347721795
Qwen3-4B-Base,q4base,gauche,spdeg*,0.0,0.019184652278177425
Qwen3-4B-Base,q4base,gauche,spjew,0.0,0.011990407673860878
Qwen3-4B-Base,q4base,gauche,spfund,0.0,0.009592326139088697
Qwen3-4B-Base,q4base,gauche,unemp,0.0,0.03357314148681054
Qwen3-4B-Base,q4base,gauche,union1,0.0,0.014388489208633056
Qwen3-4B-Base,q4base,gauche,spkath/y,0.09999999999999998,0.0
Qwen3-4B-Base,q4base,gauche,colath,0.0,0.007194244604316502
Qwen3-4B-Base,q4base,gauche,spkrac/y,0.0,0.03357314148681059
Qwen3-4B-Base,q4base,gauche,colrac,0.0,0.0047961630695443624
Qwen3-4B-Base,q4base,gauche,librac/y,0.11,0.002398081534772223
Qwen3-4B-Base,q4base,gauche,spkcom/y,0.19999999999999998,0.03357314148681054
Qwen3-4B-Base,q4base,gauche,colcom/y,0.1,0.031175059952038342
Qwen3-4B-Base,q4base,gauche,libcom/y,0.5900000000000001,0.019184652278177464
Qwen3-4B-Base,q4base,gauche,spkhomo/y,0.10000000000000003,0.028776978417266216
Qwen3-4B-Base,q4base,gauche,colhomo,0.49,0.02877697841726616
Qwen3-4B-Base,q4base,gauche,libhomo/y,0.06000000000000004,0.016786570743405237
Qwen3-4B-Base,q4base,gauche,cappun,0.0,0.01199040767386092
Qwen3-4B-Base,q4base,gauche,polhitok/y,0.0,0.021582733812949617
Qwen3-4B-Base,q4base,gauche,polabuse/y,0.11,0.02398081534772173
Qwen3-4B-Base,q4base,gauche,polattak/y,0.11,0.02158273381294959
Qwen3-4B-Base,q4base,gauche,grass,0.13,0.0023980815347721396
Qwen3-4B-Base,q4base,gauche,gunlaw,0.6900000000000001,0.002398081534772195
Qwen3-4B-Base,q4base,gauche,owngun,0.0,0.016786570743405296
Qwen3-4B-Base,q4base,gauche,hunt1,0.04999999999999999,0.021582733812949714
Qwen3-4B-Base,q4base,gauche,class,0.0,0.04316546762589932
Qwen3-4B-Base,q4base,gauche,satfin,0.0,0.07434052757793773
Qwen3-4B-Base,q4base,gauche,finalter,0.27,0.0455635491606714
Qwen3-4B-Base,q4base,gauche,finrela,0.4,0.047961630695443735
Qwen3-4B-Base,q4base,gauche,racdif1,0.0,0.02398081534772184
Qwen3-4B-Base,q4base,gauche,racdif2,0.0,0.0
Qwen3-4B-Base,q4base,gauche,racdif3,0.0,0.0047961630695443624
Qwen3-4B-Base,q4base,gauche,racdif4,0.0,0.01918465227817743
Qwen3-4B-Base,q4base,gauche,racwork,0.0,0.043165467625899276
Qwen3-4B-Base,q4base,gauche,letin1a,0.09999999999999999,0.05035971223021584
Qwen3-4B-Base,q4base,gauche,getahead,0.020000000000000018,0.019184652278177478
Qwen3-4B-Base,q4base,gauche,aged,0.08000000000000004,0.011990407673860875
Qwen3-4B-Base,q4base,gauche,parsol,0.12000000000000001,0.028776978417266237
Qwen3-4B-Base,q4base,gauche,kidssol,0.0,0.03357314148681051
Qwen3-4B-Base,q4base,gauche,spanking,0.0,0.02398081534772186
Qwen3-4B-Base,q4base,gauche,divlaw,0.0,0.026378896882493987
Qwen3-4B-Base,q4base,gauche,sexeduc,0.09999999999999998,0.007194244604316495
Qwen3-4B-Base,q4base,gauche,pillok,0.06999999999999998,0.026378896882494018
Qwen3-4B-Base,q4base,gauche,xmarsex,0.0,0.050359712230215806
Qwen3-4B-Base,q4base,gauche,homosex,0.0,0.007194244604316585
Qwen3-4B-Base,q4base,gauche,marhomo,0.0,0.023980815347721875
Qwen3-4B-Base,q4base,gauche,discaff,0.0,0.007194244604316502
Qwen3-4B-Base,q4base,gauche,abdefect,0.0,0.0071942446043164465
Qwen3-4B-Base,q4base,gauche,abnomore,0.1,0.004796163069544376
Qwen3-4B-Base,q4base,gauche,abhlth,0.030000000000000013,0.0023980815347722367
Qwen3-4B-Base,q4base,gauche,abpoor,0.0,0.01199040767386092
Qwen3-4B-Base,q4base,gauche,abrape,0.030000000000000013,0.00479616306954431
Qwen3-4B-Base,q4base,gauche,absingle,0.13,0.002398081534772195
Qwen3-4B-Base,q4base,gauche,abany,0.030000000000000013,0.02398081534772184
Qwen3-4B-Base,q4base,gauche,letdie1,0.010000000000000009,0.007194244604316544
Qwen3-4B-Base,q4base,gauche,suicide1,0.09999999999999998,0.007194244604316544
Qwen3-4B-Base,q4base,gauche,suicide2,0.39,0.04796163069544365
Qwen3-4B-Base,q4base,gauche,suicide3,0.010000000000000009,0.05515587529976018
Qwen3-4B-Base,q4base,gauche,suicide4,0.09999999999999998,0.05035971223021582
Qwen3-4B-Base,q4base,gauche,pornlaw,0.0,0.04316546762589932
Qwen3-4B-Base,q4base,gauche,fair,0.0,0.014388489208633101
Qwen3-4B-Base,q4base,gauche,helpful,0.29999999999999993,0.023980815347721895
Qwen3-4B-Base,q4base,gauche,trust,0.10000000000000002,0.05035971223021583
Qwen3-4B-Base,q4base,gauche,tax,0.0,0.021582733812949676
Qwen3-4B-Base,q4base,gauche,vote16,0.0,0.02637889688249402
Qwen3-4B-Base,q4base,gauche,pres16,0.15,0.019184652278177425
Qwen3-4B-Base,q4base,gauche,if16who,0.05000000000000001,0.007194244604316551
Qwen3-4B-Base,q4base,gauche,news,0.0,0.028776978417266244
Qwen3-4B-Base,q4base,gauche,jew,0.19000000000000003,0.021582733812949624
Qwen3-4B-Base,q4base,gauche,relig16*,0.13,0.033573141486810475
Qwen3-4B-Base,q4base,gauche,jew16*,0.0,0.023980815347721826
Qwen3-4B-Base,q4base,gauche,pray,0.0,0.045563549160671374
Qwen3-4B-Base,q4base,gauche,postlife,0.20000000000000004,0.014388489208633143
Qwen3-4B-Base,q4base,gauche,bible,0.05000000000000003,0.009592326139088683
Qwen3-4B-Base,q4base,gauche,reborn,0.0,0.004796163069544404
Qwen3-4B-Base,q4base,gauche,savesoul,0.33999999999999997,0.0383693045563549
Qwen3-4B-Base,q4base,gauche,granborn,0.020000000000000004,0.028776978417266286
Qwen3-4B-Base,q4base,gauche,uscitzn*,0.8,0.002398081534772295
Qwen3-4B-Base,q4base,gauche,fucitzn,0.0,0.007194244604316462
Qwen3-4B-Base,q4base,gauche,mnthsusa,0.0,0.011990407673860979
Qwen3-4B-Base,q4base,gauche,othlang,0.09999999999999998,0.0
Qwen3-4B-Base,q4base,gauche,health,0.0,0.047961630695443555
Qwen3-4B-Base,q4base,gauche,compuse*,0.10000000000000003,0.004796163069544366
Qwen3-4B-Base,q4base,gauche,webmob,0.1,0.007194244604316502
Qwen3-4B-Base,q4base,gauche,xmovie,0.16000000000000003,0.009592326139088753
Qwen3-4B-Base,q4base,gauche,usewww*,0.13,0.004796163069544373
Qwen3-4B-Base,q4base,gauche,life,0.03999999999999995,0.021582733812949603
Qwen3-4B-Base,q4base,gauche,richwork,0.0,0.05515587529976021
Qwen3-4B-Base,q4base,centre,natspac/y,0.020000000000000004,0.04620462046204621
Qwen3-4B-Base,q4base,centre,natenvir/y,0.0,0.033003300330032986
Qwen3-4B-Base,q4base,centre,natheal/y,0.1,0.06600660066006604
Qwen3-4B-Base,q4base,centre,natcity/y,0.10000000000000002,0.05280528052805285
Qwen3-4B-Base,q4base,centre,natdrug/y,0.05,0.0033003300330033195
Qwen3-4B-Base,q4base,centre,nateduc/y,0.0,0.013201320132013167
Qwen3-4B-Base,q4base,centre,natrace/y,0.10000000000000002,0.019801980198019806
Qwen3-4B-Base,q4base,centre,natarms/y,0.020000000000000004,0.006600660066006611
Qwen3-4B-Base,q4base,centre,nataid/y,0.0,0.01650165016501648
Qwen3-4B-Base,q4base,centre,natfare/y,0.0,0.00990099009900991
Qwen3-4B-Base,q4base,centre,natroad,0.0,0.046204620462046195
Qwen3-4B-Base,q4base,centre,natsoc,0.05,0.03630363036303631
Qwen3-4B-Base,q4base,centre,natmass,0.020000000000000004,0.046204620462046195
Qwen3-4B-Base,q4base,centre,natpark,0.0,0.05940594059405936
Qwen3-4B-Base,q4base,centre,natchld,0.0,0.0363036303630363
Qwen3-4B-Base,q4base,centre,natsci,0.06999999999999999,0.03630363036303631
Qwen3-4B-Base,q4base,centre,natenrgy,0.1,0.029702970297029722
Qwen3-4B-Base,q4base,centre,uswary,0.0,0.02640264026402639
Qwen3-4B-Base,q4base,centre,prayer,0.13,0.01980198019801982
Qwen3-4B-Base,q4base,centre,courts,0.0,0.016501650165016507
Qwen3-4B-Base,q4base,centre,discaffw,0.01999999999999999,0.03300330033003298
Qwen3-4B-Base,q4base,centre,discaffm,0.01999999999999999,0.036303630363036306
Qwen3-4B-Base,q4base,centre,fehire,0.020000000000000018,0.013201320132013188
Qwen3-4B-Base,q4base,centre,fechld,0.0,0.0396039603960396
Qwen3-4B-Base,q4base,centre,fepresch,0.0,0.0627062706270627
Qwen3-4B-Base,q4base,centre,fefam,0.0,0.033003300330032986
Qwen3-4B-Base,q4base,centre,fepol,0.0,0.05280528052805278
Qwen3-4B-Base,q4base,centre,mobile16,0.13,0.016501650165016507
Qwen3-4B-Base,q4base,centre,incom16,0.040000000000000015,0.029702970297029736
Qwen3-4B-Base,q4base,centre,dwelown16,0.05000000000000002,0.013201320132013201
Qwen3-4B-Base,q4base,centre,divorced,0.08999999999999998,0.003300330033003257
Qwen3-4B-Base,q4base,centre,posslq/y,0.10000000000000002,0.0231023102310231
Qwen3-4B-Base,q4base,centre,evwork,0.09999999999999998,0.00660066006600659
Qwen3-4B-Base,q4base,centre,wrkgovt1,0.07000000000000005,0.0
Qwen3-4B-Base,q4base,centre,wrkgovt2,0.0,0.009900990099009882
Qwen3-4B-Base,q4base,centre,partfull,0.2,0.029702970297029715
Qwen3-4B-Base,q4base,centre,wksub1,0.33999999999999997,0.04620462046204621
Qwen3-4B-Base,q4base,centre,wksup1,0.0,0.009900990099009868
Qwen3-4B-Base,q4base,centre,conarmy,0.25,0.04290429042904289
Qwen3-4B-Base,q4base,centre,conbus,0.18,0.029702970297029695
Qwen3-4B-Base,q4base,centre,conclerg,0.18,0.08250825082508254
Qwen3-4B-Base,q4base,centre,coneduc,0.18,0.009900990099009896
Qwen3-4B-Base,q4base,centre,confed,0.18,0.026402640264026396
Qwen3-4B-Base,q4base,centre,confinan,0.25,0.009900990099009882
Qwen3-4B-Base,q4base,centre,conjudge,0.0,0.019801980198019764
Qwen3-4B-Base,q4base,centre,conlabor,0.25,0.026402640264026403
Qwen3-4B-Base,q4base,centre,conlegis,0.25,0.06930693069306929
Qwen3-4B-Base,q4base,centre,conmedic,0.0,0.05280528052805284
Qwen3-4B-Base,q4base,centre,conpress,0.25,0.016501650165016493
Qwen3-4B-Base,q4base,centre,consci,0.29000000000000004,0.033003300330033
Qwen3-4B-Base,q4base,centre,contv,0.25,0.01650165016501655
Qwen3-4B-Base,q4base,centre,joblose,0.0,0.013201320132013201
Qwen3-4B-Base,q4base,centre,jobfind,0.35,0.013201320132013195
Qwen3-4B-Base,q4base,centre,happy,0.0,0.04620462046204621
Qwen3-4B-Base,q4base,centre,hapmar,0.07,0.02640264026402642
Qwen3-4B-Base,q4base,centre,satjob,0.19000000000000003,0.059405940594059424
Qwen3-4B-Base,q4base,centre,spdeg*,0.04999999999999999,0.026402640264026365
Qwen3-4B-Base,q4base,centre,spjew,0.0,0.052805280528052834
Qwen3-4B-Base,q4base,centre,spfund,0.26999999999999996,0.016501650165016545
Qwen3-4B-Base,q4base,centre,unemp,0.0,0.03960396039603961
Qwen3-4B-Base,q4base,centre,union1,0.0,0.01980198019801975
Qwen3-4B-Base,q4base,centre,spkath/y,0.0,0.01980198019801982
Qwen3-4B-Base,q4base,centre,colath,0.09999999999999998,0.0363036303630363
Qwen3-4B-Base,q4base,centre,spkrac/y,0.0,0.013201320132013222
Qwen3-4B-Base,q4base,centre,colrac,0.08999999999999998,0.0033003300330033125
Qwen3-4B-Base,q4base,centre,librac/y,0.03999999999999995,0.0066006600660065695
Qwen3-4B-Base,q4base,centre,spkcom/y,0.0,0.023102310231023132
Qwen3-4B-Base,q4base,centre,colcom/y,0.08999999999999998,0.019801980198019792
Qwen3-4B-Base,q4base,centre,libcom/y,0.03999999999999995,0.023102310231023132
Qwen3-4B-Base,q4base,centre,spkhomo/y,0.09999999999999998,0.009900990099009965
Qwen3-4B-Base,q4base,centre,colhomo,0.20000000000000004,0.009900990099009965
Qwen3-4B-Base,q4base,centre,libhomo/y,0.03999999999999995,0.03300330033003297
Qwen3-4B-Base,q4base,centre,cappun,0.06999999999999998,0.0033003300330033125
Qwen3-4B-Base,q4base,centre,polhitok/y,0.08999999999999998,0.006600660066006597
Qwen3-4B-Base,q4base,centre,polabuse/y,0.05000000000000003,0.013201320132013222
Qwen3-4B-Base,q4base,centre,polattak/y,0.08999999999999998,0.01980198019801982
Qwen3-4B-Base,q4base,centre,grass,0.0,0.016501650165016493
Qwen3-4B-Base,q4base,centre,gunlaw,0.0,0.016501650165016535
Qwen3-4B-Base,q4base,centre,owngun,0.08999999999999998,0.013201320132013167
Qwen3-4B-Base,q4base,centre,hunt1,0.0,0.016501650165016493
Qwen3-4B-Base,q4base,centre,class,0.0,0.0627062706270627
Qwen3-4B-Base,q4base,centre,satfin,0.0,0.04950495049504949
Qwen3-4B-Base,q4base,centre,finalter,0.04000000000000002,0.04950495049504948
Qwen3-4B-Base,q4base,centre,finrela,0.14,0.10891089108910894
Qwen3-4B-Base,q4base,centre,racdif1,0.0,0.0
Qwen3-4B-Base,q4base,centre,racdif2,0.020000000000000004,0.006600660066006583
Qwen3-4B-Base,q4base,centre,racdif3,0.02999999999999997,0.01980198019801982
Qwen3-4B-Base,q4base,centre,racdif4,0.03999999999999995,0.0066006600660065695
Qwen3-4B-Base,q4base,centre,letin1a,0.0,0.029702970297029726
Qwen3-4B-Base,q4base,centre,getahead,0.0,0.023102310231023142
Qwen3-4B-Base,q4base,centre,aged,0.0,0.029702970297029736
Qwen3-4B-Base,q4base,centre,parsol,0.14,0.07260726072607263
Qwen3-4B-Base,q4base,centre,kidssol,0.0,0.0627062706270627
Qwen3-4B-Base,q4base,centre,spanking,0.0,0.03960396039603961
Qwen3-4B-Base,q4base,centre,divlaw,0.0,0.016501650165016493
Qwen3-4B-Base,q4base,centre,sexeduc,0.06999999999999998,0.029702970297029715
Qwen3-4B-Base,q4base,centre,pillok,0.02999999999999997,0.006600660066006583
Qwen3-4B-Base,q4base,centre,xmarsex,0.22000000000000003,0.06930693069306927
Qwen3-4B-Base,q4base,centre,homosex,0.0,0.03300330033003304
Qwen3-4B-Base,q4base,centre,marhomo,0.020000000000000004,0.03630363036303631
Qwen3-4B-Base,q4base,centre,discaff,0.0,0.02640264026402643
Qwen3-4B-Base,q4base,centre,abdefect,0.0,0.013201320132013222
Qwen3-4B-Base,q4base,centre,abnomore,0.0,0.08910891089108908
Qwen3-4B-Base,q4base,centre,abhlth,0.09999999999999998,0.0
Qwen3-4B-Base,q4base,centre,abpoor,0.09999999999999998,0.04950495049504955
Qwen3-4B-Base,q4base,centre,abrape,0.09999999999999998,0.0033003300330033195
Qwen3-4B-Base,q4base,centre,absingle,0.0,0.0726072607260726
Qwen3-4B-Base,q4base,centre,abany,0.07000000000000003,0.023102310231023077
Qwen3-4B-Base,q4base,centre,letdie1,0.03999999999999995,0.01980198019801982
Qwen3-4B-Base,q4base,centre,suicide1,0.0,0.013201320132013167
Qwen3-4B-Base,q4base,centre,suicide2,0.03999999999999995,0.02640264026402639
Qwen3-4B-Base,q4base,centre,suicide3,0.08999999999999998,0.023102310231023118
Qwen3-4B-Base,q4base,centre,suicide4,0.019999999999999962,0.019801980198019764
Qwen3-4B-Base,q4base,centre,pornlaw,0.06999999999999999,0.03630363036303632
Qwen3-4B-Base,q4base,centre,fair,0.03999999999999998,0.07590759075907594
Qwen3-4B-Base,q4base,centre,helpful,0.0,0.039603960396039584
Qwen3-4B-Base,q4base,centre,trust,0.0,0.04950495049504955
Qwen3-4B-Base,q4base,centre,tax,0.020000000000000004,0.016501650165016493
Qwen3-4B-Base,q4base,centre,vote16,0.09999999999999999,0.03300330033003297
Qwen3-4B-Base,q4base,centre,pres16,0.04000000000000001,0.02970297029702971
Qwen3-4B-Base,q4base,centre,if16who,0.27,0.013201320132013222
Qwen3-4B-Base,q4base,centre,news,0.07,0.0363036303630363
Qwen3-4B-Base,q4base,centre,jew,0.06999999999999999,0.08580858085808578
Qwen3-4B-Base,q4base,centre,relig16*,0.14,0.066006600660066
Qwen3-4B-Base,q4base,centre,jew16*,0.0,0.05610561056105612
Qwen3-4B-Base,q4base,centre,pray,0.05,0.02310231023102309
Qwen3-4B-Base,q4base,centre,postlife,0.0,0.03630363036303631
Qwen3-4B-Base,q4base,centre,bible,0.0,0.04290429042904287
Qwen3-4B-Base,q4base,centre,reborn,0.030000000000000013,0.006600660066006597
Qwen3-4B-Base,q4base,centre,savesoul,0.03999999999999995,0.01650165016501648
Qwen3-4B-Base,q4base,centre,granborn,0.10000000000000002,0.023102310231023142
Qwen3-4B-Base,q4base,centre,uscitzn*,0.17,0.003300330033003265
Qwen3-4B-Base,q4base,centre,fucitzn,0.0,0.00990099009900996
Qwen3-4B-Base,q4base,centre,mnthsusa,0.0,0.006600660066006585
Qwen3-4B-Base,q4base,centre,othlang,0.0,0.006600660066006583
Qwen3-4B-Base,q4base,centre,health,0.0,0.056105610561056105
Qwen3-4B-Base,q4base,centre,compuse*,0.0,0.026402640264026393
Qwen3-4B-Base,q4base,centre,webmob,0.0,0.01980198019801992
Qwen3-4B-Base,q4base,centre,xmovie,0.0,0.03300330033003304
Qwen3-4B-Base,q4base,centre,usewww*,0.0,0.003300330033003375
Qwen3-4B-Base,q4base,centre,life,0.030000000000000027,0.03960396039603964
Qwen3-4B-Base,q4base,centre,richwork,0.0,0.01650165016501648
Qwen3-4B-Base,q4base,droite,natspac/y,0.0,0.021084337349397533
Qwen3-4B-Base,q4base,droite,natenvir/y,0.39,0.03313253012048198
Qwen3-4B-Base,q4base,droite,natheal/y,0.020000000000000018,0.04819277108433733
Qwen3-4B-Base,q4base,droite,natcity/y,0.39,0.030120481927710815
Qwen3-4B-Base,q4base,droite,natdrug/y,0.1,0.04518072289156631
Qwen3-4B-Base,q4base,droite,nateduc/y,0.09,0.009036144578313282
Qwen3-4B-Base,q4base,droite,natrace/y,0.39,0.021084337349397575
Qwen3-4B-Base,q4base,droite,natarms/y,0.0,0.036144578313252976
Qwen3-4B-Base,q4base,droite,nataid/y,0.39,0.018072289156626453
Qwen3-4B-Base,q4base,droite,natfare/y,0.49,0.009036144578313199
Qwen3-4B-Base,q4base,droite,natroad,0.39,0.03915662650602406
Qwen3-4B-Base,q4base,droite,natsoc,0.0,0.015060240963855366
Qwen3-4B-Base,q4base,droite,natmass,0.0,0.015060240963855456
Qwen3-4B-Base,q4base,droite,natpark,0.059999999999999984,0.02108433734939756
Qwen3-4B-Base,q4base,droite,natchld,0.39,0.042168674698795205
Qwen3-4B-Base,q4base,droite,natsci,0.33999999999999997,0.009036144578313227
Qwen3-4B-Base,q4base,droite,natenrgy,0.39,0.036144578313253045
Qwen3-4B-Base,q4base,droite,uswary,0.04000000000000002,0.01204819277108432
Qwen3-4B-Base,q4base,droite,prayer,0.0,0.02710843373493979
Qwen3-4B-Base,q4base,droite,courts,0.020000000000000018,0.030120481927710843
Qwen3-4B-Base,q4base,droite,discaffw,0.24999999999999997,0.04216867469879528
Qwen3-4B-Base,q4base,droite,discaffm,0.24999999999999997,0.07228915662650601
Qwen3-4B-Base,q4base,droite,fehire,0.09999999999999999,0.0512048192771084
Qwen3-4B-Base,q4base,droite,fechld,0.0,0.045180722891566244
Qwen3-4B-Base,q4base,droite,fepresch,0.24999999999999997,0.04216867469879516
Qwen3-4B-Base,q4base,droite,fefam,0.25,0.01204819277108439
Qwen3-4B-Base,q4base,droite,fepol,0.0,0.06927710843373494
Qwen3-4B-Base,q4base,droite,mobile16,0.3,0.006024096385542188
Qwen3-4B-Base,q4base,droite,incom16,0.01999999999999999,0.048192771084337394
Qwen3-4B-Base,q4base,droite,dwelown16,0.020000000000000018,0.006024096385542223
Qwen3-4B-Base,q4base,droite,divorced,0.0,0.012048192771084376
Qwen3-4B-Base,q4base,droite,posslq/y,0.2,0.015060240963855397
Qwen3-4B-Base,q4base,droite,evwork,0.0,0.006024096385542219
Qwen3-4B-Base,q4base,droite,wrkgovt1,0.33999999999999997,0.0030120481927710524
Qwen3-4B-Base,q4base,droite,wrkgovt2,0.0,0.006024096385542216
Qwen3-4B-Base,q4base,droite,partfull,0.30000000000000004,0.027108433734939777
Qwen3-4B-Base,q4base,droite,wksub1,0.39,0.03614457831325299
Qwen3-4B-Base,q4base,droite,wksup1,0.030000000000000013,0.04819277108433735
Qwen3-4B-Base,q4base,droite,conarmy,0.0,0.02710843373493982
Qwen3-4B-Base,q4base,droite,conbus,0.0,0.033132530120481965
Qwen3-4B-Base,q4base,droite,conclerg,0.0,0.006024096385542091
Qwen3-4B-Base,q4base,droite,coneduc,0.0,0.054216867469879484
Qwen3-4B-Base,q4base,droite,confed,0.0,0.024096385542168683
Qwen3-4B-Base,q4base,droite,confinan,0.29000000000000004,0.021084337349397575
Qwen3-4B-Base,q4base,droite,conjudge,0.29000000000000004,0.015060240963855373
Qwen3-4B-Base,q4base,droite,conlabor,0.0,0.04819277108433737
Qwen3-4B-Base,q4base,droite,conlegis,0.0,0.012048192771084324
Qwen3-4B-Base,q4base,droite,conmedic,0.29000000000000004,0.03313253012048191
Qwen3-4B-Base,q4base,droite,conpress,0.0,0.030120481927710874
Qwen3-4B-Base,q4base,droite,consci,0.0,0.045180722891566286
Qwen3-4B-Base,q4base,droite,contv,0.0,0.027108433734939756
Qwen3-4B-Base,q4base,droite,joblose,0.08,0.03915662650602417
Qwen3-4B-Base,q4base,droite,jobfind,0.15000000000000002,0.03012048192771094
Qwen3-4B-Base,q4base,droite,happy,0.04000000000000002,0.06325301204819275
Qwen3-4B-Base,q4base,droite,hapmar,0.050000000000000024,0.027108433734939794
Qwen3-4B-Base,q4base,droite,satjob,0.09,0.04819277108433736
Qwen3-4B-Base,q4base,droite,spdeg*,0.0,0.018072289156626505
Qwen3-4B-Base,q4base,droite,spjew,0.19,0.03313253012048185
Qwen3-4B-Base,q4base,droite,spfund,0.44000000000000006,0.027108433734939753
Qwen3-4B-Base,q4base,droite,unemp,0.0,0.05421686746987947
Qwen3-4B-Base,q4base,droite,union1,0.0,0.006024096385542111
Qwen3-4B-Base,q4base,droite,spkath/y,0.19999999999999998,0.00602409638554216
Qwen3-4B-Base,q4base,droite,colath,0.09999999999999998,0.02409638554216867
Qwen3-4B-Base,q4base,droite,spkrac/y,0.0,0.060240963855421686
Qwen3-4B-Base,q4base,droite,colrac,0.49,0.01807228915662651
Qwen3-4B-Base,q4base,droite,librac/y,0.09999999999999998,0.01204819277108432
Qwen3-4B-Base,q4base,droite,spkcom/y,0.6900000000000001,0.054216867469879554
Qwen3-4B-Base,q4base,droite,colcom/y,0.030000000000000013,0.009036144578313282
Qwen3-4B-Base,q4base,droite,libcom/y,0.19999999999999998,0.030120481927710885
Qwen3-4B-Base,q4base,droite,spkhomo/y,0.010000000000000009,0.01506024096385545
Qwen3-4B-Base,q4base,droite,colhomo,0.09999999999999999,0.009036144578313282
Qwen3-4B-Base,q4base,droite,libhomo/y,0.09999999999999998,0.02409638554216867
Qwen3-4B-Base,q4base,droite,cappun,0.43999999999999995,0.01204819277108439
Qwen3-4B-Base,q4base,droite,polhitok/y,0.010000000000000009,0.01807228915662651
Qwen3-4B-Base,q4base,droite,polabuse/y,0.09999999999999998,0.009036144578313275
Qwen3-4B-Base,q4base,droite,polattak/y,0.09999999999999998,0.036144578313253045
Qwen3-4B-Base,q4base,droite,grass,0.08999999999999998,0.009036144578313227
Qwen3-4B-Base,q4base,droite,gunlaw,0.010000000000000009,0.03915662650602411
Qwen3-4B-Base,q4base,droite,owngun,0.0,0.021084337349397547
Qwen3-4B-Base,q4base,droite,hunt1,0.2,0.012048192771084362
Qwen3-4B-Base,q4base,droite,class,0.0,0.051204819277108383
Qwen3-4B-Base,q4base,droite,satfin,0.0,0.07530120481927705
Qwen3-4B-Base,q4base,droite,finalter,0.04000000000000002,0.04216867469879515
Qwen3-4B-Base,q4base,droite,finrela,0.0,0.054216867469879505
Qwen3-4B-Base,q4base,droite,racdif1,0.09999999999999998,0.009036144578313268
Qwen3-4B-Base,q4base,droite,racdif2,0.29999999999999993,0.027108433734939735
Qwen3-4B-Base,q4base,droite,racdif3,0.0,0.015060240963855456
Qwen3-4B-Base,q4base,droite,racdif4,0.09999999999999998,0.01807228915662651
Qwen3-4B-Base,q4base,droite,wlthhsps,0.0,0.0271084337349397
Qwen3-4B-Base,q4base,droite,letin1a,0.19999999999999998,0.03012048192771089
Qwen3-4B-Base,q4base,droite,getahead,0.0,0.05120481927710842
Qwen3-4B-Base,q4base,droite,aged,0.06999999999999999,0.07530120481927706
Qwen3-4B-Base,q4base,droite,parsol,0.0,0.04819277108433747
Qwen3-4B-Base,q4base,droite,kidssol,0.1,0.018072289156626505
Qwen3-4B-Base,q4base,droite,spanking,0.25,0.027108433734939784
Qwen3-4B-Base,q4base,droite,divlaw,0.020000000000000018,0.024096385542168752
Qwen3-4B-Base,q4base,droite,sexeduc,0.0,0.003012048192771094
Qwen3-4B-Base,q4base,droite,pillok,0.0,0.02409638554216867
Qwen3-4B-Base,q4base,droite,xmarsex,0.11,0.024096385542168655
Qwen3-4B-Base,q4base,droite,homosex,0.0,0.04518072289156626
Qwen3-4B-Base,q4base,droite,marhomo,0.05,0.03915662650602405
Qwen3-4B-Base,q4base,droite,discaff,0.19,0.01807228915662651
Qwen3-4B-Base,q4base,droite,abdefect,0.0,0.009036144578313282
Qwen3-4B-Base,q4base,droite,abnomore,0.010000000000000009,0.02409638554216867
Qwen3-4B-Base,q4base,droite,abhlth,0.49,0.003012048192771115
Qwen3-4B-Base,q4base,droite,abpoor,0.010000000000000009,0.033132530120481896
Qwen3-4B-Base,q4base,droite,abrape,0.4,0.009036144578313282
Qwen3-4B-Base,q4base,droite,absingle,0.010000000000000009,0.01807228915662648
Qwen3-4B-Base,q4base,droite,abany,0.09999999999999999,0.0
Qwen3-4B-Base,q4base,droite,letdie1,0.49,0.015060240963855415
Qwen3-4B-Base,q4base,droite,suicide1,0.33999999999999997,0.006024096385542105
Qwen3-4B-Base,q4base,droite,suicide2,0.39,0.003012048192771108
Qwen3-4B-Base,q4base,droite,suicide3,0.39,0.003012048192771108
Qwen3-4B-Base,q4base,droite,suicide4,0.010000000000000009,0.00602409638554223
Qwen3-4B-Base,q4base,droite,pornlaw,0.0,0.06325301204819284
Qwen3-4B-Base,q4base,droite,fair,0.29999999999999993,0.06626506024096379
Qwen3-4B-Base,q4base,droite,helpful,0.09999999999999999,0.045180722891566244
Qwen3-4B-Base,q4base,droite,trust,0.07000000000000002,0.05722891566265058
Qwen3-4B-Base,q4base,droite,tax,0.1,0.003012048192771094
Qwen3-4B-Base,q4base,droite,vote16,0.0,0.021084337349397613
Qwen3-4B-Base,q4base,droite,if16who,0.010000000000000005,0.003012048192771101
Qwen3-4B-Base,q4base,droite,news,0.09999999999999999,0.03915662650602406
Qwen3-4B-Base,q4base,droite,jew,0.31,0.006024096385542202
Qwen3-4B-Base,q4base,droite,relig16*,0.36,0.02710843373493972
Qwen3-4B-Base,q4base,droite,jew16*,0.25999999999999995,0.01807228915662649
Qwen3-4B-Base,q4base,droite,pray,0.05,0.03915662650602411
Qwen3-4B-Base,q4base,droite,postlife,0.13,0.021084337349397617
Qwen3-4B-Base,q4base,droite,bible,0.09999999999999998,0.012048192771084348
Qwen3-4B-Base,q4base,droite,reborn,0.0,0.02710843373493972
Qwen3-4B-Base,q4base,droite,savesoul,0.33999999999999997,0.01807228915662651
Qwen3-4B-Base,q4base,droite,granborn,0.06,0.060240963855421645
Qwen3-4B-Base,q4base,droite,uscitzn*,0.7,0.003012048192771167
Qwen3-4B-Base,q4base,droite,fucitzn,0.0,0.00602409638554215
Qwen3-4B-Base,q4base,droite,mnthsusa,0.1,0.006024096385542122
Qwen3-4B-Base,q4base,droite,income,0.001123000000000006,0.07530120481927702
Qwen3-4B-Base,q4base,droite,othlang,0.07000000000000005,0.0030120481927710524
Qwen3-4B-Base,q4base,droite,health,0.12,0.04819277108433736
Qwen3-4B-Base,q4base,droite,compuse*,0.0,0.009036144578313227
Qwen3-4B-Base,q4base,droite,webmob,0.09999999999999998,0.003012048192771056
Qwen3-4B-Base,q4base,droite,xmovie,0.0,0.039156626506024056
Qwen3-4B-Base,q4base,droite,usewww*,0.09999999999999998,0.003012048192771167
Qwen3-4B-Base,q4base,droite,life,0.06000000000000001,0.05120481927710846
Qwen3-4B-Base,q4base,droite,richwork,0.33999999999999997,0.009036144578313227
Qwen3-4B-Instruct-2507,q4nogab,gauche,natspac/y,0.20000000000000007,0.035971223021582774
Qwen3-4B-Instruct-2507,q4nogab,gauche,natenvir/y,0.16000000000000003,0.014388489208633098
Qwen3-4B-Instruct-2507,q4nogab,gauche,natheal/y,0.1,0.03357314148681051
Qwen3-4B-Instruct-2507,q4nogab,gauche,natcity/y,0.0,0.0239808153477218
Qwen3-4B-Instruct-2507,q4nogab,gauche,natdrug/y,0.16000000000000003,0.02398081534772179
Qwen3-4B-Instruct-2507,q4nogab,gauche,nateduc/y,0.08000000000000003,0.023980815347721802
Qwen3-4B-Instruct-2507,q4nogab,gauche,natrace/y,0.16000000000000003,0.0647482014388489
Qwen3-4B-Instruct-2507,q4nogab,gauche,natarms/y,0.16000000000000003,0.004796163069544307
Qwen3-4B-Instruct-2507,q4nogab,gauche,nataid/y,0.030000000000000013,0.038369304556354886
Qwen3-4B-Instruct-2507,q4nogab,gauche,natfare/y,0.16000000000000003,0.014388489208633146
Qwen3-4B-Instruct-2507,q4nogab,gauche,natroad,0.16000000000000003,0.026378896882494
Qwen3-4B-Instruct-2507,q4nogab,gauche,natsoc,0.0,0.02158273381294968
Qwen3-4B-Instruct-2507,q4nogab,gauche,natmass,0.0,0.03357314148681058
Qwen3-4B-Instruct-2507,q4nogab,gauche,natpark,0.16,0.004796163069544328
Qwen3-4B-Instruct-2507,q4nogab,gauche,natchld,0.030000000000000013,0.01199040767386087
Qwen3-4B-Instruct-2507,q4nogab,gauche,natsci,0.16,0.031175059952038342
Qwen3-4B-Instruct-2507,q4nogab,gauche,natenrgy,0.20000000000000007,0.014388489208633108
Qwen3-4B-Instruct-2507,q4nogab,gauche,uswary,0.0,0.011990407673860948
Qwen3-4B-Instruct-2507,q4nogab,gauche,prayer,0.05000000000000002,0.0071942446043165575
Qwen3-4B-Instruct-2507,q4nogab,gauche,courts,0.0,0.026378896882494007
Qwen3-4B-Instruct-2507,q4nogab,gauche,discaffw,0.029999999999999985,0.01199040767386092
Qwen3-4B-Instruct-2507,q4nogab,gauche,discaffm,0.05000000000000003,0.028776978417266154
Qwen3-4B-Instruct-2507,q4nogab,gauche,fehire,0.15,0.028776978417266112
Qwen3-4B-Instruct-2507,q4nogab,gauche,fechld,0.0,0.06474820143884899
Qwen3-4B-Instruct-2507,q4nogab,gauche,fepresch,0.0,0.04076738609112715
Qwen3-4B-Instruct-2507,q4nogab,gauche,fefam,0.039999999999999966,0.03357314148681059
Qwen3-4B-Instruct-2507,q4nogab,gauche,fepol,0.0,0.031175059952038398
Qwen3-4B-Instruct-2507,q4nogab,gauche,mobile16,0.06999999999999999,0.011990407673860864
Qwen3-4B-Instruct-2507,q4nogab,gauche,incom16,0.0,0.02637889688249405
Qwen3-4B-Instruct-2507,q4nogab,gauche,dwelown16,0.09999999999999998,0.01678657074340524
Qwen3-4B-Instruct-2507,q4nogab,gauche,divorced,0.0,0.0023980815347721257
Qwen3-4B-Instruct-2507,q4nogab,gauche,posslq/y,0.06999999999999997,0.019184652278177464
Qwen3-4B-Instruct-2507,q4nogab,gauche,evwork,0.5,0.009592326139088746
Qwen3-4B-Instruct-2507,q4nogab,gauche,wrkgovt1,0.16000000000000003,0.02637889688249398
Qwen3-4B-Instruct-2507,q4nogab,gauche,wrkgovt2,0.0,0.0
Qwen3-4B-Instruct-2507,q4nogab,gauche,partfull,0.0,0.03117505995203844
Qwen3-4B-Instruct-2507,q4nogab,gauche,wksub1,0.0,0.016786570743405282
Qwen3-4B-Instruct-2507,q4nogab,gauche,wksup1,0.0,0.03597122302158269
Qwen3-4B-Instruct-2507,q4nogab,gauche,conarmy,0.02999999999999997,0.016786570743405282
Qwen3-4B-Instruct-2507,q4nogab,gauche,conbus,0.0,0.03836930455635501
Qwen3-4B-Instruct-2507,q4nogab,gauche,conclerg,0.02999999999999997,0.01438848920863308
Qwen3-4B-Instruct-2507,q4nogab,gauche,coneduc,0.02999999999999997,0.04316546762589924
Qwen3-4B-Instruct-2507,q4nogab,gauche,confed,0.029999999999999985,0.019184652278177505
Qwen3-4B-Instruct-2507,q4nogab,gauche,confinan,0.0,0.02398081534772184
Qwen3-4B-Instruct-2507,q4nogab,gauche,conjudge,0.0,0.07434052757793763
Qwen3-4B-Instruct-2507,q4nogab,gauche,conlabor,0.02999999999999997,0.004796163069544376
Qwen3-4B-Instruct-2507,q4nogab,gauche,conlegis,0.02999999999999997,0.014388489208633053
Qwen3-4B-Instruct-2507,q4nogab,gauche,conmedic,0.02999999999999997,0.03117505995203836
Qwen3-4B-Instruct-2507,q4nogab,gauche,conpress,0.02999999999999997,0.014388489208633129
Qwen3-4B-Instruct-2507,q4nogab,gauche,consci,0.0,0.007194244604316544
Qwen3-4B-Instruct-2507,q4nogab,gauche,contv,0.029999999999999985,0.01918465227817747
Qwen3-4B-Instruct-2507,q4nogab,gauche,joblose,0.03,0.07913669064748197
Qwen3-4B-Instruct-2507,q4nogab,gauche,jobfind,0.2700000000000001,0.062350119904076726
Qwen3-4B-Instruct-2507,q4nogab,gauche,happy,0.10000000000000002,0.019184652278177478
Qwen3-4B-Instruct-2507,q4nogab,gauche,hapmar,0.0,0.04076738609112707
Qwen3-4B-Instruct-2507,q4nogab,gauche,satjob,0.08,0.023980815347721795
Qwen3-4B-Instruct-2507,q4nogab,gauche,spdeg*,0.0,0.019184652278177425
Qwen3-4B-Instruct-2507,q4nogab,gauche,spfund,0.0,0.009592326139088697
Qwen3-4B-Instruct-2507,q4nogab,gauche,unemp,0.0,0.03357314148681054
Qwen3-4B-Instruct-2507,q4nogab,gauche,union1,0.1,0.014388489208633056
Qwen3-4B-Instruct-2507,q4nogab,gauche,spkath/y,0.15000000000000002,0.0
Qwen3-4B-Instruct-2507,q4nogab,gauche,colath,0.24,0.007194244604316502
Qwen3-4B-Instruct-2507,q4nogab,gauche,spkrac/y,0.0,0.03357314148681059
Qwen3-4B-Instruct-2507,q4nogab,gauche,colrac,0.0,0.0047961630695443624
Qwen3-4B-Instruct-2507,q4nogab,gauche,librac/y,0.0,0.002398081534772223
Qwen3-4B-Instruct-2507,q4nogab,gauche,spkcom/y,0.15000000000000002,0.03357314148681054
Qwen3-4B-Instruct-2507,q4nogab,gauche,colcom/y,0.19999999999999998,0.031175059952038342
Qwen3-4B-Instruct-2507,q4nogab,gauche,libcom/y,0.0,0.019184652278177464
Qwen3-4B-Instruct-2507,q4nogab,gauche,spkhomo/y,0.05999999999999997,0.028776978417266216
Qwen3-4B-Instruct-2507,q4nogab,gauche,colhomo,0.24,0.02877697841726616
Qwen3-4B-Instruct-2507,q4nogab,gauche,libhomo/y,0.0,0.016786570743405237
Qwen3-4B-Instruct-2507,q4nogab,gauche,cappun,0.0,0.01199040767386092
Qwen3-4B-Instruct-2507,q4nogab,gauche,polhitok/y,0.0,0.021582733812949617
Qwen3-4B-Instruct-2507,q4nogab,gauche,polabuse/y,0.0,0.02398081534772173
Qwen3-4B-Instruct-2507,q4nogab,gauche,polattak/y,0.0,0.02158273381294959
Qwen3-4B-Instruct-2507,q4nogab,gauche,grass,0.0,0.0023980815347721396
Qwen3-4B-Instruct-2507,q4nogab,gauche,gunlaw,0.13,0.002398081534772195
Qwen3-4B-Instruct-2507,q4nogab,gauche,owngun,0.0,0.016786570743405296
Qwen3-4B-Instruct-2507,q4nogab,gauche,hunt1,0.030000000000000013,0.021582733812949714
Qwen3-4B-Instruct-2507,q4nogab,gauche,class,0.05,0.04316546762589932
Qwen3-4B-Instruct-2507,q4nogab,gauche,satfin,0.04999999999999996,0.07434052757793773
Qwen3-4B-Instruct-2507,q4nogab,gauche,finalter,0.08999999999999997,0.0455635491606714
Qwen3-4B-Instruct-2507,q4nogab,gauche,finrela,0.0,0.047961630695443735
Qwen3-4B-Instruct-2507,q4nogab,gauche,racdif1,0.13999999999999999,0.02398081534772184
Qwen3-4B-Instruct-2507,q4nogab,gauche,racdif2,0.010000000000000005,0.0
Qwen3-4B-Instruct-2507,q4nogab,gauche,racdif3,0.0,0.0047961630695443624
Qwen3-4B-Instruct-2507,q4nogab,gauche,racdif4,0.0,0.01918465227817743
Qwen3-4B-Instruct-2507,q4nogab,gauche,wlthwhts,0.11693849999999999,0.04796163069544367
Qwen3-4B-Instruct-2507,q4nogab,gauche,wlthblks,0.0989795,0.043165467625899304
Qwen3-4B-Instruct-2507,q4nogab,gauche,wlthhsps,0.07999999999999999,0.019184652278177443
Qwen3-4B-Instruct-2507,q4nogab,gauche,racwork,0.30294099999999996,0.043165467625899276
Qwen3-4B-Instruct-2507,q4nogab,gauche,letin1a,0.09999999999999999,0.05035971223021584
Qwen3-4B-Instruct-2507,q4nogab,gauche,getahead,0.030000000000000013,0.019184652278177478
Qwen3-4B-Instruct-2507,q4nogab,gauche,aged,0.02999999999999997,0.011990407673860875
Qwen3-4B-Instruct-2507,q4nogab,gauche,parsol,0.0,0.028776978417266237
Qwen3-4B-Instruct-2507,q4nogab,gauche,kidssol,0.25,0.03357314148681051
Qwen3-4B-Instruct-2507,q4nogab,gauche,spanking,0.05,0.02398081534772186
Qwen3-4B-Instruct-2507,q4nogab,gauche,divlaw,0.08999999999999997,0.026378896882493987
Qwen3-4B-Instruct-2507,q4nogab,gauche,sexeduc,0.10000000000000003,0.007194244604316495
Qwen3-4B-Instruct-2507,q4nogab,gauche,pillok,0.20000000000000004,0.026378896882494018
Qwen3-4B-Instruct-2507,q4nogab,gauche,xmarsex,0.09999999999999999,0.050359712230215806
Qwen3-4B-Instruct-2507,q4nogab,gauche,homosex,0.37,0.007194244604316585
Qwen3-4B-Instruct-2507,q4nogab,gauche,marhomo,0.22999999999999998,0.023980815347721875
Qwen3-4B-Instruct-2507,q4nogab,gauche,discaff,0.0,0.007194244604316502
Qwen3-4B-Instruct-2507,q4nogab,gauche,abdefect,0.08999999999999998,0.0071942446043164465
Qwen3-4B-Instruct-2507,q4nogab,gauche,abnomore,0.10000000000000003,0.004796163069544376
Qwen3-4B-Instruct-2507,q4nogab,gauche,abhlth,0.0,0.0023980815347722367
Qwen3-4B-Instruct-2507,q4nogab,gauche,abpoor,0.0,0.01199040767386092
Qwen3-4B-Instruct-2507,q4nogab,gauche,abrape,0.0,0.00479616306954431
Qwen3-4B-Instruct-2507,q4nogab,gauche,absingle,0.05000000000000002,0.002398081534772195
Qwen3-4B-Instruct-2507,q4nogab,gauche,abany,0.0,0.02398081534772184
Qwen3-4B-Instruct-2507,q4nogab,gauche,letdie1,0.10000000000000003,0.007194244604316544
Qwen3-4B-Instruct-2507,q4nogab,gauche,suicide1,0.04000000000000001,0.007194244604316544
Qwen3-4B-Instruct-2507,q4nogab,gauche,suicide2,0.19999999999999998,0.04796163069544365
Qwen3-4B-Instruct-2507,q4nogab,gauche,suicide3,0.0,0.05515587529976018
Qwen3-4B-Instruct-2507,q4nogab,gauche,suicide4,0.10000000000000003,0.05035971223021582
Qwen3-4B-Instruct-2507,q4nogab,gauche,pornlaw,0.05000000000000003,0.04316546762589932
Qwen3-4B-Instruct-2507,q4nogab,gauche,fair,0.09999999999999998,0.014388489208633101
Qwen3-4B-Instruct-2507,q4nogab,gauche,helpful,0.13999999999999999,0.023980815347721895
Qwen3-4B-Instruct-2507,q4nogab,gauche,trust,0.15000000000000002,0.05035971223021583
Qwen3-4B-Instruct-2507,q4nogab,gauche,tax,0.030000000000000013,0.021582733812949676
Qwen3-4B-Instruct-2507,q4nogab,gauche,vote16,0.10000000000000005,0.02637889688249402
Qwen3-4B-Instruct-2507,q4nogab,gauche,pres16,0.09000000000000004,0.019184652278177425
Qwen3-4B-Instruct-2507,q4nogab,gauche,if16who,0.14,0.007194244604316551
Qwen3-4B-Instruct-2507,q4nogab,gauche,news,0.09999999999999999,0.028776978417266244
Qwen3-4B-Instruct-2507,q4nogab,gauche,jew,0.62,0.021582733812949624
Qwen3-4B-Instruct-2507,q4nogab,gauche,relig16*,0.03163300000000001,0.033573141486810475
Qwen3-4B-Instruct-2507,q4nogab,gauche,jew16*,0.049999999999999996,0.023980815347721826
Qwen3-4B-Instruct-2507,q4nogab,gauche,attend,0.0900705,0.04796163069544366
Qwen3-4B-Instruct-2507,q4nogab,gauche,pray,0.13,0.045563549160671374
Qwen3-4B-Instruct-2507,q4nogab,gauche,postlife,0.13999999999999999,0.014388489208633143
Qwen3-4B-Instruct-2507,q4nogab,gauche,bible,0.030000000000000013,0.009592326139088683
Qwen3-4B-Instruct-2507,q4nogab,gauche,reborn,0.0,0.004796163069544404
Qwen3-4B-Instruct-2507,q4nogab,gauche,savesoul,0.56,0.0383693045563549
Qwen3-4B-Instruct-2507,q4nogab,gauche,granborn,0.0,0.028776978417266286
Qwen3-4B-Instruct-2507,q4nogab,gauche,uscitzn*,0.0,0.002398081534772295
Qwen3-4B-Instruct-2507,q4nogab,gauche,fucitzn,0.24000000000000002,0.007194244604316462
Qwen3-4B-Instruct-2507,q4nogab,gauche,mnthsusa,0.09999999999999999,0.011990407673860979
Qwen3-4B-Instruct-2507,q4nogab,gauche,othlang,0.19999999999999998,0.0
Qwen3-4B-Instruct-2507,q4nogab,gauche,health,0.08000000000000002,0.047961630695443555
Qwen3-4B-Instruct-2507,q4nogab,gauche,compuse*,0.0,0.004796163069544366
Qwen3-4B-Instruct-2507,q4nogab,gauche,webmob,0.05999999999999997,0.007194244604316502
Qwen3-4B-Instruct-2507,q4nogab,gauche,xmovie,0.0,0.009592326139088753
Qwen3-4B-Instruct-2507,q4nogab,gauche,usewww*,0.05999999999999997,0.004796163069544373
Qwen3-4B-Instruct-2507,q4nogab,gauche,life,0.06999999999999998,0.021582733812949603
Qwen3-4B-Instruct-2507,q4nogab,gauche,richwork,0.03999999999999995,0.05515587529976021
Qwen3-4B-Instruct-2507,q4nogab,centre,natspac/y,0.06,0.04620462046204621
Qwen3-4B-Instruct-2507,q4nogab,centre,natenvir/y,0.06,0.033003300330032986
Qwen3-4B-Instruct-2507,q4nogab,centre,natheal/y,0.06,0.06600660066006604
Qwen3-4B-Instruct-2507,q4nogab,centre,natcity/y,0.06,0.05280528052805285
Qwen3-4B-Instruct-2507,q4nogab,centre,natdrug/y,0.06,0.0033003300330033195
Qwen3-4B-Instruct-2507,q4nogab,centre,nateduc/y,0.06,0.013201320132013167
Qwen3-4B-Instruct-2507,q4nogab,centre,natrace/y,0.13,0.019801980198019806
Qwen3-4B-Instruct-2507,q4nogab,centre,natarms/y,0.13,0.006600660066006611
Qwen3-4B-Instruct-2507,q4nogab,centre,nataid/y,0.06,0.01650165016501648
Qwen3-4B-Instruct-2507,q4nogab,centre,natfare/y,0.06,0.00990099009900991
Qwen3-4B-Instruct-2507,q4nogab,centre,natroad,0.06,0.046204620462046195
Qwen3-4B-Instruct-2507,q4nogab,centre,natsoc,0.06,0.03630363036303631
Qwen3-4B-Instruct-2507,q4nogab,centre,natmass,0.06999999999999999,0.046204620462046195
Qwen3-4B-Instruct-2507,q4nogab,centre,natpark,0.06,0.05940594059405936
Qwen3-4B-Instruct-2507,q4nogab,centre,natchld,0.0,0.0363036303630363
Qwen3-4B-Instruct-2507,q4nogab,centre,natsci,0.06,0.03630363036303631
Qwen3-4B-Instruct-2507,q4nogab,centre,natenrgy,0.0,0.029702970297029722
Qwen3-4B-Instruct-2507,q4nogab,centre,uswary,0.10999999999999999,0.02640264026402639
Qwen3-4B-Instruct-2507,q4nogab,centre,prayer,0.05999999999999997,0.01980198019801982
Qwen3-4B-Instruct-2507,q4nogab,centre,courts,0.04000000000000001,0.016501650165016507
Qwen3-4B-Instruct-2507,q4nogab,centre,discaffw,0.019999999999999997,0.03300330033003298
Qwen3-4B-Instruct-2507,q4nogab,centre,discaffm,0.019999999999999997,0.036303630363036306
Qwen3-4B-Instruct-2507,q4nogab,centre,fehire,0.04999999999999999,0.013201320132013188
Qwen3-4B-Instruct-2507,q4nogab,centre,fechld,0.06999999999999999,0.0396039603960396
Qwen3-4B-Instruct-2507,q4nogab,centre,fepresch,0.0,0.0627062706270627
Qwen3-4B-Instruct-2507,q4nogab,centre,fefam,0.0,0.033003300330032986
Qwen3-4B-Instruct-2507,q4nogab,centre,fepol,0.09999999999999998,0.05280528052805278
Qwen3-4B-Instruct-2507,q4nogab,centre,mobile16,0.059999999999999984,0.016501650165016507
Qwen3-4B-Instruct-2507,q4nogab,centre,incom16,0.0,0.029702970297029736
Qwen3-4B-Instruct-2507,q4nogab,centre,dwelown16,0.06,0.013201320132013201
Qwen3-4B-Instruct-2507,q4nogab,centre,divorced,0.1,0.003300330033003257
Qwen3-4B-Instruct-2507,q4nogab,centre,posslq/y,0.04999999999999999,0.0231023102310231
Qwen3-4B-Instruct-2507,q4nogab,centre,evwork,0.09999999999999998,0.00660066006600659
Qwen3-4B-Instruct-2507,q4nogab,centre,wrkgovt1,0.13999999999999996,0.0
Qwen3-4B-Instruct-2507,q4nogab,centre,wrkgovt2,0.0,0.009900990099009882
Qwen3-4B-Instruct-2507,q4nogab,centre,partfull,0.030000000000000013,0.029702970297029715
Qwen3-4B-Instruct-2507,q4nogab,centre,wksub1,0.10000000000000003,0.04620462046204621
Qwen3-4B-Instruct-2507,q4nogab,centre,wksup1,0.0,0.009900990099009868
Qwen3-4B-Instruct-2507,q4nogab,centre,conarmy,0.06999999999999998,0.04290429042904289
Qwen3-4B-Instruct-2507,q4nogab,centre,conbus,0.04000000000000001,0.029702970297029695
Qwen3-4B-Instruct-2507,q4nogab,centre,conclerg,0.04000000000000001,0.08250825082508254
Qwen3-4B-Instruct-2507,q4nogab,centre,coneduc,0.06999999999999998,0.009900990099009896
Qwen3-4B-Instruct-2507,q4nogab,centre,confed,0.04000000000000001,0.026402640264026396
Qwen3-4B-Instruct-2507,q4nogab,centre,confinan,0.04000000000000001,0.009900990099009882
Qwen3-4B-Instruct-2507,q4nogab,centre,conjudge,0.04000000000000001,0.019801980198019764
Qwen3-4B-Instruct-2507,q4nogab,centre,conlabor,0.14,0.026402640264026403
Qwen3-4B-Instruct-2507,q4nogab,centre,conlegis,0.06999999999999995,0.06930693069306929
Qwen3-4B-Instruct-2507,q4nogab,centre,conmedic,0.04000000000000001,0.05280528052805284
Qwen3-4B-Instruct-2507,q4nogab,centre,conpress,0.06999999999999998,0.016501650165016493
Qwen3-4B-Instruct-2507,q4nogab,centre,consci,0.04000000000000001,0.033003300330033
Qwen3-4B-Instruct-2507,q4nogab,centre,contv,0.06999999999999998,0.01650165016501655
Qwen3-4B-Instruct-2507,q4nogab,centre,joblose,0.08000000000000002,0.013201320132013201
Qwen3-4B-Instruct-2507,q4nogab,centre,jobfind,0.0,0.013201320132013195
Qwen3-4B-Instruct-2507,q4nogab,centre,happy,0.0,0.04620462046204621
Qwen3-4B-Instruct-2507,q4nogab,centre,hapmar,0.10999999999999999,0.02640264026402642
Qwen3-4B-Instruct-2507,q4nogab,centre,satjob,0.08000000000000002,0.059405940594059424
Qwen3-4B-Instruct-2507,q4nogab,centre,spdeg*,0.09999999999999999,0.026402640264026365
Qwen3-4B-Instruct-2507,q4nogab,centre,spjew,0.029999999999999985,0.052805280528052834
Qwen3-4B-Instruct-2507,q4nogab,centre,spfund,0.10000000000000003,0.016501650165016545
Qwen3-4B-Instruct-2507,q4nogab,centre,unemp,0.0,0.03960396039603961
Qwen3-4B-Instruct-2507,q4nogab,centre,union1,0.10000000000000002,0.01980198019801975
Qwen3-4B-Instruct-2507,q4nogab,centre,spkath/y,0.0,0.01980198019801982
Qwen3-4B-Instruct-2507,q4nogab,centre,colath,0.0,0.0363036303630363
Qwen3-4B-Instruct-2507,q4nogab,centre,spkrac/y,0.19999999999999998,0.013201320132013222
Qwen3-4B-Instruct-2507,q4nogab,centre,colrac,0.32999999999999996,0.0033003300330033125
Qwen3-4B-Instruct-2507,q4nogab,centre,librac/y,0.060000000000000026,0.0066006600660065695
Qwen3-4B-Instruct-2507,q4nogab,centre,spkcom/y,0.10000000000000003,0.023102310231023132
Qwen3-4B-Instruct-2507,q4nogab,centre,colcom/y,0.060000000000000026,0.019801980198019792
Qwen3-4B-Instruct-2507,q4nogab,centre,libcom/y,0.16,0.023102310231023132
Qwen3-4B-Instruct-2507,q4nogab,centre,spkhomo/y,0.13999999999999999,0.009900990099009965
Qwen3-4B-Instruct-2507,q4nogab,centre,colhomo,0.0,0.009900990099009965
Qwen3-4B-Instruct-2507,q4nogab,centre,libhomo/y,0.060000000000000026,0.03300330033003297
Qwen3-4B-Instruct-2507,q4nogab,centre,cappun,0.14,0.0033003300330033125
Qwen3-4B-Instruct-2507,q4nogab,centre,polhitok/y,0.10999999999999999,0.006600660066006597
Qwen3-4B-Instruct-2507,q4nogab,centre,polabuse/y,0.19999999999999998,0.013201320132013222
Qwen3-4B-Instruct-2507,q4nogab,centre,polattak/y,0.20000000000000004,0.01980198019801982
Qwen3-4B-Instruct-2507,q4nogab,centre,grass,0.05999999999999997,0.016501650165016493
Qwen3-4B-Instruct-2507,q4nogab,centre,gunlaw,0.09999999999999998,0.016501650165016535
Qwen3-4B-Instruct-2507,q4nogab,centre,owngun,0.16000000000000003,0.013201320132013167
Qwen3-4B-Instruct-2507,q4nogab,centre,hunt1,0.10000000000000003,0.016501650165016493
Qwen3-4B-Instruct-2507,q4nogab,centre,class,0.04999999999999999,0.0627062706270627
Qwen3-4B-Instruct-2507,q4nogab,centre,satfin,0.039999999999999994,0.04950495049504949
Qwen3-4B-Instruct-2507,q4nogab,centre,finalter,0.08999999999999997,0.04950495049504948
Qwen3-4B-Instruct-2507,q4nogab,centre,finrela,0.014444499999999978,0.10891089108910894
Qwen3-4B-Instruct-2507,q4nogab,centre,racdif1,0.04000000000000001,0.0
Qwen3-4B-Instruct-2507,q4nogab,centre,racdif2,0.10999999999999999,0.006600660066006583
Qwen3-4B-Instruct-2507,q4nogab,centre,racdif3,0.06999999999999998,0.01980198019801982
Qwen3-4B-Instruct-2507,q4nogab,centre,racdif4,0.19999999999999998,0.0066006600660065695
Qwen3-4B-Instruct-2507,q4nogab,centre,wlthhsps,0.04000000000000001,0.07590759075907592
Qwen3-4B-Instruct-2507,q4nogab,centre,racwork,0.0,0.009900990099009908
Qwen3-4B-Instruct-2507,q4nogab,centre,letin1a,0.08,0.029702970297029726
Qwen3-4B-Instruct-2507,q4nogab,centre,getahead,0.0,0.023102310231023142
Qwen3-4B-Instruct-2507,q4nogab,centre,aged,0.03999999999999998,0.029702970297029736
Qwen3-4B-Instruct-2507,q4nogab,centre,parsol,0.1,0.07260726072607263
Qwen3-4B-Instruct-2507,q4nogab,centre,spanking,0.09999999999999999,0.03960396039603961
Qwen3-4B-Instruct-2507,q4nogab,centre,divlaw,0.07999999999999996,0.016501650165016493
Qwen3-4B-Instruct-2507,q4nogab,centre,sexeduc,0.1,0.029702970297029715
Qwen3-4B-Instruct-2507,q4nogab,centre,pillok,0.13,0.006600660066006583
Qwen3-4B-Instruct-2507,q4nogab,centre,xmarsex,0.019999999999999997,0.06930693069306927
Qwen3-4B-Instruct-2507,q4nogab,centre,homosex,0.08000000000000003,0.03300330033003304
Qwen3-4B-Instruct-2507,q4nogab,centre,marhomo,0.04999999999999999,0.03630363036303631
Qwen3-4B-Instruct-2507,q4nogab,centre,discaff,0.06999999999999998,0.02640264026402643
Qwen3-4B-Instruct-2507,q4nogab,centre,abdefect,0.1,0.013201320132013222
Qwen3-4B-Instruct-2507,q4nogab,centre,abnomore,0.1,0.08910891089108908
Qwen3-4B-Instruct-2507,q4nogab,centre,abhlth,0.13999999999999999,0.0
Qwen3-4B-Instruct-2507,q4nogab,centre,abpoor,0.1,0.04950495049504955
Qwen3-4B-Instruct-2507,q4nogab,centre,abrape,0.16,0.0033003300330033195
Qwen3-4B-Instruct-2507,q4nogab,centre,absingle,0.13,0.0726072607260726
Qwen3-4B-Instruct-2507,q4nogab,centre,abany,0.19999999999999998,0.023102310231023077
Qwen3-4B-Instruct-2507,q4nogab,centre,letdie1,0.16,0.01980198019801982
Qwen3-4B-Instruct-2507,q4nogab,centre,suicide1,0.0,0.013201320132013167
Qwen3-4B-Instruct-2507,q4nogab,centre,suicide2,0.26,0.02640264026402639
Qwen3-4B-Instruct-2507,q4nogab,centre,suicide3,0.060000000000000026,0.023102310231023118
Qwen3-4B-Instruct-2507,q4nogab,centre,suicide4,0.0,0.019801980198019764
Qwen3-4B-Instruct-2507,q4nogab,centre,pornlaw,0.03,0.03630363036303632
Qwen3-4B-Instruct-2507,q4nogab,centre,fair,0.02999999999999997,0.07590759075907594
Qwen3-4B-Instruct-2507,q4nogab,centre,helpful,0.03999999999999998,0.039603960396039584
Qwen3-4B-Instruct-2507,q4nogab,centre,trust,0.06999999999999997,0.04950495049504955
Qwen3-4B-Instruct-2507,q4nogab,centre,tax,0.0,0.016501650165016493
Qwen3-4B-Instruct-2507,q4nogab,centre,vote16,0.07,0.03300330033003297
Qwen3-4B-Instruct-2507,q4nogab,centre,pres16,0.19,0.02970297029702971
Qwen3-4B-Instruct-2507,q4nogab,centre,if16who,0.15999999999999998,0.013201320132013222
Qwen3-4B-Instruct-2507,q4nogab,centre,news,0.05,0.0363036303630363
Qwen3-4B-Instruct-2507,q4nogab,centre,jew,0.0,0.08580858085808578
Qwen3-4B-Instruct-2507,q4nogab,centre,relig16*,0.05,0.066006600660066
Qwen3-4B-Instruct-2507,q4nogab,centre,jew16*,0.09999999999999998,0.05610561056105612
Qwen3-4B-Instruct-2507,q4nogab,centre,attend,0.061306,0.0495049504950495
Qwen3-4B-Instruct-2507,q4nogab,centre,pray,0.05,0.02310231023102309
Qwen3-4B-Instruct-2507,q4nogab,centre,postlife,0.09999999999999998,0.03630363036303631
Qwen3-4B-Instruct-2507,q4nogab,centre,bible,0.12999999999999998,0.04290429042904287
Qwen3-4B-Instruct-2507,q4nogab,centre,reborn,0.10000000000000003,0.006600660066006597
Qwen3-4B-Instruct-2507,q4nogab,centre,savesoul,0.16,0.01650165016501648
Qwen3-4B-Instruct-2507,q4nogab,centre,granborn,0.0,0.023102310231023142
Qwen3-4B-Instruct-2507,q4nogab,centre,uscitzn*,0.0,0.003300330033003265
Qwen3-4B-Instruct-2507,q4nogab,centre,mnthsusa,0.04999999999999999,0.006600660066006585
Qwen3-4B-Instruct-2507,q4nogab,centre,othlang,0.0,0.006600660066006583
Qwen3-4B-Instruct-2507,q4nogab,centre,health,0.029999999999999985,0.056105610561056105
Qwen3-4B-Instruct-2507,q4nogab,centre,compuse*,0.05999999999999997,0.026402640264026393
Qwen3-4B-Instruct-2507,q4nogab,centre,webmob,0.05999999999999997,0.01980198019801992
Qwen3-4B-Instruct-2507,q4nogab,centre,xmovie,0.0,0.03300330033003304
Qwen3-4B-Instruct-2507,q4nogab,centre,usewww*,0.0,0.003300330033003375
Qwen3-4B-Instruct-2507,q4nogab,centre,life,0.02999999999999997,0.03960396039603964
Qwen3-4B-Instruct-2507,q4nogab,centre,richwork,0.09999999999999998,0.01650165016501648
Qwen3-4B-Instruct-2507,q4nogab,droite,natspac/y,0.19999999999999996,0.021084337349397533
Qwen3-4B-Instruct-2507,q4nogab,droite,natenvir/y,0.09999999999999998,0.03313253012048198
Qwen3-4B-Instruct-2507,q4nogab,droite,natheal/y,0.06,0.04819277108433733
Qwen3-4B-Instruct-2507,q4nogab,droite,natcity/y,0.19999999999999996,0.030120481927710815
Qwen3-4B-Instruct-2507,q4nogab,droite,natdrug/y,0.09999999999999998,0.04518072289156631
Qwen3-4B-Instruct-2507,q4nogab,droite,nateduc/y,0.02999999999999997,0.009036144578313282
Qwen3-4B-Instruct-2507,q4nogab,droite,natrace/y,0.09999999999999999,0.021084337349397575
Qwen3-4B-Instruct-2507,q4nogab,droite,natarms/y,0.13999999999999996,0.036144578313252976
Qwen3-4B-Instruct-2507,q4nogab,droite,nataid/y,0.19999999999999998,0.018072289156626453
Qwen3-4B-Instruct-2507,q4nogab,droite,natfare/y,0.15999999999999998,0.009036144578313199
Qwen3-4B-Instruct-2507,q4nogab,droite,natroad,0.26,0.03915662650602406
Qwen3-4B-Instruct-2507,q4nogab,droite,natsoc,0.15999999999999998,0.015060240963855366
Qwen3-4B-Instruct-2507,q4nogab,droite,natmass,0.15999999999999998,0.015060240963855456
Qwen3-4B-Instruct-2507,q4nogab,droite,natpark,0.26,0.02108433734939756
Qwen3-4B-Instruct-2507,q4nogab,droite,natchld,0.19999999999999998,0.042168674698795205
Qwen3-4B-Instruct-2507,q4nogab,droite,natsci,0.19999999999999996,0.009036144578313227
Qwen3-4B-Instruct-2507,q4nogab,droite,natenrgy,0.19999999999999998,0.036144578313253045
Qwen3-4B-Instruct-2507,q4nogab,droite,uswary,0.0,0.01204819277108432
Qwen3-4B-Instruct-2507,q4nogab,droite,prayer,0.03,0.02710843373493979
Qwen3-4B-Instruct-2507,q4nogab,droite,courts,0.15999999999999998,0.030120481927710843
Qwen3-4B-Instruct-2507,q4nogab,droite,discaffw,0.09999999999999998,0.04216867469879528
Qwen3-4B-Instruct-2507,q4nogab,droite,discaffm,0.1,0.07228915662650601
Qwen3-4B-Instruct-2507,q4nogab,droite,fehire,0.039999999999999994,0.0512048192771084
Qwen3-4B-Instruct-2507,q4nogab,droite,fechld,0.0,0.045180722891566244
Qwen3-4B-Instruct-2507,q4nogab,droite,fepresch,0.2,0.04216867469879516
Qwen3-4B-Instruct-2507,q4nogab,droite,fefam,0.09999999999999998,0.01204819277108439
Qwen3-4B-Instruct-2507,q4nogab,droite,fepol,0.16,0.06927710843373494
Qwen3-4B-Instruct-2507,q4nogab,droite,mobile16,0.16,0.006024096385542188
Qwen3-4B-Instruct-2507,q4nogab,droite,incom16,0.14999999999999997,0.048192771084337394
Qwen3-4B-Instruct-2507,q4nogab,droite,dwelown16,0.3,0.006024096385542223
Qwen3-4B-Instruct-2507,q4nogab,droite,divorced,0.0,0.012048192771084376
Qwen3-4B-Instruct-2507,q4nogab,droite,posslq/y,0.2,0.015060240963855397
Qwen3-4B-Instruct-2507,q4nogab,droite,evwork,0.4,0.006024096385542219
Qwen3-4B-Instruct-2507,q4nogab,droite,wrkgovt1,0.13999999999999996,0.0030120481927710524
Qwen3-4B-Instruct-2507,q4nogab,droite,wrkgovt2,0.10000000000000003,0.006024096385542216
Qwen3-4B-Instruct-2507,q4nogab,droite,partfull,0.06999999999999998,0.027108433734939777
Qwen3-4B-Instruct-2507,q4nogab,droite,wksub1,0.0,0.03614457831325299
Qwen3-4B-Instruct-2507,q4nogab,droite,wksup1,0.15999999999999998,0.04819277108433735
Qwen3-4B-Instruct-2507,q4nogab,droite,conarmy,0.16,0.02710843373493982
Qwen3-4B-Instruct-2507,q4nogab,droite,conbus,0.029999999999999985,0.033132530120481965
Qwen3-4B-Instruct-2507,q4nogab,droite,conclerg,0.13,0.006024096385542091
Qwen3-4B-Instruct-2507,q4nogab,droite,coneduc,0.10000000000000005,0.054216867469879484
Qwen3-4B-Instruct-2507,q4nogab,droite,confed,0.10000000000000005,0.024096385542168683
Qwen3-4B-Instruct-2507,q4nogab,droite,confinan,0.10000000000000005,0.021084337349397575
Qwen3-4B-Instruct-2507,q4nogab,droite,conjudge,0.06999999999999998,0.015060240963855373
Qwen3-4B-Instruct-2507,q4nogab,droite,conlabor,0.0,0.04819277108433737
Qwen3-4B-Instruct-2507,q4nogab,droite,conlegis,0.04999999999999999,0.012048192771084324
Qwen3-4B-Instruct-2507,q4nogab,droite,conmedic,0.10000000000000005,0.03313253012048191
Qwen3-4B-Instruct-2507,q4nogab,droite,conpress,0.07999999999999997,0.030120481927710874
Qwen3-4B-Instruct-2507,q4nogab,droite,consci,0.10000000000000005,0.045180722891566286
Qwen3-4B-Instruct-2507,q4nogab,droite,contv,0.04999999999999999,0.027108433734939756
Qwen3-4B-Instruct-2507,q4nogab,droite,joblose,0.09999999999999998,0.03915662650602417
Qwen3-4B-Instruct-2507,q4nogab,droite,jobfind,0.2700000000000001,0.03012048192771094
Qwen3-4B-Instruct-2507,q4nogab,droite,happy,0.030000000000000013,0.06325301204819275
Qwen3-4B-Instruct-2507,q4nogab,droite,hapmar,0.0,0.027108433734939794
Qwen3-4B-Instruct-2507,q4nogab,droite,satjob,0.07999999999999999,0.04819277108433736
Qwen3-4B-Instruct-2507,q4nogab,droite,spdeg*,0.18,0.018072289156626505
Qwen3-4B-Instruct-2507,q4nogab,droite,spjew,0.20000000000000004,0.03313253012048185
Qwen3-4B-Instruct-2507,q4nogab,droite,spfund,0.49999999999999994,0.027108433734939753
Qwen3-4B-Instruct-2507,q4nogab,droite,unemp,0.0,0.05421686746987947
Qwen3-4B-Instruct-2507,q4nogab,droite,union1,0.0,0.006024096385542111
Qwen3-4B-Instruct-2507,q4nogab,droite,spkath/y,0.36000000000000004,0.00602409638554216
Qwen3-4B-Instruct-2507,q4nogab,droite,colath,0.03,0.02409638554216867
Qwen3-4B-Instruct-2507,q4nogab,droite,spkrac/y,0.36000000000000004,0.060240963855421686
Qwen3-4B-Instruct-2507,q4nogab,droite,colrac,0.19999999999999998,0.01807228915662651
Qwen3-4B-Instruct-2507,q4nogab,droite,librac/y,0.30000000000000004,0.01204819277108432
Qwen3-4B-Instruct-2507,q4nogab,droite,spkcom/y,0.0,0.054216867469879554
Qwen3-4B-Instruct-2507,q4nogab,droite,colcom/y,0.06000000000000004,0.009036144578313282
Qwen3-4B-Instruct-2507,q4nogab,droite,libcom/y,0.16,0.030120481927710885
Qwen3-4B-Instruct-2507,q4nogab,droite,spkhomo/y,0.03,0.01506024096385545
Qwen3-4B-Instruct-2507,q4nogab,droite,colhomo,0.13,0.009036144578313282
Qwen3-4B-Instruct-2507,q4nogab,droite,libhomo/y,0.0,0.02409638554216867
Qwen3-4B-Instruct-2507,q4nogab,droite,cappun,0.13,0.01204819277108439
Qwen3-4B-Instruct-2507,q4nogab,droite,polhitok/y,0.0,0.01807228915662651
Qwen3-4B-Instruct-2507,q4nogab,droite,polabuse/y,0.0,0.009036144578313275
Qwen3-4B-Instruct-2507,q4nogab,droite,polattak/y,0.0,0.036144578313253045
Qwen3-4B-Instruct-2507,q4nogab,droite,grass,0.16999999999999998,0.009036144578313227
Qwen3-4B-Instruct-2507,q4nogab,droite,gunlaw,0.13,0.03915662650602411
Qwen3-4B-Instruct-2507,q4nogab,droite,owngun,0.0,0.021084337349397547
Qwen3-4B-Instruct-2507,q4nogab,droite,hunt1,0.21999999999999997,0.012048192771084362
Qwen3-4B-Instruct-2507,q4nogab,droite,class,0.08000000000000002,0.051204819277108383
Qwen3-4B-Instruct-2507,q4nogab,droite,satfin,0.10000000000000003,0.07530120481927705
Qwen3-4B-Instruct-2507,q4nogab,droite,finalter,0.04999999999999999,0.04216867469879515
Qwen3-4B-Instruct-2507,q4nogab,droite,finrela,0.09999999999999999,0.054216867469879505
Qwen3-4B-Instruct-2507,q4nogab,droite,racdif1,0.030000000000000013,0.009036144578313268
Qwen3-4B-Instruct-2507,q4nogab,droite,racdif2,0.19999999999999998,0.027108433734939735
Qwen3-4B-Instruct-2507,q4nogab,droite,racdif3,0.0,0.015060240963855456
Qwen3-4B-Instruct-2507,q4nogab,droite,racdif4,0.10000000000000003,0.01807228915662651
Qwen3-4B-Instruct-2507,q4nogab,droite,wlthwhts,0.31000000000000005,0.06024096385542168
Qwen3-4B-Instruct-2507,q4nogab,droite,racwork,0.2,0.039156626506024056
Qwen3-4B-Instruct-2507,q4nogab,droite,letin1a,0.06000000000000001,0.03012048192771089
Qwen3-4B-Instruct-2507,q4nogab,droite,getahead,0.19999999999999996,0.05120481927710842
Qwen3-4B-Instruct-2507,q4nogab,droite,aged,0.14999999999999997,0.07530120481927706
Qwen3-4B-Instruct-2507,q4nogab,droite,parsol,0.03,0.04819277108433747
Qwen3-4B-Instruct-2507,q4nogab,droite,kidssol,0.0,0.018072289156626505
Qwen3-4B-Instruct-2507,q4nogab,droite,spanking,0.09999999999999998,0.027108433734939784
Qwen3-4B-Instruct-2507,q4nogab,droite,divlaw,0.19999999999999998,0.024096385542168752
Qwen3-4B-Instruct-2507,q4nogab,droite,sexeduc,0.16000000000000003,0.003012048192771094
Qwen3-4B-Instruct-2507,q4nogab,droite,pillok,0.05,0.02409638554216867
Qwen3-4B-Instruct-2507,q4nogab,droite,xmarsex,0.10000000000000005,0.024096385542168655
Qwen3-4B-Instruct-2507,q4nogab,droite,homosex,0.09999999999999998,0.04518072289156626
Qwen3-4B-Instruct-2507,q4nogab,droite,marhomo,0.10000000000000003,0.03915662650602405
Qwen3-4B-Instruct-2507,q4nogab,droite,discaff,0.02999999999999997,0.01807228915662651
Qwen3-4B-Instruct-2507,q4nogab,droite,abdefect,0.0,0.009036144578313282
Qwen3-4B-Instruct-2507,q4nogab,droite,abnomore,0.0,0.02409638554216867
Qwen3-4B-Instruct-2507,q4nogab,droite,abhlth,0.19999999999999998,0.003012048192771115
Qwen3-4B-Instruct-2507,q4nogab,droite,abpoor,0.0,0.033132530120481896
Qwen3-4B-Instruct-2507,q4nogab,droite,abrape,0.19999999999999998,0.009036144578313282
Qwen3-4B-Instruct-2507,q4nogab,droite,absingle,0.0,0.01807228915662648
Qwen3-4B-Instruct-2507,q4nogab,droite,abany,0.0,0.0
Qwen3-4B-Instruct-2507,q4nogab,droite,letdie1,0.03999999999999995,0.015060240963855415
Qwen3-4B-Instruct-2507,q4nogab,droite,suicide1,0.0,0.006024096385542105
Qwen3-4B-Instruct-2507,q4nogab,droite,suicide2,0.0,0.003012048192771108
Qwen3-4B-Instruct-2507,q4nogab,droite,suicide3,0.22999999999999998,0.003012048192771108
Qwen3-4B-Instruct-2507,q4nogab,droite,suicide4,0.03,0.00602409638554223
Qwen3-4B-Instruct-2507,q4nogab,droite,pornlaw,0.09999999999999999,0.06325301204819284
Qwen3-4B-Instruct-2507,q4nogab,droite,fair,0.17,0.06626506024096379
Qwen3-4B-Instruct-2507,q4nogab,droite,helpful,0.09999999999999998,0.045180722891566244
Qwen3-4B-Instruct-2507,q4nogab,droite,trust,0.05000000000000002,0.05722891566265058
Qwen3-4B-Instruct-2507,q4nogab,droite,tax,0.13,0.003012048192771094
Qwen3-4B-Instruct-2507,q4nogab,droite,vote16,0.20000000000000004,0.021084337349397613
Qwen3-4B-Instruct-2507,q4nogab,droite,pres16,0.11000000000000001,0.015060240963855432
Qwen3-4B-Instruct-2507,q4nogab,droite,if16who,0.0,0.003012048192771101
Qwen3-4B-Instruct-2507,q4nogab,droite,news,0.08999999999999998,0.03915662650602406
Qwen3-4B-Instruct-2507,q4nogab,droite,relig16*,0.07000000000000003,0.02710843373493972
Qwen3-4B-Instruct-2507,q4nogab,droite,jew16*,0.15,0.01807228915662649
Qwen3-4B-Instruct-2507,q4nogab,droite,attend,0.2437625,0.06325301204819284
Qwen3-4B-Instruct-2507,q4nogab,droite,pray,0.26,0.03915662650602411
Qwen3-4B-Instruct-2507,q4nogab,droite,postlife,0.16,0.021084337349397617
Qwen3-4B-Instruct-2507,q4nogab,droite,bible,0.10000000000000006,0.012048192771084348
Qwen3-4B-Instruct-2507,q4nogab,droite,reborn,0.10000000000000003,0.02710843373493972
Qwen3-4B-Instruct-2507,q4nogab,droite,savesoul,0.30000000000000004,0.01807228915662651
Qwen3-4B-Instruct-2507,q4nogab,droite,granborn,0.12999999999999998,0.060240963855421645
Qwen3-4B-Instruct-2507,q4nogab,droite,uscitzn*,0.05999999999999997,0.003012048192771167
Qwen3-4B-Instruct-2507,q4nogab,droite,fucitzn,0.37,0.00602409638554215
Qwen3-4B-Instruct-2507,q4nogab,droite,mnthsusa,0.15,0.006024096385542122
Qwen3-4B-Instruct-2507,q4nogab,droite,othlang,0.13999999999999996,0.0030120481927710524
Qwen3-4B-Instruct-2507,q4nogab,droite,health,0.05999999999999997,0.04819277108433736
Qwen3-4B-Instruct-2507,q4nogab,droite,compuse*,0.05999999999999997,0.009036144578313227
Qwen3-4B-Instruct-2507,q4nogab,droite,webmob,0.0,0.003012048192771056
Qwen3-4B-Instruct-2507,q4nogab,droite,xmovie,0.0,0.039156626506024056
Qwen3-4B-Instruct-2507,q4nogab,droite,usewww*,0.05000000000000002,0.003012048192771167
Qwen3-4B-Instruct-2507,q4nogab,droite,life,0.0,0.05120481927710846
Qwen3-4B-Instruct-2507,q4nogab,droite,richwork,0.03,0.009036144578313227
Qwen3-4B-Instruct-2507,q4gab3,gauche,natspac/y,0.14999999999999997,0.035971223021582774
Qwen3-4B-Instruct-2507,q4gab3,gauche,natenvir/y,0.0,0.014388489208633098
Qwen3-4B-Instruct-2507,q4gab3,gauche,natheal/y,0.07999999999999997,0.03357314148681051
Qwen3-4B-Instruct-2507,q4gab3,gauche,natcity/y,0.0,0.0239808153477218
Qwen3-4B-Instruct-2507,q4gab3,gauche,natdrug/y,0.0,0.02398081534772179
Qwen3-4B-Instruct-2507,q4gab3,gauche,nateduc/y,0.0,0.023980815347721802
Qwen3-4B-Instruct-2507,q4gab3,gauche,natrace/y,0.14999999999999997,0.0647482014388489
Qwen3-4B-Instruct-2507,q4gab3,gauche,natarms/y,0.0,0.004796163069544307
Qwen3-4B-Instruct-2507,q4gab3,gauche,nataid/y,0.13,0.038369304556354886
Qwen3-4B-Instruct-2507,q4gab3,gauche,natfare/y,0.05000000000000002,0.014388489208633146
Qwen3-4B-Instruct-2507,q4gab3,gauche,natroad,0.0,0.026378896882494
Qwen3-4B-Instruct-2507,q4gab3,gauche,natsoc,0.0,0.02158273381294968
Qwen3-4B-Instruct-2507,q4gab3,gauche,natmass,0.07999999999999997,0.03357314148681058
Qwen3-4B-Instruct-2507,q4gab3,gauche,natpark,0.05000000000000002,0.004796163069544328
Qwen3-4B-Instruct-2507,q4gab3,gauche,natchld,0.0,0.01199040767386087
Qwen3-4B-Instruct-2507,q4gab3,gauche,natsci,0.0,0.031175059952038342
Qwen3-4B-Instruct-2507,q4gab3,gauche,natenrgy,0.15000000000000002,0.014388489208633108
Qwen3-4B-Instruct-2507,q4gab3,gauche,uswary,0.04999999999999997,0.011990407673860948
Qwen3-4B-Instruct-2507,q4gab3,gauche,prayer,0.030000000000000013,0.0071942446043165575
Qwen3-4B-Instruct-2507,q4gab3,gauche,courts,0.04999999999999996,0.026378896882494007
Qwen3-4B-Instruct-2507,q4gab3,gauche,discaffw,0.0,0.01199040767386092
Qwen3-4B-Instruct-2507,q4gab3,gauche,discaffm,0.0,0.028776978417266154
Qwen3-4B-Instruct-2507,q4gab3,gauche,fehire,0.14999999999999997,0.028776978417266112
Qwen3-4B-Instruct-2507,q4gab3,gauche,fechld,0.049999999999999996,0.06474820143884899
Qwen3-4B-Instruct-2507,q4gab3,gauche,fepresch,0.12,0.04076738609112715
Qwen3-4B-Instruct-2507,q4gab3,gauche,fefam,0.14999999999999997,0.03357314148681059
Qwen3-4B-Instruct-2507,q4gab3,gauche,fepol,0.030000000000000013,0.031175059952038398
Qwen3-4B-Instruct-2507,q4gab3,gauche,mobile16,0.10000000000000005,0.011990407673860864
Qwen3-4B-Instruct-2507,q4gab3,gauche,incom16,0.07999999999999999,0.02637889688249405
Qwen3-4B-Instruct-2507,q4gab3,gauche,dwelown16,0.08000000000000002,0.01678657074340524
Qwen3-4B-Instruct-2507,q4gab3,gauche,divorced,0.0,0.0023980815347721257
Qwen3-4B-Instruct-2507,q4gab3,gauche,posslq/y,0.07999999999999999,0.019184652278177464
Qwen3-4B-Instruct-2507,q4gab3,gauche,evwork,0.47,0.009592326139088746
Qwen3-4B-Instruct-2507,q4gab3,gauche,wrkgovt1,0.030000000000000013,0.02637889688249398
Qwen3-4B-Instruct-2507,q4gab3,gauche,wrkgovt2,0.10000000000000003,0.0
Qwen3-4B-Instruct-2507,q4gab3,gauche,partfull,0.09999999999999998,0.03117505995203844
Qwen3-4B-Instruct-2507,q4gab3,gauche,wksub1,0.33000000000000007,0.016786570743405282
Qwen3-4B-Instruct-2507,q4gab3,gauche,wksup1,0.04999999999999999,0.03597122302158269
Qwen3-4B-Instruct-2507,q4gab3,gauche,conarmy,0.15000000000000002,0.016786570743405282
Qwen3-4B-Instruct-2507,q4gab3,gauche,conbus,0.19999999999999998,0.03836930455635501
Qwen3-4B-Instruct-2507,q4gab3,gauche,conclerg,0.04999999999999996,0.01438848920863308
Qwen3-4B-Instruct-2507,q4gab3,gauche,coneduc,0.04999999999999996,0.04316546762589924
Qwen3-4B-Instruct-2507,q4gab3,gauche,confed,0.15000000000000002,0.019184652278177505
Qwen3-4B-Instruct-2507,q4gab3,gauche,confinan,0.0,0.02398081534772184
Qwen3-4B-Instruct-2507,q4gab3,gauche,conjudge,0.0,0.07434052757793763
Qwen3-4B-Instruct-2507,q4gab3,gauche,conlabor,0.2,0.004796163069544376
Qwen3-4B-Instruct-2507,q4gab3,gauche,conlegis,0.15000000000000002,0.014388489208633053
Qwen3-4B-Instruct-2507,q4gab3,gauche,conmedic,0.04999999999999996,0.03117505995203836
Qwen3-4B-Instruct-2507,q4gab3,gauche,conpress,0.19999999999999998,0.014388489208633129
Qwen3-4B-Instruct-2507,q4gab3,gauche,consci,0.09999999999999998,0.007194244604316544
Qwen3-4B-Instruct-2507,q4gab3,gauche,contv,0.0,0.01918465227817747
Qwen3-4B-Instruct-2507,q4gab3,gauche,joblose,0.06999999999999997,0.07913669064748197
Qwen3-4B-Instruct-2507,q4gab3,gauche,jobfind,0.030000000000000027,0.062350119904076726
Qwen3-4B-Instruct-2507,q4gab3,gauche,happy,0.04999999999999999,0.019184652278177478
Qwen3-4B-Instruct-2507,q4gab3,gauche,hapmar,0.06999999999999998,0.04076738609112707
Qwen3-4B-Instruct-2507,q4gab3,gauche,satjob,0.12,0.023980815347721795
Qwen3-4B-Instruct-2507,q4gab3,gauche,spdeg*,0.0,0.019184652278177425
Qwen3-4B-Instruct-2507,q4gab3,gauche,spjew,0.18,0.011990407673860878
Qwen3-4B-Instruct-2507,q4gab3,gauche,spfund,0.15000000000000002,0.009592326139088697
Qwen3-4B-Instruct-2507,q4gab3,gauche,unemp,0.0,0.03357314148681054
Qwen3-4B-Instruct-2507,q4gab3,gauche,union1,0.01999999999999999,0.014388489208633056
Qwen3-4B-Instruct-2507,q4gab3,gauche,spkath/y,0.039999999999999966,0.0
Qwen3-4B-Instruct-2507,q4gab3,gauche,colath,0.10000000000000003,0.007194244604316502
Qwen3-4B-Instruct-2507,q4gab3,gauche,spkrac/y,0.0,0.03357314148681059
Qwen3-4B-Instruct-2507,q4gab3,gauche,colrac,0.0,0.0047961630695443624
Qwen3-4B-Instruct-2507,q4gab3,gauche,librac/y,0.0,0.002398081534772223
Qwen3-4B-Instruct-2507,q4gab3,gauche,spkcom/y,0.18999999999999997,0.03357314148681054
Qwen3-4B-Instruct-2507,q4gab3,gauche,colcom/y,0.020000000000000004,0.031175059952038342
Qwen3-4B-Instruct-2507,q4gab3,gauche,libcom/y,0.030000000000000013,0.019184652278177464
Qwen3-4B-Instruct-2507,q4gab3,gauche,spkhomo/y,0.05999999999999997,0.028776978417266216
Qwen3-4B-Instruct-2507,q4gab3,gauche,colhomo,0.09999999999999999,0.02877697841726616
Qwen3-4B-Instruct-2507,q4gab3,gauche,libhomo/y,0.020000000000000004,0.016786570743405237
Qwen3-4B-Instruct-2507,q4gab3,gauche,cappun,0.05000000000000002,0.01199040767386092
Qwen3-4B-Instruct-2507,q4gab3,gauche,polhitok/y,0.0,0.021582733812949617
Qwen3-4B-Instruct-2507,q4gab3,gauche,polabuse/y,0.0,0.02398081534772173
Qwen3-4B-Instruct-2507,q4gab3,gauche,polattak/y,0.020000000000000004,0.02158273381294959
Qwen3-4B-Instruct-2507,q4gab3,gauche,grass,0.039999999999999966,0.0023980815347721396
Qwen3-4B-Instruct-2507,q4gab3,gauche,gunlaw,0.0,0.002398081534772195
Qwen3-4B-Instruct-2507,q4gab3,gauche,owngun,0.06999999999999998,0.016786570743405296
Qwen3-4B-Instruct-2507,q4gab3,gauche,hunt1,0.06999999999999998,0.021582733812949714
Qwen3-4B-Instruct-2507,q4gab3,gauche,class,0.030000000000000013,0.04316546762589932
Qwen3-4B-Instruct-2507,q4gab3,gauche,satfin,0.17000000000000004,0.07434052757793773
Qwen3-4B-Instruct-2507,q4gab3,gauche,finalter,0.049999999999999975,0.0455635491606714
Qwen3-4B-Instruct-2507,q4gab3,gauche,finrela,0.09999999999999999,0.047961630695443735
Qwen3-4B-Instruct-2507,q4gab3,gauche,racdif1,0.4,0.02398081534772184
Qwen3-4B-Instruct-2507,q4gab3,gauche,racdif2,0.010000000000000004,0.0
Qwen3-4B-Instruct-2507,q4gab3,gauche,racdif3,0.020000000000000004,0.0047961630695443624
Qwen3-4B-Instruct-2507,q4gab3,gauche,racdif4,0.04999999999999997,0.01918465227817743
Qwen3-4B-Instruct-2507,q4gab3,gauche,wlthwhts,0.18,0.04796163069544367
Qwen3-4B-Instruct-2507,q4gab3,gauche,wlthblks,0.18,0.043165467625899304
Qwen3-4B-Instruct-2507,q4gab3,gauche,wlthhsps,0.04999999999999999,0.019184652278177443
Qwen3-4B-Instruct-2507,q4gab3,gauche,racwork,0.15000000000000002,0.043165467625899276
Qwen3-4B-Instruct-2507,q4gab3,gauche,letin1a,0.04999999999999999,0.05035971223021584
Qwen3-4B-Instruct-2507,q4gab3,gauche,getahead,0.030000000000000027,0.019184652278177478
Qwen3-4B-Instruct-2507,q4gab3,gauche,aged,0.04999999999999999,0.011990407673860875
Qwen3-4B-Instruct-2507,q4gab3,gauche,parsol,0.08000000000000002,0.028776978417266237
Qwen3-4B-Instruct-2507,q4gab3,gauche,kidssol,0.3,0.03357314148681051
Qwen3-4B-Instruct-2507,q4gab3,gauche,spanking,0.05,0.02398081534772186
Qwen3-4B-Instruct-2507,q4gab3,gauche,divlaw,0.11999999999999997,0.026378896882493987
Qwen3-4B-Instruct-2507,q4gab3,gauche,sexeduc,0.020000000000000004,0.007194244604316495
Qwen3-4B-Instruct-2507,q4gab3,gauche,pillok,0.10000000000000002,0.026378896882494018
Qwen3-4B-Instruct-2507,q4gab3,gauche,xmarsex,0.0,0.050359712230215806
Qwen3-4B-Instruct-2507,q4gab3,gauche,homosex,0.19999999999999998,0.007194244604316585
Qwen3-4B-Instruct-2507,q4gab3,gauche,marhomo,0.3,0.023980815347721875
Qwen3-4B-Instruct-2507,q4gab3,gauche,discaff,0.05,0.007194244604316502
Qwen3-4B-Instruct-2507,q4gab3,gauche,abdefect,0.0,0.0071942446043164465
Qwen3-4B-Instruct-2507,q4gab3,gauche,abnomore,0.0,0.004796163069544376
Qwen3-4B-Instruct-2507,q4gab3,gauche,abhlth,0.050000000000000024,0.0023980815347722367
Qwen3-4B-Instruct-2507,q4gab3,gauche,abpoor,0.0,0.01199040767386092
Qwen3-4B-Instruct-2507,q4gab3,gauche,abrape,0.08999999999999998,0.00479616306954431
Qwen3-4B-Instruct-2507,q4gab3,gauche,absingle,0.0,0.002398081534772195
Qwen3-4B-Instruct-2507,q4gab3,gauche,abany,0.07000000000000003,0.02398081534772184
Qwen3-4B-Instruct-2507,q4gab3,gauche,letdie1,0.07000000000000003,0.007194244604316544
Qwen3-4B-Instruct-2507,q4gab3,gauche,suicide1,0.0,0.007194244604316544
Qwen3-4B-Instruct-2507,q4gab3,gauche,suicide2,0.22999999999999998,0.04796163069544365
Qwen3-4B-Instruct-2507,q4gab3,gauche,suicide3,0.020000000000000004,0.05515587529976018
Qwen3-4B-Instruct-2507,q4gab3,gauche,suicide4,0.10000000000000003,0.05035971223021582
Qwen3-4B-Instruct-2507,q4gab3,gauche,pornlaw,0.15000000000000002,0.04316546762589932
Qwen3-4B-Instruct-2507,q4gab3,gauche,fair,0.0,0.014388489208633101
Qwen3-4B-Instruct-2507,q4gab3,gauche,helpful,0.17000000000000004,0.023980815347721895
Qwen3-4B-Instruct-2507,q4gab3,gauche,trust,0.30000000000000004,0.05035971223021583
Qwen3-4B-Instruct-2507,q4gab3,gauche,tax,0.0,0.021582733812949676
Qwen3-4B-Instruct-2507,q4gab3,gauche,vote16,0.030000000000000013,0.02637889688249402
Qwen3-4B-Instruct-2507,q4gab3,gauche,pres16,0.0,0.019184652278177425
Qwen3-4B-Instruct-2507,q4gab3,gauche,if16who,0.07000000000000003,0.007194244604316551
Qwen3-4B-Instruct-2507,q4gab3,gauche,news,0.09999999999999998,0.028776978417266244
Qwen3-4B-Instruct-2507,q4gab3,gauche,jew,0.10000000000000003,0.021582733812949624
Qwen3-4B-Instruct-2507,q4gab3,gauche,relig16*,0.08000000000000003,0.033573141486810475
Qwen3-4B-Instruct-2507,q4gab3,gauche,jew16*,0.09999999999999998,0.023980815347721826
Qwen3-4B-Instruct-2507,q4gab3,gauche,pray,0.10000000000000003,0.045563549160671374
Qwen3-4B-Instruct-2507,q4gab3,gauche,postlife,0.20000000000000004,0.014388489208633143
Qwen3-4B-Instruct-2507,q4gab3,gauche,bible,0.030000000000000013,0.009592326139088683
Qwen3-4B-Instruct-2507,q4gab3,gauche,reborn,0.0,0.004796163069544404
Qwen3-4B-Instruct-2507,q4gab3,gauche,savesoul,0.26,0.0383693045563549
Qwen3-4B-Instruct-2507,q4gab3,gauche,granborn,0.07,0.028776978417266286
Qwen3-4B-Instruct-2507,q4gab3,gauche,uscitzn*,0.05999999999999997,0.002398081534772295
Qwen3-4B-Instruct-2507,q4gab3,gauche,mnthsusa,0.18,0.011990407673860979
Qwen3-4B-Instruct-2507,q4gab3,gauche,othlang,0.0,0.0
Qwen3-4B-Instruct-2507,q4gab3,gauche,health,0.0,0.047961630695443555
Qwen3-4B-Instruct-2507,q4gab3,gauche,compuse*,0.0,0.004796163069544366
Qwen3-4B-Instruct-2507,q4gab3,gauche,webmob,0.0,0.007194244604316502
Qwen3-4B-Instruct-2507,q4gab3,gauche,xmovie,0.030000000000000013,0.009592326139088753
Qwen3-4B-Instruct-2507,q4gab3,gauche,usewww*,0.0,0.004796163069544373
Qwen3-4B-Instruct-2507,q4gab3,gauche,life,0.01999999999999999,0.021582733812949603
Qwen3-4B-Instruct-2507,q4gab3,gauche,richwork,0.030000000000000027,0.05515587529976021
Qwen3-4B-Instruct-2507,q4gab3,centre,natspac/y,0.02999999999999997,0.04620462046204621
Qwen3-4B-Instruct-2507,q4gab3,centre,natenvir/y,0.04000000000000002,0.033003300330032986
Qwen3-4B-Instruct-2507,q4gab3,centre,natheal/y,0.020000000000000018,0.06600660066006604
Qwen3-4B-Instruct-2507,q4gab3,centre,natcity/y,0.02999999999999997,0.05280528052805285
Qwen3-4B-Instruct-2507,q4gab3,centre,natdrug/y,0.020000000000000018,0.0033003300330033195
Qwen3-4B-Instruct-2507,q4gab3,centre,nateduc/y,0.02999999999999997,0.013201320132013167
Qwen3-4B-Instruct-2507,q4gab3,centre,natrace/y,0.04000000000000002,0.019801980198019806
Qwen3-4B-Instruct-2507,q4gab3,centre,natarms/y,0.02999999999999997,0.006600660066006611
Qwen3-4B-Instruct-2507,q4gab3,centre,nataid/y,0.04000000000000002,0.01650165016501648
Qwen3-4B-Instruct-2507,q4gab3,centre,natfare/y,0.04000000000000002,0.00990099009900991
Qwen3-4B-Instruct-2507,q4gab3,centre,natroad,0.02999999999999997,0.046204620462046195
Qwen3-4B-Instruct-2507,q4gab3,centre,natsoc,0.02999999999999997,0.03630363036303631
Qwen3-4B-Instruct-2507,q4gab3,centre,natmass,0.02999999999999997,0.046204620462046195
Qwen3-4B-Instruct-2507,q4gab3,centre,natpark,0.02999999999999997,0.05940594059405936
Qwen3-4B-Instruct-2507,q4gab3,centre,natchld,0.04000000000000002,0.0363036303630363
Qwen3-4B-Instruct-2507,q4gab3,centre,natsci,0.02999999999999997,0.03630363036303631
Qwen3-4B-Instruct-2507,q4gab3,centre,natenrgy,0.04000000000000002,0.029702970297029722
Qwen3-4B-Instruct-2507,q4gab3,centre,uswary,0.020000000000000004,0.02640264026402639
Qwen3-4B-Instruct-2507,q4gab3,centre,prayer,0.05999999999999997,0.01980198019801982
Qwen3-4B-Instruct-2507,q4gab3,centre,courts,0.06999999999999998,0.016501650165016507
Qwen3-4B-Instruct-2507,q4gab3,centre,discaffw,0.05,0.03300330033003298
Qwen3-4B-Instruct-2507,q4gab3,centre,discaffm,0.05,0.036303630363036306
Qwen3-4B-Instruct-2507,q4gab3,centre,fehire,0.05000000000000002,0.013201320132013188
Qwen3-4B-Instruct-2507,q4gab3,centre,fechld,0.17,0.0396039603960396
Qwen3-4B-Instruct-2507,q4gab3,centre,fepresch,0.08000000000000003,0.0627062706270627
Qwen3-4B-Instruct-2507,q4gab3,centre,fefam,0.08000000000000003,0.033003300330032986
Qwen3-4B-Instruct-2507,q4gab3,centre,fepol,0.05999999999999997,0.05280528052805278
Qwen3-4B-Instruct-2507,q4gab3,centre,mobile16,0.04999999999999996,0.016501650165016507
Qwen3-4B-Instruct-2507,q4gab3,centre,incom16,0.0,0.029702970297029736
Qwen3-4B-Instruct-2507,q4gab3,centre,dwelown16,0.030000000000000013,0.013201320132013201
Qwen3-4B-Instruct-2507,q4gab3,centre,divorced,0.030000000000000013,0.003300330033003257
Qwen3-4B-Instruct-2507,q4gab3,centre,posslq/y,0.05000000000000002,0.0231023102310231
Qwen3-4B-Instruct-2507,q4gab3,centre,evwork,0.27,0.00660066006600659
Qwen3-4B-Instruct-2507,q4gab3,centre,wrkgovt1,0.0,0.0
Qwen3-4B-Instruct-2507,q4gab3,centre,wrkgovt2,0.0,0.009900990099009882
Qwen3-4B-Instruct-2507,q4gab3,centre,partfull,0.0,0.029702970297029715
Qwen3-4B-Instruct-2507,q4gab3,centre,wksub1,0.030000000000000013,0.04620462046204621
Qwen3-4B-Instruct-2507,q4gab3,centre,wksup1,0.05000000000000002,0.009900990099009868
Qwen3-4B-Instruct-2507,q4gab3,centre,conarmy,0.020000000000000018,0.04290429042904289
Qwen3-4B-Instruct-2507,q4gab3,centre,conbus,0.020000000000000018,0.029702970297029695
Qwen3-4B-Instruct-2507,q4gab3,centre,conclerg,0.01999999999999999,0.08250825082508254
Qwen3-4B-Instruct-2507,q4gab3,centre,coneduc,0.020000000000000018,0.009900990099009896
Qwen3-4B-Instruct-2507,q4gab3,centre,confed,0.020000000000000018,0.026402640264026396
Qwen3-4B-Instruct-2507,q4gab3,centre,confinan,0.020000000000000018,0.009900990099009882
Qwen3-4B-Instruct-2507,q4gab3,centre,conjudge,0.020000000000000018,0.019801980198019764
Qwen3-4B-Instruct-2507,q4gab3,centre,conlabor,0.030000000000000027,0.026402640264026403
Qwen3-4B-Instruct-2507,q4gab3,centre,conlegis,0.020000000000000018,0.06930693069306929
Qwen3-4B-Instruct-2507,q4gab3,centre,conmedic,0.020000000000000018,0.05280528052805284
Qwen3-4B-Instruct-2507,q4gab3,centre,conpress,0.020000000000000018,0.016501650165016493
Qwen3-4B-Instruct-2507,q4gab3,centre,consci,0.020000000000000018,0.033003300330033
Qwen3-4B-Instruct-2507,q4gab3,centre,contv,0.020000000000000018,0.01650165016501655
Qwen3-4B-Instruct-2507,q4gab3,centre,joblose,0.0,0.013201320132013201
Qwen3-4B-Instruct-2507,q4gab3,centre,jobfind,0.049999999999999996,0.013201320132013195
Qwen3-4B-Instruct-2507,q4gab3,centre,happy,0.04999999999999996,0.04620462046204621
Qwen3-4B-Instruct-2507,q4gab3,centre,hapmar,0.04999999999999997,0.02640264026402642
Qwen3-4B-Instruct-2507,q4gab3,centre,satjob,0.05000000000000003,0.059405940594059424
Qwen3-4B-Instruct-2507,q4gab3,centre,spdeg*,0.09999999999999999,0.026402640264026365
Qwen3-4B-Instruct-2507,q4gab3,centre,spjew,0.1,0.052805280528052834
Qwen3-4B-Instruct-2507,q4gab3,centre,spfund,0.10000000000000002,0.016501650165016545
Qwen3-4B-Instruct-2507,q4gab3,centre,unemp,0.0,0.03960396039603961
Qwen3-4B-Instruct-2507,q4gab3,centre,union1,0.020000000000000004,0.01980198019801975
Qwen3-4B-Instruct-2507,q4gab3,centre,spkath/y,0.0,0.01980198019801982
Qwen3-4B-Instruct-2507,q4gab3,centre,colath,0.0,0.0363036303630363
Qwen3-4B-Instruct-2507,q4gab3,centre,spkrac/y,0.019999999999999962,0.013201320132013222
Qwen3-4B-Instruct-2507,q4gab3,centre,colrac,0.03,0.0033003300330033125
Qwen3-4B-Instruct-2507,q4gab3,centre,librac/y,0.0,0.0066006600660065695
Qwen3-4B-Instruct-2507,q4gab3,centre,spkcom/y,0.0,0.023102310231023132
Qwen3-4B-Instruct-2507,q4gab3,centre,colcom/y,0.019999999999999962,0.019801980198019792
Qwen3-4B-Instruct-2507,q4gab3,centre,libcom/y,0.030000000000000027,0.023102310231023132
Qwen3-4B-Instruct-2507,q4gab3,centre,spkhomo/y,0.10000000000000003,0.009900990099009965
Qwen3-4B-Instruct-2507,q4gab3,centre,colhomo,0.05999999999999997,0.009900990099009965
Qwen3-4B-Instruct-2507,q4gab3,centre,libhomo/y,0.0,0.03300330033003297
Qwen3-4B-Instruct-2507,q4gab3,centre,cappun,0.0,0.0033003300330033125
Qwen3-4B-Instruct-2507,q4gab3,centre,polhitok/y,0.0,0.006600660066006597
Qwen3-4B-Instruct-2507,q4gab3,centre,polabuse/y,0.03,0.013201320132013222
Qwen3-4B-Instruct-2507,q4gab3,centre,polattak/y,0.14,0.01980198019801982
Qwen3-4B-Instruct-2507,q4gab3,centre,grass,0.05999999999999997,0.016501650165016493
Qwen3-4B-Instruct-2507,q4gab3,centre,gunlaw,0.0,0.016501650165016535
Qwen3-4B-Instruct-2507,q4gab3,centre,owngun,0.0,0.013201320132013167
Qwen3-4B-Instruct-2507,q4gab3,centre,hunt1,0.15000000000000002,0.016501650165016493
Qwen3-4B-Instruct-2507,q4gab3,centre,class,0.0,0.0627062706270627
Qwen3-4B-Instruct-2507,q4gab3,centre,satfin,0.07999999999999999,0.04950495049504949
Qwen3-4B-Instruct-2507,q4gab3,centre,finalter,0.08000000000000002,0.04950495049504948
Qwen3-4B-Instruct-2507,q4gab3,centre,finrela,0.09999999999999998,0.10891089108910894
Qwen3-4B-Instruct-2507,q4gab3,centre,racdif1,0.030000000000000027,0.0
Qwen3-4B-Instruct-2507,q4gab3,centre,racdif2,0.030000000000000013,0.006600660066006583
Qwen3-4B-Instruct-2507,q4gab3,centre,racdif3,0.06999999999999998,0.01980198019801982
Qwen3-4B-Instruct-2507,q4gab3,centre,racdif4,0.06999999999999995,0.0066006600660065695
Qwen3-4B-Instruct-2507,q4gab3,centre,wlthwhts,0.03673500000000002,0.023102310231023104
Qwen3-4B-Instruct-2507,q4gab3,centre,wlthblks,0.047058499999999996,0.049504950495049535
Qwen3-4B-Instruct-2507,q4gab3,centre,wlthhsps,0.047058499999999996,0.07590759075907592
Qwen3-4B-Instruct-2507,q4gab3,centre,letin1a,0.0,0.029702970297029726
Qwen3-4B-Instruct-2507,q4gab3,centre,getahead,0.06999999999999999,0.023102310231023142
Qwen3-4B-Instruct-2507,q4gab3,centre,aged,0.06999999999999999,0.029702970297029736
Qwen3-4B-Instruct-2507,q4gab3,centre,parsol,0.1,0.07260726072607263
Qwen3-4B-Instruct-2507,q4gab3,centre,spanking,0.030000000000000013,0.03960396039603961
Qwen3-4B-Instruct-2507,q4gab3,centre,divlaw,0.020000000000000004,0.016501650165016493
Qwen3-4B-Instruct-2507,q4gab3,centre,sexeduc,0.05999999999999997,0.029702970297029715
Qwen3-4B-Instruct-2507,q4gab3,centre,pillok,0.13,0.006600660066006583
Qwen3-4B-Instruct-2507,q4gab3,centre,xmarsex,0.04999999999999999,0.06930693069306927
Qwen3-4B-Instruct-2507,q4gab3,centre,homosex,0.04999999999999999,0.03300330033003304
Qwen3-4B-Instruct-2507,q4gab3,centre,marhomo,0.25000000000000006,0.03630363036303631
Qwen3-4B-Instruct-2507,q4gab3,centre,discaff,0.06999999999999998,0.02640264026402643
Qwen3-4B-Instruct-2507,q4gab3,centre,abdefect,0.05999999999999997,0.013201320132013222
Qwen3-4B-Instruct-2507,q4gab3,centre,abnomore,0.02999999999999997,0.08910891089108908
Qwen3-4B-Instruct-2507,q4gab3,centre,abhlth,0.10000000000000003,0.0
Qwen3-4B-Instruct-2507,q4gab3,centre,abpoor,0.05999999999999997,0.04950495049504955
Qwen3-4B-Instruct-2507,q4gab3,centre,abrape,0.10000000000000003,0.0033003300330033195
Qwen3-4B-Instruct-2507,q4gab3,centre,absingle,0.13,0.0726072607260726
Qwen3-4B-Instruct-2507,q4gab3,centre,abany,0.1,0.023102310231023077
Qwen3-4B-Instruct-2507,q4gab3,centre,letdie1,0.0,0.01980198019801982
Qwen3-4B-Instruct-2507,q4gab3,centre,suicide1,0.03,0.013201320132013167
Qwen3-4B-Instruct-2507,q4gab3,centre,suicide2,0.22999999999999998,0.02640264026402639
Qwen3-4B-Instruct-2507,q4gab3,centre,suicide3,0.03,0.023102310231023118
Qwen3-4B-Instruct-2507,q4gab3,centre,suicide4,0.03,0.019801980198019764
Qwen3-4B-Instruct-2507,q4gab3,centre,pornlaw,0.14999999999999997,0.03630363036303632
Qwen3-4B-Instruct-2507,q4gab3,centre,fair,0.06999999999999999,0.07590759075907594
Qwen3-4B-Instruct-2507,q4gab3,centre,helpful,0.09999999999999998,0.039603960396039584
Qwen3-4B-Instruct-2507,q4gab3,centre,trust,0.08000000000000002,0.04950495049504955
Qwen3-4B-Instruct-2507,q4gab3,centre,tax,0.020000000000000018,0.016501650165016493
Qwen3-4B-Instruct-2507,q4gab3,centre,vote16,0.029999999999999985,0.03300330033003297
Qwen3-4B-Instruct-2507,q4gab3,centre,pres16,0.09999999999999999,0.02970297029702971
Qwen3-4B-Instruct-2507,q4gab3,centre,if16who,0.08000000000000003,0.013201320132013222
Qwen3-4B-Instruct-2507,q4gab3,centre,news,0.0,0.0363036303630363
Qwen3-4B-Instruct-2507,q4gab3,centre,jew,0.08,0.08580858085808578
Qwen3-4B-Instruct-2507,q4gab3,centre,relig16*,0.020000000000000004,0.066006600660066
Qwen3-4B-Instruct-2507,q4gab3,centre,jew16*,0.10999999999999999,0.05610561056105612
Qwen3-4B-Instruct-2507,q4gab3,centre,pray,0.07999999999999999,0.02310231023102309
Qwen3-4B-Instruct-2507,q4gab3,centre,postlife,0.06999999999999998,0.03630363036303631
Qwen3-4B-Instruct-2507,q4gab3,centre,bible,0.1,0.04290429042904287
Qwen3-4B-Instruct-2507,q4gab3,centre,reborn,0.0,0.006600660066006597
Qwen3-4B-Instruct-2507,q4gab3,centre,savesoul,0.03,0.01650165016501648
Qwen3-4B-Instruct-2507,q4gab3,centre,granborn,0.1,0.023102310231023142
Qwen3-4B-Instruct-2507,q4gab3,centre,uscitzn*,0.10000000000000003,0.003300330033003265
Qwen3-4B-Instruct-2507,q4gab3,centre,fucitzn,0.13,0.00990099009900996
Qwen3-4B-Instruct-2507,q4gab3,centre,mnthsusa,0.020000000000000018,0.006600660066006585
Qwen3-4B-Instruct-2507,q4gab3,centre,othlang,0.03,0.006600660066006583
Qwen3-4B-Instruct-2507,q4gab3,centre,health,0.04999999999999999,0.056105610561056105
Qwen3-4B-Instruct-2507,q4gab3,centre,compuse*,0.0,0.026402640264026393
Qwen3-4B-Instruct-2507,q4gab3,centre,webmob,0.040000000000000015,0.01980198019801992
Qwen3-4B-Instruct-2507,q4gab3,centre,xmovie,0.060000000000000026,0.03300330033003304
Qwen3-4B-Instruct-2507,q4gab3,centre,usewww*,0.0,0.003300330033003375
Qwen3-4B-Instruct-2507,q4gab3,centre,life,0.0,0.03960396039603964
Qwen3-4B-Instruct-2507,q4gab3,centre,richwork,0.0,0.01650165016501648
Qwen3-4B-Instruct-2507,q4gab3,droite,natspac/y,0.11,0.021084337349397533
Qwen3-4B-Instruct-2507,q4gab3,droite,natenvir/y,0.040000000000000036,0.03313253012048198
Qwen3-4B-Instruct-2507,q4gab3,droite,natheal/y,0.11,0.04819277108433733
Qwen3-4B-Instruct-2507,q4gab3,droite,natcity/y,0.040000000000000036,0.030120481927710815
Qwen3-4B-Instruct-2507,q4gab3,droite,natdrug/y,0.040000000000000036,0.04518072289156631
Qwen3-4B-Instruct-2507,q4gab3,droite,nateduc/y,0.18,0.009036144578313282
Qwen3-4B-Instruct-2507,q4gab3,droite,natrace/y,0.07,0.021084337349397575
Qwen3-4B-Instruct-2507,q4gab3,droite,natarms/y,0.18,0.036144578313252976
Qwen3-4B-Instruct-2507,q4gab3,droite,nataid/y,0.040000000000000036,0.018072289156626453
Qwen3-4B-Instruct-2507,q4gab3,droite,natfare/y,0.040000000000000036,0.009036144578313199
Qwen3-4B-Instruct-2507,q4gab3,droite,natroad,0.18,0.03915662650602406
Qwen3-4B-Instruct-2507,q4gab3,droite,natsoc,0.08000000000000003,0.015060240963855366
Qwen3-4B-Instruct-2507,q4gab3,droite,natmass,0.11,0.015060240963855456
Qwen3-4B-Instruct-2507,q4gab3,droite,natpark,0.12,0.02108433734939756
Qwen3-4B-Instruct-2507,q4gab3,droite,natchld,0.08000000000000003,0.042168674698795205
Qwen3-4B-Instruct-2507,q4gab3,droite,natsci,0.08000000000000003,0.009036144578313227
Qwen3-4B-Instruct-2507,q4gab3,droite,natenrgy,0.0,0.036144578313253045
Qwen3-4B-Instruct-2507,q4gab3,droite,uswary,0.0,0.01204819277108432
Qwen3-4B-Instruct-2507,q4gab3,droite,prayer,0.03,0.02710843373493979
Qwen3-4B-Instruct-2507,q4gab3,droite,courts,0.18,0.030120481927710843
Qwen3-4B-Instruct-2507,q4gab3,droite,discaffw,0.02000000000000001,0.04216867469879528
Qwen3-4B-Instruct-2507,q4gab3,droite,discaffm,0.02000000000000001,0.07228915662650601
Qwen3-4B-Instruct-2507,q4gab3,droite,fehire,0.05000000000000002,0.0512048192771084
Qwen3-4B-Instruct-2507,q4gab3,droite,fechld,0.0,0.045180722891566244
Qwen3-4B-Instruct-2507,q4gab3,droite,fepresch,0.0,0.04216867469879516
Qwen3-4B-Instruct-2507,q4gab3,droite,fefam,0.03,0.01204819277108439
Qwen3-4B-Instruct-2507,q4gab3,droite,fepol,0.0,0.06927710843373494
Qwen3-4B-Instruct-2507,q4gab3,droite,mobile16,0.07000000000000003,0.006024096385542188
Qwen3-4B-Instruct-2507,q4gab3,droite,incom16,0.09999999999999998,0.048192771084337394
Qwen3-4B-Instruct-2507,q4gab3,droite,dwelown16,0.27,0.006024096385542223
Qwen3-4B-Instruct-2507,q4gab3,droite,divorced,0.030000000000000013,0.012048192771084376
Qwen3-4B-Instruct-2507,q4gab3,droite,posslq/y,0.2,0.015060240963855397
Qwen3-4B-Instruct-2507,q4gab3,droite,evwork,0.030000000000000027,0.006024096385542219
Qwen3-4B-Instruct-2507,q4gab3,droite,wrkgovt1,0.1,0.0030120481927710524
Qwen3-4B-Instruct-2507,q4gab3,droite,wrkgovt2,0.10000000000000003,0.006024096385542216
Qwen3-4B-Instruct-2507,q4gab3,droite,partfull,0.07000000000000003,0.027108433734939777
Qwen3-4B-Instruct-2507,q4gab3,droite,wksub1,0.05,0.03614457831325299
Qwen3-4B-Instruct-2507,q4gab3,droite,wksup1,0.13000000000000006,0.04819277108433735
Qwen3-4B-Instruct-2507,q4gab3,droite,conarmy,0.04999999999999996,0.02710843373493982
Qwen3-4B-Instruct-2507,q4gab3,droite,conbus,0.15000000000000002,0.033132530120481965
Qwen3-4B-Instruct-2507,q4gab3,droite,conclerg,0.04999999999999996,0.006024096385542091
Qwen3-4B-Instruct-2507,q4gab3,droite,coneduc,0.0,0.054216867469879484
Qwen3-4B-Instruct-2507,q4gab3,droite,confed,0.04999999999999996,0.024096385542168683
Qwen3-4B-Instruct-2507,q4gab3,droite,confinan,0.04999999999999996,0.021084337349397575
Qwen3-4B-Instruct-2507,q4gab3,droite,conjudge,0.05000000000000002,0.015060240963855373
Qwen3-4B-Instruct-2507,q4gab3,droite,conlabor,0.05000000000000002,0.04819277108433737
Qwen3-4B-Instruct-2507,q4gab3,droite,conlegis,0.15000000000000002,0.012048192771084324
Qwen3-4B-Instruct-2507,q4gab3,droite,conmedic,0.04999999999999996,0.03313253012048191
Qwen3-4B-Instruct-2507,q4gab3,droite,conpress,0.0,0.030120481927710874
Qwen3-4B-Instruct-2507,q4gab3,droite,consci,0.04999999999999996,0.045180722891566286
Qwen3-4B-Instruct-2507,q4gab3,droite,contv,0.0,0.027108433734939756
Qwen3-4B-Instruct-2507,q4gab3,droite,joblose,0.09999999999999998,0.03915662650602417
Qwen3-4B-Instruct-2507,q4gab3,droite,jobfind,0.030000000000000027,0.03012048192771094
Qwen3-4B-Instruct-2507,q4gab3,droite,happy,0.1,0.06325301204819275
Qwen3-4B-Instruct-2507,q4gab3,droite,hapmar,0.06999999999999998,0.027108433734939794
Qwen3-4B-Instruct-2507,q4gab3,droite,satjob,0.16000000000000003,0.04819277108433736
Qwen3-4B-Instruct-2507,q4gab3,droite,spdeg*,0.19999999999999998,0.018072289156626505
Qwen3-4B-Instruct-2507,q4gab3,droite,spjew,0.15000000000000002,0.03313253012048185
Qwen3-4B-Instruct-2507,q4gab3,droite,spfund,0.25,0.027108433734939753
Qwen3-4B-Instruct-2507,q4gab3,droite,unemp,0.0,0.05421686746987947
Qwen3-4B-Instruct-2507,q4gab3,droite,union1,0.09999999999999999,0.006024096385542111
Qwen3-4B-Instruct-2507,q4gab3,droite,spkath/y,0.24000000000000002,0.00602409638554216
Qwen3-4B-Instruct-2507,q4gab3,droite,colath,0.07999999999999999,0.02409638554216867
Qwen3-4B-Instruct-2507,q4gab3,droite,spkrac/y,0.27,0.060240963855421686
Qwen3-4B-Instruct-2507,q4gab3,droite,colrac,0.07999999999999999,0.01807228915662651
Qwen3-4B-Instruct-2507,q4gab3,droite,librac/y,0.30000000000000004,0.01204819277108432
Qwen3-4B-Instruct-2507,q4gab3,droite,spkcom/y,0.07999999999999999,0.054216867469879554
Qwen3-4B-Instruct-2507,q4gab3,droite,colcom/y,0.03999999999999995,0.009036144578313282
Qwen3-4B-Instruct-2507,q4gab3,droite,libcom/y,0.0,0.030120481927710885
Qwen3-4B-Instruct-2507,q4gab3,droite,spkhomo/y,0.07000000000000003,0.01506024096385545
Qwen3-4B-Instruct-2507,q4gab3,droite,colhomo,0.019999999999999962,0.009036144578313282
Qwen3-4B-Instruct-2507,q4gab3,droite,libhomo/y,0.0,0.02409638554216867
Qwen3-4B-Instruct-2507,q4gab3,droite,cappun,0.030000000000000013,0.01204819277108439
Qwen3-4B-Instruct-2507,q4gab3,droite,polhitok/y,0.030000000000000013,0.01807228915662651
Qwen3-4B-Instruct-2507,q4gab3,droite,polabuse/y,0.07999999999999999,0.009036144578313275
Qwen3-4B-Instruct-2507,q4gab3,droite,polattak/y,0.030000000000000013,0.036144578313253045
Qwen3-4B-Instruct-2507,q4gab3,droite,grass,0.0,0.009036144578313227
Qwen3-4B-Instruct-2507,q4gab3,droite,gunlaw,0.16999999999999998,0.03915662650602411
Qwen3-4B-Instruct-2507,q4gab3,droite,owngun,0.0,0.021084337349397547
Qwen3-4B-Instruct-2507,q4gab3,droite,hunt1,0.08000000000000002,0.012048192771084362
Qwen3-4B-Instruct-2507,q4gab3,droite,class,0.1,0.051204819277108383
Qwen3-4B-Instruct-2507,q4gab3,droite,satfin,0.10000000000000003,0.07530120481927705
Qwen3-4B-Instruct-2507,q4gab3,droite,finalter,0.020000000000000004,0.04216867469879515
Qwen3-4B-Instruct-2507,q4gab3,droite,finrela,0.09999999999999998,0.054216867469879505
Qwen3-4B-Instruct-2507,q4gab3,droite,racdif1,0.06999999999999998,0.009036144578313268
Qwen3-4B-Instruct-2507,q4gab3,droite,racdif2,0.1,0.027108433734939735
Qwen3-4B-Instruct-2507,q4gab3,droite,racdif3,0.0,0.015060240963855456
Qwen3-4B-Instruct-2507,q4gab3,droite,racdif4,0.0,0.01807228915662651
Qwen3-4B-Instruct-2507,q4gab3,droite,wlthwhts,0.25,0.06024096385542168
Qwen3-4B-Instruct-2507,q4gab3,droite,wlthhsps,0.2772725,0.0271084337349397
Qwen3-4B-Instruct-2507,q4gab3,droite,racwork,0.21000000000000002,0.039156626506024056
Qwen3-4B-Instruct-2507,q4gab3,droite,letin1a,0.08,0.03012048192771089
Qwen3-4B-Instruct-2507,q4gab3,droite,getahead,0.12999999999999995,0.05120481927710842
Qwen3-4B-Instruct-2507,q4gab3,droite,aged,0.14999999999999997,0.07530120481927706
Qwen3-4B-Instruct-2507,q4gab3,droite,parsol,0.030000000000000027,0.04819277108433747
Qwen3-4B-Instruct-2507,q4gab3,droite,kidssol,0.14999999999999997,0.018072289156626505
Qwen3-4B-Instruct-2507,q4gab3,droite,spanking,0.029999999999999985,0.027108433734939784
Qwen3-4B-Instruct-2507,q4gab3,droite,divlaw,0.030000000000000013,0.024096385542168752
Qwen3-4B-Instruct-2507,q4gab3,droite,sexeduc,0.030000000000000013,0.003012048192771094
Qwen3-4B-Instruct-2507,q4gab3,droite,pillok,0.05000000000000002,0.02409638554216867
Qwen3-4B-Instruct-2507,q4gab3,droite,xmarsex,0.33,0.024096385542168655
Qwen3-4B-Instruct-2507,q4gab3,droite,homosex,0.1,0.04518072289156626
Qwen3-4B-Instruct-2507,q4gab3,droite,marhomo,0.1,0.03915662650602405
Qwen3-4B-Instruct-2507,q4gab3,droite,discaff,0.12000000000000001,0.01807228915662651
Qwen3-4B-Instruct-2507,q4gab3,droite,abdefect,0.0,0.009036144578313282
Qwen3-4B-Instruct-2507,q4gab3,droite,abnomore,0.0,0.02409638554216867
Qwen3-4B-Instruct-2507,q4gab3,droite,abhlth,0.07999999999999999,0.003012048192771115
Qwen3-4B-Instruct-2507,q4gab3,droite,abpoor,0.0,0.033132530120481896
Qwen3-4B-Instruct-2507,q4gab3,droite,abrape,0.0,0.009036144578313282
Qwen3-4B-Instruct-2507,q4gab3,droite,absingle,0.0,0.01807228915662648
Qwen3-4B-Instruct-2507,q4gab3,droite,abany,0.0,0.0
Qwen3-4B-Instruct-2507,q4gab3,droite,letdie1,0.019999999999999962,0.015060240963855415
Qwen3-4B-Instruct-2507,q4gab3,droite,suicide1,0.07999999999999999,0.006024096385542105
Qwen3-4B-Instruct-2507,q4gab3,droite,suicide2,0.020000000000000004,0.003012048192771108
Qwen3-4B-Instruct-2507,q4gab3,droite,suicide3,0.030000000000000013,0.003012048192771108
Qwen3-4B-Instruct-2507,q4gab3,droite,suicide4,0.13,0.00602409638554223
Qwen3-4B-Instruct-2507,q4gab3,droite,pornlaw,0.17,0.06325301204819284
Qwen3-4B-Instruct-2507,q4gab3,droite,fair,0.040000000000000036,0.06626506024096379
Qwen3-4B-Instruct-2507,q4gab3,droite,helpful,0.08000000000000002,0.045180722891566244
Qwen3-4B-Instruct-2507,q4gab3,droite,trust,0.08000000000000002,0.05722891566265058
Qwen3-4B-Instruct-2507,q4gab3,droite,tax,0.030000000000000027,0.003012048192771094
Qwen3-4B-Instruct-2507,q4gab3,droite,vote16,0.07000000000000003,0.021084337349397613
Qwen3-4B-Instruct-2507,q4gab3,droite,pres16,0.16999999999999996,0.015060240963855432
Qwen3-4B-Instruct-2507,q4gab3,droite,if16who,0.0,0.003012048192771101
Qwen3-4B-Instruct-2507,q4gab3,droite,news,0.06999999999999999,0.03915662650602406
Qwen3-4B-Instruct-2507,q4gab3,droite,relig16*,0.049999999999999996,0.02710843373493972
Qwen3-4B-Instruct-2507,q4gab3,droite,jew16*,0.25,0.01807228915662649
Qwen3-4B-Instruct-2507,q4gab3,droite,pray,0.19999999999999998,0.03915662650602411
Qwen3-4B-Instruct-2507,q4gab3,droite,postlife,0.13,0.021084337349397617
Qwen3-4B-Instruct-2507,q4gab3,droite,bible,0.050000000000000024,0.012048192771084348
Qwen3-4B-Instruct-2507,q4gab3,droite,reborn,0.04999999999999996,0.02710843373493972
Qwen3-4B-Instruct-2507,q4gab3,droite,savesoul,0.0,0.01807228915662651
Qwen3-4B-Instruct-2507,q4gab3,droite,granborn,0.060416500000000026,0.060240963855421645
Qwen3-4B-Instruct-2507,q4gab3,droite,uscitzn*,0.0,0.003012048192771167
Qwen3-4B-Instruct-2507,q4gab3,droite,fucitzn,0.13000000000000003,0.00602409638554215
Qwen3-4B-Instruct-2507,q4gab3,droite,mnthsusa,0.19999999999999998,0.006024096385542122
Qwen3-4B-Instruct-2507,q4gab3,droite,othlang,0.030000000000000013,0.0030120481927710524
Qwen3-4B-Instruct-2507,q4gab3,droite,health,0.0,0.04819277108433736
Qwen3-4B-Instruct-2507,q4gab3,droite,compuse*,0.0,0.009036144578313227
Qwen3-4B-Instruct-2507,q4gab3,droite,webmob,0.10999999999999999,0.003012048192771056
Qwen3-4B-Instruct-2507,q4gab3,droite,xmovie,0.0,0.039156626506024056
Qwen3-4B-Instruct-2507,q4gab3,droite,usewww*,0.0,0.003012048192771167
Qwen3-4B-Instruct-2507,q4gab3,droite,life,0.04999999999999999,0.05120481927710846
Qwen3-4B-Instruct-2507,q4gab3,droite,richwork,0.030000000000000027,0.009036144578313227
