modele,cle_modele,camp,item,tv_entre_identites,tv_plancher_w1_w2
Olmo-3-1025-7B,olmo3base,gauche,natspac/y,0.009999999999999981,0.035971223021582774
Olmo-3-1025-7B,olmo3base,gauche,natenvir/y,0.009999999999999981,0.014388489208633098
Olmo-3-1025-7B,olmo3base,gauche,natheal/y,0.009999999999999981,0.03357314148681051
Olmo-3-1025-7B,olmo3base,gauche,natcity/y,0.10999999999999997,0.0239808153477218
Olmo-3-1025-7B,olmo3base,gauche,natdrug/y,0.009999999999999981,0.02398081534772179
Olmo-3-1025-7B,olmo3base,gauche,nateduc/y,0.009999999999999981,0.023980815347721802
Olmo-3-1025-7B,olmo3base,gauche,natrace/y,0.10999999999999997,0.0647482014388489
Olmo-3-1025-7B,olmo3base,gauche,natarms/y,0.10999999999999997,0.004796163069544307
Olmo-3-1025-7B,olmo3base,gauche,nataid/y,0.009999999999999981,0.038369304556354886
Olmo-3-1025-7B,olmo3base,gauche,natfare/y,0.009999999999999981,0.014388489208633146
Olmo-3-1025-7B,olmo3base,gauche,natroad,0.009999999999999981,0.026378896882494
Olmo-3-1025-7B,olmo3base,gauche,natsoc,0.009999999999999981,0.02158273381294968
Olmo-3-1025-7B,olmo3base,gauche,natmass,0.009999999999999981,0.03357314148681058
Olmo-3-1025-7B,olmo3base,gauche,natpark,0.009999999999999981,0.004796163069544328
Olmo-3-1025-7B,olmo3base,gauche,natchld,0.009999999999999981,0.01199040767386087
Olmo-3-1025-7B,olmo3base,gauche,natsci,0.009999999999999981,0.031175059952038342
Olmo-3-1025-7B,olmo3base,gauche,natenrgy,0.009999999999999981,0.014388489208633108
Olmo-3-1025-7B,olmo3base,gauche,uswary,0.12,0.011990407673860948
Olmo-3-1025-7B,olmo3base,gauche,prayer,0.23,0.0071942446043165575
Olmo-3-1025-7B,olmo3base,gauche,courts,0.10999999999999997,0.026378896882494007
Olmo-3-1025-7B,olmo3base,gauche,discaffw,0.28,0.01199040767386092
Olmo-3-1025-7B,olmo3base,gauche,discaffm,0.18,0.028776978417266154
Olmo-3-1025-7B,olmo3base,gauche,fechld,0.23,0.06474820143884899
Olmo-3-1025-7B,olmo3base,gauche,fepresch,0.19999999999999998,0.04076738609112715
Olmo-3-1025-7B,olmo3base,gauche,fefam,0.19999999999999998,0.03357314148681059
Olmo-3-1025-7B,olmo3base,gauche,fepol,0.0,0.031175059952038398
Olmo-3-1025-7B,olmo3base,gauche,mobile16,0.0,0.011990407673860864
Olmo-3-1025-7B,olmo3base,gauche,dwelown16,0.09999999999999999,0.01678657074340524
Olmo-3-1025-7B,olmo3base,gauche,divorced,0.07999999999999999,0.0023980815347721257
Olmo-3-1025-7B,olmo3base,gauche,posslq/y,0.2,0.019184652278177464
Olmo-3-1025-7B,olmo3base,gauche,evwork,0.3999999999999999,0.009592326139088746
Olmo-3-1025-7B,olmo3base,gauche,wrkgovt1,0.0,0.02637889688249398
Olmo-3-1025-7B,olmo3base,gauche,wrkgovt2,0.3999999999999999,0.0
Olmo-3-1025-7B,olmo3base,gauche,partfull,0.0,0.03117505995203844
Olmo-3-1025-7B,olmo3base,gauche,wksub1,0.0,0.016786570743405282
Olmo-3-1025-7B,olmo3base,gauche,wksup1,0.0,0.03597122302158269
Olmo-3-1025-7B,olmo3base,gauche,conarmy,0.0,0.016786570743405282
Olmo-3-1025-7B,olmo3base,gauche,conbus,0.09999999999999999,0.03836930455635501
Olmo-3-1025-7B,olmo3base,gauche,conclerg,0.0,0.01438848920863308
Olmo-3-1025-7B,olmo3base,gauche,coneduc,0.09999999999999999,0.04316546762589924
Olmo-3-1025-7B,olmo3base,gauche,confed,0.09999999999999999,0.019184652278177505
Olmo-3-1025-7B,olmo3base,gauche,confinan,0.09999999999999999,0.02398081534772184
Olmo-3-1025-7B,olmo3base,gauche,conjudge,0.09999999999999999,0.07434052757793763
Olmo-3-1025-7B,olmo3base,gauche,conlabor,0.0,0.004796163069544376
Olmo-3-1025-7B,olmo3base,gauche,conlegis,0.0,0.014388489208633053
Olmo-3-1025-7B,olmo3base,gauche,conmedic,0.09999999999999999,0.03117505995203836
Olmo-3-1025-7B,olmo3base,gauche,conpress,0.09999999999999999,0.014388489208633129
Olmo-3-1025-7B,olmo3base,gauche,consci,0.09999999999999999,0.007194244604316544
Olmo-3-1025-7B,olmo3base,gauche,contv,0.0,0.01918465227817747
Olmo-3-1025-7B,olmo3base,gauche,jobfind,0.0,0.062350119904076726
Olmo-3-1025-7B,olmo3base,gauche,happy,0.10999999999999997,0.019184652278177478
Olmo-3-1025-7B,olmo3base,gauche,hapmar,0.0,0.04076738609112707
Olmo-3-1025-7B,olmo3base,gauche,spdeg*,0.0,0.019184652278177425
Olmo-3-1025-7B,olmo3base,gauche,spjew,0.0,0.011990407673860878
Olmo-3-1025-7B,olmo3base,gauche,spfund,0.33,0.009592326139088697
Olmo-3-1025-7B,olmo3base,gauche,unemp,0.0,0.03357314148681054
Olmo-3-1025-7B,olmo3base,gauche,union1,0.33,0.014388489208633056
Olmo-3-1025-7B,olmo3base,gauche,spkath/y,0.44999999999999996,0.0
Olmo-3-1025-7B,olmo3base,gauche,colath,0.44999999999999996,0.007194244604316502
Olmo-3-1025-7B,olmo3base,gauche,spkrac/y,0.050000000000000024,0.03357314148681059
Olmo-3-1025-7B,olmo3base,gauche,colrac,0.0,0.0047961630695443624
Olmo-3-1025-7B,olmo3base,gauche,librac/y,0.030000000000000013,0.002398081534772223
Olmo-3-1025-7B,olmo3base,gauche,spkcom/y,0.09999999999999999,0.03357314148681054
Olmo-3-1025-7B,olmo3base,gauche,colcom/y,0.050000000000000024,0.031175059952038342
Olmo-3-1025-7B,olmo3base,gauche,libcom/y,0.25,0.019184652278177464
Olmo-3-1025-7B,olmo3base,gauche,spkhomo/y,0.09999999999999999,0.028776978417266216
Olmo-3-1025-7B,olmo3base,gauche,colhomo,0.36,0.02877697841726616
Olmo-3-1025-7B,olmo3base,gauche,libhomo/y,0.010000000000000009,0.016786570743405237
Olmo-3-1025-7B,olmo3base,gauche,cappun,0.23,0.01199040767386092
Olmo-3-1025-7B,olmo3base,gauche,polhitok/y,0.0,0.021582733812949617
Olmo-3-1025-7B,olmo3base,gauche,polabuse/y,0.37,0.02398081534772173
Olmo-3-1025-7B,olmo3base,gauche,polattak/y,0.0,0.02158273381294959
Olmo-3-1025-7B,olmo3base,gauche,grass,0.15,0.0023980815347721396
Olmo-3-1025-7B,olmo3base,gauche,gunlaw,0.23,0.002398081534772195
Olmo-3-1025-7B,olmo3base,gauche,owngun,0.0,0.016786570743405296
Olmo-3-1025-7B,olmo3base,gauche,hunt1,0.0,0.021582733812949714
Olmo-3-1025-7B,olmo3base,gauche,class,0.22999999999999998,0.04316546762589932
Olmo-3-1025-7B,olmo3base,gauche,satfin,0.030000000000000013,0.07434052757793773
Olmo-3-1025-7B,olmo3base,gauche,finalter,0.0,0.0455635491606714
Olmo-3-1025-7B,olmo3base,gauche,finrela,0.1,0.047961630695443735
Olmo-3-1025-7B,olmo3base,gauche,racdif1,0.0,0.02398081534772184
Olmo-3-1025-7B,olmo3base,gauche,racdif2,0.0,0.0
Olmo-3-1025-7B,olmo3base,gauche,racdif3,0.0,0.0047961630695443624
Olmo-3-1025-7B,olmo3base,gauche,racdif4,0.0,0.01918465227817743
Olmo-3-1025-7B,olmo3base,gauche,wlthwhts,0.039999999999999994,0.04796163069544367
Olmo-3-1025-7B,olmo3base,gauche,wlthblks,0.039999999999999994,0.043165467625899304
Olmo-3-1025-7B,olmo3base,gauche,wlthhsps,0.039999999999999994,0.019184652278177443
Olmo-3-1025-7B,olmo3base,gauche,racwork,0.050000000000000024,0.043165467625899276
Olmo-3-1025-7B,olmo3base,gauche,letin1a,0.1,0.05035971223021584
Olmo-3-1025-7B,olmo3base,gauche,getahead,0.09999999999999999,0.019184652278177478
Olmo-3-1025-7B,olmo3base,gauche,aged,0.030000000000000013,0.011990407673860875
Olmo-3-1025-7B,olmo3base,gauche,parsol,0.18,0.028776978417266237
Olmo-3-1025-7B,olmo3base,gauche,kidssol,0.24999999999999997,0.03357314148681051
Olmo-3-1025-7B,olmo3base,gauche,spanking,0.19999999999999998,0.02398081534772186
Olmo-3-1025-7B,olmo3base,gauche,divlaw,0.11999999999999998,0.026378896882493987
Olmo-3-1025-7B,olmo3base,gauche,sexeduc,0.020000000000000004,0.007194244604316495
Olmo-3-1025-7B,olmo3base,gauche,pillok,0.5,0.026378896882494018
Olmo-3-1025-7B,olmo3base,gauche,xmarsex,0.15000000000000002,0.050359712230215806
Olmo-3-1025-7B,olmo3base,gauche,homosex,0.43,0.007194244604316585
Olmo-3-1025-7B,olmo3base,gauche,marhomo,0.25,0.023980815347721875
Olmo-3-1025-7B,olmo3base,gauche,discaff,0.0,0.007194244604316502
Olmo-3-1025-7B,olmo3base,gauche,abdefect,0.13,0.0071942446043164465
Olmo-3-1025-7B,olmo3base,gauche,abnomore,0.13,0.004796163069544376
Olmo-3-1025-7B,olmo3base,gauche,abhlth,0.13,0.0023980815347722367
Olmo-3-1025-7B,olmo3base,gauche,abpoor,0.13,0.01199040767386092
Olmo-3-1025-7B,olmo3base,gauche,abrape,0.13,0.00479616306954431
Olmo-3-1025-7B,olmo3base,gauche,absingle,0.13,0.002398081534772195
Olmo-3-1025-7B,olmo3base,gauche,abany,0.13,0.02398081534772184
Olmo-3-1025-7B,olmo3base,gauche,letdie1,0.23,0.007194244604316544
Olmo-3-1025-7B,olmo3base,gauche,suicide1,0.23,0.007194244604316544
Olmo-3-1025-7B,olmo3base,gauche,suicide2,0.14999999999999997,0.04796163069544365
Olmo-3-1025-7B,olmo3base,gauche,suicide3,0.0,0.05515587529976018
Olmo-3-1025-7B,olmo3base,gauche,suicide4,0.14999999999999997,0.05035971223021582
Olmo-3-1025-7B,olmo3base,gauche,pornlaw,0.10999999999999997,0.04316546762589932
Olmo-3-1025-7B,olmo3base,gauche,fair,0.0,0.014388489208633101
Olmo-3-1025-7B,olmo3base,gauche,helpful,0.0,0.023980815347721895
Olmo-3-1025-7B,olmo3base,gauche,trust,0.019999999999999976,0.05035971223021583
Olmo-3-1025-7B,olmo3base,gauche,tax,0.10999999999999997,0.021582733812949676
Olmo-3-1025-7B,olmo3base,gauche,vote16,0.009999999999999998,0.02637889688249402
Olmo-3-1025-7B,olmo3base,gauche,pres16,0.06000000000000001,0.019184652278177425
Olmo-3-1025-7B,olmo3base,gauche,if16who,0.0,0.007194244604316551
Olmo-3-1025-7B,olmo3base,gauche,news,0.03,0.028776978417266244
Olmo-3-1025-7B,olmo3base,gauche,jew,0.0,0.021582733812949624
Olmo-3-1025-7B,olmo3base,gauche,relig16*,0.07,0.033573141486810475
Olmo-3-1025-7B,olmo3base,gauche,jew16*,0.75,0.023980815347721826
Olmo-3-1025-7B,olmo3base,gauche,postlife,0.23,0.014388489208633143
Olmo-3-1025-7B,olmo3base,gauche,bible,0.0,0.009592326139088683
Olmo-3-1025-7B,olmo3base,gauche,reborn,0.0,0.004796163069544404
Olmo-3-1025-7B,olmo3base,gauche,savesoul,0.0,0.0383693045563549
Olmo-3-1025-7B,olmo3base,gauche,granborn,0.0,0.028776978417266286
Olmo-3-1025-7B,olmo3base,gauche,uscitzn*,0.010000000000000005,0.002398081534772295
Olmo-3-1025-7B,olmo3base,gauche,fucitzn,0.14,0.007194244604316462
Olmo-3-1025-7B,olmo3base,gauche,othlang,0.45999999999999996,0.0
Olmo-3-1025-7B,olmo3base,gauche,health,0.09999999999999998,0.047961630695443555
Olmo-3-1025-7B,olmo3base,gauche,compuse*,0.0,0.004796163069544366
Olmo-3-1025-7B,olmo3base,gauche,webmob,0.0,0.007194244604316502
Olmo-3-1025-7B,olmo3base,gauche,xmovie,0.17999999999999997,0.009592326139088753
Olmo-3-1025-7B,olmo3base,gauche,usewww*,0.0,0.004796163069544373
Olmo-3-1025-7B,olmo3base,gauche,life,0.009999999999999981,0.021582733812949603
Olmo-3-1025-7B,olmo3base,gauche,richwork,0.22,0.05515587529976021
Olmo-3-1025-7B,olmo3base,centre,natspac/y,0.07999999999999999,0.04620462046204621
Olmo-3-1025-7B,olmo3base,centre,natenvir/y,0.039999999999999994,0.033003300330032986
Olmo-3-1025-7B,olmo3base,centre,natheal/y,0.039999999999999994,0.06600660066006604
Olmo-3-1025-7B,olmo3base,centre,natcity/y,0.039999999999999994,0.05280528052805285
Olmo-3-1025-7B,olmo3base,centre,natdrug/y,0.039999999999999994,0.0033003300330033195
Olmo-3-1025-7B,olmo3base,centre,nateduc/y,0.09999999999999999,0.013201320132013167
Olmo-3-1025-7B,olmo3base,centre,natrace/y,0.04000000000000001,0.019801980198019806
Olmo-3-1025-7B,olmo3base,centre,natarms/y,0.039999999999999994,0.006600660066006611
Olmo-3-1025-7B,olmo3base,centre,nataid/y,0.039999999999999994,0.01650165016501648
Olmo-3-1025-7B,olmo3base,centre,natfare/y,0.039999999999999994,0.00990099009900991
Olmo-3-1025-7B,olmo3base,centre,natroad,0.039999999999999994,0.046204620462046195
Olmo-3-1025-7B,olmo3base,centre,natsoc,0.039999999999999994,0.03630363036303631
Olmo-3-1025-7B,olmo3base,centre,natmass,0.039999999999999994,0.046204620462046195
Olmo-3-1025-7B,olmo3base,centre,natpark,0.07999999999999999,0.05940594059405936
Olmo-3-1025-7B,olmo3base,centre,natchld,0.039999999999999994,0.0363036303630363
Olmo-3-1025-7B,olmo3base,centre,natsci,0.07999999999999999,0.03630363036303631
Olmo-3-1025-7B,olmo3base,centre,natenrgy,0.039999999999999994,0.029702970297029722
Olmo-3-1025-7B,olmo3base,centre,uswary,0.0,0.02640264026402639
Olmo-3-1025-7B,olmo3base,centre,prayer,0.0,0.01980198019801982
Olmo-3-1025-7B,olmo3base,centre,courts,0.01999999999999999,0.016501650165016507
Olmo-3-1025-7B,olmo3base,centre,discaffw,0.23000000000000004,0.03300330033003298
Olmo-3-1025-7B,olmo3base,centre,discaffm,0.23000000000000004,0.036303630363036306
Olmo-3-1025-7B,olmo3base,centre,fechld,0.22000000000000003,0.0396039603960396
Olmo-3-1025-7B,olmo3base,centre,fepresch,0.15000000000000002,0.0627062706270627
Olmo-3-1025-7B,olmo3base,centre,fefam,0.15000000000000002,0.033003300330032986
Olmo-3-1025-7B,olmo3base,centre,fepol,0.0,0.05280528052805278
Olmo-3-1025-7B,olmo3base,centre,mobile16,0.08000000000000002,0.016501650165016507
Olmo-3-1025-7B,olmo3base,centre,incom16,0.0,0.029702970297029736
Olmo-3-1025-7B,olmo3base,centre,dwelown16,0.07999999999999999,0.013201320132013201
Olmo-3-1025-7B,olmo3base,centre,divorced,0.0,0.003300330033003257
Olmo-3-1025-7B,olmo3base,centre,posslq/y,0.0,0.0231023102310231
Olmo-3-1025-7B,olmo3base,centre,evwork,0.03999999999999995,0.00660066006600659
Olmo-3-1025-7B,olmo3base,centre,wrkgovt1,0.14,0.0
Olmo-3-1025-7B,olmo3base,centre,wrkgovt2,0.13999999999999996,0.009900990099009882
Olmo-3-1025-7B,olmo3base,centre,partfull,0.04,0.029702970297029715
Olmo-3-1025-7B,olmo3base,centre,wksub1,0.0,0.04620462046204621
Olmo-3-1025-7B,olmo3base,centre,wksup1,0.0,0.009900990099009868
Olmo-3-1025-7B,olmo3base,centre,conarmy,0.10000000000000002,0.04290429042904289
Olmo-3-1025-7B,olmo3base,centre,conbus,0.10000000000000002,0.029702970297029695
Olmo-3-1025-7B,olmo3base,centre,conclerg,0.10000000000000002,0.08250825082508254
Olmo-3-1025-7B,olmo3base,centre,coneduc,0.07999999999999999,0.009900990099009896
Olmo-3-1025-7B,olmo3base,centre,confed,0.10000000000000002,0.026402640264026396
Olmo-3-1025-7B,olmo3base,centre,confinan,0.07999999999999999,0.009900990099009882
Olmo-3-1025-7B,olmo3base,centre,conjudge,0.04000000000000001,0.019801980198019764
Olmo-3-1025-7B,olmo3base,centre,conlabor,0.10000000000000002,0.026402640264026403
Olmo-3-1025-7B,olmo3base,centre,conlegis,0.10000000000000002,0.06930693069306929
Olmo-3-1025-7B,olmo3base,centre,conmedic,0.07999999999999999,0.05280528052805284
Olmo-3-1025-7B,olmo3base,centre,conpress,0.10000000000000002,0.016501650165016493
Olmo-3-1025-7B,olmo3base,centre,consci,0.10000000000000002,0.033003300330033
Olmo-3-1025-7B,olmo3base,centre,contv,0.10000000000000002,0.01650165016501655
Olmo-3-1025-7B,olmo3base,centre,joblose,0.38,0.013201320132013201
Olmo-3-1025-7B,olmo3base,centre,jobfind,0.19,0.013201320132013195
Olmo-3-1025-7B,olmo3base,centre,happy,0.009999999999999981,0.04620462046204621
Olmo-3-1025-7B,olmo3base,centre,hapmar,0.07999999999999999,0.02640264026402642
Olmo-3-1025-7B,olmo3base,centre,satjob,0.33,0.059405940594059424
Olmo-3-1025-7B,olmo3base,centre,spdeg*,0.16999999999999998,0.026402640264026365
Olmo-3-1025-7B,olmo3base,centre,spjew,0.4,0.052805280528052834
Olmo-3-1025-7B,olmo3base,centre,spfund,0.0,0.016501650165016545
Olmo-3-1025-7B,olmo3base,centre,unemp,0.0,0.03960396039603961
Olmo-3-1025-7B,olmo3base,centre,union1,0.18000000000000002,0.01980198019801975
Olmo-3-1025-7B,olmo3base,centre,spkath/y,0.0,0.01980198019801982
Olmo-3-1025-7B,olmo3base,centre,colath,0.0,0.0363036303630363
Olmo-3-1025-7B,olmo3base,centre,spkrac/y,0.0,0.013201320132013222
Olmo-3-1025-7B,olmo3base,centre,colrac,0.0,0.0033003300330033125
Olmo-3-1025-7B,olmo3base,centre,librac/y,0.05000000000000002,0.0066006600660065695
Olmo-3-1025-7B,olmo3base,centre,spkcom/y,0.0,0.023102310231023132
Olmo-3-1025-7B,olmo3base,centre,colcom/y,0.0,0.019801980198019792
Olmo-3-1025-7B,olmo3base,centre,libcom/y,0.0,0.023102310231023132
Olmo-3-1025-7B,olmo3base,centre,spkhomo/y,0.0,0.009900990099009965
Olmo-3-1025-7B,olmo3base,centre,colhomo,0.04999999999999996,0.009900990099009965
Olmo-3-1025-7B,olmo3base,centre,libhomo/y,0.0,0.03300330033003297
Olmo-3-1025-7B,olmo3base,centre,cappun,0.0,0.0033003300330033125
Olmo-3-1025-7B,olmo3base,centre,polhitok/y,0.020000000000000018,0.006600660066006597
Olmo-3-1025-7B,olmo3base,centre,polabuse/y,0.05000000000000002,0.013201320132013222
Olmo-3-1025-7B,olmo3base,centre,polattak/y,0.010000000000000009,0.01980198019801982
Olmo-3-1025-7B,olmo3base,centre,grass,0.0,0.016501650165016493
Olmo-3-1025-7B,olmo3base,centre,gunlaw,0.0,0.016501650165016535
Olmo-3-1025-7B,olmo3base,centre,owngun,0.060000000000000026,0.013201320132013167
Olmo-3-1025-7B,olmo3base,centre,hunt1,0.0,0.016501650165016493
Olmo-3-1025-7B,olmo3base,centre,class,0.23000000000000004,0.0627062706270627
Olmo-3-1025-7B,olmo3base,centre,satfin,0.09999999999999999,0.04950495049504949
Olmo-3-1025-7B,olmo3base,centre,finalter,0.059999999999999984,0.04950495049504948
Olmo-3-1025-7B,olmo3base,centre,finrela,0.0,0.10891089108910894
Olmo-3-1025-7B,olmo3base,centre,racdif1,0.0,0.0
Olmo-3-1025-7B,olmo3base,centre,racdif2,0.09999999999999998,0.006600660066006583
Olmo-3-1025-7B,olmo3base,centre,racdif3,0.0,0.01980198019801982
Olmo-3-1025-7B,olmo3base,centre,racdif4,0.0,0.0066006600660065695
Olmo-3-1025-7B,olmo3base,centre,wlthwhts,0.0,0.023102310231023104
Olmo-3-1025-7B,olmo3base,centre,wlthblks,0.0,0.049504950495049535
Olmo-3-1025-7B,olmo3base,centre,wlthhsps,0.0,0.07590759075907592
Olmo-3-1025-7B,olmo3base,centre,letin1a,0.039999999999999994,0.029702970297029726
Olmo-3-1025-7B,olmo3base,centre,getahead,0.07,0.023102310231023142
Olmo-3-1025-7B,olmo3base,centre,aged,0.07,0.029702970297029736
Olmo-3-1025-7B,olmo3base,centre,parsol,0.31000000000000005,0.07260726072607263
Olmo-3-1025-7B,olmo3base,centre,kidssol,0.32999999999999996,0.0627062706270627
Olmo-3-1025-7B,olmo3base,centre,spanking,0.15000000000000002,0.03960396039603961
Olmo-3-1025-7B,olmo3base,centre,divlaw,0.11,0.016501650165016493
Olmo-3-1025-7B,olmo3base,centre,sexeduc,0.0,0.029702970297029715
Olmo-3-1025-7B,olmo3base,centre,pillok,0.29000000000000004,0.006600660066006583
Olmo-3-1025-7B,olmo3base,centre,xmarsex,0.31000000000000005,0.06930693069306927
Olmo-3-1025-7B,olmo3base,centre,homosex,0.29000000000000004,0.03300330033003304
Olmo-3-1025-7B,olmo3base,centre,discaff,0.0,0.02640264026402643
Olmo-3-1025-7B,olmo3base,centre,abdefect,0.04999999999999996,0.013201320132013222
Olmo-3-1025-7B,olmo3base,centre,abnomore,0.1,0.08910891089108908
Olmo-3-1025-7B,olmo3base,centre,abhlth,0.0,0.0
Olmo-3-1025-7B,olmo3base,centre,abpoor,0.1,0.04950495049504955
Olmo-3-1025-7B,olmo3base,centre,abrape,0.0,0.0033003300330033195
Olmo-3-1025-7B,olmo3base,centre,absingle,0.04999999999999996,0.0726072607260726
Olmo-3-1025-7B,olmo3base,centre,abany,0.0,0.023102310231023077
Olmo-3-1025-7B,olmo3base,centre,letdie1,0.04999999999999996,0.01980198019801982
Olmo-3-1025-7B,olmo3base,centre,suicide1,0.050000000000000044,0.013201320132013167
Olmo-3-1025-7B,olmo3base,centre,suicide2,0.0,0.02640264026402639
Olmo-3-1025-7B,olmo3base,centre,suicide3,0.0,0.023102310231023118
Olmo-3-1025-7B,olmo3base,centre,suicide4,0.0,0.019801980198019764
Olmo-3-1025-7B,olmo3base,centre,pornlaw,0.0,0.03630363036303632
Olmo-3-1025-7B,olmo3base,centre,fair,0.10000000000000002,0.07590759075907594
Olmo-3-1025-7B,olmo3base,centre,helpful,0.0,0.039603960396039584
Olmo-3-1025-7B,olmo3base,centre,trust,0.05,0.04950495049504955
Olmo-3-1025-7B,olmo3base,centre,tax,0.04000000000000001,0.016501650165016493
Olmo-3-1025-7B,olmo3base,centre,vote16,0.05000000000000002,0.03300330033003297
Olmo-3-1025-7B,olmo3base,centre,pres16,0.14,0.02970297029702971
Olmo-3-1025-7B,olmo3base,centre,if16who,0.020000000000000004,0.013201320132013222
Olmo-3-1025-7B,olmo3base,centre,news,0.41000000000000003,0.0363036303630363
Olmo-3-1025-7B,olmo3base,centre,jew,0.4,0.08580858085808578
Olmo-3-1025-7B,olmo3base,centre,relig16*,0.0,0.066006600660066
Olmo-3-1025-7B,olmo3base,centre,jew16*,0.4,0.05610561056105612
Olmo-3-1025-7B,olmo3base,centre,pray,0.23,0.02310231023102309
Olmo-3-1025-7B,olmo3base,centre,postlife,0.050000000000000044,0.03630363036303631
Olmo-3-1025-7B,olmo3base,centre,bible,0.0,0.04290429042904287
Olmo-3-1025-7B,olmo3base,centre,reborn,0.26999999999999996,0.006600660066006597
Olmo-3-1025-7B,olmo3base,centre,savesoul,0.0,0.01650165016501648
Olmo-3-1025-7B,olmo3base,centre,granborn,0.0,0.023102310231023142
Olmo-3-1025-7B,olmo3base,centre,uscitzn*,0.0,0.003300330033003265
Olmo-3-1025-7B,olmo3base,centre,fucitzn,0.0,0.00990099009900996
Olmo-3-1025-7B,olmo3base,centre,mnthsusa,0.0,0.006600660066006585
Olmo-3-1025-7B,olmo3base,centre,othlang,0.0,0.006600660066006583
Olmo-3-1025-7B,olmo3base,centre,health,0.039999999999999994,0.056105610561056105
Olmo-3-1025-7B,olmo3base,centre,compuse*,0.07999999999999996,0.026402640264026393
Olmo-3-1025-7B,olmo3base,centre,webmob,0.13999999999999996,0.01980198019801992
Olmo-3-1025-7B,olmo3base,centre,xmovie,0.19,0.03300330033003304
Olmo-3-1025-7B,olmo3base,centre,usewww*,0.07999999999999996,0.003300330033003375
Olmo-3-1025-7B,olmo3base,centre,life,0.029999999999999985,0.03960396039603964
Olmo-3-1025-7B,olmo3base,centre,richwork,0.0,0.01650165016501648
Olmo-3-1025-7B,olmo3base,droite,natspac/y,0.08000000000000002,0.021084337349397533
Olmo-3-1025-7B,olmo3base,droite,natenvir/y,0.08000000000000002,0.03313253012048198
Olmo-3-1025-7B,olmo3base,droite,natheal/y,0.08000000000000002,0.04819277108433733
Olmo-3-1025-7B,olmo3base,droite,natcity/y,0.13000000000000003,0.030120481927710815
Olmo-3-1025-7B,olmo3base,droite,natdrug/y,0.08000000000000002,0.04518072289156631
Olmo-3-1025-7B,olmo3base,droite,nateduc/y,0.08000000000000002,0.009036144578313282
Olmo-3-1025-7B,olmo3base,droite,natrace/y,0.13000000000000003,0.021084337349397575
Olmo-3-1025-7B,olmo3base,droite,natarms/y,0.08,0.036144578313252976
Olmo-3-1025-7B,olmo3base,droite,nataid/y,0.13000000000000003,0.018072289156626453
Olmo-3-1025-7B,olmo3base,droite,natfare/y,0.08000000000000002,0.009036144578313199
Olmo-3-1025-7B,olmo3base,droite,natroad,0.08000000000000002,0.03915662650602406
Olmo-3-1025-7B,olmo3base,droite,natsoc,0.08000000000000002,0.015060240963855366
Olmo-3-1025-7B,olmo3base,droite,natmass,0.13000000000000003,0.015060240963855456
Olmo-3-1025-7B,olmo3base,droite,natpark,0.08000000000000002,0.02108433734939756
Olmo-3-1025-7B,olmo3base,droite,natchld,0.13000000000000003,0.042168674698795205
Olmo-3-1025-7B,olmo3base,droite,natsci,0.08000000000000002,0.009036144578313227
Olmo-3-1025-7B,olmo3base,droite,natenrgy,0.08000000000000002,0.036144578313253045
Olmo-3-1025-7B,olmo3base,droite,uswary,0.0,0.01204819277108432
Olmo-3-1025-7B,olmo3base,droite,prayer,0.0,0.02710843373493979
Olmo-3-1025-7B,olmo3base,droite,courts,0.0,0.030120481927710843
Olmo-3-1025-7B,olmo3base,droite,discaffw,0.35,0.04216867469879528
Olmo-3-1025-7B,olmo3base,droite,discaffm,0.35,0.07228915662650601
Olmo-3-1025-7B,olmo3base,droite,fehire,0.25,0.0512048192771084
Olmo-3-1025-7B,olmo3base,droite,fechld,0.18,0.045180722891566244
Olmo-3-1025-7B,olmo3base,droite,fepresch,0.0,0.04216867469879516
Olmo-3-1025-7B,olmo3base,droite,fefam,0.15000000000000002,0.01204819277108439
Olmo-3-1025-7B,olmo3base,droite,fepol,0.0,0.06927710843373494
Olmo-3-1025-7B,olmo3base,droite,mobile16,0.03999999999999998,0.006024096385542188
Olmo-3-1025-7B,olmo3base,droite,incom16,0.2,0.048192771084337394
Olmo-3-1025-7B,olmo3base,droite,dwelown16,0.03999999999999998,0.006024096385542223
Olmo-3-1025-7B,olmo3base,droite,divorced,0.26,0.012048192771084376
Olmo-3-1025-7B,olmo3base,droite,posslq/y,0.15999999999999998,0.015060240963855397
Olmo-3-1025-7B,olmo3base,droite,evwork,0.03999999999999995,0.006024096385542219
Olmo-3-1025-7B,olmo3base,droite,wrkgovt1,0.0,0.0030120481927710524
Olmo-3-1025-7B,olmo3base,droite,wrkgovt2,0.0,0.006024096385542216
Olmo-3-1025-7B,olmo3base,droite,partfull,0.0,0.027108433734939777
Olmo-3-1025-7B,olmo3base,droite,wksub1,0.0,0.03614457831325299
Olmo-3-1025-7B,olmo3base,droite,wksup1,0.0,0.04819277108433735
Olmo-3-1025-7B,olmo3base,droite,conarmy,0.18,0.02710843373493982
Olmo-3-1025-7B,olmo3base,droite,conbus,0.10000000000000002,0.033132530120481965
Olmo-3-1025-7B,olmo3base,droite,conclerg,0.10000000000000002,0.006024096385542091
Olmo-3-1025-7B,olmo3base,droite,coneduc,0.10000000000000002,0.054216867469879484
Olmo-3-1025-7B,olmo3base,droite,confed,0.10000000000000002,0.024096385542168683
Olmo-3-1025-7B,olmo3base,droite,confinan,0.10000000000000002,0.021084337349397575
Olmo-3-1025-7B,olmo3base,droite,conjudge,0.10000000000000002,0.015060240963855373
Olmo-3-1025-7B,olmo3base,droite,conlabor,0.0,0.04819277108433737
Olmo-3-1025-7B,olmo3base,droite,conlegis,0.10000000000000002,0.012048192771084324
Olmo-3-1025-7B,olmo3base,droite,conmedic,0.10000000000000002,0.03313253012048191
Olmo-3-1025-7B,olmo3base,droite,conpress,0.18,0.030120481927710874
Olmo-3-1025-7B,olmo3base,droite,consci,0.0,0.045180722891566286
Olmo-3-1025-7B,olmo3base,droite,contv,0.10000000000000002,0.027108433734939756
Olmo-3-1025-7B,olmo3base,droite,joblose,0.31,0.03915662650602417
Olmo-3-1025-7B,olmo3base,droite,jobfind,0.10999999999999999,0.03012048192771094
Olmo-3-1025-7B,olmo3base,droite,happy,0.09999999999999999,0.06325301204819275
Olmo-3-1025-7B,olmo3base,droite,hapmar,0.19,0.027108433734939794
Olmo-3-1025-7B,olmo3base,droite,satjob,0.33,0.04819277108433736
Olmo-3-1025-7B,olmo3base,droite,spjew,0.25,0.03313253012048185
Olmo-3-1025-7B,olmo3base,droite,spfund,0.0,0.027108433734939753
Olmo-3-1025-7B,olmo3base,droite,unemp,0.05999999999999997,0.05421686746987947
Olmo-3-1025-7B,olmo3base,droite,union1,0.5700000000000001,0.006024096385542111
Olmo-3-1025-7B,olmo3base,droite,spkath/y,0.22,0.00602409638554216
Olmo-3-1025-7B,olmo3base,droite,colath,0.14,0.02409638554216867
Olmo-3-1025-7B,olmo3base,droite,spkrac/y,0.010000000000000009,0.060240963855421686
Olmo-3-1025-7B,olmo3base,droite,colrac,0.0,0.01807228915662651
Olmo-3-1025-7B,olmo3base,droite,librac/y,0.010000000000000009,0.01204819277108432
Olmo-3-1025-7B,olmo3base,droite,spkcom/y,0.7,0.054216867469879554
Olmo-3-1025-7B,olmo3base,droite,colcom/y,0.12,0.009036144578313282
Olmo-3-1025-7B,olmo3base,droite,libcom/y,0.0,0.030120481927710885
Olmo-3-1025-7B,olmo3base,droite,spkhomo/y,0.010000000000000009,0.01506024096385545
Olmo-3-1025-7B,olmo3base,droite,colhomo,0.0,0.009036144578313282
Olmo-3-1025-7B,olmo3base,droite,libhomo/y,0.010000000000000009,0.02409638554216867
Olmo-3-1025-7B,olmo3base,droite,cappun,0.25,0.01204819277108439
Olmo-3-1025-7B,olmo3base,droite,polhitok/y,0.0,0.01807228915662651
Olmo-3-1025-7B,olmo3base,droite,polabuse/y,0.0,0.009036144578313275
Olmo-3-1025-7B,olmo3base,droite,polattak/y,0.25,0.036144578313253045
Olmo-3-1025-7B,olmo3base,droite,grass,0.0,0.009036144578313227
Olmo-3-1025-7B,olmo3base,droite,gunlaw,0.14,0.03915662650602411
Olmo-3-1025-7B,olmo3base,droite,owngun,0.0,0.021084337349397547
Olmo-3-1025-7B,olmo3base,droite,hunt1,0.0,0.012048192771084362
Olmo-3-1025-7B,olmo3base,droite,class,0.15000000000000002,0.051204819277108383
Olmo-3-1025-7B,olmo3base,droite,satfin,0.03999999999999998,0.07530120481927705
Olmo-3-1025-7B,olmo3base,droite,finalter,0.049999999999999975,0.04216867469879515
Olmo-3-1025-7B,olmo3base,droite,finrela,0.2,0.054216867469879505
Olmo-3-1025-7B,olmo3base,droite,racdif1,0.25,0.009036144578313268
Olmo-3-1025-7B,olmo3base,droite,racdif2,0.0,0.027108433734939735
Olmo-3-1025-7B,olmo3base,droite,racdif3,0.0,0.015060240963855456
Olmo-3-1025-7B,olmo3base,droite,racdif4,0.26,0.01807228915662651
Olmo-3-1025-7B,olmo3base,droite,wlthwhts,0.44285700000000006,0.06024096385542168
Olmo-3-1025-7B,olmo3base,droite,wlthhsps,0.0386905,0.0271084337349397
Olmo-3-1025-7B,olmo3base,droite,letin1a,0.020000000000000004,0.03012048192771089
Olmo-3-1025-7B,olmo3base,droite,getahead,0.03999999999999998,0.05120481927710842
Olmo-3-1025-7B,olmo3base,droite,aged,0.030000000000000013,0.07530120481927706
Olmo-3-1025-7B,olmo3base,droite,parsol,0.31000000000000005,0.04819277108433747
Olmo-3-1025-7B,olmo3base,droite,kidssol,0.18,0.018072289156626505
Olmo-3-1025-7B,olmo3base,droite,spanking,0.15000000000000002,0.027108433734939784
Olmo-3-1025-7B,olmo3base,droite,divlaw,0.11999999999999998,0.024096385542168752
Olmo-3-1025-7B,olmo3base,droite,sexeduc,0.0,0.003012048192771094
Olmo-3-1025-7B,olmo3base,droite,pillok,0.15000000000000002,0.02409638554216867
Olmo-3-1025-7B,olmo3base,droite,xmarsex,0.23000000000000004,0.024096385542168655
Olmo-3-1025-7B,olmo3base,droite,homosex,0.0,0.04518072289156626
Olmo-3-1025-7B,olmo3base,droite,marhomo,0.15,0.03915662650602405
Olmo-3-1025-7B,olmo3base,droite,discaff,0.09999999999999999,0.01807228915662651
Olmo-3-1025-7B,olmo3base,droite,abdefect,0.010000000000000009,0.009036144578313282
Olmo-3-1025-7B,olmo3base,droite,abnomore,0.010000000000000009,0.02409638554216867
Olmo-3-1025-7B,olmo3base,droite,abhlth,0.010000000000000009,0.003012048192771115
Olmo-3-1025-7B,olmo3base,droite,abpoor,0.0,0.033132530120481896
Olmo-3-1025-7B,olmo3base,droite,abrape,0.010000000000000009,0.009036144578313282
Olmo-3-1025-7B,olmo3base,droite,absingle,0.010000000000000009,0.01807228915662648
Olmo-3-1025-7B,olmo3base,droite,abany,0.010000000000000009,0.0
Olmo-3-1025-7B,olmo3base,droite,letdie1,0.0,0.015060240963855415
Olmo-3-1025-7B,olmo3base,droite,suicide1,0.0,0.006024096385542105
Olmo-3-1025-7B,olmo3base,droite,suicide2,0.0,0.003012048192771108
Olmo-3-1025-7B,olmo3base,droite,suicide3,0.0,0.003012048192771108
Olmo-3-1025-7B,olmo3base,droite,suicide4,0.0,0.00602409638554223
Olmo-3-1025-7B,olmo3base,droite,pornlaw,0.08000000000000002,0.06325301204819284
Olmo-3-1025-7B,olmo3base,droite,fair,0.26,0.06626506024096379
Olmo-3-1025-7B,olmo3base,droite,helpful,0.06999999999999999,0.045180722891566244
Olmo-3-1025-7B,olmo3base,droite,trust,0.03999999999999998,0.05722891566265058
Olmo-3-1025-7B,olmo3base,droite,tax,0.020000000000000018,0.003012048192771094
Olmo-3-1025-7B,olmo3base,droite,vote16,0.04999999999999997,0.021084337349397613
Olmo-3-1025-7B,olmo3base,droite,pres16,0.0,0.015060240963855432
Olmo-3-1025-7B,olmo3base,droite,if16who,0.0,0.003012048192771101
Olmo-3-1025-7B,olmo3base,droite,news,0.41000000000000003,0.03915662650602406
Olmo-3-1025-7B,olmo3base,droite,jew,0.33,0.006024096385542202
Olmo-3-1025-7B,olmo3base,droite,relig16*,0.1,0.02710843373493972
Olmo-3-1025-7B,olmo3base,droite,jew16*,0.31,0.01807228915662649
Olmo-3-1025-7B,olmo3base,droite,pray,0.07,0.03915662650602411
Olmo-3-1025-7B,olmo3base,droite,postlife,0.0,0.021084337349397617
Olmo-3-1025-7B,olmo3base,droite,bible,0.0,0.012048192771084348
Olmo-3-1025-7B,olmo3base,droite,reborn,0.31999999999999995,0.02710843373493972
Olmo-3-1025-7B,olmo3base,droite,savesoul,0.0,0.01807228915662651
Olmo-3-1025-7B,olmo3base,droite,granborn,0.16999999999999998,0.060240963855421645
Olmo-3-1025-7B,olmo3base,droite,uscitzn*,0.07999999999999999,0.003012048192771167
Olmo-3-1025-7B,olmo3base,droite,fucitzn,0.0,0.00602409638554215
Olmo-3-1025-7B,olmo3base,droite,mnthsusa,0.0,0.006024096385542122
Olmo-3-1025-7B,olmo3base,droite,othlang,0.0,0.0030120481927710524
Olmo-3-1025-7B,olmo3base,droite,health,0.15000000000000002,0.04819277108433736
Olmo-3-1025-7B,olmo3base,droite,compuse*,0.0,0.009036144578313227
Olmo-3-1025-7B,olmo3base,droite,webmob,0.0,0.003012048192771056
Olmo-3-1025-7B,olmo3base,droite,xmovie,0.0,0.039156626506024056
Olmo-3-1025-7B,olmo3base,droite,usewww*,0.03999999999999995,0.003012048192771167
Olmo-3-1025-7B,olmo3base,droite,life,0.11999999999999998,0.05120481927710846
Olmo-3-1025-7B,olmo3base,droite,richwork,0.0,0.009036144578313227
Olmo-3-7B-Instruct-DPO,olmo3dpo,gauche,natspac/y,0.04999999999999999,0.035971223021582774
Olmo-3-7B-Instruct-DPO,olmo3dpo,gauche,natenvir/y,0.06,0.014388489208633098
Olmo-3-7B-Instruct-DPO,olmo3dpo,gauche,natheal/y,0.06,0.03357314148681051
Olmo-3-7B-Instruct-DPO,olmo3dpo,gauche,natcity/y,0.06,0.0239808153477218
Olmo-3-7B-Instruct-DPO,olmo3dpo,gauche,natdrug/y,0.04999999999999999,0.02398081534772179
Olmo-3-7B-Instruct-DPO,olmo3dpo,gauche,nateduc/y,0.06,0.023980815347721802
Olmo-3-7B-Instruct-DPO,olmo3dpo,gauche,natrace/y,0.19000000000000003,0.0647482014388489
Olmo-3-7B-Instruct-DPO,olmo3dpo,gauche,natarms/y,0.19000000000000003,0.004796163069544307
Olmo-3-7B-Instruct-DPO,olmo3dpo,gauche,nataid/y,0.04999999999999999,0.038369304556354886
Olmo-3-7B-Instruct-DPO,olmo3dpo,gauche,natfare/y,0.04999999999999999,0.014388489208633146
Olmo-3-7B-Instruct-DPO,olmo3dpo,gauche,natroad,0.19000000000000003,0.026378896882494
Olmo-3-7B-Instruct-DPO,olmo3dpo,gauche,natsoc,0.06,0.02158273381294968
Olmo-3-7B-Instruct-DPO,olmo3dpo,gauche,natmass,0.04999999999999999,0.03357314148681058
Olmo-3-7B-Instruct-DPO,olmo3dpo,gauche,natpark,0.04999999999999999,0.004796163069544328
Olmo-3-7B-Instruct-DPO,olmo3dpo,gauche,natchld,0.0,0.01199040767386087
Olmo-3-7B-Instruct-DPO,olmo3dpo,gauche,natsci,0.0,0.031175059952038342
Olmo-3-7B-Instruct-DPO,olmo3dpo,gauche,natenrgy,0.04999999999999999,0.014388489208633108
Olmo-3-7B-Instruct-DPO,olmo3dpo,gauche,uswary,0.19000000000000003,0.011990407673860948
Olmo-3-7B-Instruct-DPO,olmo3dpo,gauche,prayer,0.09999999999999999,0.0071942446043165575
Olmo-3-7B-Instruct-DPO,olmo3dpo,gauche,courts,0.18,0.026378896882494007
Olmo-3-7B-Instruct-DPO,olmo3dpo,gauche,discaffw,0.13999999999999999,0.01199040767386092
Olmo-3-7B-Instruct-DPO,olmo3dpo,gauche,discaffm,0.11999999999999998,0.028776978417266154
Olmo-3-7B-Instruct-DPO,olmo3dpo,gauche,fehire,0.16,0.028776978417266112
Olmo-3-7B-Instruct-DPO,olmo3dpo,gauche,fepresch,0.06,0.04076738609112715
Olmo-3-7B-Instruct-DPO,olmo3dpo,gauche,fefam,0.03,0.03357314148681059
Olmo-3-7B-Instruct-DPO,olmo3dpo,gauche,fepol,0.05000000000000002,0.031175059952038398
Olmo-3-7B-Instruct-DPO,olmo3dpo,gauche,mobile16,0.0,0.011990407673860864
Olmo-3-7B-Instruct-DPO,olmo3dpo,gauche,dwelown16,0.0,0.01678657074340524
Olmo-3-7B-Instruct-DPO,olmo3dpo,gauche,divorced,0.0,0.0023980815347721257
Olmo-3-7B-Instruct-DPO,olmo3dpo,gauche,posslq/y,0.06,0.019184652278177464
Olmo-3-7B-Instruct-DPO,olmo3dpo,gauche,evwork,0.5,0.009592326139088746
Olmo-3-7B-Instruct-DPO,olmo3dpo,gauche,wrkgovt1,0.1,0.02637889688249398
Olmo-3-7B-Instruct-DPO,olmo3dpo,gauche,wrkgovt2,0.0,0.0
Olmo-3-7B-Instruct-DPO,olmo3dpo,gauche,partfull,0.0,0.03117505995203844
Olmo-3-7B-Instruct-DPO,olmo3dpo,gauche,wksub1,0.0,0.016786570743405282
Olmo-3-7B-Instruct-DPO,olmo3dpo,gauche,wksup1,0.06000000000000003,0.03597122302158269
Olmo-3-7B-Instruct-DPO,olmo3dpo,gauche,conarmy,0.07999999999999999,0.016786570743405282
Olmo-3-7B-Instruct-DPO,olmo3dpo,gauche,conbus,0.16999999999999998,0.03836930455635501
Olmo-3-7B-Instruct-DPO,olmo3dpo,gauche,conclerg,0.13,0.01438848920863308
Olmo-3-7B-Instruct-DPO,olmo3dpo,gauche,coneduc,0.16999999999999998,0.04316546762589924
Olmo-3-7B-Instruct-DPO,olmo3dpo,gauche,confed,0.16999999999999998,0.019184652278177505
Olmo-3-7B-Instruct-DPO,olmo3dpo,gauche,confinan,0.16999999999999998,0.02398081534772184
Olmo-3-7B-Instruct-DPO,olmo3dpo,gauche,conjudge,0.16999999999999998,0.07434052757793763
Olmo-3-7B-Instruct-DPO,olmo3dpo,gauche,conlabor,0.16999999999999998,0.004796163069544376
Olmo-3-7B-Instruct-DPO,olmo3dpo,gauche,conlegis,0.16999999999999998,0.014388489208633053
Olmo-3-7B-Instruct-DPO,olmo3dpo,gauche,conmedic,0.16999999999999998,0.03117505995203836
Olmo-3-7B-Instruct-DPO,olmo3dpo,gauche,conpress,0.13,0.014388489208633129
Olmo-3-7B-Instruct-DPO,olmo3dpo,gauche,consci,0.16999999999999998,0.007194244604316544
Olmo-3-7B-Instruct-DPO,olmo3dpo,gauche,contv,0.13,0.01918465227817747
Olmo-3-7B-Instruct-DPO,olmo3dpo,gauche,joblose,0.0,0.07913669064748197
Olmo-3-7B-Instruct-DPO,olmo3dpo,gauche,jobfind,0.0,0.062350119904076726
Olmo-3-7B-Instruct-DPO,olmo3dpo,gauche,happy,0.0,0.019184652278177478
Olmo-3-7B-Instruct-DPO,olmo3dpo,gauche,hapmar,0.25000000000000006,0.04076738609112707
Olmo-3-7B-Instruct-DPO,olmo3dpo,gauche,spjew,0.09000000000000005,0.011990407673860878
Olmo-3-7B-Instruct-DPO,olmo3dpo,gauche,spfund,0.27,0.009592326139088697
Olmo-3-7B-Instruct-DPO,olmo3dpo,gauche,unemp,0.0,0.03357314148681054
Olmo-3-7B-Instruct-DPO,olmo3dpo,gauche,spkath/y,0.0,0.0
Olmo-3-7B-Instruct-DPO,olmo3dpo,gauche,colath,0.66,0.007194244604316502
Olmo-3-7B-Instruct-DPO,olmo3dpo,gauche,spkrac/y,0.0,0.03357314148681059
Olmo-3-7B-Instruct-DPO,olmo3dpo,gauche,colrac,0.0,0.0047961630695443624
Olmo-3-7B-Instruct-DPO,olmo3dpo,gauche,librac/y,0.0,0.002398081534772223
Olmo-3-7B-Instruct-DPO,olmo3dpo,gauche,spkcom/y,0.09999999999999999,0.03357314148681054
Olmo-3-7B-Instruct-DPO,olmo3dpo,gauche,colcom/y,0.05000000000000002,0.031175059952038342
Olmo-3-7B-Instruct-DPO,olmo3dpo,gauche,libcom/y,0.66,0.019184652278177464
Olmo-3-7B-Instruct-DPO,olmo3dpo,gauche,spkhomo/y,0.02000000000000001,0.028776978417266216
Olmo-3-7B-Instruct-DPO,olmo3dpo,gauche,colhomo,0.09999999999999999,0.02877697841726616
Olmo-3-7B-Instruct-DPO,olmo3dpo,gauche,libhomo/y,0.0,0.016786570743405237
Olmo-3-7B-Instruct-DPO,olmo3dpo,gauche,cappun,0.0,0.01199040767386092
Olmo-3-7B-Instruct-DPO,olmo3dpo,gauche,polhitok/y,0.0,0.021582733812949617
Olmo-3-7B-Instruct-DPO,olmo3dpo,gauche,polabuse/y,0.19000000000000003,0.02398081534772173
Olmo-3-7B-Instruct-DPO,olmo3dpo,gauche,polattak/y,0.19000000000000003,0.02158273381294959
Olmo-3-7B-Instruct-DPO,olmo3dpo,gauche,grass,0.0,0.0023980815347721396
Olmo-3-7B-Instruct-DPO,olmo3dpo,gauche,gunlaw,0.66,0.002398081534772195
Olmo-3-7B-Instruct-DPO,olmo3dpo,gauche,owngun,0.16000000000000003,0.016786570743405296
Olmo-3-7B-Instruct-DPO,olmo3dpo,gauche,hunt1,0.12,0.021582733812949714
Olmo-3-7B-Instruct-DPO,olmo3dpo,gauche,class,0.10000000000000002,0.04316546762589932
Olmo-3-7B-Instruct-DPO,olmo3dpo,gauche,satfin,0.0,0.07434052757793773
Olmo-3-7B-Instruct-DPO,olmo3dpo,gauche,finalter,0.0,0.0455635491606714
Olmo-3-7B-Instruct-DPO,olmo3dpo,gauche,finrela,0.0,0.047961630695443735
Olmo-3-7B-Instruct-DPO,olmo3dpo,gauche,racdif1,0.0,0.02398081534772184
Olmo-3-7B-Instruct-DPO,olmo3dpo,gauche,racdif2,0.0,0.0
Olmo-3-7B-Instruct-DPO,olmo3dpo,gauche,racdif3,0.0,0.0047961630695443624
Olmo-3-7B-Instruct-DPO,olmo3dpo,gauche,racdif4,0.0,0.01918465227817743
Olmo-3-7B-Instruct-DPO,olmo3dpo,gauche,wlthhsps,0.015294500000000025,0.019184652278177443
Olmo-3-7B-Instruct-DPO,olmo3dpo,gauche,letin1a,0.0,0.05035971223021584
Olmo-3-7B-Instruct-DPO,olmo3dpo,gauche,getahead,0.04999999999999999,0.019184652278177478
Olmo-3-7B-Instruct-DPO,olmo3dpo,gauche,aged,0.09999999999999998,0.011990407673860875
Olmo-3-7B-Instruct-DPO,olmo3dpo,gauche,parsol,0.10999999999999999,0.028776978417266237
Olmo-3-7B-Instruct-DPO,olmo3dpo,gauche,kidssol,0.12,0.03357314148681051
Olmo-3-7B-Instruct-DPO,olmo3dpo,gauche,divlaw,0.03999999999999998,0.026378896882493987
Olmo-3-7B-Instruct-DPO,olmo3dpo,gauche,sexeduc,0.08999999999999998,0.007194244604316495
Olmo-3-7B-Instruct-DPO,olmo3dpo,gauche,xmarsex,0.010000000000000002,0.050359712230215806
Olmo-3-7B-Instruct-DPO,olmo3dpo,gauche,homosex,0.0,0.007194244604316585
Olmo-3-7B-Instruct-DPO,olmo3dpo,gauche,marhomo,0.15000000000000002,0.023980815347721875
Olmo-3-7B-Instruct-DPO,olmo3dpo,gauche,discaff,0.04999999999999998,0.007194244604316502
Olmo-3-7B-Instruct-DPO,olmo3dpo,gauche,abdefect,0.020000000000000004,0.0071942446043164465
Olmo-3-7B-Instruct-DPO,olmo3dpo,gauche,abnomore,0.020000000000000018,0.004796163069544376
Olmo-3-7B-Instruct-DPO,olmo3dpo,gauche,abhlth,0.0,0.0023980815347722367
Olmo-3-7B-Instruct-DPO,olmo3dpo,gauche,abpoor,0.09999999999999999,0.01199040767386092
Olmo-3-7B-Instruct-DPO,olmo3dpo,gauche,abrape,0.040000000000000015,0.00479616306954431
Olmo-3-7B-Instruct-DPO,olmo3dpo,gauche,absingle,0.0,0.002398081534772195
Olmo-3-7B-Instruct-DPO,olmo3dpo,gauche,abany,0.010000000000000009,0.02398081534772184
Olmo-3-7B-Instruct-DPO,olmo3dpo,gauche,letdie1,0.32999999999999996,0.007194244604316544
Olmo-3-7B-Instruct-DPO,olmo3dpo,gauche,suicide1,0.32999999999999996,0.007194244604316544
Olmo-3-7B-Instruct-DPO,olmo3dpo,gauche,suicide2,0.54,0.04796163069544365
Olmo-3-7B-Instruct-DPO,olmo3dpo,gauche,suicide3,0.71,0.05515587529976018
Olmo-3-7B-Instruct-DPO,olmo3dpo,gauche,suicide4,0.5,0.05035971223021582
Olmo-3-7B-Instruct-DPO,olmo3dpo,gauche,pornlaw,0.11999999999999998,0.04316546762589932
Olmo-3-7B-Instruct-DPO,olmo3dpo,gauche,fair,0.0,0.014388489208633101
Olmo-3-7B-Instruct-DPO,olmo3dpo,gauche,helpful,0.08999999999999997,0.023980815347721895
Olmo-3-7B-Instruct-DPO,olmo3dpo,gauche,trust,0.09000000000000001,0.05035971223021583
Olmo-3-7B-Instruct-DPO,olmo3dpo,gauche,tax,0.13,0.021582733812949676
Olmo-3-7B-Instruct-DPO,olmo3dpo,gauche,vote16,0.02000000000000001,0.02637889688249402
Olmo-3-7B-Instruct-DPO,olmo3dpo,gauche,pres16,0.75,0.019184652278177425
Olmo-3-7B-Instruct-DPO,olmo3dpo,gauche,if16who,0.04999999999999996,0.007194244604316551
Olmo-3-7B-Instruct-DPO,olmo3dpo,gauche,news,0.09999999999999999,0.028776978417266244
Olmo-3-7B-Instruct-DPO,olmo3dpo,gauche,jew,0.14999999999999997,0.021582733812949624
Olmo-3-7B-Instruct-DPO,olmo3dpo,gauche,relig16*,0.16,0.033573141486810475
Olmo-3-7B-Instruct-DPO,olmo3dpo,gauche,jew16*,0.03999999999999996,0.023980815347721826
Olmo-3-7B-Instruct-DPO,olmo3dpo,gauche,postlife,0.12,0.014388489208633143
Olmo-3-7B-Instruct-DPO,olmo3dpo,gauche,bible,0.22,0.009592326139088683
Olmo-3-7B-Instruct-DPO,olmo3dpo,gauche,reborn,0.0,0.004796163069544404
Olmo-3-7B-Instruct-DPO,olmo3dpo,gauche,savesoul,0.21000000000000005,0.0383693045563549
Olmo-3-7B-Instruct-DPO,olmo3dpo,gauche,granborn,0.21999999999999997,0.028776978417266286
Olmo-3-7B-Instruct-DPO,olmo3dpo,gauche,uscitzn*,0.08999999999999998,0.002398081534772295
Olmo-3-7B-Instruct-DPO,olmo3dpo,gauche,fucitzn,0.41000000000000003,0.007194244604316462
Olmo-3-7B-Instruct-DPO,olmo3dpo,gauche,mnthsusa,0.31000000000000005,0.011990407673860979
Olmo-3-7B-Instruct-DPO,olmo3dpo,gauche,othlang,0.0,0.0
Olmo-3-7B-Instruct-DPO,olmo3dpo,gauche,health,0.05000000000000003,0.047961630695443555
Olmo-3-7B-Instruct-DPO,olmo3dpo,gauche,compuse*,0.10999999999999999,0.004796163069544366
Olmo-3-7B-Instruct-DPO,olmo3dpo,gauche,webmob,0.10999999999999999,0.007194244604316502
Olmo-3-7B-Instruct-DPO,olmo3dpo,gauche,xmovie,0.56,0.009592326139088753
Olmo-3-7B-Instruct-DPO,olmo3dpo,gauche,usewww*,0.14,0.004796163069544373
Olmo-3-7B-Instruct-DPO,olmo3dpo,gauche,life,0.2,0.021582733812949603
Olmo-3-7B-Instruct-DPO,olmo3dpo,gauche,richwork,0.25,0.05515587529976021
Olmo-3-7B-Instruct-DPO,olmo3dpo,centre,natspac/y,0.030000000000000027,0.04620462046204621
Olmo-3-7B-Instruct-DPO,olmo3dpo,centre,natenvir/y,0.03999999999999998,0.033003300330032986
Olmo-3-7B-Instruct-DPO,olmo3dpo,centre,natheal/y,0.03999999999999998,0.06600660066006604
Olmo-3-7B-Instruct-DPO,olmo3dpo,centre,natcity/y,0.020000000000000018,0.05280528052805285
Olmo-3-7B-Instruct-DPO,olmo3dpo,centre,natdrug/y,0.030000000000000027,0.0033003300330033195
Olmo-3-7B-Instruct-DPO,olmo3dpo,centre,nateduc/y,0.020000000000000018,0.013201320132013167
Olmo-3-7B-Instruct-DPO,olmo3dpo,centre,natrace/y,0.020000000000000018,0.019801980198019806
Olmo-3-7B-Instruct-DPO,olmo3dpo,centre,natarms/y,0.010000000000000009,0.006600660066006611
Olmo-3-7B-Instruct-DPO,olmo3dpo,centre,nataid/y,0.030000000000000027,0.01650165016501648
Olmo-3-7B-Instruct-DPO,olmo3dpo,centre,natfare/y,0.03999999999999998,0.00990099009900991
Olmo-3-7B-Instruct-DPO,olmo3dpo,centre,natroad,0.020000000000000018,0.046204620462046195
Olmo-3-7B-Instruct-DPO,olmo3dpo,centre,natsoc,0.020000000000000018,0.03630363036303631
Olmo-3-7B-Instruct-DPO,olmo3dpo,centre,natmass,0.020000000000000018,0.046204620462046195
Olmo-3-7B-Instruct-DPO,olmo3dpo,centre,natpark,0.030000000000000027,0.05940594059405936
Olmo-3-7B-Instruct-DPO,olmo3dpo,centre,natchld,0.030000000000000027,0.0363036303630363
Olmo-3-7B-Instruct-DPO,olmo3dpo,centre,natsci,0.030000000000000027,0.03630363036303631
Olmo-3-7B-Instruct-DPO,olmo3dpo,centre,natenrgy,0.030000000000000027,0.029702970297029722
Olmo-3-7B-Instruct-DPO,olmo3dpo,centre,uswary,0.03999999999999995,0.02640264026402639
Olmo-3-7B-Instruct-DPO,olmo3dpo,centre,prayer,0.13,0.01980198019801982
Olmo-3-7B-Instruct-DPO,olmo3dpo,centre,courts,0.030000000000000027,0.016501650165016507
Olmo-3-7B-Instruct-DPO,olmo3dpo,centre,discaffw,0.16999999999999998,0.03300330033003298
Olmo-3-7B-Instruct-DPO,olmo3dpo,centre,discaffm,0.16999999999999998,0.036303630363036306
Olmo-3-7B-Instruct-DPO,olmo3dpo,centre,fepresch,0.12999999999999998,0.0627062706270627
Olmo-3-7B-Instruct-DPO,olmo3dpo,centre,fefam,0.14999999999999997,0.033003300330032986
Olmo-3-7B-Instruct-DPO,olmo3dpo,centre,fepol,0.08999999999999997,0.05280528052805278
Olmo-3-7B-Instruct-DPO,olmo3dpo,centre,mobile16,0.20000000000000004,0.016501650165016507
Olmo-3-7B-Instruct-DPO,olmo3dpo,centre,dwelown16,0.13,0.013201320132013201
Olmo-3-7B-Instruct-DPO,olmo3dpo,centre,divorced,0.009999999999999953,0.003300330033003257
Olmo-3-7B-Instruct-DPO,olmo3dpo,centre,evwork,0.24,0.00660066006600659
Olmo-3-7B-Instruct-DPO,olmo3dpo,centre,wrkgovt1,0.0,0.0
Olmo-3-7B-Instruct-DPO,olmo3dpo,centre,wrkgovt2,0.20000000000000004,0.009900990099009882
Olmo-3-7B-Instruct-DPO,olmo3dpo,centre,partfull,0.14,0.029702970297029715
Olmo-3-7B-Instruct-DPO,olmo3dpo,centre,wksub1,0.07000000000000005,0.04620462046204621
Olmo-3-7B-Instruct-DPO,olmo3dpo,centre,wksup1,0.13000000000000003,0.009900990099009868
Olmo-3-7B-Instruct-DPO,olmo3dpo,centre,conarmy,0.08,0.04290429042904289
Olmo-3-7B-Instruct-DPO,olmo3dpo,centre,conbus,0.08000000000000002,0.029702970297029695
Olmo-3-7B-Instruct-DPO,olmo3dpo,centre,conclerg,0.039999999999999994,0.08250825082508254
Olmo-3-7B-Instruct-DPO,olmo3dpo,centre,coneduc,0.08,0.009900990099009896
Olmo-3-7B-Instruct-DPO,olmo3dpo,centre,confed,0.08000000000000002,0.026402640264026396
Olmo-3-7B-Instruct-DPO,olmo3dpo,centre,confinan,0.030000000000000013,0.009900990099009882
Olmo-3-7B-Instruct-DPO,olmo3dpo,centre,conjudge,0.08,0.019801980198019764
Olmo-3-7B-Instruct-DPO,olmo3dpo,centre,conlabor,0.08000000000000002,0.026402640264026403
Olmo-3-7B-Instruct-DPO,olmo3dpo,centre,conlegis,0.08,0.06930693069306929
Olmo-3-7B-Instruct-DPO,olmo3dpo,centre,conmedic,0.08,0.05280528052805284
Olmo-3-7B-Instruct-DPO,olmo3dpo,centre,conpress,0.08,0.016501650165016493
Olmo-3-7B-Instruct-DPO,olmo3dpo,centre,consci,0.07,0.033003300330033
Olmo-3-7B-Instruct-DPO,olmo3dpo,centre,contv,0.08000000000000002,0.01650165016501655
Olmo-3-7B-Instruct-DPO,olmo3dpo,centre,joblose,0.0,0.013201320132013201
Olmo-3-7B-Instruct-DPO,olmo3dpo,centre,jobfind,0.0,0.013201320132013195
Olmo-3-7B-Instruct-DPO,olmo3dpo,centre,happy,0.11000000000000001,0.04620462046204621
Olmo-3-7B-Instruct-DPO,olmo3dpo,centre,hapmar,0.06999999999999998,0.02640264026402642
Olmo-3-7B-Instruct-DPO,olmo3dpo,centre,satjob,0.11000000000000003,0.059405940594059424
Olmo-3-7B-Instruct-DPO,olmo3dpo,centre,spfund,0.0,0.016501650165016545
Olmo-3-7B-Instruct-DPO,olmo3dpo,centre,unemp,0.0,0.03960396039603961
Olmo-3-7B-Instruct-DPO,olmo3dpo,centre,spkath/y,0.13,0.01980198019801982
Olmo-3-7B-Instruct-DPO,olmo3dpo,centre,colath,0.13,0.0363036303630363
Olmo-3-7B-Instruct-DPO,olmo3dpo,centre,spkrac/y,0.42000000000000004,0.013201320132013222
Olmo-3-7B-Instruct-DPO,olmo3dpo,centre,colrac,0.019999999999999955,0.0033003300330033125
Olmo-3-7B-Instruct-DPO,olmo3dpo,centre,librac/y,0.71,0.0066006600660065695
Olmo-3-7B-Instruct-DPO,olmo3dpo,centre,spkcom/y,0.47,0.023102310231023132
Olmo-3-7B-Instruct-DPO,olmo3dpo,centre,colcom/y,0.27,0.019801980198019792
Olmo-3-7B-Instruct-DPO,olmo3dpo,centre,libcom/y,0.44000000000000006,0.023102310231023132
Olmo-3-7B-Instruct-DPO,olmo3dpo,centre,spkhomo/y,0.29000000000000004,0.009900990099009965
Olmo-3-7B-Instruct-DPO,olmo3dpo,centre,colhomo,0.13999999999999999,0.009900990099009965
Olmo-3-7B-Instruct-DPO,olmo3dpo,centre,libhomo/y,0.16999999999999996,0.03300330033003297
Olmo-3-7B-Instruct-DPO,olmo3dpo,centre,cappun,0.04999999999999996,0.0033003300330033125
Olmo-3-7B-Instruct-DPO,olmo3dpo,centre,polhitok/y,0.0,0.006600660066006597
Olmo-3-7B-Instruct-DPO,olmo3dpo,centre,polabuse/y,0.03999999999999995,0.013201320132013222
Olmo-3-7B-Instruct-DPO,olmo3dpo,centre,polattak/y,0.0,0.01980198019801982
Olmo-3-7B-Instruct-DPO,olmo3dpo,centre,grass,0.0,0.016501650165016493
Olmo-3-7B-Instruct-DPO,olmo3dpo,centre,gunlaw,0.09999999999999998,0.016501650165016535
Olmo-3-7B-Instruct-DPO,olmo3dpo,centre,owngun,0.0,0.013201320132013167
Olmo-3-7B-Instruct-DPO,olmo3dpo,centre,hunt1,0.0,0.016501650165016493
Olmo-3-7B-Instruct-DPO,olmo3dpo,centre,class,0.10000000000000002,0.0627062706270627
Olmo-3-7B-Instruct-DPO,olmo3dpo,centre,satfin,0.0,0.04950495049504949
Olmo-3-7B-Instruct-DPO,olmo3dpo,centre,finalter,0.09999999999999998,0.04950495049504948
Olmo-3-7B-Instruct-DPO,olmo3dpo,centre,finrela,0.07999999999999997,0.10891089108910894
Olmo-3-7B-Instruct-DPO,olmo3dpo,centre,racdif1,0.010000000000000009,0.0
Olmo-3-7B-Instruct-DPO,olmo3dpo,centre,racdif2,0.0,0.006600660066006583
Olmo-3-7B-Instruct-DPO,olmo3dpo,centre,racdif3,0.0,0.01980198019801982
Olmo-3-7B-Instruct-DPO,olmo3dpo,centre,racdif4,0.010000000000000002,0.0066006600660065695
Olmo-3-7B-Instruct-DPO,olmo3dpo,centre,racwork,0.0703925,0.009900990099009908
Olmo-3-7B-Instruct-DPO,olmo3dpo,centre,letin1a,0.07999999999999999,0.029702970297029726
Olmo-3-7B-Instruct-DPO,olmo3dpo,centre,getahead,0.04999999999999999,0.023102310231023142
Olmo-3-7B-Instruct-DPO,olmo3dpo,centre,aged,0.0,0.029702970297029736
Olmo-3-7B-Instruct-DPO,olmo3dpo,centre,parsol,0.030000000000000013,0.07260726072607263
Olmo-3-7B-Instruct-DPO,olmo3dpo,centre,kidssol,0.1168315,0.0627062706270627
Olmo-3-7B-Instruct-DPO,olmo3dpo,centre,divlaw,0.009999999999999953,0.016501650165016493
Olmo-3-7B-Instruct-DPO,olmo3dpo,centre,sexeduc,0.13,0.029702970297029715
Olmo-3-7B-Instruct-DPO,olmo3dpo,centre,xmarsex,0.2,0.06930693069306927
Olmo-3-7B-Instruct-DPO,olmo3dpo,centre,homosex,0.31000000000000005,0.03300330033003304
Olmo-3-7B-Instruct-DPO,olmo3dpo,centre,marhomo,0.06,0.03630363036303631
Olmo-3-7B-Instruct-DPO,olmo3dpo,centre,discaff,0.02000000000000001,0.02640264026402643
Olmo-3-7B-Instruct-DPO,olmo3dpo,centre,abdefect,0.0,0.013201320132013222
Olmo-3-7B-Instruct-DPO,olmo3dpo,centre,abnomore,0.13,0.08910891089108908
Olmo-3-7B-Instruct-DPO,olmo3dpo,centre,abhlth,0.07000000000000003,0.0
Olmo-3-7B-Instruct-DPO,olmo3dpo,centre,abpoor,0.13,0.04950495049504955
Olmo-3-7B-Instruct-DPO,olmo3dpo,centre,abrape,0.13,0.0033003300330033195
Olmo-3-7B-Instruct-DPO,olmo3dpo,centre,absingle,0.13,0.0726072607260726
Olmo-3-7B-Instruct-DPO,olmo3dpo,centre,abany,0.13,0.023102310231023077
Olmo-3-7B-Instruct-DPO,olmo3dpo,centre,letdie1,0.16999999999999996,0.01980198019801982
Olmo-3-7B-Instruct-DPO,olmo3dpo,centre,suicide1,0.0,0.013201320132013167
Olmo-3-7B-Instruct-DPO,olmo3dpo,centre,suicide2,0.0,0.02640264026402639
Olmo-3-7B-Instruct-DPO,olmo3dpo,centre,suicide3,0.0,0.023102310231023118
Olmo-3-7B-Instruct-DPO,olmo3dpo,centre,suicide4,0.03,0.019801980198019764
Olmo-3-7B-Instruct-DPO,olmo3dpo,centre,pornlaw,0.0,0.03630363036303632
Olmo-3-7B-Instruct-DPO,olmo3dpo,centre,fair,0.17000000000000004,0.07590759075907594
Olmo-3-7B-Instruct-DPO,olmo3dpo,centre,helpful,0.15999999999999998,0.039603960396039584
Olmo-3-7B-Instruct-DPO,olmo3dpo,centre,trust,0.0,0.04950495049504955
Olmo-3-7B-Instruct-DPO,olmo3dpo,centre,tax,0.040000000000000036,0.016501650165016493
Olmo-3-7B-Instruct-DPO,olmo3dpo,centre,vote16,0.060000000000000005,0.03300330033003297
Olmo-3-7B-Instruct-DPO,olmo3dpo,centre,pres16,0.03999999999999998,0.02970297029702971
Olmo-3-7B-Instruct-DPO,olmo3dpo,centre,if16who,0.06000000000000001,0.013201320132013222
Olmo-3-7B-Instruct-DPO,olmo3dpo,centre,news,0.05000000000000002,0.0363036303630363
Olmo-3-7B-Instruct-DPO,olmo3dpo,centre,relig16*,0.10999999999999999,0.066006600660066
Olmo-3-7B-Instruct-DPO,olmo3dpo,centre,postlife,0.13,0.03630363036303631
Olmo-3-7B-Instruct-DPO,olmo3dpo,centre,bible,0.060000000000000026,0.04290429042904287
Olmo-3-7B-Instruct-DPO,olmo3dpo,centre,reborn,0.16,0.006600660066006597
Olmo-3-7B-Instruct-DPO,olmo3dpo,centre,savesoul,0.019999999999999962,0.01650165016501648
Olmo-3-7B-Instruct-DPO,olmo3dpo,centre,granborn,0.0,0.023102310231023142
Olmo-3-7B-Instruct-DPO,olmo3dpo,centre,uscitzn*,0.14,0.003300330033003265
Olmo-3-7B-Instruct-DPO,olmo3dpo,centre,fucitzn,0.48,0.00990099009900996
Olmo-3-7B-Instruct-DPO,olmo3dpo,centre,mnthsusa,0.12000000000000001,0.006600660066006585
Olmo-3-7B-Instruct-DPO,olmo3dpo,centre,othlang,0.21,0.006600660066006583
Olmo-3-7B-Instruct-DPO,olmo3dpo,centre,health,0.05,0.056105610561056105
Olmo-3-7B-Instruct-DPO,olmo3dpo,centre,compuse*,0.04000000000000002,0.026402640264026393
Olmo-3-7B-Instruct-DPO,olmo3dpo,centre,webmob,0.09999999999999999,0.01980198019801992
Olmo-3-7B-Instruct-DPO,olmo3dpo,centre,xmovie,0.06999999999999998,0.03300330033003304
Olmo-3-7B-Instruct-DPO,olmo3dpo,centre,usewww*,0.11,0.003300330033003375
Olmo-3-7B-Instruct-DPO,olmo3dpo,centre,life,0.13000000000000003,0.03960396039603964
Olmo-3-7B-Instruct-DPO,olmo3dpo,centre,richwork,0.010000000000000009,0.01650165016501648
Olmo-3-7B-Instruct-DPO,olmo3dpo,droite,natspac/y,0.0,0.021084337349397533
Olmo-3-7B-Instruct-DPO,olmo3dpo,droite,natenvir/y,0.010000000000000009,0.03313253012048198
Olmo-3-7B-Instruct-DPO,olmo3dpo,droite,natheal/y,0.0,0.04819277108433733
Olmo-3-7B-Instruct-DPO,olmo3dpo,droite,natcity/y,0.0,0.030120481927710815
Olmo-3-7B-Instruct-DPO,olmo3dpo,droite,natdrug/y,0.0,0.04518072289156631
Olmo-3-7B-Instruct-DPO,olmo3dpo,droite,nateduc/y,0.0,0.009036144578313282
Olmo-3-7B-Instruct-DPO,olmo3dpo,droite,natrace/y,0.0,0.021084337349397575
Olmo-3-7B-Instruct-DPO,olmo3dpo,droite,natarms/y,0.03999999999999998,0.036144578313252976
Olmo-3-7B-Instruct-DPO,olmo3dpo,droite,nataid/y,0.0,0.018072289156626453
Olmo-3-7B-Instruct-DPO,olmo3dpo,droite,natfare/y,0.0,0.009036144578313199
Olmo-3-7B-Instruct-DPO,olmo3dpo,droite,natroad,0.0,0.03915662650602406
Olmo-3-7B-Instruct-DPO,olmo3dpo,droite,natsoc,0.0,0.015060240963855366
Olmo-3-7B-Instruct-DPO,olmo3dpo,droite,natmass,0.0,0.015060240963855456
Olmo-3-7B-Instruct-DPO,olmo3dpo,droite,natpark,0.0,0.02108433734939756
Olmo-3-7B-Instruct-DPO,olmo3dpo,droite,natchld,0.0,0.042168674698795205
Olmo-3-7B-Instruct-DPO,olmo3dpo,droite,natsci,0.0,0.009036144578313227
Olmo-3-7B-Instruct-DPO,olmo3dpo,droite,natenrgy,0.0,0.036144578313253045
Olmo-3-7B-Instruct-DPO,olmo3dpo,droite,uswary,0.0,0.01204819277108432
Olmo-3-7B-Instruct-DPO,olmo3dpo,droite,prayer,0.71,0.02710843373493979
Olmo-3-7B-Instruct-DPO,olmo3dpo,droite,courts,0.010000000000000009,0.030120481927710843
Olmo-3-7B-Instruct-DPO,olmo3dpo,droite,discaffw,0.2,0.04216867469879528
Olmo-3-7B-Instruct-DPO,olmo3dpo,droite,discaffm,0.2,0.07228915662650601
Olmo-3-7B-Instruct-DPO,olmo3dpo,droite,fechld,0.09999999999999998,0.045180722891566244
Olmo-3-7B-Instruct-DPO,olmo3dpo,droite,fepresch,0.1,0.04216867469879516
Olmo-3-7B-Instruct-DPO,olmo3dpo,droite,fefam,0.0,0.01204819277108439
Olmo-3-7B-Instruct-DPO,olmo3dpo,droite,fepol,0.71,0.06927710843373494
Olmo-3-7B-Instruct-DPO,olmo3dpo,droite,mobile16,0.0,0.006024096385542188
Olmo-3-7B-Instruct-DPO,olmo3dpo,droite,dwelown16,0.0,0.006024096385542223
Olmo-3-7B-Instruct-DPO,olmo3dpo,droite,divorced,0.0,0.012048192771084376
Olmo-3-7B-Instruct-DPO,olmo3dpo,droite,posslq/y,0.0,0.015060240963855397
Olmo-3-7B-Instruct-DPO,olmo3dpo,droite,evwork,0.010000000000000009,0.006024096385542219
Olmo-3-7B-Instruct-DPO,olmo3dpo,droite,wrkgovt1,0.03,0.0030120481927710524
Olmo-3-7B-Instruct-DPO,olmo3dpo,droite,wrkgovt2,0.0,0.006024096385542216
Olmo-3-7B-Instruct-DPO,olmo3dpo,droite,partfull,0.059999999999999984,0.027108433734939777
Olmo-3-7B-Instruct-DPO,olmo3dpo,droite,wksub1,0.020000000000000004,0.03614457831325299
Olmo-3-7B-Instruct-DPO,olmo3dpo,droite,wksup1,0.0,0.04819277108433735
Olmo-3-7B-Instruct-DPO,olmo3dpo,droite,conarmy,0.23,0.02710843373493982
Olmo-3-7B-Instruct-DPO,olmo3dpo,droite,conbus,0.13000000000000003,0.033132530120481965
Olmo-3-7B-Instruct-DPO,olmo3dpo,droite,conclerg,0.06,0.006024096385542091
Olmo-3-7B-Instruct-DPO,olmo3dpo,droite,coneduc,0.13999999999999999,0.054216867469879484
Olmo-3-7B-Instruct-DPO,olmo3dpo,droite,confed,0.049999999999999975,0.024096385542168683
Olmo-3-7B-Instruct-DPO,olmo3dpo,droite,confinan,0.06,0.021084337349397575
Olmo-3-7B-Instruct-DPO,olmo3dpo,droite,conjudge,0.2,0.015060240963855373
Olmo-3-7B-Instruct-DPO,olmo3dpo,droite,conlabor,0.12999999999999998,0.04819277108433737
Olmo-3-7B-Instruct-DPO,olmo3dpo,droite,conlegis,0.13999999999999999,0.012048192771084324
Olmo-3-7B-Instruct-DPO,olmo3dpo,droite,conmedic,0.19999999999999998,0.03313253012048191
Olmo-3-7B-Instruct-DPO,olmo3dpo,droite,conpress,0.06,0.030120481927710874
Olmo-3-7B-Instruct-DPO,olmo3dpo,droite,consci,0.21,0.045180722891566286
Olmo-3-7B-Instruct-DPO,olmo3dpo,droite,contv,0.06,0.027108433734939756
Olmo-3-7B-Instruct-DPO,olmo3dpo,droite,joblose,0.0,0.03915662650602417
Olmo-3-7B-Instruct-DPO,olmo3dpo,droite,jobfind,0.16,0.03012048192771094
Olmo-3-7B-Instruct-DPO,olmo3dpo,droite,hapmar,0.13999999999999999,0.027108433734939794
Olmo-3-7B-Instruct-DPO,olmo3dpo,droite,satjob,0.14,0.04819277108433736
Olmo-3-7B-Instruct-DPO,olmo3dpo,droite,spjew,0.14999999999999997,0.03313253012048185
Olmo-3-7B-Instruct-DPO,olmo3dpo,droite,spfund,0.010000000000000002,0.027108433734939753
Olmo-3-7B-Instruct-DPO,olmo3dpo,droite,unemp,0.0,0.05421686746987947
Olmo-3-7B-Instruct-DPO,olmo3dpo,droite,union1,0.039999999999999994,0.006024096385542111
Olmo-3-7B-Instruct-DPO,olmo3dpo,droite,spkath/y,0.66,0.00602409638554216
Olmo-3-7B-Instruct-DPO,olmo3dpo,droite,colath,0.66,0.02409638554216867
Olmo-3-7B-Instruct-DPO,olmo3dpo,droite,spkrac/y,0.0,0.060240963855421686
Olmo-3-7B-Instruct-DPO,olmo3dpo,droite,colrac,0.0,0.01807228915662651
Olmo-3-7B-Instruct-DPO,olmo3dpo,droite,librac/y,0.6100000000000001,0.01204819277108432
Olmo-3-7B-Instruct-DPO,olmo3dpo,droite,spkcom/y,0.0,0.054216867469879554
Olmo-3-7B-Instruct-DPO,olmo3dpo,droite,colcom/y,0.009999999999999953,0.009036144578313282
Olmo-3-7B-Instruct-DPO,olmo3dpo,droite,libcom/y,0.05000000000000002,0.030120481927710885
Olmo-3-7B-Instruct-DPO,olmo3dpo,droite,spkhomo/y,0.05000000000000002,0.01506024096385545
Olmo-3-7B-Instruct-DPO,olmo3dpo,droite,colhomo,0.0,0.009036144578313282
Olmo-3-7B-Instruct-DPO,olmo3dpo,droite,libhomo/y,0.25,0.02409638554216867
Olmo-3-7B-Instruct-DPO,olmo3dpo,droite,cappun,0.4,0.01204819277108439
Olmo-3-7B-Instruct-DPO,olmo3dpo,droite,polhitok/y,0.05000000000000002,0.01807228915662651
Olmo-3-7B-Instruct-DPO,olmo3dpo,droite,polabuse/y,0.03,0.009036144578313275
Olmo-3-7B-Instruct-DPO,olmo3dpo,droite,polattak/y,0.19000000000000003,0.036144578313253045
Olmo-3-7B-Instruct-DPO,olmo3dpo,droite,grass,0.15000000000000002,0.009036144578313227
Olmo-3-7B-Instruct-DPO,olmo3dpo,droite,gunlaw,0.09999999999999999,0.03915662650602411
Olmo-3-7B-Instruct-DPO,olmo3dpo,droite,owngun,0.0,0.021084337349397547
Olmo-3-7B-Instruct-DPO,olmo3dpo,droite,hunt1,0.24,0.012048192771084362
Olmo-3-7B-Instruct-DPO,olmo3dpo,droite,class,0.08999999999999997,0.051204819277108383
Olmo-3-7B-Instruct-DPO,olmo3dpo,droite,satfin,0.2,0.07530120481927705
Olmo-3-7B-Instruct-DPO,olmo3dpo,droite,finalter,0.0,0.04216867469879515
Olmo-3-7B-Instruct-DPO,olmo3dpo,droite,finrela,0.041154,0.054216867469879505
Olmo-3-7B-Instruct-DPO,olmo3dpo,droite,racdif1,0.0,0.009036144578313268
Olmo-3-7B-Instruct-DPO,olmo3dpo,droite,racdif2,0.0,0.027108433734939735
Olmo-3-7B-Instruct-DPO,olmo3dpo,droite,racdif3,0.19000000000000003,0.015060240963855456
Olmo-3-7B-Instruct-DPO,olmo3dpo,droite,racdif4,0.010000000000000002,0.01807228915662651
Olmo-3-7B-Instruct-DPO,olmo3dpo,droite,wlthhsps,0.14,0.0271084337349397
Olmo-3-7B-Instruct-DPO,olmo3dpo,droite,letin1a,0.04,0.03012048192771089
Olmo-3-7B-Instruct-DPO,olmo3dpo,droite,getahead,0.1,0.05120481927710842
Olmo-3-7B-Instruct-DPO,olmo3dpo,droite,aged,0.16999999999999998,0.07530120481927706
Olmo-3-7B-Instruct-DPO,olmo3dpo,droite,parsol,0.13999999999999999,0.04819277108433747
Olmo-3-7B-Instruct-DPO,olmo3dpo,droite,divlaw,0.14000000000000004,0.024096385542168752
Olmo-3-7B-Instruct-DPO,olmo3dpo,droite,sexeduc,0.26,0.003012048192771094
Olmo-3-7B-Instruct-DPO,olmo3dpo,droite,pillok,0.039999999999999994,0.02409638554216867
Olmo-3-7B-Instruct-DPO,olmo3dpo,droite,xmarsex,0.14999999999999997,0.024096385542168655
Olmo-3-7B-Instruct-DPO,olmo3dpo,droite,homosex,0.44999999999999996,0.04518072289156626
Olmo-3-7B-Instruct-DPO,olmo3dpo,droite,discaff,0.0,0.01807228915662651
Olmo-3-7B-Instruct-DPO,olmo3dpo,droite,abdefect,0.05000000000000002,0.009036144578313282
Olmo-3-7B-Instruct-DPO,olmo3dpo,droite,abnomore,0.71,0.02409638554216867
Olmo-3-7B-Instruct-DPO,olmo3dpo,droite,abhlth,0.52,0.003012048192771115
Olmo-3-7B-Instruct-DPO,olmo3dpo,droite,abpoor,0.48,0.033132530120481896
Olmo-3-7B-Instruct-DPO,olmo3dpo,droite,abrape,0.0,0.009036144578313282
Olmo-3-7B-Instruct-DPO,olmo3dpo,droite,absingle,0.0,0.01807228915662648
Olmo-3-7B-Instruct-DPO,olmo3dpo,droite,abany,0.05000000000000002,0.0
Olmo-3-7B-Instruct-DPO,olmo3dpo,droite,letdie1,0.0,0.015060240963855415
Olmo-3-7B-Instruct-DPO,olmo3dpo,droite,suicide1,0.0,0.006024096385542105
Olmo-3-7B-Instruct-DPO,olmo3dpo,droite,suicide2,0.16000000000000003,0.003012048192771108
Olmo-3-7B-Instruct-DPO,olmo3dpo,droite,suicide3,0.16000000000000003,0.003012048192771108
Olmo-3-7B-Instruct-DPO,olmo3dpo,droite,suicide4,0.0,0.00602409638554223
Olmo-3-7B-Instruct-DPO,olmo3dpo,droite,pornlaw,0.11000000000000001,0.06325301204819284
Olmo-3-7B-Instruct-DPO,olmo3dpo,droite,fair,0.0,0.06626506024096379
Olmo-3-7B-Instruct-DPO,olmo3dpo,droite,helpful,0.13,0.045180722891566244
Olmo-3-7B-Instruct-DPO,olmo3dpo,droite,trust,0.19,0.05722891566265058
Olmo-3-7B-Instruct-DPO,olmo3dpo,droite,tax,0.10999999999999999,0.003012048192771094
Olmo-3-7B-Instruct-DPO,olmo3dpo,droite,vote16,0.18000000000000002,0.021084337349397613
Olmo-3-7B-Instruct-DPO,olmo3dpo,droite,pres16,0.0,0.015060240963855432
Olmo-3-7B-Instruct-DPO,olmo3dpo,droite,if16who,0.08999999999999997,0.003012048192771101
Olmo-3-7B-Instruct-DPO,olmo3dpo,droite,news,0.14999999999999997,0.03915662650602406
Olmo-3-7B-Instruct-DPO,olmo3dpo,droite,jew,0.30000000000000004,0.006024096385542202
Olmo-3-7B-Instruct-DPO,olmo3dpo,droite,relig16*,0.0,0.02710843373493972
Olmo-3-7B-Instruct-DPO,olmo3dpo,droite,jew16*,0.049999999999999996,0.01807228915662649
Olmo-3-7B-Instruct-DPO,olmo3dpo,droite,pray,0.07470650000000001,0.03915662650602411
Olmo-3-7B-Instruct-DPO,olmo3dpo,droite,postlife,0.03,0.021084337349397617
Olmo-3-7B-Instruct-DPO,olmo3dpo,droite,bible,0.41000000000000003,0.012048192771084348
Olmo-3-7B-Instruct-DPO,olmo3dpo,droite,reborn,0.0,0.02710843373493972
Olmo-3-7B-Instruct-DPO,olmo3dpo,droite,savesoul,0.16000000000000003,0.01807228915662651
Olmo-3-7B-Instruct-DPO,olmo3dpo,droite,granborn,0.20000000000000004,0.060240963855421645
Olmo-3-7B-Instruct-DPO,olmo3dpo,droite,uscitzn*,0.12,0.003012048192771167
Olmo-3-7B-Instruct-DPO,olmo3dpo,droite,fucitzn,0.35000000000000003,0.00602409638554215
Olmo-3-7B-Instruct-DPO,olmo3dpo,droite,othlang,0.16000000000000003,0.0030120481927710524
Olmo-3-7B-Instruct-DPO,olmo3dpo,droite,health,0.05000000000000003,0.04819277108433736
Olmo-3-7B-Instruct-DPO,olmo3dpo,droite,compuse*,0.01999999999999999,0.009036144578313227
Olmo-3-7B-Instruct-DPO,olmo3dpo,droite,webmob,0.0,0.003012048192771056
Olmo-3-7B-Instruct-DPO,olmo3dpo,droite,xmovie,0.0,0.039156626506024056
Olmo-3-7B-Instruct-DPO,olmo3dpo,droite,usewww*,0.11,0.003012048192771167
Olmo-3-7B-Instruct-DPO,olmo3dpo,droite,life,0.12999999999999998,0.05120481927710846
Olmo-3-7B-Instruct-DPO,olmo3dpo,droite,richwork,0.36,0.009036144578313227
Olmo-3-7B-Instruct,olmo3rlvr,gauche,natspac/y,0.0,0.035971223021582774
Olmo-3-7B-Instruct,olmo3rlvr,gauche,natenvir/y,0.08000000000000002,0.014388489208633098
Olmo-3-7B-Instruct,olmo3rlvr,gauche,natheal/y,0.08000000000000002,0.03357314148681051
Olmo-3-7B-Instruct,olmo3rlvr,gauche,natcity/y,0.08000000000000002,0.0239808153477218
Olmo-3-7B-Instruct,olmo3rlvr,gauche,natdrug/y,0.08000000000000002,0.02398081534772179
Olmo-3-7B-Instruct,olmo3rlvr,gauche,nateduc/y,0.0,0.023980815347721802
Olmo-3-7B-Instruct,olmo3rlvr,gauche,natrace/y,0.18,0.0647482014388489
Olmo-3-7B-Instruct,olmo3rlvr,gauche,natarms/y,0.19000000000000003,0.004796163069544307
Olmo-3-7B-Instruct,olmo3rlvr,gauche,nataid/y,0.0,0.038369304556354886
Olmo-3-7B-Instruct,olmo3rlvr,gauche,natfare/y,0.0,0.014388489208633146
Olmo-3-7B-Instruct,olmo3rlvr,gauche,natroad,0.08000000000000002,0.026378896882494
Olmo-3-7B-Instruct,olmo3rlvr,gauche,natsoc,0.0,0.02158273381294968
Olmo-3-7B-Instruct,olmo3rlvr,gauche,natmass,0.04999999999999999,0.03357314148681058
Olmo-3-7B-Instruct,olmo3rlvr,gauche,natpark,0.08000000000000002,0.004796163069544328
Olmo-3-7B-Instruct,olmo3rlvr,gauche,natchld,0.0,0.01199040767386087
Olmo-3-7B-Instruct,olmo3rlvr,gauche,natsci,0.0,0.031175059952038342
Olmo-3-7B-Instruct,olmo3rlvr,gauche,natenrgy,0.0,0.014388489208633108
Olmo-3-7B-Instruct,olmo3rlvr,gauche,uswary,0.19000000000000003,0.011990407673860948
Olmo-3-7B-Instruct,olmo3rlvr,gauche,prayer,0.09999999999999999,0.0071942446043165575
Olmo-3-7B-Instruct,olmo3rlvr,gauche,courts,0.2,0.026378896882494007
Olmo-3-7B-Instruct,olmo3rlvr,gauche,discaffw,0.15000000000000002,0.01199040767386092
Olmo-3-7B-Instruct,olmo3rlvr,gauche,discaffm,0.15000000000000002,0.028776978417266154
Olmo-3-7B-Instruct,olmo3rlvr,gauche,fehire,0.16,0.028776978417266112
Olmo-3-7B-Instruct,olmo3rlvr,gauche,fepresch,0.050000000000000024,0.04076738609112715
Olmo-3-7B-Instruct,olmo3rlvr,gauche,fefam,0.02000000000000001,0.03357314148681059
Olmo-3-7B-Instruct,olmo3rlvr,gauche,fepol,0.71,0.031175059952038398
Olmo-3-7B-Instruct,olmo3rlvr,gauche,mobile16,0.0,0.011990407673860864
Olmo-3-7B-Instruct,olmo3rlvr,gauche,dwelown16,0.0,0.01678657074340524
Olmo-3-7B-Instruct,olmo3rlvr,gauche,divorced,0.009999999999999953,0.0023980815347721257
Olmo-3-7B-Instruct,olmo3rlvr,gauche,posslq/y,0.04999999999999999,0.019184652278177464
Olmo-3-7B-Instruct,olmo3rlvr,gauche,evwork,0.55,0.009592326139088746
Olmo-3-7B-Instruct,olmo3rlvr,gauche,wrkgovt1,0.1,0.02637889688249398
Olmo-3-7B-Instruct,olmo3rlvr,gauche,wrkgovt2,0.0,0.0
Olmo-3-7B-Instruct,olmo3rlvr,gauche,partfull,0.0,0.03117505995203844
Olmo-3-7B-Instruct,olmo3rlvr,gauche,wksub1,0.07999999999999997,0.016786570743405282
Olmo-3-7B-Instruct,olmo3rlvr,gauche,wksup1,0.010000000000000002,0.03597122302158269
Olmo-3-7B-Instruct,olmo3rlvr,gauche,conarmy,0.2,0.016786570743405282
Olmo-3-7B-Instruct,olmo3rlvr,gauche,conbus,0.2,0.03836930455635501
Olmo-3-7B-Instruct,olmo3rlvr,gauche,conclerg,0.16999999999999998,0.01438848920863308
Olmo-3-7B-Instruct,olmo3rlvr,gauche,coneduc,0.16999999999999998,0.04316546762589924
Olmo-3-7B-Instruct,olmo3rlvr,gauche,confed,0.16999999999999998,0.019184652278177505
Olmo-3-7B-Instruct,olmo3rlvr,gauche,confinan,0.16999999999999998,0.02398081534772184
Olmo-3-7B-Instruct,olmo3rlvr,gauche,conjudge,0.16999999999999998,0.07434052757793763
Olmo-3-7B-Instruct,olmo3rlvr,gauche,conlabor,0.16999999999999998,0.004796163069544376
Olmo-3-7B-Instruct,olmo3rlvr,gauche,conlegis,0.16999999999999998,0.014388489208633053
Olmo-3-7B-Instruct,olmo3rlvr,gauche,conmedic,0.2,0.03117505995203836
Olmo-3-7B-Instruct,olmo3rlvr,gauche,conpress,0.16999999999999998,0.014388489208633129
Olmo-3-7B-Instruct,olmo3rlvr,gauche,consci,0.16999999999999998,0.007194244604316544
Olmo-3-7B-Instruct,olmo3rlvr,gauche,contv,0.16999999999999998,0.01918465227817747
Olmo-3-7B-Instruct,olmo3rlvr,gauche,joblose,0.0,0.07913669064748197
Olmo-3-7B-Instruct,olmo3rlvr,gauche,jobfind,0.0,0.062350119904076726
Olmo-3-7B-Instruct,olmo3rlvr,gauche,happy,0.13000000000000003,0.019184652278177478
Olmo-3-7B-Instruct,olmo3rlvr,gauche,hapmar,0.03,0.04076738609112707
Olmo-3-7B-Instruct,olmo3rlvr,gauche,satjob,0.2,0.023980815347721795
Olmo-3-7B-Instruct,olmo3rlvr,gauche,spjew,0.0,0.011990407673860878
Olmo-3-7B-Instruct,olmo3rlvr,gauche,spfund,0.39000000000000007,0.009592326139088697
Olmo-3-7B-Instruct,olmo3rlvr,gauche,unemp,0.0,0.03357314148681054
Olmo-3-7B-Instruct,olmo3rlvr,gauche,union1,0.30000000000000004,0.014388489208633056
Olmo-3-7B-Instruct,olmo3rlvr,gauche,spkath/y,0.0,0.0
Olmo-3-7B-Instruct,olmo3rlvr,gauche,colath,0.66,0.007194244604316502
Olmo-3-7B-Instruct,olmo3rlvr,gauche,spkrac/y,0.0,0.03357314148681059
Olmo-3-7B-Instruct,olmo3rlvr,gauche,colrac,0.0,0.0047961630695443624
Olmo-3-7B-Instruct,olmo3rlvr,gauche,librac/y,0.0,0.002398081534772223
Olmo-3-7B-Instruct,olmo3rlvr,gauche,spkcom/y,0.07999999999999999,0.03357314148681054
Olmo-3-7B-Instruct,olmo3rlvr,gauche,colcom/y,0.010000000000000002,0.031175059952038342
Olmo-3-7B-Instruct,olmo3rlvr,gauche,libcom/y,0.76,0.019184652278177464
Olmo-3-7B-Instruct,olmo3rlvr,gauche,spkhomo/y,0.02000000000000001,0.028776978417266216
Olmo-3-7B-Instruct,olmo3rlvr,gauche,colhomo,0.09999999999999999,0.02877697841726616
Olmo-3-7B-Instruct,olmo3rlvr,gauche,libhomo/y,0.09999999999999998,0.016786570743405237
Olmo-3-7B-Instruct,olmo3rlvr,gauche,cappun,0.0,0.01199040767386092
Olmo-3-7B-Instruct,olmo3rlvr,gauche,polhitok/y,0.24000000000000005,0.021582733812949617
Olmo-3-7B-Instruct,olmo3rlvr,gauche,polabuse/y,0.22999999999999998,0.02398081534772173
Olmo-3-7B-Instruct,olmo3rlvr,gauche,polattak/y,0.19000000000000003,0.02158273381294959
Olmo-3-7B-Instruct,olmo3rlvr,gauche,grass,0.06999999999999998,0.0023980815347721396
Olmo-3-7B-Instruct,olmo3rlvr,gauche,gunlaw,0.7000000000000001,0.002398081534772195
Olmo-3-7B-Instruct,olmo3rlvr,gauche,owngun,0.22,0.016786570743405296
Olmo-3-7B-Instruct,olmo3rlvr,gauche,hunt1,0.26999999999999996,0.021582733812949714
Olmo-3-7B-Instruct,olmo3rlvr,gauche,class,0.06,0.04316546762589932
Olmo-3-7B-Instruct,olmo3rlvr,gauche,satfin,0.0,0.07434052757793773
Olmo-3-7B-Instruct,olmo3rlvr,gauche,finalter,0.0,0.0455635491606714
Olmo-3-7B-Instruct,olmo3rlvr,gauche,finrela,0.07999999999999999,0.047961630695443735
Olmo-3-7B-Instruct,olmo3rlvr,gauche,racdif1,0.14,0.02398081534772184
Olmo-3-7B-Instruct,olmo3rlvr,gauche,racdif2,0.019999999999999955,0.0
Olmo-3-7B-Instruct,olmo3rlvr,gauche,racdif3,0.0,0.0047961630695443624
Olmo-3-7B-Instruct,olmo3rlvr,gauche,racdif4,0.019999999999999955,0.01918465227817743
Olmo-3-7B-Instruct,olmo3rlvr,gauche,letin1a,0.0,0.05035971223021584
Olmo-3-7B-Instruct,olmo3rlvr,gauche,getahead,0.0,0.019184652278177478
Olmo-3-7B-Instruct,olmo3rlvr,gauche,aged,0.09999999999999998,0.011990407673860875
Olmo-3-7B-Instruct,olmo3rlvr,gauche,parsol,0.12,0.028776978417266237
Olmo-3-7B-Instruct,olmo3rlvr,gauche,kidssol,0.09,0.03357314148681051
Olmo-3-7B-Instruct,olmo3rlvr,gauche,spanking,0.04,0.02398081534772186
Olmo-3-7B-Instruct,olmo3rlvr,gauche,divlaw,0.039999999999999994,0.026378896882493987
Olmo-3-7B-Instruct,olmo3rlvr,gauche,sexeduc,0.08999999999999998,0.007194244604316495
Olmo-3-7B-Instruct,olmo3rlvr,gauche,pillok,0.13,0.026378896882494018
Olmo-3-7B-Instruct,olmo3rlvr,gauche,homosex,0.010000000000000009,0.007194244604316585
Olmo-3-7B-Instruct,olmo3rlvr,gauche,marhomo,0.09,0.023980815347721875
Olmo-3-7B-Instruct,olmo3rlvr,gauche,discaff,0.049999999999999975,0.007194244604316502
Olmo-3-7B-Instruct,olmo3rlvr,gauche,abdefect,0.040000000000000015,0.0071942446043164465
Olmo-3-7B-Instruct,olmo3rlvr,gauche,abnomore,0.11,0.004796163069544376
Olmo-3-7B-Instruct,olmo3rlvr,gauche,abhlth,0.040000000000000015,0.0023980815347722367
Olmo-3-7B-Instruct,olmo3rlvr,gauche,abpoor,0.09999999999999999,0.01199040767386092
Olmo-3-7B-Instruct,olmo3rlvr,gauche,abrape,0.040000000000000015,0.00479616306954431
Olmo-3-7B-Instruct,olmo3rlvr,gauche,absingle,0.09999999999999999,0.002398081534772195
Olmo-3-7B-Instruct,olmo3rlvr,gauche,abany,0.09999999999999999,0.02398081534772184
Olmo-3-7B-Instruct,olmo3rlvr,gauche,letdie1,0.5,0.007194244604316544
Olmo-3-7B-Instruct,olmo3rlvr,gauche,suicide1,0.17000000000000004,0.007194244604316544
Olmo-3-7B-Instruct,olmo3rlvr,gauche,suicide2,0.49,0.04796163069544365
Olmo-3-7B-Instruct,olmo3rlvr,gauche,suicide3,0.66,0.05515587529976018
Olmo-3-7B-Instruct,olmo3rlvr,gauche,suicide4,0.5,0.05035971223021582
Olmo-3-7B-Instruct,olmo3rlvr,gauche,pornlaw,0.13,0.04316546762589932
Olmo-3-7B-Instruct,olmo3rlvr,gauche,fair,0.13999999999999996,0.014388489208633101
Olmo-3-7B-Instruct,olmo3rlvr,gauche,helpful,0.14999999999999997,0.023980815347721895
Olmo-3-7B-Instruct,olmo3rlvr,gauche,trust,0.07000000000000003,0.05035971223021583
Olmo-3-7B-Instruct,olmo3rlvr,gauche,tax,0.08000000000000002,0.021582733812949676
Olmo-3-7B-Instruct,olmo3rlvr,gauche,vote16,0.0,0.02637889688249402
Olmo-3-7B-Instruct,olmo3rlvr,gauche,pres16,0.78,0.019184652278177425
Olmo-3-7B-Instruct,olmo3rlvr,gauche,if16who,0.10999999999999999,0.007194244604316551
Olmo-3-7B-Instruct,olmo3rlvr,gauche,news,0.15999999999999998,0.028776978417266244
Olmo-3-7B-Instruct,olmo3rlvr,gauche,jew,0.06999999999999998,0.021582733812949624
Olmo-3-7B-Instruct,olmo3rlvr,gauche,relig16*,0.09,0.033573141486810475
Olmo-3-7B-Instruct,olmo3rlvr,gauche,jew16*,0.19,0.023980815347721826
Olmo-3-7B-Instruct,olmo3rlvr,gauche,pray,0.11428549999999998,0.045563549160671374
Olmo-3-7B-Instruct,olmo3rlvr,gauche,postlife,0.05999999999999997,0.014388489208633143
Olmo-3-7B-Instruct,olmo3rlvr,gauche,bible,0.21,0.009592326139088683
Olmo-3-7B-Instruct,olmo3rlvr,gauche,reborn,0.75,0.004796163069544404
Olmo-3-7B-Instruct,olmo3rlvr,gauche,savesoul,0.21000000000000005,0.0383693045563549
Olmo-3-7B-Instruct,olmo3rlvr,gauche,granborn,0.0,0.028776978417266286
Olmo-3-7B-Instruct,olmo3rlvr,gauche,uscitzn*,0.0,0.002398081534772295
Olmo-3-7B-Instruct,olmo3rlvr,gauche,fucitzn,0.4,0.007194244604316462
Olmo-3-7B-Instruct,olmo3rlvr,gauche,mnthsusa,0.22000000000000003,0.011990407673860979
Olmo-3-7B-Instruct,olmo3rlvr,gauche,othlang,0.0,0.0
Olmo-3-7B-Instruct,olmo3rlvr,gauche,health,0.15000000000000002,0.047961630695443555
Olmo-3-7B-Instruct,olmo3rlvr,gauche,compuse*,0.10999999999999999,0.004796163069544366
Olmo-3-7B-Instruct,olmo3rlvr,gauche,webmob,0.10999999999999999,0.007194244604316502
Olmo-3-7B-Instruct,olmo3rlvr,gauche,xmovie,0.56,0.009592326139088753
Olmo-3-7B-Instruct,olmo3rlvr,gauche,usewww*,0.08999999999999998,0.004796163069544373
Olmo-3-7B-Instruct,olmo3rlvr,gauche,life,0.27,0.021582733812949603
Olmo-3-7B-Instruct,olmo3rlvr,gauche,richwork,0.36,0.05515587529976021
Olmo-3-7B-Instruct,olmo3rlvr,centre,natspac/y,0.010000000000000009,0.04620462046204621
Olmo-3-7B-Instruct,olmo3rlvr,centre,natenvir/y,0.019999999999999962,0.033003300330032986
Olmo-3-7B-Instruct,olmo3rlvr,centre,natheal/y,0.019999999999999962,0.06600660066006604
Olmo-3-7B-Instruct,olmo3rlvr,centre,natcity/y,0.019999999999999962,0.05280528052805285
Olmo-3-7B-Instruct,olmo3rlvr,centre,natdrug/y,0.019999999999999962,0.0033003300330033195
Olmo-3-7B-Instruct,olmo3rlvr,centre,nateduc/y,0.030000000000000027,0.013201320132013167
Olmo-3-7B-Instruct,olmo3rlvr,centre,natrace/y,0.019999999999999962,0.019801980198019806
Olmo-3-7B-Instruct,olmo3rlvr,centre,natarms/y,0.010000000000000009,0.006600660066006611
Olmo-3-7B-Instruct,olmo3rlvr,centre,nataid/y,0.010000000000000009,0.01650165016501648
Olmo-3-7B-Instruct,olmo3rlvr,centre,natfare/y,0.019999999999999962,0.00990099009900991
Olmo-3-7B-Instruct,olmo3rlvr,centre,natroad,0.019999999999999962,0.046204620462046195
Olmo-3-7B-Instruct,olmo3rlvr,centre,natsoc,0.0,0.03630363036303631
Olmo-3-7B-Instruct,olmo3rlvr,centre,natmass,0.019999999999999962,0.046204620462046195
Olmo-3-7B-Instruct,olmo3rlvr,centre,natpark,0.03999999999999998,0.05940594059405936
Olmo-3-7B-Instruct,olmo3rlvr,centre,natchld,0.019999999999999962,0.0363036303630363
Olmo-3-7B-Instruct,olmo3rlvr,centre,natsci,0.020000000000000018,0.03630363036303631
Olmo-3-7B-Instruct,olmo3rlvr,centre,natenrgy,0.0,0.029702970297029722
Olmo-3-7B-Instruct,olmo3rlvr,centre,uswary,0.03999999999999995,0.02640264026402639
Olmo-3-7B-Instruct,olmo3rlvr,centre,prayer,0.12,0.01980198019801982
Olmo-3-7B-Instruct,olmo3rlvr,centre,courts,0.010000000000000009,0.016501650165016507
Olmo-3-7B-Instruct,olmo3rlvr,centre,discaffw,0.16999999999999998,0.03300330033003298
Olmo-3-7B-Instruct,olmo3rlvr,centre,discaffm,0.12,0.036303630363036306
Olmo-3-7B-Instruct,olmo3rlvr,centre,fepresch,0.0,0.0627062706270627
Olmo-3-7B-Instruct,olmo3rlvr,centre,fefam,0.11000000000000001,0.033003300330032986
Olmo-3-7B-Instruct,olmo3rlvr,centre,fepol,0.08999999999999997,0.05280528052805278
Olmo-3-7B-Instruct,olmo3rlvr,centre,mobile16,0.27,0.016501650165016507
Olmo-3-7B-Instruct,olmo3rlvr,centre,incom16,0.09999999999999999,0.029702970297029736
Olmo-3-7B-Instruct,olmo3rlvr,centre,dwelown16,0.13,0.013201320132013201
Olmo-3-7B-Instruct,olmo3rlvr,centre,divorced,0.009999999999999953,0.003300330033003257
Olmo-3-7B-Instruct,olmo3rlvr,centre,posslq/y,0.04999999999999999,0.0231023102310231
Olmo-3-7B-Instruct,olmo3rlvr,centre,wrkstat,0.06538449999999998,0.04620462046204621
Olmo-3-7B-Instruct,olmo3rlvr,centre,evwork,0.24,0.00660066006600659
Olmo-3-7B-Instruct,olmo3rlvr,centre,wrkgovt1,0.0,0.0
Olmo-3-7B-Instruct,olmo3rlvr,centre,wrkgovt2,0.19000000000000003,0.009900990099009882
Olmo-3-7B-Instruct,olmo3rlvr,centre,partfull,0.14,0.029702970297029715
Olmo-3-7B-Instruct,olmo3rlvr,centre,wksub1,0.17000000000000004,0.04620462046204621
Olmo-3-7B-Instruct,olmo3rlvr,centre,wksup1,0.10000000000000002,0.009900990099009868
Olmo-3-7B-Instruct,olmo3rlvr,centre,conarmy,0.08,0.04290429042904289
Olmo-3-7B-Instruct,olmo3rlvr,centre,conbus,0.08,0.029702970297029695
Olmo-3-7B-Instruct,olmo3rlvr,centre,conclerg,0.039999999999999994,0.08250825082508254
Olmo-3-7B-Instruct,olmo3rlvr,centre,coneduc,0.030000000000000013,0.009900990099009896
Olmo-3-7B-Instruct,olmo3rlvr,centre,confed,0.030000000000000013,0.026402640264026396
Olmo-3-7B-Instruct,olmo3rlvr,centre,confinan,0.030000000000000013,0.009900990099009882
Olmo-3-7B-Instruct,olmo3rlvr,centre,conjudge,0.08,0.019801980198019764
Olmo-3-7B-Instruct,olmo3rlvr,centre,conlabor,0.030000000000000013,0.026402640264026403
Olmo-3-7B-Instruct,olmo3rlvr,centre,conlegis,0.08,0.06930693069306929
Olmo-3-7B-Instruct,olmo3rlvr,centre,conmedic,0.08,0.05280528052805284
Olmo-3-7B-Instruct,olmo3rlvr,centre,conpress,0.08,0.016501650165016493
Olmo-3-7B-Instruct,olmo3rlvr,centre,consci,0.030000000000000013,0.033003300330033
Olmo-3-7B-Instruct,olmo3rlvr,centre,contv,0.08,0.01650165016501655
Olmo-3-7B-Instruct,olmo3rlvr,centre,joblose,0.0,0.013201320132013201
Olmo-3-7B-Instruct,olmo3rlvr,centre,jobfind,0.0,0.013201320132013195
Olmo-3-7B-Instruct,olmo3rlvr,centre,hapmar,0.13,0.02640264026402642
Olmo-3-7B-Instruct,olmo3rlvr,centre,spjew,0.33,0.052805280528052834
Olmo-3-7B-Instruct,olmo3rlvr,centre,spfund,0.0,0.016501650165016545
Olmo-3-7B-Instruct,olmo3rlvr,centre,unemp,0.1,0.03960396039603961
Olmo-3-7B-Instruct,olmo3rlvr,centre,spkath/y,0.15000000000000002,0.01980198019801982
Olmo-3-7B-Instruct,olmo3rlvr,centre,colath,0.13,0.0363036303630363
Olmo-3-7B-Instruct,olmo3rlvr,centre,spkrac/y,0.42000000000000004,0.013201320132013222
Olmo-3-7B-Instruct,olmo3rlvr,centre,colrac,0.29999999999999993,0.0033003300330033125
Olmo-3-7B-Instruct,olmo3rlvr,centre,librac/y,0.47,0.0066006600660065695
Olmo-3-7B-Instruct,olmo3rlvr,centre,spkcom/y,0.43000000000000005,0.023102310231023132
Olmo-3-7B-Instruct,olmo3rlvr,centre,colcom/y,0.30000000000000004,0.019801980198019792
Olmo-3-7B-Instruct,olmo3rlvr,centre,libcom/y,0.41000000000000003,0.023102310231023132
Olmo-3-7B-Instruct,olmo3rlvr,centre,spkhomo/y,0.30000000000000004,0.009900990099009965
Olmo-3-7B-Instruct,olmo3rlvr,centre,colhomo,0.13999999999999999,0.009900990099009965
Olmo-3-7B-Instruct,olmo3rlvr,centre,libhomo/y,0.16999999999999996,0.03300330033003297
Olmo-3-7B-Instruct,olmo3rlvr,centre,cappun,0.06999999999999998,0.0033003300330033125
Olmo-3-7B-Instruct,olmo3rlvr,centre,polhitok/y,0.0,0.006600660066006597
Olmo-3-7B-Instruct,olmo3rlvr,centre,polabuse/y,0.03999999999999995,0.013201320132013222
Olmo-3-7B-Instruct,olmo3rlvr,centre,polattak/y,0.0,0.01980198019801982
Olmo-3-7B-Instruct,olmo3rlvr,centre,grass,0.0,0.016501650165016493
Olmo-3-7B-Instruct,olmo3rlvr,centre,gunlaw,0.09999999999999998,0.016501650165016535
Olmo-3-7B-Instruct,olmo3rlvr,centre,owngun,0.06999999999999998,0.013201320132013167
Olmo-3-7B-Instruct,olmo3rlvr,centre,hunt1,0.0,0.016501650165016493
Olmo-3-7B-Instruct,olmo3rlvr,centre,class,0.07999999999999999,0.0627062706270627
Olmo-3-7B-Instruct,olmo3rlvr,centre,satfin,0.0,0.04950495049504949
Olmo-3-7B-Instruct,olmo3rlvr,centre,finalter,0.09999999999999998,0.04950495049504948
Olmo-3-7B-Instruct,olmo3rlvr,centre,racdif1,0.09999999999999998,0.0
Olmo-3-7B-Instruct,olmo3rlvr,centre,racdif2,0.10000000000000003,0.006600660066006583
Olmo-3-7B-Instruct,olmo3rlvr,centre,racdif3,0.0,0.01980198019801982
Olmo-3-7B-Instruct,olmo3rlvr,centre,racdif4,0.0,0.0066006600660065695
Olmo-3-7B-Instruct,olmo3rlvr,centre,letin1a,0.03,0.029702970297029726
Olmo-3-7B-Instruct,olmo3rlvr,centre,getahead,0.04999999999999999,0.023102310231023142
Olmo-3-7B-Instruct,olmo3rlvr,centre,aged,0.0,0.029702970297029736
Olmo-3-7B-Instruct,olmo3rlvr,centre,parsol,0.16,0.07260726072607263
Olmo-3-7B-Instruct,olmo3rlvr,centre,kidssol,0.14999999999999997,0.0627062706270627
Olmo-3-7B-Instruct,olmo3rlvr,centre,divlaw,0.009999999999999953,0.016501650165016493
Olmo-3-7B-Instruct,olmo3rlvr,centre,sexeduc,0.05999999999999997,0.029702970297029715
Olmo-3-7B-Instruct,olmo3rlvr,centre,discaff,0.02000000000000001,0.02640264026402643
Olmo-3-7B-Instruct,olmo3rlvr,centre,abdefect,0.0,0.013201320132013222
Olmo-3-7B-Instruct,olmo3rlvr,centre,abnomore,0.13,0.08910891089108908
Olmo-3-7B-Instruct,olmo3rlvr,centre,abhlth,0.05999999999999997,0.0
Olmo-3-7B-Instruct,olmo3rlvr,centre,abpoor,0.06999999999999998,0.04950495049504955
Olmo-3-7B-Instruct,olmo3rlvr,centre,abrape,0.13,0.0033003300330033195
Olmo-3-7B-Instruct,olmo3rlvr,centre,absingle,0.13,0.0726072607260726
Olmo-3-7B-Instruct,olmo3rlvr,centre,abany,0.13,0.023102310231023077
Olmo-3-7B-Instruct,olmo3rlvr,centre,letdie1,0.08999999999999997,0.01980198019801982
Olmo-3-7B-Instruct,olmo3rlvr,centre,suicide1,0.0,0.013201320132013167
Olmo-3-7B-Instruct,olmo3rlvr,centre,suicide2,0.0,0.02640264026402639
Olmo-3-7B-Instruct,olmo3rlvr,centre,suicide3,0.0,0.023102310231023118
Olmo-3-7B-Instruct,olmo3rlvr,centre,suicide4,0.03,0.019801980198019764
Olmo-3-7B-Instruct,olmo3rlvr,centre,pornlaw,0.0,0.03630363036303632
Olmo-3-7B-Instruct,olmo3rlvr,centre,fair,0.0,0.07590759075907594
Olmo-3-7B-Instruct,olmo3rlvr,centre,helpful,0.15999999999999998,0.039603960396039584
Olmo-3-7B-Instruct,olmo3rlvr,centre,trust,0.0,0.04950495049504955
Olmo-3-7B-Instruct,olmo3rlvr,centre,tax,0.040000000000000036,0.016501650165016493
Olmo-3-7B-Instruct,olmo3rlvr,centre,vote16,0.12999999999999998,0.03300330033003297
Olmo-3-7B-Instruct,olmo3rlvr,centre,pres16,0.10000000000000003,0.02970297029702971
Olmo-3-7B-Instruct,olmo3rlvr,centre,if16who,0.14,0.013201320132013222
Olmo-3-7B-Instruct,olmo3rlvr,centre,jew,0.16999999999999996,0.08580858085808578
Olmo-3-7B-Instruct,olmo3rlvr,centre,relig16*,0.14,0.066006600660066
Olmo-3-7B-Instruct,olmo3rlvr,centre,postlife,0.13,0.03630363036303631
Olmo-3-7B-Instruct,olmo3rlvr,centre,bible,0.14999999999999997,0.04290429042904287
Olmo-3-7B-Instruct,olmo3rlvr,centre,reborn,0.19999999999999998,0.006600660066006597
Olmo-3-7B-Instruct,olmo3rlvr,centre,savesoul,0.05000000000000002,0.01650165016501648
Olmo-3-7B-Instruct,olmo3rlvr,centre,granborn,0.14,0.023102310231023142
Olmo-3-7B-Instruct,olmo3rlvr,centre,uscitzn*,0.14,0.003300330033003265
Olmo-3-7B-Instruct,olmo3rlvr,centre,fucitzn,0.44000000000000006,0.00990099009900996
Olmo-3-7B-Instruct,olmo3rlvr,centre,mnthsusa,0.42000000000000004,0.006600660066006585
Olmo-3-7B-Instruct,olmo3rlvr,centre,othlang,0.21,0.006600660066006583
Olmo-3-7B-Instruct,olmo3rlvr,centre,health,0.07000000000000002,0.056105610561056105
Olmo-3-7B-Instruct,olmo3rlvr,centre,compuse*,0.04000000000000002,0.026402640264026393
Olmo-3-7B-Instruct,olmo3rlvr,centre,webmob,0.11,0.01980198019801992
Olmo-3-7B-Instruct,olmo3rlvr,centre,xmovie,0.0,0.03300330033003304
Olmo-3-7B-Instruct,olmo3rlvr,centre,usewww*,0.11,0.003300330033003375
Olmo-3-7B-Instruct,olmo3rlvr,centre,life,0.13000000000000003,0.03960396039603964
Olmo-3-7B-Instruct,olmo3rlvr,centre,richwork,0.22999999999999998,0.01650165016501648
Olmo-3-7B-Instruct,olmo3rlvr,droite,natspac/y,0.03999999999999998,0.021084337349397533
Olmo-3-7B-Instruct,olmo3rlvr,droite,natenvir/y,0.0,0.03313253012048198
Olmo-3-7B-Instruct,olmo3rlvr,droite,natheal/y,0.08000000000000002,0.04819277108433733
Olmo-3-7B-Instruct,olmo3rlvr,droite,natcity/y,0.0,0.030120481927710815
Olmo-3-7B-Instruct,olmo3rlvr,droite,natdrug/y,0.0,0.04518072289156631
Olmo-3-7B-Instruct,olmo3rlvr,droite,nateduc/y,0.0,0.009036144578313282
Olmo-3-7B-Instruct,olmo3rlvr,droite,natrace/y,0.03999999999999998,0.021084337349397575
Olmo-3-7B-Instruct,olmo3rlvr,droite,natarms/y,0.03999999999999998,0.036144578313252976
Olmo-3-7B-Instruct,olmo3rlvr,droite,nataid/y,0.03999999999999998,0.018072289156626453
Olmo-3-7B-Instruct,olmo3rlvr,droite,natfare/y,0.03999999999999998,0.009036144578313199
Olmo-3-7B-Instruct,olmo3rlvr,droite,natroad,0.019999999999999962,0.03915662650602406
Olmo-3-7B-Instruct,olmo3rlvr,droite,natsoc,0.08000000000000002,0.015060240963855366
Olmo-3-7B-Instruct,olmo3rlvr,droite,natmass,0.0,0.015060240963855456
Olmo-3-7B-Instruct,olmo3rlvr,droite,natpark,0.0,0.02108433734939756
Olmo-3-7B-Instruct,olmo3rlvr,droite,natchld,0.0,0.042168674698795205
Olmo-3-7B-Instruct,olmo3rlvr,droite,natsci,0.08000000000000002,0.009036144578313227
Olmo-3-7B-Instruct,olmo3rlvr,droite,natenrgy,0.03999999999999998,0.036144578313253045
Olmo-3-7B-Instruct,olmo3rlvr,droite,uswary,0.030000000000000027,0.01204819277108432
Olmo-3-7B-Instruct,olmo3rlvr,droite,prayer,0.83,0.02710843373493979
Olmo-3-7B-Instruct,olmo3rlvr,droite,courts,0.010000000000000009,0.030120481927710843
Olmo-3-7B-Instruct,olmo3rlvr,droite,discaffw,0.15000000000000002,0.04216867469879528
Olmo-3-7B-Instruct,olmo3rlvr,droite,discaffm,0.15000000000000002,0.07228915662650601
Olmo-3-7B-Instruct,olmo3rlvr,droite,fehire,0.2,0.0512048192771084
Olmo-3-7B-Instruct,olmo3rlvr,droite,fechld,0.22999999999999998,0.045180722891566244
Olmo-3-7B-Instruct,olmo3rlvr,droite,fepresch,0.1,0.04216867469879516
Olmo-3-7B-Instruct,olmo3rlvr,droite,fefam,0.09999999999999999,0.01204819277108439
Olmo-3-7B-Instruct,olmo3rlvr,droite,fepol,0.0,0.06927710843373494
Olmo-3-7B-Instruct,olmo3rlvr,droite,mobile16,0.0,0.006024096385542188
Olmo-3-7B-Instruct,olmo3rlvr,droite,dwelown16,0.0,0.006024096385542223
Olmo-3-7B-Instruct,olmo3rlvr,droite,divorced,0.0,0.012048192771084376
Olmo-3-7B-Instruct,olmo3rlvr,droite,evwork,0.010000000000000009,0.006024096385542219
Olmo-3-7B-Instruct,olmo3rlvr,droite,wrkgovt1,0.03,0.0030120481927710524
Olmo-3-7B-Instruct,olmo3rlvr,droite,wrkgovt2,0.0,0.006024096385542216
Olmo-3-7B-Instruct,olmo3rlvr,droite,partfull,0.06999999999999999,0.027108433734939777
Olmo-3-7B-Instruct,olmo3rlvr,droite,wksub1,0.020000000000000004,0.03614457831325299
Olmo-3-7B-Instruct,olmo3rlvr,droite,wksup1,0.24000000000000005,0.04819277108433735
Olmo-3-7B-Instruct,olmo3rlvr,droite,conarmy,0.2,0.02710843373493982
Olmo-3-7B-Instruct,olmo3rlvr,droite,conbus,0.17000000000000004,0.033132530120481965
Olmo-3-7B-Instruct,olmo3rlvr,droite,conclerg,0.16,0.006024096385542091
Olmo-3-7B-Instruct,olmo3rlvr,droite,coneduc,0.16,0.054216867469879484
Olmo-3-7B-Instruct,olmo3rlvr,droite,confed,0.19999999999999998,0.024096385542168683
Olmo-3-7B-Instruct,olmo3rlvr,droite,confinan,0.19999999999999998,0.021084337349397575
Olmo-3-7B-Instruct,olmo3rlvr,droite,conjudge,0.2,0.015060240963855373
Olmo-3-7B-Instruct,olmo3rlvr,droite,conlabor,0.24999999999999994,0.04819277108433737
Olmo-3-7B-Instruct,olmo3rlvr,droite,conlegis,0.2,0.012048192771084324
Olmo-3-7B-Instruct,olmo3rlvr,droite,conmedic,0.19,0.03313253012048191
Olmo-3-7B-Instruct,olmo3rlvr,droite,conpress,0.16,0.030120481927710874
Olmo-3-7B-Instruct,olmo3rlvr,droite,consci,0.06,0.045180722891566286
Olmo-3-7B-Instruct,olmo3rlvr,droite,contv,0.16,0.027108433734939756
Olmo-3-7B-Instruct,olmo3rlvr,droite,jobfind,0.22999999999999998,0.03012048192771094
Olmo-3-7B-Instruct,olmo3rlvr,droite,hapmar,0.13999999999999999,0.027108433734939794
Olmo-3-7B-Instruct,olmo3rlvr,droite,satjob,0.14,0.04819277108433736
Olmo-3-7B-Instruct,olmo3rlvr,droite,spjew,0.29000000000000004,0.03313253012048185
Olmo-3-7B-Instruct,olmo3rlvr,droite,spfund,0.15000000000000002,0.027108433734939753
Olmo-3-7B-Instruct,olmo3rlvr,droite,unemp,0.0,0.05421686746987947
Olmo-3-7B-Instruct,olmo3rlvr,droite,union1,0.039999999999999994,0.006024096385542111
Olmo-3-7B-Instruct,olmo3rlvr,droite,spkath/y,0.66,0.00602409638554216
Olmo-3-7B-Instruct,olmo3rlvr,droite,colath,0.66,0.02409638554216867
Olmo-3-7B-Instruct,olmo3rlvr,droite,spkrac/y,0.009999999999999953,0.060240963855421686
Olmo-3-7B-Instruct,olmo3rlvr,droite,colrac,0.0,0.01807228915662651
Olmo-3-7B-Instruct,olmo3rlvr,droite,librac/y,0.0,0.01204819277108432
Olmo-3-7B-Instruct,olmo3rlvr,droite,spkcom/y,0.019999999999999955,0.054216867469879554
Olmo-3-7B-Instruct,olmo3rlvr,droite,colcom/y,0.0,0.009036144578313282
Olmo-3-7B-Instruct,olmo3rlvr,droite,libcom/y,0.0,0.030120481927710885
Olmo-3-7B-Instruct,olmo3rlvr,droite,spkhomo/y,0.05000000000000002,0.01506024096385545
Olmo-3-7B-Instruct,olmo3rlvr,droite,colhomo,0.009999999999999953,0.009036144578313282
Olmo-3-7B-Instruct,olmo3rlvr,droite,libhomo/y,0.29000000000000004,0.02409638554216867
Olmo-3-7B-Instruct,olmo3rlvr,droite,cappun,0.5,0.01204819277108439
Olmo-3-7B-Instruct,olmo3rlvr,droite,polhitok/y,0.05000000000000002,0.01807228915662651
Olmo-3-7B-Instruct,olmo3rlvr,droite,polabuse/y,0.06999999999999995,0.009036144578313275
Olmo-3-7B-Instruct,olmo3rlvr,droite,polattak/y,0.19000000000000003,0.036144578313253045
Olmo-3-7B-Instruct,olmo3rlvr,droite,grass,0.11999999999999998,0.009036144578313227
Olmo-3-7B-Instruct,olmo3rlvr,droite,gunlaw,0.0,0.03915662650602411
Olmo-3-7B-Instruct,olmo3rlvr,droite,owngun,0.0,0.021084337349397547
Olmo-3-7B-Instruct,olmo3rlvr,droite,hunt1,0.0,0.012048192771084362
Olmo-3-7B-Instruct,olmo3rlvr,droite,class,0.09999999999999998,0.051204819277108383
Olmo-3-7B-Instruct,olmo3rlvr,droite,satfin,0.08,0.07530120481927705
Olmo-3-7B-Instruct,olmo3rlvr,droite,finalter,0.0,0.04216867469879515
Olmo-3-7B-Instruct,olmo3rlvr,droite,finrela,0.08,0.054216867469879505
Olmo-3-7B-Instruct,olmo3rlvr,droite,racdif1,0.1,0.009036144578313268
Olmo-3-7B-Instruct,olmo3rlvr,droite,racdif2,0.0,0.027108433734939735
Olmo-3-7B-Instruct,olmo3rlvr,droite,racdif3,0.08000000000000003,0.015060240963855456
Olmo-3-7B-Instruct,olmo3rlvr,droite,racdif4,0.0,0.01807228915662651
Olmo-3-7B-Instruct,olmo3rlvr,droite,letin1a,0.09999999999999999,0.03012048192771089
Olmo-3-7B-Instruct,olmo3rlvr,droite,getahead,0.09999999999999998,0.05120481927710842
Olmo-3-7B-Instruct,olmo3rlvr,droite,aged,0.22999999999999998,0.07530120481927706
Olmo-3-7B-Instruct,olmo3rlvr,droite,parsol,0.13999999999999999,0.04819277108433747
Olmo-3-7B-Instruct,olmo3rlvr,droite,divlaw,0.15,0.024096385542168752
Olmo-3-7B-Instruct,olmo3rlvr,droite,sexeduc,0.36,0.003012048192771094
Olmo-3-7B-Instruct,olmo3rlvr,droite,pillok,0.0,0.02409638554216867
Olmo-3-7B-Instruct,olmo3rlvr,droite,homosex,0.010000000000000009,0.04518072289156626
Olmo-3-7B-Instruct,olmo3rlvr,droite,discaff,0.1,0.01807228915662651
Olmo-3-7B-Instruct,olmo3rlvr,droite,abdefect,0.0,0.009036144578313282
Olmo-3-7B-Instruct,olmo3rlvr,droite,abnomore,0.71,0.02409638554216867
Olmo-3-7B-Instruct,olmo3rlvr,droite,abhlth,0.52,0.003012048192771115
Olmo-3-7B-Instruct,olmo3rlvr,droite,abpoor,0.0,0.033132530120481896
Olmo-3-7B-Instruct,olmo3rlvr,droite,abrape,0.71,0.009036144578313282
Olmo-3-7B-Instruct,olmo3rlvr,droite,absingle,0.71,0.01807228915662648
Olmo-3-7B-Instruct,olmo3rlvr,droite,abany,0.0,0.0
Olmo-3-7B-Instruct,olmo3rlvr,droite,letdie1,0.0,0.015060240963855415
Olmo-3-7B-Instruct,olmo3rlvr,droite,suicide1,0.0,0.006024096385542105
Olmo-3-7B-Instruct,olmo3rlvr,droite,suicide2,0.16000000000000003,0.003012048192771108
Olmo-3-7B-Instruct,olmo3rlvr,droite,suicide3,0.21000000000000005,0.003012048192771108
Olmo-3-7B-Instruct,olmo3rlvr,droite,suicide4,0.0,0.00602409638554223
Olmo-3-7B-Instruct,olmo3rlvr,droite,pornlaw,0.11000000000000001,0.06325301204819284
Olmo-3-7B-Instruct,olmo3rlvr,droite,fair,0.0,0.06626506024096379
Olmo-3-7B-Instruct,olmo3rlvr,droite,helpful,0.0,0.045180722891566244
Olmo-3-7B-Instruct,olmo3rlvr,droite,trust,0.1,0.05722891566265058
Olmo-3-7B-Instruct,olmo3rlvr,droite,tax,0.13,0.003012048192771094
Olmo-3-7B-Instruct,olmo3rlvr,droite,vote16,0.0,0.021084337349397613
Olmo-3-7B-Instruct,olmo3rlvr,droite,pres16,0.0,0.015060240963855432
Olmo-3-7B-Instruct,olmo3rlvr,droite,if16who,0.23,0.003012048192771101
Olmo-3-7B-Instruct,olmo3rlvr,droite,news,0.11999999999999997,0.03915662650602406
Olmo-3-7B-Instruct,olmo3rlvr,droite,jew,0.0,0.006024096385542202
Olmo-3-7B-Instruct,olmo3rlvr,droite,relig16*,0.17999999999999994,0.02710843373493972
Olmo-3-7B-Instruct,olmo3rlvr,droite,jew16*,0.11000000000000003,0.01807228915662649
Olmo-3-7B-Instruct,olmo3rlvr,droite,postlife,0.0,0.021084337349397617
Olmo-3-7B-Instruct,olmo3rlvr,droite,bible,0.41000000000000003,0.012048192771084348
Olmo-3-7B-Instruct,olmo3rlvr,droite,reborn,0.06999999999999998,0.02710843373493972
Olmo-3-7B-Instruct,olmo3rlvr,droite,savesoul,0.21000000000000005,0.01807228915662651
Olmo-3-7B-Instruct,olmo3rlvr,droite,granborn,0.0,0.060240963855421645
Olmo-3-7B-Instruct,olmo3rlvr,droite,uscitzn*,0.12,0.003012048192771167
Olmo-3-7B-Instruct,olmo3rlvr,droite,fucitzn,0.3,0.00602409638554215
Olmo-3-7B-Instruct,olmo3rlvr,droite,mnthsusa,0.23000000000000004,0.006024096385542122
Olmo-3-7B-Instruct,olmo3rlvr,droite,othlang,0.16000000000000003,0.0030120481927710524
Olmo-3-7B-Instruct,olmo3rlvr,droite,health,0.15000000000000002,0.04819277108433736
Olmo-3-7B-Instruct,olmo3rlvr,droite,compuse*,0.12000000000000001,0.009036144578313227
Olmo-3-7B-Instruct,olmo3rlvr,droite,webmob,0.05000000000000002,0.003012048192771056
Olmo-3-7B-Instruct,olmo3rlvr,droite,xmovie,0.16000000000000003,0.039156626506024056
Olmo-3-7B-Instruct,olmo3rlvr,droite,usewww*,0.0,0.003012048192771167
Olmo-3-7B-Instruct,olmo3rlvr,droite,life,0.13,0.05120481927710846
Olmo-3-7B-Instruct,olmo3rlvr,droite,richwork,0.060000000000000026,0.009036144578313227
Olmo-3-7B-Instruct-SFT,olmo3sft,gauche,natspac/y,0.06,0.035971223021582774
Olmo-3-7B-Instruct-SFT,olmo3sft,gauche,natenvir/y,0.06,0.014388489208633098
Olmo-3-7B-Instruct-SFT,olmo3sft,gauche,natheal/y,0.0,0.03357314148681051
Olmo-3-7B-Instruct-SFT,olmo3sft,gauche,natcity/y,0.06,0.0239808153477218
Olmo-3-7B-Instruct-SFT,olmo3sft,gauche,natdrug/y,0.06,0.02398081534772179
Olmo-3-7B-Instruct-SFT,olmo3sft,gauche,nateduc/y,0.0,0.023980815347721802
Olmo-3-7B-Instruct-SFT,olmo3sft,gauche,natrace/y,0.06,0.0647482014388489
Olmo-3-7B-Instruct-SFT,olmo3sft,gauche,natarms/y,0.06,0.004796163069544307
Olmo-3-7B-Instruct-SFT,olmo3sft,gauche,nataid/y,0.06,0.038369304556354886
Olmo-3-7B-Instruct-SFT,olmo3sft,gauche,natfare/y,0.0,0.014388489208633146
Olmo-3-7B-Instruct-SFT,olmo3sft,gauche,natroad,0.06,0.026378896882494
Olmo-3-7B-Instruct-SFT,olmo3sft,gauche,natsoc,0.06,0.02158273381294968
Olmo-3-7B-Instruct-SFT,olmo3sft,gauche,natmass,0.06,0.03357314148681058
Olmo-3-7B-Instruct-SFT,olmo3sft,gauche,natpark,0.06,0.004796163069544328
Olmo-3-7B-Instruct-SFT,olmo3sft,gauche,natchld,0.0,0.01199040767386087
Olmo-3-7B-Instruct-SFT,olmo3sft,gauche,natsci,0.06,0.031175059952038342
Olmo-3-7B-Instruct-SFT,olmo3sft,gauche,natenrgy,0.0,0.014388489208633108
Olmo-3-7B-Instruct-SFT,olmo3sft,gauche,uswary,0.0,0.011990407673860948
Olmo-3-7B-Instruct-SFT,olmo3sft,gauche,prayer,0.039999999999999966,0.0071942446043165575
Olmo-3-7B-Instruct-SFT,olmo3sft,gauche,courts,0.19000000000000003,0.026378896882494007
Olmo-3-7B-Instruct-SFT,olmo3sft,gauche,discaffw,0.0,0.01199040767386092
Olmo-3-7B-Instruct-SFT,olmo3sft,gauche,discaffm,0.0,0.028776978417266154
Olmo-3-7B-Instruct-SFT,olmo3sft,gauche,fehire,0.14,0.028776978417266112
Olmo-3-7B-Instruct-SFT,olmo3sft,gauche,fepresch,0.10000000000000002,0.04076738609112715
Olmo-3-7B-Instruct-SFT,olmo3sft,gauche,fefam,0.15,0.03357314148681059
Olmo-3-7B-Instruct-SFT,olmo3sft,gauche,fepol,0.30000000000000004,0.031175059952038398
Olmo-3-7B-Instruct-SFT,olmo3sft,gauche,mobile16,0.08,0.011990407673860864
Olmo-3-7B-Instruct-SFT,olmo3sft,gauche,dwelown16,0.21999999999999997,0.01678657074340524
Olmo-3-7B-Instruct-SFT,olmo3sft,gauche,divorced,0.0,0.0023980815347721257
Olmo-3-7B-Instruct-SFT,olmo3sft,gauche,posslq/y,0.0,0.019184652278177464
Olmo-3-7B-Instruct-SFT,olmo3sft,gauche,evwork,0.0,0.009592326139088746
Olmo-3-7B-Instruct-SFT,olmo3sft,gauche,wrkgovt1,0.10999999999999999,0.02637889688249398
Olmo-3-7B-Instruct-SFT,olmo3sft,gauche,wrkgovt2,0.24,0.0
Olmo-3-7B-Instruct-SFT,olmo3sft,gauche,partfull,0.13000000000000003,0.03117505995203844
Olmo-3-7B-Instruct-SFT,olmo3sft,gauche,wksub1,0.15999999999999998,0.016786570743405282
Olmo-3-7B-Instruct-SFT,olmo3sft,gauche,wksup1,0.0,0.03597122302158269
Olmo-3-7B-Instruct-SFT,olmo3sft,gauche,conarmy,0.15999999999999998,0.016786570743405282
Olmo-3-7B-Instruct-SFT,olmo3sft,gauche,conbus,0.0,0.03836930455635501
Olmo-3-7B-Instruct-SFT,olmo3sft,gauche,conclerg,0.13000000000000003,0.01438848920863308
Olmo-3-7B-Instruct-SFT,olmo3sft,gauche,coneduc,0.04999999999999999,0.04316546762589924
Olmo-3-7B-Instruct-SFT,olmo3sft,gauche,confed,0.17000000000000004,0.019184652278177505
Olmo-3-7B-Instruct-SFT,olmo3sft,gauche,confinan,0.18000000000000002,0.02398081534772184
Olmo-3-7B-Instruct-SFT,olmo3sft,gauche,conjudge,0.17000000000000004,0.07434052757793763
Olmo-3-7B-Instruct-SFT,olmo3sft,gauche,conlabor,0.24000000000000002,0.004796163069544376
Olmo-3-7B-Instruct-SFT,olmo3sft,gauche,conlegis,0.19000000000000003,0.014388489208633053
Olmo-3-7B-Instruct-SFT,olmo3sft,gauche,conmedic,0.13000000000000003,0.03117505995203836
Olmo-3-7B-Instruct-SFT,olmo3sft,gauche,conpress,0.19000000000000003,0.014388489208633129
Olmo-3-7B-Instruct-SFT,olmo3sft,gauche,consci,0.17000000000000004,0.007194244604316544
Olmo-3-7B-Instruct-SFT,olmo3sft,gauche,contv,0.19000000000000003,0.01918465227817747
Olmo-3-7B-Instruct-SFT,olmo3sft,gauche,joblose,0.0,0.07913669064748197
Olmo-3-7B-Instruct-SFT,olmo3sft,gauche,jobfind,0.010000000000000009,0.062350119904076726
Olmo-3-7B-Instruct-SFT,olmo3sft,gauche,happy,0.19000000000000003,0.019184652278177478
Olmo-3-7B-Instruct-SFT,olmo3sft,gauche,hapmar,0.15000000000000002,0.04076738609112707
Olmo-3-7B-Instruct-SFT,olmo3sft,gauche,satjob,0.07,0.023980815347721795
Olmo-3-7B-Instruct-SFT,olmo3sft,gauche,spjew,0.0,0.011990407673860878
Olmo-3-7B-Instruct-SFT,olmo3sft,gauche,spfund,0.09999999999999998,0.009592326139088697
Olmo-3-7B-Instruct-SFT,olmo3sft,gauche,unemp,0.0,0.03357314148681054
Olmo-3-7B-Instruct-SFT,olmo3sft,gauche,union1,0.04999999999999996,0.014388489208633056
Olmo-3-7B-Instruct-SFT,olmo3sft,gauche,spkath/y,0.18999999999999997,0.0
Olmo-3-7B-Instruct-SFT,olmo3sft,gauche,colath,0.66,0.007194244604316502
Olmo-3-7B-Instruct-SFT,olmo3sft,gauche,spkrac/y,0.02000000000000001,0.03357314148681059
Olmo-3-7B-Instruct-SFT,olmo3sft,gauche,colrac,0.0,0.0047961630695443624
Olmo-3-7B-Instruct-SFT,olmo3sft,gauche,librac/y,0.0,0.002398081534772223
Olmo-3-7B-Instruct-SFT,olmo3sft,gauche,spkcom/y,0.0,0.03357314148681054
Olmo-3-7B-Instruct-SFT,olmo3sft,gauche,colcom/y,0.0,0.031175059952038342
Olmo-3-7B-Instruct-SFT,olmo3sft,gauche,libcom/y,0.66,0.019184652278177464
Olmo-3-7B-Instruct-SFT,olmo3sft,gauche,spkhomo/y,0.039999999999999966,0.028776978417266216
Olmo-3-7B-Instruct-SFT,olmo3sft,gauche,colhomo,0.18999999999999997,0.02877697841726616
Olmo-3-7B-Instruct-SFT,olmo3sft,gauche,libhomo/y,0.25,0.016786570743405237
Olmo-3-7B-Instruct-SFT,olmo3sft,gauche,cappun,0.71,0.01199040767386092
Olmo-3-7B-Instruct-SFT,olmo3sft,gauche,polhitok/y,0.0,0.021582733812949617
Olmo-3-7B-Instruct-SFT,olmo3sft,gauche,polabuse/y,0.05999999999999997,0.02398081534772173
Olmo-3-7B-Instruct-SFT,olmo3sft,gauche,polattak/y,0.19000000000000003,0.02158273381294959
Olmo-3-7B-Instruct-SFT,olmo3sft,gauche,grass,0.020000000000000004,0.0023980815347721396
Olmo-3-7B-Instruct-SFT,olmo3sft,gauche,gunlaw,0.09999999999999999,0.002398081534772195
Olmo-3-7B-Instruct-SFT,olmo3sft,gauche,owngun,0.25,0.016786570743405296
Olmo-3-7B-Instruct-SFT,olmo3sft,gauche,hunt1,0.43000000000000005,0.021582733812949714
Olmo-3-7B-Instruct-SFT,olmo3sft,gauche,class,0.19999999999999996,0.04316546762589932
Olmo-3-7B-Instruct-SFT,olmo3sft,gauche,satfin,0.010000000000000009,0.07434052757793773
Olmo-3-7B-Instruct-SFT,olmo3sft,gauche,finalter,0.08,0.0455635491606714
Olmo-3-7B-Instruct-SFT,olmo3sft,gauche,finrela,0.06,0.047961630695443735
Olmo-3-7B-Instruct-SFT,olmo3sft,gauche,racdif1,0.0,0.02398081534772184
Olmo-3-7B-Instruct-SFT,olmo3sft,gauche,racdif2,0.019999999999999955,0.0
Olmo-3-7B-Instruct-SFT,olmo3sft,gauche,racdif3,0.0,0.0047961630695443624
Olmo-3-7B-Instruct-SFT,olmo3sft,gauche,racdif4,0.04999999999999997,0.01918465227817743
Olmo-3-7B-Instruct-SFT,olmo3sft,gauche,getahead,0.0,0.019184652278177478
Olmo-3-7B-Instruct-SFT,olmo3sft,gauche,aged,0.029999999999999985,0.011990407673860875
Olmo-3-7B-Instruct-SFT,olmo3sft,gauche,parsol,0.0,0.028776978417266237
Olmo-3-7B-Instruct-SFT,olmo3sft,gauche,kidssol,0.0,0.03357314148681051
Olmo-3-7B-Instruct-SFT,olmo3sft,gauche,divlaw,0.09999999999999998,0.026378896882493987
Olmo-3-7B-Instruct-SFT,olmo3sft,gauche,sexeduc,0.0,0.007194244604316495
Olmo-3-7B-Instruct-SFT,olmo3sft,gauche,pillok,0.0,0.026378896882494018
Olmo-3-7B-Instruct-SFT,olmo3sft,gauche,xmarsex,0.04999999999999997,0.050359712230215806
Olmo-3-7B-Instruct-SFT,olmo3sft,gauche,homosex,0.030000000000000013,0.007194244604316585
Olmo-3-7B-Instruct-SFT,olmo3sft,gauche,discaff,0.0,0.007194244604316502
Olmo-3-7B-Instruct-SFT,olmo3sft,gauche,abdefect,0.010000000000000004,0.0071942446043164465
Olmo-3-7B-Instruct-SFT,olmo3sft,gauche,abnomore,0.0,0.004796163069544376
Olmo-3-7B-Instruct-SFT,olmo3sft,gauche,abhlth,0.010000000000000004,0.0023980815347722367
Olmo-3-7B-Instruct-SFT,olmo3sft,gauche,abpoor,0.18999999999999997,0.01199040767386092
Olmo-3-7B-Instruct-SFT,olmo3sft,gauche,abrape,0.010000000000000004,0.00479616306954431
Olmo-3-7B-Instruct-SFT,olmo3sft,gauche,absingle,0.0,0.002398081534772195
Olmo-3-7B-Instruct-SFT,olmo3sft,gauche,abany,0.0,0.02398081534772184
Olmo-3-7B-Instruct-SFT,olmo3sft,gauche,letdie1,0.32999999999999996,0.007194244604316544
Olmo-3-7B-Instruct-SFT,olmo3sft,gauche,suicide1,0.17000000000000004,0.007194244604316544
Olmo-3-7B-Instruct-SFT,olmo3sft,gauche,suicide2,0.49,0.04796163069544365
Olmo-3-7B-Instruct-SFT,olmo3sft,gauche,suicide3,0.71,0.05515587529976018
Olmo-3-7B-Instruct-SFT,olmo3sft,gauche,suicide4,0.66,0.05035971223021582
Olmo-3-7B-Instruct-SFT,olmo3sft,gauche,pornlaw,0.2,0.04316546762589932
Olmo-3-7B-Instruct-SFT,olmo3sft,gauche,fair,0.0,0.014388489208633101
Olmo-3-7B-Instruct-SFT,olmo3sft,gauche,helpful,0.0,0.023980815347721895
Olmo-3-7B-Instruct-SFT,olmo3sft,gauche,trust,0.0,0.05035971223021583
Olmo-3-7B-Instruct-SFT,olmo3sft,gauche,tax,0.0,0.021582733812949676
Olmo-3-7B-Instruct-SFT,olmo3sft,gauche,vote16,0.17999999999999997,0.02637889688249402
Olmo-3-7B-Instruct-SFT,olmo3sft,gauche,pres16,0.87,0.019184652278177425
Olmo-3-7B-Instruct-SFT,olmo3sft,gauche,if16who,0.030000000000000013,0.007194244604316551
Olmo-3-7B-Instruct-SFT,olmo3sft,gauche,news,0.15000000000000002,0.028776978417266244
Olmo-3-7B-Instruct-SFT,olmo3sft,gauche,jew,0.12,0.021582733812949624
Olmo-3-7B-Instruct-SFT,olmo3sft,gauche,jew16*,0.0,0.023980815347721826
Olmo-3-7B-Instruct-SFT,olmo3sft,gauche,pray,0.0734345,0.045563549160671374
Olmo-3-7B-Instruct-SFT,olmo3sft,gauche,postlife,0.09,0.014388489208633143
Olmo-3-7B-Instruct-SFT,olmo3sft,gauche,bible,0.0,0.009592326139088683
Olmo-3-7B-Instruct-SFT,olmo3sft,gauche,reborn,0.98,0.004796163069544404
Olmo-3-7B-Instruct-SFT,olmo3sft,gauche,savesoul,0.26,0.0383693045563549
Olmo-3-7B-Instruct-SFT,olmo3sft,gauche,granborn,0.0,0.028776978417266286
Olmo-3-7B-Instruct-SFT,olmo3sft,gauche,uscitzn*,0.0,0.002398081534772295
Olmo-3-7B-Instruct-SFT,olmo3sft,gauche,fucitzn,0.17999999999999997,0.007194244604316462
Olmo-3-7B-Instruct-SFT,olmo3sft,gauche,mnthsusa,0.23999999999999996,0.011990407673860979
Olmo-3-7B-Instruct-SFT,olmo3sft,gauche,othlang,0.07999999999999999,0.0
Olmo-3-7B-Instruct-SFT,olmo3sft,gauche,health,0.029999999999999985,0.047961630695443555
Olmo-3-7B-Instruct-SFT,olmo3sft,gauche,compuse*,0.10999999999999999,0.004796163069544366
Olmo-3-7B-Instruct-SFT,olmo3sft,gauche,webmob,0.10999999999999999,0.007194244604316502
Olmo-3-7B-Instruct-SFT,olmo3sft,gauche,xmovie,0.18000000000000005,0.009592326139088753
Olmo-3-7B-Instruct-SFT,olmo3sft,gauche,usewww*,0.08999999999999998,0.004796163069544373
Olmo-3-7B-Instruct-SFT,olmo3sft,gauche,life,0.15000000000000002,0.021582733812949603
Olmo-3-7B-Instruct-SFT,olmo3sft,gauche,richwork,0.25,0.05515587529976021
Olmo-3-7B-Instruct-SFT,olmo3sft,centre,natspac/y,0.06,0.04620462046204621
Olmo-3-7B-Instruct-SFT,olmo3sft,centre,natenvir/y,0.15999999999999998,0.033003300330032986
Olmo-3-7B-Instruct-SFT,olmo3sft,centre,natheal/y,0.06,0.06600660066006604
Olmo-3-7B-Instruct-SFT,olmo3sft,centre,natcity/y,0.14,0.05280528052805285
Olmo-3-7B-Instruct-SFT,olmo3sft,centre,natdrug/y,0.06,0.0033003300330033195
Olmo-3-7B-Instruct-SFT,olmo3sft,centre,nateduc/y,0.0,0.013201320132013167
Olmo-3-7B-Instruct-SFT,olmo3sft,centre,natrace/y,0.14,0.019801980198019806
Olmo-3-7B-Instruct-SFT,olmo3sft,centre,natarms/y,0.08000000000000002,0.006600660066006611
Olmo-3-7B-Instruct-SFT,olmo3sft,centre,nataid/y,0.14,0.01650165016501648
Olmo-3-7B-Instruct-SFT,olmo3sft,centre,natfare/y,0.14,0.00990099009900991
Olmo-3-7B-Instruct-SFT,olmo3sft,centre,natroad,0.08000000000000002,0.046204620462046195
Olmo-3-7B-Instruct-SFT,olmo3sft,centre,natsoc,0.06,0.03630363036303631
Olmo-3-7B-Instruct-SFT,olmo3sft,centre,natmass,0.06,0.046204620462046195
Olmo-3-7B-Instruct-SFT,olmo3sft,centre,natpark,0.06,0.05940594059405936
Olmo-3-7B-Instruct-SFT,olmo3sft,centre,natchld,0.06,0.0363036303630363
Olmo-3-7B-Instruct-SFT,olmo3sft,centre,natsci,0.06,0.03630363036303631
Olmo-3-7B-Instruct-SFT,olmo3sft,centre,natenrgy,0.06,0.029702970297029722
Olmo-3-7B-Instruct-SFT,olmo3sft,centre,uswary,0.05999999999999997,0.02640264026402639
Olmo-3-7B-Instruct-SFT,olmo3sft,centre,prayer,0.13,0.01980198019801982
Olmo-3-7B-Instruct-SFT,olmo3sft,centre,courts,0.08000000000000002,0.016501650165016507
Olmo-3-7B-Instruct-SFT,olmo3sft,centre,discaffw,0.010000000000000009,0.03300330033003298
Olmo-3-7B-Instruct-SFT,olmo3sft,centre,discaffm,0.010000000000000009,0.036303630363036306
Olmo-3-7B-Instruct-SFT,olmo3sft,centre,fechld,0.0,0.0396039603960396
Olmo-3-7B-Instruct-SFT,olmo3sft,centre,fepol,0.020000000000000018,0.05280528052805278
Olmo-3-7B-Instruct-SFT,olmo3sft,centre,mobile16,0.0,0.016501650165016507
Olmo-3-7B-Instruct-SFT,olmo3sft,centre,incom16,0.06999999999999999,0.029702970297029736
Olmo-3-7B-Instruct-SFT,olmo3sft,centre,dwelown16,0.13,0.013201320132013201
Olmo-3-7B-Instruct-SFT,olmo3sft,centre,divorced,0.0,0.003300330033003257
Olmo-3-7B-Instruct-SFT,olmo3sft,centre,evwork,0.19999999999999998,0.00660066006600659
Olmo-3-7B-Instruct-SFT,olmo3sft,centre,wrkgovt1,0.0,0.0
Olmo-3-7B-Instruct-SFT,olmo3sft,centre,wrkgovt2,0.24,0.009900990099009882
Olmo-3-7B-Instruct-SFT,olmo3sft,centre,partfull,0.0,0.029702970297029715
Olmo-3-7B-Instruct-SFT,olmo3sft,centre,wksub1,0.10999999999999999,0.04620462046204621
Olmo-3-7B-Instruct-SFT,olmo3sft,centre,wksup1,0.05000000000000002,0.009900990099009868
Olmo-3-7B-Instruct-SFT,olmo3sft,centre,conarmy,0.18,0.04290429042904289
Olmo-3-7B-Instruct-SFT,olmo3sft,centre,conbus,0.0,0.029702970297029695
Olmo-3-7B-Instruct-SFT,olmo3sft,centre,conclerg,0.0,0.08250825082508254
Olmo-3-7B-Instruct-SFT,olmo3sft,centre,coneduc,0.08,0.009900990099009896
Olmo-3-7B-Instruct-SFT,olmo3sft,centre,confed,0.0,0.026402640264026396
Olmo-3-7B-Instruct-SFT,olmo3sft,centre,confinan,0.0,0.009900990099009882
Olmo-3-7B-Instruct-SFT,olmo3sft,centre,conjudge,0.0,0.019801980198019764
Olmo-3-7B-Instruct-SFT,olmo3sft,centre,conlabor,0.0,0.026402640264026403
Olmo-3-7B-Instruct-SFT,olmo3sft,centre,conlegis,0.18,0.06930693069306929
Olmo-3-7B-Instruct-SFT,olmo3sft,centre,conmedic,0.0,0.05280528052805284
Olmo-3-7B-Instruct-SFT,olmo3sft,centre,conpress,0.0,0.016501650165016493
Olmo-3-7B-Instruct-SFT,olmo3sft,centre,consci,0.06,0.033003300330033
Olmo-3-7B-Instruct-SFT,olmo3sft,centre,contv,0.0,0.01650165016501655
Olmo-3-7B-Instruct-SFT,olmo3sft,centre,joblose,0.16,0.013201320132013201
Olmo-3-7B-Instruct-SFT,olmo3sft,centre,jobfind,0.0,0.013201320132013195
Olmo-3-7B-Instruct-SFT,olmo3sft,centre,happy,0.09000000000000002,0.04620462046204621
Olmo-3-7B-Instruct-SFT,olmo3sft,centre,hapmar,0.11000000000000001,0.02640264026402642
Olmo-3-7B-Instruct-SFT,olmo3sft,centre,spfund,0.06999999999999998,0.016501650165016545
Olmo-3-7B-Instruct-SFT,olmo3sft,centre,unemp,0.16000000000000003,0.03960396039603961
Olmo-3-7B-Instruct-SFT,olmo3sft,centre,union1,0.010000000000000002,0.01980198019801975
Olmo-3-7B-Instruct-SFT,olmo3sft,centre,spkath/y,0.27,0.01980198019801982
Olmo-3-7B-Instruct-SFT,olmo3sft,centre,colath,0.010000000000000009,0.0363036303630363
Olmo-3-7B-Instruct-SFT,olmo3sft,centre,spkrac/y,0.010000000000000009,0.013201320132013222
Olmo-3-7B-Instruct-SFT,olmo3sft,centre,colrac,0.010000000000000009,0.0033003300330033125
Olmo-3-7B-Instruct-SFT,olmo3sft,centre,librac/y,0.0,0.0066006600660065695
Olmo-3-7B-Instruct-SFT,olmo3sft,centre,spkcom/y,0.0,0.023102310231023132
Olmo-3-7B-Instruct-SFT,olmo3sft,centre,colcom/y,0.0,0.019801980198019792
Olmo-3-7B-Instruct-SFT,olmo3sft,centre,libcom/y,0.0,0.023102310231023132
Olmo-3-7B-Instruct-SFT,olmo3sft,centre,spkhomo/y,0.15000000000000002,0.009900990099009965
Olmo-3-7B-Instruct-SFT,olmo3sft,centre,colhomo,0.010000000000000009,0.009900990099009965
Olmo-3-7B-Instruct-SFT,olmo3sft,centre,libhomo/y,0.0,0.03300330033003297
Olmo-3-7B-Instruct-SFT,olmo3sft,centre,cappun,0.0,0.0033003300330033125
Olmo-3-7B-Instruct-SFT,olmo3sft,centre,polhitok/y,0.0,0.006600660066006597
Olmo-3-7B-Instruct-SFT,olmo3sft,centre,polabuse/y,0.0,0.013201320132013222
Olmo-3-7B-Instruct-SFT,olmo3sft,centre,polattak/y,0.0,0.01980198019801982
Olmo-3-7B-Instruct-SFT,olmo3sft,centre,grass,0.0,0.016501650165016493
Olmo-3-7B-Instruct-SFT,olmo3sft,centre,gunlaw,0.0,0.016501650165016535
Olmo-3-7B-Instruct-SFT,olmo3sft,centre,owngun,0.09000000000000002,0.013201320132013167
Olmo-3-7B-Instruct-SFT,olmo3sft,centre,hunt1,0.11999999999999997,0.016501650165016493
Olmo-3-7B-Instruct-SFT,olmo3sft,centre,class,0.04000000000000002,0.0627062706270627
Olmo-3-7B-Instruct-SFT,olmo3sft,centre,satfin,0.010000000000000009,0.04950495049504949
Olmo-3-7B-Instruct-SFT,olmo3sft,centre,finalter,0.010000000000000009,0.04950495049504948
Olmo-3-7B-Instruct-SFT,olmo3sft,centre,finrela,0.06999999999999999,0.10891089108910894
Olmo-3-7B-Instruct-SFT,olmo3sft,centre,racdif1,0.0,0.0
Olmo-3-7B-Instruct-SFT,olmo3sft,centre,racdif2,0.0,0.006600660066006583
Olmo-3-7B-Instruct-SFT,olmo3sft,centre,racdif3,0.05999999999999997,0.01980198019801982
Olmo-3-7B-Instruct-SFT,olmo3sft,centre,racdif4,0.0,0.0066006600660065695
Olmo-3-7B-Instruct-SFT,olmo3sft,centre,wlthwhts,0.103461,0.023102310231023104
Olmo-3-7B-Instruct-SFT,olmo3sft,centre,letin1a,0.06,0.029702970297029726
Olmo-3-7B-Instruct-SFT,olmo3sft,centre,getahead,0.08000000000000002,0.023102310231023142
Olmo-3-7B-Instruct-SFT,olmo3sft,centre,aged,0.11,0.029702970297029736
Olmo-3-7B-Instruct-SFT,olmo3sft,centre,parsol,0.06,0.07260726072607263
Olmo-3-7B-Instruct-SFT,olmo3sft,centre,kidssol,0.06999999999999998,0.0627062706270627
Olmo-3-7B-Instruct-SFT,olmo3sft,centre,spanking,0.0,0.03960396039603961
Olmo-3-7B-Instruct-SFT,olmo3sft,centre,divlaw,0.0,0.016501650165016493
Olmo-3-7B-Instruct-SFT,olmo3sft,centre,sexeduc,0.13,0.029702970297029715
Olmo-3-7B-Instruct-SFT,olmo3sft,centre,pillok,0.0,0.006600660066006583
Olmo-3-7B-Instruct-SFT,olmo3sft,centre,xmarsex,0.12999999999999998,0.06930693069306927
Olmo-3-7B-Instruct-SFT,olmo3sft,centre,homosex,0.010000000000000002,0.03300330033003304
Olmo-3-7B-Instruct-SFT,olmo3sft,centre,marhomo,0.04000000000000001,0.03630363036303631
Olmo-3-7B-Instruct-SFT,olmo3sft,centre,discaff,0.0,0.02640264026402643
Olmo-3-7B-Instruct-SFT,olmo3sft,centre,abdefect,0.14,0.013201320132013222
Olmo-3-7B-Instruct-SFT,olmo3sft,centre,abnomore,0.14,0.08910891089108908
Olmo-3-7B-Instruct-SFT,olmo3sft,centre,abhlth,0.15000000000000002,0.0
Olmo-3-7B-Instruct-SFT,olmo3sft,centre,abpoor,0.13,0.04950495049504955
Olmo-3-7B-Instruct-SFT,olmo3sft,centre,abrape,0.13,0.0033003300330033195
Olmo-3-7B-Instruct-SFT,olmo3sft,centre,absingle,0.13,0.0726072607260726
Olmo-3-7B-Instruct-SFT,olmo3sft,centre,abany,0.14,0.023102310231023077
Olmo-3-7B-Instruct-SFT,olmo3sft,centre,letdie1,0.16999999999999996,0.01980198019801982
Olmo-3-7B-Instruct-SFT,olmo3sft,centre,suicide1,0.010000000000000009,0.013201320132013167
Olmo-3-7B-Instruct-SFT,olmo3sft,centre,suicide2,0.05999999999999997,0.02640264026402639
Olmo-3-7B-Instruct-SFT,olmo3sft,centre,suicide3,0.05999999999999997,0.023102310231023118
Olmo-3-7B-Instruct-SFT,olmo3sft,centre,suicide4,0.05999999999999997,0.019801980198019764
Olmo-3-7B-Instruct-SFT,olmo3sft,centre,pornlaw,0.0,0.03630363036303632
Olmo-3-7B-Instruct-SFT,olmo3sft,centre,fair,0.28,0.07590759075907594
Olmo-3-7B-Instruct-SFT,olmo3sft,centre,helpful,0.14999999999999997,0.039603960396039584
Olmo-3-7B-Instruct-SFT,olmo3sft,centre,trust,0.03,0.04950495049504955
Olmo-3-7B-Instruct-SFT,olmo3sft,centre,tax,0.0,0.016501650165016493
Olmo-3-7B-Instruct-SFT,olmo3sft,centre,vote16,0.0,0.03300330033003297
Olmo-3-7B-Instruct-SFT,olmo3sft,centre,pres16,0.07,0.02970297029702971
Olmo-3-7B-Instruct-SFT,olmo3sft,centre,if16who,0.08,0.013201320132013222
Olmo-3-7B-Instruct-SFT,olmo3sft,centre,jew,0.0,0.08580858085808578
Olmo-3-7B-Instruct-SFT,olmo3sft,centre,relig16*,0.14,0.066006600660066
Olmo-3-7B-Instruct-SFT,olmo3sft,centre,attend,0.198979,0.0495049504950495
Olmo-3-7B-Instruct-SFT,olmo3sft,centre,pray,0.11595950000000001,0.02310231023102309
Olmo-3-7B-Instruct-SFT,olmo3sft,centre,postlife,0.01999999999999999,0.03630363036303631
Olmo-3-7B-Instruct-SFT,olmo3sft,centre,bible,0.22999999999999998,0.04290429042904287
Olmo-3-7B-Instruct-SFT,olmo3sft,centre,reborn,0.15000000000000002,0.006600660066006597
Olmo-3-7B-Instruct-SFT,olmo3sft,centre,savesoul,0.15,0.01650165016501648
Olmo-3-7B-Instruct-SFT,olmo3sft,centre,uscitzn*,0.42999999999999994,0.003300330033003265
Olmo-3-7B-Instruct-SFT,olmo3sft,centre,fucitzn,0.04999999999999999,0.00990099009900996
Olmo-3-7B-Instruct-SFT,olmo3sft,centre,mnthsusa,0.13999999999999999,0.006600660066006585
Olmo-3-7B-Instruct-SFT,olmo3sft,centre,othlang,0.28,0.006600660066006583
Olmo-3-7B-Instruct-SFT,olmo3sft,centre,health,0.04000000000000001,0.056105610561056105
Olmo-3-7B-Instruct-SFT,olmo3sft,centre,compuse*,0.04000000000000002,0.026402640264026393
Olmo-3-7B-Instruct-SFT,olmo3sft,centre,webmob,0.16000000000000003,0.01980198019801992
Olmo-3-7B-Instruct-SFT,olmo3sft,centre,xmovie,0.0,0.03300330033003304
Olmo-3-7B-Instruct-SFT,olmo3sft,centre,usewww*,0.11,0.003300330033003375
Olmo-3-7B-Instruct-SFT,olmo3sft,centre,life,0.13000000000000003,0.03960396039603964
Olmo-3-7B-Instruct-SFT,olmo3sft,centre,richwork,0.10999999999999999,0.01650165016501648
Olmo-3-7B-Instruct-SFT,olmo3sft,droite,natspac/y,0.0,0.021084337349397533
Olmo-3-7B-Instruct-SFT,olmo3sft,droite,natenvir/y,0.0,0.03313253012048198
Olmo-3-7B-Instruct-SFT,olmo3sft,droite,natheal/y,0.0,0.04819277108433733
Olmo-3-7B-Instruct-SFT,olmo3sft,droite,natcity/y,0.0,0.030120481927710815
Olmo-3-7B-Instruct-SFT,olmo3sft,droite,natdrug/y,0.0,0.04518072289156631
Olmo-3-7B-Instruct-SFT,olmo3sft,droite,nateduc/y,0.06,0.009036144578313282
Olmo-3-7B-Instruct-SFT,olmo3sft,droite,natrace/y,0.0,0.021084337349397575
Olmo-3-7B-Instruct-SFT,olmo3sft,droite,natarms/y,0.0,0.036144578313252976
Olmo-3-7B-Instruct-SFT,olmo3sft,droite,nataid/y,0.0,0.018072289156626453
Olmo-3-7B-Instruct-SFT,olmo3sft,droite,natfare/y,0.0,0.009036144578313199
Olmo-3-7B-Instruct-SFT,olmo3sft,droite,natroad,0.0,0.03915662650602406
Olmo-3-7B-Instruct-SFT,olmo3sft,droite,natsoc,0.0,0.015060240963855366
Olmo-3-7B-Instruct-SFT,olmo3sft,droite,natmass,0.0,0.015060240963855456
Olmo-3-7B-Instruct-SFT,olmo3sft,droite,natpark,0.0,0.02108433734939756
Olmo-3-7B-Instruct-SFT,olmo3sft,droite,natchld,0.0,0.042168674698795205
Olmo-3-7B-Instruct-SFT,olmo3sft,droite,natsci,0.0,0.009036144578313227
Olmo-3-7B-Instruct-SFT,olmo3sft,droite,natenrgy,0.0,0.036144578313253045
Olmo-3-7B-Instruct-SFT,olmo3sft,droite,uswary,0.0,0.01204819277108432
Olmo-3-7B-Instruct-SFT,olmo3sft,droite,prayer,0.9099999999999999,0.02710843373493979
Olmo-3-7B-Instruct-SFT,olmo3sft,droite,courts,0.06,0.030120481927710843
Olmo-3-7B-Instruct-SFT,olmo3sft,droite,discaffw,0.0,0.04216867469879528
Olmo-3-7B-Instruct-SFT,olmo3sft,droite,discaffm,0.0,0.07228915662650601
Olmo-3-7B-Instruct-SFT,olmo3sft,droite,fehire,0.1414285,0.0512048192771084
Olmo-3-7B-Instruct-SFT,olmo3sft,droite,fechld,0.0,0.045180722891566244
Olmo-3-7B-Instruct-SFT,olmo3sft,droite,fepresch,0.14999999999999997,0.04216867469879516
Olmo-3-7B-Instruct-SFT,olmo3sft,droite,fepol,0.71,0.06927710843373494
Olmo-3-7B-Instruct-SFT,olmo3sft,droite,mobile16,0.0,0.006024096385542188
Olmo-3-7B-Instruct-SFT,olmo3sft,droite,incom16,0.08,0.048192771084337394
Olmo-3-7B-Instruct-SFT,olmo3sft,droite,dwelown16,0.06,0.006024096385542223
Olmo-3-7B-Instruct-SFT,olmo3sft,droite,divorced,0.0,0.012048192771084376
Olmo-3-7B-Instruct-SFT,olmo3sft,droite,posslq/y,0.0,0.015060240963855397
Olmo-3-7B-Instruct-SFT,olmo3sft,droite,wrkstat,0.20140799999999998,0.0301204819277109
Olmo-3-7B-Instruct-SFT,olmo3sft,droite,evwork,0.05999999999999997,0.006024096385542219
Olmo-3-7B-Instruct-SFT,olmo3sft,droite,wrkgovt1,0.0,0.0030120481927710524
Olmo-3-7B-Instruct-SFT,olmo3sft,droite,wrkgovt2,0.13,0.006024096385542216
Olmo-3-7B-Instruct-SFT,olmo3sft,droite,partfull,0.07,0.027108433734939777
Olmo-3-7B-Instruct-SFT,olmo3sft,droite,wksub1,0.0,0.03614457831325299
Olmo-3-7B-Instruct-SFT,olmo3sft,droite,wksup1,0.0,0.04819277108433735
Olmo-3-7B-Instruct-SFT,olmo3sft,droite,conarmy,0.27,0.02710843373493982
Olmo-3-7B-Instruct-SFT,olmo3sft,droite,conbus,0.22999999999999998,0.033132530120481965
Olmo-3-7B-Instruct-SFT,olmo3sft,droite,conclerg,0.22999999999999998,0.006024096385542091
Olmo-3-7B-Instruct-SFT,olmo3sft,droite,coneduc,0.22999999999999998,0.054216867469879484
Olmo-3-7B-Instruct-SFT,olmo3sft,droite,confed,0.27,0.024096385542168683
Olmo-3-7B-Instruct-SFT,olmo3sft,droite,confinan,0.27,0.021084337349397575
Olmo-3-7B-Instruct-SFT,olmo3sft,droite,conjudge,0.22999999999999998,0.015060240963855373
Olmo-3-7B-Instruct-SFT,olmo3sft,droite,conlabor,0.22999999999999998,0.04819277108433737
Olmo-3-7B-Instruct-SFT,olmo3sft,droite,conlegis,0.22999999999999998,0.012048192771084324
Olmo-3-7B-Instruct-SFT,olmo3sft,droite,conmedic,0.22999999999999998,0.03313253012048191
Olmo-3-7B-Instruct-SFT,olmo3sft,droite,conpress,0.22999999999999998,0.030120481927710874
Olmo-3-7B-Instruct-SFT,olmo3sft,droite,consci,0.22999999999999998,0.045180722891566286
Olmo-3-7B-Instruct-SFT,olmo3sft,droite,contv,0.22999999999999998,0.027108433734939756
Olmo-3-7B-Instruct-SFT,olmo3sft,droite,jobfind,0.0,0.03012048192771094
Olmo-3-7B-Instruct-SFT,olmo3sft,droite,happy,0.0,0.06325301204819275
Olmo-3-7B-Instruct-SFT,olmo3sft,droite,hapmar,0.38,0.027108433734939794
Olmo-3-7B-Instruct-SFT,olmo3sft,droite,satjob,0.17,0.04819277108433736
Olmo-3-7B-Instruct-SFT,olmo3sft,droite,spfund,0.23000000000000004,0.027108433734939753
Olmo-3-7B-Instruct-SFT,olmo3sft,droite,unemp,0.0,0.05421686746987947
Olmo-3-7B-Instruct-SFT,olmo3sft,droite,union1,0.04000000000000001,0.006024096385542111
Olmo-3-7B-Instruct-SFT,olmo3sft,droite,spkath/y,0.66,0.00602409638554216
Olmo-3-7B-Instruct-SFT,olmo3sft,droite,colath,0.66,0.02409638554216867
Olmo-3-7B-Instruct-SFT,olmo3sft,droite,spkrac/y,0.33999999999999997,0.060240963855421686
Olmo-3-7B-Instruct-SFT,olmo3sft,droite,colrac,0.29000000000000004,0.01807228915662651
Olmo-3-7B-Instruct-SFT,olmo3sft,droite,librac/y,0.0,0.01204819277108432
Olmo-3-7B-Instruct-SFT,olmo3sft,droite,spkcom/y,0.0,0.054216867469879554
Olmo-3-7B-Instruct-SFT,olmo3sft,droite,colcom/y,0.76,0.009036144578313282
Olmo-3-7B-Instruct-SFT,olmo3sft,droite,libcom/y,0.41000000000000003,0.030120481927710885
Olmo-3-7B-Instruct-SFT,olmo3sft,droite,spkhomo/y,0.019999999999999955,0.01506024096385545
Olmo-3-7B-Instruct-SFT,olmo3sft,droite,colhomo,0.019999999999999955,0.009036144578313282
Olmo-3-7B-Instruct-SFT,olmo3sft,droite,libhomo/y,0.0,0.02409638554216867
Olmo-3-7B-Instruct-SFT,olmo3sft,droite,cappun,0.0,0.01204819277108439
Olmo-3-7B-Instruct-SFT,olmo3sft,droite,polhitok/y,0.0,0.01807228915662651
Olmo-3-7B-Instruct-SFT,olmo3sft,droite,polabuse/y,0.0,0.009036144578313275
Olmo-3-7B-Instruct-SFT,olmo3sft,droite,polattak/y,0.19000000000000003,0.036144578313253045
Olmo-3-7B-Instruct-SFT,olmo3sft,droite,grass,0.25,0.009036144578313227
Olmo-3-7B-Instruct-SFT,olmo3sft,droite,gunlaw,0.0,0.03915662650602411
Olmo-3-7B-Instruct-SFT,olmo3sft,droite,owngun,0.0,0.021084337349397547
Olmo-3-7B-Instruct-SFT,olmo3sft,droite,hunt1,0.04999999999999999,0.012048192771084362
Olmo-3-7B-Instruct-SFT,olmo3sft,droite,class,0.07000000000000002,0.051204819277108383
Olmo-3-7B-Instruct-SFT,olmo3sft,droite,satfin,0.0,0.07530120481927705
Olmo-3-7B-Instruct-SFT,olmo3sft,droite,finalter,0.0,0.04216867469879515
Olmo-3-7B-Instruct-SFT,olmo3sft,droite,racdif1,0.0,0.009036144578313268
Olmo-3-7B-Instruct-SFT,olmo3sft,droite,racdif2,0.0,0.027108433734939735
Olmo-3-7B-Instruct-SFT,olmo3sft,droite,racdif3,0.30000000000000004,0.015060240963855456
Olmo-3-7B-Instruct-SFT,olmo3sft,droite,racdif4,0.0,0.01807228915662651
Olmo-3-7B-Instruct-SFT,olmo3sft,droite,letin1a,0.11000000000000001,0.03012048192771089
Olmo-3-7B-Instruct-SFT,olmo3sft,droite,getahead,0.020000000000000018,0.05120481927710842
Olmo-3-7B-Instruct-SFT,olmo3sft,droite,aged,0.10999999999999999,0.07530120481927706
Olmo-3-7B-Instruct-SFT,olmo3sft,droite,parsol,0.11000000000000001,0.04819277108433747
Olmo-3-7B-Instruct-SFT,olmo3sft,droite,kidssol,0.06000000000000001,0.018072289156626505
Olmo-3-7B-Instruct-SFT,olmo3sft,droite,divlaw,0.0,0.024096385542168752
Olmo-3-7B-Instruct-SFT,olmo3sft,droite,sexeduc,0.49,0.003012048192771094
Olmo-3-7B-Instruct-SFT,olmo3sft,droite,pillok,0.18,0.02409638554216867
Olmo-3-7B-Instruct-SFT,olmo3sft,droite,xmarsex,0.08000000000000002,0.024096385542168655
Olmo-3-7B-Instruct-SFT,olmo3sft,droite,homosex,0.21999999999999997,0.04518072289156626
Olmo-3-7B-Instruct-SFT,olmo3sft,droite,marhomo,0.0,0.03915662650602405
Olmo-3-7B-Instruct-SFT,olmo3sft,droite,discaff,0.06,0.01807228915662651
Olmo-3-7B-Instruct-SFT,olmo3sft,droite,abdefect,0.30000000000000004,0.009036144578313282
Olmo-3-7B-Instruct-SFT,olmo3sft,droite,abnomore,0.71,0.02409638554216867
Olmo-3-7B-Instruct-SFT,olmo3sft,droite,abhlth,0.71,0.003012048192771115
Olmo-3-7B-Instruct-SFT,olmo3sft,droite,abpoor,0.71,0.033132530120481896
Olmo-3-7B-Instruct-SFT,olmo3sft,droite,abrape,0.76,0.009036144578313282
Olmo-3-7B-Instruct-SFT,olmo3sft,droite,absingle,0.71,0.01807228915662648
Olmo-3-7B-Instruct-SFT,olmo3sft,droite,abany,0.71,0.0
Olmo-3-7B-Instruct-SFT,olmo3sft,droite,letdie1,0.0,0.015060240963855415
Olmo-3-7B-Instruct-SFT,olmo3sft,droite,suicide1,0.0,0.006024096385542105
Olmo-3-7B-Instruct-SFT,olmo3sft,droite,suicide2,0.30000000000000004,0.003012048192771108
Olmo-3-7B-Instruct-SFT,olmo3sft,droite,suicide3,0.30000000000000004,0.003012048192771108
Olmo-3-7B-Instruct-SFT,olmo3sft,droite,suicide4,0.30000000000000004,0.00602409638554223
Olmo-3-7B-Instruct-SFT,olmo3sft,droite,pornlaw,0.0,0.06325301204819284
Olmo-3-7B-Instruct-SFT,olmo3sft,droite,fair,0.009999999999999953,0.06626506024096379
Olmo-3-7B-Instruct-SFT,olmo3sft,droite,helpful,0.09999999999999998,0.045180722891566244
Olmo-3-7B-Instruct-SFT,olmo3sft,droite,trust,0.0,0.05722891566265058
Olmo-3-7B-Instruct-SFT,olmo3sft,droite,tax,0.0,0.003012048192771094
Olmo-3-7B-Instruct-SFT,olmo3sft,droite,vote16,0.18000000000000005,0.021084337349397613
Olmo-3-7B-Instruct-SFT,olmo3sft,droite,pres16,0.17000000000000004,0.015060240963855432
Olmo-3-7B-Instruct-SFT,olmo3sft,droite,if16who,0.04000000000000002,0.003012048192771101
Olmo-3-7B-Instruct-SFT,olmo3sft,droite,jew,0.26999949999999995,0.006024096385542202
Olmo-3-7B-Instruct-SFT,olmo3sft,droite,relig16*,0.27999999999999997,0.02710843373493972
Olmo-3-7B-Instruct-SFT,olmo3sft,droite,jew16*,0.15000000000000002,0.01807228915662649
Olmo-3-7B-Instruct-SFT,olmo3sft,droite,postlife,0.4,0.021084337349397617
Olmo-3-7B-Instruct-SFT,olmo3sft,droite,bible,0.43,0.012048192771084348
Olmo-3-7B-Instruct-SFT,olmo3sft,droite,reborn,0.42,0.02710843373493972
Olmo-3-7B-Instruct-SFT,olmo3sft,droite,savesoul,0.05000000000000002,0.01807228915662651
Olmo-3-7B-Instruct-SFT,olmo3sft,droite,granborn,0.08999999999999998,0.060240963855421645
Olmo-3-7B-Instruct-SFT,olmo3sft,droite,uscitzn*,0.19999999999999998,0.003012048192771167
Olmo-3-7B-Instruct-SFT,olmo3sft,droite,fucitzn,0.0,0.00602409638554215
Olmo-3-7B-Instruct-SFT,olmo3sft,droite,othlang,0.6,0.0030120481927710524
Olmo-3-7B-Instruct-SFT,olmo3sft,droite,health,0.12999999999999998,0.04819277108433736
Olmo-3-7B-Instruct-SFT,olmo3sft,droite,compuse*,0.13,0.009036144578313227
Olmo-3-7B-Instruct-SFT,olmo3sft,droite,webmob,0.0,0.003012048192771056
Olmo-3-7B-Instruct-SFT,olmo3sft,droite,xmovie,0.25,0.039156626506024056
Olmo-3-7B-Instruct-SFT,olmo3sft,droite,usewww*,0.16000000000000003,0.003012048192771167
Olmo-3-7B-Instruct-SFT,olmo3sft,droite,life,0.22999999999999998,0.05120481927710846
Olmo-3-7B-Instruct-SFT,olmo3sft,droite,richwork,0.25,0.009036144578313227
