modele,cle_modele,camp,identite,item,famille,n_modalites,rejet,n_tentatives,motif_rejet,gs_decrit,gs_reel_w1,gs_reel_w1_sans_biais,gs_reel_w2,tv_decrit_reel,tv_plancher_w1_w2,pos_decrit,pos_reel_w1,pos_reel_w2
Olmo-3-1025-7B,olmo3base,gauche,journaliste,natspac/y,depenses publiques (nat*),3,False,1,,0.6386000000000001,0.6044085594833486,0.6058614646744144,0.607099931565539,0.0647721822541967,0.035971223021582774,0.495,0.5263788968824941,0.4916067146282973
Olmo-3-1025-7B,olmo3base,gauche,journaliste,natenvir/y,depenses publiques (nat*),3,False,1,,0.6386000000000001,0.25063114975645384,0.25123362848182995,0.2632368925003883,0.5861151079136692,0.014388489208633098,0.495,0.080335731414868,0.08273381294964025
Olmo-3-1025-7B,olmo3base,gauche,journaliste,natheal/y,depenses publiques (nat*),3,False,1,,0.6386000000000001,0.29687904352776784,0.29759269507470965,0.3342362081557775,0.5573381294964029,0.03357314148681051,0.495,0.10791366906474811,0.1199040767386091
Olmo-3-1025-7B,olmo3base,gauche,journaliste,natcity/y,depenses publiques (nat*),3,False,1,,0.6386000000000001,0.5771497909586001,0.578537170263789,0.5785299817699796,0.12091127098321346,0.0239808153477218,0.495,0.41846522781774576,0.4004796163069544
Olmo-3-1025-7B,olmo3base,gauche,journaliste,natdrug/y,depenses publiques (nat*),3,False,1,,0.6386000000000001,0.46583740202082935,0.46695720346799485,0.43844061441494286,0.40146282973621106,0.02398081534772179,0.495,0.18585131894484405,0.1642685851318944
Olmo-3-1025-7B,olmo3base,gauche,journaliste,nateduc/y,depenses publiques (nat*),3,False,1,,0.6386000000000001,0.32864643536968974,0.32943645083932843,0.2941416650851981,0.530959232613909,0.023980815347721802,0.495,0.11390887290167856,0.0959232613908872
Olmo-3-1025-7B,olmo3base,gauche,journaliste,natrace/y,depenses publiques (nat*),3,False,1,,0.6386000000000001,0.5171920017942481,0.5184352517985612,0.5371702637889688,0.3367146282973621,0.0647482014388489,0.495,0.22661870503597115,0.2517985611510791
Olmo-3-1025-7B,olmo3base,gauche,journaliste,natarms/y,depenses publiques (nat*),3,False,1,,0.6386000000000001,0.5347549298690544,0.5360403984504705,0.5367102001851757,0.31314148681055154,0.004796163069544307,0.505,0.24460431654676257,0.24700239808153468
Olmo-3-1025-7B,olmo3base,gauche,journaliste,nataid/y,depenses publiques (nat*),3,False,1,,0.6386000000000001,0.5713529895508054,0.5727264342372257,0.5781849340671349,0.24839328537170263,0.038369304556354886,0.495,0.7098321342925659,0.6894484412470023
Olmo-3-1025-7B,olmo3base,gauche,journaliste,natfare/y,depenses publiques (nat*),3,False,1,,0.6386000000000001,0.28507841209047136,0.28576369673491964,0.2848943866489543,0.5621342925659473,0.014388489208633146,0.495,0.09352517985611505,0.0887290167865707
Olmo-3-1025-7B,olmo3base,gauche,journaliste,natroad,depenses publiques (nat*),3,False,1,,0.6386000000000001,0.5531344708405938,0.5544641210108837,0.5364341620228997,0.28155875299760197,0.026378896882494,0.495,0.26378896882493996,0.250599520383693
Olmo-3-1025-7B,olmo3base,gauche,journaliste,natsoc,depenses publiques (nat*),3,False,1,,0.6386000000000001,0.4252597921662671,0.42628205128205143,0.4454220796025051,0.4350359712230216,0.02158273381294968,0.495,0.15587529976019174,0.1690647482014388
Olmo-3-1025-7B,olmo3base,gauche,journaliste,natmass,depenses publiques (nat*),3,False,1,,0.6386000000000001,0.5075306661145904,0.508750691754289,0.483929403239998,0.32712230215827337,0.03357314148681058,0.495,0.21942446043165464,0.197841726618705
Olmo-3-1025-7B,olmo3base,gauche,journaliste,natpark,depenses publiques (nat*),3,False,1,,0.6386000000000001,0.5074501549839265,0.5086699870872533,0.5071741168216506,0.21683453237410077,0.004796163069544328,0.495,0.34652278177458024,0.3429256594724221
Olmo-3-1025-7B,olmo3base,gauche,journaliste,natchld,depenses publiques (nat*),3,False,1,,0.6386000000000001,0.42917033279850936,0.43020199225235195,0.4148853579007298,0.43983213429256596,0.01199040767386087,0.495,0.16187050359712227,0.15107913669064743
Olmo-3-1025-7B,olmo3base,gauche,journaliste,natsci,depenses publiques (nat*),3,False,1,,0.6386000000000001,0.5405057249164698,0.5418050175244421,0.5424494936424963,0.21443645083932855,0.031175059952038342,0.495,0.2997601918465227,0.2841726618705035
Olmo-3-1025-7B,olmo3base,gauche,journaliste,natenrgy,depenses publiques (nat*),3,False,1,,0.6386000000000001,0.46457222711039803,0.46568898727172114,0.45307063701556727,0.3966666666666666,0.014388489208633108,0.495,0.1834532374100719,0.17386091127098313
Olmo-3-1025-7B,olmo3base,gauche,journaliste,uswary,hors famille,2,False,1,,0.2822,0.4960635807900442,0.49725604132078954,0.49364824687012987,0.28563549160671464,0.011990407673860948,,,
Olmo-3-1025-7B,olmo3base,gauche,journaliste,prayer,hors famille,2,False,1,,0.45499999999999996,0.2289966587880774,0.22954713152554876,0.21830017999988494,0.21810551558753,0.0071942446043165575,0.35,0.13189448441247,0.1247002398081534
Olmo-3-1025-7B,olmo3base,gauche,journaliste,courts,hors famille,3,False,1,,0.6386000000000001,0.6589260965328456,0.660510053495665,0.6528187521924906,0.06712230215827333,0.026378896882494007,0.495,0.4844124700239808,0.4952038369304556
Olmo-3-1025-7B,olmo3base,gauche,journaliste,discaffw,hors famille,4,False,1,,0.738,0.6315293089269591,0.6330474082272644,0.6248123803115782,0.3089688249400479,0.01199040767386092,0.5266666666666666,0.3229416466826538,0.32374100719424453
Olmo-3-1025-7B,olmo3base,gauche,journaliste,discaffm,hors famille,4,False,1,,0.739,0.619728677489663,0.6212184098874748,0.630528670588709,0.32892086330935244,0.028776978417266154,0.4700000000000001,0.2669864108713029,0.2749800159872102
Olmo-3-1025-7B,olmo3base,gauche,journaliste,fehire,roles de genre (fe*),5,True,1,"somme 110.0 hors de [95, 105]",,,,,,,,,
Olmo-3-1025-7B,olmo3base,gauche,journaliste,fechld,roles de genre (fe*),4,False,1,,0.6964,0.5827510653347825,0.5841519092418374,0.5771957973189794,0.20407673860911274,0.06474820143884899,0.38666666666666666,0.21103117505995198,0.1966426858513188
Olmo-3-1025-7B,olmo3base,gauche,journaliste,fepresch,roles de genre (fe*),4,False,1,,0.575,0.6095727734359275,0.6110380926028409,0.6034539275054777,0.14772182254196642,0.04076738609112715,0.35000000000000003,0.27338129496402874,0.2901678657074339
Olmo-3-1025-7B,olmo3base,gauche,journaliste,fefam,roles de genre (fe*),4,False,1,,0.575,0.6144954539965152,0.6159726065301607,0.6304711626382349,0.27721822541966423,0.03357314148681059,0.35000000000000003,0.23021582733812943,0.24380495603517177
Olmo-3-1025-7B,olmo3base,gauche,journaliste,fepol,roles de genre (fe*),2,False,1,,0.45499999999999996,0.1577558097406967,0.15813503043718877,0.20739667258998562,0.5636690647482014,0.031175059952038398,0.65,0.0863309352517985,0.1175059952038369
Olmo-3-1025-7B,olmo3base,gauche,journaliste,mobile16,hors famille,3,False,1,,0.6226,0.6567868007752073,0.6583656152001478,0.657752934343173,0.24247002398081535,0.011990407673860864,,,
Olmo-3-1025-7B,olmo3base,gauche,journaliste,incom16,hors famille,5,True,1,"somme 110.0 hors de [95, 105]",,,,,,,,,
Olmo-3-1025-7B,olmo3base,gauche,journaliste,dwelown16,hors famille,3,False,1,,0.6426,0.43057352679007876,0.43160855930640113,0.44925210910408364,0.4302398081534773,0.01678657074340524,,,
Olmo-3-1025-7B,olmo3base,gauche,journaliste,divorced,hors famille,2,False,1,,0.2550000000000001,0.3544330003623002,0.3552850027670173,0.35700935654354216,0.0802158273381295,0.0023980815347721257,,,
Olmo-3-1025-7B,olmo3base,gauche,journaliste,posslq/y,hors famille,4,False,1,,0.75,0.6648609170217783,0.6664591403800038,0.6564072483020779,0.262589928057554,0.019184652278177464,,,
Olmo-3-1025-7B,olmo3base,gauche,journaliste,wrkstat,hors famille,8,True,1,"somme 91.0 hors de [95, 105]",,,,,,,,,
Olmo-3-1025-7B,olmo3base,gauche,journaliste,evwork,hors famille,2,False,1,,0.2822,0.14574814968169347,0.14609850581073602,0.1617123567333183,0.09086330935251805,0.009592326139088746,,,
Olmo-3-1025-7B,olmo3base,gauche,journaliste,wrkgovt1,hors famille,2,False,1,,0.4902000000000001,0.266445836136846,0.2670863309352519,0.3011116286826654,0.271726618705036,0.02637889688249398,,,
Olmo-3-1025-7B,olmo3base,gauche,journaliste,wrkgovt2,hors famille,2,False,1,,0.2822,0.3695460897469076,0.3704344216934146,0.3695460897469076,0.07460431654676258,0.0,,,
Olmo-3-1025-7B,olmo3base,gauche,journaliste,partfull,hors famille,3,False,1,,0.6106,0.6413976732283239,0.6429394945581997,0.6281248382588893,0.19019184652278176,0.03117505995203844,,,
Olmo-3-1025-7B,olmo3base,gauche,journaliste,wksub1,hors famille,3,False,1,,0.4902000000000001,0.6382232343621507,0.6397574248293675,0.6414666827688928,0.37410071942446044,0.016786570743405282,,,
Olmo-3-1025-7B,olmo3base,gauche,journaliste,wksup1,hors famille,3,False,1,,0.4902000000000001,0.6245248405592073,0.626026102195167,0.6403395269395994,0.381294964028777,0.03597122302158269,,,
Olmo-3-1025-7B,olmo3base,gauche,journaliste,conarmy,confiance dans les institutions (con*),3,False,1,,0.6226,0.6127932186624802,0.614266279284265,0.6213849064633186,0.23047961630695446,0.016786570743405282,0.4,0.6270983213429255,0.6211031175059952
Olmo-3-1025-7B,olmo3base,gauche,journaliste,conbus,confiance dans les institutions (con*),3,False,1,,0.6426,0.581980458798429,0.5833794502859253,0.5539050773769474,0.16928057553956835,0.03836930455635501,0.5,0.34652278177458024,0.33453237410071934
Olmo-3-1025-7B,olmo3base,gauche,journaliste,conclerg,confiance dans les institutions (con*),3,False,1,,0.6226,0.5201824152189041,0.5214328537170265,0.5075306661145904,0.2511031175059953,0.01438848920863308,0.4,0.2314148681055155,0.2194244604316546
Olmo-3-1025-7B,olmo3base,gauche,journaliste,coneduc,confiance dans les institutions (con*),3,False,1,,0.6426,0.518422671934395,0.5196688802803912,0.5549977284359562,0.20525179856115108,0.04316546762589924,0.5,0.36930455635491605,0.3764988009592326
Olmo-3-1025-7B,olmo3base,gauche,journaliste,confed,confiance dans les institutions (con*),3,False,1,,0.6426,0.589916555963862,0.591334624608006,0.5908481847615433,0.09733812949640286,0.019184652278177505,0.5,0.5515587529976018,0.5671462829736211
Olmo-3-1025-7B,olmo3base,gauche,journaliste,confinan,confiance dans les institutions (con*),3,False,1,,0.6426,0.5961274146150706,0.5975604132078953,0.586259050313706,0.1069304556354916,0.02398081534772184,0.5,0.4304556354916067,0.408872901678657
Olmo-3-1025-7B,olmo3base,gauche,journaliste,conjudge,confiance dans les institutions (con*),3,False,1,,0.6426,0.5352264950629425,0.5365130972145362,0.49493642496075085,0.29834532374100725,0.07434052757793763,0.5,0.2458033573141486,0.20863309352517978
Olmo-3-1025-7B,olmo3base,gauche,journaliste,conlabor,confiance dans les institutions (con*),3,False,1,,0.6226,0.5598053930955955,0.5611510791366907,0.5629108224211997,0.278872901678657,0.004796163069544376,0.6,0.3669064748201439,0.3669064748201439
Olmo-3-1025-7B,olmo3base,gauche,journaliste,conlegis,confiance dans les institutions (con*),3,False,1,,0.6226,0.5403447026551421,0.5416436081903708,0.5380903909965553,0.12683453237410072,0.014388489208633053,,,
Olmo-3-1025-7B,olmo3base,gauche,journaliste,conmedic,confiance dans les institutions (con*),3,False,1,,0.6426,0.5148341758248078,0.5160717579782329,0.5250475878290173,0.32472422062350126,0.03117505995203836,0.5,0.22541966426858506,0.23860911270983207
Olmo-3-1025-7B,olmo3base,gauche,journaliste,conpress,confiance dans les institutions (con*),3,False,1,,0.6426,0.5499600319744204,0.5512820512820513,0.5556648206614565,0.1467146282973621,0.014388489208633129,0.5,0.5479616306954437,0.5575539568345323
Olmo-3-1025-7B,olmo3base,gauche,journaliste,consci,confiance dans les institutions (con*),3,False,1,,0.6426,0.38800614184911064,0.38893884892086333,0.3802425685351001,0.4805995203836931,0.007194244604316544,0.5,0.1402877697841726,0.13669064748201432
Olmo-3-1025-7B,olmo3base,gauche,journaliste,contv,confiance dans les institutions (con*),3,False,1,,0.6226,0.5456124309185745,0.5469239992621288,0.5260137213969831,0.12513189448441248,0.01918465227817747,,,
Olmo-3-1025-7B,olmo3base,gauche,journaliste,joblose,hors famille,5,False,1,,0.7824,0.6475280207488686,0.6490845784910535,0.6898538722978452,0.5053477218225418,0.07913669064748197,,,
Olmo-3-1025-7B,olmo3base,gauche,journaliste,jobfind,hors famille,4,False,1,,0.6226,0.6994922047973132,0.7011736764434607,0.7035522661007885,0.3908872901678658,0.062350119904076726,,,
Olmo-3-1025-7B,olmo3base,gauche,journaliste,happy,hors famille,3,False,1,,0.6386000000000001,0.5672814266572354,0.5686450839328537,0.568661617468615,0.11652278177458042,0.019184652278177478,,,
Olmo-3-1025-7B,olmo3base,gauche,journaliste,hapmar,hors famille,4,False,1,,0.6922,0.5296597254570445,0.5309329459509318,0.5666373376119249,0.5450839328537171,0.04076738609112707,,,
Olmo-3-1025-7B,olmo3base,gauche,journaliste,satjob,hors famille,5,True,1,"somme 110.0 hors de [95, 105]",,,,,,,,,
Olmo-3-1025-7B,olmo3base,gauche,journaliste,spdeg*,hors famille,6,False,1,,0.6702,0.6193491250165336,0.6208379450285927,0.6192686138858698,0.17892086330935253,0.019184652278177425,,,
Olmo-3-1025-7B,olmo3base,gauche,journaliste,spjew,hors famille,5,False,1,,0.34999999999999987,0.3590451379903271,0.35990822726434235,0.3552151084887486,0.120263788968825,0.011990407673860878,,,
Olmo-3-1025-7B,olmo3base,gauche,journaliste,spfund,hors famille,4,False,1,,0.6226,0.40653520349188277,0.40751245157719984,0.40483296815784775,0.748201438848921,0.009592326139088697,,,
Olmo-3-1025-7B,olmo3base,gauche,journaliste,unemp,hors famille,2,False,1,,0.2822,0.4968686920966824,0.4980630879911456,0.4999281150619074,0.290431654676259,0.03357314148681054,,,
Olmo-3-1025-7B,olmo3base,gauche,journaliste,union1,hors famille,4,False,1,,0.75,0.1864292738471095,0.1868774211400112,0.21067462576701224,0.6492805755395684,0.014388489208633056,,,
Olmo-3-1025-7B,olmo3base,gauche,journaliste,spkath/y,libertes civiles (spk/col/lib),2,False,1,,0.22619999999999996,0.2254541690388696,0.2259961261759823,0.2254541690388696,0.0005035971223021907,0.0,0.13,0.1294964028776978,0.1294964028776978
Olmo-3-1025-7B,olmo3base,gauche,journaliste,colath,libertes civiles (spk/col/lib),2,False,1,,0.22619999999999996,0.28882793046138633,0.2895222283711493,0.2980752088976302,0.04505995203836931,0.007194244604316502,0.13,0.1750599520383693,0.1822541966426858
Olmo-3-1025-7B,olmo3base,gauche,journaliste,spkrac/y,libertes civiles (spk/col/lib),2,False,1,,0.09500000000000008,0.4729453846994347,0.4740822726434238,0.4863102323896278,0.33369304556354906,0.03357314148681059,,,
Olmo-3-1025-7B,olmo3base,gauche,journaliste,colrac,libertes civiles (spk/col/lib),2,False,1,,0.0,0.33299403642553593,0.3337945028592512,0.3274042636394483,0.21103117505995203,0.0047961630695443624,,,
Olmo-3-1025-7B,olmo3base,gauche,journaliste,librac/y,libertes civiles (spk/col/lib),2,False,1,,0.09500000000000008,0.48858754722840436,0.4897620365246265,0.4878514454623353,0.37446043165467624,0.002398081534772223,,,
Olmo-3-1025-7B,olmo3base,gauche,journaliste,spkcom/y,libertes civiles (spk/col/lib),2,False,1,,0.22619999999999996,0.3620930593654572,0.3629634753735473,0.3245748724761197,0.107410071942446,0.03357314148681054,0.13,0.237410071942446,0.2038369304556355
Olmo-3-1025-7B,olmo3base,gauche,journaliste,colcom/y,libertes civiles (spk/col/lib),2,False,1,,0.09500000000000008,0.3620930593654572,0.3629634753735473,0.3274042636394483,0.187410071942446,0.031175059952038342,0.05,0.237410071942446,0.2062350119904076
Olmo-3-1025-7B,olmo3base,gauche,journaliste,libcom/y,libertes civiles (spk/col/lib),2,False,1,,0.4872000000000001,0.30412504528751083,0.30485611510791355,0.2793736234034354,0.23294964028776982,0.019184652278177464,0.42,0.1870503597122302,0.1678657074340527
Olmo-3-1025-7B,olmo3base,gauche,journaliste,spkhomo/y,libertes civiles (spk/col/lib),2,False,1,,0.22619999999999996,0.04681147168596045,0.046923999262128625,0.09994881792407795,0.10601918465227822,0.028776978417266216,0.13,0.0239808153477218,0.052757793764988
Olmo-3-1025-7B,olmo3base,gauche,journaliste,colhomo,libertes civiles (spk/col/lib),2,False,1,,0.34319999999999995,0.05589772786087677,0.05603209739900388,0.10848299777444237,0.19122302158273383,0.02877697841726616,0.22,0.0287769784172661,0.0575539568345323
Olmo-3-1025-7B,olmo3base,gauche,journaliste,libhomo/y,libertes civiles (spk/col/lib),2,False,1,,0.4872000000000001,0.08260442006107338,0.0828029883785279,0.1127155829293397,0.3768345323741008,0.016786570743405237,0.42,0.0431654676258992,0.0599520383693045
Olmo-3-1025-7B,olmo3base,gauche,journaliste,cappun,hors famille,2,False,1,,0.45499999999999996,0.4855051210829897,0.4866722007009777,0.4893006458142839,0.23513189448441252,0.01199040767386092,0.65,0.4148681055155875,0.4268585131894484
Olmo-3-1025-7B,olmo3base,gauche,journaliste,polhitok/y,hors famille,2,False,1,,0.09500000000000008,0.4772239762147117,0.4783711492344586,0.4855051210829897,0.5567146282973621,0.021582733812949617,0.05,0.6067146282973621,0.5851318944844125
Olmo-3-1025-7B,olmo3base,gauche,journaliste,polabuse/y,hors famille,2,False,1,,0.4872000000000001,0.07379420204843301,0.07397159195720329,0.02836292117385253,0.38163069544364514,0.02398081534772173,0.42,0.0383693045563549,0.014388489208633
Olmo-3-1025-7B,olmo3base,gauche,journaliste,polattak/y,hors famille,2,False,1,,0.09500000000000008,0.45065530309565305,0.45173860911270997,0.4361632995761664,0.607074340527578,0.02158273381294959,0.05,0.657074340527578,0.6786570743405276
Olmo-3-1025-7B,olmo3base,gauche,journaliste,grass,hors famille,2,False,1,,0.31999999999999984,0.23948610895456302,0.24006179671647304,0.2360126287459241,0.06091127098321343,0.0023980815347721396,0.2,0.1390887290167865,0.1366906474820144
Olmo-3-1025-7B,olmo3base,gauche,journaliste,gunlaw,hors famille,2,False,1,,0.45499999999999996,0.2793736234034354,0.2800451946135398,0.27617618135707267,0.18213429256594726,0.002398081534772195,0.35,0.1678657074340527,0.1654676258992805
Olmo-3-1025-7B,olmo3base,gauche,journaliste,owngun,hors famille,2,False,1,,0.2822,0.31302727602090996,0.3137797454344218,0.33299403642553593,0.02424460431654671,0.016786570743405296,,,
Olmo-3-1025-7B,olmo3base,gauche,journaliste,hunt1,hors famille,4,False,1,,0.27000000000000013,0.09701591244989627,0.09724912377790083,0.1369494332591482,0.09964028776978424,0.021582733812949714,,,
Olmo-3-1025-7B,olmo3base,gauche,journaliste,class,hors famille,4,False,1,,0.7044,0.6532098062557149,0.6547800221361374,0.6465733887709977,0.18033573141486814,0.04316546762589932,,,
Olmo-3-1025-7B,olmo3base,gauche,journaliste,satfin,hors famille,3,False,1,,0.6042,0.6555446290449656,0.6571204574801699,0.6279753175876566,0.18654676258992803,0.07434052757793773,,,
Olmo-3-1025-7B,olmo3base,gauche,journaliste,finalter,hors famille,3,False,1,,0.6426,0.6607318461777342,0.6623201438848922,0.6660110760312614,0.06431654676258994,0.0455635491606714,,,
Olmo-3-1025-7B,olmo3base,gauche,journaliste,finrela,hors famille,5,False,1,,0.74,0.7240596012398715,0.7258001291274674,0.7231969819827591,0.25575539568345323,0.047961630695443735,,,
Olmo-3-1025-7B,olmo3base,gauche,journaliste,racdif1,hors famille,2,False,1,,0.4872000000000001,0.30711545871216706,0.30785371702637904,0.3357544180482952,0.39055155875299763,0.02398081534772184,0.58,0.1894484412470023,0.2134292565947242
Olmo-3-1025-7B,olmo3base,gauche,journaliste,racdif2,hors famille,2,False,1,,0.09500000000000008,0.10848299777444237,0.10874377421140018,0.10848299777444237,0.0075539568345323015,0.0,0.05,0.0575539568345323,0.0575539568345323
Olmo-3-1025-7B,olmo3base,gauche,journaliste,racdif3,hors famille,2,False,1,,0.4872000000000001,0.4037058123285544,0.4046762589928058,0.4078693879428832,0.29942446043165466,0.0047961630695443624,0.58,0.2805755395683453,0.2853717026378897
Olmo-3-1025-7B,olmo3base,gauche,journaliste,racdif4,hors famille,2,False,1,,0.09500000000000008,0.21105417824014183,0.2115615200147576,0.23948610895456302,0.0699040767386091,0.01918465227817743,0.05,0.1199040767386091,0.1390887290167865
Olmo-3-1025-7B,olmo3base,gauche,journaliste,wlthwhts,hors famille,7,False,1,,0.8144,0.6520021392957578,0.6535694521306035,0.6672532477615031,0.5333093525179856,0.04796163069544367,,,
Olmo-3-1025-7B,olmo3base,gauche,journaliste,wlthblks,hors famille,7,False,1,,0.8144,0.6299420894938725,0.6314563733628482,0.6623535703811052,0.4221822541966428,0.043165467625899304,,,
Olmo-3-1025-7B,olmo3base,gauche,journaliste,wlthhsps,hors famille,7,False,1,,0.8144,0.6861733634674995,0.6878228186681425,0.6943624956150187,0.39340527577937645,0.019184652278177443,,,
Olmo-3-1025-7B,olmo3base,gauche,journaliste,racwork,hors famille,7,False,1,,0.47419999999999995,0.7390461731334357,0.7408227264342373,0.7292008120122607,0.3799280575539568,0.043165467625899276,,,
Olmo-3-1025-7B,olmo3base,gauche,journaliste,letin1a,hors famille,5,False,1,,0.7856,0.7275330814485104,0.7292819590481463,0.695581664165071,0.13685851318944847,0.05035971223021584,0.47750000000000004,0.4496402877697841,0.4514388489208633
Olmo-3-1025-7B,olmo3base,gauche,journaliste,getahead,hors famille,3,False,1,,0.6426,0.5411958203221595,0.5424967718133186,0.5282220266951907,0.15968824940047965,0.019184652278177478,0.5,0.5875299760191847,0.5779376498800959
Olmo-3-1025-7B,olmo3base,gauche,journaliste,aged,hors famille,3,False,1,,0.6312,0.5104865747689618,0.5117137059583102,0.5007332263685456,0.21630695443645087,0.011990407673860875,,,
Olmo-3-1025-7B,olmo3base,gauche,journaliste,parsol,hors famille,5,False,1,,0.776,0.7794397575464809,0.7813134108098139,0.7865937465854655,0.12139088729016789,0.028776978417266237,,,
Olmo-3-1025-7B,olmo3base,gauche,journaliste,kidssol,hors famille,6,False,1,,0.8076,0.7641771474906407,0.7660141117874932,0.7765068520722991,0.2717026378896884,0.03357314148681051,,,
Olmo-3-1025-7B,olmo3base,gauche,journaliste,spanking,hors famille,4,False,1,,0.575,0.687024481134517,0.6886759822910904,0.6873350240670772,0.31462829736211023,0.02398081534772186,0.35000000000000003,0.31654676258992803,0.3229416466826539
Olmo-3-1025-7B,olmo3base,gauche,journaliste,divlaw,hors famille,3,False,1,,0.605,0.5584597070545003,0.5598021582733814,0.5709159291272019,0.11762589928057555,0.026378896882493987,0.4,0.29856115107913667,0.302158273381295
Olmo-3-1025-7B,olmo3base,gauche,journaliste,sexeduc,hors famille,2,False,1,,0.22619999999999996,0.08697502429710946,0.08718409887474675,0.09994881792407795,0.08443645083932849,0.007194244604316495,0.13,0.0455635491606714,0.052757793764988
Olmo-3-1025-7B,olmo3base,gauche,journaliste,pillok,hors famille,4,False,1,,0.6964,0.6006245363421493,0.6020683453237411,0.6117695771440402,0.25038369304556357,0.026378896882494018,0.38666666666666666,0.21662669864108702,0.2278177458033572
Olmo-3-1025-7B,olmo3base,gauche,journaliste,xmarsex,hors famille,4,False,1,,0.6549999999999999,0.6828954102904727,0.6845369857959788,0.6762819959859452,0.49784172661870507,0.050359712230215806,0.2833333333333334,0.6666666666666666,0.6562749800159873
Olmo-3-1025-7B,olmo3base,gauche,journaliste,homosex,hors famille,4,False,1,,0.6549999999999999,0.369166537273778,0.37005395683453235,0.36580807296608764,0.38693045563549155,0.007194244604316585,0.2833333333333334,0.12310151878497194,0.12390087929656268
Olmo-3-1025-7B,olmo3base,gauche,journaliste,marhomo,hors famille,5,False,1,,0.78,0.386625951037731,0.38755534034311023,0.3717888998153994,0.6197841726618706,0.023980815347721875,0.4625,0.10191846522781763,0.09892086330935236
Olmo-3-1025-7B,olmo3base,gauche,journaliste,discaff,hors famille,3,False,1,,0.6226,0.4492866138743682,0.4503666297731047,0.44297224091230614,0.32304556354916075,0.007194244604316502,0.4,0.1762589928057553,0.17266187050359705
Olmo-3-1025-7B,olmo3base,gauche,journaliste,abdefect,avortement (ab*),2,False,1,,0.22619999999999996,0.1127155829293397,0.11298653384984293,0.09994881792407795,0.07004796163069554,0.0071942446043164465,0.13,0.0599520383693045,0.052757793764988
Olmo-3-1025-7B,olmo3base,gauche,journaliste,abnomore,avortement (ab*),2,False,1,,0.22619999999999996,0.22188867610947205,0.22242206235011985,0.2289966587880774,0.0029016786570743858,0.004796163069544376,0.13,0.1270983213429256,0.13189448441247
Olmo-3-1025-7B,olmo3base,gauche,journaliste,abhlth,avortement (ab*),2,False,1,,0.22619999999999996,0.06935458827182872,0.06952130603209755,0.06489197131503444,0.09402877697841723,0.0023980815347722367,0.13,0.0359712230215827,0.0335731414868105
Olmo-3-1025-7B,olmo3base,gauche,journaliste,abpoor,avortement (ab*),2,False,1,,0.22619999999999996,0.18876409663635996,0.18921785648404355,0.20739667258998562,0.02448441247002399,0.01199040767386092,0.13,0.105515587529976,0.1175059952038369
Olmo-3-1025-7B,olmo3base,gauche,journaliste,abrape,avortement (ab*),2,False,1,,0.22619999999999996,0.06489197131503444,0.06504796163069558,0.07379420204843301,0.09642685851318947,0.00479616306954431,0.13,0.0335731414868105,0.0383693045563549
Olmo-3-1025-7B,olmo3base,gauche,journaliste,absingle,avortement (ab*),2,False,1,,0.22619999999999996,0.22188867610947205,0.22242206235011985,0.2254541690388696,0.0029016786570743858,0.002398081534772195,0.13,0.1270983213429256,0.1294964028776978
Olmo-3-1025-7B,olmo3base,gauche,journaliste,abany,avortement (ab*),2,False,1,,0.22619999999999996,0.23948610895456302,0.24006179671647304,0.27295573613051993,0.009088729016786548,0.02398081534772184,0.13,0.1390887290167865,0.1630695443645084
Olmo-3-1025-7B,olmo3base,gauche,journaliste,letdie1,fin de vie (suicide/letdie),2,False,1,,0.45499999999999996,0.23948610895456302,0.24006179671647304,0.24976853049934156,0.21091127098321344,0.007194244604316544,0.35,0.1390887290167865,0.1462829736211031
Olmo-3-1025-7B,olmo3base,gauche,journaliste,suicide1,fin de vie (suicide/letdie),2,False,1,,0.45499999999999996,0.24976853049934156,0.25036893562073426,0.23948610895456302,0.20371702637889688,0.007194244604316544,0.35,0.1462829736211031,0.1390887290167865
Olmo-3-1025-7B,olmo3base,gauche,journaliste,suicide2,fin de vie (suicide/letdie),2,False,1,,0.4902000000000001,0.455071913692068,0.45616583656152015,0.4217173024170592,0.21988009592326135,0.04796163069544365,0.43,0.6498800959232613,0.697841726618705
Olmo-3-1025-7B,olmo3base,gauche,journaliste,suicide3,fin de vie (suicide/letdie),2,False,1,,0.4872000000000001,0.44120099603770213,0.4422615753551005,0.3972879250556389,0.09146282973621106,0.05515587529976018,0.58,0.6714628297362111,0.7266187050359713
Olmo-3-1025-7B,olmo3base,gauche,journaliste,suicide4,fin de vie (suicide/letdie),2,False,1,,0.4902000000000001,0.4999741214222867,0.5011759822910903,0.494177320014492,0.07359712230215826,0.05035971223021582,0.43,0.5035971223021583,0.5539568345323741
Olmo-3-1025-7B,olmo3base,gauche,journaliste,pornlaw,hors famille,3,False,1,,0.6386000000000001,0.3960687565055869,0.39702084486257155,0.336237484832278,0.28779376498800957,0.04316546762589932,0.505,0.5131894484412469,0.5347721822541966
Olmo-3-1025-7B,olmo3base,gauche,journaliste,fair,hors famille,3,False,1,,0.6226,0.6478500652715239,0.6494073971591959,0.6429618894812208,0.09139088729016785,0.014388489208633101,,,
Olmo-3-1025-7B,olmo3base,gauche,journaliste,helpful,hors famille,3,False,1,,0.6426000000000001,0.6572008580186212,0.6587806677734737,0.6533133205665684,0.13223021582733813,0.023980815347721895,,,
Olmo-3-1025-7B,olmo3base,gauche,journaliste,trust,hors famille,3,False,1,,0.6312,0.6352558241176844,0.6367828813871982,0.624950399392716,0.27083932853717024,0.05035971223021583,,,
Olmo-3-1025-7B,olmo3base,gauche,journaliste,tax,hors famille,3,False,1,,0.6386000000000001,0.5310514178585188,0.5323279837668327,0.5330296913548298,0.22642685851318947,0.021582733812949676,0.505,0.7146282973621103,0.7014388489208633
Olmo-3-1025-7B,olmo3base,gauche,journaliste,vote16,hors famille,3,False,1,,0.16659999999999997,0.45655561881430096,0.45765310828260464,0.4616738264065007,0.20256594724220622,0.02637889688249402,,,
Olmo-3-1025-7B,olmo3base,gauche,journaliste,pres16,hors famille,4,False,1,,0.6336,0.5299472652094153,0.5312211769046302,0.5420009316287977,0.4264748201438848,0.019184652278177425,,,
Olmo-3-1025-7B,olmo3base,gauche,journaliste,if16who,hors famille,3,False,1,,0.6106,0.2952458177343018,0.2959555432577016,0.3062873442253392,0.3997362110311751,0.007194244604316551,,,
Olmo-3-1025-7B,olmo3base,gauche,journaliste,news,hors famille,5,False,1,,0.798,0.763464048904761,0.7652992990223206,0.7726193146202464,0.16155875299760195,0.028776978417266244,,,
Olmo-3-1025-7B,olmo3base,gauche,journaliste,jew,hors famille,5,False,1,,0.34999999999999987,0.35444450195239496,0.3552965320051652,0.35147709170792873,0.0962829736211032,0.021582733812949624,,,
Olmo-3-1025-7B,olmo3base,gauche,journaliste,relig16*,hors famille,5,False,1,,0.676,0.760289610038588,0.7621172292934885,0.7588864160470186,0.2910071942446042,0.033573141486810475,,,
Olmo-3-1025-7B,olmo3base,gauche,journaliste,jew16*,hors famille,5,False,1,,0.35,0.33779019949508016,0.33860219516694334,0.3568138295119301,0.7533573141486811,0.023980815347721826,,,
Olmo-3-1025-7B,olmo3base,gauche,journaliste,attend,hors famille,9,True,1,"somme 92.0 hors de [95, 105]",,,,,,,,,
Olmo-3-1025-7B,olmo3base,gauche,journaliste,pray,hors famille,6,False,1,,0.7054,0.7287752531787521,0.7305271167681242,0.7429682153557731,0.34733812949640275,0.045563549160671374,,,
Olmo-3-1025-7B,olmo3base,gauche,journaliste,postlife,hors famille,2,False,1,,0.45499999999999996,0.48858754722840436,0.4897620365246265,0.48382588892914447,0.0744604316546763,0.014388489208633143,,,
Olmo-3-1025-7B,olmo3base,gauche,journaliste,bible,hors famille,3,False,1,,0.515,0.565073121359028,0.5664314702084488,0.5598283962757853,0.0556354916067146,0.009592326139088683,,,
Olmo-3-1025-7B,olmo3base,gauche,journaliste,reborn,hors famille,3,False,1,,0.09500000000000008,0.6251229232441387,0.6266256225788602,0.6266756379069407,0.5639088729016787,0.004796163069544404,,,
Olmo-3-1025-7B,olmo3base,gauche,journaliste,savesoul,hors famille,2,False,1,,0.09500000000000008,0.3188470806088941,0.3196135399372809,0.3620930593654572,0.1490407673860911,0.0383693045563549,,,
Olmo-3-1025-7B,olmo3base,gauche,journaliste,granborn,hors famille,5,False,1,,0.6066,0.6455037408921784,0.6470554325770155,0.6269286728890269,0.5319184652278177,0.028776978417266286,,,
Olmo-3-1025-7B,olmo3base,gauche,journaliste,uscitzn*,hors famille,2,False,1,,0.0,0.014284974897779357,0.014319313779745173,0.01900062683666026,0.007194244604316446,0.002398081534772295,,,
Olmo-3-1025-7B,olmo3base,gauche,journaliste,fucitzn,hors famille,5,False,1,,0.4434,0.028500940254990503,0.028569452130603464,0.03787473618227721,0.25561151079136696,0.007194244604316462,,,
Olmo-3-1025-7B,olmo3base,gauche,journaliste,mnthsusa,hors famille,6,False,1,,0.11672278338944997,0.03300956357216367,0.033088913484596756,0.05612775966277339,0.9630114090545746,0.011990407673860979,,,
Olmo-3-1025-7B,olmo3base,gauche,journaliste,income,hors famille,12,True,1,"somme 90.0 hors de [95, 105]",,,,,,,,,
Olmo-3-1025-7B,olmo3base,gauche,journaliste,othlang,hors famille,2,False,1,,0.19579999999999997,0.35956270954459457,0.36042704298099987,0.35956270954459457,0.6549880095923262,0.0,,,
Olmo-3-1025-7B,olmo3base,gauche,journaliste,health,hors famille,4,False,1,,0.735,0.6005785299817701,0.6020222283711494,0.6090552018816602,0.2587529976019185,0.047961630695443555,,,
Olmo-3-1025-7B,olmo3base,gauche,journaliste,compuse*,hors famille,2,False,1,,0.09500000000000008,0.0376332027902857,0.03772366722007005,0.04681147168596045,0.030815347721822598,0.004796163069544366,,,
Olmo-3-1025-7B,olmo3base,gauche,journaliste,webmob,hors famille,2,False,1,,0.22619999999999996,0.02369327559535117,0.023750230584763075,0.0376332027902857,0.11800959232613908,0.007194244604316502,,,
Olmo-3-1025-7B,olmo3base,gauche,journaliste,xmovie,hors famille,2,False,1,,0.35420000000000007,0.4919230083559052,0.49310551558753,0.494177320014492,0.20645083932853714,0.009592326139088753,,,
Olmo-3-1025-7B,olmo3base,gauche,journaliste,usewww*,hors famille,2,False,1,,0.09500000000000008,0.02836292117385253,0.02843110127282814,0.01900062683666026,0.03561151079136691,0.004796163069544373,,,
Olmo-3-1025-7B,olmo3base,gauche,journaliste,life,hors famille,3,False,1,,0.6386000000000001,0.5237134033780171,0.5249723298284451,0.5274629217489317,0.17846522781774576,0.021582733812949603,,,
Olmo-3-1025-7B,olmo3base,gauche,journaliste,richwork,hors famille,2,False,1,,0.45499999999999996,0.4619728677489663,0.463083379450286,0.4863102323896278,0.28788968824940053,0.05515587529976021,,,
Olmo-3-1025-7B,olmo3base,gauche,adversaire,natspac/y,depenses publiques (nat*),3,False,1,,0.6426,0.6044085594833486,0.6058614646744144,0.607099931565539,0.07477218225419668,0.035971223021582774,0.5,0.5263788968824941,0.4916067146282973
Olmo-3-1025-7B,olmo3base,gauche,adversaire,natenvir/y,depenses publiques (nat*),3,False,1,,0.6426,0.25063114975645384,0.25123362848182995,0.2632368925003883,0.5861151079136692,0.014388489208633098,0.5,0.080335731414868,0.08273381294964025
Olmo-3-1025-7B,olmo3base,gauche,adversaire,natheal/y,depenses publiques (nat*),3,False,1,,0.6426,0.29687904352776784,0.29759269507470965,0.3342362081557775,0.5573381294964029,0.03357314148681051,0.5,0.10791366906474811,0.1199040767386091
Olmo-3-1025-7B,olmo3base,gauche,adversaire,natcity/y,depenses publiques (nat*),3,False,1,,0.6226,0.5771497909586001,0.578537170263789,0.5785299817699796,0.23091127098321343,0.0239808153477218,0.6,0.41846522781774576,0.4004796163069544
Olmo-3-1025-7B,olmo3base,gauche,adversaire,natdrug/y,depenses publiques (nat*),3,False,1,,0.6426,0.46583740202082935,0.46695720346799485,0.43844061441494286,0.40146282973621106,0.02398081534772179,0.5,0.18585131894484405,0.1642685851318944
Olmo-3-1025-7B,olmo3base,gauche,adversaire,nateduc/y,depenses publiques (nat*),3,False,1,,0.6426,0.32864643536968974,0.32943645083932843,0.2941416650851981,0.530959232613909,0.023980815347721802,0.5,0.11390887290167856,0.0959232613908872
Olmo-3-1025-7B,olmo3base,gauche,adversaire,natrace/y,depenses publiques (nat*),3,False,1,,0.6226,0.5171920017942481,0.5184352517985612,0.5371702637889688,0.43671462829736213,0.0647482014388489,0.6,0.22661870503597115,0.2517985611510791
Olmo-3-1025-7B,olmo3base,gauche,adversaire,natarms/y,depenses publiques (nat*),3,False,1,,0.6226,0.5347549298690544,0.5360403984504705,0.5367102001851757,0.20314148681055158,0.004796163069544307,0.4,0.24460431654676257,0.24700239808153468
Olmo-3-1025-7B,olmo3base,gauche,adversaire,nataid/y,depenses publiques (nat*),3,False,1,,0.6426,0.5713529895508054,0.5727264342372257,0.5781849340671349,0.23839328537170265,0.038369304556354886,0.5,0.7098321342925659,0.6894484412470023
Olmo-3-1025-7B,olmo3base,gauche,adversaire,natfare/y,depenses publiques (nat*),3,False,1,,0.6426,0.28507841209047136,0.28576369673491964,0.2848943866489543,0.5621342925659473,0.014388489208633146,0.5,0.09352517985611505,0.0887290167865707
Olmo-3-1025-7B,olmo3base,gauche,adversaire,natroad,depenses publiques (nat*),3,False,1,,0.6426,0.5531344708405938,0.5544641210108837,0.5364341620228997,0.28155875299760197,0.026378896882494,0.5,0.26378896882493996,0.250599520383693
Olmo-3-1025-7B,olmo3base,gauche,adversaire,natsoc,depenses publiques (nat*),3,False,1,,0.6426,0.4252597921662671,0.42628205128205143,0.4454220796025051,0.4350359712230216,0.02158273381294968,0.5,0.15587529976019174,0.1690647482014388
Olmo-3-1025-7B,olmo3base,gauche,adversaire,natmass,depenses publiques (nat*),3,False,1,,0.6426,0.5075306661145904,0.508750691754289,0.483929403239998,0.32712230215827337,0.03357314148681058,0.5,0.21942446043165464,0.197841726618705
Olmo-3-1025-7B,olmo3base,gauche,adversaire,natpark,depenses publiques (nat*),3,False,1,,0.6426,0.5074501549839265,0.5086699870872533,0.5071741168216506,0.22683453237410073,0.004796163069544328,0.5,0.34652278177458024,0.3429256594724221
Olmo-3-1025-7B,olmo3base,gauche,adversaire,natchld,depenses publiques (nat*),3,False,1,,0.6426,0.42917033279850936,0.43020199225235195,0.4148853579007298,0.43983213429256596,0.01199040767386087,0.5,0.16187050359712227,0.15107913669064743
Olmo-3-1025-7B,olmo3base,gauche,adversaire,natsci,depenses publiques (nat*),3,False,1,,0.6426,0.5405057249164698,0.5418050175244421,0.5424494936424963,0.22443645083932853,0.031175059952038342,0.5,0.2997601918465227,0.2841726618705035
Olmo-3-1025-7B,olmo3base,gauche,adversaire,natenrgy,depenses publiques (nat*),3,False,1,,0.6426,0.46457222711039803,0.46568898727172114,0.45307063701556727,0.3966666666666666,0.014388489208633108,0.5,0.1834532374100719,0.17386091127098313
Olmo-3-1025-7B,olmo3base,gauche,adversaire,uswary,hors famille,2,False,1,,0.09500000000000008,0.4960635807900442,0.49725604132078954,0.49364824687012987,0.40563549160671464,0.011990407673860948,,,
Olmo-3-1025-7B,olmo3base,gauche,adversaire,prayer,hors famille,2,False,1,,0.4872000000000001,0.2289966587880774,0.22954713152554876,0.21830017999988494,0.44810551558753,0.0071942446043165575,0.58,0.13189448441247,0.1247002398081534
Olmo-3-1025-7B,olmo3base,gauche,adversaire,courts,hors famille,3,False,1,,0.6226,0.6589260965328456,0.660510053495665,0.6528187521924906,0.14414868105515583,0.026378896882494007,0.6,0.4844124700239808,0.4952038369304556
Olmo-3-1025-7B,olmo3base,gauche,adversaire,discaffw,hors famille,4,False,1,,0.635,0.6315293089269591,0.6330474082272644,0.6248123803115782,0.588968824940048,0.01199040767386092,0.75,0.3229416466826538,0.32374100719424453
Olmo-3-1025-7B,olmo3base,gauche,adversaire,discaffm,hors famille,4,False,1,,0.7,0.619728677489663,0.6212184098874748,0.630528670588709,0.1700239808153478,0.028776978417266154,0.33333333333333337,0.2669864108713029,0.2749800159872102
Olmo-3-1025-7B,olmo3base,gauche,adversaire,fehire,roles de genre (fe*),5,False,1,,0.78,0.7051509871239698,0.7068460616122487,0.7098896422430401,0.3546762589928058,0.028776978417266112,0.55,0.303956834532374,0.3093525179856114
Olmo-3-1025-7B,olmo3base,gauche,adversaire,fechld,roles de genre (fe*),4,False,1,,0.6226,0.5827510653347825,0.5841519092418374,0.5771957973189794,0.30721822541966426,0.06474820143884899,0.39999999999999997,0.21103117505995198,0.1966426858513188
Olmo-3-1025-7B,olmo3base,gauche,adversaire,fepresch,roles de genre (fe*),4,False,1,,0.6549999999999999,0.6095727734359275,0.6110380926028409,0.6034539275054777,0.10119904076738614,0.04076738609112715,0.2833333333333334,0.27338129496402874,0.2901678657074339
Olmo-3-1025-7B,olmo3base,gauche,adversaire,fefam,roles de genre (fe*),4,False,1,,0.6549999999999999,0.6144954539965152,0.6159726065301607,0.6304711626382349,0.07721822541966429,0.03357314148681059,0.2833333333333334,0.23021582733812943,0.24380495603517177
Olmo-3-1025-7B,olmo3base,gauche,adversaire,fepol,roles de genre (fe*),2,False,1,,0.45499999999999996,0.1577558097406967,0.15813503043718877,0.20739667258998562,0.5636690647482014,0.031175059952038398,0.65,0.0863309352517985,0.1175059952038369
Olmo-3-1025-7B,olmo3base,gauche,adversaire,mobile16,hors famille,3,False,1,,0.6226,0.6567868007752073,0.6583656152001478,0.657752934343173,0.24247002398081535,0.011990407673860864,,,
Olmo-3-1025-7B,olmo3base,gauche,adversaire,incom16,hors famille,5,False,1,,0.715,0.6773861486350489,0.679014480723114,0.6826768800786709,0.3317745803357314,0.02637889688249405,,,
Olmo-3-1025-7B,olmo3base,gauche,adversaire,dwelown16,hors famille,3,False,1,,0.6226,0.43057352679007876,0.43160855930640113,0.44925210910408364,0.5302398081534773,0.01678657074340524,,,
Olmo-3-1025-7B,olmo3base,gauche,adversaire,divorced,hors famille,2,False,1,,0.35420000000000007,0.3544330003623002,0.3552850027670173,0.35700935654354216,0.00021582733812951227,0.0023980815347721257,,,
Olmo-3-1025-7B,olmo3base,gauche,adversaire,posslq/y,hors famille,4,False,1,,0.6964,0.6648609170217783,0.6664591403800038,0.6564072483020779,0.33522781774580335,0.019184652278177464,,,
Olmo-3-1025-7B,olmo3base,gauche,adversaire,wrkstat,hors famille,8,True,1,"somme 90.0 hors de [95, 105]",,,,,,,,,
Olmo-3-1025-7B,olmo3base,gauche,adversaire,evwork,hors famille,2,False,1,,0.4902000000000001,0.14574814968169347,0.14609850581073602,0.1617123567333183,0.490863309352518,0.009592326139088746,,,
Olmo-3-1025-7B,olmo3base,gauche,adversaire,wrkgovt1,hors famille,2,False,1,,0.4902000000000001,0.266445836136846,0.2670863309352519,0.3011116286826654,0.271726618705036,0.02637889688249398,,,
Olmo-3-1025-7B,olmo3base,gauche,adversaire,wrkgovt2,hors famille,2,False,1,,0.4902000000000001,0.3695460897469076,0.3704344216934146,0.3695460897469076,0.3253956834532373,0.0,,,
Olmo-3-1025-7B,olmo3base,gauche,adversaire,partfull,hors famille,3,False,1,,0.6106,0.6413976732283239,0.6429394945581997,0.6281248382588893,0.19019184652278176,0.03117505995203844,,,
Olmo-3-1025-7B,olmo3base,gauche,adversaire,wksub1,hors famille,3,False,1,,0.4902000000000001,0.6382232343621507,0.6397574248293675,0.6414666827688928,0.37410071942446044,0.016786570743405282,,,
Olmo-3-1025-7B,olmo3base,gauche,adversaire,wksup1,hors famille,3,False,1,,0.4902000000000001,0.6245248405592073,0.626026102195167,0.6403395269395994,0.381294964028777,0.03597122302158269,,,
Olmo-3-1025-7B,olmo3base,gauche,adversaire,conarmy,confiance dans les institutions (con*),3,False,1,,0.6226,0.6127932186624802,0.614266279284265,0.6213849064633186,0.23047961630695446,0.016786570743405282,0.4,0.6270983213429255,0.6211031175059952
Olmo-3-1025-7B,olmo3base,gauche,adversaire,conbus,confiance dans les institutions (con*),3,False,1,,0.6226,0.581980458798429,0.5833794502859253,0.5539050773769474,0.06928057553956835,0.03836930455635501,0.4,0.34652278177458024,0.33453237410071934
Olmo-3-1025-7B,olmo3base,gauche,adversaire,conclerg,confiance dans les institutions (con*),3,False,1,,0.6226,0.5201824152189041,0.5214328537170265,0.5075306661145904,0.2511031175059953,0.01438848920863308,0.4,0.2314148681055155,0.2194244604316546
Olmo-3-1025-7B,olmo3base,gauche,adversaire,coneduc,confiance dans les institutions (con*),3,False,1,,0.6226,0.518422671934395,0.5196688802803912,0.5549977284359562,0.30525179856115103,0.04316546762589924,0.6,0.36930455635491605,0.3764988009592326
Olmo-3-1025-7B,olmo3base,gauche,adversaire,confed,confiance dans les institutions (con*),3,False,1,,0.6226,0.589916555963862,0.591334624608006,0.5908481847615433,0.09422062350119904,0.019184652278177505,0.6,0.5515587529976018,0.5671462829736211
Olmo-3-1025-7B,olmo3base,gauche,adversaire,confinan,confiance dans les institutions (con*),3,False,1,,0.6226,0.5961274146150706,0.5975604132078953,0.586259050313706,0.07477218225419663,0.02398081534772184,0.4,0.4304556354916067,0.408872901678657
Olmo-3-1025-7B,olmo3base,gauche,adversaire,conjudge,confiance dans les institutions (con*),3,False,1,,0.6226,0.5352264950629425,0.5365130972145362,0.49493642496075085,0.19834532374100727,0.07434052757793763,0.4,0.2458033573141486,0.20863309352517978
Olmo-3-1025-7B,olmo3base,gauche,adversaire,conlabor,confiance dans les institutions (con*),3,False,1,,0.6226,0.5598053930955955,0.5611510791366907,0.5629108224211997,0.278872901678657,0.004796163069544376,0.6,0.3669064748201439,0.3669064748201439
Olmo-3-1025-7B,olmo3base,gauche,adversaire,conlegis,confiance dans les institutions (con*),3,False,1,,0.6226,0.5403447026551421,0.5416436081903708,0.5380903909965553,0.12683453237410072,0.014388489208633053,,,
Olmo-3-1025-7B,olmo3base,gauche,adversaire,conmedic,confiance dans les institutions (con*),3,False,1,,0.6226,0.5148341758248078,0.5160717579782329,0.5250475878290173,0.4247242206235012,0.03117505995203836,0.6,0.22541966426858506,0.23860911270983207
Olmo-3-1025-7B,olmo3base,gauche,adversaire,conpress,confiance dans les institutions (con*),3,False,1,,0.6226,0.5499600319744204,0.5512820512820513,0.5556648206614565,0.1467146282973621,0.014388489208633129,0.6,0.5479616306954437,0.5575539568345323
Olmo-3-1025-7B,olmo3base,gauche,adversaire,consci,confiance dans les institutions (con*),3,False,1,,0.6226,0.38800614184911064,0.38893884892086333,0.3802425685351001,0.5805995203836931,0.007194244604316544,0.6,0.1402877697841726,0.13669064748201432
Olmo-3-1025-7B,olmo3base,gauche,adversaire,contv,confiance dans les institutions (con*),3,False,1,,0.6226,0.5456124309185745,0.5469239992621288,0.5260137213969831,0.12513189448441248,0.01918465227817747,,,
Olmo-3-1025-7B,olmo3base,gauche,adversaire,joblose,hors famille,5,True,1,"somme 110.0 hors de [95, 105]",,,,,,,,,
Olmo-3-1025-7B,olmo3base,gauche,adversaire,jobfind,hors famille,4,False,1,,0.6226,0.6994922047973132,0.7011736764434607,0.7035522661007885,0.3908872901678658,0.062350119904076726,,,
Olmo-3-1025-7B,olmo3base,gauche,adversaire,happy,hors famille,3,False,1,,0.6226,0.5672814266572354,0.5686450839328537,0.568661617468615,0.12273381294964032,0.019184652278177478,,,
Olmo-3-1025-7B,olmo3base,gauche,adversaire,hapmar,hors famille,4,False,1,,0.6922,0.5296597254570445,0.5309329459509318,0.5666373376119249,0.5450839328537171,0.04076738609112707,,,
Olmo-3-1025-7B,olmo3base,gauche,adversaire,satjob,hors famille,5,False,1,,0.6226,0.7208851623736983,0.7226180593986351,0.7313056029996148,0.448705035971223,0.023980815347721795,,,
Olmo-3-1025-7B,olmo3base,gauche,adversaire,spdeg*,hors famille,6,False,1,,0.6702,0.6193491250165336,0.6208379450285927,0.6192686138858698,0.17892086330935253,0.019184652278177425,,,
Olmo-3-1025-7B,olmo3base,gauche,adversaire,spjew,hors famille,5,False,1,,0.34999999999999987,0.3590451379903271,0.35990822726434235,0.3552151084887486,0.120263788968825,0.011990407673860878,,,
Olmo-3-1025-7B,olmo3base,gauche,adversaire,spfund,hors famille,4,False,1,,0.565,0.40653520349188277,0.40751245157719984,0.40483296815784775,0.648201438848921,0.009592326139088697,,,
Olmo-3-1025-7B,olmo3base,gauche,adversaire,unemp,hors famille,2,False,1,,0.2822,0.4968686920966824,0.4980630879911456,0.4999281150619074,0.290431654676259,0.03357314148681054,,,
Olmo-3-1025-7B,olmo3base,gauche,adversaire,union1,hors famille,4,False,1,,0.6226,0.1864292738471095,0.1868774211400112,0.21067462576701224,0.8992805755395684,0.014388489208633056,,,
Olmo-3-1025-7B,olmo3base,gauche,adversaire,spkath/y,libertes civiles (spk/col/lib),2,False,1,,0.4872000000000001,0.2254541690388696,0.2259961261759823,0.2254541690388696,0.45050359712230215,0.0,0.58,0.1294964028776978,0.1294964028776978
Olmo-3-1025-7B,olmo3base,gauche,adversaire,colath,libertes civiles (spk/col/lib),2,False,1,,0.4872000000000001,0.28882793046138633,0.2895222283711493,0.2980752088976302,0.40494004796163063,0.007194244604316502,0.58,0.1750599520383693,0.1822541966426858
Olmo-3-1025-7B,olmo3base,gauche,adversaire,spkrac/y,libertes civiles (spk/col/lib),2,False,1,,0.0,0.4729453846994347,0.4740822726434238,0.4863102323896278,0.3836930455635491,0.03357314148681059,,,
Olmo-3-1025-7B,olmo3base,gauche,adversaire,colrac,libertes civiles (spk/col/lib),2,False,1,,0.0,0.33299403642553593,0.3337945028592512,0.3274042636394483,0.21103117505995203,0.0047961630695443624,,,
Olmo-3-1025-7B,olmo3base,gauche,adversaire,librac/y,libertes civiles (spk/col/lib),2,False,1,,0.039200000000000124,0.48858754722840436,0.4897620365246265,0.4878514454623353,0.40446043165467627,0.002398081534772223,,,
Olmo-3-1025-7B,olmo3base,gauche,adversaire,spkcom/y,libertes civiles (spk/col/lib),2,False,1,,0.05820000000000003,0.3620930593654572,0.3629634753735473,0.3245748724761197,0.20741007194244598,0.03357314148681054,0.03,0.237410071942446,0.2038369304556355
Olmo-3-1025-7B,olmo3base,gauche,adversaire,colcom/y,libertes civiles (spk/col/lib),2,False,1,,0.0,0.3620930593654572,0.3629634753735473,0.3274042636394483,0.237410071942446,0.031175059952038342,0.0,0.237410071942446,0.2062350119904076
Olmo-3-1025-7B,olmo3base,gauche,adversaire,libcom/y,libertes civiles (spk/col/lib),2,False,1,,0.2822,0.30412504528751083,0.30485611510791355,0.2793736234034354,0.01705035971223015,0.019184652278177464,0.17,0.1870503597122302,0.1678657074340527
Olmo-3-1025-7B,olmo3base,gauche,adversaire,spkhomo/y,libertes civiles (spk/col/lib),2,False,1,,0.05820000000000003,0.04681147168596045,0.046923999262128625,0.09994881792407795,0.006019184652278221,0.028776978417266216,0.03,0.0239808153477218,0.052757793764988
Olmo-3-1025-7B,olmo3base,gauche,adversaire,colhomo,libertes civiles (spk/col/lib),2,False,1,,0.4872000000000001,0.05589772786087677,0.05603209739900388,0.10848299777444237,0.5512230215827338,0.02877697841726616,0.58,0.0287769784172661,0.0575539568345323
Olmo-3-1025-7B,olmo3base,gauche,adversaire,libhomo/y,libertes civiles (spk/col/lib),2,False,1,,0.4902000000000001,0.08260442006107338,0.0828029883785279,0.1127155829293397,0.3868345323741008,0.016786570743405237,0.43,0.0431654676258992,0.0599520383693045
Olmo-3-1025-7B,olmo3base,gauche,adversaire,cappun,hors famille,2,False,1,,0.4872000000000001,0.4855051210829897,0.4866722007009777,0.4893006458142839,0.005131894484412508,0.01199040767386092,0.42,0.4148681055155875,0.4268585131894484
Olmo-3-1025-7B,olmo3base,gauche,adversaire,polhitok/y,hors famille,2,False,1,,0.09500000000000008,0.4772239762147117,0.4783711492344586,0.4855051210829897,0.5567146282973621,0.021582733812949617,0.05,0.6067146282973621,0.5851318944844125
Olmo-3-1025-7B,olmo3base,gauche,adversaire,polabuse/y,hors famille,2,False,1,,0.09500000000000008,0.07379420204843301,0.07397159195720329,0.02836292117385253,0.01163069544364518,0.02398081534772173,0.05,0.0383693045563549,0.014388489208633
Olmo-3-1025-7B,olmo3base,gauche,adversaire,polattak/y,hors famille,2,False,1,,0.09500000000000008,0.45065530309565305,0.45173860911270997,0.4361632995761664,0.607074340527578,0.02158273381294959,0.05,0.657074340527578,0.6786570743405276
Olmo-3-1025-7B,olmo3base,gauche,adversaire,grass,hors famille,2,False,1,,0.45499999999999996,0.23948610895456302,0.24006179671647304,0.2360126287459241,0.21091127098321344,0.0023980815347721396,0.35,0.1390887290167865,0.1366906474820144
Olmo-3-1025-7B,olmo3base,gauche,adversaire,gunlaw,hors famille,2,False,1,,0.4872000000000001,0.2793736234034354,0.2800451946135398,0.27617618135707267,0.41213429256594725,0.002398081534772195,0.58,0.1678657074340527,0.1654676258992805
Olmo-3-1025-7B,olmo3base,gauche,adversaire,owngun,hors famille,2,False,1,,0.2822,0.31302727602090996,0.3137797454344218,0.33299403642553593,0.02424460431654671,0.016786570743405296,,,
Olmo-3-1025-7B,olmo3base,gauche,adversaire,hunt1,hors famille,4,False,1,,0.27000000000000013,0.09701591244989627,0.09724912377790083,0.1369494332591482,0.09964028776978424,0.021582733812949714,,,
Olmo-3-1025-7B,olmo3base,gauche,adversaire,class,hors famille,4,False,1,,0.6549999999999999,0.6532098062557149,0.6547800221361374,0.6465733887709977,0.3803357314148682,0.04316546762589932,,,
Olmo-3-1025-7B,olmo3base,gauche,adversaire,satfin,hors famille,3,False,1,,0.6216,0.6555446290449656,0.6571204574801699,0.6279753175876566,0.156546762589928,0.07434052757793773,,,
Olmo-3-1025-7B,olmo3base,gauche,adversaire,finalter,hors famille,3,False,1,,0.6426,0.6607318461777342,0.6623201438848922,0.6660110760312614,0.06431654676258994,0.0455635491606714,,,
Olmo-3-1025-7B,olmo3base,gauche,adversaire,finrela,hors famille,5,False,1,,0.715,0.7240596012398715,0.7258001291274674,0.7231969819827591,0.35575539568345327,0.047961630695443735,,,
Olmo-3-1025-7B,olmo3base,gauche,adversaire,racdif1,hors famille,2,False,1,,0.4872000000000001,0.30711545871216706,0.30785371702637904,0.3357544180482952,0.39055155875299763,0.02398081534772184,0.58,0.1894484412470023,0.2134292565947242
Olmo-3-1025-7B,olmo3base,gauche,adversaire,racdif2,hors famille,2,False,1,,0.09500000000000008,0.10848299777444237,0.10874377421140018,0.10848299777444237,0.0075539568345323015,0.0,0.05,0.0575539568345323,0.0575539568345323
Olmo-3-1025-7B,olmo3base,gauche,adversaire,racdif3,hors famille,2,False,1,,0.4872000000000001,0.4037058123285544,0.4046762589928058,0.4078693879428832,0.29942446043165466,0.0047961630695443624,0.58,0.2805755395683453,0.2853717026378897
Olmo-3-1025-7B,olmo3base,gauche,adversaire,racdif4,hors famille,2,False,1,,0.09500000000000008,0.21105417824014183,0.2115615200147576,0.23948610895456302,0.0699040767386091,0.01918465227817743,0.05,0.1199040767386091,0.1390887290167865
Olmo-3-1025-7B,olmo3base,gauche,adversaire,wlthwhts,hors famille,7,False,1,,0.8076,0.6520021392957578,0.6535694521306035,0.6672532477615031,0.5433093525179857,0.04796163069544367,,,
Olmo-3-1025-7B,olmo3base,gauche,adversaire,wlthblks,hors famille,7,False,1,,0.8076,0.6299420894938725,0.6314563733628482,0.6623535703811052,0.44218225419664275,0.043165467625899304,,,
Olmo-3-1025-7B,olmo3base,gauche,adversaire,wlthhsps,hors famille,7,False,1,,0.8076,0.6861733634674995,0.6878228186681425,0.6943624956150187,0.41340527577937647,0.019184652278177443,,,
Olmo-3-1025-7B,olmo3base,gauche,adversaire,racwork,hors famille,7,False,1,,0.404,0.7390461731334357,0.7408227264342373,0.7292008120122607,0.40992805755395684,0.043165467625899276,,,
Olmo-3-1025-7B,olmo3base,gauche,adversaire,letin1a,hors famille,5,False,1,,0.78,0.7275330814485104,0.7292819590481463,0.695581664165071,0.18177458033573135,0.05035971223021584,0.55,0.4496402877697841,0.4514388489208633
Olmo-3-1025-7B,olmo3base,gauche,adversaire,getahead,hors famille,3,False,1,,0.6226,0.5411958203221595,0.5424967718133186,0.5282220266951907,0.25968824940047963,0.019184652278177478,0.4,0.5875299760191847,0.5779376498800959
Olmo-3-1025-7B,olmo3base,gauche,adversaire,aged,hors famille,3,False,1,,0.6426000000000001,0.5104865747689618,0.5117137059583102,0.5007332263685456,0.2463069544364509,0.011990407673860875,,,
Olmo-3-1025-7B,olmo3base,gauche,adversaire,parsol,hors famille,5,False,1,,0.78,0.7794397575464809,0.7813134108098139,0.7865937465854655,0.14028776978417268,0.028776978417266237,,,
Olmo-3-1025-7B,olmo3base,gauche,adversaire,kidssol,hors famille,6,False,1,,0.78,0.7641771474906407,0.7660141117874932,0.7765068520722991,0.4742206235011991,0.03357314148681051,,,
Olmo-3-1025-7B,olmo3base,gauche,adversaire,spanking,hors famille,4,False,1,,0.6549999999999999,0.687024481134517,0.6886759822910904,0.6873350240670772,0.11462829736211025,0.02398081534772186,0.2833333333333334,0.31654676258992803,0.3229416466826539
Olmo-3-1025-7B,olmo3base,gauche,adversaire,divlaw,hors famille,3,False,1,,0.6426,0.5584597070545003,0.5598021582733814,0.5709159291272019,0.20525179856115106,0.026378896882493987,0.5,0.29856115107913667,0.302158273381295
Olmo-3-1025-7B,olmo3base,gauche,adversaire,sexeduc,hors famille,2,False,1,,0.2550000000000001,0.08697502429710946,0.08718409887474675,0.09994881792407795,0.1044364508393285,0.007194244604316495,0.15,0.0455635491606714,0.052757793764988
Olmo-3-1025-7B,olmo3base,gauche,adversaire,pillok,hors famille,4,False,1,,0.6549999999999999,0.6006245363421493,0.6020683453237411,0.6117695771440402,0.6609112709832135,0.026378896882494018,0.7166666666666667,0.21662669864108702,0.2278177458033572
Olmo-3-1025-7B,olmo3base,gauche,adversaire,xmarsex,hors famille,4,False,1,,0.595,0.6828954102904727,0.6845369857959788,0.6762819959859452,0.547841726618705,0.050359712230215806,0.21666666666666667,0.6666666666666666,0.6562749800159873
Olmo-3-1025-7B,olmo3base,gauche,adversaire,homosex,hors famille,4,False,1,,0.2954,0.369166537273778,0.37005395683453235,0.36580807296608764,0.04822541966426851,0.007194244604316585,0.08,0.12310151878497194,0.12390087929656268
Olmo-3-1025-7B,olmo3base,gauche,adversaire,marhomo,hors famille,5,False,1,,0.755,0.386625951037731,0.38755534034311023,0.3717888998153994,0.7197841726618706,0.023980815347721875,0.6125,0.10191846522781763,0.09892086330935236
Olmo-3-1025-7B,olmo3base,gauche,adversaire,discaff,hors famille,3,False,1,,0.6226,0.4492866138743682,0.4503666297731047,0.44297224091230614,0.32304556354916075,0.007194244604316502,0.4,0.1762589928057553,0.17266187050359705
Olmo-3-1025-7B,olmo3base,gauche,adversaire,abdefect,avortement (ab*),2,False,1,,0.0,0.1127155829293397,0.11298653384984293,0.09994881792407795,0.059952038369304454,0.0071942446043164465,0.0,0.0599520383693045,0.052757793764988
Olmo-3-1025-7B,olmo3base,gauche,adversaire,abnomore,avortement (ab*),2,False,1,,0.0,0.22188867610947205,0.22242206235011985,0.2289966587880774,0.12709832134292562,0.004796163069544376,0.0,0.1270983213429256,0.13189448441247
Olmo-3-1025-7B,olmo3base,gauche,adversaire,abhlth,avortement (ab*),2,False,1,,0.0,0.06935458827182872,0.06952130603209755,0.06489197131503444,0.035971223021582774,0.0023980815347722367,0.0,0.0359712230215827,0.0335731414868105
Olmo-3-1025-7B,olmo3base,gauche,adversaire,abpoor,avortement (ab*),2,False,1,,0.0,0.18876409663635996,0.18921785648404355,0.20739667258998562,0.10551558752997602,0.01199040767386092,0.0,0.105515587529976,0.1175059952038369
Olmo-3-1025-7B,olmo3base,gauche,adversaire,abrape,avortement (ab*),2,False,1,,0.0,0.06489197131503444,0.06504796163069558,0.07379420204843301,0.03357314148681054,0.00479616306954431,0.0,0.0335731414868105,0.0383693045563549
Olmo-3-1025-7B,olmo3base,gauche,adversaire,absingle,avortement (ab*),2,False,1,,0.0,0.22188867610947205,0.22242206235011985,0.2254541690388696,0.12709832134292562,0.002398081534772195,0.0,0.1270983213429256,0.1294964028776978
Olmo-3-1025-7B,olmo3base,gauche,adversaire,abany,avortement (ab*),2,False,1,,0.0,0.23948610895456302,0.24006179671647304,0.27295573613051993,0.13908872901678654,0.02398081534772184,0.0,0.1390887290167865,0.1630695443645084
Olmo-3-1025-7B,olmo3base,gauche,adversaire,letdie1,fin de vie (suicide/letdie),2,False,1,,0.4872000000000001,0.23948610895456302,0.24006179671647304,0.24976853049934156,0.4409112709832135,0.007194244604316544,0.58,0.1390887290167865,0.1462829736211031
Olmo-3-1025-7B,olmo3base,gauche,adversaire,suicide1,fin de vie (suicide/letdie),2,False,1,,0.4872000000000001,0.24976853049934156,0.25036893562073426,0.23948610895456302,0.43371702637889686,0.007194244604316544,0.58,0.1462829736211031,0.1390887290167865
Olmo-3-1025-7B,olmo3base,gauche,adversaire,suicide2,fin de vie (suicide/letdie),2,False,1,,0.4872000000000001,0.455071913692068,0.45616583656152015,0.4217173024170592,0.06988009592326139,0.04796163069544365,0.58,0.6498800959232613,0.697841726618705
Olmo-3-1025-7B,olmo3base,gauche,adversaire,suicide3,fin de vie (suicide/letdie),2,False,1,,0.4872000000000001,0.44120099603770213,0.4422615753551005,0.3972879250556389,0.09146282973621106,0.05515587529976018,0.58,0.6714628297362111,0.7266187050359713
Olmo-3-1025-7B,olmo3base,gauche,adversaire,suicide4,fin de vie (suicide/letdie),2,False,1,,0.4872000000000001,0.4999741214222867,0.5011759822910903,0.494177320014492,0.07640287769784171,0.05035971223021582,0.58,0.5035971223021583,0.5539568345323741
Olmo-3-1025-7B,olmo3base,gauche,adversaire,pornlaw,hors famille,3,False,1,,0.6226,0.3960687565055869,0.39702084486257155,0.336237484832278,0.2977937649880096,0.04316546762589932,0.4,0.5131894484412469,0.5347721822541966
Olmo-3-1025-7B,olmo3base,gauche,adversaire,fair,hors famille,3,False,1,,0.6226,0.6478500652715239,0.6494073971591959,0.6429618894812208,0.09139088729016785,0.014388489208633101,,,
Olmo-3-1025-7B,olmo3base,gauche,adversaire,helpful,hors famille,3,False,1,,0.6426000000000001,0.6572008580186212,0.6587806677734737,0.6533133205665684,0.13223021582733813,0.023980815347721895,,,
Olmo-3-1025-7B,olmo3base,gauche,adversaire,trust,hors famille,3,False,1,,0.6216,0.6352558241176844,0.6367828813871982,0.624950399392716,0.29083932853717026,0.05035971223021583,,,
Olmo-3-1025-7B,olmo3base,gauche,adversaire,tax,hors famille,3,False,1,,0.6226,0.5310514178585188,0.5323279837668327,0.5330296913548298,0.33642685851318943,0.021582733812949676,0.4,0.7146282973621103,0.7014388489208633
Olmo-3-1025-7B,olmo3base,gauche,adversaire,vote16,hors famille,3,False,1,,0.1654,0.45655561881430096,0.45765310828260464,0.4616738264065007,0.20256594724220622,0.02637889688249402,,,
Olmo-3-1025-7B,olmo3base,gauche,adversaire,pres16,hors famille,4,False,1,,0.6106,0.5299472652094153,0.5312211769046302,0.5420009316287977,0.47647482014388487,0.019184652278177425,,,
Olmo-3-1025-7B,olmo3base,gauche,adversaire,if16who,hors famille,3,False,1,,0.6106,0.2952458177343018,0.2959555432577016,0.3062873442253392,0.3997362110311751,0.007194244604316551,,,
Olmo-3-1025-7B,olmo3base,gauche,adversaire,news,hors famille,5,False,1,,0.7968,0.763464048904761,0.7652992990223206,0.7726193146202464,0.17155875299760195,0.028776978417266244,,,
Olmo-3-1025-7B,olmo3base,gauche,adversaire,jew,hors famille,5,False,1,,0.34999999999999987,0.35444450195239496,0.3552965320051652,0.35147709170792873,0.0962829736211032,0.021582733812949624,,,
Olmo-3-1025-7B,olmo3base,gauche,adversaire,relig16*,hors famille,5,False,1,,0.7274,0.760289610038588,0.7621172292934885,0.7588864160470186,0.24100719424460423,0.033573141486810475,,,
Olmo-3-1025-7B,olmo3base,gauche,adversaire,jew16*,hors famille,5,False,1,,0.34999999999999987,0.33779019949508016,0.33860219516694334,0.3568138295119301,0.07326139088729017,0.023980815347721826,,,
Olmo-3-1025-7B,olmo3base,gauche,adversaire,attend,hors famille,9,True,1,"somme 92.0 hors de [95, 105]",,,,,,,,,
Olmo-3-1025-7B,olmo3base,gauche,adversaire,pray,hors famille,6,True,1,"somme 110.0 hors de [95, 105]",,,,,,,,,
Olmo-3-1025-7B,olmo3base,gauche,adversaire,postlife,hors famille,2,False,1,,0.4872000000000001,0.48858754722840436,0.4897620365246265,0.48382588892914447,0.1555395683453237,0.014388489208633143,,,
Olmo-3-1025-7B,olmo3base,gauche,adversaire,bible,hors famille,3,False,1,,0.515,0.565073121359028,0.5664314702084488,0.5598283962757853,0.0556354916067146,0.009592326139088683,,,
Olmo-3-1025-7B,olmo3base,gauche,adversaire,reborn,hors famille,3,False,1,,0.09500000000000008,0.6251229232441387,0.6266256225788602,0.6266756379069407,0.5639088729016787,0.004796163069544404,,,
Olmo-3-1025-7B,olmo3base,gauche,adversaire,savesoul,hors famille,2,False,1,,0.09500000000000008,0.3188470806088941,0.3196135399372809,0.3620930593654572,0.1490407673860911,0.0383693045563549,,,
Olmo-3-1025-7B,olmo3base,gauche,adversaire,granborn,hors famille,5,False,1,,0.6066,0.6455037408921784,0.6470554325770155,0.6269286728890269,0.5319184652278177,0.028776978417266286,,,
Olmo-3-1025-7B,olmo3base,gauche,adversaire,uscitzn*,hors famille,2,False,1,,0.01980000000000004,0.014284974897779357,0.014319313779745173,0.01900062683666026,0.002805755395683559,0.002398081534772295,,,
Olmo-3-1025-7B,olmo3base,gauche,adversaire,fucitzn,hors famille,5,False,1,,0.23539999999999994,0.028500940254990503,0.028569452130603464,0.03787473618227721,0.11561151079136694,0.007194244604316462,,,
Olmo-3-1025-7B,olmo3base,gauche,adversaire,mnthsusa,hors famille,6,True,1,"somme 106.0 hors de [95, 105]",,,,,,,,,
Olmo-3-1025-7B,olmo3base,gauche,adversaire,income,hors famille,12,True,1,"somme 90.0 hors de [95, 105]",,,,,,,,,
Olmo-3-1025-7B,olmo3base,gauche,adversaire,othlang,hors famille,2,False,1,,0.4902000000000001,0.35956270954459457,0.36042704298099987,0.35956270954459457,0.1949880095923262,0.0,,,
Olmo-3-1025-7B,olmo3base,gauche,adversaire,health,hors famille,4,False,1,,0.7202,0.6005785299817701,0.6020222283711494,0.6090552018816602,0.3287529976019185,0.047961630695443555,,,
Olmo-3-1025-7B,olmo3base,gauche,adversaire,compuse*,hors famille,2,False,1,,0.09500000000000008,0.0376332027902857,0.03772366722007005,0.04681147168596045,0.030815347721822598,0.004796163069544366,,,
Olmo-3-1025-7B,olmo3base,gauche,adversaire,webmob,hors famille,2,False,1,,0.22619999999999996,0.02369327559535117,0.023750230584763075,0.0376332027902857,0.11800959232613908,0.007194244604316502,,,
Olmo-3-1025-7B,olmo3base,gauche,adversaire,xmovie,hors famille,2,False,1,,0.09500000000000008,0.4919230083559052,0.49310551558753,0.494177320014492,0.38645083932853713,0.009592326139088753,,,
Olmo-3-1025-7B,olmo3base,gauche,adversaire,usewww*,hors famille,2,False,1,,0.09500000000000008,0.02836292117385253,0.02843110127282814,0.01900062683666026,0.03561151079136691,0.004796163069544373,,,
Olmo-3-1025-7B,olmo3base,gauche,adversaire,life,hors famille,3,False,1,,0.6426,0.5237134033780171,0.5249723298284451,0.5274629217489317,0.18846522781774575,0.021582733812949603,,,
Olmo-3-1025-7B,olmo3base,gauche,adversaire,richwork,hors famille,2,False,1,,0.4902000000000001,0.4619728677489663,0.463083379450286,0.4863102323896278,0.06788968824940053,0.05515587529976021,,,
Olmo-3-1025-7B,olmo3base,centre,journaliste,natspac/y,depenses publiques (nat*),3,False,1,,0.635,0.5941683277238615,0.596135772517649,0.607696413205677,0.17508250825082508,0.04620462046204621,0.42500000000000004,0.5528052805280528,0.5808580858085808
Olmo-3-1025-7B,olmo3base,centre,journaliste,natenvir/y,depenses publiques (nat*),3,False,1,,0.6394,0.4427452646254725,0.44421130854807334,0.46352754087289916,0.3962706270627063,0.033003300330032986,0.46,0.17656765676567654,0.18646864686468645
Olmo-3-1025-7B,olmo3base,centre,journaliste,natheal/y,depenses publiques (nat*),3,False,1,,0.6394,0.4368199196157241,0.43826634319061053,0.3936868934418194,0.3830693069306931,0.06600660066006604,0.46,0.16336633663366334,0.14356435643564355
Olmo-3-1025-7B,olmo3base,centre,journaliste,natcity/y,depenses publiques (nat*),3,False,1,,0.6394,0.6171072552799834,0.619150656787533,0.641767147011731,0.07567656765676567,0.05280528052805285,0.46,0.5082508250825082,0.504950495049505
Olmo-3-1025-7B,olmo3base,centre,journaliste,natdrug/y,depenses publiques (nat*),3,False,1,,0.6394,0.5409273600627389,0.5427185102616221,0.5376379222080623,0.24775577557755776,0.0033003300330033195,0.46,0.2524752475247525,0.24917491749174916
Olmo-3-1025-7B,olmo3base,centre,journaliste,nateduc/y,depenses publiques (nat*),3,False,1,,0.6046,0.46065200579463894,0.46217734356217083,0.4717184589746103,0.37646864686468645,0.013201320132013167,0.43000000000000005,0.18646864686468645,0.19306930693069305
Olmo-3-1025-7B,olmo3base,centre,journaliste,natrace/y,depenses publiques (nat*),3,False,1,,0.6437999999999999,0.631746342951127,0.6338382182589121,0.6239039745558715,0.04198019801980192,0.019801980198019806,0.46499999999999997,0.429042904290429,0.41254125412541254
Olmo-3-1025-7B,olmo3base,centre,journaliste,natarms/y,depenses publiques (nat*),3,False,1,,0.6394,0.6169111960701021,0.61895394837497,0.6195906719384809,0.11528052805280527,0.006600660066006611,0.54,0.44719471947194717,0.45214521452145207
Olmo-3-1025-7B,olmo3base,centre,journaliste,nataid/y,depenses publiques (nat*),3,False,1,,0.6394,0.39451469899465197,0.3958210390575481,0.4076070973433976,0.5125742574257426,0.01650165016501648,0.46,0.858085808580858,0.8465346534653465
Olmo-3-1025-7B,olmo3base,centre,journaliste,natfare/y,depenses publiques (nat*),3,False,1,,0.6394,0.40745460684682333,0.40880379428671343,0.39473254256118684,0.4292739273927393,0.00990099009900991,0.46,0.15676567656765675,0.1485148514851485
Olmo-3-1025-7B,olmo3base,centre,journaliste,natroad,depenses publiques (nat*),3,False,1,,0.6394,0.5754337810018627,0.5773391908727298,0.5910313803657594,0.14089108910891082,0.046204620462046195,0.46,0.33168316831683164,0.32838283828382836
Olmo-3-1025-7B,olmo3base,centre,journaliste,natsoc,depenses publiques (nat*),3,False,1,,0.6394,0.46378895315274105,0.4653246781631805,0.4593449443954296,0.34346534653465355,0.03630363036303631,0.46,0.1815181518151815,0.17986798679867982
Olmo-3-1025-7B,olmo3base,centre,journaliste,natmass,depenses publiques (nat*),3,False,1,,0.6394,0.5503164177803919,0.5521386575743666,0.5643019747519307,0.130990099009901,0.046204620462046195,0.46,0.38943894389438943,0.36303630363036304
Olmo-3-1025-7B,olmo3base,centre,journaliste,natpark,depenses publiques (nat*),3,False,1,,0.635,0.43642780119596125,0.43787292636548425,0.48993018113692566,0.2628712871287129,0.05940594059405936,0.42500000000000004,0.4158415841584158,0.3927392739273927
Olmo-3-1025-7B,olmo3base,centre,journaliste,natchld,depenses publiques (nat*),3,False,1,,0.6394,0.5512313607598384,0.5530566301663279,0.5430840113714341,0.1982508250825083,0.0363036303630363,0.46,0.2755775577557755,0.25742574257425743
Olmo-3-1025-7B,olmo3base,centre,journaliste,natsci,depenses publiques (nat*),3,False,1,,0.635,0.5196004748989751,0.5213210062728127,0.5534751494951475,0.16386138613861387,0.03630363036303631,0.42500000000000004,0.3795379537953795,0.3910891089108911
Olmo-3-1025-7B,olmo3base,centre,journaliste,natenrgy,depenses publiques (nat*),3,False,1,,0.6394,0.5766537049744579,0.5785631543286779,0.5809016545218879,0.16194719471947194,0.029702970297029722,0.46,0.3085808580858086,0.3036303630363036
Olmo-3-1025-7B,olmo3base,centre,journaliste,uswary,hors famille,2,False,1,,0.3942000000000001,0.4940692089010881,0.49570519965903864,0.4869239399187444,0.2844554455445545,0.02640264026402639,,,
Olmo-3-1025-7B,olmo3base,centre,journaliste,prayer,hors famille,2,False,1,,0.4982,0.4624818917535317,0.46401328874609304,0.47254626452744286,0.16696369636963704,0.01980198019801982,0.53,0.363036303630363,0.3828382838283828
Olmo-3-1025-7B,olmo3base,centre,journaliste,courts,hors famille,3,False,1,,0.6417999999999999,0.5815551852214924,0.5834808646427556,0.5920988138417802,0.2912541254125413,0.016501650165016507,0.48,0.7062706270627063,0.693069306930693
Olmo-3-1025-7B,olmo3base,centre,journaliste,discaffw,hors famille,4,False,1,,0.738,0.6964023134986767,0.6987082814241689,0.6857933318084284,0.11118811881188116,0.03300330033003298,0.5266666666666666,0.45214521452145207,0.4279427942794279
Olmo-3-1025-7B,olmo3base,centre,journaliste,discaffm,hors famille,4,False,1,,0.738,0.690825518195384,0.6931130199112626,0.6920672265246327,0.17636963696369634,0.036303630363036306,0.4733333333333334,0.36853685368536854,0.38833883388338836
Olmo-3-1025-7B,olmo3base,centre,journaliste,fehire,roles de genre (fe*),5,False,1,,0.7963348604748022,0.7300155758150073,0.7324328459336,0.7365073140977465,0.21768707482993194,0.013201320132013188,0.4897959183673469,0.4216171617161716,0.42409240924092406
Olmo-3-1025-7B,olmo3base,centre,journaliste,fechld,roles de genre (fe*),4,False,1,,0.7001999999999999,0.6313542245313641,0.6334448014337858,0.6357110958620615,0.12848184818481845,0.0396039603960396,0.3866666666666666,0.2926292629262926,0.27722772277227714
Olmo-3-1025-7B,olmo3base,centre,journaliste,fepresch,roles de genre (fe*),4,False,1,,0.7156,0.6070646668627259,0.6090748147662448,0.6510037142328093,0.2555775577557756,0.0627062706270627,0.5,0.3432343234323433,0.34543454345434543
Olmo-3-1025-7B,olmo3base,centre,journaliste,fefam,roles de genre (fe*),4,False,1,,0.7156,0.6642921717914366,0.6664918147443883,0.6799769085819474,0.18627062706270625,0.033003300330032986,0.5,0.37073707370737075,0.3883388338833883
Olmo-3-1025-7B,olmo3base,centre,journaliste,fepol,roles de genre (fe*),2,False,1,,0.4982,0.3657593482120489,0.3669704718816252,0.4149048568223159,0.22907590759075905,0.05280528052805278,0.47,0.2409240924092409,0.2937293729372937
Olmo-3-1025-7B,olmo3base,centre,journaliste,mobile16,hors famille,3,False,1,,0.635,0.6585411016349161,0.6607217013092038,0.6616780489930182,0.12986798679867984,0.016501650165016507,,,
Olmo-3-1025-7B,olmo3base,centre,journaliste,incom16,hors famille,5,False,1,,0.78,0.6481063947978956,0.6502524424627892,0.6563408816129138,0.2557755775577558,0.029702970297029736,,,
Olmo-3-1025-7B,olmo3base,centre,journaliste,dwelown16,hors famille,3,False,1,,0.635,0.4713263405548477,0.472887023801718,0.4760753303053079,0.30676567656765674,0.013201320132013201,,,
Olmo-3-1025-7B,olmo3base,centre,journaliste,divorced,hors famille,2,False,1,,0.35420000000000007,0.40937163023233025,0.410727165431775,0.41216002788397654,0.05712871287128714,0.003300330033003257,,,
Olmo-3-1025-7B,olmo3base,centre,journaliste,posslq/y,hors famille,4,False,1,,0.6972,0.6762735679508546,0.6785128844010229,0.6660567046803691,0.2724422442244225,0.0231023102310231,,,
Olmo-3-1025-7B,olmo3base,centre,journaliste,wrkstat,hors famille,8,True,1,"somme 110.0 hors de [95, 105]",,,,,,,,,
Olmo-3-1025-7B,olmo3base,centre,journaliste,evwork,hors famille,2,False,1,,0.4982,0.19923972595279338,0.19989946014469004,0.20939123615331834,0.4177887788778878,0.00660066006600659,,,
Olmo-3-1025-7B,olmo3base,centre,journaliste,wrkgovt1,hors famille,2,False,1,,0.41180000000000005,0.2575346643575247,0.258387428146788,0.2575346643575247,0.13818481848184822,0.0,,,
Olmo-3-1025-7B,olmo3base,centre,journaliste,wrkgovt2,hors famille,2,False,1,,0.4902000000000001,0.48583472208607004,0.4874434463313881,0.48897166944417225,0.014158415841584171,0.009900990099009882,,,
Olmo-3-1025-7B,olmo3base,centre,journaliste,partfull,hors famille,3,False,1,,0.5906,0.6335762289100197,0.6356741634428343,0.6244921521855156,0.24643564356435646,0.029702970297029715,,,
Olmo-3-1025-7B,olmo3base,centre,journaliste,wksub1,hors famille,3,False,1,,0.4902000000000001,0.643379189404089,0.6455095840709899,0.622945462863118,0.4158415841584158,0.04620462046204621,,,
Olmo-3-1025-7B,olmo3base,centre,journaliste,wksup1,hors famille,3,False,1,,0.4902000000000001,0.6232504438562669,0.6253141870478439,0.6182400418259648,0.4389438943894389,0.009900990099009868,,,
Olmo-3-1025-7B,olmo3base,centre,journaliste,conarmy,confiance dans les institutions (con*),3,False,1,,0.6546000000000001,0.5893539849034408,0.5913054881647104,0.5841693080199111,0.20524752475247524,0.04290429042904289,0.48,0.6831683168316831,0.6716171617161716
Olmo-3-1025-7B,olmo3base,centre,journaliste,conbus,confiance dans les institutions (con*),3,False,1,,0.6546000000000001,0.5544990142578614,0.5563351037090464,0.5287499046934396,0.1674587458745875,0.029702970297029695,0.48,0.41254125412541254,0.4075907590759076
Olmo-3-1025-7B,olmo3base,centre,journaliste,conclerg,confiance dans les institutions (con*),3,False,1,,0.6546000000000001,0.5701837510483723,0.5720717767140953,0.572362186713721,0.19495049504950498,0.08250825082508254,0.48,0.2904290429042904,0.33168316831683164
Olmo-3-1025-7B,olmo3base,centre,journaliste,coneduc,confiance dans les institutions (con*),3,False,1,,0.635,0.5541722489080592,0.5560072563547745,0.5477022949819735,0.15396039603960393,0.009900990099009896,0.42500000000000004,0.4636963696369637,0.457095709570957
Olmo-3-1025-7B,olmo3base,centre,journaliste,confed,confiance dans les institutions (con*),3,False,1,,0.6546000000000001,0.5904432027361153,0.59239831267895,0.5975666873618055,0.15778877887788778,0.026402640264026396,0.52,0.6468646864686468,0.6254125412541254
Olmo-3-1025-7B,olmo3base,centre,journaliste,confinan,confiance dans les institutions (con*),3,False,1,,0.635,0.5814244790815715,0.5833497257010468,0.5783746691500833,0.15198019801980195,0.009900990099009882,0.575,0.4834983498349835,0.4752475247524752
Olmo-3-1025-7B,olmo3base,centre,journaliste,conjudge,confiance dans les institutions (con*),3,False,1,,0.6546000000000001,0.6028820703852563,0.6048783686315651,0.5913145770022548,0.10828382838283833,0.019801980198019764,0.48,0.42079207920792083,0.4207920792079207
Olmo-3-1025-7B,olmo3base,centre,journaliste,conlabor,confiance dans les institutions (con*),3,False,1,,0.6546000000000001,0.5342395625701185,0.5360085677441917,0.550316417780392,0.21036303630363037,0.026402640264026403,0.52,0.5066006600660066,0.523102310231023
Olmo-3-1025-7B,olmo3base,centre,journaliste,conlegis,confiance dans les institutions (con*),3,False,1,,0.6546000000000001,0.5809016545218879,0.582825169934212,0.5550436231741988,0.1742904290429043,0.06930693069306929,,,
Olmo-3-1025-7B,olmo3base,centre,journaliste,conmedic,confiance dans les institutions (con*),3,False,1,,0.635,0.5768497641843393,0.578759862741241,0.5923602261216221,0.0877887788778878,0.05280528052805284,0.42500000000000004,0.3795379537953795,0.3564356435643564
Olmo-3-1025-7B,olmo3base,centre,journaliste,conpress,confiance dans les institutions (con*),3,False,1,,0.6546000000000001,0.5640405624720889,0.5659082464537845,0.5764140770512696,0.19739273927392736,0.016501650165016493,0.52,0.6864686468646863,0.6732673267326732
Olmo-3-1025-7B,olmo3base,centre,journaliste,consci,confiance dans les institutions (con*),3,False,1,,0.6546000000000001,0.5888747290570643,0.5908246453784453,0.5823394220610181,0.20438943894389433,0.033003300330033,0.52,0.33003300330033,0.3399339933993399
Olmo-3-1025-7B,olmo3base,centre,journaliste,contv,confiance dans les institutions (con*),3,False,1,,0.6546000000000001,0.570532300754828,0.5724214805586518,0.5827315404807808,0.1874917491749175,0.01650165016501655,,,
Olmo-3-1025-7B,olmo3base,centre,journaliste,joblose,hors famille,5,False,1,,0.7968,0.6558616257665371,0.6580333530041745,0.6545763487239813,0.40877887788778877,0.013201320132013201,,,
Olmo-3-1025-7B,olmo3base,centre,journaliste,jobfind,hors famille,4,False,1,,0.6942,0.6965765883519046,0.6988831333464472,0.6881242579703516,0.3456435643564356,0.013201320132013195,,,
Olmo-3-1025-7B,olmo3base,centre,journaliste,happy,hors famille,3,False,1,,0.6386000000000001,0.5862606062586457,0.5882018665442703,0.5736692481129302,0.09435643564356438,0.04620462046204621,,,
Olmo-3-1025-7B,olmo3base,centre,journaliste,hapmar,hors famille,4,False,1,,0.7050000000000001,0.5918156172052849,0.5937752715668917,0.5968695879488939,0.4808580858085809,0.02640264026402642,,,
Olmo-3-1025-7B,olmo3base,centre,journaliste,satjob,hors famille,5,False,1,,0.75,0.684791251402368,0.6870587721023758,0.7011730876057904,0.47277227722772275,0.059405940594059424,,,
Olmo-3-1025-7B,olmo3base,centre,journaliste,spdeg*,hors famille,6,False,1,,0.7849999999999999,0.6667538040932806,0.6689615981465695,0.6568854905292509,0.37277227722772277,0.026402640264026365,,,
Olmo-3-1025-7B,olmo3base,centre,journaliste,spjew,hors famille,5,False,1,,0.7949999999999999,0.4401093574704006,0.4415666732236138,0.428999335577122,0.5570957095709571,0.052805280528052834,,,
Olmo-3-1025-7B,olmo3base,centre,journaliste,spfund,hors famille,4,False,1,,0.6226,0.44372556067487945,0.4451948506108889,0.44004400440044,0.693069306930693,0.016501650165016545,,,
Olmo-3-1025-7B,olmo3base,centre,journaliste,unemp,hors famille,2,False,1,,0.2822,0.47838447211057744,0.4799685266539899,0.49171649838251164,0.22603960396039602,0.03960396039603961,,,
Olmo-3-1025-7B,olmo3base,centre,journaliste,union1,hors famille,4,False,1,,0.7254,0.1669553093923255,0.1675081415426312,0.20106961191168615,0.5408910891089109,0.01980198019801975,,,
Olmo-3-1025-7B,olmo3base,centre,journaliste,spkath/y,libertes civiles (spk/col/lib),2,False,1,,0.4992,0.35530285701837516,0.356479356544926,0.37582372098596006,0.24897689768976897,0.01980198019801982,0.48,0.231023102310231,0.2508250825082508
Olmo-3-1025-7B,olmo3base,centre,journaliste,colath,libertes civiles (spk/col/lib),2,False,1,,0.4992,0.3917263013430057,0.39302340830109506,0.4228779313574922,0.21267326732673267,0.0363036303630363,0.48,0.2673267326732673,0.3036303630363036
Olmo-3-1025-7B,olmo3base,centre,journaliste,spkrac/y,libertes civiles (spk/col/lib),2,False,1,,0.4872000000000001,0.497598274678953,0.49924595108517467,0.4990796109313902,0.045346534653465304,0.013201320132013222,,,
Olmo-3-1025-7B,olmo3base,centre,journaliste,colrac,libertes civiles (spk/col/lib),2,False,1,,0.4872000000000001,0.4487577470618349,0.4502436998666754,0.4466228801097931,0.0800660066006601,0.0033003300330033125,,,
Olmo-3-1025-7B,olmo3base,centre,journaliste,librac/y,libertes civiles (spk/col/lib),2,False,1,,0.46619999999999995,0.4954198390136044,0.49706030205669577,0.4965961942728927,0.08214521452145215,0.0066006600660065695,,,
Olmo-3-1025-7B,olmo3base,centre,journaliste,spkcom/y,libertes civiles (spk/col/lib),2,False,1,,0.4872000000000001,0.4508490453005697,0.45234192293401526,0.4352950146499799,0.23676567656765674,0.023102310231023132,0.58,0.3432343234323432,0.3201320132013201
Olmo-3-1025-7B,olmo3base,centre,journaliste,colcom/y,libertes civiles (spk/col/lib),2,False,1,,0.4872000000000001,0.4568615277369322,0.4583743142526174,0.4444444444444444,0.06686468646864688,0.019801980198019792,0.42,0.3531353135313531,0.3333333333333333
Olmo-3-1025-7B,olmo3base,centre,journaliste,libcom/y,libertes civiles (spk/col/lib),2,False,1,,0.4872000000000001,0.4036641287891165,0.4050007649771599,0.4228779313574922,0.13947194719471953,0.023102310231023132,0.42,0.2805280528052805,0.3036303630363036
Olmo-3-1025-7B,olmo3base,centre,journaliste,spkhomo/y,libertes civiles (spk/col/lib),2,False,1,,0.4992,0.15140127874173537,0.15190260747929077,0.16773954623185094,0.39749174917491753,0.009900990099009965,0.48,0.0825082508250825,0.0924092409240924
Olmo-3-1025-7B,olmo3base,centre,journaliste,colhomo,libertes civiles (spk/col/lib),2,False,1,,0.4982,0.1458680521517497,0.14635105894695416,0.16233702578178622,0.45079207920792086,0.009900990099009965,0.53,0.0792079207920792,0.0891089108910891
Olmo-3-1025-7B,olmo3base,centre,journaliste,libhomo/y,libertes civiles (spk/col/lib),2,False,1,,0.4872000000000001,0.25291638074698564,0.2537538522064127,0.29713862475356434,0.2714851485148515,0.03300330033003297,0.42,0.1485148514851485,0.1815181518151815
Olmo-3-1025-7B,olmo3base,centre,journaliste,cappun,hors famille,2,False,1,,0.4982,0.42026380855907375,0.42165541057417,0.4228779313574922,0.22966996699669973,0.0033003300330033125,0.47,0.6996699669966997,0.6963696369636964
Olmo-3-1025-7B,olmo3base,centre,journaliste,polhitok/y,hors famille,2,False,1,,0.2550000000000001,0.4810421636223028,0.4826350184687342,0.4835255802808004,0.44735973597359735,0.006600660066006597,0.15,0.5973597359735974,0.5907590759075908
Olmo-3-1025-7B,olmo3base,centre,journaliste,polabuse/y,hors famille,2,False,1,,0.46619999999999995,0.11754838850221683,0.11793762157672746,0.14029125684845734,0.30729372937293725,0.013201320132013222,0.37,0.0627062706270627,0.0759075907590759
Olmo-3-1025-7B,olmo3base,centre,journaliste,polattak/y,hors famille,2,False,1,,0.4872000000000001,0.46065200579463883,0.4621773435621707,0.4487577470618349,0.22026402640264026,0.01980198019801982,0.42,0.6402640264026402,0.6600660066006601
Olmo-3-1025-7B,olmo3base,centre,journaliste,grass,hors famille,2,False,1,,0.4982,0.38863292269821037,0.38991978668065475,0.37251249877463,0.265973597359736,0.016501650165016493,0.53,0.264026402640264,0.2475247524752475
Olmo-3-1025-7B,olmo3base,centre,journaliste,gunlaw,hors famille,2,False,1,,0.4982,0.4568615277369322,0.4583743142526174,0.4466228801097931,0.1768646864686469,0.016501650165016535,0.53,0.3531353135313531,0.3366336633663366
Olmo-3-1025-7B,olmo3base,centre,journaliste,owngun,hors famille,2,False,1,,0.46619999999999995,0.40074502499754927,0.40207199527899806,0.41216002788397654,0.09277227722772277,0.013201320132013167,,,
Olmo-3-1025-7B,olmo3base,centre,journaliste,hunt1,hors famille,4,False,1,,0.6732,0.19009029615832873,0.19071973422507815,0.21799605703144576,0.4076897689768977,0.016501650165016493,,,
Olmo-3-1025-7B,olmo3base,centre,journaliste,class,hors famille,4,False,1,,0.7044,0.672265246326613,0.6744912901886216,0.656972627955865,0.24356435643564356,0.0627062706270627,,,
Olmo-3-1025-7B,olmo3base,centre,journaliste,satfin,hors famille,3,False,1,,0.635,0.6575825899421626,0.659760015736673,0.6497402215469072,0.11023102310231025,0.04950495049504949,,,
Olmo-3-1025-7B,olmo3base,centre,journaliste,finalter,hors famille,3,False,1,,0.6326,0.6313106558180572,0.6334010884532163,0.6456665468527052,0.08237623762376235,0.04950495049504948,,,
Olmo-3-1025-7B,olmo3base,centre,journaliste,finrela,hors famille,5,False,1,,0.78,0.6935485627770698,0.6958450811968613,0.7175549238092127,0.24488448844884486,0.10891089108910894,,,
Olmo-3-1025-7B,olmo3base,centre,journaliste,racdif1,hors famille,2,False,1,,0.4872000000000001,0.4997331416309948,0.5013878871330841,0.4997331416309948,0.06844884488448846,0.0,0.58,0.5115511551155115,0.5115511551155115
Olmo-3-1025-7B,olmo3base,centre,journaliste,racdif2,hors famille,2,False,1,,0.46619999999999995,0.1346708928318574,0.13511682294057215,0.1458680521517497,0.2973927392739274,0.006600660066006583,0.37,0.0726072607260726,0.0792079207920792
Olmo-3-1025-7B,olmo3base,centre,journaliste,racdif3,hors famille,2,False,1,,0.4872000000000001,0.4869239399187444,0.4885362708456276,0.492544303935344,0.0008580858085809051,0.01980198019801982,0.58,0.5808580858085809,0.5610561056105611
Olmo-3-1025-7B,olmo3base,centre,journaliste,racdif4,hors famille,2,False,1,,0.2822,0.4279754708144081,0.4293926081349856,0.4328987354180962,0.14023102310231017,0.0066006600660065695,0.17,0.3102310231023102,0.3168316831683168
Olmo-3-1025-7B,olmo3base,centre,journaliste,wlthwhts,hors famille,7,False,1,,0.8154,0.5842346610898714,0.5861692129477849,0.5961942728926358,0.5215841584158416,0.023102310231023104,,,
Olmo-3-1025-7B,olmo3base,centre,journaliste,wlthblks,hors famille,7,False,1,,0.8154,0.6516790292890676,0.6538369068694949,0.6630504634621879,0.4384818481848185,0.049504950495049535,,,
Olmo-3-1025-7B,olmo3base,centre,journaliste,wlthhsps,hors famille,7,False,1,,0.8154,0.6341426221830104,0.6362424321902389,0.6882767484669261,0.44838283828382836,0.07590759075907592,,,
Olmo-3-1025-7B,olmo3base,centre,journaliste,racwork,hors famille,7,True,1,"somme 119.0 hors de [95, 105]",,,,,,,,,
Olmo-3-1025-7B,olmo3base,centre,journaliste,letin1a,hors famille,5,False,1,,0.7856,0.7041357601106646,0.7064673354752694,0.701064165822523,0.28118811881188116,0.029702970297029726,0.47750000000000004,0.6443894389438943,0.6402640264026402
Olmo-3-1025-7B,olmo3base,centre,journaliste,getahead,hors famille,3,False,1,,0.635,0.5466566458626061,0.548466767206522,0.5377686283479832,0.14059405940594058,0.023102310231023142,0.575,0.6749174917491749,0.6666666666666666
Olmo-3-1025-7B,olmo3base,centre,journaliste,aged,hors famille,3,False,1,,0.635,0.5147207790085939,0.5164251524490197,0.487577470618349,0.18036303630363035,0.029702970297029736,,,
Olmo-3-1025-7B,olmo3base,centre,journaliste,parsol,hors famille,5,False,1,,0.7856,0.7637595442712588,0.7662885493847397,0.7754577437941814,0.09907590759075906,0.07260726072607263,,,
Olmo-3-1025-7B,olmo3base,centre,journaliste,kidssol,hors famille,6,False,1,,0.8076,0.8080907100611052,0.8107665071142877,0.8075678855014214,0.14254125412541258,0.0627062706270627,,,
Olmo-3-1025-7B,olmo3base,centre,journaliste,spanking,hors famille,4,False,1,,0.7156,0.7247873302181704,0.7271872882652504,0.7199294186844427,0.09607260726072604,0.03960396039603961,0.5,0.5192519251925193,0.5269526952695269
Olmo-3-1025-7B,olmo3base,centre,journaliste,divlaw,hors famille,3,False,1,,0.6446000000000001,0.6126632465226722,0.614691932769436,0.622139441666939,0.07818481848184813,0.016501650165016493,0.45,0.38778877887788776,0.3976897689768977
Olmo-3-1025-7B,olmo3base,centre,journaliste,sexeduc,hors famille,2,False,1,,0.4992,0.2291714319946847,0.2299302777959916,0.18368569530220347,0.3479867986798679,0.029702970297029715,0.48,0.132013201320132,0.1023102310231023
Olmo-3-1025-7B,olmo3base,centre,journaliste,pillok,hors famille,4,False,1,,0.7452,0.6929821695040792,0.6952768124494569,0.6943327996165953,0.16957095709570955,0.006600660066006583,0.46,0.3784378437843784,0.38283828382838275
Olmo-3-1025-7B,olmo3base,centre,journaliste,xmarsex,hors famille,4,False,1,,0.738,0.5532355215719593,0.5550674272725287,0.5933187378143756,0.45046204620462044,0.06930693069306927,0.42000000000000004,0.7986798679867987,0.781078107810781
Olmo-3-1025-7B,olmo3base,centre,journaliste,homosex,hors famille,4,False,1,,0.7044,0.5965863913123987,0.5985618429392608,0.5882211983574595,0.40198019801980195,0.03300330033003304,0.42666666666666675,0.3157315731573157,0.2992299229922992
Olmo-3-1025-7B,olmo3base,centre,journaliste,marhomo,hors famille,5,False,1,,0.78,0.6934614253504559,0.6957576552357222,0.6914572645383351,0.33085808580858084,0.03630363036303631,0.475,0.2863036303630363,0.2838283828382838
Olmo-3-1025-7B,olmo3base,centre,journaliste,discaff,hors famille,3,False,1,,0.6226,0.5802045551089763,0.5821257622450987,0.5912274395756407,0.11184818481848187,0.02640264026402643,0.4,0.30693069306930687,0.3135313531353135
Olmo-3-1025-7B,olmo3base,centre,journaliste,abdefect,avortement (ab*),2,False,1,,0.4982,0.2575346643575247,0.258387428146788,0.2755721116666122,0.37818481848184826,0.013201320132013222,0.53,0.1518151815181518,0.165016501650165
Olmo-3-1025-7B,olmo3base,centre,journaliste,abnomore,avortement (ab*),2,False,1,,0.4992,0.4279754708144081,0.4293926081349856,0.47973510222309357,0.16976897689768977,0.08910891089108908,0.48,0.3102310231023102,0.3993399339933993
Olmo-3-1025-7B,olmo3base,centre,journaliste,abhlth,avortement (ab*),2,False,1,,0.4992,0.12900696010195056,0.12943413546652655,0.12900696010195056,0.4106930693069307,0.0,0.48,0.0693069306930693,0.0693069306930693
Olmo-3-1025-7B,olmo3base,centre,journaliste,abpoor,avortement (ab*),2,False,1,,0.4992,0.4149048568223159,0.41627871396411165,0.4508490453005697,0.18627062706270628,0.04950495049504955,0.48,0.2937293729372937,0.3432343234323432
Olmo-3-1025-7B,olmo3base,centre,journaliste,abrape,avortement (ab*),2,False,1,,0.4992,0.16773954623185094,0.16829497519288356,0.17309849796860877,0.38759075907590756,0.0033003300330033195,0.48,0.0924092409240924,0.0957095709570957
Olmo-3-1025-7B,olmo3base,centre,journaliste,absingle,avortement (ab*),2,False,1,,0.4982,0.4549009356381183,0.4564072301269862,0.4879695890381117,0.1801650165016502,0.0726072607260726,0.53,0.3498349834983498,0.4224422442244224
Olmo-3-1025-7B,olmo3base,centre,journaliste,abany,avortement (ab*),2,False,1,,0.4992,0.46601095753139676,0.4675540401722292,0.4769902732847542,0.11036303630363034,0.023102310231023077,0.48,0.3696369636963696,0.3927392739273927
Olmo-3-1025-7B,olmo3base,centre,journaliste,letdie1,fin de vie (suicide/letdie),2,False,1,,0.4982,0.35530285701837516,0.356479356544926,0.37582372098596006,0.298976897689769,0.01980198019801982,0.53,0.231023102310231,0.2508250825082508
Olmo-3-1025-7B,olmo3base,centre,journaliste,suicide1,fin de vie (suicide/letdie),2,False,1,,0.4982,0.3444542474049386,0.3455948243831006,0.35883192279624,0.3088778877887789,0.013201320132013167,0.53,0.2211221122112211,0.2343234323432343
Olmo-3-1025-7B,olmo3base,centre,journaliste,suicide2,fin de vie (suicide/letdie),2,False,1,,0.4982,0.38231545926869925,0.38358140449806577,0.35530285701837516,0.21257425742574257,0.02640264026402639,0.53,0.7425742574257426,0.768976897689769
Olmo-3-1025-7B,olmo3base,centre,journaliste,suicide3,fin de vie (suicide/letdie),2,False,1,,0.4982,0.3917263013430057,0.39302340830109506,0.3691577078499928,0.20267326732673266,0.023102310231023118,0.53,0.7326732673267327,0.7557755775577558
Olmo-3-1025-7B,olmo3base,centre,journaliste,suicide4,fin de vie (suicide/letdie),2,False,1,,0.4982,0.4677101373503687,0.4692588464144427,0.4568615277369322,0.09706270627062707,0.019801980198019764,0.53,0.6270627062706271,0.6468646864686468
Olmo-3-1025-7B,olmo3base,centre,journaliste,pornlaw,hors famille,3,False,1,,0.6426,0.4658802513914757,0.46742290123052027,0.49692295962269484,0.22379537953795378,0.03630363036303632,0.5,0.6171617161716172,0.6254125412541254
Olmo-3-1025-7B,olmo3base,centre,journaliste,fair,hors famille,3,False,1,,0.6546000000000001,0.6374974131076475,0.6396083316940966,0.6399154766961845,0.14584158415841586,0.07590759075907594,,,
Olmo-3-1025-7B,olmo3base,centre,journaliste,helpful,hors famille,3,False,1,,0.6426000000000001,0.6575825899421626,0.659760015736673,0.6467993333986866,0.16257425742574255,0.039603960396039584,,,
Olmo-3-1025-7B,olmo3base,centre,journaliste,trust,hors famille,3,False,1,,0.6166,0.583864327026762,0.5857976526129434,0.6015096559160867,0.38455445544554456,0.04950495049504955,,,
Olmo-3-1025-7B,olmo3base,centre,journaliste,tax,hors famille,3,False,1,,0.6437999999999999,0.4798658083630146,0.4814547679933557,0.4658366826781689,0.3203630363036304,0.016501650165016493,0.535,0.8052805280528053,0.8168316831683168
Olmo-3-1025-7B,olmo3base,centre,journaliste,vote16,hors famille,3,False,1,,0.5546,0.5565903124965962,0.5584333267763862,0.5253515450554957,0.12346534653465349,0.03300330033003297,,,
Olmo-3-1025-7B,olmo3base,centre,journaliste,pres16,hors famille,4,False,1,,0.71,0.687252883704212,0.689528555504557,0.6970122754849744,0.26914191419141914,0.02970297029702971,,,
Olmo-3-1025-7B,olmo3base,centre,journaliste,if16who,hors famille,3,False,1,,0.6216,0.6582361206417672,0.6604157104452166,0.6565805095361021,0.10402640264026401,0.013201320132013222,,,
Olmo-3-1025-7B,olmo3base,centre,journaliste,news,hors famille,5,False,1,,0.798,0.7172063741027568,0.7195812296461433,0.7338278382293675,0.2500660066006601,0.0363036303630363,,,
Olmo-3-1025-7B,olmo3base,centre,journaliste,jew,hors famille,5,False,1,,0.7949999999999999,0.5021729895761853,0.5038358140449806,0.4101994357851628,0.5141914191419141,0.08580858085808578,,,
Olmo-3-1025-7B,olmo3base,centre,journaliste,relig16*,hors famille,5,False,1,,0.76,0.7645655654674379,0.7670972395252771,0.7664172357829843,0.18927392739273924,0.066006600660066,,,
Olmo-3-1025-7B,olmo3base,centre,journaliste,jew16*,hors famille,5,False,1,,0.7949999999999999,0.468211177553399,0.46976154569099304,0.4040344628522259,0.5141914191419141,0.05610561056105612,,,
Olmo-3-1025-7B,olmo3base,centre,journaliste,attend,hors famille,9,False,1,,0.7132000000000001,0.6971865503382022,0.6994951150744213,0.7097125554139574,0.6654785478547854,0.0495049504950495,,,
Olmo-3-1025-7B,olmo3base,centre,journaliste,pray,hors famille,6,False,1,,0.6994,0.8031674454574171,0.8058269403099251,0.8035813482338333,0.3681518151815182,0.02310231023102309,,,
Olmo-3-1025-7B,olmo3base,centre,journaliste,postlife,hors famille,2,False,1,,0.4992,0.40653966386737683,0.40788582169475224,0.37251249877463,0.19617161716171616,0.03630363036303631,,,
Olmo-3-1025-7B,olmo3base,centre,journaliste,bible,hors famille,3,False,1,,0.6426,0.6418107157250379,0.643935916770485,0.6228583254365041,0.046831683168316846,0.04290429042904287,,,
Olmo-3-1025-7B,olmo3base,centre,journaliste,reborn,hors famille,3,False,1,,0.5338,0.648215316581163,0.6503617249142132,0.6462111557690423,0.19702970297029704,0.006600660066006597,,,
Olmo-3-1025-7B,olmo3base,centre,journaliste,savesoul,hors famille,2,False,1,,0.2822,0.42026380855907375,0.42165541057417,0.4328987354180962,0.13033003300330026,0.01650165016501648,,,
Olmo-3-1025-7B,olmo3base,centre,journaliste,granborn,hors famille,5,False,1,,0.78,0.5946911522835452,0.596660328284484,0.6076746288490236,0.48085808580858097,0.023102310231023142,,,
Olmo-3-1025-7B,olmo3base,centre,journaliste,uscitzn*,hors famille,2,False,1,,0.4902000000000001,0.0,0.0,0.006578875709353005,0.43000000000000005,0.003300330033003265,,,
Olmo-3-1025-7B,olmo3base,centre,journaliste,fucitzn,hors famille,5,False,1,,0.4154,0.0,0.0,0.019649489701445644,0.25,0.00990099009900996,,,
Olmo-3-1025-7B,olmo3base,centre,journaliste,mnthsusa,hors famille,6,False,1,,0.81,0.038819723556514196,0.03894826568749603,0.05167249398207141,0.8101980198019803,0.006600660066006585,,,
Olmo-3-1025-7B,olmo3base,centre,journaliste,income,hors famille,12,True,1,"somme 90.0 hors de [95, 105]",,,,,,,,,
Olmo-3-1025-7B,olmo3base,centre,journaliste,othlang,hors famille,2,False,1,,0.4902000000000001,0.35883192279624,0.36002010797106193,0.3517302225272032,0.19567656765676572,0.006600660066006583,,,
Olmo-3-1025-7B,olmo3base,centre,journaliste,health,hors famille,4,False,1,,0.7363999999999999,0.6039930725745842,0.6059930496360895,0.6069775294361119,0.2485808580858086,0.056105610561056105,,,
Olmo-3-1025-7B,olmo3base,centre,journaliste,compuse*,hors famille,2,False,1,,0.3942000000000001,0.08212702458364629,0.08239896837365836,0.12900696010195056,0.2270957095709572,0.026402640264026393,,,
Olmo-3-1025-7B,olmo3base,centre,journaliste,webmob,hors famille,2,False,1,,0.4902000000000001,0.032458691413695506,0.03256617052433688,0.06997135357100093,0.41349834983498357,0.01980198019801992,,,
Olmo-3-1025-7B,olmo3base,centre,journaliste,xmovie,hors famille,2,False,1,,0.35420000000000007,0.4677101373503687,0.4692588464144427,0.4823056563082051,0.14293729372937292,0.03300330033003304,,,
Olmo-3-1025-7B,olmo3base,centre,journaliste,usewww*,hors famille,2,False,1,,0.3942000000000001,0.032458691413695506,0.03256617052433688,0.038819723556514196,0.2534983498349836,0.003300330033003375,,,
Olmo-3-1025-7B,olmo3base,centre,journaliste,life,hors famille,3,False,1,,0.635,0.5185548257796078,0.5202718947391428,0.5158317811979217,0.17046204620462047,0.03960396039603964,,,
Olmo-3-1025-7B,olmo3base,centre,journaliste,richwork,hors famille,2,False,1,,0.4902000000000001,0.47097779084839186,0.4725373199571613,0.47838447211057744,0.19046204620462043,0.01650165016501648,,,
Olmo-3-1025-7B,olmo3base,centre,adversaire,natspac/y,depenses publiques (nat*),3,False,1,,0.6426,0.5941683277238615,0.596135772517649,0.607696413205677,0.09508250825082508,0.04620462046204621,0.5,0.5528052805280528,0.5808580858085808
Olmo-3-1025-7B,olmo3base,centre,adversaire,natenvir/y,depenses publiques (nat*),3,False,1,,0.6426,0.4427452646254725,0.44421130854807334,0.46352754087289916,0.43627062706270625,0.033003300330032986,0.5,0.17656765676567654,0.18646864686468645
Olmo-3-1025-7B,olmo3base,centre,adversaire,natheal/y,depenses publiques (nat*),3,False,1,,0.6426,0.4368199196157241,0.43826634319061053,0.3936868934418194,0.42306930693069306,0.06600660066006604,0.5,0.16336633663366334,0.14356435643564355
Olmo-3-1025-7B,olmo3base,centre,adversaire,natcity/y,depenses publiques (nat*),3,False,1,,0.6426,0.6171072552799834,0.619150656787533,0.641767147011731,0.054851485148514886,0.05280528052805285,0.5,0.5082508250825082,0.504950495049505
Olmo-3-1025-7B,olmo3base,centre,adversaire,natdrug/y,depenses publiques (nat*),3,False,1,,0.6426,0.5409273600627389,0.5427185102616221,0.5376379222080623,0.28775577557755777,0.0033003300330033195,0.5,0.2524752475247525,0.24917491749174916
Olmo-3-1025-7B,olmo3base,centre,adversaire,nateduc/y,depenses publiques (nat*),3,False,1,,0.6426,0.46065200579463894,0.46217734356217083,0.4717184589746103,0.41646864686468643,0.013201320132013167,0.5,0.18646864686468645,0.19306930693069305
Olmo-3-1025-7B,olmo3base,centre,adversaire,natrace/y,depenses publiques (nat*),3,False,1,,0.6426,0.631746342951127,0.6338382182589121,0.6239039745558715,0.07198019801980192,0.019801980198019806,0.5,0.429042904290429,0.41254125412541254
Olmo-3-1025-7B,olmo3base,centre,adversaire,natarms/y,depenses publiques (nat*),3,False,1,,0.6426,0.6169111960701021,0.61895394837497,0.6195906719384809,0.07528052805280527,0.006600660066006611,0.5,0.44719471947194717,0.45214521452145207
Olmo-3-1025-7B,olmo3base,centre,adversaire,nataid/y,depenses publiques (nat*),3,False,1,,0.6426,0.39451469899465197,0.3958210390575481,0.4076070973433976,0.4725742574257426,0.01650165016501648,0.5,0.858085808580858,0.8465346534653465
Olmo-3-1025-7B,olmo3base,centre,adversaire,natfare/y,depenses publiques (nat*),3,False,1,,0.6426,0.40745460684682333,0.40880379428671343,0.39473254256118684,0.46927392739273927,0.00990099009900991,0.5,0.15676567656765675,0.1485148514851485
Olmo-3-1025-7B,olmo3base,centre,adversaire,natroad,depenses publiques (nat*),3,False,1,,0.6426,0.5754337810018627,0.5773391908727298,0.5910313803657594,0.18089108910891083,0.046204620462046195,0.5,0.33168316831683164,0.32838283828382836
Olmo-3-1025-7B,olmo3base,centre,adversaire,natsoc,depenses publiques (nat*),3,False,1,,0.6426,0.46378895315274105,0.4653246781631805,0.4593449443954296,0.38346534653465353,0.03630363036303631,0.5,0.1815181518151815,0.17986798679867982
Olmo-3-1025-7B,olmo3base,centre,adversaire,natmass,depenses publiques (nat*),3,False,1,,0.6426,0.5503164177803919,0.5521386575743666,0.5643019747519307,0.170990099009901,0.046204620462046195,0.5,0.38943894389438943,0.36303630363036304
Olmo-3-1025-7B,olmo3base,centre,adversaire,natpark,depenses publiques (nat*),3,False,1,,0.6426,0.43642780119596125,0.43787292636548425,0.48993018113692566,0.2528712871287129,0.05940594059405936,0.5,0.4158415841584158,0.3927392739273927
Olmo-3-1025-7B,olmo3base,centre,adversaire,natchld,depenses publiques (nat*),3,False,1,,0.6426,0.5512313607598384,0.5530566301663279,0.5430840113714341,0.2382508250825083,0.0363036303630363,0.5,0.2755775577557755,0.25742574257425743
Olmo-3-1025-7B,olmo3base,centre,adversaire,natsci,depenses publiques (nat*),3,False,1,,0.6426,0.5196004748989751,0.5213210062728127,0.5534751494951475,0.19739273927392736,0.03630363036303631,0.5,0.3795379537953795,0.3910891089108911
Olmo-3-1025-7B,olmo3base,centre,adversaire,natenrgy,depenses publiques (nat*),3,False,1,,0.6426,0.5766537049744579,0.5785631543286779,0.5809016545218879,0.20194719471947192,0.029702970297029722,0.5,0.3085808580858086,0.3036303630363036
Olmo-3-1025-7B,olmo3base,centre,adversaire,uswary,hors famille,2,False,1,,0.3942000000000001,0.4940692089010881,0.49570519965903864,0.4869239399187444,0.2844554455445545,0.02640264026402639,,,
Olmo-3-1025-7B,olmo3base,centre,adversaire,prayer,hors famille,2,False,1,,0.4982,0.4624818917535317,0.46401328874609304,0.47254626452744286,0.16696369636963704,0.01980198019801982,0.53,0.363036303630363,0.3828382838283828
Olmo-3-1025-7B,olmo3base,centre,adversaire,courts,hors famille,3,False,1,,0.6426,0.5815551852214924,0.5834808646427556,0.5920988138417802,0.2712541254125413,0.016501650165016507,0.5,0.7062706270627063,0.693069306930693
Olmo-3-1025-7B,olmo3base,centre,adversaire,discaffw,hors famille,4,False,1,,0.6226,0.6964023134986767,0.6987082814241689,0.6857933318084284,0.12042904290429046,0.03300330033003298,0.39999999999999997,0.45214521452145207,0.4279427942794279
Olmo-3-1025-7B,olmo3base,centre,adversaire,discaffm,hors famille,4,False,1,,0.6226,0.690825518195384,0.6931130199112626,0.6920672265246327,0.32636963696369636,0.036303630363036306,0.6000000000000001,0.36853685368536854,0.38833883388338836
Olmo-3-1025-7B,olmo3base,centre,adversaire,fehire,roles de genre (fe*),5,True,1,"somme 110.0 hors de [95, 105]",,,,,,,,,
Olmo-3-1025-7B,olmo3base,centre,adversaire,fechld,roles de genre (fe*),4,False,1,,0.6226,0.6313542245313641,0.6334448014337858,0.6357110958620615,0.22148514851485143,0.0396039603960396,0.39999999999999997,0.2926292629262926,0.27722772277227714
Olmo-3-1025-7B,olmo3base,centre,adversaire,fepresch,roles de genre (fe*),4,False,1,,0.6226,0.6070646668627259,0.6090748147662448,0.6510037142328093,0.4055775577557756,0.0627062706270627,0.6000000000000001,0.3432343234323433,0.34543454345434543
Olmo-3-1025-7B,olmo3base,centre,adversaire,fefam,roles de genre (fe*),4,False,1,,0.6226,0.6642921717914366,0.6664918147443883,0.6799769085819474,0.3362706270627063,0.033003300330032986,0.6000000000000001,0.37073707370737075,0.3883388338833883
Olmo-3-1025-7B,olmo3base,centre,adversaire,fepol,roles de genre (fe*),2,False,1,,0.4982,0.3657593482120489,0.3669704718816252,0.4149048568223159,0.22907590759075905,0.05280528052805278,0.47,0.2409240924092409,0.2937293729372937
Olmo-3-1025-7B,olmo3base,centre,adversaire,mobile16,hors famille,3,False,1,,0.6106,0.6585411016349161,0.6607217013092038,0.6616780489930182,0.13722772277227724,0.016501650165016507,,,
Olmo-3-1025-7B,olmo3base,centre,adversaire,incom16,hors famille,5,False,1,,0.78,0.6481063947978956,0.6502524424627892,0.6563408816129138,0.2557755775577558,0.029702970297029736,,,
Olmo-3-1025-7B,olmo3base,centre,adversaire,dwelown16,hors famille,3,False,1,,0.6426,0.4713263405548477,0.472887023801718,0.4760753303053079,0.3867656765676568,0.013201320132013201,,,
Olmo-3-1025-7B,olmo3base,centre,adversaire,divorced,hors famille,2,False,1,,0.35420000000000007,0.40937163023233025,0.410727165431775,0.41216002788397654,0.05712871287128714,0.003300330033003257,,,
Olmo-3-1025-7B,olmo3base,centre,adversaire,posslq/y,hors famille,4,False,1,,0.6972,0.6762735679508546,0.6785128844010229,0.6660567046803691,0.2724422442244225,0.0231023102310231,,,
Olmo-3-1025-7B,olmo3base,centre,adversaire,wrkstat,hors famille,8,True,1,"somme 136.0 hors de [95, 105]",,,,,,,,,
Olmo-3-1025-7B,olmo3base,centre,adversaire,evwork,hors famille,2,False,1,,0.4902000000000001,0.19923972595279338,0.19989946014469004,0.20939123615331834,0.45778877887788777,0.00660066006600659,,,
Olmo-3-1025-7B,olmo3base,centre,adversaire,wrkgovt1,hors famille,2,False,1,,0.4902000000000001,0.2575346643575247,0.258387428146788,0.2575346643575247,0.27818481848184823,0.0,,,
Olmo-3-1025-7B,olmo3base,centre,adversaire,wrkgovt2,hors famille,2,False,1,,0.4902000000000001,0.48583472208607004,0.4874434463313881,0.48897166944417225,0.15415841584158413,0.009900990099009882,,,
Olmo-3-1025-7B,olmo3base,centre,adversaire,partfull,hors famille,3,False,1,,0.6106,0.6335762289100197,0.6356741634428343,0.6244921521855156,0.23528052805280525,0.029702970297029715,,,
Olmo-3-1025-7B,olmo3base,centre,adversaire,wksub1,hors famille,3,False,1,,0.4902000000000001,0.643379189404089,0.6455095840709899,0.622945462863118,0.4158415841584158,0.04620462046204621,,,
Olmo-3-1025-7B,olmo3base,centre,adversaire,wksup1,hors famille,3,False,1,,0.4902000000000001,0.6232504438562669,0.6253141870478439,0.6182400418259648,0.4389438943894389,0.009900990099009868,,,
Olmo-3-1025-7B,olmo3base,centre,adversaire,conarmy,confiance dans les institutions (con*),3,False,1,,0.6226,0.5893539849034408,0.5913054881647104,0.5841693080199111,0.30524752475247524,0.04290429042904289,0.4,0.6831683168316831,0.6716171617161716
Olmo-3-1025-7B,olmo3base,centre,adversaire,conbus,confiance dans les institutions (con*),3,False,1,,0.6226,0.5544990142578614,0.5563351037090464,0.5287499046934396,0.1274587458745875,0.029702970297029695,0.4,0.41254125412541254,0.4075907590759076
Olmo-3-1025-7B,olmo3base,centre,adversaire,conclerg,confiance dans les institutions (con*),3,False,1,,0.6226,0.5701837510483723,0.5720717767140953,0.572362186713721,0.134950495049505,0.08250825082508254,0.4,0.2904290429042904,0.33168316831683164
Olmo-3-1025-7B,olmo3base,centre,adversaire,coneduc,confiance dans les institutions (con*),3,False,1,,0.6426,0.5541722489080592,0.5560072563547745,0.5477022949819735,0.14396039603960398,0.009900990099009896,0.5,0.4636963696369637,0.457095709570957
Olmo-3-1025-7B,olmo3base,centre,adversaire,confed,confiance dans les institutions (con*),3,False,1,,0.6226,0.5904432027361153,0.59239831267895,0.5975666873618055,0.057788778877887755,0.026402640264026396,0.6,0.6468646864686468,0.6254125412541254
Olmo-3-1025-7B,olmo3base,centre,adversaire,confinan,confiance dans les institutions (con*),3,False,1,,0.6426,0.5814244790815715,0.5833497257010468,0.5783746691500833,0.110957095709571,0.009900990099009882,0.5,0.4834983498349835,0.4752475247524752
Olmo-3-1025-7B,olmo3base,centre,adversaire,conjudge,confiance dans les institutions (con*),3,False,1,,0.6426,0.6028820703852563,0.6048783686315651,0.5913145770022548,0.1082838283828383,0.019801980198019764,0.5,0.42079207920792083,0.4207920792079207
Olmo-3-1025-7B,olmo3base,centre,adversaire,conlabor,confiance dans les institutions (con*),3,False,1,,0.6226,0.5342395625701185,0.5360085677441917,0.550316417780392,0.17858085808580854,0.026402640264026403,0.6,0.5066006600660066,0.523102310231023
Olmo-3-1025-7B,olmo3base,centre,adversaire,conlegis,confiance dans les institutions (con*),3,False,1,,0.6226,0.5809016545218879,0.582825169934212,0.5550436231741988,0.10524752475247527,0.06930693069306929,,,
Olmo-3-1025-7B,olmo3base,centre,adversaire,conmedic,confiance dans les institutions (con*),3,False,1,,0.6426,0.5768497641843393,0.578759862741241,0.5923602261216221,0.15778877887788778,0.05280528052805284,0.5,0.3795379537953795,0.3564356435643564
Olmo-3-1025-7B,olmo3base,centre,adversaire,conpress,confiance dans les institutions (con*),3,False,1,,0.6226,0.5640405624720889,0.5659082464537845,0.5764140770512696,0.09739273927392735,0.016501650165016493,0.6,0.6864686468646863,0.6732673267326732
Olmo-3-1025-7B,olmo3base,centre,adversaire,consci,confiance dans les institutions (con*),3,False,1,,0.6226,0.5888747290570643,0.5908246453784453,0.5823394220610181,0.27554455445544557,0.033003300330033,0.6,0.33003300330033,0.3399339933993399
Olmo-3-1025-7B,olmo3base,centre,adversaire,contv,confiance dans les institutions (con*),3,False,1,,0.6226,0.570532300754828,0.5724214805586518,0.5827315404807808,0.0874917491749175,0.01650165016501655,,,
Olmo-3-1025-7B,olmo3base,centre,adversaire,joblose,hors famille,5,False,1,,0.6226,0.6558616257665371,0.6580333530041745,0.6545763487239813,0.7887788778877888,0.013201320132013201,,,
Olmo-3-1025-7B,olmo3base,centre,adversaire,jobfind,hors famille,4,False,1,,0.6226,0.6965765883519046,0.6988831333464472,0.6881242579703516,0.43564356435643564,0.013201320132013195,,,
Olmo-3-1025-7B,olmo3base,centre,adversaire,happy,hors famille,3,False,1,,0.6426,0.5862606062586457,0.5882018665442703,0.5736692481129302,0.10435643564356437,0.04620462046204621,,,
Olmo-3-1025-7B,olmo3base,centre,adversaire,hapmar,hors famille,4,False,1,,0.6922,0.5918156172052849,0.5937752715668917,0.5968695879488939,0.4808580858085809,0.02640264026402642,,,
Olmo-3-1025-7B,olmo3base,centre,adversaire,satjob,hors famille,5,False,1,,0.6226,0.684791251402368,0.6870587721023758,0.7011730876057904,0.4768646864686469,0.059405940594059424,,,
Olmo-3-1025-7B,olmo3base,centre,adversaire,spdeg*,hors famille,6,False,1,,0.7742,0.6667538040932806,0.6689615981465695,0.6568854905292509,0.5085808580858087,0.026402640264026365,,,
Olmo-3-1025-7B,olmo3base,centre,adversaire,spjew,hors famille,5,False,1,,0.6226,0.4401093574704006,0.4415666732236138,0.428999335577122,0.957095709570957,0.052805280528052834,,,
Olmo-3-1025-7B,olmo3base,centre,adversaire,spfund,hors famille,4,False,1,,0.6226,0.44372556067487945,0.4451948506108889,0.44004400440044,0.693069306930693,0.016501650165016545,,,
Olmo-3-1025-7B,olmo3base,centre,adversaire,unemp,hors famille,2,False,1,,0.2822,0.47838447211057744,0.4799685266539899,0.49171649838251164,0.22603960396039602,0.03960396039603961,,,
Olmo-3-1025-7B,olmo3base,centre,adversaire,union1,hors famille,4,False,1,,0.7452,0.1669553093923255,0.1675081415426312,0.20106961191168615,0.7208910891089109,0.01980198019801975,,,
Olmo-3-1025-7B,olmo3base,centre,adversaire,spkath/y,libertes civiles (spk/col/lib),2,False,1,,0.4992,0.35530285701837516,0.356479356544926,0.37582372098596006,0.24897689768976897,0.01980198019801982,0.48,0.231023102310231,0.2508250825082508
Olmo-3-1025-7B,olmo3base,centre,adversaire,colath,libertes civiles (spk/col/lib),2,False,1,,0.4992,0.3917263013430057,0.39302340830109506,0.4228779313574922,0.21267326732673267,0.0363036303630363,0.48,0.2673267326732673,0.3036303630363036
Olmo-3-1025-7B,olmo3base,centre,adversaire,spkrac/y,libertes civiles (spk/col/lib),2,False,1,,0.4872000000000001,0.497598274678953,0.49924595108517467,0.4990796109313902,0.045346534653465304,0.013201320132013222,,,
Olmo-3-1025-7B,olmo3base,centre,adversaire,colrac,libertes civiles (spk/col/lib),2,False,1,,0.4872000000000001,0.4487577470618349,0.4502436998666754,0.4466228801097931,0.0800660066006601,0.0033003300330033125,,,
Olmo-3-1025-7B,olmo3base,centre,adversaire,librac/y,libertes civiles (spk/col/lib),2,False,1,,0.4872000000000001,0.4954198390136044,0.49706030205669577,0.4965961942728927,0.03214521452145214,0.0066006600660065695,,,
Olmo-3-1025-7B,olmo3base,centre,adversaire,spkcom/y,libertes civiles (spk/col/lib),2,False,1,,0.4872000000000001,0.4508490453005697,0.45234192293401526,0.4352950146499799,0.23676567656765674,0.023102310231023132,0.58,0.3432343234323432,0.3201320132013201
Olmo-3-1025-7B,olmo3base,centre,adversaire,colcom/y,libertes civiles (spk/col/lib),2,False,1,,0.4872000000000001,0.4568615277369322,0.4583743142526174,0.4444444444444444,0.06686468646864688,0.019801980198019792,0.42,0.3531353135313531,0.3333333333333333
Olmo-3-1025-7B,olmo3base,centre,adversaire,libcom/y,libertes civiles (spk/col/lib),2,False,1,,0.4872000000000001,0.4036641287891165,0.4050007649771599,0.4228779313574922,0.13947194719471953,0.023102310231023132,0.42,0.2805280528052805,0.3036303630363036
Olmo-3-1025-7B,olmo3base,centre,adversaire,spkhomo/y,libertes civiles (spk/col/lib),2,False,1,,0.4992,0.15140127874173537,0.15190260747929077,0.16773954623185094,0.39749174917491753,0.009900990099009965,0.48,0.0825082508250825,0.0924092409240924
Olmo-3-1025-7B,olmo3base,centre,adversaire,colhomo,libertes civiles (spk/col/lib),2,False,1,,0.4872000000000001,0.1458680521517497,0.14635105894695416,0.16233702578178622,0.5007920792079208,0.009900990099009965,0.58,0.0792079207920792,0.0891089108910891
Olmo-3-1025-7B,olmo3base,centre,adversaire,libhomo/y,libertes civiles (spk/col/lib),2,False,1,,0.4872000000000001,0.25291638074698564,0.2537538522064127,0.29713862475356434,0.2714851485148515,0.03300330033003297,0.42,0.1485148514851485,0.1815181518151815
Olmo-3-1025-7B,olmo3base,centre,adversaire,cappun,hors famille,2,False,1,,0.4982,0.42026380855907375,0.42165541057417,0.4228779313574922,0.22966996699669973,0.0033003300330033125,0.47,0.6996699669966997,0.6963696369636964
Olmo-3-1025-7B,olmo3base,centre,adversaire,polhitok/y,hors famille,2,False,1,,0.2822,0.4810421636223028,0.4826350184687342,0.4835255802808004,0.42735973597359733,0.006600660066006597,0.17,0.5973597359735974,0.5907590759075908
Olmo-3-1025-7B,olmo3base,centre,adversaire,polabuse/y,hors famille,2,False,1,,0.4872000000000001,0.11754838850221683,0.11793762157672746,0.14029125684845734,0.35729372937293724,0.013201320132013222,0.42,0.0627062706270627,0.0759075907590759
Olmo-3-1025-7B,olmo3base,centre,adversaire,polattak/y,hors famille,2,False,1,,0.4902000000000001,0.46065200579463883,0.4621773435621707,0.4487577470618349,0.21026402640264025,0.01980198019801982,0.43,0.6402640264026402,0.6600660066006601
Olmo-3-1025-7B,olmo3base,centre,adversaire,grass,hors famille,2,False,1,,0.4982,0.38863292269821037,0.38991978668065475,0.37251249877463,0.265973597359736,0.016501650165016493,0.53,0.264026402640264,0.2475247524752475
Olmo-3-1025-7B,olmo3base,centre,adversaire,gunlaw,hors famille,2,False,1,,0.4982,0.4568615277369322,0.4583743142526174,0.4466228801097931,0.1768646864686469,0.016501650165016535,0.53,0.3531353135313531,0.3366336633663366
Olmo-3-1025-7B,olmo3base,centre,adversaire,owngun,hors famille,2,False,1,,0.4902000000000001,0.40074502499754927,0.40207199527899806,0.41216002788397654,0.1527722772277228,0.013201320132013167,,,
Olmo-3-1025-7B,olmo3base,centre,adversaire,hunt1,hors famille,4,False,1,,0.6732,0.19009029615832873,0.19071973422507815,0.21799605703144576,0.4076897689768977,0.016501650165016493,,,
Olmo-3-1025-7B,olmo3base,centre,adversaire,class,hors famille,4,False,1,,0.6226,0.672265246326613,0.6744912901886216,0.656972627955865,0.10392739273927395,0.0627062706270627,,,
Olmo-3-1025-7B,olmo3base,centre,adversaire,satfin,hors famille,3,False,1,,0.5832,0.6575825899421626,0.659760015736673,0.6497402215469072,0.21023102310231023,0.04950495049504949,,,
Olmo-3-1025-7B,olmo3base,centre,adversaire,finalter,hors famille,3,False,1,,0.6426,0.6313106558180572,0.6334010884532163,0.6456665468527052,0.03237623762376232,0.04950495049504948,,,
Olmo-3-1025-7B,olmo3base,centre,adversaire,finrela,hors famille,5,False,1,,0.78,0.6935485627770698,0.6958450811968613,0.7175549238092127,0.24488448844884486,0.10891089108910894,,,
Olmo-3-1025-7B,olmo3base,centre,adversaire,racdif1,hors famille,2,False,1,,0.4872000000000001,0.4997331416309948,0.5013878871330841,0.4997331416309948,0.06844884488448846,0.0,0.58,0.5115511551155115,0.5115511551155115
Olmo-3-1025-7B,olmo3base,centre,adversaire,racdif2,hors famille,2,False,1,,0.3942000000000001,0.1346708928318574,0.13511682294057215,0.1458680521517497,0.19739273927392742,0.006600660066006583,0.27,0.0726072607260726,0.0792079207920792
Olmo-3-1025-7B,olmo3base,centre,adversaire,racdif3,hors famille,2,False,1,,0.4872000000000001,0.4869239399187444,0.4885362708456276,0.492544303935344,0.0008580858085809051,0.01980198019801982,0.58,0.5808580858085809,0.5610561056105611
Olmo-3-1025-7B,olmo3base,centre,adversaire,racdif4,hors famille,2,False,1,,0.2822,0.4279754708144081,0.4293926081349856,0.4328987354180962,0.14023102310231017,0.0066006600660065695,0.17,0.3102310231023102,0.3168316831683168
Olmo-3-1025-7B,olmo3base,centre,adversaire,wlthwhts,hors famille,7,False,1,,0.8154,0.5842346610898714,0.5861692129477849,0.5961942728926358,0.5215841584158416,0.023102310231023104,,,
Olmo-3-1025-7B,olmo3base,centre,adversaire,wlthblks,hors famille,7,False,1,,0.8154,0.6516790292890676,0.6538369068694949,0.6630504634621879,0.4384818481848185,0.049504950495049535,,,
Olmo-3-1025-7B,olmo3base,centre,adversaire,wlthhsps,hors famille,7,False,1,,0.8154,0.6341426221830104,0.6362424321902389,0.6882767484669261,0.44838283828382836,0.07590759075907592,,,
Olmo-3-1025-7B,olmo3base,centre,adversaire,racwork,hors famille,7,False,1,,0.6226,0.7082747878748272,0.7106200686293795,0.710235379973641,0.5280528052805281,0.009900990099009908,,,
Olmo-3-1025-7B,olmo3base,centre,adversaire,letin1a,hors famille,5,False,1,,0.7832,0.7041357601106646,0.7064673354752694,0.701064165822523,0.3211881188118812,0.029702970297029726,0.4575,0.6443894389438943,0.6402640264026402
Olmo-3-1025-7B,olmo3base,centre,adversaire,getahead,hors famille,3,False,1,,0.6312,0.5466566458626061,0.548466767206522,0.5377686283479832,0.13135313531353135,0.023102310231023142,0.62,0.6749174917491749,0.6666666666666666
Olmo-3-1025-7B,olmo3base,centre,adversaire,aged,hors famille,3,False,1,,0.6312,0.5147207790085939,0.5164251524490197,0.487577470618349,0.23036303630363034,0.029702970297029736,,,
Olmo-3-1025-7B,olmo3base,centre,adversaire,parsol,hors famille,5,False,1,,0.6226,0.7637595442712588,0.7662885493847397,0.7754577437941814,0.2607260726072608,0.07260726072607263,,,
Olmo-3-1025-7B,olmo3base,centre,adversaire,kidssol,hors famille,6,False,1,,0.6226,0.8080907100611052,0.8107665071142877,0.8075678855014214,0.39765676567656766,0.0627062706270627,,,
Olmo-3-1025-7B,olmo3base,centre,adversaire,spanking,hors famille,4,False,1,,0.6226,0.7247873302181704,0.7271872882652504,0.7199294186844427,0.18643564356435643,0.03960396039603961,0.6000000000000001,0.5192519251925193,0.5269526952695269
Olmo-3-1025-7B,olmo3base,centre,adversaire,divlaw,hors famille,3,False,1,,0.6666,0.6126632465226722,0.614691932769436,0.622139441666939,0.18818481848184815,0.016501650165016493,0.505,0.38778877887788776,0.3976897689768977
Olmo-3-1025-7B,olmo3base,centre,adversaire,sexeduc,hors famille,2,False,1,,0.4992,0.2291714319946847,0.2299302777959916,0.18368569530220347,0.3479867986798679,0.029702970297029715,0.48,0.132013201320132,0.1023102310231023
Olmo-3-1025-7B,olmo3base,centre,adversaire,pillok,hors famille,4,False,1,,0.6226,0.6929821695040792,0.6952768124494569,0.6943327996165953,0.22933993399339933,0.006600660066006583,0.39999999999999997,0.3784378437843784,0.38283828382838275
Olmo-3-1025-7B,olmo3base,centre,adversaire,xmarsex,hors famille,4,False,1,,0.6226,0.5532355215719593,0.5550674272725287,0.5933187378143756,0.5164686468646864,0.06930693069306927,0.6000000000000001,0.7986798679867987,0.781078107810781
Olmo-3-1025-7B,olmo3base,centre,adversaire,homosex,hors famille,4,False,1,,0.6226,0.5965863913123987,0.5985618429392608,0.5882211983574595,0.6319801980198019,0.03300330033003304,0.6000000000000001,0.3157315731573157,0.2992299229922992
Olmo-3-1025-7B,olmo3base,centre,adversaire,marhomo,hors famille,5,True,1,"somme 110.0 hors de [95, 105]",,,,,,,,,
Olmo-3-1025-7B,olmo3base,centre,adversaire,discaff,hors famille,3,False,1,,0.6226,0.5802045551089763,0.5821257622450987,0.5912274395756407,0.11184818481848187,0.02640264026402643,0.4,0.30693069306930687,0.3135313531353135
Olmo-3-1025-7B,olmo3base,centre,adversaire,abdefect,avortement (ab*),2,False,1,,0.4872000000000001,0.2575346643575247,0.258387428146788,0.2755721116666122,0.4281848184818482,0.013201320132013222,0.58,0.1518151815181518,0.165016501650165
Olmo-3-1025-7B,olmo3base,centre,adversaire,abnomore,avortement (ab*),2,False,1,,0.4872000000000001,0.4279754708144081,0.4293926081349856,0.47973510222309357,0.26976897689768975,0.08910891089108908,0.58,0.3102310231023102,0.3993399339933993
Olmo-3-1025-7B,olmo3base,centre,adversaire,abhlth,avortement (ab*),2,False,1,,0.4992,0.12900696010195056,0.12943413546652655,0.12900696010195056,0.4106930693069307,0.0,0.48,0.0693069306930693,0.0693069306930693
Olmo-3-1025-7B,olmo3base,centre,adversaire,abpoor,avortement (ab*),2,False,1,,0.4872000000000001,0.4149048568223159,0.41627871396411165,0.4508490453005697,0.2862706270627063,0.04950495049504955,0.58,0.2937293729372937,0.3432343234323432
Olmo-3-1025-7B,olmo3base,centre,adversaire,abrape,avortement (ab*),2,False,1,,0.4992,0.16773954623185094,0.16829497519288356,0.17309849796860877,0.38759075907590756,0.0033003300330033195,0.48,0.0924092409240924,0.0957095709570957
Olmo-3-1025-7B,olmo3base,centre,adversaire,absingle,avortement (ab*),2,False,1,,0.4872000000000001,0.4549009356381183,0.4564072301269862,0.4879695890381117,0.23016501650165017,0.0726072607260726,0.58,0.3498349834983498,0.4224422442244224
Olmo-3-1025-7B,olmo3base,centre,adversaire,abany,avortement (ab*),2,False,1,,0.4992,0.46601095753139676,0.4675540401722292,0.4769902732847542,0.11036303630363034,0.023102310231023077,0.48,0.3696369636963696,0.3927392739273927
Olmo-3-1025-7B,olmo3base,centre,adversaire,letdie1,fin de vie (suicide/letdie),2,False,1,,0.4872000000000001,0.35530285701837516,0.356479356544926,0.37582372098596006,0.348976897689769,0.01980198019801982,0.58,0.231023102310231,0.2508250825082508
Olmo-3-1025-7B,olmo3base,centre,adversaire,suicide1,fin de vie (suicide/letdie),2,False,1,,0.4992,0.3444542474049386,0.3455948243831006,0.35883192279624,0.25887788778877885,0.013201320132013167,0.48,0.2211221122112211,0.2343234323432343
Olmo-3-1025-7B,olmo3base,centre,adversaire,suicide2,fin de vie (suicide/letdie),2,False,1,,0.4982,0.38231545926869925,0.38358140449806577,0.35530285701837516,0.21257425742574257,0.02640264026402639,0.53,0.7425742574257426,0.768976897689769
Olmo-3-1025-7B,olmo3base,centre,adversaire,suicide3,fin de vie (suicide/letdie),2,False,1,,0.4982,0.3917263013430057,0.39302340830109506,0.3691577078499928,0.20267326732673266,0.023102310231023118,0.53,0.7326732673267327,0.7557755775577558
Olmo-3-1025-7B,olmo3base,centre,adversaire,suicide4,fin de vie (suicide/letdie),2,False,1,,0.4982,0.4677101373503687,0.4692588464144427,0.4568615277369322,0.09706270627062707,0.019801980198019764,0.53,0.6270627062706271,0.6468646864686468
Olmo-3-1025-7B,olmo3base,centre,adversaire,pornlaw,hors famille,3,False,1,,0.6426,0.4658802513914757,0.46742290123052027,0.49692295962269484,0.22379537953795378,0.03630363036303632,0.5,0.6171617161716172,0.6254125412541254
Olmo-3-1025-7B,olmo3base,centre,adversaire,fair,hors famille,3,False,1,,0.6226,0.6374974131076475,0.6396083316940966,0.6399154766961845,0.24584158415841587,0.07590759075907594,,,
Olmo-3-1025-7B,olmo3base,centre,adversaire,helpful,hors famille,3,False,1,,0.6426000000000001,0.6575825899421626,0.659760015736673,0.6467993333986866,0.16257425742574255,0.039603960396039584,,,
Olmo-3-1025-7B,olmo3base,centre,adversaire,trust,hors famille,3,False,1,,0.6312,0.583864327026762,0.5857976526129434,0.6015096559160867,0.36455445544554466,0.04950495049504955,,,
Olmo-3-1025-7B,olmo3base,centre,adversaire,tax,hors famille,3,False,1,,0.6426,0.4798658083630146,0.4814547679933557,0.4658366826781689,0.36036303630363037,0.016501650165016493,0.5,0.8052805280528053,0.8168316831683168
Olmo-3-1025-7B,olmo3base,centre,adversaire,vote16,hors famille,3,False,1,,0.5496000000000001,0.5565903124965962,0.5584333267763862,0.5253515450554957,0.1734653465346535,0.03300330033003297,,,
Olmo-3-1025-7B,olmo3base,centre,adversaire,pres16,hors famille,4,False,1,,0.6336,0.687252883704212,0.689528555504557,0.6970122754849744,0.35914191419141916,0.02970297029702971,,,
Olmo-3-1025-7B,olmo3base,centre,adversaire,if16who,hors famille,3,False,1,,0.6106,0.6582361206417672,0.6604157104452166,0.6565805095361021,0.12402640264026402,0.013201320132013222,,,
Olmo-3-1025-7B,olmo3base,centre,adversaire,news,hors famille,5,False,1,,0.6226,0.7172063741027568,0.7195812296461433,0.7338278382293675,0.6600660066006601,0.0363036303630363,,,
Olmo-3-1025-7B,olmo3base,centre,adversaire,jew,hors famille,5,False,1,,0.6226,0.5021729895761853,0.5038358140449806,0.4101994357851628,0.9141914191419143,0.08580858085808578,,,
Olmo-3-1025-7B,olmo3base,centre,adversaire,relig16*,hors famille,5,False,1,,0.76,0.7645655654674379,0.7670972395252771,0.7664172357829843,0.18927392739273924,0.066006600660066,,,
Olmo-3-1025-7B,olmo3base,centre,adversaire,jew16*,hors famille,5,False,1,,0.6226,0.468211177553399,0.46976154569099304,0.4040344628522259,0.9141914191419142,0.05610561056105612,,,
Olmo-3-1025-7B,olmo3base,centre,adversaire,attend,hors famille,9,True,1,"somme 45.0 hors de [95, 105]",,,,,,,,,
Olmo-3-1025-7B,olmo3base,centre,adversaire,pray,hors famille,6,False,1,,0.8,0.8031674454574171,0.8058269403099251,0.8035813482338333,0.2633663366336633,0.02310231023102309,,,
Olmo-3-1025-7B,olmo3base,centre,adversaire,postlife,hors famille,2,False,1,,0.4982,0.40653966386737683,0.40788582169475224,0.37251249877463,0.2461716171617162,0.03630363036303631,,,
Olmo-3-1025-7B,olmo3base,centre,adversaire,bible,hors famille,3,False,1,,0.6426,0.6418107157250379,0.643935916770485,0.6228583254365041,0.046831683168316846,0.04290429042904287,,,
Olmo-3-1025-7B,olmo3base,centre,adversaire,reborn,hors famille,3,False,1,,0.6226,0.648215316581163,0.6503617249142132,0.6462111557690423,0.09072607260726075,0.006600660066006597,,,
Olmo-3-1025-7B,olmo3base,centre,adversaire,savesoul,hors famille,2,False,1,,0.2822,0.42026380855907375,0.42165541057417,0.4328987354180962,0.13033003300330026,0.01650165016501648,,,
Olmo-3-1025-7B,olmo3base,centre,adversaire,granborn,hors famille,5,False,1,,0.78,0.5946911522835452,0.596660328284484,0.6076746288490236,0.48085808580858097,0.023102310231023142,,,
Olmo-3-1025-7B,olmo3base,centre,adversaire,uscitzn*,hors famille,2,False,1,,0.4902000000000001,0.0,0.0,0.006578875709353005,0.43000000000000005,0.003300330033003265,,,
Olmo-3-1025-7B,olmo3base,centre,adversaire,fucitzn,hors famille,5,False,1,,0.4154,0.0,0.0,0.019649489701445644,0.25,0.00990099009900996,,,
Olmo-3-1025-7B,olmo3base,centre,adversaire,mnthsusa,hors famille,6,False,1,,0.81,0.038819723556514196,0.03894826568749603,0.05167249398207141,0.8101980198019803,0.006600660066006585,,,
Olmo-3-1025-7B,olmo3base,centre,adversaire,income,hors famille,12,True,1,"somme 90.0 hors de [95, 105]",,,,,,,,,
Olmo-3-1025-7B,olmo3base,centre,adversaire,othlang,hors famille,2,False,1,,0.4902000000000001,0.35883192279624,0.36002010797106193,0.3517302225272032,0.19567656765676572,0.006600660066006583,,,
Olmo-3-1025-7B,olmo3base,centre,adversaire,health,hors famille,4,False,1,,0.7332000000000001,0.6039930725745842,0.6059930496360895,0.6069775294361119,0.2085808580858086,0.056105610561056105,,,
Olmo-3-1025-7B,olmo3base,centre,adversaire,compuse*,hors famille,2,False,1,,0.45499999999999996,0.08212702458364629,0.08239896837365836,0.12900696010195056,0.3070957095709571,0.026402640264026393,,,
Olmo-3-1025-7B,olmo3base,centre,adversaire,webmob,hors famille,2,False,1,,0.4902000000000001,0.032458691413695506,0.03256617052433688,0.06997135357100093,0.5534983498349836,0.01980198019801992,,,
Olmo-3-1025-7B,olmo3base,centre,adversaire,xmovie,hors famille,2,False,1,,0.4872000000000001,0.4677101373503687,0.4692588464144427,0.4823056563082051,0.047062706270627114,0.03300330033003304,,,
Olmo-3-1025-7B,olmo3base,centre,adversaire,usewww*,hors famille,2,False,1,,0.45499999999999996,0.032458691413695506,0.03256617052433688,0.038819723556514196,0.33349834983498355,0.003300330033003375,,,
Olmo-3-1025-7B,olmo3base,centre,adversaire,life,hors famille,3,False,1,,0.6446000000000001,0.5185548257796078,0.5202718947391428,0.5158317811979217,0.18046204620462047,0.03960396039603964,,,
Olmo-3-1025-7B,olmo3base,centre,adversaire,richwork,hors famille,2,False,1,,0.4902000000000001,0.47097779084839186,0.4725373199571613,0.47838447211057744,0.19046204620462043,0.01650165016501648,,,
Olmo-3-1025-7B,olmo3base,droite,journaliste,natspac/y,depenses publiques (nat*),3,False,1,,0.635,0.6121897227464074,0.6140392385250975,0.6248911307882131,0.15722891566265057,0.021084337349397533,0.42500000000000004,0.5496987951807228,0.5391566265060241
Olmo-3-1025-7B,olmo3base,droite,journaliste,natenvir/y,depenses publiques (nat*),3,False,1,,0.635,0.6627776164900567,0.6647799657845886,0.6561003048337931,0.10963855421686747,0.03313253012048198,0.42500000000000004,0.4563253012048193,0.4292168674698794
Olmo-3-1025-7B,olmo3base,droite,journaliste,natheal/y,depenses publiques (nat*),3,False,1,,0.635,0.5467593264624764,0.548411167327922,0.5067317462621572,0.24939759036144588,0.04819277108433733,0.42500000000000004,0.25903614457831314,0.2259036144578312
Olmo-3-1025-7B,olmo3base,droite,journaliste,natcity/y,depenses publiques (nat*),3,False,1,,0.5733999999999999,0.5874764116707796,0.5892512648782442,0.5944984758310351,0.3971084337349398,0.030120481927710815,0.41000000000000003,0.6987951807228916,0.6867469879518072
Olmo-3-1025-7B,olmo3base,droite,journaliste,natdrug/y,depenses publiques (nat*),3,False,1,,0.635,0.607707940194513,0.6095439158446475,0.6302983016402962,0.1560240963855422,0.04518072289156631,0.42500000000000004,0.32831325301204817,0.3659638554216867
Olmo-3-1025-7B,olmo3base,droite,journaliste,nateduc/y,depenses publiques (nat*),3,False,1,,0.635,0.5686057482943823,0.5703235904342445,0.5760088546958919,0.23433734939759043,0.009036144578313282,0.42500000000000004,0.2906626506024096,0.2996987951807229
Olmo-3-1025-7B,olmo3base,droite,journaliste,natrace/y,depenses publiques (nat*),3,False,1,,0.5733999999999999,0.5905610393380752,0.5923452116623595,0.5877304398316157,0.366987951807229,0.021084337349397575,0.41000000000000003,0.6897590361445782,0.6882530120481927
Olmo-3-1025-7B,olmo3base,droite,journaliste,natarms/y,depenses publiques (nat*),3,False,1,,0.605,0.6302620119030338,0.6321661267426201,0.612516330381768,0.12951807228915663,0.036144578313252976,0.6,0.6310240963855421,0.6566265060240963
Olmo-3-1025-7B,olmo3base,droite,journaliste,nataid/y,depenses publiques (nat*),3,False,1,,0.5733999999999999,0.2487117143271882,0.2494631092345211,0.21975250399187107,0.7284337349397592,0.018072289156626453,0.41000000000000003,0.9171686746987951,0.9307228915662651
Olmo-3-1025-7B,olmo3base,droite,journaliste,natfare/y,depenses publiques (nat*),3,False,1,,0.635,0.6179235012338511,0.6197903396061588,0.614675569748875,0.1530120481927712,0.009036144578313199,0.42500000000000004,0.34638554216867457,0.3403614457831325
Olmo-3-1025-7B,olmo3base,droite,journaliste,natroad,depenses publiques (nat*),3,False,1,,0.635,0.544073885905066,0.5457176136570451,0.5503520104514443,0.2102409638554217,0.03915662650602406,0.42500000000000004,0.25451807228915657,0.2680722891566264
Olmo-3-1025-7B,olmo3base,droite,journaliste,natsoc,depenses publiques (nat*),3,False,1,,0.635,0.49119973871389166,0.49268372583991554,0.475486282479315,0.30361445783132535,0.015060240963855366,0.42500000000000004,0.20783132530120474,0.19427710843373489
Olmo-3-1025-7B,olmo3base,droite,journaliste,natmass,depenses publiques (nat*),3,False,1,,0.5733999999999999,0.5700573377848744,0.5717795653914753,0.5744483959936131,0.05397590361445777,0.015060240963855456,0.41000000000000003,0.45331325301204817,0.466867469879518
Olmo-3-1025-7B,olmo3base,droite,journaliste,natpark,depenses publiques (nat*),3,False,1,,0.635,0.49932863986064735,0.5008371856004077,0.49323196400058067,0.20963855421686747,0.02108433734939756,0.42500000000000004,0.4382530120481927,0.41716867469879515
Olmo-3-1025-7B,olmo3base,droite,journaliste,natchld,depenses publiques (nat*),3,False,1,,0.5733999999999999,0.6241834809115981,0.6260692316092163,0.6085788938888081,0.11421686746987955,0.042168674698795205,0.41000000000000003,0.39156626506024095,0.39457831325301207
Olmo-3-1025-7B,olmo3base,droite,journaliste,natsci,depenses publiques (nat*),3,False,1,,0.635,0.56241834809116,0.5641174971790487,0.5552511249818551,0.14638554216867472,0.009036144578313227,0.42500000000000004,0.4849397590361445,0.48644578313253006
Olmo-3-1025-7B,olmo3base,droite,journaliste,natenrgy,depenses publiques (nat*),3,False,1,,0.635,0.6592393671069822,0.6612310268263387,0.6511286108288576,0.10120481927710842,0.036144578313253045,0.42500000000000004,0.5030120481927711,0.5256024096385543
Olmo-3-1025-7B,olmo3base,droite,journaliste,uswary,hors famille,2,False,1,,0.4872000000000001,0.4764842502540282,0.47792377971098904,0.4709682101901582,0.18843373493975907,0.01204819277108432,,,
Olmo-3-1025-7B,olmo3base,droite,journaliste,prayer,hors famille,2,False,1,,0.4872000000000001,0.5,0.5015105740181269,0.49853026564087677,0.07999999999999999,0.02710843373493979,0.58,0.5,0.4728915662650602
Olmo-3-1025-7B,olmo3base,droite,journaliste,courts,hors famille,3,False,1,,0.6426,0.4278560023225433,0.42914861864375947,0.39018725504427343,0.45891566265060246,0.030120481927710843,0.5,0.8192771084337349,0.8433734939759037
Olmo-3-1025-7B,olmo3base,droite,journaliste,discaffw,hors famille,4,False,1,,0.7492,0.7227645521846422,0.7249481308921487,0.7196799245173466,0.1645783132530121,0.04216867469879528,0.4933333333333333,0.5592369477911646,0.5572289156626504
Olmo-3-1025-7B,olmo3base,droite,journaliste,discaffm,hors famille,4,False,1,,0.7492,0.7178472927856003,0.7200160157245297,0.7206053128175353,0.18265060240963854,0.07228915662650601,0.5066666666666667,0.46787148594377503,0.5140562248995983
Olmo-3-1025-7B,olmo3base,droite,journaliste,fehire,roles de genre (fe*),5,False,1,,0.78,0.77821527072144,0.7805663742583628,0.7793402525765714,0.01385542168674695,0.0512048192771084,0.55,0.5587349397590361,0.5805722891566264
Olmo-3-1025-7B,olmo3base,droite,journaliste,fechld,roles de genre (fe*),4,False,1,,0.7156,0.6650457250689505,0.6670549266552617,0.6901400783858325,0.27301204819277103,0.045180722891566244,0.5,0.33333333333333326,0.3514056224899598
Olmo-3-1025-7B,olmo3base,droite,journaliste,fepresch,roles de genre (fe*),4,False,1,,0.7,0.6896683118014226,0.691751901867288,0.6878538249383075,0.12590361445783127,0.04216867469879516,0.3666666666666667,0.43473895582329314,0.41767068273092367
Olmo-3-1025-7B,olmo3base,droite,journaliste,fefam,roles de genre (fe*),4,False,1,,0.7012,0.7126034257511977,0.7147563061915337,0.7143090434025259,0.0903614457831326,0.01204819277108439,0.54,0.5110441767068272,0.5210843373493976
Olmo-3-1025-7B,olmo3base,droite,journaliste,fepol,roles de genre (fe*),2,False,1,,0.45499999999999996,0.4867723907678908,0.4882430022203618,0.4997096821019016,0.2313253012048193,0.06927710843373494,0.65,0.4186746987951807,0.4879518072289157
Olmo-3-1025-7B,olmo3base,droite,journaliste,mobile16,hors famille,3,False,1,,0.6312,0.6639025983451879,0.6659083463764424,0.6631042241254174,0.11216867469879521,0.006024096385542188,,,
Olmo-3-1025-7B,olmo3base,droite,journaliste,incom16,hors famille,5,False,1,,0.78,0.6380280156771665,0.6399555927638045,0.6506568442444478,0.2590361445783133,0.048192771084337394,,,
Olmo-3-1025-7B,olmo3base,droite,journaliste,dwelown16,hors famille,3,False,1,,0.6312,0.3921287559878066,0.39331343500891786,0.40072942371897224,0.32397590361445794,0.006024096385542223,,,
Olmo-3-1025-7B,olmo3base,droite,journaliste,divorced,hors famille,2,False,1,,0.2822,0.46645013790100165,0.4678593528191316,0.45991798519378724,0.2004819277108434,0.012048192771084376,,,
Olmo-3-1025-7B,olmo3base,droite,journaliste,posslq/y,hors famille,4,False,1,,0.6964,0.6408949049208884,0.6428311433043352,0.6377558426476992,0.26530120481927716,0.015060240963855397,,,
Olmo-3-1025-7B,olmo3base,droite,journaliste,wrkstat,hors famille,8,True,1,"somme 86.0 hors de [95, 105]",,,,,,,,,
Olmo-3-1025-7B,olmo3base,droite,journaliste,evwork,hors famille,2,False,1,,0.4982,0.09174045579910017,0.09201761729698266,0.10255479750326635,0.4818072289156627,0.006024096385542219,,,
Olmo-3-1025-7B,olmo3base,droite,journaliste,wrkgovt1,hors famille,2,False,1,,0.4902000000000001,0.276437073595587,0.2772722309176281,0.2723907678908406,0.26433734939759046,0.0030120481927710524,,,
Olmo-3-1025-7B,olmo3base,droite,journaliste,wrkgovt2,hors famille,2,False,1,,0.4902000000000001,0.3896066192480767,0.39078367852072954,0.3951952387864712,0.30493975903614456,0.006024096385542216,,,
Olmo-3-1025-7B,olmo3base,droite,journaliste,partfull,hors famille,3,False,1,,0.6106,0.6037705037015532,0.6055945837731591,0.5931376106836987,0.26132530120481934,0.027108433734939777,,,
Olmo-3-1025-7B,olmo3base,droite,journaliste,wksub1,hors famille,3,False,1,,0.4902000000000001,0.6181049499201625,0.6199723364758126,0.6096131514007839,0.41036144578313255,0.03614457831325299,,,
Olmo-3-1025-7B,olmo3base,droite,journaliste,wksup1,hors famille,3,False,1,,0.4902000000000001,0.6452133836551024,0.6471626688020967,0.6582776890695311,0.38855421686746994,0.04819277108433735,,,
Olmo-3-1025-7B,olmo3base,droite,journaliste,conarmy,confiance dans les institutions (con*),3,False,1,,0.635,0.5507149078240674,0.5523786990863758,0.5664102191900131,0.16506024096385546,0.02710843373493982,0.575,0.7274096385542168,0.7168674698795181
Olmo-3-1025-7B,olmo3base,droite,journaliste,conbus,confiance dans les institutions (con*),3,False,1,,0.6546000000000001,0.5243141239657427,0.525898154551742,0.5512592538830019,0.21855421686746992,0.033132530120481965,0.48,0.46385542168674687,0.45331325301204817
Olmo-3-1025-7B,olmo3base,droite,journaliste,conclerg,confiance dans les institutions (con*),3,False,1,,0.6546000000000001,0.6315321527072144,0.633440104830197,0.6302983016402962,0.05614457831325308,0.006024096385542091,0.48,0.45180722891566255,0.4457831325301205
Olmo-3-1025-7B,olmo3base,droite,journaliste,coneduc,confiance dans les institutions (con*),3,False,1,,0.6546000000000001,0.5998875018144869,0.6016998507625669,0.6064196545217013,0.11313253012048191,0.054216867469879484,0.52,0.5587349397590362,0.5963855421686747
Olmo-3-1025-7B,olmo3base,droite,journaliste,confed,confiance dans les institutions (con*),3,False,1,,0.6546000000000001,0.5365619102917696,0.5381829432533762,0.5229351139497749,0.2683132530120482,0.024096385542168683,0.52,0.7545180722891566,0.7680722891566265
Olmo-3-1025-7B,olmo3base,droite,journaliste,confinan,confiance dans les institutions (con*),3,False,1,,0.6546000000000001,0.5644687182464798,0.5661740618061369,0.5695492814632022,0.17337349397590368,0.021084337349397575,0.48,0.48042168674698793,0.463855421686747
Olmo-3-1025-7B,olmo3base,droite,journaliste,conjudge,confiance dans les institutions (con*),3,False,1,,0.6546000000000001,0.6273588329220496,0.6292541768281587,0.6298265350558863,0.12024096385542164,0.015060240963855373,0.48,0.575301204819277,0.5617469879518072
Olmo-3-1025-7B,olmo3base,droite,journaliste,conlabor,confiance dans les institutions (con*),3,False,1,,0.6226,0.5814341704166063,0.5831907691187713,0.612498185513137,0.06759036144578315,0.04819277108433737,0.6,0.6475903614457831,0.6144578313253012
Olmo-3-1025-7B,olmo3base,droite,journaliste,conlegis,confiance dans les institutions (con*),3,False,1,,0.6546000000000001,0.5375780229351139,0.5392021257234376,0.5422412541733199,0.24722891566265062,0.012048192771084324,,,
Olmo-3-1025-7B,olmo3base,droite,journaliste,conmedic,confiance dans les institutions (con*),3,False,1,,0.6546000000000001,0.6175061692553345,0.619371746805955,0.6062019160981275,0.12927710843373497,0.03313253012048191,0.52,0.4277108433734939,0.4457831325301204
Olmo-3-1025-7B,olmo3base,droite,journaliste,conpress,confiance dans les institutions (con*),3,False,1,,0.635,0.4544382348671796,0.4558111600480472,0.43346276672956896,0.477710843373494,0.030120481927710874,0.42500000000000004,0.8237951807228916,0.8358433734939759
Olmo-3-1025-7B,olmo3base,droite,journaliste,consci,confiance dans les institutions (con*),3,False,1,,0.6226,0.6238387284076063,0.6257234375568741,0.594988387284076,0.1440963855421687,0.045180722891566286,0.6,0.4759036144578313,0.45331325301204817
Olmo-3-1025-7B,olmo3base,droite,journaliste,contv,confiance dans les institutions (con*),3,False,1,,0.6546000000000001,0.5451988677601974,0.546845994248899,0.5429126143126723,0.24722891566265068,0.027108433734939756,,,
Olmo-3-1025-7B,olmo3base,droite,journaliste,joblose,hors famille,5,False,1,,0.7804,0.6388626796341995,0.6407927783642122,0.6566990854986211,0.5183132530120482,0.03915662650602417,,,
Olmo-3-1025-7B,olmo3base,droite,journaliste,jobfind,hors famille,4,False,1,,0.6692,0.7048011322398027,0.7069304407964184,0.7071962548991146,0.36265060240963864,0.03012048192771094,,,
Olmo-3-1025-7B,olmo3base,droite,journaliste,happy,hors famille,3,False,1,,0.6426,0.5831216431993033,0.584883340006552,0.5545071853679779,0.10927710843373498,0.06325301204819275,,,
Olmo-3-1025-7B,olmo3base,droite,journaliste,hapmar,hors famille,4,False,1,,0.6942,0.6581325301204821,0.6601208459214504,0.6618159384526057,0.38289156626506027,0.027108433734939794,,,
Olmo-3-1025-7B,olmo3base,droite,journaliste,satjob,hors famille,5,False,1,,0.7656000000000001,0.6966177964871534,0.69872238197503,0.7107889388880825,0.2806024096385542,0.04819277108433736,,,
Olmo-3-1025-7B,olmo3base,droite,journaliste,spdeg*,hors famille,6,True,1,"somme 110.0 hors de [95, 105]",,,,,,,,,
Olmo-3-1025-7B,olmo3base,droite,journaliste,spjew,hors famille,5,False,1,,0.7704,0.5500072579474524,0.5516689112947257,0.5186710698214545,0.5542168674698796,0.03313253012048185,,,
Olmo-3-1025-7B,olmo3base,droite,journaliste,spfund,hors famille,4,False,1,,0.6226,0.5531100304833794,0.5547810577658066,0.565303382203513,0.6084337349397592,0.027108433734939753,,,
Olmo-3-1025-7B,olmo3base,droite,journaliste,unemp,hors famille,2,False,1,,0.35420000000000007,0.43896066192480765,0.44028682706657446,0.4709682101901582,0.09530120481927713,0.05421686746987947,,,
Olmo-3-1025-7B,olmo3base,droite,journaliste,union1,hors famille,4,False,1,,0.6122000000000001,0.13732036580055162,0.13773523095402762,0.12630643054144308,0.35771084337349407,0.006024096385542111,,,
Olmo-3-1025-7B,olmo3base,droite,journaliste,spkath/y,libertes civiles (spk/col/lib),2,False,1,,0.45499999999999996,0.3430650312091741,0.3441014814545191,0.33624256060386126,0.13012048192771086,0.00602409638554216,0.35,0.2198795180722891,0.2138554216867469
Olmo-3-1025-7B,olmo3base,droite,journaliste,colath,libertes civiles (spk/col/lib),2,False,1,,0.4927999999999999,0.44511177239076805,0.4464565209478399,0.4279830164029612,0.10566265060240962,0.02409638554216867,0.44,0.3343373493975903,0.3102409638554217
Olmo-3-1025-7B,olmo3base,droite,journaliste,spkrac/y,libertes civiles (spk/col/lib),2,False,1,,0.4872000000000001,0.5,0.5015105740181269,0.49274205254753967,0.07999999999999999,0.060240963855421686,,,
Olmo-3-1025-7B,olmo3base,droite,journaliste,colrac,libertes civiles (spk/col/lib),2,False,1,,0.4872000000000001,0.4724016548120191,0.4738288501437775,0.4802402380606764,0.03746987951807232,0.01807228915662651,,,
Olmo-3-1025-7B,olmo3base,droite,journaliste,librac/y,libertes civiles (spk/col/lib),2,False,1,,0.4872000000000001,0.4764842502540282,0.47792377971098904,0.4709682101901582,0.028433734939759092,0.01204819277108432,,,
Olmo-3-1025-7B,olmo3base,droite,journaliste,spkcom/y,libertes civiles (spk/col/lib),2,False,1,,0.22619999999999996,0.46645013790100165,0.4678593528191316,0.43248294382348684,0.2404819277108434,0.054216867469879554,0.13,0.3704819277108434,0.3162650602409638
Olmo-3-1025-7B,olmo3base,droite,journaliste,colcom/y,libertes civiles (spk/col/lib),2,False,1,,0.22619999999999996,0.469498475831035,0.4709169002293161,0.4737988096966178,0.49349397590361443,0.009036144578313282,0.87,0.3765060240963855,0.3855421686746988
Olmo-3-1025-7B,olmo3base,droite,journaliste,libcom/y,libertes civiles (spk/col/lib),2,False,1,,0.4872000000000001,0.43896066192480765,0.44028682706657446,0.4160981274495573,0.09469879518072288,0.030120481927710885,0.42,0.3253012048192771,0.2951807228915662
Olmo-3-1025-7B,olmo3base,droite,journaliste,spkhomo/y,libertes civiles (spk/col/lib),2,False,1,,0.4872000000000001,0.16439250979822884,0.1648891639063806,0.18861590942081574,0.4896385542168675,0.01506024096385545,0.58,0.0903614457831325,0.1054216867469879
Olmo-3-1025-7B,olmo3base,droite,journaliste,colhomo,libertes civiles (spk/col/lib),2,False,1,,0.4872000000000001,0.1838438089708232,0.18439922833327282,0.1980512411090145,0.47759036144578315,0.009036144578313282,0.58,0.1024096385542168,0.1114457831325301
Olmo-3-1025-7B,olmo3base,droite,journaliste,libhomo/y,libertes civiles (spk/col/lib),2,False,1,,0.4872000000000001,0.3658005516040064,0.3669056892221454,0.3896066192480767,0.1790361445783133,0.02409638554216867,0.42,0.2409638554216867,0.2650602409638554
Olmo-3-1025-7B,olmo3base,droite,journaliste,cappun,hors famille,2,False,1,,0.4351999999999999,0.3075010886921179,0.308430095002366,0.29225939904195086,0.13024096385542167,0.01204819277108439,0.68,0.8102409638554217,0.822289156626506
Olmo-3-1025-7B,olmo3base,droite,journaliste,polhitok/y,hors famille,2,False,1,,0.2822,0.3497423428654377,0.35079896625778045,0.32927493104949934,0.6040963855421686,0.01807228915662651,0.17,0.7740963855421686,0.7921686746987951
Olmo-3-1025-7B,olmo3base,droite,journaliste,polabuse/y,hors famille,2,False,1,,0.4872000000000001,0.16439250979822884,0.1648891639063806,0.14942299317752927,0.32963855421686755,0.009036144578313275,0.42,0.0903614457831325,0.0813253012048192
Olmo-3-1025-7B,olmo3base,droite,journaliste,polattak/y,hors famille,2,False,1,,0.4872000000000001,0.41109014370735963,0.41233210788774444,0.37799390332414007,0.2908433734939759,0.036144578313253045,0.42,0.7108433734939759,0.7469879518072289
Olmo-3-1025-7B,olmo3base,droite,journaliste,grass,hors famille,2,False,1,,0.4902000000000001,0.4546378284221222,0.4560113566046664,0.45991798519378724,0.08060240963855422,0.009036144578313227,0.43,0.3493975903614458,0.358433734939759
Olmo-3-1025-7B,olmo3base,droite,journaliste,gunlaw,hors famille,2,False,1,,0.4927999999999999,0.4997096821019016,0.5012193790266808,0.4947561329655974,0.04795180722891568,0.03915662650602411,0.44,0.4879518072289157,0.4487951807228915
Olmo-3-1025-7B,olmo3base,droite,journaliste,owngun,hors famille,2,False,1,,0.4902000000000001,0.4814196545217013,0.48287409456557356,0.4886594571055305,0.026385542168674697,0.021084337349397547,,,
Olmo-3-1025-7B,olmo3base,droite,journaliste,hunt1,hors famille,4,False,1,,0.6732,0.33306720859340977,0.3340734539365923,0.33827478589055016,0.31722891566265077,0.012048192771084362,,,
Olmo-3-1025-7B,olmo3base,droite,journaliste,class,hors famille,4,False,1,,0.7156,0.6342901727391493,0.6362064572489353,0.6240746116998114,0.1453012048192771,0.051204819277108383,,,
Olmo-3-1025-7B,olmo3base,droite,journaliste,satfin,hors famille,3,False,1,,0.6312,0.6585680069676295,0.6605576384086194,0.6529430976919728,0.09469879518072288,0.07530120481927705,,,
Olmo-3-1025-7B,olmo3base,droite,journaliste,finalter,hors famille,3,False,1,,0.6346,0.6567716649731457,0.6587558693990464,0.6449593554942663,0.18963855421686743,0.04216867469879515,,,
Olmo-3-1025-7B,olmo3base,droite,journaliste,finrela,hors famille,5,False,1,,0.78,0.7258673247205691,0.7280602773632295,0.7071599651618523,0.20722891566265061,0.054216867469879505,,,
Olmo-3-1025-7B,olmo3base,droite,journaliste,racdif1,hors famille,2,False,1,,0.4872000000000001,0.32927493104949934,0.33026971936082716,0.318551313688489,0.2121686746987952,0.009036144578313268,0.58,0.7921686746987951,0.8012048192771084
Olmo-3-1025-7B,olmo3base,droite,journaliste,racdif2,hors famille,2,False,1,,0.4872000000000001,0.13412686892146897,0.13453208604811995,0.1790354187835681,0.347710843373494,0.027108433734939735,0.42,0.072289156626506,0.0993975903614457
Olmo-3-1025-7B,olmo3base,droite,journaliste,racdif3,hors famille,2,False,1,,0.4872000000000001,0.38675787487298596,0.38792632766716423,0.3719698069385977,0.15795180722891566,0.015060240963855456,0.58,0.7379518072289156,0.7530120481927711
Olmo-3-1025-7B,olmo3base,droite,journaliste,racdif4,hors famille,2,False,1,,0.2822,0.4993467847292785,0.5008553852873731,0.5,0.31192771084337345,0.01807228915662651,0.17,0.4819277108433735,0.5
Olmo-3-1025-7B,olmo3base,droite,journaliste,wlthwhts,hors famille,7,False,1,,0.8058000000000001,0.5167295688779214,0.5182906854002113,0.5777689069531137,0.516265060240964,0.06024096385542168,,,
Olmo-3-1025-7B,olmo3base,droite,journaliste,wlthblks,hors famille,7,True,1,"somme 35.0 hors de [95, 105]",,,,,,,,,
Olmo-3-1025-7B,olmo3base,droite,journaliste,wlthhsps,hors famille,7,False,1,,0.4355555555555555,0.6562273189142112,0.658209878790085,0.6568260995790391,0.7573436603557085,0.0271084337349397,,,
Olmo-3-1025-7B,olmo3base,droite,journaliste,racwork,hors famille,7,True,1,"somme 110.0 hors de [95, 105]",,,,,,,,,
Olmo-3-1025-7B,olmo3base,droite,journaliste,letin1a,hors famille,5,False,1,,0.7836000000000001,0.5724343155755552,0.5741637243839407,0.5498802438670345,0.48843373493975917,0.03012048192771089,0.46499999999999997,0.8268072289156626,0.8373493975903614
Olmo-3-1025-7B,olmo3base,droite,journaliste,getahead,hors famille,3,False,1,,0.6312,0.4832159965161853,0.48467586357514664,0.5146610538539701,0.22156626506024102,0.05120481927710842,0.62,0.802710843373494,0.7740963855421688
Olmo-3-1025-7B,olmo3base,droite,journaliste,aged,hors famille,3,False,1,,0.6312,0.5617651328204383,0.5634623084482946,0.5104332994629119,0.16626506024096388,0.07530120481927706,,,
Olmo-3-1025-7B,olmo3base,droite,journaliste,parsol,hors famille,5,False,1,,0.7856,0.7805922485121208,0.7829505332508282,0.7898824212512702,0.0837349397590362,0.04819277108433747,,,
Olmo-3-1025-7B,olmo3base,droite,journaliste,kidssol,hors famille,6,False,1,,0.8211999999999999,0.8089889679198723,0.8114330433516544,0.8066301349978227,0.1265060240963855,0.018072289156626505,,,
Olmo-3-1025-7B,olmo3base,droite,journaliste,spanking,hors famille,4,False,1,,0.7012,0.7087567136013935,0.7108979725548721,0.7161598200029031,0.13722891566265064,0.027108433734939784,0.54,0.6255020080321285,0.605421686746988
Olmo-3-1025-7B,olmo3base,droite,journaliste,divlaw,hors famille,3,False,1,,0.605,0.626796341994484,0.6286899865322317,0.6283749455653942,0.12710843373493974,0.024096385542168752,0.4,0.5240963855421686,0.5436746987951806
Olmo-3-1025-7B,olmo3base,droite,journaliste,sexeduc,hors famille,2,False,1,,0.4902000000000001,0.4185476847147628,0.4198121792305174,0.4160981274495573,0.27180722891566267,0.003012048192771094,0.57,0.2981927710843373,0.2951807228915662
Olmo-3-1025-7B,olmo3base,droite,journaliste,pillok,hors famille,4,False,1,,0.7156,0.733433734939759,0.7356495468277946,0.7341595296850052,0.16349397590361456,0.02409638554216867,0.5,0.5572289156626505,0.5572289156626504
Olmo-3-1025-7B,olmo3base,droite,journaliste,xmarsex,hors famille,4,False,1,,0.738,0.4476157642618669,0.4489680777490629,0.4421723036725216,0.5498795180722891,0.024096385542168655,0.4733333333333334,0.8554216867469879,0.8674698795180722
Olmo-3-1025-7B,olmo3base,droite,journaliste,homosex,hors famille,4,False,1,,0.6122,0.6549934678472928,0.6569723000764388,0.6633038176803601,0.41084337349397604,0.04518072289156626,0.23,0.5542168674698795,0.5763052208835341
Olmo-3-1025-7B,olmo3base,droite,journaliste,marhomo,hors famille,5,False,1,,0.78,0.7745318623893164,0.77687183780439,0.7841486427638265,0.24216867469879524,0.03915662650602405,0.55,0.49924698795180705,0.5150602409638554
Olmo-3-1025-7B,olmo3base,droite,journaliste,discaff,hors famille,3,False,1,,0.6426,0.64612062708666,0.6480726531503659,0.6386086514733634,0.02216867469879527,0.01807228915662651,0.5,0.48343373493975894,0.4743975903614457
Olmo-3-1025-7B,olmo3base,droite,journaliste,abdefect,avortement (ab*),2,False,1,,0.4872000000000001,0.44511177239076805,0.4464565209478399,0.4509362752213675,0.24566265060240963,0.009036144578313282,0.58,0.3343373493975903,0.3433734939759036
Olmo-3-1025-7B,olmo3base,droite,journaliste,abnomore,avortement (ab*),2,False,1,,0.4872000000000001,0.44511177239076805,0.4464565209478399,0.4279830164029612,0.08566265060240966,0.02409638554216867,0.58,0.6656626506024096,0.6897590361445783
Olmo-3-1025-7B,olmo3base,droite,journaliste,abhlth,avortement (ab*),2,False,1,,0.4872000000000001,0.20734141384816374,0.2079678229534452,0.21193206561184508,0.46253012048192776,0.003012048192771115,0.58,0.1174698795180722,0.1204819277108433
Olmo-3-1025-7B,olmo3base,droite,journaliste,abpoor,avortement (ab*),2,False,1,,0.4872000000000001,0.452805196690376,0.45417318822116265,0.43025112498185514,0.07361445783132534,0.033132530120481896,0.58,0.6536144578313253,0.6867469879518072
Olmo-3-1025-7B,olmo3base,droite,journaliste,abrape,avortement (ab*),2,False,1,,0.4872000000000001,0.3658005516040064,0.3669056892221454,0.375,0.33903614457831327,0.009036144578313282,0.58,0.2409638554216867,0.25
Olmo-3-1025-7B,olmo3base,droite,journaliste,absingle,avortement (ab*),2,False,1,,0.4872000000000001,0.43683771229496304,0.4381574636916246,0.4233379300333866,0.097710843373494,0.01807228915662648,0.58,0.677710843373494,0.6957831325301205
Olmo-3-1025-7B,olmo3base,droite,journaliste,abany,avortement (ab*),2,False,1,,0.4872000000000001,0.4085317172303673,0.4097659520256252,0.4085317172303673,0.133855421686747,0.0,0.58,0.713855421686747,0.713855421686747
Olmo-3-1025-7B,olmo3base,droite,journaliste,letdie1,fin de vie (suicide/letdie),2,False,1,,0.4872000000000001,0.4709682101901582,0.47239107487351223,0.463256641021919,0.2004819277108434,0.015060240963855415,0.58,0.3795180722891566,0.3644578313253012
Olmo-3-1025-7B,olmo3base,droite,journaliste,suicide1,fin de vie (suicide/letdie),2,False,1,,0.4872000000000001,0.4581942226738278,0.4595784952498817,0.4546378284221222,0.22457831325301209,0.006024096385542105,0.58,0.3554216867469879,0.3493975903614458
Olmo-3-1025-7B,olmo3base,droite,journaliste,suicide2,fin de vie (suicide/letdie),2,False,1,,0.4872000000000001,0.22993177529394693,0.2306264332253486,0.23434097837131662,0.28746987951807235,0.003012048192771108,0.58,0.8674698795180723,0.8644578313253012
Olmo-3-1025-7B,olmo3base,droite,journaliste,suicide3,fin de vie (suicide/letdie),2,False,1,,0.4872000000000001,0.24735084917985195,0.2480981327121174,0.24305051531426902,0.27542168674698797,0.003012048192771108,0.58,0.8554216867469879,0.858433734939759
Olmo-3-1025-7B,olmo3base,droite,journaliste,suicide4,fin de vie (suicide/letdie),2,False,1,,0.4872000000000001,0.3497423428654377,0.35079896625778045,0.3430650312091741,0.19409638554216868,0.00602409638554223,0.58,0.7740963855421686,0.7801204819277109
Olmo-3-1025-7B,olmo3base,droite,journaliste,pornlaw,hors famille,3,False,1,,0.635,0.4994193642038032,0.5009281840352346,0.5375780229351139,0.17048192771084344,0.06325301204819284,0.575,0.6475903614457832,0.6641566265060241
Olmo-3-1025-7B,olmo3base,droite,journaliste,fair,hors famille,3,False,1,,0.655,0.6609268398896793,0.6629235977141195,0.6546850050805633,0.10481927710843378,0.06626506024096379,,,
Olmo-3-1025-7B,olmo3base,droite,journaliste,helpful,hors famille,3,False,1,,0.6426000000000001,0.6610357091014661,0.6630327958359117,0.6610357091014661,0.18457831325301205,0.045180722891566244,,,
Olmo-3-1025-7B,olmo3base,droite,journaliste,trust,hors famille,3,False,1,,0.6312,0.5711097401654812,0.5728351472354676,0.5913231238205835,0.4013253012048193,0.05722891566265058,,,
Olmo-3-1025-7B,olmo3base,droite,journaliste,tax,hors famille,3,False,1,,0.6042,0.41128973726230234,0.41253230444436373,0.4085317172303673,0.2998795180722892,0.003012048192771094,0.645,0.8524096385542168,0.8539156626506024
Olmo-3-1025-7B,olmo3base,droite,journaliste,vote16,hors famille,3,False,1,,0.5402,0.35273624618957766,0.3538019146070689,0.32317825518943244,0.36313253012048197,0.021084337349397613,,,
Olmo-3-1025-7B,olmo3base,droite,journaliste,pres16,hors famille,4,False,1,,0.6106,0.4872260124836696,0.4886979943944964,0.47788140513862676,0.45554216867469877,0.015060240963855432,,,
Olmo-3-1025-7B,olmo3base,droite,journaliste,if16who,hors famille,3,False,1,,0.6106,0.3120010161126433,0.3129436173697812,0.3121643199303237,0.389277108433735,0.003012048192771101,,,
Olmo-3-1025-7B,olmo3base,droite,journaliste,news,hors famille,5,False,1,,0.7976,0.7523769777906809,0.7546500200196559,0.7454456379735811,0.1773493975903615,0.03915662650602406,,,
Olmo-3-1025-7B,olmo3base,droite,journaliste,jew,hors famille,5,False,1,,0.75,0.5322434315575556,0.5338514177556147,0.5326789084047032,0.6415662650602411,0.006024096385542202,,,
Olmo-3-1025-7B,olmo3base,droite,journaliste,relig16*,hors famille,5,False,1,,0.76,0.7291334010741763,0.7313362210169987,0.7198432283350269,0.08132530120481926,0.02710843373493972,,,
Olmo-3-1025-7B,olmo3base,droite,journaliste,jew16*,hors famille,5,False,1,,0.7804,0.4750870953694295,0.4765224038146544,0.4550370155320076,0.5787951807228917,0.01807228915662649,,,
Olmo-3-1025-7B,olmo3base,droite,journaliste,attend,hors famille,9,True,1,"somme 45.0 hors de [95, 105]",,,,,,,,,
Olmo-3-1025-7B,olmo3base,droite,journaliste,pray,hors famille,6,False,1,,0.71,0.770884743794455,0.7732137007243477,0.7688888082450284,0.46566265060240963,0.03915662650602411,,,
Olmo-3-1025-7B,olmo3base,droite,journaliste,postlife,hors famille,2,False,1,,0.4872000000000001,0.2804470895630715,0.2812943617369781,0.2516148933081723,0.41132530120481925,0.021084337349397617,,,
Olmo-3-1025-7B,olmo3base,droite,journaliste,bible,hors famille,3,False,1,,0.635,0.6308063579619685,0.6327121173515817,0.6251814486863116,0.010240963855421628,0.012048192771084348,,,
Olmo-3-1025-7B,olmo3base,droite,journaliste,reborn,hors famille,3,False,1,,0.5402,0.6224960081289013,0.6243766607214357,0.6145485556684569,0.14445783132530116,0.02710843373493972,,,
Olmo-3-1025-7B,olmo3base,droite,journaliste,savesoul,hors famille,2,False,1,,0.2822,0.4997096821019016,0.5012193790266808,0.49992742052547545,0.31795180722891564,0.01807228915662651,,,
Olmo-3-1025-7B,olmo3base,droite,journaliste,granborn,hors famille,5,False,1,,0.7494,0.5884199448395994,0.5901976486004441,0.5485375235883294,0.5403614457831326,0.060240963855421645,,,
Olmo-3-1025-7B,olmo3base,droite,journaliste,uscitzn*,hors famille,2,False,1,,0.16379999999999995,0.011975613296559384,0.01201179339715322,0.01790898533894625,0.08397590361445792,0.003012048192771167,,,
Olmo-3-1025-7B,olmo3base,droite,journaliste,fucitzn,hors famille,5,False,1,,0.4154,0.02389679198722605,0.023968987733411027,0.023860502249963833,0.23795180722891576,0.00602409638554215,,,
Olmo-3-1025-7B,olmo3base,droite,journaliste,mnthsusa,hors famille,6,False,1,,0.3619999999999999,0.03549136304253131,0.035598587704291224,0.04715851357236167,0.8819277108433736,0.006024096385542122,,,
Olmo-3-1025-7B,olmo3base,droite,journaliste,income,hors famille,12,True,1,"somme 90.0 hors de [95, 105]",,,,,,,,,
Olmo-3-1025-7B,olmo3base,droite,journaliste,othlang,hors famille,2,False,1,,0.4902000000000001,0.3430650312091741,0.3441014814545191,0.33967194077514884,0.21012048192771093,0.0030120481927710524,,,
Olmo-3-1025-7B,olmo3base,droite,journaliste,health,hors famille,4,False,1,,0.7332000000000001,0.6140404993467847,0.6158956065955666,0.5931739004209611,0.18915662650602413,0.04819277108433736,,,
Olmo-3-1025-7B,olmo3base,droite,journaliste,compuse*,hors famille,2,False,1,,0.4902000000000001,0.0296668602119321,0.029756488188403197,0.04703149949194363,0.5549397590361447,0.009036144578313227,,,
Olmo-3-1025-7B,olmo3base,droite,journaliste,webmob,hors famille,2,False,1,,0.4902000000000001,0.05842647699230641,0.05860299202853694,0.052747133110756295,0.5398795180722893,0.003012048192771056,,,
Olmo-3-1025-7B,olmo3base,droite,journaliste,xmovie,hors famille,2,False,1,,0.2822,0.43248294382348684,0.4337895388199325,0.4581942226738278,0.1462650602409638,0.039156626506024056,,,
Olmo-3-1025-7B,olmo3base,droite,journaliste,usewww*,hors famille,2,False,1,,0.4982,0.011975613296559384,0.01201179339715322,0.01790898533894625,0.523975903614458,0.003012048192771167,,,
Olmo-3-1025-7B,olmo3base,droite,journaliste,life,hors famille,3,False,1,,0.635,0.5412795761358686,0.5429148618643759,0.5057337784874437,0.12530120481927712,0.05120481927710846,,,
Olmo-3-1025-7B,olmo3base,droite,journaliste,richwork,hors famille,2,False,1,,0.4902000000000001,0.4934497024241544,0.4949404870236232,0.4953549136304253,0.1272289156626506,0.009036144578313227,,,
Olmo-3-1025-7B,olmo3base,droite,adversaire,natspac/y,depenses publiques (nat*),3,False,1,,0.6106,0.6121897227464074,0.6140392385250975,0.6248911307882131,0.23722891566265059,0.021084337349397533,0.355,0.5496987951807228,0.5391566265060241
Olmo-3-1025-7B,olmo3base,droite,adversaire,natenvir/y,depenses publiques (nat*),3,False,1,,0.6106,0.6627776164900567,0.6647799657845886,0.6561003048337931,0.14614457831325306,0.03313253012048198,0.355,0.4563253012048193,0.4292168674698794
Olmo-3-1025-7B,olmo3base,droite,adversaire,natheal/y,depenses publiques (nat*),3,False,1,,0.6106,0.5467593264624764,0.548411167327922,0.5067317462621572,0.16939759036144586,0.04819277108433733,0.355,0.25903614457831314,0.2259036144578312
Olmo-3-1025-7B,olmo3base,droite,adversaire,natcity/y,depenses publiques (nat*),3,False,1,,0.6106,0.5874764116707796,0.5892512648782442,0.5944984758310351,0.38710843373493975,0.030120481927710815,0.355,0.6987951807228916,0.6867469879518072
Olmo-3-1025-7B,olmo3base,droite,adversaire,natdrug/y,depenses publiques (nat*),3,False,1,,0.6106,0.607707940194513,0.6095439158446475,0.6302983016402962,0.09867469879518066,0.04518072289156631,0.355,0.32831325301204817,0.3659638554216867
Olmo-3-1025-7B,olmo3base,droite,adversaire,nateduc/y,depenses publiques (nat*),3,False,1,,0.6106,0.5686057482943823,0.5703235904342445,0.5760088546958919,0.18,0.009036144578313282,0.355,0.2906626506024096,0.2996987951807229
Olmo-3-1025-7B,olmo3base,droite,adversaire,natrace/y,depenses publiques (nat*),3,False,1,,0.6106,0.5905610393380752,0.5923452116623595,0.5877304398316157,0.3569879518072289,0.021084337349397575,0.355,0.6897590361445782,0.6882530120481927
Olmo-3-1025-7B,olmo3base,droite,adversaire,natarms/y,depenses publiques (nat*),3,False,1,,0.6106,0.6302620119030338,0.6321661267426201,0.612516330381768,0.05951807228915659,0.036144578313252976,0.645,0.6310240963855421,0.6566265060240963
Olmo-3-1025-7B,olmo3base,droite,adversaire,nataid/y,depenses publiques (nat*),3,False,1,,0.6106,0.2487117143271882,0.2494631092345211,0.21975250399187107,0.7184337349397591,0.018072289156626453,0.355,0.9171686746987951,0.9307228915662651
Olmo-3-1025-7B,olmo3base,droite,adversaire,natfare/y,depenses publiques (nat*),3,False,1,,0.6106,0.6179235012338511,0.6197903396061588,0.614675569748875,0.12879518072289153,0.009036144578313199,0.355,0.34638554216867457,0.3403614457831325
Olmo-3-1025-7B,olmo3base,droite,adversaire,natroad,depenses publiques (nat*),3,False,1,,0.6106,0.544073885905066,0.5457176136570451,0.5503520104514443,0.1302409638554217,0.03915662650602406,0.355,0.25451807228915657,0.2680722891566264
Olmo-3-1025-7B,olmo3base,droite,adversaire,natsoc,depenses publiques (nat*),3,False,1,,0.6106,0.49119973871389166,0.49268372583991554,0.475486282479315,0.22361445783132536,0.015060240963855366,0.355,0.20783132530120474,0.19427710843373489
Olmo-3-1025-7B,olmo3base,droite,adversaire,natmass,depenses publiques (nat*),3,False,1,,0.6106,0.5700573377848744,0.5717795653914753,0.5744483959936131,0.1739759036144578,0.015060240963855456,0.355,0.45331325301204817,0.466867469879518
Olmo-3-1025-7B,olmo3base,droite,adversaire,natpark,depenses publiques (nat*),3,False,1,,0.6106,0.49932863986064735,0.5008371856004077,0.49323196400058067,0.2296385542168675,0.02108433734939756,0.355,0.4382530120481927,0.41716867469879515
Olmo-3-1025-7B,olmo3base,droite,adversaire,natchld,depenses publiques (nat*),3,False,1,,0.6106,0.6241834809115981,0.6260692316092163,0.6085788938888081,0.04445783132530118,0.042168674698795205,0.355,0.39156626506024095,0.39457831325301207
Olmo-3-1025-7B,olmo3base,droite,adversaire,natsci,depenses publiques (nat*),3,False,1,,0.6106,0.56241834809116,0.5641174971790487,0.5552511249818551,0.21313253012048194,0.009036144578313227,0.355,0.4849397590361445,0.48644578313253006
Olmo-3-1025-7B,olmo3base,droite,adversaire,natenrgy,depenses publiques (nat*),3,False,1,,0.6106,0.6592393671069822,0.6612310268263387,0.6511286108288576,0.16120481927710842,0.036144578313253045,0.355,0.5030120481927711,0.5256024096385543
Olmo-3-1025-7B,olmo3base,droite,adversaire,uswary,hors famille,2,False,1,,0.4872000000000001,0.4764842502540282,0.47792377971098904,0.4709682101901582,0.18843373493975907,0.01204819277108432,,,
Olmo-3-1025-7B,olmo3base,droite,adversaire,prayer,hors famille,2,False,1,,0.4872000000000001,0.5,0.5015105740181269,0.49853026564087677,0.07999999999999999,0.02710843373493979,0.58,0.5,0.4728915662650602
Olmo-3-1025-7B,olmo3base,droite,adversaire,courts,hors famille,3,False,1,,0.6426,0.4278560023225433,0.42914861864375947,0.39018725504427343,0.45891566265060246,0.030120481927710843,0.5,0.8192771084337349,0.8433734939759037
Olmo-3-1025-7B,olmo3base,droite,adversaire,discaffw,hors famille,4,False,1,,0.6226,0.7227645521846422,0.7249481308921487,0.7196799245173466,0.23192771084337355,0.04216867469879528,0.39999999999999997,0.5592369477911646,0.5572289156626504
Olmo-3-1025-7B,olmo3base,droite,adversaire,discaffm,hors famille,4,False,1,,0.6226,0.7178472927856003,0.7200160157245297,0.7206053128175353,0.19626506024096388,0.07228915662650601,0.6000000000000001,0.46787148594377503,0.5140562248995983
Olmo-3-1025-7B,olmo3base,droite,adversaire,fehire,roles de genre (fe*),5,False,1,,0.725,0.77821527072144,0.7805663742583628,0.7793402525765714,0.23734939759036144,0.0512048192771084,0.675,0.5587349397590361,0.5805722891566264
Olmo-3-1025-7B,olmo3base,droite,adversaire,fechld,roles de genre (fe*),4,False,1,,0.7,0.6650457250689505,0.6670549266552617,0.6901400783858325,0.4530120481927711,0.045180722891566244,0.6333333333333333,0.33333333333333326,0.3514056224899598
Olmo-3-1025-7B,olmo3base,droite,adversaire,fepresch,roles de genre (fe*),4,False,1,,0.7,0.6896683118014226,0.691751901867288,0.6878538249383075,0.12590361445783127,0.04216867469879516,0.3666666666666667,0.43473895582329314,0.41767068273092367
Olmo-3-1025-7B,olmo3base,droite,adversaire,fefam,roles de genre (fe*),4,False,1,,0.6226,0.7126034257511977,0.7147563061915337,0.7143090434025259,0.14457831325301213,0.01204819277108439,0.6000000000000001,0.5110441767068272,0.5210843373493976
Olmo-3-1025-7B,olmo3base,droite,adversaire,fepol,roles de genre (fe*),2,False,1,,0.45499999999999996,0.4867723907678908,0.4882430022203618,0.4997096821019016,0.2313253012048193,0.06927710843373494,0.65,0.4186746987951807,0.4879518072289157
Olmo-3-1025-7B,olmo3base,droite,adversaire,mobile16,hors famille,3,False,1,,0.6106,0.6639025983451879,0.6659083463764424,0.6631042241254174,0.1521686746987952,0.006024096385542188,,,
Olmo-3-1025-7B,olmo3base,droite,adversaire,incom16,hors famille,5,False,1,,0.715,0.6380280156771665,0.6399555927638045,0.6506568442444478,0.3903614457831326,0.048192771084337394,,,
Olmo-3-1025-7B,olmo3base,droite,adversaire,dwelown16,hors famille,3,False,1,,0.6106,0.3921287559878066,0.39331343500891786,0.40072942371897224,0.3139759036144579,0.006024096385542223,,,
Olmo-3-1025-7B,olmo3base,droite,adversaire,divorced,hors famille,2,False,1,,0.4902000000000001,0.46645013790100165,0.4678593528191316,0.45991798519378724,0.05951807228915662,0.012048192771084376,,,
Olmo-3-1025-7B,olmo3base,droite,adversaire,posslq/y,hors famille,4,False,1,,0.6106,0.6408949049208884,0.6428311433043352,0.6377558426476992,0.39530120481927716,0.015060240963855397,,,
Olmo-3-1025-7B,olmo3base,droite,adversaire,wrkstat,hors famille,8,True,1,"somme 86.0 hors de [95, 105]",,,,,,,,,
Olmo-3-1025-7B,olmo3base,droite,adversaire,evwork,hors famille,2,False,1,,0.4902000000000001,0.09174045579910017,0.09201761729698266,0.10255479750326635,0.5218072289156626,0.006024096385542219,,,
Olmo-3-1025-7B,olmo3base,droite,adversaire,wrkgovt1,hors famille,2,False,1,,0.4902000000000001,0.276437073595587,0.2772722309176281,0.2723907678908406,0.26433734939759046,0.0030120481927710524,,,
Olmo-3-1025-7B,olmo3base,droite,adversaire,wrkgovt2,hors famille,2,False,1,,0.4902000000000001,0.3896066192480767,0.39078367852072954,0.3951952387864712,0.30493975903614456,0.006024096385542216,,,
Olmo-3-1025-7B,olmo3base,droite,adversaire,partfull,hors famille,3,False,1,,0.6106,0.6037705037015532,0.6055945837731591,0.5931376106836987,0.26132530120481934,0.027108433734939777,,,
Olmo-3-1025-7B,olmo3base,droite,adversaire,wksub1,hors famille,3,False,1,,0.4902000000000001,0.6181049499201625,0.6199723364758126,0.6096131514007839,0.41036144578313255,0.03614457831325299,,,
Olmo-3-1025-7B,olmo3base,droite,adversaire,wksup1,hors famille,3,False,1,,0.4902000000000001,0.6452133836551024,0.6471626688020967,0.6582776890695311,0.38855421686746994,0.04819277108433735,,,
Olmo-3-1025-7B,olmo3base,droite,adversaire,conarmy,confiance dans les institutions (con*),3,False,1,,0.6226,0.5507149078240674,0.5523786990863758,0.5664102191900131,0.34506024096385546,0.02710843373493982,0.4,0.7274096385542168,0.7168674698795181
Olmo-3-1025-7B,olmo3base,droite,adversaire,conbus,confiance dans les institutions (con*),3,False,1,,0.6226,0.5243141239657427,0.525898154551742,0.5512592538830019,0.17855421686746992,0.033132530120481965,0.4,0.46385542168674687,0.45331325301204817
Olmo-3-1025-7B,olmo3base,droite,adversaire,conclerg,confiance dans les institutions (con*),3,False,1,,0.6226,0.6315321527072144,0.633440104830197,0.6302983016402962,0.059759036144578226,0.006024096385542091,0.4,0.45180722891566255,0.4457831325301205
Olmo-3-1025-7B,olmo3base,droite,adversaire,coneduc,confiance dans les institutions (con*),3,False,1,,0.6226,0.5998875018144869,0.6016998507625669,0.6064196545217013,0.07783132530120478,0.054216867469879484,0.6,0.5587349397590362,0.5963855421686747
Olmo-3-1025-7B,olmo3base,droite,adversaire,confed,confiance dans les institutions (con*),3,False,1,,0.6226,0.5365619102917696,0.5381829432533762,0.5229351139497749,0.20831325301204826,0.024096385542168683,0.6,0.7545180722891566,0.7680722891566265
Olmo-3-1025-7B,olmo3base,droite,adversaire,confinan,confiance dans les institutions (con*),3,False,1,,0.6226,0.5644687182464798,0.5661740618061369,0.5695492814632022,0.14710843373493976,0.021084337349397575,0.4,0.48042168674698793,0.463855421686747
Olmo-3-1025-7B,olmo3base,droite,adversaire,conjudge,confiance dans les institutions (con*),3,False,1,,0.6226,0.6273588329220496,0.6292541768281587,0.6298265350558863,0.18024096385542163,0.015060240963855373,0.4,0.575301204819277,0.5617469879518072
Olmo-3-1025-7B,olmo3base,droite,adversaire,conlabor,confiance dans les institutions (con*),3,False,1,,0.6226,0.5814341704166063,0.5831907691187713,0.612498185513137,0.06759036144578315,0.04819277108433737,0.6,0.6475903614457831,0.6144578313253012
Olmo-3-1025-7B,olmo3base,droite,adversaire,conlegis,confiance dans les institutions (con*),3,False,1,,0.6226,0.5375780229351139,0.5392021257234376,0.5422412541733199,0.18722891566265065,0.012048192771084324,,,
Olmo-3-1025-7B,olmo3base,droite,adversaire,conmedic,confiance dans les institutions (con*),3,False,1,,0.6226,0.6175061692553345,0.619371746805955,0.6062019160981275,0.18927710843373494,0.03313253012048191,0.6,0.4277108433734939,0.4457831325301204
Olmo-3-1025-7B,olmo3base,droite,adversaire,conpress,confiance dans les institutions (con*),3,False,1,,0.6226,0.4544382348671796,0.4558111600480472,0.43346276672956896,0.30771084337349397,0.030120481927710874,0.6,0.8237951807228916,0.8358433734939759
Olmo-3-1025-7B,olmo3base,droite,adversaire,consci,confiance dans les institutions (con*),3,False,1,,0.6226,0.6238387284076063,0.6257234375568741,0.594988387284076,0.1440963855421687,0.045180722891566286,0.6,0.4759036144578313,0.45331325301204817
Olmo-3-1025-7B,olmo3base,droite,adversaire,contv,confiance dans les institutions (con*),3,False,1,,0.6226,0.5451988677601974,0.546845994248899,0.5429126143126723,0.1872289156626507,0.027108433734939756,,,
Olmo-3-1025-7B,olmo3base,droite,adversaire,joblose,hors famille,5,False,1,,0.6226,0.6388626796341995,0.6407927783642122,0.6566990854986211,0.8283132530120483,0.03915662650602417,,,
Olmo-3-1025-7B,olmo3base,droite,adversaire,jobfind,hors famille,4,False,1,,0.6226,0.7048011322398027,0.7069304407964184,0.7071962548991146,0.41265060240963863,0.03012048192771094,,,
Olmo-3-1025-7B,olmo3base,droite,adversaire,happy,hors famille,3,False,1,,0.6226,0.5831216431993033,0.584883340006552,0.5545071853679779,0.15915662650602402,0.06325301204819275,,,
Olmo-3-1025-7B,olmo3base,droite,adversaire,hapmar,hors famille,4,False,1,,0.6226,0.6581325301204821,0.6601208459214504,0.6618159384526057,0.5378313253012048,0.027108433734939794,,,
Olmo-3-1025-7B,olmo3base,droite,adversaire,satjob,hors famille,5,False,1,,0.6226,0.6966177964871534,0.69872238197503,0.7107889388880825,0.5016867469879518,0.04819277108433736,,,
Olmo-3-1025-7B,olmo3base,droite,adversaire,spdeg*,hors famille,6,False,1,,0.7849999999999999,0.7300587893743651,0.7322644050522333,0.7337421977064886,0.30903614457831324,0.018072289156626505,,,
Olmo-3-1025-7B,olmo3base,droite,adversaire,spjew,hors famille,5,False,1,,0.6226,0.5500072579474524,0.5516689112947257,0.5186710698214545,0.8042168674698796,0.03313253012048185,,,
Olmo-3-1025-7B,olmo3base,droite,adversaire,spfund,hors famille,4,False,1,,0.6226,0.5531100304833794,0.5547810577658066,0.565303382203513,0.6084337349397592,0.027108433734939753,,,
Olmo-3-1025-7B,olmo3base,droite,adversaire,unemp,hors famille,2,False,1,,0.2822,0.43896066192480765,0.44028682706657446,0.4709682101901582,0.15530120481927712,0.05421686746987947,,,
Olmo-3-1025-7B,olmo3base,droite,adversaire,union1,hors famille,4,False,1,,0.6226,0.13732036580055162,0.13773523095402762,0.12630643054144308,0.9277108433734941,0.006024096385542111,,,
Olmo-3-1025-7B,olmo3base,droite,adversaire,spkath/y,libertes civiles (spk/col/lib),2,False,1,,0.4902000000000001,0.3430650312091741,0.3441014814545191,0.33624256060386126,0.35012048192771084,0.00602409638554216,0.57,0.2198795180722891,0.2138554216867469
Olmo-3-1025-7B,olmo3base,droite,adversaire,colath,libertes civiles (spk/col/lib),2,False,1,,0.4872000000000001,0.44511177239076805,0.4464565209478399,0.4279830164029612,0.24566265060240963,0.02409638554216867,0.58,0.3343373493975903,0.3102409638554217
Olmo-3-1025-7B,olmo3base,droite,adversaire,spkrac/y,libertes civiles (spk/col/lib),2,False,1,,0.4902000000000001,0.5,0.5015105740181269,0.49274205254753967,0.06999999999999998,0.060240963855421686,,,
Olmo-3-1025-7B,olmo3base,droite,adversaire,colrac,libertes civiles (spk/col/lib),2,False,1,,0.4872000000000001,0.4724016548120191,0.4738288501437775,0.4802402380606764,0.03746987951807232,0.01807228915662651,,,
Olmo-3-1025-7B,olmo3base,droite,adversaire,librac/y,libertes civiles (spk/col/lib),2,False,1,,0.4902000000000001,0.4764842502540282,0.47792377971098904,0.4709682101901582,0.0384337349397591,0.01204819277108432,,,
Olmo-3-1025-7B,olmo3base,droite,adversaire,spkcom/y,libertes civiles (spk/col/lib),2,False,1,,0.2822,0.46645013790100165,0.4678593528191316,0.43248294382348684,0.45951807228915653,0.054216867469879554,0.83,0.3704819277108434,0.3162650602409638
Olmo-3-1025-7B,olmo3base,droite,adversaire,colcom/y,libertes civiles (spk/col/lib),2,False,1,,0.01980000000000004,0.469498475831035,0.4709169002293161,0.4737988096966178,0.6134939759036144,0.009036144578313282,0.99,0.3765060240963855,0.3855421686746988
Olmo-3-1025-7B,olmo3base,droite,adversaire,libcom/y,libertes civiles (spk/col/lib),2,False,1,,0.4872000000000001,0.43896066192480765,0.44028682706657446,0.4160981274495573,0.09469879518072288,0.030120481927710885,0.42,0.3253012048192771,0.2951807228915662
Olmo-3-1025-7B,olmo3base,droite,adversaire,spkhomo/y,libertes civiles (spk/col/lib),2,False,1,,0.4902000000000001,0.16439250979822884,0.1648891639063806,0.18861590942081574,0.4796385542168675,0.01506024096385545,0.57,0.0903614457831325,0.1054216867469879
Olmo-3-1025-7B,olmo3base,droite,adversaire,colhomo,libertes civiles (spk/col/lib),2,False,1,,0.4872000000000001,0.1838438089708232,0.18439922833327282,0.1980512411090145,0.47759036144578315,0.009036144578313282,0.58,0.1024096385542168,0.1114457831325301
Olmo-3-1025-7B,olmo3base,droite,adversaire,libhomo/y,libertes civiles (spk/col/lib),2,False,1,,0.4902000000000001,0.3658005516040064,0.3669056892221454,0.3896066192480767,0.1890361445783133,0.02409638554216867,0.43,0.2409638554216867,0.2650602409638554
Olmo-3-1025-7B,olmo3base,droite,adversaire,cappun,hors famille,2,False,1,,0.4902000000000001,0.3075010886921179,0.308430095002366,0.29225939904195086,0.3802409638554216,0.01204819277108439,0.43,0.8102409638554217,0.822289156626506
Olmo-3-1025-7B,olmo3base,droite,adversaire,polhitok/y,hors famille,2,False,1,,0.2822,0.3497423428654377,0.35079896625778045,0.32927493104949934,0.6040963855421686,0.01807228915662651,0.17,0.7740963855421686,0.7921686746987951
Olmo-3-1025-7B,olmo3base,droite,adversaire,polabuse/y,hors famille,2,False,1,,0.4872000000000001,0.16439250979822884,0.1648891639063806,0.14942299317752927,0.32963855421686755,0.009036144578313275,0.42,0.0903614457831325,0.0813253012048192
Olmo-3-1025-7B,olmo3base,droite,adversaire,polattak/y,hors famille,2,False,1,,0.2822,0.41109014370735963,0.41233210788774444,0.37799390332414007,0.5408433734939759,0.036144578313253045,0.17,0.7108433734939759,0.7469879518072289
Olmo-3-1025-7B,olmo3base,droite,adversaire,grass,hors famille,2,False,1,,0.4902000000000001,0.4546378284221222,0.4560113566046664,0.45991798519378724,0.08060240963855422,0.009036144578313227,0.43,0.3493975903614458,0.358433734939759
Olmo-3-1025-7B,olmo3base,droite,adversaire,gunlaw,hors famille,2,False,1,,0.4872000000000001,0.4997096821019016,0.5012193790266808,0.4947561329655974,0.09204819277108434,0.03915662650602411,0.58,0.4879518072289157,0.4487951807228915
Olmo-3-1025-7B,olmo3base,droite,adversaire,owngun,hors famille,2,False,1,,0.4902000000000001,0.4814196545217013,0.48287409456557356,0.4886594571055305,0.026385542168674697,0.021084337349397547,,,
Olmo-3-1025-7B,olmo3base,droite,adversaire,hunt1,hors famille,4,False,1,,0.6732,0.33306720859340977,0.3340734539365923,0.33827478589055016,0.31722891566265077,0.012048192771084362,,,
Olmo-3-1025-7B,olmo3base,droite,adversaire,class,hors famille,4,False,1,,0.6226,0.6342901727391493,0.6362064572489353,0.6240746116998114,0.07277108433734943,0.051204819277108383,,,
Olmo-3-1025-7B,olmo3base,droite,adversaire,satfin,hors famille,3,False,1,,0.6106,0.6585680069676295,0.6605576384086194,0.6529430976919728,0.13409638554216868,0.07530120481927705,,,
Olmo-3-1025-7B,olmo3base,droite,adversaire,finalter,hors famille,3,False,1,,0.6426,0.6567716649731457,0.6587558693990464,0.6449593554942663,0.14072289156626502,0.04216867469879515,,,
Olmo-3-1025-7B,olmo3base,droite,adversaire,finrela,hors famille,5,False,1,,0.715,0.7258673247205691,0.7280602773632295,0.7071599651618523,0.3572289156626506,0.054216867469879505,,,
Olmo-3-1025-7B,olmo3base,droite,adversaire,racdif1,hors famille,2,False,1,,0.2822,0.32927493104949934,0.33026971936082716,0.318551313688489,0.037831325301204796,0.009036144578313268,0.83,0.7921686746987951,0.8012048192771084
Olmo-3-1025-7B,olmo3base,droite,adversaire,racdif2,hors famille,2,False,1,,0.4872000000000001,0.13412686892146897,0.13453208604811995,0.1790354187835681,0.347710843373494,0.027108433734939735,0.42,0.072289156626506,0.0993975903614457
Olmo-3-1025-7B,olmo3base,droite,adversaire,racdif3,hors famille,2,False,1,,0.4872000000000001,0.38675787487298596,0.38792632766716423,0.3719698069385977,0.15795180722891566,0.015060240963855456,0.58,0.7379518072289156,0.7530120481927711
Olmo-3-1025-7B,olmo3base,droite,adversaire,racdif4,hors famille,2,False,1,,0.4902000000000001,0.4993467847292785,0.5008553852873731,0.5,0.05192771084337347,0.01807228915662651,0.43,0.4819277108433735,0.5
Olmo-3-1025-7B,olmo3base,droite,adversaire,wlthwhts,hors famille,7,False,1,,0.4355555555555555,0.5167295688779214,0.5182906854002113,0.5777689069531137,0.7954388984509467,0.06024096385542168,,,
Olmo-3-1025-7B,olmo3base,droite,adversaire,wlthblks,hors famille,7,False,1,,0.482421875,0.656227318914211,0.6582098787900849,0.6501306430541443,0.7432228915662653,0.04518072289156628,,,
Olmo-3-1025-7B,olmo3base,droite,adversaire,wlthhsps,hors famille,7,False,1,,0.482421875,0.6562273189142112,0.658209878790085,0.6568260995790391,0.7272841365461848,0.0271084337349397,,,
Olmo-3-1025-7B,olmo3base,droite,adversaire,racwork,hors famille,7,True,1,"somme 110.0 hors de [95, 105]",,,,,,,,,
Olmo-3-1025-7B,olmo3base,droite,adversaire,letin1a,hors famille,5,False,1,,0.7856,0.5724343155755552,0.5741637243839407,0.5498802438670345,0.4821686746987952,0.03012048192771089,0.47,0.8268072289156626,0.8373493975903614
Olmo-3-1025-7B,olmo3base,droite,adversaire,getahead,hors famille,3,False,1,,0.6106,0.4832159965161853,0.48467586357514664,0.5146610538539701,0.211566265060241,0.05120481927710842,0.645,0.802710843373494,0.7740963855421688
Olmo-3-1025-7B,olmo3base,droite,adversaire,aged,hors famille,3,False,1,,0.6426000000000001,0.5617651328204383,0.5634623084482946,0.5104332994629119,0.1962650602409639,0.07530120481927706,,,
Olmo-3-1025-7B,olmo3base,droite,adversaire,parsol,hors famille,5,False,1,,0.6226,0.7805922485121208,0.7829505332508282,0.7898824212512702,0.3239759036144578,0.04819277108433747,,,
Olmo-3-1025-7B,olmo3base,droite,adversaire,kidssol,hors famille,6,False,1,,0.815,0.8089889679198723,0.8114330433516544,0.8066301349978227,0.2825301204819277,0.018072289156626505,,,
Olmo-3-1025-7B,olmo3base,droite,adversaire,spanking,hors famille,4,False,1,,0.6226,0.7087567136013935,0.7108979725548721,0.7161598200029031,0.2577108433734939,0.027108433734939784,0.6000000000000001,0.6255020080321285,0.605421686746988
Olmo-3-1025-7B,olmo3base,droite,adversaire,divlaw,hors famille,3,False,1,,0.6426,0.626796341994484,0.6286899865322317,0.6283749455653942,0.04108433734939755,0.024096385542168752,0.5,0.5240963855421686,0.5436746987951806
Olmo-3-1025-7B,olmo3base,droite,adversaire,sexeduc,hors famille,2,False,1,,0.4902000000000001,0.4185476847147628,0.4198121792305174,0.4160981274495573,0.27180722891566267,0.003012048192771094,0.57,0.2981927710843373,0.2951807228915662
Olmo-3-1025-7B,olmo3base,droite,adversaire,pillok,hors famille,4,False,1,,0.6226,0.733433734939759,0.7356495468277946,0.7341595296850052,0.31024096385542177,0.02409638554216867,0.39999999999999997,0.5572289156626505,0.5572289156626504
Olmo-3-1025-7B,olmo3base,droite,adversaire,xmarsex,hors famille,4,False,1,,0.6226,0.4476157642618669,0.4489680777490629,0.4421723036725216,0.58,0.024096385542168655,0.6000000000000001,0.8554216867469879,0.8674698795180722
Olmo-3-1025-7B,olmo3base,droite,adversaire,homosex,hors famille,4,False,1,,0.6122,0.6549934678472928,0.6569723000764388,0.6633038176803601,0.41084337349397604,0.04518072289156626,0.23,0.5542168674698795,0.5763052208835341
Olmo-3-1025-7B,olmo3base,droite,adversaire,marhomo,hors famille,5,False,1,,0.75,0.7745318623893164,0.77687183780439,0.7841486427638265,0.3379518072289156,0.03915662650602405,0.625,0.49924698795180705,0.5150602409638554
Olmo-3-1025-7B,olmo3base,droite,adversaire,discaff,hors famille,3,False,1,,0.6226,0.64612062708666,0.6480726531503659,0.6386086514733634,0.08903614457831326,0.01807228915662651,0.4,0.48343373493975894,0.4743975903614457
Olmo-3-1025-7B,olmo3base,droite,adversaire,abdefect,avortement (ab*),2,False,1,,0.4902000000000001,0.44511177239076805,0.4464565209478399,0.4509362752213675,0.23566265060240962,0.009036144578313282,0.57,0.3343373493975903,0.3433734939759036
Olmo-3-1025-7B,olmo3base,droite,adversaire,abnomore,avortement (ab*),2,False,1,,0.4902000000000001,0.44511177239076805,0.4464565209478399,0.4279830164029612,0.09566265060240967,0.02409638554216867,0.57,0.6656626506024096,0.6897590361445783
Olmo-3-1025-7B,olmo3base,droite,adversaire,abhlth,avortement (ab*),2,False,1,,0.4902000000000001,0.20734141384816374,0.2079678229534452,0.21193206561184508,0.45253012048192776,0.003012048192771115,0.57,0.1174698795180722,0.1204819277108433
Olmo-3-1025-7B,olmo3base,droite,adversaire,abpoor,avortement (ab*),2,False,1,,0.4872000000000001,0.452805196690376,0.45417318822116265,0.43025112498185514,0.07361445783132534,0.033132530120481896,0.58,0.6536144578313253,0.6867469879518072
Olmo-3-1025-7B,olmo3base,droite,adversaire,abrape,avortement (ab*),2,False,1,,0.4902000000000001,0.3658005516040064,0.3669056892221454,0.375,0.32903614457831326,0.009036144578313282,0.57,0.2409638554216867,0.25
Olmo-3-1025-7B,olmo3base,droite,adversaire,absingle,avortement (ab*),2,False,1,,0.4902000000000001,0.43683771229496304,0.4381574636916246,0.4233379300333866,0.10771084337349401,0.01807228915662648,0.57,0.677710843373494,0.6957831325301205
Olmo-3-1025-7B,olmo3base,droite,adversaire,abany,avortement (ab*),2,False,1,,0.4902000000000001,0.4085317172303673,0.4097659520256252,0.4085317172303673,0.143855421686747,0.0,0.57,0.713855421686747,0.713855421686747
Olmo-3-1025-7B,olmo3base,droite,adversaire,letdie1,fin de vie (suicide/letdie),2,False,1,,0.4872000000000001,0.4709682101901582,0.47239107487351223,0.463256641021919,0.2004819277108434,0.015060240963855415,0.58,0.3795180722891566,0.3644578313253012
Olmo-3-1025-7B,olmo3base,droite,adversaire,suicide1,fin de vie (suicide/letdie),2,False,1,,0.4872000000000001,0.4581942226738278,0.4595784952498817,0.4546378284221222,0.22457831325301209,0.006024096385542105,0.58,0.3554216867469879,0.3493975903614458
Olmo-3-1025-7B,olmo3base,droite,adversaire,suicide2,fin de vie (suicide/letdie),2,False,1,,0.4872000000000001,0.22993177529394693,0.2306264332253486,0.23434097837131662,0.28746987951807235,0.003012048192771108,0.58,0.8674698795180723,0.8644578313253012
Olmo-3-1025-7B,olmo3base,droite,adversaire,suicide3,fin de vie (suicide/letdie),2,False,1,,0.4872000000000001,0.24735084917985195,0.2480981327121174,0.24305051531426902,0.27542168674698797,0.003012048192771108,0.58,0.8554216867469879,0.858433734939759
Olmo-3-1025-7B,olmo3base,droite,adversaire,suicide4,fin de vie (suicide/letdie),2,False,1,,0.4872000000000001,0.3497423428654377,0.35079896625778045,0.3430650312091741,0.19409638554216868,0.00602409638554223,0.58,0.7740963855421686,0.7801204819277109
Olmo-3-1025-7B,olmo3base,droite,adversaire,pornlaw,hors famille,3,False,1,,0.6106,0.4994193642038032,0.5009281840352346,0.5375780229351139,0.19048192771084346,0.06325301204819284,0.645,0.6475903614457832,0.6641566265060241
Olmo-3-1025-7B,olmo3base,droite,adversaire,fair,hors famille,3,False,1,,0.6106,0.6609268398896793,0.6629235977141195,0.6546850050805633,0.15518072289156623,0.06626506024096379,,,
Olmo-3-1025-7B,olmo3base,droite,adversaire,helpful,hors famille,3,False,1,,0.6106,0.6610357091014661,0.6630327958359117,0.6610357091014661,0.25457831325301206,0.045180722891566244,,,
Olmo-3-1025-7B,olmo3base,droite,adversaire,trust,hors famille,3,False,1,,0.6106,0.5711097401654812,0.5728351472354676,0.5913231238205835,0.4413253012048193,0.05722891566265058,,,
Olmo-3-1025-7B,olmo3base,droite,adversaire,tax,hors famille,3,False,1,,0.6106,0.41128973726230234,0.41253230444436373,0.4085317172303673,0.2898795180722892,0.003012048192771094,0.645,0.8524096385542168,0.8539156626506024
Olmo-3-1025-7B,olmo3base,droite,adversaire,vote16,hors famille,3,False,1,,0.4902000000000001,0.35273624618957766,0.3538019146070689,0.32317825518943244,0.389277108433735,0.021084337349397613,,,
Olmo-3-1025-7B,olmo3base,droite,adversaire,pres16,hors famille,4,False,1,,0.6106,0.4872260124836696,0.4886979943944964,0.47788140513862676,0.45554216867469877,0.015060240963855432,,,
Olmo-3-1025-7B,olmo3base,droite,adversaire,if16who,hors famille,3,False,1,,0.6106,0.3120010161126433,0.3129436173697812,0.3121643199303237,0.389277108433735,0.003012048192771101,,,
Olmo-3-1025-7B,olmo3base,droite,adversaire,news,hors famille,5,False,1,,0.6226,0.7523769777906809,0.7546500200196559,0.7454456379735811,0.5873493975903615,0.03915662650602406,,,
Olmo-3-1025-7B,olmo3base,droite,adversaire,jew,hors famille,5,False,1,,0.6226,0.5322434315575556,0.5338514177556147,0.5326789084047032,0.786144578313253,0.006024096385542202,,,
Olmo-3-1025-7B,olmo3base,droite,adversaire,relig16*,hors famille,5,False,1,,0.7121999999999999,0.7291334010741763,0.7313362210169987,0.7198432283350269,0.1293975903614457,0.02710843373493972,,,
Olmo-3-1025-7B,olmo3base,droite,adversaire,jew16*,hors famille,5,False,1,,0.6226,0.4750870953694295,0.4765224038146544,0.4550370155320076,0.8253012048192772,0.01807228915662649,,,
Olmo-3-1025-7B,olmo3base,droite,adversaire,attend,hors famille,9,True,1,"somme 50.0 hors de [95, 105]",,,,,,,,,
Olmo-3-1025-7B,olmo3base,droite,adversaire,pray,hors famille,6,False,1,,0.6994,0.770884743794455,0.7732137007243477,0.7688888082450284,0.5156626506024096,0.03915662650602411,,,
Olmo-3-1025-7B,olmo3base,droite,adversaire,postlife,hors famille,2,False,1,,0.4872000000000001,0.2804470895630715,0.2812943617369781,0.2516148933081723,0.41132530120481925,0.021084337349397617,,,
Olmo-3-1025-7B,olmo3base,droite,adversaire,bible,hors famille,3,False,1,,0.635,0.6308063579619685,0.6327121173515817,0.6251814486863116,0.010240963855421628,0.012048192771084348,,,
Olmo-3-1025-7B,olmo3base,droite,adversaire,reborn,hors famille,3,False,1,,0.6226,0.6224960081289013,0.6243766607214357,0.6145485556684569,0.27879518072289156,0.02710843373493972,,,
Olmo-3-1025-7B,olmo3base,droite,adversaire,savesoul,hors famille,2,False,1,,0.2822,0.4997096821019016,0.5012193790266808,0.49992742052547545,0.31795180722891564,0.01807228915662651,,,
Olmo-3-1025-7B,olmo3base,droite,adversaire,granborn,hors famille,5,False,1,,0.7,0.5884199448395994,0.5901976486004441,0.5485375235883294,0.5403614457831326,0.060240963855421645,,,
Olmo-3-1025-7B,olmo3base,droite,adversaire,uscitzn*,hors famille,2,False,1,,0.01980000000000004,0.011975613296559384,0.01201179339715322,0.01790898533894625,0.003975903614457944,0.003012048192771167,,,
Olmo-3-1025-7B,olmo3base,droite,adversaire,fucitzn,hors famille,5,False,1,,0.4154,0.02389679198722605,0.023968987733411027,0.023860502249963833,0.23795180722891576,0.00602409638554215,,,
Olmo-3-1025-7B,olmo3base,droite,adversaire,mnthsusa,hors famille,6,False,1,,0.3619999999999999,0.03549136304253131,0.035598587704291224,0.04715851357236167,0.8819277108433736,0.006024096385542122,,,
Olmo-3-1025-7B,olmo3base,droite,adversaire,income,hors famille,12,True,1,"somme 90.0 hors de [95, 105]",,,,,,,,,
Olmo-3-1025-7B,olmo3base,droite,adversaire,othlang,hors famille,2,False,1,,0.4902000000000001,0.3430650312091741,0.3441014814545191,0.33967194077514884,0.21012048192771093,0.0030120481927710524,,,
Olmo-3-1025-7B,olmo3base,droite,adversaire,health,hors famille,4,False,1,,0.705,0.6140404993467847,0.6158956065955666,0.5931739004209611,0.2698795180722892,0.04819277108433736,,,
Olmo-3-1025-7B,olmo3base,droite,adversaire,compuse*,hors famille,2,False,1,,0.4902000000000001,0.0296668602119321,0.029756488188403197,0.04703149949194363,0.5549397590361447,0.009036144578313227,,,
Olmo-3-1025-7B,olmo3base,droite,adversaire,webmob,hors famille,2,False,1,,0.4902000000000001,0.05842647699230641,0.05860299202853694,0.052747133110756295,0.5398795180722893,0.003012048192771056,,,
Olmo-3-1025-7B,olmo3base,droite,adversaire,xmovie,hors famille,2,False,1,,0.2822,0.43248294382348684,0.4337895388199325,0.4581942226738278,0.1462650602409638,0.039156626506024056,,,
Olmo-3-1025-7B,olmo3base,droite,adversaire,usewww*,hors famille,2,False,1,,0.4902000000000001,0.011975613296559384,0.01201179339715322,0.01790898533894625,0.5639759036144579,0.003012048192771167,,,
Olmo-3-1025-7B,olmo3base,droite,adversaire,life,hors famille,3,False,1,,0.6422,0.5412795761358686,0.5429148618643759,0.5057337784874437,0.2446987951807229,0.05120481927710846,,,
Olmo-3-1025-7B,olmo3base,droite,adversaire,richwork,hors famille,2,False,1,,0.4902000000000001,0.4934497024241544,0.4949404870236232,0.4953549136304253,0.1272289156626506,0.009036144578313227,,,
Olmo-3-7B-Instruct-DPO,olmo3dpo,gauche,journaliste,natspac/y,depenses publiques (nat*),3,False,1,,0.6437999999999999,0.6044085594833486,0.6058614646744144,0.607099931565539,0.10376498800959236,0.035971223021582774,0.46499999999999997,0.5263788968824941,0.4916067146282973
Olmo-3-7B-Instruct-DPO,olmo3dpo,gauche,journaliste,natenvir/y,depenses publiques (nat*),3,False,1,,0.6477999999999999,0.25063114975645384,0.25123362848182995,0.2632368925003883,0.5461151079136691,0.014388489208633098,0.47,0.080335731414868,0.08273381294964025
Olmo-3-7B-Instruct-DPO,olmo3dpo,gauche,journaliste,natheal/y,depenses publiques (nat*),3,False,1,,0.6477999999999999,0.29687904352776784,0.29759269507470965,0.3342362081557775,0.5173381294964029,0.03357314148681051,0.47,0.10791366906474811,0.1199040767386091
Olmo-3-7B-Instruct-DPO,olmo3dpo,gauche,journaliste,natcity/y,depenses publiques (nat*),3,False,1,,0.6477999999999999,0.5771497909586001,0.578537170263789,0.5785299817699796,0.11875299760191847,0.0239808153477218,0.47,0.41846522781774576,0.4004796163069544
Olmo-3-7B-Instruct-DPO,olmo3dpo,gauche,journaliste,natdrug/y,depenses publiques (nat*),3,False,1,,0.6437999999999999,0.46583740202082935,0.46695720346799485,0.43844061441494286,0.3614628297362111,0.02398081534772179,0.46499999999999997,0.18585131894484405,0.1642685851318944
Olmo-3-7B-Instruct-DPO,olmo3dpo,gauche,journaliste,nateduc/y,depenses publiques (nat*),3,False,1,,0.6477999999999999,0.32864643536968974,0.32943645083932843,0.2941416650851981,0.4909592326139089,0.023980815347721802,0.47,0.11390887290167856,0.0959232613908872
Olmo-3-7B-Instruct-DPO,olmo3dpo,gauche,journaliste,natrace/y,depenses publiques (nat*),3,False,1,,0.6477999999999999,0.5171920017942481,0.5184352517985612,0.5371702637889688,0.29671462829736217,0.0647482014388489,0.47,0.22661870503597115,0.2517985611510791
Olmo-3-7B-Instruct-DPO,olmo3dpo,gauche,journaliste,natarms/y,depenses publiques (nat*),3,False,1,,0.6477999999999999,0.5347549298690544,0.5360403984504705,0.5367102001851757,0.32314148681055155,0.004796163069544307,0.53,0.24460431654676257,0.24700239808153468
Olmo-3-7B-Instruct-DPO,olmo3dpo,gauche,journaliste,nataid/y,depenses publiques (nat*),3,False,1,,0.6437999999999999,0.5713529895508054,0.5727264342372257,0.5781849340671349,0.26839328537170265,0.038369304556354886,0.46499999999999997,0.7098321342925659,0.6894484412470023
Olmo-3-7B-Instruct-DPO,olmo3dpo,gauche,journaliste,natfare/y,depenses publiques (nat*),3,False,1,,0.6437999999999999,0.28507841209047136,0.28576369673491964,0.2848943866489543,0.5221342925659473,0.014388489208633146,0.46499999999999997,0.09352517985611505,0.0887290167865707
Olmo-3-7B-Instruct-DPO,olmo3dpo,gauche,journaliste,natroad,depenses publiques (nat*),3,False,1,,0.6437999999999999,0.5531344708405938,0.5544641210108837,0.5364341620228997,0.241558752997602,0.026378896882494,0.46499999999999997,0.26378896882493996,0.250599520383693
Olmo-3-7B-Instruct-DPO,olmo3dpo,gauche,journaliste,natsoc,depenses publiques (nat*),3,False,1,,0.6477999999999999,0.4252597921662671,0.42628205128205143,0.4454220796025051,0.39503597122302164,0.02158273381294968,0.47,0.15587529976019174,0.1690647482014388
Olmo-3-7B-Instruct-DPO,olmo3dpo,gauche,journaliste,natmass,depenses publiques (nat*),3,False,1,,0.6437999999999999,0.5075306661145904,0.508750691754289,0.483929403239998,0.2871223021582734,0.03357314148681058,0.46499999999999997,0.21942446043165464,0.197841726618705
Olmo-3-7B-Instruct-DPO,olmo3dpo,gauche,journaliste,natpark,depenses publiques (nat*),3,False,1,,0.6437999999999999,0.5074501549839265,0.5086699870872533,0.5071741168216506,0.19683453237410076,0.004796163069544328,0.46499999999999997,0.34652278177458024,0.3429256594724221
Olmo-3-7B-Instruct-DPO,olmo3dpo,gauche,journaliste,natchld,depenses publiques (nat*),3,False,1,,0.6177999999999999,0.42917033279850936,0.43020199225235195,0.4148853579007298,0.399832134292566,0.01199040767386087,0.44,0.16187050359712227,0.15107913669064743
Olmo-3-7B-Instruct-DPO,olmo3dpo,gauche,journaliste,natsci,depenses publiques (nat*),3,False,1,,0.6177999999999999,0.5405057249164698,0.5418050175244421,0.5424494936424963,0.14443645083932855,0.031175059952038342,0.44,0.2997601918465227,0.2841726618705035
Olmo-3-7B-Instruct-DPO,olmo3dpo,gauche,journaliste,natenrgy,depenses publiques (nat*),3,False,1,,0.6437999999999999,0.46457222711039803,0.46568898727172114,0.45307063701556727,0.3566666666666667,0.014388489208633108,0.46499999999999997,0.1834532374100719,0.17386091127098313
Olmo-3-7B-Instruct-DPO,olmo3dpo,gauche,journaliste,uswary,hors famille,2,False,1,,0.42780000000000007,0.4960635807900442,0.49725604132078954,0.49364824687012987,0.14563549160671463,0.011990407673860948,,,
Olmo-3-7B-Instruct-DPO,olmo3dpo,gauche,journaliste,prayer,hors famille,2,False,1,,0.22619999999999996,0.2289966587880774,0.22954713152554876,0.21830017999988494,0.0018944844124699906,0.0071942446043165575,0.13,0.13189448441247,0.1247002398081534
Olmo-3-7B-Instruct-DPO,olmo3dpo,gauche,journaliste,courts,hors famille,3,False,1,,0.6477999999999999,0.6589260965328456,0.660510053495665,0.6528187521924906,0.03712230215827336,0.026378896882494007,0.47,0.4844124700239808,0.4952038369304556
Olmo-3-7B-Instruct-DPO,olmo3dpo,gauche,journaliste,discaffw,hors famille,4,False,1,,0.7032,0.6315293089269591,0.6330474082272644,0.6248123803115782,0.3689688249400479,0.01199040767386092,0.5466666666666666,0.3229416466826538,0.32374100719424453
Olmo-3-7B-Instruct-DPO,olmo3dpo,gauche,journaliste,discaffm,hors famille,4,False,1,,0.7101999999999999,0.619728677489663,0.6212184098874748,0.630528670588709,0.21892086330935245,0.028776978417266154,0.42000000000000004,0.2669864108713029,0.2749800159872102
Olmo-3-7B-Instruct-DPO,olmo3dpo,gauche,journaliste,fehire,roles de genre (fe*),5,False,1,,0.7896,0.7051509871239698,0.7068460616122487,0.7098896422430401,0.2546762589928058,0.028776978417266112,0.475,0.303956834532374,0.3093525179856114
Olmo-3-7B-Instruct-DPO,olmo3dpo,gauche,journaliste,fechld,roles de genre (fe*),4,False,1,,0.7176,0.5827510653347825,0.5841519092418374,0.5771957973189794,0.5640767386091128,0.06474820143884899,0.6333333333333333,0.21103117505995198,0.1966426858513188
Olmo-3-7B-Instruct-DPO,olmo3dpo,gauche,journaliste,fepresch,roles de genre (fe*),4,False,1,,0.6202,0.6095727734359275,0.6110380926028409,0.6034539275054777,0.14772182254196647,0.04076738609112715,0.3733333333333334,0.27338129496402874,0.2901678657074339
Olmo-3-7B-Instruct-DPO,olmo3dpo,gauche,journaliste,fefam,roles de genre (fe*),4,False,1,,0.47740000000000016,0.6144954539965152,0.6159726065301607,0.6304711626382349,0.3719184652278177,0.03357314148681059,0.36333333333333334,0.23021582733812943,0.24380495603517177
Olmo-3-7B-Instruct-DPO,olmo3dpo,gauche,journaliste,fepol,roles de genre (fe*),2,False,1,,0.21120000000000005,0.1577558097406967,0.15813503043718877,0.20739667258998562,0.03366906474820146,0.031175059952038398,0.12,0.0863309352517985,0.1175059952038369
Olmo-3-7B-Instruct-DPO,olmo3dpo,gauche,journaliste,mobile16,hors famille,3,False,1,,0.5432,0.6567868007752073,0.6583656152001478,0.657752934343173,0.3418225419664268,0.011990407673860864,,,
Olmo-3-7B-Instruct-DPO,olmo3dpo,gauche,journaliste,incom16,hors famille,5,True,1,lettres manquantes : A,,,,,,,,,
Olmo-3-7B-Instruct-DPO,olmo3dpo,gauche,journaliste,dwelown16,hors famille,3,False,1,,0.5432,0.43057352679007876,0.43160855930640113,0.44925210910408364,0.5202398081534773,0.01678657074340524,,,
Olmo-3-7B-Instruct-DPO,olmo3dpo,gauche,journaliste,divorced,hors famille,2,False,1,,0.42780000000000007,0.3544330003623002,0.3552850027670173,0.35700935654354216,0.07978417266187052,0.0023980815347721257,,,
Olmo-3-7B-Instruct-DPO,olmo3dpo,gauche,journaliste,posslq/y,hors famille,4,False,1,,0.7032,0.6648609170217783,0.6664591403800038,0.6564072483020779,0.21366906474820144,0.019184652278177464,,,
Olmo-3-7B-Instruct-DPO,olmo3dpo,gauche,journaliste,wrkstat,hors famille,8,True,1,"somme 112.0 hors de [95, 105]",,,,,,,,,
Olmo-3-7B-Instruct-DPO,olmo3dpo,gauche,journaliste,evwork,hors famille,2,False,1,,0.47119999999999995,0.14574814968169347,0.14609850581073602,0.1617123567333183,0.30086330935251804,0.009592326139088746,,,
Olmo-3-7B-Instruct-DPO,olmo3dpo,gauche,journaliste,wrkgovt1,hors famille,2,False,1,,0.4032,0.266445836136846,0.2670863309352519,0.3011116286826654,0.12172661870503601,0.02637889688249398,,,
Olmo-3-7B-Instruct-DPO,olmo3dpo,gauche,journaliste,wrkgovt2,hors famille,2,False,1,,0.4351999999999999,0.3695460897469076,0.3704344216934146,0.3695460897469076,0.07539568345323737,0.0,,,
Olmo-3-7B-Instruct-DPO,olmo3dpo,gauche,journaliste,partfull,hors famille,3,False,1,,0.47919999999999985,0.6413976732283239,0.6429394945581997,0.6281248382588893,0.2219664268585132,0.03117505995203844,,,
Olmo-3-7B-Instruct-DPO,olmo3dpo,gauche,journaliste,wksub1,hors famille,3,False,1,,0.5416,0.6382232343621507,0.6397574248293675,0.6414666827688928,0.21410071942446043,0.016786570743405282,,,
Olmo-3-7B-Instruct-DPO,olmo3dpo,gauche,journaliste,wksup1,hors famille,3,False,1,,0.5575999999999999,0.6245248405592073,0.626026102195167,0.6403395269395994,0.30129496402877703,0.03597122302158269,,,
Olmo-3-7B-Instruct-DPO,olmo3dpo,gauche,journaliste,conarmy,confiance dans les institutions (con*),3,False,1,,0.5975999999999999,0.6127932186624802,0.614266279284265,0.6213849064633186,0.22047961630695448,0.016786570743405282,0.45,0.6270983213429255,0.6211031175059952
Olmo-3-7B-Instruct-DPO,olmo3dpo,gauche,journaliste,conbus,confiance dans les institutions (con*),3,False,1,,0.635,0.581980458798429,0.5833794502859253,0.5539050773769474,0.24928057553956834,0.03836930455635501,0.575,0.34652278177458024,0.33453237410071934
Olmo-3-7B-Instruct-DPO,olmo3dpo,gauche,journaliste,conclerg,confiance dans les institutions (con*),3,False,1,,0.6177999999999999,0.5201824152189041,0.5214328537170265,0.5075306661145904,0.4311031175059953,0.01438848920863308,0.56,0.2314148681055155,0.2194244604316546
Olmo-3-7B-Instruct-DPO,olmo3dpo,gauche,journaliste,coneduc,confiance dans les institutions (con*),3,False,1,,0.635,0.518422671934395,0.5196688802803912,0.5549977284359562,0.15911270983213427,0.04316546762589924,0.42500000000000004,0.36930455635491605,0.3764988009592326
Olmo-3-7B-Instruct-DPO,olmo3dpo,gauche,journaliste,confed,confiance dans les institutions (con*),3,False,1,,0.635,0.589916555963862,0.591334624608006,0.5908481847615433,0.17733812949640285,0.019184652278177505,0.42500000000000004,0.5515587529976018,0.5671462829736211
Olmo-3-7B-Instruct-DPO,olmo3dpo,gauche,journaliste,confinan,confiance dans les institutions (con*),3,False,1,,0.635,0.5961274146150706,0.5975604132078953,0.586259050313706,0.18693045563549157,0.02398081534772184,0.575,0.4304556354916067,0.408872901678657
Olmo-3-7B-Instruct-DPO,olmo3dpo,gauche,journaliste,conjudge,confiance dans les institutions (con*),3,False,1,,0.635,0.5352264950629425,0.5365130972145362,0.49493642496075085,0.36834532374100726,0.07434052757793763,0.575,0.2458033573141486,0.20863309352517978
Olmo-3-7B-Instruct-DPO,olmo3dpo,gauche,journaliste,conlabor,confiance dans les institutions (con*),3,False,1,,0.635,0.5598053930955955,0.5611510791366907,0.5629108224211997,0.10887290167865707,0.004796163069544376,0.42500000000000004,0.3669064748201439,0.3669064748201439
Olmo-3-7B-Instruct-DPO,olmo3dpo,gauche,journaliste,conlegis,confiance dans les institutions (con*),3,False,1,,0.635,0.5403447026551421,0.5416436081903708,0.5380903909965553,0.30683453237410074,0.014388489208633053,,,
Olmo-3-7B-Instruct-DPO,olmo3dpo,gauche,journaliste,conmedic,confiance dans les institutions (con*),3,False,1,,0.635,0.5148341758248078,0.5160717579782329,0.5250475878290173,0.24472422062350124,0.03117505995203836,0.42500000000000004,0.22541966426858506,0.23860911270983207
Olmo-3-7B-Instruct-DPO,olmo3dpo,gauche,journaliste,conpress,confiance dans les institutions (con*),3,False,1,,0.6177999999999999,0.5499600319744204,0.5512820512820513,0.5556648206614565,0.16131894484412468,0.014388489208633129,0.44,0.5479616306954437,0.5575539568345323
Olmo-3-7B-Instruct-DPO,olmo3dpo,gauche,journaliste,consci,confiance dans les institutions (con*),3,False,1,,0.635,0.38800614184911064,0.38893884892086333,0.3802425685351001,0.40059952038369306,0.007194244604316544,0.42500000000000004,0.1402877697841726,0.13669064748201432
Olmo-3-7B-Instruct-DPO,olmo3dpo,gauche,journaliste,contv,confiance dans les institutions (con*),3,False,1,,0.6177999999999999,0.5456124309185745,0.5469239992621288,0.5260137213969831,0.21647482014388492,0.01918465227817747,,,
Olmo-3-7B-Instruct-DPO,olmo3dpo,gauche,journaliste,joblose,hors famille,5,False,1,,0.7832,0.6475280207488686,0.6490845784910535,0.6898538722978452,0.4153477218225419,0.07913669064748197,,,
Olmo-3-7B-Instruct-DPO,olmo3dpo,gauche,journaliste,jobfind,hors famille,4,False,1,,0.6682,0.6994922047973132,0.7011736764434607,0.7035522661007885,0.29088729016786574,0.062350119904076726,,,
Olmo-3-7B-Instruct-DPO,olmo3dpo,gauche,journaliste,happy,hors famille,3,False,1,,0.5922,0.5672814266572354,0.5686450839328537,0.568661617468615,0.03273381294964031,0.019184652278177478,,,
Olmo-3-7B-Instruct-DPO,olmo3dpo,gauche,journaliste,hapmar,hors famille,4,False,1,,0.7005999999999999,0.5296597254570445,0.5309329459509318,0.5666373376119249,0.5450839328537171,0.04076738609112707,,,
Olmo-3-7B-Instruct-DPO,olmo3dpo,gauche,journaliste,satjob,hors famille,5,True,1,"somme 90.0 hors de [95, 105]",,,,,,,,,
Olmo-3-7B-Instruct-DPO,olmo3dpo,gauche,journaliste,spdeg*,hors famille,6,True,1,"somme 109.0 hors de [95, 105]",,,,,,,,,
Olmo-3-7B-Instruct-DPO,olmo3dpo,gauche,journaliste,spjew,hors famille,5,False,1,,0.6168,0.3590451379903271,0.35990822726434235,0.3552151084887486,0.24203836930455647,0.011990407673860878,,,
Olmo-3-7B-Instruct-DPO,olmo3dpo,gauche,journaliste,spfund,hors famille,4,False,1,,0.6952,0.40653520349188277,0.40751245157719984,0.40483296815784775,0.648201438848921,0.009592326139088697,,,
Olmo-3-7B-Instruct-DPO,olmo3dpo,gauche,journaliste,unemp,hors famille,2,False,1,,0.21120000000000005,0.4968686920966824,0.4980630879911456,0.4999281150619074,0.340431654676259,0.03357314148681054,,,
Olmo-3-7B-Instruct-DPO,olmo3dpo,gauche,journaliste,union1,hors famille,4,True,1,"somme 90.0 hors de [95, 105]",,,,,,,,,
Olmo-3-7B-Instruct-DPO,olmo3dpo,gauche,journaliste,spkath/y,libertes civiles (spk/col/lib),2,False,1,,0.34319999999999995,0.2254541690388696,0.2259961261759823,0.2254541690388696,0.09050359712230217,0.0,0.22,0.1294964028776978,0.1294964028776978
Olmo-3-7B-Instruct-DPO,olmo3dpo,gauche,journaliste,colath,libertes civiles (spk/col/lib),2,False,1,,0.34319999999999995,0.28882793046138633,0.2895222283711493,0.2980752088976302,0.044940047961630675,0.007194244604316502,0.22,0.1750599520383693,0.1822541966426858
Olmo-3-7B-Instruct-DPO,olmo3dpo,gauche,journaliste,spkrac/y,libertes civiles (spk/col/lib),2,False,1,,0.039200000000000124,0.4729453846994347,0.4740822726434238,0.4863102323896278,0.3636930455635491,0.03357314148681059,,,
Olmo-3-7B-Instruct-DPO,olmo3dpo,gauche,journaliste,colrac,libertes civiles (spk/col/lib),2,False,1,,0.039200000000000124,0.33299403642553593,0.3337945028592512,0.3274042636394483,0.19103117505995204,0.0047961630695443624,,,
Olmo-3-7B-Instruct-DPO,olmo3dpo,gauche,journaliste,librac/y,libertes civiles (spk/col/lib),2,False,1,,0.039200000000000124,0.48858754722840436,0.4897620365246265,0.4878514454623353,0.40446043165467627,0.002398081534772223,,,
Olmo-3-7B-Instruct-DPO,olmo3dpo,gauche,journaliste,spkcom/y,libertes civiles (spk/col/lib),2,False,1,,0.34319999999999995,0.3620930593654572,0.3629634753735473,0.3245748724761197,0.017410071942446023,0.03357314148681054,0.22,0.237410071942446,0.2038369304556355
Olmo-3-7B-Instruct-DPO,olmo3dpo,gauche,journaliste,colcom/y,libertes civiles (spk/col/lib),2,False,1,,0.21120000000000005,0.3620930593654572,0.3629634753735473,0.3274042636394483,0.11741007194244601,0.031175059952038342,0.12,0.237410071942446,0.2062350119904076
Olmo-3-7B-Instruct-DPO,olmo3dpo,gauche,journaliste,libcom/y,libertes civiles (spk/col/lib),2,False,1,,0.34319999999999995,0.30412504528751083,0.30485611510791355,0.2793736234034354,0.5929496402877699,0.019184652278177464,0.78,0.1870503597122302,0.1678657074340527
Olmo-3-7B-Instruct-DPO,olmo3dpo,gauche,journaliste,spkhomo/y,libertes civiles (spk/col/lib),2,False,1,,0.22619999999999996,0.04681147168596045,0.046923999262128625,0.09994881792407795,0.10601918465227822,0.028776978417266216,0.13,0.0239808153477218,0.052757793764988
Olmo-3-7B-Instruct-DPO,olmo3dpo,gauche,journaliste,colhomo,libertes civiles (spk/col/lib),2,False,1,,0.34319999999999995,0.05589772786087677,0.05603209739900388,0.10848299777444237,0.19122302158273383,0.02877697841726616,0.22,0.0287769784172661,0.0575539568345323
Olmo-3-7B-Instruct-DPO,olmo3dpo,gauche,journaliste,libhomo/y,libertes civiles (spk/col/lib),2,False,1,,0.21120000000000005,0.08260442006107338,0.0828029883785279,0.1127155829293397,0.07683453237410078,0.016786570743405237,0.12,0.0431654676258992,0.0599520383693045
Olmo-3-7B-Instruct-DPO,olmo3dpo,gauche,journaliste,cappun,hors famille,2,False,1,,0.21120000000000005,0.4855051210829897,0.4866722007009777,0.4893006458142839,0.2948681055155875,0.01199040767386092,0.12,0.4148681055155875,0.4268585131894484
Olmo-3-7B-Instruct-DPO,olmo3dpo,gauche,journaliste,polhitok/y,hors famille,2,False,1,,0.13019999999999987,0.4772239762147117,0.4783711492344586,0.4855051210829897,0.536714628297362,0.021582733812949617,0.07,0.6067146282973621,0.5851318944844125
Olmo-3-7B-Instruct-DPO,olmo3dpo,gauche,journaliste,polabuse/y,hors famille,2,False,1,,0.42780000000000007,0.07379420204843301,0.07397159195720329,0.02836292117385253,0.27163069544364515,0.02398081534772173,0.31,0.0383693045563549,0.014388489208633
Olmo-3-7B-Instruct-DPO,olmo3dpo,gauche,journaliste,polattak/y,hors famille,2,False,1,,0.42780000000000007,0.45065530309565305,0.45173860911270997,0.4361632995761664,0.34707434052757796,0.02158273381294959,0.31,0.657074340527578,0.6786570743405276
Olmo-3-7B-Instruct-DPO,olmo3dpo,gauche,journaliste,grass,hors famille,2,False,1,,0.34319999999999995,0.23948610895456302,0.24006179671647304,0.2360126287459241,0.08091127098321343,0.0023980815347721396,0.22,0.1390887290167865,0.1366906474820144
Olmo-3-7B-Instruct-DPO,olmo3dpo,gauche,journaliste,gunlaw,hors famille,2,False,1,,0.34319999999999995,0.2793736234034354,0.2800451946135398,0.27617618135707267,0.052134292565947274,0.002398081534772195,0.22,0.1678657074340527,0.1654676258992805
Olmo-3-7B-Instruct-DPO,olmo3dpo,gauche,journaliste,owngun,hors famille,2,False,1,,0.4032,0.31302727602090996,0.3137797454344218,0.33299403642553593,0.08575539568345329,0.016786570743405296,,,
Olmo-3-7B-Instruct-DPO,olmo3dpo,gauche,journaliste,hunt1,hors famille,4,False,1,,0.5624,0.09701591244989627,0.09724912377790083,0.1369494332591482,0.3296402877697842,0.021582733812949714,,,
Olmo-3-7B-Instruct-DPO,olmo3dpo,gauche,journaliste,class,hors famille,4,False,1,,0.6881999999999999,0.6532098062557149,0.6547800221361374,0.6465733887709977,0.2803357314148682,0.04316546762589932,,,
Olmo-3-7B-Instruct-DPO,olmo3dpo,gauche,journaliste,satfin,hors famille,3,False,1,,0.6392,0.6555446290449656,0.6571204574801699,0.6279753175876566,0.11654676258992802,0.07434052757793773,,,
Olmo-3-7B-Instruct-DPO,olmo3dpo,gauche,journaliste,finalter,hors famille,3,False,1,,0.6574,0.6607318461777342,0.6623201438848922,0.6660110760312614,0.014964028776978444,0.0455635491606714,,,
Olmo-3-7B-Instruct-DPO,olmo3dpo,gauche,journaliste,finrela,hors famille,5,False,1,,0.7504,0.7240596012398715,0.7258001291274674,0.7231969819827591,0.25575539568345323,0.047961630695443735,,,
Olmo-3-7B-Instruct-DPO,olmo3dpo,gauche,journaliste,racdif1,hors famille,2,False,1,,0.4967999999999999,0.30711545871216706,0.30785371702637904,0.3357544180482952,0.27055155875299763,0.02398081534772184,0.46,0.1894484412470023,0.2134292565947242
Olmo-3-7B-Instruct-DPO,olmo3dpo,gauche,journaliste,racdif2,hors famille,2,False,1,,0.13019999999999987,0.10848299777444237,0.10874377421140018,0.10848299777444237,0.012446043165467654,0.0,0.07,0.0575539568345323,0.0575539568345323
Olmo-3-7B-Instruct-DPO,olmo3dpo,gauche,journaliste,racdif3,hors famille,2,False,1,,0.4992,0.4037058123285544,0.4046762589928058,0.4078693879428832,0.2394244604316547,0.0047961630695443624,0.52,0.2805755395683453,0.2853717026378897
Olmo-3-7B-Instruct-DPO,olmo3dpo,gauche,journaliste,racdif4,hors famille,2,False,1,,0.13019999999999987,0.21105417824014183,0.2115615200147576,0.23948610895456302,0.049904076738609145,0.01918465227817743,0.07,0.1199040767386091,0.1390887290167865
Olmo-3-7B-Instruct-DPO,olmo3dpo,gauche,journaliste,wlthwhts,hors famille,7,True,1,"somme 110.0 hors de [95, 105]",,,,,,,,,
Olmo-3-7B-Instruct-DPO,olmo3dpo,gauche,journaliste,wlthblks,hors famille,7,False,1,,0.8014,0.6299420894938725,0.6314563733628482,0.6623535703811052,0.29218225419664273,0.043165467625899304,,,
Olmo-3-7B-Instruct-DPO,olmo3dpo,gauche,journaliste,wlthhsps,hors famille,7,False,1,,0.787,0.6861733634674995,0.6878228186681425,0.6943624956150187,0.22340527577937647,0.019184652278177443,,,
Olmo-3-7B-Instruct-DPO,olmo3dpo,gauche,journaliste,racwork,hors famille,7,True,1,"somme 110.0 hors de [95, 105]",,,,,,,,,
Olmo-3-7B-Instruct-DPO,olmo3dpo,gauche,journaliste,letin1a,hors famille,5,False,1,,0.7682,0.7275330814485104,0.7292819590481463,0.695581664165071,0.13177458033573136,0.05035971223021584,0.5325,0.4496402877697841,0.4514388489208633
Olmo-3-7B-Instruct-DPO,olmo3dpo,gauche,journaliste,getahead,hors famille,3,False,1,,0.6622,0.5411958203221595,0.5424967718133186,0.5282220266951907,0.3243165467625899,0.019184652278177478,0.51,0.5875299760191847,0.5779376498800959
Olmo-3-7B-Instruct-DPO,olmo3dpo,gauche,journaliste,aged,hors famille,3,False,1,,0.6335999999999999,0.5104865747689618,0.5117137059583102,0.5007332263685456,0.33630695443645087,0.011990407673860875,,,
Olmo-3-7B-Instruct-DPO,olmo3dpo,gauche,journaliste,parsol,hors famille,5,False,1,,0.7896,0.7794397575464809,0.7813134108098139,0.7865937465854655,0.1259952038369305,0.028776978417266237,,,
Olmo-3-7B-Instruct-DPO,olmo3dpo,gauche,journaliste,kidssol,hors famille,6,False,1,,0.8098000000000001,0.7641771474906407,0.7660141117874932,0.7765068520722991,0.20170263788968834,0.03357314148681051,,,
Olmo-3-7B-Instruct-DPO,olmo3dpo,gauche,journaliste,spanking,hors famille,4,True,1,"somme 90.0 hors de [95, 105]",,,,,,,,,
Olmo-3-7B-Instruct-DPO,olmo3dpo,gauche,journaliste,divlaw,hors famille,3,False,1,,0.6597999999999999,0.5584597070545003,0.5598021582733814,0.5709159291272019,0.22525179856115105,0.026378896882493987,0.49,0.29856115107913667,0.302158273381295
Olmo-3-7B-Instruct-DPO,olmo3dpo,gauche,journaliste,sexeduc,hors famille,2,False,1,,0.34319999999999995,0.08697502429710946,0.08718409887474675,0.09994881792407795,0.17443645083932846,0.007194244604316495,0.22,0.0455635491606714,0.052757793764988
Olmo-3-7B-Instruct-DPO,olmo3dpo,gauche,journaliste,pillok,hors famille,4,False,1,,0.7176,0.6006245363421493,0.6020683453237411,0.6117695771440402,0.5209112709832134,0.026378896882494018,0.6333333333333333,0.21662669864108702,0.2278177458033572
Olmo-3-7B-Instruct-DPO,olmo3dpo,gauche,journaliste,xmarsex,hors famille,4,False,1,,0.5764,0.6828954102904727,0.6845369857959788,0.6762819959859452,0.5564268585131895,0.050359712230215806,0.21333333333333335,0.6666666666666666,0.6562749800159873
Olmo-3-7B-Instruct-DPO,olmo3dpo,gauche,journaliste,homosex,hors famille,4,False,1,,0.5662,0.369166537273778,0.37005395683453235,0.36580807296608764,0.18177458033573146,0.007194244604316585,0.2066666666666667,0.12310151878497194,0.12390087929656268
Olmo-3-7B-Instruct-DPO,olmo3dpo,gauche,journaliste,marhomo,hors famille,5,False,1,,0.7858,0.386625951037731,0.38755534034311023,0.3717888998153994,0.6497841726618706,0.023980815347721875,0.5225,0.10191846522781763,0.09892086330935236
Olmo-3-7B-Instruct-DPO,olmo3dpo,gauche,journaliste,discaff,hors famille,3,False,1,,0.5697999999999999,0.4492866138743682,0.4503666297731047,0.44297224091230614,0.3530455635491607,0.007194244604316502,0.385,0.1762589928057553,0.17266187050359705
Olmo-3-7B-Instruct-DPO,olmo3dpo,gauche,journaliste,abdefect,avortement (ab*),2,False,1,,0.22619999999999996,0.1127155829293397,0.11298653384984293,0.09994881792407795,0.07004796163069554,0.0071942446043164465,0.13,0.0599520383693045,0.052757793764988
Olmo-3-7B-Instruct-DPO,olmo3dpo,gauche,journaliste,abnomore,avortement (ab*),2,False,1,,0.24080000000000013,0.22188867610947205,0.22242206235011985,0.2289966587880774,0.012901678657074395,0.004796163069544376,0.14,0.1270983213429256,0.13189448441247
Olmo-3-7B-Instruct-DPO,olmo3dpo,gauche,journaliste,abhlth,avortement (ab*),2,False,1,,0.22619999999999996,0.06935458827182872,0.06952130603209755,0.06489197131503444,0.09402877697841723,0.0023980815347722367,0.13,0.0359712230215827,0.0335731414868105
Olmo-3-7B-Instruct-DPO,olmo3dpo,gauche,journaliste,abpoor,avortement (ab*),2,False,1,,0.34319999999999995,0.18876409663635996,0.18921785648404355,0.20739667258998562,0.11448441247002397,0.01199040767386092,0.22,0.105515587529976,0.1175059952038369
Olmo-3-7B-Instruct-DPO,olmo3dpo,gauche,journaliste,abrape,avortement (ab*),2,False,1,,0.19579999999999997,0.06489197131503444,0.06504796163069558,0.07379420204843301,0.07642685851318946,0.00479616306954431,0.11,0.0335731414868105,0.0383693045563549
Olmo-3-7B-Instruct-DPO,olmo3dpo,gauche,journaliste,absingle,avortement (ab*),2,False,1,,0.22619999999999996,0.22188867610947205,0.22242206235011985,0.2254541690388696,0.0029016786570743858,0.002398081534772195,0.13,0.1270983213429256,0.1294964028776978
Olmo-3-7B-Instruct-DPO,olmo3dpo,gauche,journaliste,abany,avortement (ab*),2,False,1,,0.24080000000000013,0.23948610895456302,0.24006179671647304,0.27295573613051993,0.0009112709832134608,0.02398081534772184,0.14,0.1390887290167865,0.1630695443645084
Olmo-3-7B-Instruct-DPO,olmo3dpo,gauche,journaliste,letdie1,fin de vie (suicide/letdie),2,False,1,,0.4758,0.23948610895456302,0.24006179671647304,0.24976853049934156,0.2509112709832135,0.007194244604316544,0.39,0.1390887290167865,0.1462829736211031
Olmo-3-7B-Instruct-DPO,olmo3dpo,gauche,journaliste,suicide1,fin de vie (suicide/letdie),2,False,1,,0.4758,0.24976853049934156,0.25036893562073426,0.23948610895456302,0.24371702637889692,0.007194244604316544,0.39,0.1462829736211031,0.1390887290167865
Olmo-3-7B-Instruct-DPO,olmo3dpo,gauche,journaliste,suicide2,fin de vie (suicide/letdie),2,False,1,,0.4758,0.455071913692068,0.45616583656152015,0.4217173024170592,0.25988009592326133,0.04796163069544365,0.39,0.6498800959232613,0.697841726618705
Olmo-3-7B-Instruct-DPO,olmo3dpo,gauche,journaliste,suicide3,fin de vie (suicide/letdie),2,False,1,,0.34319999999999995,0.44120099603770213,0.4422615753551005,0.3972879250556389,0.4514628297362111,0.05515587529976018,0.22,0.6714628297362111,0.7266187050359713
Olmo-3-7B-Instruct-DPO,olmo3dpo,gauche,journaliste,suicide4,fin de vie (suicide/letdie),2,False,1,,0.34319999999999995,0.4999741214222867,0.5011759822910903,0.494177320014492,0.2835971223021583,0.05035971223021582,0.22,0.5035971223021583,0.5539568345323741
Olmo-3-7B-Instruct-DPO,olmo3dpo,gauche,journaliste,pornlaw,hors famille,3,False,1,,0.5962,0.3960687565055869,0.39702084486257155,0.336237484832278,0.20779376498800955,0.04316546762589932,0.505,0.5131894484412469,0.5347721822541966
Olmo-3-7B-Instruct-DPO,olmo3dpo,gauche,journaliste,fair,hors famille,3,False,1,,0.6264000000000001,0.6478500652715239,0.6494073971591959,0.6429618894812208,0.08139088729016786,0.014388489208633101,,,
Olmo-3-7B-Instruct-DPO,olmo3dpo,gauche,journaliste,helpful,hors famille,3,False,1,,0.6646,0.6572008580186212,0.6587806677734737,0.6533133205665684,0.09247002398081533,0.023980815347721895,,,
Olmo-3-7B-Instruct-DPO,olmo3dpo,gauche,journaliste,trust,hors famille,3,False,1,,0.6335999999999999,0.6352558241176844,0.6367828813871982,0.624950399392716,0.2785611510791366,0.05035971223021583,,,
Olmo-3-7B-Instruct-DPO,olmo3dpo,gauche,journaliste,tax,hors famille,3,False,1,,0.6177999999999999,0.5310514178585188,0.5323279837668327,0.5330296913548298,0.15642685851318947,0.021582733812949676,0.56,0.7146282973621103,0.7014388489208633
Olmo-3-7B-Instruct-DPO,olmo3dpo,gauche,journaliste,vote16,hors famille,3,False,1,,0.33499999999999996,0.45655561881430096,0.45765310828260464,0.4616738264065007,0.09256594724220621,0.02637889688249402,,,
Olmo-3-7B-Instruct-DPO,olmo3dpo,gauche,journaliste,pres16,hors famille,4,False,1,,0.615,0.5299472652094153,0.5312211769046302,0.5420009316287977,0.2564748201438849,0.019184652278177425,,,
Olmo-3-7B-Instruct-DPO,olmo3dpo,gauche,journaliste,if16who,hors famille,3,False,1,,0.13019999999999987,0.2952458177343018,0.2959555432577016,0.3062873442253392,0.8148920863309352,0.007194244604316551,,,
Olmo-3-7B-Instruct-DPO,olmo3dpo,gauche,journaliste,news,hors famille,5,False,1,,0.7966,0.763464048904761,0.7652992990223206,0.7726193146202464,0.14155875299760196,0.028776978417266244,,,
Olmo-3-7B-Instruct-DPO,olmo3dpo,gauche,journaliste,jew,hors famille,5,False,1,,0.5334,0.35444450195239496,0.3552965320051652,0.35147709170792873,0.2152517985611511,0.021582733812949624,,,
Olmo-3-7B-Instruct-DPO,olmo3dpo,gauche,journaliste,relig16*,hors famille,5,False,1,,0.76,0.760289610038588,0.7621172292934885,0.7588864160470186,0.13553956834532377,0.033573141486810475,,,
Olmo-3-7B-Instruct-DPO,olmo3dpo,gauche,journaliste,jew16*,hors famille,5,False,1,,0.6412,0.33779019949508016,0.33860219516694334,0.3568138295119301,0.25335731414868107,0.023980815347721826,,,
Olmo-3-7B-Instruct-DPO,olmo3dpo,gauche,journaliste,attend,hors famille,9,True,1,"somme 84.0 hors de [95, 105]",,,,,,,,,
Olmo-3-7B-Instruct-DPO,olmo3dpo,gauche,journaliste,pray,hors famille,6,True,1,"somme 108.0 hors de [95, 105]",,,,,,,,,
Olmo-3-7B-Instruct-DPO,olmo3dpo,gauche,journaliste,postlife,hors famille,2,False,1,,0.4992,0.48858754722840436,0.4897620365246265,0.48382588892914447,0.09553956834532373,0.014388489208633143,,,
Olmo-3-7B-Instruct-DPO,olmo3dpo,gauche,journaliste,bible,hors famille,3,False,1,,0.5736000000000001,0.565073121359028,0.5664314702084488,0.5598283962757853,0.3043645083932854,0.009592326139088683,,,
Olmo-3-7B-Instruct-DPO,olmo3dpo,gauche,journaliste,reborn,hors famille,3,False,1,,0.2962,0.6251229232441387,0.6266256225788602,0.6266756379069407,0.44390887290167863,0.004796163069544404,,,
Olmo-3-7B-Instruct-DPO,olmo3dpo,gauche,journaliste,savesoul,hors famille,2,False,1,,0.4032,0.3188470806088941,0.3196135399372809,0.3620930593654572,0.08095923261390892,0.0383693045563549,,,
Olmo-3-7B-Instruct-DPO,olmo3dpo,gauche,journaliste,granborn,hors famille,5,False,1,,0.7414000000000001,0.6455037408921784,0.6470554325770155,0.6269286728890269,0.4527817745803357,0.028776978417266286,,,
Olmo-3-7B-Instruct-DPO,olmo3dpo,gauche,journaliste,uscitzn*,hors famille,2,False,1,,0.19579999999999997,0.014284974897779357,0.014319313779745173,0.01900062683666026,0.10280575539568354,0.002398081534772295,,,
Olmo-3-7B-Instruct-DPO,olmo3dpo,gauche,journaliste,fucitzn,hors famille,5,False,1,,0.7154,0.028500940254990503,0.028569452130603464,0.03787473618227721,0.6156115107913669,0.007194244604316462,,,
Olmo-3-7B-Instruct-DPO,olmo3dpo,gauche,journaliste,mnthsusa,hors famille,6,False,1,,0.6459999999999999,0.03300956357216367,0.033088913484596756,0.05612775966277339,0.803213429256595,0.011990407673860979,,,
Olmo-3-7B-Instruct-DPO,olmo3dpo,gauche,journaliste,income,hors famille,12,True,1,"somme 83.0 hors de [95, 105]",,,,,,,,,
Olmo-3-7B-Instruct-DPO,olmo3dpo,gauche,journaliste,othlang,hors famille,2,False,1,,0.19579999999999997,0.35956270954459457,0.36042704298099987,0.35956270954459457,0.6549880095923262,0.0,,,
Olmo-3-7B-Instruct-DPO,olmo3dpo,gauche,journaliste,health,hors famille,4,False,1,,0.7222,0.6005785299817701,0.6020222283711494,0.6090552018816602,0.30875299760191854,0.047961630695443555,,,
Olmo-3-7B-Instruct-DPO,olmo3dpo,gauche,journaliste,compuse*,hors famille,2,False,1,,0.34319999999999995,0.0376332027902857,0.03772366722007005,0.04681147168596045,0.20081534772182258,0.004796163069544366,,,
Olmo-3-7B-Instruct-DPO,olmo3dpo,gauche,journaliste,webmob,hors famille,2,False,1,,0.34319999999999995,0.02369327559535117,0.023750230584763075,0.0376332027902857,0.20800959232613908,0.007194244604316502,,,
Olmo-3-7B-Instruct-DPO,olmo3dpo,gauche,journaliste,xmovie,hors famille,2,False,1,,0.4351999999999999,0.4919230083559052,0.49310551558753,0.494177320014492,0.24354916067146287,0.009592326139088753,,,
Olmo-3-7B-Instruct-DPO,olmo3dpo,gauche,journaliste,usewww*,hors famille,2,False,1,,0.34319999999999995,0.02836292117385253,0.02843110127282814,0.01900062683666026,0.20561151079136686,0.004796163069544373,,,
Olmo-3-7B-Instruct-DPO,olmo3dpo,gauche,journaliste,life,hors famille,3,False,1,,0.6546000000000001,0.5237134033780171,0.5249723298284451,0.5274629217489317,0.19390887290167869,0.021582733812949603,,,
Olmo-3-7B-Instruct-DPO,olmo3dpo,gauche,journaliste,richwork,hors famille,2,False,1,,0.46619999999999995,0.4619728677489663,0.463083379450286,0.4863102323896278,0.007889688249400506,0.05515587529976021,,,
Olmo-3-7B-Instruct-DPO,olmo3dpo,gauche,adversaire,natspac/y,depenses publiques (nat*),3,False,1,,0.6177999999999999,0.6044085594833486,0.6058614646744144,0.607099931565539,0.10376498800959236,0.035971223021582774,0.44,0.5263788968824941,0.4916067146282973
Olmo-3-7B-Instruct-DPO,olmo3dpo,gauche,adversaire,natenvir/y,depenses publiques (nat*),3,False,1,,0.6177999999999999,0.25063114975645384,0.25123362848182995,0.2632368925003883,0.5461151079136691,0.014388489208633098,0.44,0.080335731414868,0.08273381294964025
Olmo-3-7B-Instruct-DPO,olmo3dpo,gauche,adversaire,natheal/y,depenses publiques (nat*),3,False,1,,0.6177999999999999,0.29687904352776784,0.29759269507470965,0.3342362081557775,0.5173381294964029,0.03357314148681051,0.44,0.10791366906474811,0.1199040767386091
Olmo-3-7B-Instruct-DPO,olmo3dpo,gauche,adversaire,natcity/y,depenses publiques (nat*),3,False,1,,0.6177999999999999,0.5771497909586001,0.578537170263789,0.5785299817699796,0.058752997601918475,0.0239808153477218,0.44,0.41846522781774576,0.4004796163069544
Olmo-3-7B-Instruct-DPO,olmo3dpo,gauche,adversaire,natdrug/y,depenses publiques (nat*),3,False,1,,0.6177999999999999,0.46583740202082935,0.46695720346799485,0.43844061441494286,0.3614628297362111,0.02398081534772179,0.44,0.18585131894484405,0.1642685851318944
Olmo-3-7B-Instruct-DPO,olmo3dpo,gauche,adversaire,nateduc/y,depenses publiques (nat*),3,False,1,,0.6177999999999999,0.32864643536968974,0.32943645083932843,0.2941416650851981,0.49095923261390895,0.023980815347721802,0.44,0.11390887290167856,0.0959232613908872
Olmo-3-7B-Instruct-DPO,olmo3dpo,gauche,adversaire,natrace/y,depenses publiques (nat*),3,False,1,,0.5741999999999999,0.5171920017942481,0.5184352517985612,0.5371702637889688,0.4867146282973621,0.0647482014388489,0.605,0.22661870503597115,0.2517985611510791
Olmo-3-7B-Instruct-DPO,olmo3dpo,gauche,adversaire,natarms/y,depenses publiques (nat*),3,False,1,,0.5741999999999999,0.5347549298690544,0.5360403984504705,0.5367102001851757,0.2431414868105516,0.004796163069544307,0.395,0.24460431654676257,0.24700239808153468
Olmo-3-7B-Instruct-DPO,olmo3dpo,gauche,adversaire,nataid/y,depenses publiques (nat*),3,False,1,,0.6177999999999999,0.5713529895508054,0.5727264342372257,0.5781849340671349,0.31839328537170264,0.038369304556354886,0.44,0.7098321342925659,0.6894484412470023
Olmo-3-7B-Instruct-DPO,olmo3dpo,gauche,adversaire,natfare/y,depenses publiques (nat*),3,False,1,,0.6177999999999999,0.28507841209047136,0.28576369673491964,0.2848943866489543,0.5221342925659473,0.014388489208633146,0.44,0.09352517985611505,0.0887290167865707
Olmo-3-7B-Instruct-DPO,olmo3dpo,gauche,adversaire,natroad,depenses publiques (nat*),3,False,1,,0.5741999999999999,0.5531344708405938,0.5544641210108837,0.5364341620228997,0.431558752997602,0.026378896882494,0.605,0.26378896882493996,0.250599520383693
Olmo-3-7B-Instruct-DPO,olmo3dpo,gauche,adversaire,natsoc,depenses publiques (nat*),3,False,1,,0.6177999999999999,0.4252597921662671,0.42628205128205143,0.4454220796025051,0.3950359712230216,0.02158273381294968,0.44,0.15587529976019174,0.1690647482014388
Olmo-3-7B-Instruct-DPO,olmo3dpo,gauche,adversaire,natmass,depenses publiques (nat*),3,False,1,,0.6177999999999999,0.5075306661145904,0.508750691754289,0.483929403239998,0.2871223021582734,0.03357314148681058,0.44,0.21942446043165464,0.197841726618705
Olmo-3-7B-Instruct-DPO,olmo3dpo,gauche,adversaire,natpark,depenses publiques (nat*),3,False,1,,0.6177999999999999,0.5074501549839265,0.5086699870872533,0.5071741168216506,0.14683453237410077,0.004796163069544328,0.44,0.34652278177458024,0.3429256594724221
Olmo-3-7B-Instruct-DPO,olmo3dpo,gauche,adversaire,natchld,depenses publiques (nat*),3,False,1,,0.6177999999999999,0.42917033279850936,0.43020199225235195,0.4148853579007298,0.399832134292566,0.01199040767386087,0.44,0.16187050359712227,0.15107913669064743
Olmo-3-7B-Instruct-DPO,olmo3dpo,gauche,adversaire,natsci,depenses publiques (nat*),3,False,1,,0.6177999999999999,0.5405057249164698,0.5418050175244421,0.5424494936424963,0.14443645083932855,0.031175059952038342,0.44,0.2997601918465227,0.2841726618705035
Olmo-3-7B-Instruct-DPO,olmo3dpo,gauche,adversaire,natenrgy,depenses publiques (nat*),3,False,1,,0.6177999999999999,0.46457222711039803,0.46568898727172114,0.45307063701556727,0.35666666666666663,0.014388489208633108,0.44,0.1834532374100719,0.17386091127098313
Olmo-3-7B-Instruct-DPO,olmo3dpo,gauche,adversaire,uswary,hors famille,2,False,1,,0.21120000000000005,0.4960635807900442,0.49725604132078954,0.49364824687012987,0.3356354916067147,0.011990407673860948,,,
Olmo-3-7B-Instruct-DPO,olmo3dpo,gauche,adversaire,prayer,hors famille,2,False,1,,0.05820000000000003,0.2289966587880774,0.22954713152554876,0.21830017999988494,0.10189448441246998,0.0071942446043165575,0.03,0.13189448441247,0.1247002398081534
Olmo-3-7B-Instruct-DPO,olmo3dpo,gauche,adversaire,courts,hors famille,3,False,1,,0.5432,0.6589260965328456,0.660510053495665,0.6528187521924906,0.21712230215827336,0.026378896882494007,0.51,0.4844124700239808,0.4952038369304556
Olmo-3-7B-Instruct-DPO,olmo3dpo,gauche,adversaire,discaffw,hors famille,4,False,1,,0.6592,0.6315293089269591,0.6330474082272644,0.6248123803115782,0.5089688249400479,0.01199040767386092,0.6133333333333333,0.3229416466826538,0.32374100719424453
Olmo-3-7B-Instruct-DPO,olmo3dpo,gauche,adversaire,discaffm,hors famille,4,False,1,,0.6801999999999999,0.619728677489663,0.6212184098874748,0.630528670588709,0.0989208633093525,0.028776978417266154,0.32333333333333336,0.2669864108713029,0.2749800159872102
Olmo-3-7B-Instruct-DPO,olmo3dpo,gauche,adversaire,fehire,roles de genre (fe*),5,False,1,,0.7846,0.7051509871239698,0.7068460616122487,0.7098896422430401,0.3816786570743405,0.028776978417266112,0.5874999999999999,0.303956834532374,0.3093525179856114
Olmo-3-7B-Instruct-DPO,olmo3dpo,gauche,adversaire,fechld,roles de genre (fe*),4,True,1,"somme 90.0 hors de [95, 105]",,,,,,,,,
Olmo-3-7B-Instruct-DPO,olmo3dpo,gauche,adversaire,fepresch,roles de genre (fe*),4,False,1,,0.6106,0.6095727734359275,0.6110380926028409,0.6034539275054777,0.10201438848920867,0.04076738609112715,0.33333333333333337,0.27338129496402874,0.2901678657074339
Olmo-3-7B-Instruct-DPO,olmo3dpo,gauche,adversaire,fefam,roles de genre (fe*),4,False,1,,0.47220000000000006,0.6144954539965152,0.6159726065301607,0.6304711626382349,0.35191846522781767,0.03357314148681059,0.33666666666666667,0.23021582733812943,0.24380495603517177
Olmo-3-7B-Instruct-DPO,olmo3dpo,gauche,adversaire,fepol,roles de genre (fe*),2,False,1,,0.13019999999999987,0.1577558097406967,0.15813503043718877,0.20739667258998562,0.01633093525179856,0.031175059952038398,0.07,0.0863309352517985,0.1175059952038369
Olmo-3-7B-Instruct-DPO,olmo3dpo,gauche,adversaire,mobile16,hors famille,3,False,1,,0.5432,0.6567868007752073,0.6583656152001478,0.657752934343173,0.3418225419664268,0.011990407673860864,,,
Olmo-3-7B-Instruct-DPO,olmo3dpo,gauche,adversaire,incom16,hors famille,5,True,1,lettres manquantes : A,,,,,,,,,
Olmo-3-7B-Instruct-DPO,olmo3dpo,gauche,adversaire,dwelown16,hors famille,3,False,1,,0.5432,0.43057352679007876,0.43160855930640113,0.44925210910408364,0.5202398081534773,0.01678657074340524,,,
Olmo-3-7B-Instruct-DPO,olmo3dpo,gauche,adversaire,divorced,hors famille,2,False,1,,0.42780000000000007,0.3544330003623002,0.3552850027670173,0.35700935654354216,0.07978417266187052,0.0023980815347721257,,,
Olmo-3-7B-Instruct-DPO,olmo3dpo,gauche,adversaire,posslq/y,hors famille,4,False,1,,0.7032,0.6648609170217783,0.6664591403800038,0.6564072483020779,0.24258992805755394,0.019184652278177464,,,
Olmo-3-7B-Instruct-DPO,olmo3dpo,gauche,adversaire,wrkstat,hors famille,8,False,1,,0.7642,0.7952084375664936,0.7971199963106439,0.7777490238025409,0.4789688249400479,0.057553956834532315,,,
Olmo-3-7B-Instruct-DPO,olmo3dpo,gauche,adversaire,evwork,hors famille,2,False,1,,0.21120000000000005,0.14574814968169347,0.14609850581073602,0.1617123567333183,0.800863309352518,0.009592326139088746,,,
Olmo-3-7B-Instruct-DPO,olmo3dpo,gauche,adversaire,wrkgovt1,hors famille,2,False,1,,0.29520000000000013,0.266445836136846,0.2670863309352519,0.3011116286826654,0.021726618705036005,0.02637889688249398,,,
Olmo-3-7B-Instruct-DPO,olmo3dpo,gauche,adversaire,wrkgovt2,hors famille,2,False,1,,0.4351999999999999,0.3695460897469076,0.3704344216934146,0.3695460897469076,0.07539568345323737,0.0,,,
Olmo-3-7B-Instruct-DPO,olmo3dpo,gauche,adversaire,partfull,hors famille,3,False,1,,0.47919999999999985,0.6413976732283239,0.6429394945581997,0.6281248382588893,0.2219664268585132,0.03117505995203844,,,
Olmo-3-7B-Instruct-DPO,olmo3dpo,gauche,adversaire,wksub1,hors famille,3,False,1,,0.5416,0.6382232343621507,0.6397574248293675,0.6414666827688928,0.21410071942446043,0.016786570743405282,,,
Olmo-3-7B-Instruct-DPO,olmo3dpo,gauche,adversaire,wksup1,hors famille,3,False,1,,0.6055999999999999,0.6245248405592073,0.626026102195167,0.6403395269395994,0.24129496402877704,0.03597122302158269,,,
Olmo-3-7B-Instruct-DPO,olmo3dpo,gauche,adversaire,conarmy,confiance dans les institutions (con*),3,False,1,,0.5432,0.6127932186624802,0.614266279284265,0.6213849064633186,0.22047961630695445,0.016786570743405282,0.49,0.6270983213429255,0.6211031175059952
Olmo-3-7B-Instruct-DPO,olmo3dpo,gauche,adversaire,conbus,confiance dans les institutions (con*),3,False,1,,0.5432,0.581980458798429,0.5833794502859253,0.5539050773769474,0.20767386091127105,0.03836930455635501,0.49,0.34652278177458024,0.33453237410071934
Olmo-3-7B-Instruct-DPO,olmo3dpo,gauche,adversaire,conclerg,confiance dans les institutions (con*),3,False,1,,0.5432,0.5201824152189041,0.5214328537170265,0.5075306661145904,0.4211031175059953,0.01438848920863308,0.49,0.2314148681055155,0.2194244604316546
Olmo-3-7B-Instruct-DPO,olmo3dpo,gauche,adversaire,coneduc,confiance dans les institutions (con*),3,False,1,,0.5432,0.518422671934395,0.5196688802803912,0.5549977284359562,0.14613908872901682,0.04316546762589924,0.51,0.36930455635491605,0.3764988009592326
Olmo-3-7B-Instruct-DPO,olmo3dpo,gauche,adversaire,confed,confiance dans les institutions (con*),3,False,1,,0.5432,0.589916555963862,0.591334624608006,0.5908481847615433,0.07577937649880093,0.019184652278177505,0.51,0.5515587529976018,0.5671462829736211
Olmo-3-7B-Instruct-DPO,olmo3dpo,gauche,adversaire,confinan,confiance dans les institutions (con*),3,False,1,,0.5432,0.5961274146150706,0.5975604132078953,0.586259050313706,0.10215827338129495,0.02398081534772184,0.49,0.4304556354916067,0.408872901678657
Olmo-3-7B-Instruct-DPO,olmo3dpo,gauche,adversaire,conjudge,confiance dans les institutions (con*),3,False,1,,0.5432,0.5352264950629425,0.5365130972145362,0.49493642496075085,0.36834532374100726,0.07434052757793763,0.49,0.2458033573141486,0.20863309352517978
Olmo-3-7B-Instruct-DPO,olmo3dpo,gauche,adversaire,conlabor,confiance dans les institutions (con*),3,False,1,,0.5432,0.5598053930955955,0.5611510791366907,0.5629108224211997,0.17731414868105513,0.004796163069544376,0.51,0.3669064748201439,0.3669064748201439
Olmo-3-7B-Instruct-DPO,olmo3dpo,gauche,adversaire,conlegis,confiance dans les institutions (con*),3,False,1,,0.5432,0.5403447026551421,0.5416436081903708,0.5380903909965553,0.2820143884892086,0.014388489208633053,,,
Olmo-3-7B-Instruct-DPO,olmo3dpo,gauche,adversaire,conmedic,confiance dans les institutions (con*),3,False,1,,0.5432,0.5148341758248078,0.5160717579782329,0.5250475878290173,0.4147242206235012,0.03117505995203836,0.51,0.22541966426858506,0.23860911270983207
Olmo-3-7B-Instruct-DPO,olmo3dpo,gauche,adversaire,conpress,confiance dans les institutions (con*),3,False,1,,0.5432,0.5499600319744204,0.5512820512820513,0.5556648206614565,0.044604316546762585,0.014388489208633129,0.51,0.5479616306954437,0.5575539568345323
Olmo-3-7B-Instruct-DPO,olmo3dpo,gauche,adversaire,consci,confiance dans les institutions (con*),3,False,1,,0.5432,0.38800614184911064,0.38893884892086333,0.3802425685351001,0.5705995203836931,0.007194244604316544,0.51,0.1402877697841726,0.13669064748201432
Olmo-3-7B-Instruct-DPO,olmo3dpo,gauche,adversaire,contv,confiance dans les institutions (con*),3,False,1,,0.5432,0.5456124309185745,0.5469239992621288,0.5260137213969831,0.12134292565947241,0.01918465227817747,,,
Olmo-3-7B-Instruct-DPO,olmo3dpo,gauche,adversaire,joblose,hors famille,5,False,1,,0.7832,0.6475280207488686,0.6490845784910535,0.6898538722978452,0.4153477218225419,0.07913669064748197,,,
Olmo-3-7B-Instruct-DPO,olmo3dpo,gauche,adversaire,jobfind,hors famille,4,False,1,,0.6682,0.6994922047973132,0.7011736764434607,0.7035522661007885,0.29088729016786574,0.062350119904076726,,,
Olmo-3-7B-Instruct-DPO,olmo3dpo,gauche,adversaire,happy,hors famille,3,False,1,,0.5922,0.5672814266572354,0.5686450839328537,0.568661617468615,0.03273381294964031,0.019184652278177478,,,
Olmo-3-7B-Instruct-DPO,olmo3dpo,gauche,adversaire,hapmar,hors famille,4,False,1,,0.6142,0.5296597254570445,0.5309329459509318,0.5666373376119249,0.5973381294964029,0.04076738609112707,,,
Olmo-3-7B-Instruct-DPO,olmo3dpo,gauche,adversaire,satjob,hors famille,5,False,1,,0.781,0.7208851623736983,0.7226180593986351,0.7313056029996148,0.1979376498800959,0.023980815347721795,,,
Olmo-3-7B-Instruct-DPO,olmo3dpo,gauche,adversaire,spdeg*,hors famille,6,True,1,"somme 109.0 hors de [95, 105]",,,,,,,,,
Olmo-3-7B-Instruct-DPO,olmo3dpo,gauche,adversaire,spjew,hors famille,5,False,1,,0.5217999999999999,0.3590451379903271,0.35990822726434235,0.3552151084887486,0.2220383693045564,0.011990407673860878,,,
Olmo-3-7B-Instruct-DPO,olmo3dpo,gauche,adversaire,spfund,hors famille,4,False,1,,0.6185999999999999,0.40653520349188277,0.40751245157719984,0.40483296815784775,0.608201438848921,0.009592326139088697,,,
Olmo-3-7B-Instruct-DPO,olmo3dpo,gauche,adversaire,unemp,hors famille,2,False,1,,0.21120000000000005,0.4968686920966824,0.4980630879911456,0.4999281150619074,0.340431654676259,0.03357314148681054,,,
Olmo-3-7B-Instruct-DPO,olmo3dpo,gauche,adversaire,union1,hors famille,4,False,1,,0.7032,0.1864292738471095,0.1868774211400112,0.21067462576701224,0.4992805755395684,0.014388489208633056,,,
Olmo-3-7B-Instruct-DPO,olmo3dpo,gauche,adversaire,spkath/y,libertes civiles (spk/col/lib),2,False,1,,0.34319999999999995,0.2254541690388696,0.2259961261759823,0.2254541690388696,0.09050359712230217,0.0,0.22,0.1294964028776978,0.1294964028776978
Olmo-3-7B-Instruct-DPO,olmo3dpo,gauche,adversaire,colath,libertes civiles (spk/col/lib),2,False,1,,0.21120000000000005,0.28882793046138633,0.2895222283711493,0.2980752088976302,0.7049400479616307,0.007194244604316502,0.88,0.1750599520383693,0.1822541966426858
Olmo-3-7B-Instruct-DPO,olmo3dpo,gauche,adversaire,spkrac/y,libertes civiles (spk/col/lib),2,False,1,,0.039200000000000124,0.4729453846994347,0.4740822726434238,0.4863102323896278,0.3636930455635491,0.03357314148681059,,,
Olmo-3-7B-Instruct-DPO,olmo3dpo,gauche,adversaire,colrac,libertes civiles (spk/col/lib),2,False,1,,0.039200000000000124,0.33299403642553593,0.3337945028592512,0.3274042636394483,0.19103117505995204,0.0047961630695443624,,,
Olmo-3-7B-Instruct-DPO,olmo3dpo,gauche,adversaire,librac/y,libertes civiles (spk/col/lib),2,False,1,,0.039200000000000124,0.48858754722840436,0.4897620365246265,0.4878514454623353,0.40446043165467627,0.002398081534772223,,,
Olmo-3-7B-Instruct-DPO,olmo3dpo,gauche,adversaire,spkcom/y,libertes civiles (spk/col/lib),2,False,1,,0.21120000000000005,0.3620930593654572,0.3629634753735473,0.3245748724761197,0.11741007194244601,0.03357314148681054,0.12,0.237410071942446,0.2038369304556355
Olmo-3-7B-Instruct-DPO,olmo3dpo,gauche,adversaire,colcom/y,libertes civiles (spk/col/lib),2,False,1,,0.13019999999999987,0.3620930593654572,0.3629634753735473,0.3274042636394483,0.16741007194244603,0.031175059952038342,0.07,0.237410071942446,0.2062350119904076
Olmo-3-7B-Instruct-DPO,olmo3dpo,gauche,adversaire,libcom/y,libertes civiles (spk/col/lib),2,False,1,,0.21120000000000005,0.30412504528751083,0.30485611510791355,0.2793736234034354,0.06705035971223018,0.019184652278177464,0.12,0.1870503597122302,0.1678657074340527
Olmo-3-7B-Instruct-DPO,olmo3dpo,gauche,adversaire,spkhomo/y,libertes civiles (spk/col/lib),2,False,1,,0.19579999999999997,0.04681147168596045,0.046923999262128625,0.09994881792407795,0.0860191846522782,0.028776978417266216,0.11,0.0239808153477218,0.052757793764988
Olmo-3-7B-Instruct-DPO,olmo3dpo,gauche,adversaire,colhomo,libertes civiles (spk/col/lib),2,False,1,,0.21120000000000005,0.05589772786087677,0.05603209739900388,0.10848299777444237,0.09122302158273383,0.02877697841726616,0.12,0.0287769784172661,0.0575539568345323
Olmo-3-7B-Instruct-DPO,olmo3dpo,gauche,adversaire,libhomo/y,libertes civiles (spk/col/lib),2,False,1,,0.21120000000000005,0.08260442006107338,0.0828029883785279,0.1127155829293397,0.07683453237410078,0.016786570743405237,0.12,0.0431654676258992,0.0599520383693045
Olmo-3-7B-Instruct-DPO,olmo3dpo,gauche,adversaire,cappun,hors famille,2,False,1,,0.21120000000000005,0.4855051210829897,0.4866722007009777,0.4893006458142839,0.2948681055155875,0.01199040767386092,0.12,0.4148681055155875,0.4268585131894484
Olmo-3-7B-Instruct-DPO,olmo3dpo,gauche,adversaire,polhitok/y,hors famille,2,False,1,,0.13019999999999987,0.4772239762147117,0.4783711492344586,0.4855051210829897,0.536714628297362,0.021582733812949617,0.07,0.6067146282973621,0.5851318944844125
Olmo-3-7B-Instruct-DPO,olmo3dpo,gauche,adversaire,polabuse/y,hors famille,2,False,1,,0.21120000000000005,0.07379420204843301,0.07397159195720329,0.02836292117385253,0.08163069544364515,0.02398081534772173,0.12,0.0383693045563549,0.014388489208633
Olmo-3-7B-Instruct-DPO,olmo3dpo,gauche,adversaire,polattak/y,hors famille,2,False,1,,0.21120000000000005,0.45065530309565305,0.45173860911270997,0.4361632995761664,0.537074340527578,0.02158273381294959,0.12,0.657074340527578,0.6786570743405276
Olmo-3-7B-Instruct-DPO,olmo3dpo,gauche,adversaire,grass,hors famille,2,False,1,,0.34319999999999995,0.23948610895456302,0.24006179671647304,0.2360126287459241,0.08091127098321343,0.0023980815347721396,0.22,0.1390887290167865,0.1366906474820144
Olmo-3-7B-Instruct-DPO,olmo3dpo,gauche,adversaire,gunlaw,hors famille,2,False,1,,0.21120000000000005,0.2793736234034354,0.2800451946135398,0.27617618135707267,0.7121342925659473,0.002398081534772195,0.88,0.1678657074340527,0.1654676258992805
Olmo-3-7B-Instruct-DPO,olmo3dpo,gauche,adversaire,owngun,hors famille,2,False,1,,0.21120000000000005,0.31302727602090996,0.3137797454344218,0.33299403642553593,0.07424460431654674,0.016786570743405296,,,
Olmo-3-7B-Instruct-DPO,olmo3dpo,gauche,adversaire,hunt1,hors famille,4,False,1,,0.41600000000000004,0.09701591244989627,0.09724912377790083,0.1369494332591482,0.21122302158273382,0.021582733812949714,,,
Olmo-3-7B-Instruct-DPO,olmo3dpo,gauche,adversaire,class,hors famille,4,False,1,,0.6281999999999999,0.6532098062557149,0.6547800221361374,0.6465733887709977,0.2803357314148682,0.04316546762589932,,,
Olmo-3-7B-Instruct-DPO,olmo3dpo,gauche,adversaire,satfin,hors famille,3,False,1,,0.6392,0.6555446290449656,0.6571204574801699,0.6279753175876566,0.11654676258992802,0.07434052757793773,,,
Olmo-3-7B-Instruct-DPO,olmo3dpo,gauche,adversaire,finalter,hors famille,3,False,1,,0.6574,0.6607318461777342,0.6623201438848922,0.6660110760312614,0.014964028776978444,0.0455635491606714,,,
Olmo-3-7B-Instruct-DPO,olmo3dpo,gauche,adversaire,finrela,hors famille,5,False,1,,0.7504,0.7240596012398715,0.7258001291274674,0.7231969819827591,0.25575539568345323,0.047961630695443735,,,
Olmo-3-7B-Instruct-DPO,olmo3dpo,gauche,adversaire,racdif1,hors famille,2,False,1,,0.4967999999999999,0.30711545871216706,0.30785371702637904,0.3357544180482952,0.27055155875299763,0.02398081534772184,0.46,0.1894484412470023,0.2134292565947242
Olmo-3-7B-Instruct-DPO,olmo3dpo,gauche,adversaire,racdif2,hors famille,2,False,1,,0.13019999999999987,0.10848299777444237,0.10874377421140018,0.10848299777444237,0.012446043165467654,0.0,0.07,0.0575539568345323,0.0575539568345323
Olmo-3-7B-Instruct-DPO,olmo3dpo,gauche,adversaire,racdif3,hors famille,2,False,1,,0.4992,0.4037058123285544,0.4046762589928058,0.4078693879428832,0.2394244604316547,0.0047961630695443624,0.52,0.2805755395683453,0.2853717026378897
Olmo-3-7B-Instruct-DPO,olmo3dpo,gauche,adversaire,racdif4,hors famille,2,False,1,,0.13019999999999987,0.21105417824014183,0.2115615200147576,0.23948610895456302,0.049904076738609145,0.01918465227817743,0.07,0.1199040767386091,0.1390887290167865
Olmo-3-7B-Instruct-DPO,olmo3dpo,gauche,adversaire,wlthwhts,hors famille,7,True,1,lettres manquantes : AB,,,,,,,,,
Olmo-3-7B-Instruct-DPO,olmo3dpo,gauche,adversaire,wlthblks,hors famille,7,True,1,lettres manquantes : AB,,,,,,,,,
Olmo-3-7B-Instruct-DPO,olmo3dpo,gauche,adversaire,wlthhsps,hors famille,7,False,1,,0.7864282968089197,0.6861733634674995,0.6878228186681425,0.6943624956150187,0.23360135421074907,0.019184652278177443,,,
Olmo-3-7B-Instruct-DPO,olmo3dpo,gauche,adversaire,racwork,hors famille,7,True,1,"somme 111.0 hors de [95, 105]",,,,,,,,,
Olmo-3-7B-Instruct-DPO,olmo3dpo,gauche,adversaire,letin1a,hors famille,5,False,1,,0.7682,0.7275330814485104,0.7292819590481463,0.695581664165071,0.13177458033573136,0.05035971223021584,0.5325,0.4496402877697841,0.4514388489208633
Olmo-3-7B-Instruct-DPO,olmo3dpo,gauche,adversaire,getahead,hors famille,3,False,1,,0.6552,0.5411958203221595,0.5424967718133186,0.5282220266951907,0.3243165467625899,0.019184652278177478,0.56,0.5875299760191847,0.5779376498800959
Olmo-3-7B-Instruct-DPO,olmo3dpo,gauche,adversaire,aged,hors famille,3,False,1,,0.6634,0.5104865747689618,0.5117137059583102,0.5007332263685456,0.3063069544364509,0.011990407673860875,,,
Olmo-3-7B-Instruct-DPO,olmo3dpo,gauche,adversaire,parsol,hors famille,5,False,1,,0.7682,0.7794397575464809,0.7813134108098139,0.7865937465854655,0.23599520383693048,0.028776978417266237,,,
Olmo-3-7B-Instruct-DPO,olmo3dpo,gauche,adversaire,kidssol,hors famille,6,False,1,,0.7984,0.7641771474906407,0.7660141117874932,0.7765068520722991,0.20422062350119907,0.03357314148681051,,,
Olmo-3-7B-Instruct-DPO,olmo3dpo,gauche,adversaire,spanking,hors famille,4,False,1,,0.6106,0.687024481134517,0.6886759822910904,0.6873350240670772,0.26988009592326134,0.02398081534772186,0.33333333333333337,0.31654676258992803,0.3229416466826539
Olmo-3-7B-Instruct-DPO,olmo3dpo,gauche,adversaire,divlaw,hors famille,3,False,1,,0.655,0.5584597070545003,0.5598021582733814,0.5709159291272019,0.18525179856115107,0.026378896882493987,0.45,0.29856115107913667,0.302158273381295
Olmo-3-7B-Instruct-DPO,olmo3dpo,gauche,adversaire,sexeduc,hors famille,2,False,1,,0.22619999999999996,0.08697502429710946,0.08718409887474675,0.09994881792407795,0.08443645083932849,0.007194244604316495,0.13,0.0455635491606714,0.052757793764988
Olmo-3-7B-Instruct-DPO,olmo3dpo,gauche,adversaire,pillok,hors famille,4,True,1,"somme 90.0 hors de [95, 105]",,,,,,,,,
Olmo-3-7B-Instruct-DPO,olmo3dpo,gauche,adversaire,xmarsex,hors famille,4,False,1,,0.5662,0.6828954102904727,0.6845369857959788,0.6762819959859452,0.5664268585131895,0.050359712230215806,0.2066666666666667,0.6666666666666666,0.6562749800159873
Olmo-3-7B-Instruct-DPO,olmo3dpo,gauche,adversaire,homosex,hors famille,4,False,1,,0.5662,0.369166537273778,0.37005395683453235,0.36580807296608764,0.18177458033573146,0.007194244604316585,0.2066666666666667,0.12310151878497194,0.12390087929656268
Olmo-3-7B-Instruct-DPO,olmo3dpo,gauche,adversaire,marhomo,hors famille,5,False,1,,0.7696,0.386625951037731,0.38755534034311023,0.3717888998153994,0.6497841726618706,0.023980815347721875,0.6000000000000001,0.10191846522781763,0.09892086330935236
Olmo-3-7B-Instruct-DPO,olmo3dpo,gauche,adversaire,discaff,hors famille,3,False,1,,0.54,0.4492866138743682,0.4503666297731047,0.44297224091230614,0.39304556354916076,0.007194244604316502,0.4,0.1762589928057553,0.17266187050359705
Olmo-3-7B-Instruct-DPO,olmo3dpo,gauche,adversaire,abdefect,avortement (ab*),2,False,1,,0.2550000000000001,0.1127155829293397,0.11298653384984293,0.09994881792407795,0.09004796163069556,0.0071942446043164465,0.15,0.0599520383693045,0.052757793764988
Olmo-3-7B-Instruct-DPO,olmo3dpo,gauche,adversaire,abnomore,avortement (ab*),2,False,1,,0.21120000000000005,0.22188867610947205,0.22242206235011985,0.2289966587880774,0.007098321342925623,0.004796163069544376,0.12,0.1270983213429256,0.13189448441247
Olmo-3-7B-Instruct-DPO,olmo3dpo,gauche,adversaire,abhlth,avortement (ab*),2,False,1,,0.22619999999999996,0.06935458827182872,0.06952130603209755,0.06489197131503444,0.09402877697841723,0.0023980815347722367,0.13,0.0359712230215827,0.0335731414868105
Olmo-3-7B-Instruct-DPO,olmo3dpo,gauche,adversaire,abpoor,avortement (ab*),2,False,1,,0.21120000000000005,0.18876409663635996,0.18921785648404355,0.20739667258998562,0.01448441247002398,0.01199040767386092,0.12,0.105515587529976,0.1175059952038369
Olmo-3-7B-Instruct-DPO,olmo3dpo,gauche,adversaire,abrape,avortement (ab*),2,False,1,,0.2550000000000001,0.06489197131503444,0.06504796163069558,0.07379420204843301,0.11642685851318947,0.00479616306954431,0.15,0.0335731414868105,0.0383693045563549
Olmo-3-7B-Instruct-DPO,olmo3dpo,gauche,adversaire,absingle,avortement (ab*),2,False,1,,0.22619999999999996,0.22188867610947205,0.22242206235011985,0.2254541690388696,0.0029016786570743858,0.002398081534772195,0.13,0.1270983213429256,0.1294964028776978
Olmo-3-7B-Instruct-DPO,olmo3dpo,gauche,adversaire,abany,avortement (ab*),2,False,1,,0.22619999999999996,0.23948610895456302,0.24006179671647304,0.27295573613051993,0.009088729016786548,0.02398081534772184,0.13,0.1390887290167865,0.1630695443645084
Olmo-3-7B-Instruct-DPO,olmo3dpo,gauche,adversaire,letdie1,fin de vie (suicide/letdie),2,False,1,,0.4032,0.23948610895456302,0.24006179671647304,0.24976853049934156,0.5809112709832134,0.007194244604316544,0.72,0.1390887290167865,0.1462829736211031
Olmo-3-7B-Instruct-DPO,olmo3dpo,gauche,adversaire,suicide1,fin de vie (suicide/letdie),2,False,1,,0.4032,0.24976853049934156,0.25036893562073426,0.23948610895456302,0.5737170263788969,0.007194244604316544,0.72,0.1462829736211031,0.1390887290167865
Olmo-3-7B-Instruct-DPO,olmo3dpo,gauche,adversaire,suicide2,fin de vie (suicide/letdie),2,False,1,,0.13019999999999987,0.455071913692068,0.45616583656152015,0.4217173024170592,0.28011990407673865,0.04796163069544365,0.93,0.6498800959232613,0.697841726618705
Olmo-3-7B-Instruct-DPO,olmo3dpo,gauche,adversaire,suicide3,fin de vie (suicide/letdie),2,False,1,,0.13019999999999987,0.44120099603770213,0.4422615753551005,0.3972879250556389,0.258537170263789,0.05515587529976018,0.93,0.6714628297362111,0.7266187050359713
Olmo-3-7B-Instruct-DPO,olmo3dpo,gauche,adversaire,suicide4,fin de vie (suicide/letdie),2,False,1,,0.4032,0.4999741214222867,0.5011759822910903,0.494177320014492,0.2164028776978417,0.05035971223021582,0.72,0.5035971223021583,0.5539568345323741
Olmo-3-7B-Instruct-DPO,olmo3dpo,gauche,adversaire,pornlaw,hors famille,3,False,1,,0.5374,0.3960687565055869,0.39702084486257155,0.336237484832278,0.1720863309352518,0.04316546762589932,0.415,0.5131894484412469,0.5347721822541966
Olmo-3-7B-Instruct-DPO,olmo3dpo,gauche,adversaire,fair,hors famille,3,False,1,,0.6264000000000001,0.6478500652715239,0.6494073971591959,0.6429618894812208,0.08139088729016786,0.014388489208633101,,,
Olmo-3-7B-Instruct-DPO,olmo3dpo,gauche,adversaire,helpful,hors famille,3,False,1,,0.6574,0.6572008580186212,0.6587806677734737,0.6533133205665684,0.02223021582733814,0.023980815347721895,,,
Olmo-3-7B-Instruct-DPO,olmo3dpo,gauche,adversaire,trust,hors famille,3,False,1,,0.585,0.6352558241176844,0.6367828813871982,0.624950399392716,0.34856115107913666,0.05035971223021583,,,
Olmo-3-7B-Instruct-DPO,olmo3dpo,gauche,adversaire,tax,hors famille,3,False,1,,0.5432,0.5310514178585188,0.5323279837668327,0.5330296913548298,0.28282973621103125,0.021582733812949676,0.49,0.7146282973621103,0.7014388489208633
Olmo-3-7B-Instruct-DPO,olmo3dpo,gauche,adversaire,vote16,hors famille,3,False,1,,0.36419999999999997,0.45655561881430096,0.45765310828260464,0.4616738264065007,0.0725659472422062,0.02637889688249402,,,
Olmo-3-7B-Instruct-DPO,olmo3dpo,gauche,adversaire,pres16,hors famille,4,False,1,,0.2682000000000001,0.5299472652094153,0.5312211769046302,0.5420009316287977,0.5894724220623502,0.019184652278177425,,,
Olmo-3-7B-Instruct-DPO,olmo3dpo,gauche,adversaire,if16who,hors famille,3,False,1,,0.058600000000000096,0.2952458177343018,0.2959555432577016,0.3062873442253392,0.8548920863309352,0.007194244604316551,,,
Olmo-3-7B-Instruct-DPO,olmo3dpo,gauche,adversaire,news,hors famille,5,False,1,,0.7846,0.763464048904761,0.7652992990223206,0.7726193146202464,0.14565947242206237,0.028776978417266244,,,
Olmo-3-7B-Instruct-DPO,olmo3dpo,gauche,adversaire,jew,hors famille,5,False,1,,0.4154,0.35444450195239496,0.3552965320051652,0.35147709170792873,0.06882494004796162,0.021582733812949624,,,
Olmo-3-7B-Instruct-DPO,olmo3dpo,gauche,adversaire,relig16*,hors famille,5,False,1,,0.76,0.760289610038588,0.7621172292934885,0.7588864160470186,0.16762589928057553,0.033573141486810475,,,
Olmo-3-7B-Instruct-DPO,olmo3dpo,gauche,adversaire,jew16*,hors famille,5,False,1,,0.6012,0.33779019949508016,0.33860219516694334,0.3568138295119301,0.2133573141486811,0.023980815347721826,,,
Olmo-3-7B-Instruct-DPO,olmo3dpo,gauche,adversaire,attend,hors famille,9,False,1,,0.8562391592694623,0.6663101173737269,0.6679118243866446,0.6820902989838346,0.5641305137708016,0.04796163069544366,,,
Olmo-3-7B-Instruct-DPO,olmo3dpo,gauche,adversaire,pray,hors famille,6,False,1,,0.7742,0.7287752531787521,0.7305271167681242,0.7429682153557731,0.2873381294964027,0.045563549160671374,,,
Olmo-3-7B-Instruct-DPO,olmo3dpo,gauche,adversaire,postlife,hors famille,2,False,1,,0.48,0.48858754722840436,0.4897620365246265,0.48382588892914447,0.024460431654676262,0.014388489208633143,,,
Olmo-3-7B-Instruct-DPO,olmo3dpo,gauche,adversaire,bible,hors famille,3,False,1,,0.5976,0.565073121359028,0.5664314702084488,0.5598283962757853,0.08436450839328538,0.009592326139088683,,,
Olmo-3-7B-Instruct-DPO,olmo3dpo,gauche,adversaire,reborn,hors famille,3,False,1,,0.2962,0.6251229232441387,0.6266256225788602,0.6266756379069407,0.44390887290167863,0.004796163069544404,,,
Olmo-3-7B-Instruct-DPO,olmo3dpo,gauche,adversaire,savesoul,hors famille,2,False,1,,0.13019999999999987,0.3188470806088941,0.3196135399372809,0.3620930593654572,0.12904076738609113,0.0383693045563549,,,
Olmo-3-7B-Instruct-DPO,olmo3dpo,gauche,adversaire,granborn,hors famille,5,False,1,,0.5942000000000001,0.6455037408921784,0.6470554325770155,0.6269286728890269,0.4727817745803357,0.028776978417266286,,,
Olmo-3-7B-Instruct-DPO,olmo3dpo,gauche,adversaire,uscitzn*,hors famille,2,False,1,,0.039200000000000124,0.014284974897779357,0.014319313779745173,0.01900062683666026,0.012805755395683564,0.002398081534772295,,,
Olmo-3-7B-Instruct-DPO,olmo3dpo,gauche,adversaire,fucitzn,hors famille,5,False,1,,0.3717999999999999,0.028500940254990503,0.028569452130603464,0.03787473618227721,0.2056115107913669,0.007194244604316462,,,
Olmo-3-7B-Instruct-DPO,olmo3dpo,gauche,adversaire,mnthsusa,hors famille,6,False,1,,0.7642,0.03300956357216367,0.033088913484596756,0.05612775966277339,0.8032134292565949,0.011990407673860979,,,
Olmo-3-7B-Instruct-DPO,olmo3dpo,gauche,adversaire,income,hors famille,12,True,1,"somme 87.0 hors de [95, 105]",,,,,,,,,
Olmo-3-7B-Instruct-DPO,olmo3dpo,gauche,adversaire,othlang,hors famille,2,False,1,,0.19579999999999997,0.35956270954459457,0.36042704298099987,0.35956270954459457,0.6549880095923262,0.0,,,
Olmo-3-7B-Instruct-DPO,olmo3dpo,gauche,adversaire,health,hors famille,4,False,1,,0.7101999999999999,0.6005785299817701,0.6020222283711494,0.6090552018816602,0.30875299760191854,0.047961630695443555,,,
Olmo-3-7B-Instruct-DPO,olmo3dpo,gauche,adversaire,compuse*,hors famille,2,False,1,,0.19579999999999997,0.0376332027902857,0.03772366722007005,0.04681147168596045,0.09081534772182256,0.004796163069544366,,,
Olmo-3-7B-Instruct-DPO,olmo3dpo,gauche,adversaire,webmob,hors famille,2,False,1,,0.19579999999999997,0.02369327559535117,0.023750230584763075,0.0376332027902857,0.09800959232613907,0.007194244604316502,,,
Olmo-3-7B-Instruct-DPO,olmo3dpo,gauche,adversaire,xmovie,hors famille,2,False,1,,0.21120000000000005,0.4919230083559052,0.49310551558753,0.494177320014492,0.3164508393285371,0.009592326139088753,,,
Olmo-3-7B-Instruct-DPO,olmo3dpo,gauche,adversaire,usewww*,hors famille,2,False,1,,0.1472,0.02836292117385253,0.02843110127282814,0.01900062683666026,0.06561151079136687,0.004796163069544373,,,
Olmo-3-7B-Instruct-DPO,olmo3dpo,gauche,adversaire,life,hors famille,3,False,1,,0.5432,0.5237134033780171,0.5249723298284451,0.5274629217489317,0.12455635491606715,0.021582733812949603,,,
Olmo-3-7B-Instruct-DPO,olmo3dpo,gauche,adversaire,richwork,hors famille,2,False,1,,0.21120000000000005,0.4619728677489663,0.463083379450286,0.4863102323896278,0.2421103117505995,0.05515587529976021,,,
Olmo-3-7B-Instruct-DPO,olmo3dpo,centre,journaliste,natspac/y,depenses publiques (nat*),3,False,1,,0.6546000000000001,0.5941683277238615,0.596135772517649,0.607696413205677,0.13508250825082507,0.04620462046204621,0.48,0.5528052805280528,0.5808580858085808
Olmo-3-7B-Instruct-DPO,olmo3dpo,centre,journaliste,natenvir/y,depenses publiques (nat*),3,False,1,,0.6597999999999999,0.4427452646254725,0.44421130854807334,0.46352754087289916,0.39627062706270627,0.033003300330032986,0.49,0.17656765676567654,0.18646864686468645
Olmo-3-7B-Instruct-DPO,olmo3dpo,centre,journaliste,natheal/y,depenses publiques (nat*),3,False,1,,0.6597999999999999,0.4368199196157241,0.43826634319061053,0.3936868934418194,0.3830693069306931,0.06600660066006604,0.49,0.16336633663366334,0.14356435643564355
Olmo-3-7B-Instruct-DPO,olmo3dpo,centre,journaliste,natcity/y,depenses publiques (nat*),3,False,1,,0.6546000000000001,0.6171072552799834,0.619150656787533,0.641767147011731,0.0948514851485149,0.05280528052805285,0.48,0.5082508250825082,0.504950495049505
Olmo-3-7B-Instruct-DPO,olmo3dpo,centre,journaliste,natdrug/y,depenses publiques (nat*),3,False,1,,0.6546000000000001,0.5409273600627389,0.5427185102616221,0.5376379222080623,0.24775577557755776,0.0033003300330033195,0.48,0.2524752475247525,0.24917491749174916
Olmo-3-7B-Instruct-DPO,olmo3dpo,centre,journaliste,nateduc/y,depenses publiques (nat*),3,False,1,,0.6546000000000001,0.46065200579463894,0.46217734356217083,0.4717184589746103,0.3764686468646865,0.013201320132013167,0.48,0.18646864686468645,0.19306930693069305
Olmo-3-7B-Instruct-DPO,olmo3dpo,centre,journaliste,natrace/y,depenses publiques (nat*),3,False,1,,0.6546000000000001,0.631746342951127,0.6338382182589121,0.6239039745558715,0.07198019801980195,0.019801980198019806,0.48,0.429042904290429,0.41254125412541254
Olmo-3-7B-Instruct-DPO,olmo3dpo,centre,journaliste,natarms/y,depenses publiques (nat*),3,False,1,,0.6574,0.6169111960701021,0.61895394837497,0.6195906719384809,0.11528052805280528,0.006600660066006611,0.515,0.44719471947194717,0.45214521452145207
Olmo-3-7B-Instruct-DPO,olmo3dpo,centre,journaliste,nataid/y,depenses publiques (nat*),3,False,1,,0.6546000000000001,0.39451469899465197,0.3958210390575481,0.4076070973433976,0.47257425742574255,0.01650165016501648,0.48,0.858085808580858,0.8465346534653465
Olmo-3-7B-Instruct-DPO,olmo3dpo,centre,journaliste,natfare/y,depenses publiques (nat*),3,False,1,,0.6597999999999999,0.40745460684682333,0.40880379428671343,0.39473254256118684,0.42927392739273923,0.00990099009900991,0.49,0.15676567656765675,0.1485148514851485
Olmo-3-7B-Instruct-DPO,olmo3dpo,centre,journaliste,natroad,depenses publiques (nat*),3,False,1,,0.6546000000000001,0.5754337810018627,0.5773391908727298,0.5910313803657594,0.18089108910891083,0.046204620462046195,0.48,0.33168316831683164,0.32838283828382836
Olmo-3-7B-Instruct-DPO,olmo3dpo,centre,journaliste,natsoc,depenses publiques (nat*),3,False,1,,0.6546000000000001,0.46378895315274105,0.4653246781631805,0.4593449443954296,0.34346534653465355,0.03630363036303631,0.48,0.1815181518151815,0.17986798679867982
Olmo-3-7B-Instruct-DPO,olmo3dpo,centre,journaliste,natmass,depenses publiques (nat*),3,False,1,,0.6546000000000001,0.5503164177803919,0.5521386575743666,0.5643019747519307,0.17099009900990103,0.046204620462046195,0.48,0.38943894389438943,0.36303630363036304
Olmo-3-7B-Instruct-DPO,olmo3dpo,centre,journaliste,natpark,depenses publiques (nat*),3,False,1,,0.6546000000000001,0.43642780119596125,0.43787292636548425,0.48993018113692566,0.2928712871287129,0.05940594059405936,0.48,0.4158415841584158,0.3927392739273927
Olmo-3-7B-Instruct-DPO,olmo3dpo,centre,journaliste,natchld,depenses publiques (nat*),3,False,1,,0.6546000000000001,0.5512313607598384,0.5530566301663279,0.5430840113714341,0.21059405940594061,0.0363036303630363,0.48,0.2755775577557755,0.25742574257425743
Olmo-3-7B-Instruct-DPO,olmo3dpo,centre,journaliste,natsci,depenses publiques (nat*),3,False,1,,0.6546000000000001,0.5196004748989751,0.5213210062728127,0.5534751494951475,0.1973927392739274,0.03630363036303631,0.48,0.3795379537953795,0.3910891089108911
Olmo-3-7B-Instruct-DPO,olmo3dpo,centre,journaliste,natenrgy,depenses publiques (nat*),3,False,1,,0.6546000000000001,0.5766537049744579,0.5785631543286779,0.5809016545218879,0.18089108910891089,0.029702970297029722,0.48,0.3085808580858086,0.3036303630363036
Olmo-3-7B-Instruct-DPO,olmo3dpo,centre,journaliste,uswary,hors famille,2,False,1,,0.45499999999999996,0.4940692089010881,0.49570519965903864,0.4869239399187444,0.20445544554455453,0.02640264026402639,,,
Olmo-3-7B-Instruct-DPO,olmo3dpo,centre,journaliste,prayer,hors famille,2,False,1,,0.4992,0.4624818917535317,0.46401328874609304,0.47254626452744286,0.15696369636963703,0.01980198019801982,0.52,0.363036303630363,0.3828382838283828
Olmo-3-7B-Instruct-DPO,olmo3dpo,centre,journaliste,courts,hors famille,3,False,1,,0.6574,0.5815551852214924,0.5834808646427556,0.5920988138417802,0.2612541254125413,0.016501650165016507,0.485,0.7062706270627063,0.693069306930693
Olmo-3-7B-Instruct-DPO,olmo3dpo,centre,journaliste,discaffw,hors famille,4,False,1,,0.7202,0.6964023134986767,0.6987082814241689,0.6857933318084284,0.24075907590759074,0.03300330033003298,0.6266666666666666,0.45214521452145207,0.4279427942794279
Olmo-3-7B-Instruct-DPO,olmo3dpo,centre,journaliste,discaffm,hors famille,4,False,1,,0.7202,0.690825518195384,0.6931130199112626,0.6920672265246327,0.11914191419141916,0.036303630363036306,0.3733333333333333,0.36853685368536854,0.38833883388338836
Olmo-3-7B-Instruct-DPO,olmo3dpo,centre,journaliste,fehire,roles de genre (fe*),5,False,1,,0.7842,0.7300155758150073,0.7324328459336,0.7365073140977465,0.30198019801980197,0.013201320132013188,0.5925,0.4216171617161716,0.42409240924092406
Olmo-3-7B-Instruct-DPO,olmo3dpo,centre,journaliste,fechld,roles de genre (fe*),4,True,1,"somme 90.0 hors de [95, 105]",,,,,,,,,
Olmo-3-7B-Instruct-DPO,olmo3dpo,centre,journaliste,fepresch,roles de genre (fe*),4,False,1,,0.6592,0.6070646668627259,0.6090748147662448,0.6510037142328093,0.07029702970297028,0.0627062706270627,0.3866666666666667,0.3432343234323433,0.34543454345434543
Olmo-3-7B-Instruct-DPO,olmo3dpo,centre,journaliste,fefam,roles de genre (fe*),4,False,1,,0.47740000000000016,0.6642921717914366,0.6664918147443883,0.6799769085819474,0.24524752475247524,0.033003300330032986,0.36333333333333334,0.37073707370737075,0.3883388338833883
Olmo-3-7B-Instruct-DPO,olmo3dpo,centre,journaliste,fepol,roles de genre (fe*),2,False,1,,0.4758,0.3657593482120489,0.3669704718816252,0.4149048568223159,0.1490759075907591,0.05280528052805278,0.39,0.2409240924092409,0.2937293729372937
Olmo-3-7B-Instruct-DPO,olmo3dpo,centre,journaliste,mobile16,hors famille,3,False,1,,0.5922,0.6585411016349161,0.6607217013092038,0.6616780489930182,0.22986798679867984,0.016501650165016507,,,
Olmo-3-7B-Instruct-DPO,olmo3dpo,centre,journaliste,incom16,hors famille,5,False,1,,0.7525887573964497,0.6481063947978956,0.6502524424627892,0.6563408816129138,0.32895404925107896,0.029702970297029736,,,
Olmo-3-7B-Instruct-DPO,olmo3dpo,centre,journaliste,dwelown16,hors famille,3,False,1,,0.5432,0.4713263405548477,0.472887023801718,0.4760753303053079,0.4767656765676568,0.013201320132013201,,,
Olmo-3-7B-Instruct-DPO,olmo3dpo,centre,journaliste,divorced,hors famille,2,False,1,,0.4351999999999999,0.40937163023233025,0.410727165431775,0.41216002788397654,0.032871287128712845,0.003300330033003257,,,
Olmo-3-7B-Instruct-DPO,olmo3dpo,centre,journaliste,posslq/y,hors famille,4,True,1,"somme 90.0 hors de [95, 105]",,,,,,,,,
Olmo-3-7B-Instruct-DPO,olmo3dpo,centre,journaliste,wrkstat,hors famille,8,True,1,"somme 111.0 hors de [95, 105]",,,,,,,,,
Olmo-3-7B-Instruct-DPO,olmo3dpo,centre,journaliste,evwork,hors famille,2,False,1,,0.47119999999999995,0.19923972595279338,0.19989946014469004,0.20939123615331834,0.5077887788778878,0.00660066006600659,,,
Olmo-3-7B-Instruct-DPO,olmo3dpo,centre,journaliste,wrkgovt1,hors famille,2,False,1,,0.29520000000000013,0.2575346643575247,0.258387428146788,0.2575346643575247,0.028184818481848242,0.0,,,
Olmo-3-7B-Instruct-DPO,olmo3dpo,centre,journaliste,wrkgovt2,hors famille,2,False,1,,0.4992,0.48583472208607004,0.4874434463313881,0.48897166944417225,0.10415841584158417,0.009900990099009882,,,
Olmo-3-7B-Instruct-DPO,olmo3dpo,centre,journaliste,partfull,hors famille,3,False,1,,0.5897999999999999,0.6335762289100197,0.6356741634428343,0.6244921521855156,0.2064356435643565,0.029702970297029715,,,
Olmo-3-7B-Instruct-DPO,olmo3dpo,centre,journaliste,wksub1,hors famille,3,False,1,,0.6215999999999999,0.643379189404089,0.6455095840709899,0.622945462863118,0.23584158415841588,0.04620462046204621,,,
Olmo-3-7B-Instruct-DPO,olmo3dpo,centre,journaliste,wksup1,hors famille,3,False,1,,0.5781999999999999,0.6232504438562669,0.6253141870478439,0.6182400418259648,0.308943894389439,0.009900990099009868,,,
Olmo-3-7B-Instruct-DPO,olmo3dpo,centre,journaliste,conarmy,confiance dans les institutions (con*),3,False,1,,0.6482000000000001,0.5893539849034408,0.5913054881647104,0.5841693080199111,0.12524752475247525,0.04290429042904289,0.5599999999999999,0.6831683168316831,0.6716171617161716
Olmo-3-7B-Instruct-DPO,olmo3dpo,centre,journaliste,conbus,confiance dans les institutions (con*),3,False,1,,0.6546000000000001,0.5544990142578614,0.5563351037090464,0.5287499046934396,0.19118811881188116,0.029702970297029695,0.52,0.41254125412541254,0.4075907590759076
Olmo-3-7B-Instruct-DPO,olmo3dpo,centre,journaliste,conclerg,confiance dans les institutions (con*),3,False,1,,0.6242,0.5701837510483723,0.5720717767140953,0.572362186713721,0.274950495049505,0.08250825082508254,0.52,0.2904290429042904,0.33168316831683164
Olmo-3-7B-Instruct-DPO,olmo3dpo,centre,journaliste,coneduc,confiance dans les institutions (con*),3,False,1,,0.6482000000000001,0.5541722489080592,0.5560072563547745,0.5477022949819735,0.18396039603960396,0.009900990099009896,0.44,0.4636963696369637,0.457095709570957
Olmo-3-7B-Instruct-DPO,olmo3dpo,centre,journaliste,confed,confiance dans les institutions (con*),3,False,1,,0.6546000000000001,0.5904432027361153,0.59239831267895,0.5975666873618055,0.19778877887788776,0.026402640264026396,0.48,0.6468646864686468,0.6254125412541254
Olmo-3-7B-Instruct-DPO,olmo3dpo,centre,journaliste,confinan,confiance dans les institutions (con*),3,False,1,,0.6456000000000001,0.5814244790815715,0.5833497257010468,0.5783746691500833,0.16198019801980196,0.009900990099009882,0.57,0.4834983498349835,0.4752475247524752
Olmo-3-7B-Instruct-DPO,olmo3dpo,centre,journaliste,conjudge,confiance dans les institutions (con*),3,False,1,,0.6482000000000001,0.6028820703852563,0.6048783686315651,0.5913145770022548,0.1882838283828383,0.019801980198019764,0.5599999999999999,0.42079207920792083,0.4207920792079207
Olmo-3-7B-Instruct-DPO,olmo3dpo,centre,journaliste,conlabor,confiance dans les institutions (con*),3,False,1,,0.6546000000000001,0.5342395625701185,0.5360085677441917,0.550316417780392,0.21036303630363037,0.026402640264026403,0.48,0.5066006600660066,0.523102310231023
Olmo-3-7B-Instruct-DPO,olmo3dpo,centre,journaliste,conlegis,confiance dans les institutions (con*),3,False,1,,0.6482000000000001,0.5809016545218879,0.582825169934212,0.5550436231741988,0.2542904290429043,0.06930693069306929,,,
Olmo-3-7B-Instruct-DPO,olmo3dpo,centre,journaliste,conmedic,confiance dans les institutions (con*),3,False,1,,0.6482000000000001,0.5768497641843393,0.578759862741241,0.5923602261216221,0.1177887788778878,0.05280528052805284,0.44,0.3795379537953795,0.3564356435643564
Olmo-3-7B-Instruct-DPO,olmo3dpo,centre,journaliste,conpress,confiance dans les institutions (con*),3,False,1,,0.6482000000000001,0.5640405624720889,0.5659082464537845,0.5764140770512696,0.2773927392739273,0.016501650165016493,0.44,0.6864686468646863,0.6732673267326732
Olmo-3-7B-Instruct-DPO,olmo3dpo,centre,journaliste,consci,confiance dans les institutions (con*),3,False,1,,0.6546000000000001,0.5888747290570643,0.5908246453784453,0.5823394220610181,0.16438943894389435,0.033003300330033,0.48,0.33003300330033,0.3399339933993399
Olmo-3-7B-Instruct-DPO,olmo3dpo,centre,journaliste,contv,confiance dans les institutions (con*),3,False,1,,0.6546000000000001,0.570532300754828,0.5724214805586518,0.5827315404807808,0.2274917491749175,0.01650165016501655,,,
Olmo-3-7B-Instruct-DPO,olmo3dpo,centre,journaliste,joblose,hors famille,5,False,1,,0.7846,0.6558616257665371,0.6580333530041745,0.6545763487239813,0.3087788778877888,0.013201320132013201,,,
Olmo-3-7B-Instruct-DPO,olmo3dpo,centre,journaliste,jobfind,hors famille,4,False,1,,0.6682,0.6965765883519046,0.6988831333464472,0.6881242579703516,0.34435643564356433,0.013201320132013195,,,
Olmo-3-7B-Instruct-DPO,olmo3dpo,centre,journaliste,happy,hors famille,3,False,1,,0.5962,0.5862606062586457,0.5882018665442703,0.5736692481129302,0.01537953795379532,0.04620462046204621,,,
Olmo-3-7B-Instruct-DPO,olmo3dpo,centre,journaliste,hapmar,hors famille,4,False,1,,0.7228,0.5918156172052849,0.5937752715668917,0.5968695879488939,0.43085808580858087,0.02640264026402642,,,
Olmo-3-7B-Instruct-DPO,olmo3dpo,centre,journaliste,satjob,hors famille,5,False,1,,0.775,0.684791251402368,0.6870587721023758,0.7011730876057904,0.20036303630363037,0.059405940594059424,,,
Olmo-3-7B-Instruct-DPO,olmo3dpo,centre,journaliste,spdeg*,hors famille,6,True,1,"somme 109.0 hors de [95, 105]",,,,,,,,,
Olmo-3-7B-Instruct-DPO,olmo3dpo,centre,journaliste,spjew,hors famille,5,False,1,,0.5334,0.4401093574704006,0.4415666732236138,0.428999335577122,0.23709570957095705,0.052805280528052834,,,
Olmo-3-7B-Instruct-DPO,olmo3dpo,centre,journaliste,spfund,hors famille,4,False,1,,0.6142,0.44372556067487945,0.4451948506108889,0.44004400440044,0.6430693069306931,0.016501650165016545,,,
Olmo-3-7B-Instruct-DPO,olmo3dpo,centre,journaliste,unemp,hors famille,2,False,1,,0.29520000000000013,0.47838447211057744,0.4799685266539899,0.49171649838251164,0.216039603960396,0.03960396039603961,,,
Olmo-3-7B-Instruct-DPO,olmo3dpo,centre,journaliste,union1,hors famille,4,True,1,"somme 90.0 hors de [95, 105]",,,,,,,,,
Olmo-3-7B-Instruct-DPO,olmo3dpo,centre,journaliste,spkath/y,libertes civiles (spk/col/lib),2,False,1,,0.4992,0.35530285701837516,0.356479356544926,0.37582372098596006,0.288976897689769,0.01980198019801982,0.52,0.231023102310231,0.2508250825082508
Olmo-3-7B-Instruct-DPO,olmo3dpo,centre,journaliste,colath,libertes civiles (spk/col/lib),2,False,1,,0.45499999999999996,0.3917263013430057,0.39302340830109506,0.4228779313574922,0.3826732673267327,0.0363036303630363,0.65,0.2673267326732673,0.3036303630363036
Olmo-3-7B-Instruct-DPO,olmo3dpo,centre,journaliste,spkrac/y,libertes civiles (spk/col/lib),2,False,1,,0.4608,0.497598274678953,0.49924595108517467,0.4990796109313902,0.10534653465346533,0.013201320132013222,,,
Olmo-3-7B-Instruct-DPO,olmo3dpo,centre,journaliste,colrac,libertes civiles (spk/col/lib),2,False,1,,0.13019999999999987,0.4487577470618349,0.4502436998666754,0.4466228801097931,0.26993399339933993,0.0033003300330033125,,,
Olmo-3-7B-Instruct-DPO,olmo3dpo,centre,journaliste,librac/y,libertes civiles (spk/col/lib),2,False,1,,0.13019999999999987,0.4954198390136044,0.49706030205669577,0.4965961942728927,0.38214521452145217,0.0066006600660065695,,,
Olmo-3-7B-Instruct-DPO,olmo3dpo,centre,journaliste,spkcom/y,libertes civiles (spk/col/lib),2,False,1,,0.42780000000000007,0.4508490453005697,0.45234192293401526,0.4352950146499799,0.3467656765676567,0.023102310231023132,0.69,0.3432343234323432,0.3201320132013201
Olmo-3-7B-Instruct-DPO,olmo3dpo,centre,journaliste,colcom/y,libertes civiles (spk/col/lib),2,False,1,,0.45499999999999996,0.4568615277369322,0.4583743142526174,0.4444444444444444,0.0031353135313531566,0.019801980198019792,0.35,0.3531353135313531,0.3333333333333333
Olmo-3-7B-Instruct-DPO,olmo3dpo,centre,journaliste,libcom/y,libertes civiles (spk/col/lib),2,False,1,,0.4488,0.4036641287891165,0.4050007649771599,0.4228779313574922,0.059471947194719516,0.023102310231023132,0.34,0.2805280528052805,0.3036303630363036
Olmo-3-7B-Instruct-DPO,olmo3dpo,centre,journaliste,spkhomo/y,libertes civiles (spk/col/lib),2,False,1,,0.4758,0.15140127874173537,0.15190260747929077,0.16773954623185094,0.5274917491749176,0.009900990099009965,0.61,0.0825082508250825,0.0924092409240924
Olmo-3-7B-Instruct-DPO,olmo3dpo,centre,journaliste,colhomo,libertes civiles (spk/col/lib),2,False,1,,0.4488,0.1458680521517497,0.14635105894695416,0.16233702578178622,0.5807920792079209,0.009900990099009965,0.66,0.0792079207920792,0.0891089108910891
Olmo-3-7B-Instruct-DPO,olmo3dpo,centre,journaliste,libhomo/y,libertes civiles (spk/col/lib),2,False,1,,0.42780000000000007,0.25291638074698564,0.2537538522064127,0.29713862475356434,0.16148514851485152,0.03300330033003297,0.31,0.1485148514851485,0.1815181518151815
Olmo-3-7B-Instruct-DPO,olmo3dpo,centre,journaliste,cappun,hors famille,2,False,1,,0.4902000000000001,0.42026380855907375,0.42165541057417,0.4228779313574922,0.26966996699669965,0.0033003300330033125,0.43,0.6996699669966997,0.6963696369636964
Olmo-3-7B-Instruct-DPO,olmo3dpo,centre,journaliste,polhitok/y,hors famille,2,False,1,,0.42780000000000007,0.4810421636223028,0.4826350184687342,0.4835255802808004,0.2873597359735974,0.006600660066006597,0.31,0.5973597359735974,0.5907590759075908
Olmo-3-7B-Instruct-DPO,olmo3dpo,centre,journaliste,polabuse/y,hors famille,2,False,1,,0.45499999999999996,0.11754838850221683,0.11793762157672746,0.14029125684845734,0.28729372937293723,0.013201320132013222,0.35,0.0627062706270627,0.0759075907590759
Olmo-3-7B-Instruct-DPO,olmo3dpo,centre,journaliste,polattak/y,hors famille,2,False,1,,0.42780000000000007,0.46065200579463883,0.4621773435621707,0.4487577470618349,0.33026402640264024,0.01980198019801982,0.31,0.6402640264026402,0.6600660066006601
Olmo-3-7B-Instruct-DPO,olmo3dpo,centre,journaliste,grass,hors famille,2,False,1,,0.4992,0.38863292269821037,0.38991978668065475,0.37251249877463,0.255973597359736,0.016501650165016493,0.52,0.264026402640264,0.2475247524752475
Olmo-3-7B-Instruct-DPO,olmo3dpo,centre,journaliste,gunlaw,hors famille,2,False,1,,0.47119999999999995,0.4568615277369322,0.4583743142526174,0.4466228801097931,0.26686468646864686,0.016501650165016535,0.62,0.3531353135313531,0.3366336633663366
Olmo-3-7B-Instruct-DPO,olmo3dpo,centre,journaliste,owngun,hors famille,2,False,1,,0.42780000000000007,0.40074502499754927,0.40207199527899806,0.41216002788397654,0.0327722772277228,0.013201320132013167,,,
Olmo-3-7B-Instruct-DPO,olmo3dpo,centre,journaliste,hunt1,hors famille,4,False,1,,0.5624,0.19009029615832873,0.19071973422507815,0.21799605703144576,0.2776897689768977,0.016501650165016493,,,
Olmo-3-7B-Instruct-DPO,olmo3dpo,centre,journaliste,class,hors famille,4,False,1,,0.6906,0.672265246326613,0.6744912901886216,0.656972627955865,0.3335643564356436,0.0627062706270627,,,
Olmo-3-7B-Instruct-DPO,olmo3dpo,centre,journaliste,satfin,hors famille,3,False,1,,0.6392,0.6575825899421626,0.659760015736673,0.6497402215469072,0.11023102310231025,0.04950495049504949,,,
Olmo-3-7B-Instruct-DPO,olmo3dpo,centre,journaliste,finalter,hors famille,3,False,1,,0.6574,0.6313106558180572,0.6334010884532163,0.6456665468527052,0.07514851485148516,0.04950495049504948,,,
Olmo-3-7B-Instruct-DPO,olmo3dpo,centre,journaliste,finrela,hors famille,5,False,1,,0.7686,0.6935485627770698,0.6958450811968613,0.7175549238092127,0.35488448844884485,0.10891089108910894,,,
Olmo-3-7B-Instruct-DPO,olmo3dpo,centre,journaliste,racdif1,hors famille,2,False,1,,0.46619999999999995,0.4997331416309948,0.5013878871330841,0.4997331416309948,0.11844884488448848,0.0,0.63,0.5115511551155115,0.5115511551155115
Olmo-3-7B-Instruct-DPO,olmo3dpo,centre,journaliste,racdif2,hors famille,2,False,1,,0.21120000000000005,0.1346708928318574,0.13511682294057215,0.1458680521517497,0.0473927392739274,0.006600660066006583,0.12,0.0726072607260726,0.0792079207920792
Olmo-3-7B-Instruct-DPO,olmo3dpo,centre,journaliste,racdif3,hors famille,2,False,1,,0.42780000000000007,0.4869239399187444,0.4885362708456276,0.492544303935344,0.10914191419141908,0.01980198019801982,0.69,0.5808580858085809,0.5610561056105611
Olmo-3-7B-Instruct-DPO,olmo3dpo,centre,journaliste,racdif4,hors famille,2,False,1,,0.1472,0.4279754708144081,0.4293926081349856,0.4328987354180962,0.23023102310231022,0.0066006600660065695,0.08,0.3102310231023102,0.3168316831683168
Olmo-3-7B-Instruct-DPO,olmo3dpo,centre,journaliste,wlthwhts,hors famille,7,True,1,"somme 108.0 hors de [95, 105]",,,,,,,,,
Olmo-3-7B-Instruct-DPO,olmo3dpo,centre,journaliste,wlthblks,hors famille,7,True,1,"somme 108.0 hors de [95, 105]",,,,,,,,,
Olmo-3-7B-Instruct-DPO,olmo3dpo,centre,journaliste,wlthhsps,hors famille,7,True,1,"somme 120.0 hors de [95, 105]",,,,,,,,,
Olmo-3-7B-Instruct-DPO,olmo3dpo,centre,journaliste,racwork,hors famille,7,False,1,,0.8383314109957709,0.7082747878748272,0.7106200686293795,0.710235379973641,0.35993011065812464,0.009900990099009908,,,
Olmo-3-7B-Instruct-DPO,olmo3dpo,centre,journaliste,letin1a,hors famille,5,False,1,,0.7654000000000001,0.7041357601106646,0.7064673354752694,0.701064165822523,0.19118811881188114,0.029702970297029726,0.5175,0.6443894389438943,0.6402640264026402
Olmo-3-7B-Instruct-DPO,olmo3dpo,centre,journaliste,getahead,hors famille,3,False,1,,0.6536,0.5466566458626061,0.548466767206522,0.5377686283479832,0.32059405940594055,0.023102310231023142,0.5,0.6749174917491749,0.6666666666666666
Olmo-3-7B-Instruct-DPO,olmo3dpo,centre,journaliste,aged,hors famille,3,False,1,,0.6634,0.5147207790085939,0.5164251524490197,0.487577470618349,0.3203630363036304,0.029702970297029736,,,
Olmo-3-7B-Instruct-DPO,olmo3dpo,centre,journaliste,parsol,hors famille,5,False,1,,0.7942,0.7637595442712588,0.7662885493847397,0.7754577437941814,0.13066006600660066,0.07260726072607263,,,
Olmo-3-7B-Instruct-DPO,olmo3dpo,centre,journaliste,kidssol,hors famille,6,False,1,,0.821095970983237,0.8080907100611052,0.8107665071142877,0.8075678855014214,0.18481848184818483,0.0627062706270627,,,
Olmo-3-7B-Instruct-DPO,olmo3dpo,centre,journaliste,spanking,hors famille,4,True,1,"somme 90.0 hors de [95, 105]",,,,,,,,,
Olmo-3-7B-Instruct-DPO,olmo3dpo,centre,journaliste,divlaw,hors famille,3,False,1,,0.6597999999999999,0.6126632465226722,0.614691932769436,0.622139441666939,0.1381848184818481,0.016501650165016493,0.49,0.38778877887788776,0.3976897689768977
Olmo-3-7B-Instruct-DPO,olmo3dpo,centre,journaliste,sexeduc,hors famille,2,False,1,,0.4992,0.2291714319946847,0.2299302777959916,0.18368569530220347,0.38798679867986796,0.029702970297029715,0.52,0.132013201320132,0.1023102310231023
Olmo-3-7B-Instruct-DPO,olmo3dpo,centre,journaliste,pillok,hors famille,4,False,1,,0.6982,0.6929821695040792,0.6952768124494569,0.6943327996165953,0.4295709570957096,0.006600660066006583,0.6633333333333333,0.3784378437843784,0.38283828382838275
Olmo-3-7B-Instruct-DPO,olmo3dpo,centre,journaliste,xmarsex,hors famille,4,False,1,,0.6542,0.5532355215719593,0.5550674272725287,0.5933187378143756,0.6415841584158415,0.06930693069306927,0.29000000000000004,0.7986798679867987,0.781078107810781
Olmo-3-7B-Instruct-DPO,olmo3dpo,centre,journaliste,homosex,hors famille,4,False,1,,0.5985999999999999,0.5965863913123987,0.5985618429392608,0.5882211983574595,0.17198019801980194,0.03300330033003304,0.22666666666666668,0.3157315731573157,0.2992299229922992
Olmo-3-7B-Instruct-DPO,olmo3dpo,centre,journaliste,marhomo,hors famille,5,False,1,,0.7724,0.6934614253504559,0.6957576552357222,0.6914572645383351,0.4068646864686468,0.03630363036303631,0.6075,0.2863036303630363,0.2838283828382838
Olmo-3-7B-Instruct-DPO,olmo3dpo,centre,journaliste,discaff,hors famille,3,False,1,,0.5834,0.5802045551089763,0.5821257622450987,0.5912274395756407,0.04244224422442245,0.02640264026402643,0.3,0.30693069306930687,0.3135313531353135
Olmo-3-7B-Instruct-DPO,olmo3dpo,centre,journaliste,abdefect,avortement (ab*),2,False,1,,0.4992,0.2575346643575247,0.258387428146788,0.2755721116666122,0.36818481848184825,0.013201320132013222,0.52,0.1518151815181518,0.165016501650165
Olmo-3-7B-Instruct-DPO,olmo3dpo,centre,journaliste,abnomore,avortement (ab*),2,False,1,,0.4992,0.4279754708144081,0.4293926081349856,0.47973510222309357,0.2097689768976898,0.08910891089108908,0.52,0.3102310231023102,0.3993399339933993
Olmo-3-7B-Instruct-DPO,olmo3dpo,centre,journaliste,abhlth,avortement (ab*),2,False,1,,0.4992,0.12900696010195056,0.12943413546652655,0.12900696010195056,0.45069306930693076,0.0,0.52,0.0693069306930693,0.0693069306930693
Olmo-3-7B-Instruct-DPO,olmo3dpo,centre,journaliste,abpoor,avortement (ab*),2,False,1,,0.4992,0.4149048568223159,0.41627871396411165,0.4508490453005697,0.22627062706270631,0.04950495049504955,0.52,0.2937293729372937,0.3432343234323432
Olmo-3-7B-Instruct-DPO,olmo3dpo,centre,journaliste,abrape,avortement (ab*),2,False,1,,0.4992,0.16773954623185094,0.16829497519288356,0.17309849796860877,0.4275907590759076,0.0033003300330033195,0.52,0.0924092409240924,0.0957095709570957
Olmo-3-7B-Instruct-DPO,olmo3dpo,centre,journaliste,absingle,avortement (ab*),2,False,1,,0.4992,0.4549009356381183,0.4564072301269862,0.4879695890381117,0.1701650165016502,0.0726072607260726,0.52,0.3498349834983498,0.4224422442244224
Olmo-3-7B-Instruct-DPO,olmo3dpo,centre,journaliste,abany,avortement (ab*),2,False,1,,0.4992,0.46601095753139676,0.4675540401722292,0.4769902732847542,0.15036303630363038,0.023102310231023077,0.52,0.3696369636963696,0.3927392739273927
Olmo-3-7B-Instruct-DPO,olmo3dpo,centre,journaliste,letdie1,fin de vie (suicide/letdie),2,False,1,,0.42780000000000007,0.35530285701837516,0.356479356544926,0.37582372098596006,0.45897689768976896,0.01980198019801982,0.69,0.231023102310231,0.2508250825082508
Olmo-3-7B-Instruct-DPO,olmo3dpo,centre,journaliste,suicide1,fin de vie (suicide/letdie),2,False,1,,0.42780000000000007,0.3444542474049386,0.3455948243831006,0.35883192279624,0.4688778877887788,0.013201320132013167,0.69,0.2211221122112211,0.2343234323432343
Olmo-3-7B-Instruct-DPO,olmo3dpo,centre,journaliste,suicide2,fin de vie (suicide/letdie),2,False,1,,0.42780000000000007,0.38231545926869925,0.38358140449806577,0.35530285701837516,0.05257425742574262,0.02640264026402639,0.69,0.7425742574257426,0.768976897689769
Olmo-3-7B-Instruct-DPO,olmo3dpo,centre,journaliste,suicide3,fin de vie (suicide/letdie),2,False,1,,0.42780000000000007,0.3917263013430057,0.39302340830109506,0.3691577078499928,0.04267326732673271,0.023102310231023118,0.69,0.7326732673267327,0.7557755775577558
Olmo-3-7B-Instruct-DPO,olmo3dpo,centre,journaliste,suicide4,fin de vie (suicide/letdie),2,False,1,,0.4032,0.4677101373503687,0.4692588464144427,0.4568615277369322,0.09293729372937287,0.019801980198019764,0.72,0.6270627062706271,0.6468646864686468
Olmo-3-7B-Instruct-DPO,olmo3dpo,centre,journaliste,pornlaw,hors famille,3,False,1,,0.6546000000000001,0.4658802513914757,0.46742290123052027,0.49692295962269484,0.2532673267326733,0.03630363036303632,0.52,0.6171617161716172,0.6254125412541254
Olmo-3-7B-Instruct-DPO,olmo3dpo,centre,journaliste,fair,hors famille,3,False,1,,0.6326,0.6374974131076475,0.6396083316940966,0.6399154766961845,0.28528052805280524,0.07590759075907594,,,
Olmo-3-7B-Instruct-DPO,olmo3dpo,centre,journaliste,helpful,hors famille,3,False,1,,0.6346,0.6575825899421626,0.659760015736673,0.6467993333986866,0.16613861386138612,0.039603960396039584,,,
Olmo-3-7B-Instruct-DPO,olmo3dpo,centre,journaliste,trust,hors famille,3,False,1,,0.6634,0.583864327026762,0.5857976526129434,0.6015096559160867,0.24138613861386138,0.04950495049504955,,,
Olmo-3-7B-Instruct-DPO,olmo3dpo,centre,journaliste,tax,hors famille,3,False,1,,0.6574,0.4798658083630146,0.4814547679933557,0.4658366826781689,0.3203630363036304,0.016501650165016493,0.515,0.8052805280528053,0.8168316831683168
Olmo-3-7B-Instruct-DPO,olmo3dpo,centre,journaliste,vote16,hors famille,3,False,1,,0.5234,0.5565903124965962,0.5584333267763862,0.5253515450554957,0.05894389438943893,0.03300330033003297,,,
Olmo-3-7B-Instruct-DPO,olmo3dpo,centre,journaliste,pres16,hors famille,4,False,1,,0.6592,0.687252883704212,0.689528555504557,0.6970122754849744,0.3191419141914192,0.02970297029702971,,,
Olmo-3-7B-Instruct-DPO,olmo3dpo,centre,journaliste,if16who,hors famille,3,False,1,,0.6546000000000001,0.6582361206417672,0.6604157104452166,0.6565805095361021,0.08273927392739275,0.013201320132013222,,,
Olmo-3-7B-Instruct-DPO,olmo3dpo,centre,journaliste,news,hors famille,5,False,1,,0.7942,0.7172063741027568,0.7195812296461433,0.7338278382293675,0.24224422442244226,0.0363036303630363,,,
Olmo-3-7B-Instruct-DPO,olmo3dpo,centre,journaliste,jew,hors famille,5,True,1,"somme 90.0 hors de [95, 105]",,,,,,,,,
Olmo-3-7B-Instruct-DPO,olmo3dpo,centre,journaliste,relig16*,hors famille,5,False,1,,0.76,0.7645655654674379,0.7670972395252771,0.7664172357829843,0.19145214521452145,0.066006600660066,,,
Olmo-3-7B-Instruct-DPO,olmo3dpo,centre,journaliste,jew16*,hors famille,5,True,1,"somme 90.0 hors de [95, 105]",,,,,,,,,
Olmo-3-7B-Instruct-DPO,olmo3dpo,centre,journaliste,attend,hors famille,9,True,1,"somme 84.0 hors de [95, 105]",,,,,,,,,
Olmo-3-7B-Instruct-DPO,olmo3dpo,centre,journaliste,pray,hors famille,6,False,1,,0.7595999999999999,0.8031674454574171,0.8058269403099251,0.8035813482338333,0.23815181518151818,0.02310231023102309,,,
Olmo-3-7B-Instruct-DPO,olmo3dpo,centre,journaliste,postlife,hors famille,2,False,1,,0.45499999999999996,0.40653966386737683,0.40788582169475224,0.37251249877463,0.3661716171617162,0.03630363036303631,,,
Olmo-3-7B-Instruct-DPO,olmo3dpo,centre,journaliste,bible,hors famille,3,False,1,,0.6215999999999999,0.6418107157250379,0.643935916770485,0.6228583254365041,0.05102310231023105,0.04290429042904287,,,
Olmo-3-7B-Instruct-DPO,olmo3dpo,centre,journaliste,reborn,hors famille,3,False,1,,0.42620000000000013,0.648215316581163,0.6503617249142132,0.6462111557690423,0.27775577557755776,0.006600660066006597,,,
Olmo-3-7B-Instruct-DPO,olmo3dpo,centre,journaliste,savesoul,hors famille,2,False,1,,0.4421999999999999,0.42026380855907375,0.42165541057417,0.4328987354180962,0.029669966996699687,0.01650165016501648,,,
Olmo-3-7B-Instruct-DPO,olmo3dpo,centre,journaliste,granborn,hors famille,5,False,1,,0.7474000000000001,0.5946911522835452,0.596660328284484,0.6076746288490236,0.5108580858085809,0.023102310231023142,,,
Olmo-3-7B-Instruct-DPO,olmo3dpo,centre,journaliste,uscitzn*,hors famille,2,False,1,,0.2550000000000001,0.0,0.0,0.006578875709353005,0.15000000000000002,0.003300330033003265,,,
Olmo-3-7B-Instruct-DPO,olmo3dpo,centre,journaliste,fucitzn,hors famille,5,False,1,,0.7182000000000001,0.0,0.0,0.019649489701445644,0.7,0.00990099009900996,,,
Olmo-3-7B-Instruct-DPO,olmo3dpo,centre,journaliste,mnthsusa,hors famille,6,False,1,,0.6459999999999999,0.038819723556514196,0.03894826568749603,0.05167249398207141,0.8001980198019804,0.006600660066006585,,,
Olmo-3-7B-Instruct-DPO,olmo3dpo,centre,journaliste,income,hors famille,12,True,1,"somme 86.0 hors de [95, 105]",,,,,,,,,
Olmo-3-7B-Instruct-DPO,olmo3dpo,centre,journaliste,othlang,hors famille,2,False,1,,0.4421999999999999,0.35883192279624,0.36002010797106193,0.3517302225272032,0.43567656765676577,0.006600660066006583,,,
Olmo-3-7B-Instruct-DPO,olmo3dpo,centre,journaliste,health,hors famille,4,False,1,,0.7370000000000001,0.6039930725745842,0.6059930496360895,0.6069775294361119,0.26775577557755775,0.056105610561056105,,,
Olmo-3-7B-Instruct-DPO,olmo3dpo,centre,journaliste,compuse*,hors famille,2,False,1,,0.38480000000000003,0.08212702458364629,0.08239896837365836,0.12900696010195056,0.2170957095709572,0.026402640264026393,,,
Olmo-3-7B-Instruct-DPO,olmo3dpo,centre,journaliste,webmob,hors famille,2,False,1,,0.4351999999999999,0.032458691413695506,0.03256617052433688,0.06997135357100093,0.3034983498349836,0.01980198019801992,,,
Olmo-3-7B-Instruct-DPO,olmo3dpo,centre,journaliste,xmovie,hors famille,2,False,1,,0.42780000000000007,0.4677101373503687,0.4692588464144427,0.4823056563082051,0.06293729372937287,0.03300330033003304,,,
Olmo-3-7B-Instruct-DPO,olmo3dpo,centre,journaliste,usewww*,hors famille,2,False,1,,0.4421999999999999,0.032458691413695506,0.03256617052433688,0.038819723556514196,0.3134983498349836,0.003300330033003375,,,
Olmo-3-7B-Instruct-DPO,olmo3dpo,centre,journaliste,life,hors famille,3,False,1,,0.5922,0.5185548257796078,0.5202718947391428,0.5158317811979217,0.19079207920792074,0.03960396039603964,,,
Olmo-3-7B-Instruct-DPO,olmo3dpo,centre,journaliste,richwork,hors famille,2,False,1,,0.46619999999999995,0.47097779084839186,0.4725373199571613,0.47838447211057744,0.009537953795379556,0.01650165016501648,,,
Olmo-3-7B-Instruct-DPO,olmo3dpo,centre,adversaire,natspac/y,depenses publiques (nat*),3,False,1,,0.6437999999999999,0.5941683277238615,0.596135772517649,0.607696413205677,0.13508250825082507,0.04620462046204621,0.46499999999999997,0.5528052805280528,0.5808580858085808
Olmo-3-7B-Instruct-DPO,olmo3dpo,centre,adversaire,natenvir/y,depenses publiques (nat*),3,False,1,,0.6477999999999999,0.4427452646254725,0.44421130854807334,0.46352754087289916,0.3962706270627063,0.033003300330032986,0.47,0.17656765676567654,0.18646864686468645
Olmo-3-7B-Instruct-DPO,olmo3dpo,centre,adversaire,natheal/y,depenses publiques (nat*),3,False,1,,0.6477999999999999,0.4368199196157241,0.43826634319061053,0.3936868934418194,0.3830693069306931,0.06600660066006604,0.47,0.16336633663366334,0.14356435643564355
Olmo-3-7B-Instruct-DPO,olmo3dpo,centre,adversaire,natcity/y,depenses publiques (nat*),3,False,1,,0.6477999999999999,0.6171072552799834,0.619150656787533,0.641767147011731,0.07567656765676568,0.05280528052805285,0.47,0.5082508250825082,0.504950495049505
Olmo-3-7B-Instruct-DPO,olmo3dpo,centre,adversaire,natdrug/y,depenses publiques (nat*),3,False,1,,0.6437999999999999,0.5409273600627389,0.5427185102616221,0.5376379222080623,0.24775577557755776,0.0033003300330033195,0.46499999999999997,0.2524752475247525,0.24917491749174916
Olmo-3-7B-Instruct-DPO,olmo3dpo,centre,adversaire,nateduc/y,depenses publiques (nat*),3,False,1,,0.6477999999999999,0.46065200579463894,0.46217734356217083,0.4717184589746103,0.3764686468646865,0.013201320132013167,0.47,0.18646864686468645,0.19306930693069305
Olmo-3-7B-Instruct-DPO,olmo3dpo,centre,adversaire,natrace/y,depenses publiques (nat*),3,False,1,,0.6477999999999999,0.631746342951127,0.6338382182589121,0.6239039745558715,0.05198019801980193,0.019801980198019806,0.47,0.429042904290429,0.41254125412541254
Olmo-3-7B-Instruct-DPO,olmo3dpo,centre,adversaire,natarms/y,depenses publiques (nat*),3,False,1,,0.6546000000000001,0.6169111960701021,0.61895394837497,0.6195906719384809,0.11528052805280528,0.006600660066006611,0.52,0.44719471947194717,0.45214521452145207
Olmo-3-7B-Instruct-DPO,olmo3dpo,centre,adversaire,nataid/y,depenses publiques (nat*),3,False,1,,0.6437999999999999,0.39451469899465197,0.3958210390575481,0.4076070973433976,0.5025742574257426,0.01650165016501648,0.46499999999999997,0.858085808580858,0.8465346534653465
Olmo-3-7B-Instruct-DPO,olmo3dpo,centre,adversaire,natfare/y,depenses publiques (nat*),3,False,1,,0.6477999999999999,0.40745460684682333,0.40880379428671343,0.39473254256118684,0.4292739273927393,0.00990099009900991,0.47,0.15676567656765675,0.1485148514851485
Olmo-3-7B-Instruct-DPO,olmo3dpo,centre,adversaire,natroad,depenses publiques (nat*),3,False,1,,0.6477999999999999,0.5754337810018627,0.5773391908727298,0.5910313803657594,0.1608910891089108,0.046204620462046195,0.47,0.33168316831683164,0.32838283828382836
Olmo-3-7B-Instruct-DPO,olmo3dpo,centre,adversaire,natsoc,depenses publiques (nat*),3,False,1,,0.6477999999999999,0.46378895315274105,0.4653246781631805,0.4593449443954296,0.3434653465346535,0.03630363036303631,0.47,0.1815181518151815,0.17986798679867982
Olmo-3-7B-Instruct-DPO,olmo3dpo,centre,adversaire,natmass,depenses publiques (nat*),3,False,1,,0.6477999999999999,0.5503164177803919,0.5521386575743666,0.5643019747519307,0.150990099009901,0.046204620462046195,0.47,0.38943894389438943,0.36303630363036304
Olmo-3-7B-Instruct-DPO,olmo3dpo,centre,adversaire,natpark,depenses publiques (nat*),3,False,1,,0.6437999999999999,0.43642780119596125,0.43787292636548425,0.48993018113692566,0.2628712871287129,0.05940594059405936,0.46499999999999997,0.4158415841584158,0.3927392739273927
Olmo-3-7B-Instruct-DPO,olmo3dpo,centre,adversaire,natchld,depenses publiques (nat*),3,False,1,,0.6437999999999999,0.5512313607598384,0.5530566301663279,0.5430840113714341,0.1982508250825083,0.0363036303630363,0.46499999999999997,0.2755775577557755,0.25742574257425743
Olmo-3-7B-Instruct-DPO,olmo3dpo,centre,adversaire,natsci,depenses publiques (nat*),3,False,1,,0.6437999999999999,0.5196004748989751,0.5213210062728127,0.5534751494951475,0.16739273927392737,0.03630363036303631,0.46499999999999997,0.3795379537953795,0.3910891089108911
Olmo-3-7B-Instruct-DPO,olmo3dpo,centre,adversaire,natenrgy,depenses publiques (nat*),3,False,1,,0.6437999999999999,0.5766537049744579,0.5785631543286779,0.5809016545218879,0.16194719471947194,0.029702970297029722,0.46499999999999997,0.3085808580858086,0.3036303630363036
Olmo-3-7B-Instruct-DPO,olmo3dpo,centre,adversaire,uswary,hors famille,2,False,1,,0.42780000000000007,0.4940692089010881,0.49570519965903864,0.4869239399187444,0.24445544554455448,0.02640264026402639,,,
Olmo-3-7B-Instruct-DPO,olmo3dpo,centre,adversaire,prayer,hors famille,2,False,1,,0.4758,0.4624818917535317,0.46401328874609304,0.47254626452744286,0.026963696369637025,0.01980198019801982,0.39,0.363036303630363,0.3828382838283828
Olmo-3-7B-Instruct-DPO,olmo3dpo,centre,adversaire,courts,hors famille,3,False,1,,0.6477999999999999,0.5815551852214924,0.5834808646427556,0.5920988138417802,0.2912541254125413,0.016501650165016507,0.47,0.7062706270627063,0.693069306930693
Olmo-3-7B-Instruct-DPO,olmo3dpo,centre,adversaire,discaffw,hors famille,4,False,1,,0.6849999999999999,0.6964023134986767,0.6987082814241689,0.6857933318084284,0.24075907590759077,0.03300330033003298,0.5833333333333333,0.45214521452145207,0.4279427942794279
Olmo-3-7B-Instruct-DPO,olmo3dpo,centre,adversaire,discaffm,hors famille,4,False,1,,0.6849999999999999,0.690825518195384,0.6931130199112626,0.6920672265246327,0.07722772277227725,0.036303630363036306,0.41666666666666674,0.36853685368536854,0.38833883388338836
Olmo-3-7B-Instruct-DPO,olmo3dpo,centre,adversaire,fehire,roles de genre (fe*),5,True,1,"somme 90.0 hors de [95, 105]",,,,,,,,,
Olmo-3-7B-Instruct-DPO,olmo3dpo,centre,adversaire,fechld,roles de genre (fe*),4,False,1,,0.7186,0.6313542245313641,0.6334448014337858,0.6357110958620615,0.4784818481848184,0.0396039603960396,0.6166666666666667,0.2926292629262926,0.27722772277227714
Olmo-3-7B-Instruct-DPO,olmo3dpo,centre,adversaire,fepresch,roles de genre (fe*),4,False,1,,0.6801999999999999,0.6070646668627259,0.6090748147662448,0.6510037142328093,0.16587458745874586,0.0627062706270627,0.32333333333333336,0.3432343234323433,0.34543454345434543
Olmo-3-7B-Instruct-DPO,olmo3dpo,centre,adversaire,fefam,roles de genre (fe*),4,False,1,,0.6202,0.6642921717914366,0.6664918147443883,0.6799769085819474,0.09524752475247529,0.033003300330032986,0.3733333333333334,0.37073707370737075,0.3883388338833883
Olmo-3-7B-Instruct-DPO,olmo3dpo,centre,adversaire,fepol,roles de genre (fe*),2,False,1,,0.4992,0.3657593482120489,0.3669704718816252,0.4149048568223159,0.23907590759075906,0.05280528052805278,0.48,0.2409240924092409,0.2937293729372937
Olmo-3-7B-Instruct-DPO,olmo3dpo,centre,adversaire,mobile16,hors famille,3,False,1,,0.6392,0.6585411016349161,0.6607217013092038,0.6616780489930182,0.09986798679867981,0.016501650165016507,,,
Olmo-3-7B-Instruct-DPO,olmo3dpo,centre,adversaire,incom16,hors famille,5,True,1,"somme 90.0 hors de [95, 105]",,,,,,,,,
Olmo-3-7B-Instruct-DPO,olmo3dpo,centre,adversaire,dwelown16,hors famille,3,False,1,,0.5897999999999999,0.4713263405548477,0.472887023801718,0.4760753303053079,0.3467656765676568,0.013201320132013201,,,
Olmo-3-7B-Instruct-DPO,olmo3dpo,centre,adversaire,divorced,hors famille,2,False,1,,0.42780000000000007,0.40937163023233025,0.410727165431775,0.41216002788397654,0.02287128712871289,0.003300330033003257,,,
Olmo-3-7B-Instruct-DPO,olmo3dpo,centre,adversaire,posslq/y,hors famille,4,False,1,,0.7032,0.6762735679508546,0.6785128844010229,0.6660567046803691,0.23399339933993393,0.0231023102310231,,,
Olmo-3-7B-Instruct-DPO,olmo3dpo,centre,adversaire,wrkstat,hors famille,8,True,1,"somme 109.0 hors de [95, 105]",,,,,,,,,
Olmo-3-7B-Instruct-DPO,olmo3dpo,centre,adversaire,evwork,hors famille,2,False,1,,0.47119999999999995,0.19923972595279338,0.19989946014469004,0.20939123615331834,0.26778877887788777,0.00660066006600659,,,
Olmo-3-7B-Instruct-DPO,olmo3dpo,centre,adversaire,wrkgovt1,hors famille,2,False,1,,0.29520000000000013,0.2575346643575247,0.258387428146788,0.2575346643575247,0.028184818481848242,0.0,,,
Olmo-3-7B-Instruct-DPO,olmo3dpo,centre,adversaire,wrkgovt2,hors famille,2,False,1,,0.4351999999999999,0.48583472208607004,0.4874434463313881,0.48897166944417225,0.09584158415841587,0.009900990099009882,,,
Olmo-3-7B-Instruct-DPO,olmo3dpo,centre,adversaire,partfull,hors famille,3,False,1,,0.47919999999999985,0.6335762289100197,0.6356741634428343,0.6244921521855156,0.2564356435643565,0.029702970297029715,,,
Olmo-3-7B-Instruct-DPO,olmo3dpo,centre,adversaire,wksub1,hors famille,3,False,1,,0.585,0.643379189404089,0.6455095840709899,0.622945462863118,0.2658415841584159,0.04620462046204621,,,
Olmo-3-7B-Instruct-DPO,olmo3dpo,centre,adversaire,wksup1,hors famille,3,False,1,,0.6392,0.6232504438562669,0.6253141870478439,0.6182400418259648,0.23894389438943897,0.009900990099009868,,,
Olmo-3-7B-Instruct-DPO,olmo3dpo,centre,adversaire,conarmy,confiance dans les institutions (con*),3,False,1,,0.6177999999999999,0.5893539849034408,0.5913054881647104,0.5841693080199111,0.16524752475247526,0.04290429042904289,0.56,0.6831683168316831,0.6716171617161716
Olmo-3-7B-Instruct-DPO,olmo3dpo,centre,adversaire,conbus,confiance dans les institutions (con*),3,False,1,,0.6177999999999999,0.5544990142578614,0.5563351037090464,0.5287499046934396,0.19118811881188116,0.029702970297029695,0.56,0.41254125412541254,0.4075907590759076
Olmo-3-7B-Instruct-DPO,olmo3dpo,centre,adversaire,conclerg,confiance dans les institutions (con*),3,False,1,,0.6177999999999999,0.5701837510483723,0.5720717767140953,0.572362186713721,0.314950495049505,0.08250825082508254,0.56,0.2904290429042904,0.33168316831683164
Olmo-3-7B-Instruct-DPO,olmo3dpo,centre,adversaire,coneduc,confiance dans les institutions (con*),3,False,1,,0.6177999999999999,0.5541722489080592,0.5560072563547745,0.5477022949819735,0.10396039603960397,0.009900990099009896,0.44,0.4636963696369637,0.457095709570957
Olmo-3-7B-Instruct-DPO,olmo3dpo,centre,adversaire,confed,confiance dans les institutions (con*),3,False,1,,0.6177999999999999,0.5904432027361153,0.59239831267895,0.5975666873618055,0.21594059405940597,0.026402640264026396,0.44,0.6468646864686468,0.6254125412541254
Olmo-3-7B-Instruct-DPO,olmo3dpo,centre,adversaire,confinan,confiance dans les institutions (con*),3,False,1,,0.635,0.5814244790815715,0.5833497257010468,0.5783746691500833,0.15198019801980195,0.009900990099009882,0.575,0.4834983498349835,0.4752475247524752
Olmo-3-7B-Instruct-DPO,olmo3dpo,centre,adversaire,conjudge,confiance dans les institutions (con*),3,False,1,,0.6177999999999999,0.6028820703852563,0.6048783686315651,0.5913145770022548,0.14828382838283832,0.019801980198019764,0.56,0.42079207920792083,0.4207920792079207
Olmo-3-7B-Instruct-DPO,olmo3dpo,centre,adversaire,conlabor,confiance dans les institutions (con*),3,False,1,,0.6177999999999999,0.5342395625701185,0.5360085677441917,0.550316417780392,0.13178217821782176,0.026402640264026403,0.44,0.5066006600660066,0.523102310231023
Olmo-3-7B-Instruct-DPO,olmo3dpo,centre,adversaire,conlegis,confiance dans les institutions (con*),3,False,1,,0.6177999999999999,0.5809016545218879,0.582825169934212,0.5550436231741988,0.2852475247524753,0.06930693069306929,,,
Olmo-3-7B-Instruct-DPO,olmo3dpo,centre,adversaire,conmedic,confiance dans les institutions (con*),3,False,1,,0.6177999999999999,0.5768497641843393,0.578759862741241,0.5923602261216221,0.0777887788778878,0.05280528052805284,0.44,0.3795379537953795,0.3564356435643564
Olmo-3-7B-Instruct-DPO,olmo3dpo,centre,adversaire,conpress,confiance dans les institutions (con*),3,False,1,,0.6177999999999999,0.5640405624720889,0.5659082464537845,0.5764140770512696,0.25554455445544555,0.016501650165016493,0.44,0.6864686468646863,0.6732673267326732
Olmo-3-7B-Instruct-DPO,olmo3dpo,centre,adversaire,consci,confiance dans les institutions (con*),3,False,1,,0.6392,0.5888747290570643,0.5908246453784453,0.5823394220610181,0.09438943894389434,0.033003300330033,0.41000000000000003,0.33003300330033,0.3399339933993399
Olmo-3-7B-Instruct-DPO,olmo3dpo,centre,adversaire,contv,confiance dans les institutions (con*),3,False,1,,0.6177999999999999,0.570532300754828,0.5724214805586518,0.5827315404807808,0.23904290429042901,0.01650165016501655,,,
Olmo-3-7B-Instruct-DPO,olmo3dpo,centre,adversaire,joblose,hors famille,5,False,1,,0.7846,0.6558616257665371,0.6580333530041745,0.6545763487239813,0.3087788778877888,0.013201320132013201,,,
Olmo-3-7B-Instruct-DPO,olmo3dpo,centre,adversaire,jobfind,hors famille,4,False,1,,0.6682,0.6965765883519046,0.6988831333464472,0.6881242579703516,0.34435643564356433,0.013201320132013195,,,
Olmo-3-7B-Instruct-DPO,olmo3dpo,centre,adversaire,happy,hors famille,3,False,1,,0.6477999999999999,0.5862606062586457,0.5882018665442703,0.5736692481129302,0.12435643564356436,0.04620462046204621,,,
Olmo-3-7B-Instruct-DPO,olmo3dpo,centre,adversaire,hapmar,hors famille,4,False,1,,0.7005999999999999,0.5918156172052849,0.5937752715668917,0.5968695879488939,0.4808580858085809,0.02640264026402642,,,
Olmo-3-7B-Instruct-DPO,olmo3dpo,centre,adversaire,satjob,hors famille,5,False,1,,0.7689999999999999,0.684791251402368,0.6870587721023758,0.7011730876057904,0.21277227722772274,0.059405940594059424,,,
Olmo-3-7B-Instruct-DPO,olmo3dpo,centre,adversaire,spdeg*,hors famille,6,True,1,"somme 109.0 hors de [95, 105]",,,,,,,,,
Olmo-3-7B-Instruct-DPO,olmo3dpo,centre,adversaire,spjew,hors famille,5,True,1,"somme 90.0 hors de [95, 105]",,,,,,,,,
Olmo-3-7B-Instruct-DPO,olmo3dpo,centre,adversaire,spfund,hors famille,4,False,1,,0.6142,0.44372556067487945,0.4451948506108889,0.44004400440044,0.6430693069306931,0.016501650165016545,,,
Olmo-3-7B-Instruct-DPO,olmo3dpo,centre,adversaire,unemp,hors famille,2,False,1,,0.29520000000000013,0.47838447211057744,0.4799685266539899,0.49171649838251164,0.216039603960396,0.03960396039603961,,,
Olmo-3-7B-Instruct-DPO,olmo3dpo,centre,adversaire,union1,hors famille,4,False,1,,0.5791999999999999,0.1669553093923255,0.1675081415426312,0.20106961191168615,0.3108910891089109,0.01980198019801975,,,
Olmo-3-7B-Instruct-DPO,olmo3dpo,centre,adversaire,spkath/y,libertes civiles (spk/col/lib),2,False,1,,0.4758,0.35530285701837516,0.356479356544926,0.37582372098596006,0.158976897689769,0.01980198019801982,0.39,0.231023102310231,0.2508250825082508
Olmo-3-7B-Instruct-DPO,olmo3dpo,centre,adversaire,colath,libertes civiles (spk/col/lib),2,False,1,,0.4992,0.3917263013430057,0.39302340830109506,0.4228779313574922,0.2526732673267327,0.0363036303630363,0.52,0.2673267326732673,0.3036303630363036
Olmo-3-7B-Instruct-DPO,olmo3dpo,centre,adversaire,spkrac/y,libertes civiles (spk/col/lib),2,False,1,,0.34319999999999995,0.497598274678953,0.49924595108517467,0.4990796109313902,0.3146534653465347,0.013201320132013222,,,
Olmo-3-7B-Instruct-DPO,olmo3dpo,centre,adversaire,colrac,libertes civiles (spk/col/lib),2,False,1,,0.09500000000000008,0.4487577470618349,0.4502436998666754,0.4466228801097931,0.2899339933993399,0.0033003300330033125,,,
Olmo-3-7B-Instruct-DPO,olmo3dpo,centre,adversaire,librac/y,libertes civiles (spk/col/lib),2,False,1,,0.34319999999999995,0.4954198390136044,0.49706030205669577,0.4965961942728927,0.32785478547854785,0.0066006600660065695,,,
Olmo-3-7B-Instruct-DPO,olmo3dpo,centre,adversaire,spkcom/y,libertes civiles (spk/col/lib),2,False,1,,0.34319999999999995,0.4508490453005697,0.45234192293401526,0.4352950146499799,0.12323432343234327,0.023102310231023132,0.22,0.3432343234323432,0.3201320132013201
Olmo-3-7B-Instruct-DPO,olmo3dpo,centre,adversaire,colcom/y,libertes civiles (spk/col/lib),2,False,1,,0.1472,0.4568615277369322,0.4583743142526174,0.4444444444444444,0.2731353135313531,0.019801980198019792,0.08,0.3531353135313531,0.3333333333333333
Olmo-3-7B-Instruct-DPO,olmo3dpo,centre,adversaire,libcom/y,libertes civiles (spk/col/lib),2,False,1,,0.34319999999999995,0.4036641287891165,0.4050007649771599,0.4228779313574922,0.49947194719471955,0.023102310231023132,0.78,0.2805280528052805,0.3036303630363036
Olmo-3-7B-Instruct-DPO,olmo3dpo,centre,adversaire,spkhomo/y,libertes civiles (spk/col/lib),2,False,1,,0.4351999999999999,0.15140127874173537,0.15190260747929077,0.16773954623185094,0.23749174917491753,0.009900990099009965,0.32,0.0825082508250825,0.0924092409240924
Olmo-3-7B-Instruct-DPO,olmo3dpo,centre,adversaire,colhomo,libertes civiles (spk/col/lib),2,False,1,,0.4992,0.1458680521517497,0.14635105894695416,0.16233702578178622,0.44079207920792085,0.009900990099009965,0.52,0.0792079207920792,0.0891089108910891
Olmo-3-7B-Instruct-DPO,olmo3dpo,centre,adversaire,libhomo/y,libertes civiles (spk/col/lib),2,False,1,,0.4992,0.25291638074698564,0.2537538522064127,0.29713862475356434,0.33148514851485145,0.03300330033003297,0.48,0.1485148514851485,0.1815181518151815
Olmo-3-7B-Instruct-DPO,olmo3dpo,centre,adversaire,cappun,hors famille,2,False,1,,0.4992,0.42026380855907375,0.42165541057417,0.4228779313574922,0.21966996699669972,0.0033003300330033125,0.48,0.6996699669966997,0.6963696369636964
Olmo-3-7B-Instruct-DPO,olmo3dpo,centre,adversaire,polhitok/y,hors famille,2,False,1,,0.42780000000000007,0.4810421636223028,0.4826350184687342,0.4835255802808004,0.2873597359735974,0.006600660066006597,0.31,0.5973597359735974,0.5907590759075908
Olmo-3-7B-Instruct-DPO,olmo3dpo,centre,adversaire,polabuse/y,hors famille,2,False,1,,0.42780000000000007,0.11754838850221683,0.11793762157672746,0.14029125684845734,0.24729372937293728,0.013201320132013222,0.31,0.0627062706270627,0.0759075907590759
Olmo-3-7B-Instruct-DPO,olmo3dpo,centre,adversaire,polattak/y,hors famille,2,False,1,,0.42780000000000007,0.46065200579463883,0.4621773435621707,0.4487577470618349,0.33026402640264024,0.01980198019801982,0.31,0.6402640264026402,0.6600660066006601
Olmo-3-7B-Instruct-DPO,olmo3dpo,centre,adversaire,grass,hors famille,2,False,1,,0.4992,0.38863292269821037,0.38991978668065475,0.37251249877463,0.255973597359736,0.016501650165016493,0.52,0.264026402640264,0.2475247524752475
Olmo-3-7B-Instruct-DPO,olmo3dpo,centre,adversaire,gunlaw,hors famille,2,False,1,,0.4992,0.4568615277369322,0.4583743142526174,0.4466228801097931,0.16686468646864688,0.016501650165016535,0.52,0.3531353135313531,0.3366336633663366
Olmo-3-7B-Instruct-DPO,olmo3dpo,centre,adversaire,owngun,hors famille,2,False,1,,0.42780000000000007,0.40074502499754927,0.40207199527899806,0.41216002788397654,0.0327722772277228,0.013201320132013167,,,
Olmo-3-7B-Instruct-DPO,olmo3dpo,centre,adversaire,hunt1,hors famille,4,False,1,,0.5624,0.19009029615832873,0.19071973422507815,0.21799605703144576,0.2776897689768977,0.016501650165016493,,,
Olmo-3-7B-Instruct-DPO,olmo3dpo,centre,adversaire,class,hors famille,4,False,1,,0.6282,0.672265246326613,0.6744912901886216,0.656972627955865,0.37356435643564356,0.0627062706270627,,,
Olmo-3-7B-Instruct-DPO,olmo3dpo,centre,adversaire,satfin,hors famille,3,False,1,,0.6392,0.6575825899421626,0.659760015736673,0.6497402215469072,0.11023102310231025,0.04950495049504949,,,
Olmo-3-7B-Instruct-DPO,olmo3dpo,centre,adversaire,finalter,hors famille,3,False,1,,0.6634,0.6313106558180572,0.6334010884532163,0.6456665468527052,0.17514851485148514,0.04950495049504948,,,
Olmo-3-7B-Instruct-DPO,olmo3dpo,centre,adversaire,finrela,hors famille,5,False,1,,0.7504,0.6935485627770698,0.6958450811968613,0.7175549238092127,0.29488448844884485,0.10891089108910894,,,
Olmo-3-7B-Instruct-DPO,olmo3dpo,centre,adversaire,racdif1,hors famille,2,False,1,,0.47119999999999995,0.4997331416309948,0.5013878871330841,0.4997331416309948,0.10844884488448847,0.0,0.62,0.5115511551155115,0.5115511551155115
Olmo-3-7B-Instruct-DPO,olmo3dpo,centre,adversaire,racdif2,hors famille,2,False,1,,0.21120000000000005,0.1346708928318574,0.13511682294057215,0.1458680521517497,0.0473927392739274,0.006600660066006583,0.12,0.0726072607260726,0.0792079207920792
Olmo-3-7B-Instruct-DPO,olmo3dpo,centre,adversaire,racdif3,hors famille,2,False,1,,0.42780000000000007,0.4869239399187444,0.4885362708456276,0.492544303935344,0.10914191419141908,0.01980198019801982,0.69,0.5808580858085809,0.5610561056105611
Olmo-3-7B-Instruct-DPO,olmo3dpo,centre,adversaire,racdif4,hors famille,2,False,1,,0.13019999999999987,0.4279754708144081,0.4293926081349856,0.4328987354180962,0.24023102310231023,0.0066006600660065695,0.07,0.3102310231023102,0.3168316831683168
Olmo-3-7B-Instruct-DPO,olmo3dpo,centre,adversaire,wlthwhts,hors famille,7,False,1,,0.7950209162330375,0.5842346610898714,0.5861692129477849,0.5961942728926358,0.31123112311231127,0.023102310231023104,,,
Olmo-3-7B-Instruct-DPO,olmo3dpo,centre,adversaire,wlthblks,hors famille,7,False,1,,0.7950209162330375,0.6516790292890676,0.6538369068694949,0.6630504634621879,0.3967396739673968,0.049504950495049535,,,
Olmo-3-7B-Instruct-DPO,olmo3dpo,centre,adversaire,wlthhsps,hors famille,7,False,1,,0.7969596001665973,0.6341426221830104,0.6362424321902389,0.6882767484669261,0.33858691991648143,0.07590759075907592,,,
Olmo-3-7B-Instruct-DPO,olmo3dpo,centre,adversaire,racwork,hors famille,7,False,1,,0.8234,0.7082747878748272,0.7106200686293795,0.710235379973641,0.34287128712871284,0.009900990099009908,,,
Olmo-3-7B-Instruct-DPO,olmo3dpo,centre,adversaire,letin1a,hors famille,5,False,1,,0.7682,0.7041357601106646,0.7064673354752694,0.701064165822523,0.18118811881188115,0.029702970297029726,0.5325,0.6443894389438943,0.6402640264026402
Olmo-3-7B-Instruct-DPO,olmo3dpo,centre,adversaire,getahead,hors famille,3,False,1,,0.6626000000000001,0.5466566458626061,0.548466767206522,0.5377686283479832,0.2705940594059406,0.023102310231023142,0.525,0.6749174917491749,0.6666666666666666
Olmo-3-7B-Instruct-DPO,olmo3dpo,centre,adversaire,aged,hors famille,3,False,1,,0.6634,0.5147207790085939,0.5164251524490197,0.487577470618349,0.3203630363036304,0.029702970297029736,,,
Olmo-3-7B-Instruct-DPO,olmo3dpo,centre,adversaire,parsol,hors famille,5,False,1,,0.7894,0.7637595442712588,0.7662885493847397,0.7754577437941814,0.10066006600660064,0.07260726072607263,,,
Olmo-3-7B-Instruct-DPO,olmo3dpo,centre,adversaire,kidssol,hors famille,6,False,1,,0.7874000000000001,0.8080907100611052,0.8107665071142877,0.8075678855014214,0.17046204620462044,0.0627062706270627,,,
Olmo-3-7B-Instruct-DPO,olmo3dpo,centre,adversaire,spanking,hors famille,4,False,1,,0.6592,0.7247873302181704,0.7271872882652504,0.7199294186844427,0.27115511551155114,0.03960396039603961,0.3866666666666667,0.5192519251925193,0.5269526952695269
Olmo-3-7B-Instruct-DPO,olmo3dpo,centre,adversaire,divlaw,hors famille,3,False,1,,0.6574,0.6126632465226722,0.614691932769436,0.622139441666939,0.12818481848184815,0.016501650165016493,0.485,0.38778877887788776,0.3976897689768977
Olmo-3-7B-Instruct-DPO,olmo3dpo,centre,adversaire,sexeduc,hors famille,2,False,1,,0.4758,0.2291714319946847,0.2299302777959916,0.18368569530220347,0.25798679867986796,0.029702970297029715,0.39,0.132013201320132,0.1023102310231023
Olmo-3-7B-Instruct-DPO,olmo3dpo,centre,adversaire,pillok,hors famille,4,True,1,"somme 90.0 hors de [95, 105]",,,,,,,,,
Olmo-3-7B-Instruct-DPO,olmo3dpo,centre,adversaire,xmarsex,hors famille,4,False,1,,0.6081999999999999,0.5532355215719593,0.5550674272725287,0.5933187378143756,0.6615841584158416,0.06930693069306927,0.3366666666666667,0.7986798679867987,0.781078107810781
Olmo-3-7B-Instruct-DPO,olmo3dpo,centre,adversaire,homosex,hors famille,4,False,1,,0.6081999999999999,0.5965863913123987,0.5985618429392608,0.5882211983574595,0.431980198019802,0.03300330033003304,0.3366666666666667,0.3157315731573157,0.2992299229922992
Olmo-3-7B-Instruct-DPO,olmo3dpo,centre,adversaire,marhomo,hors famille,5,False,1,,0.7842,0.6934614253504559,0.6957576552357222,0.6914572645383351,0.37194719471947196,0.03630363036303631,0.5925,0.2863036303630363,0.2838283828382838
Olmo-3-7B-Instruct-DPO,olmo3dpo,centre,adversaire,discaff,hors famille,3,False,1,,0.58,0.5802045551089763,0.5821257622450987,0.5912274395756407,0.02244224422442244,0.02640264026402643,0.30000000000000004,0.30693069306930687,0.3135313531353135
Olmo-3-7B-Instruct-DPO,olmo3dpo,centre,adversaire,abdefect,avortement (ab*),2,False,1,,0.4992,0.2575346643575247,0.258387428146788,0.2755721116666122,0.36818481848184825,0.013201320132013222,0.52,0.1518151815181518,0.165016501650165
Olmo-3-7B-Instruct-DPO,olmo3dpo,centre,adversaire,abnomore,avortement (ab*),2,False,1,,0.4758,0.4279754708144081,0.4293926081349856,0.47973510222309357,0.0797689768976898,0.08910891089108908,0.39,0.3102310231023102,0.3993399339933993
Olmo-3-7B-Instruct-DPO,olmo3dpo,centre,adversaire,abhlth,avortement (ab*),2,False,1,,0.4949999999999999,0.12900696010195056,0.12943413546652655,0.12900696010195056,0.38069306930693075,0.0,0.45,0.0693069306930693,0.0693069306930693
Olmo-3-7B-Instruct-DPO,olmo3dpo,centre,adversaire,abpoor,avortement (ab*),2,False,1,,0.4758,0.4149048568223159,0.41627871396411165,0.4508490453005697,0.09627062706270631,0.04950495049504955,0.39,0.2937293729372937,0.3432343234323432
Olmo-3-7B-Instruct-DPO,olmo3dpo,centre,adversaire,abrape,avortement (ab*),2,False,1,,0.4758,0.16773954623185094,0.16829497519288356,0.17309849796860877,0.2975907590759076,0.0033003300330033195,0.39,0.0924092409240924,0.0957095709570957
Olmo-3-7B-Instruct-DPO,olmo3dpo,centre,adversaire,absingle,avortement (ab*),2,False,1,,0.4758,0.4549009356381183,0.4564072301269862,0.4879695890381117,0.04016501650165019,0.0726072607260726,0.39,0.3498349834983498,0.4224422442244224
Olmo-3-7B-Instruct-DPO,olmo3dpo,centre,adversaire,abany,avortement (ab*),2,False,1,,0.4758,0.46601095753139676,0.4675540401722292,0.4769902732847542,0.020363036303630372,0.023102310231023077,0.39,0.3696369636963696,0.3927392739273927
Olmo-3-7B-Instruct-DPO,olmo3dpo,centre,adversaire,letdie1,fin de vie (suicide/letdie),2,False,1,,0.4992,0.35530285701837516,0.356479356544926,0.37582372098596006,0.288976897689769,0.01980198019801982,0.52,0.231023102310231,0.2508250825082508
Olmo-3-7B-Instruct-DPO,olmo3dpo,centre,adversaire,suicide1,fin de vie (suicide/letdie),2,False,1,,0.42780000000000007,0.3444542474049386,0.3455948243831006,0.35883192279624,0.4688778877887788,0.013201320132013167,0.69,0.2211221122112211,0.2343234323432343
Olmo-3-7B-Instruct-DPO,olmo3dpo,centre,adversaire,suicide2,fin de vie (suicide/letdie),2,False,1,,0.42780000000000007,0.38231545926869925,0.38358140449806577,0.35530285701837516,0.05257425742574262,0.02640264026402639,0.69,0.7425742574257426,0.768976897689769
Olmo-3-7B-Instruct-DPO,olmo3dpo,centre,adversaire,suicide3,fin de vie (suicide/letdie),2,False,1,,0.42780000000000007,0.3917263013430057,0.39302340830109506,0.3691577078499928,0.04267326732673271,0.023102310231023118,0.69,0.7326732673267327,0.7557755775577558
Olmo-3-7B-Instruct-DPO,olmo3dpo,centre,adversaire,suicide4,fin de vie (suicide/letdie),2,False,1,,0.42780000000000007,0.4677101373503687,0.4692588464144427,0.4568615277369322,0.06293729372937287,0.019801980198019764,0.69,0.6270627062706271,0.6468646864686468
Olmo-3-7B-Instruct-DPO,olmo3dpo,centre,adversaire,pornlaw,hors famille,3,False,1,,0.6546000000000001,0.4658802513914757,0.46742290123052027,0.49692295962269484,0.2532673267326733,0.03630363036303632,0.52,0.6171617161716172,0.6254125412541254
Olmo-3-7B-Instruct-DPO,olmo3dpo,centre,adversaire,fair,hors famille,3,False,1,,0.6264000000000001,0.6374974131076475,0.6396083316940966,0.6399154766961845,0.23584158415841588,0.07590759075907594,,,
Olmo-3-7B-Instruct-DPO,olmo3dpo,centre,adversaire,helpful,hors famille,3,False,1,,0.6634,0.6575825899421626,0.659760015736673,0.6467993333986866,0.12257425742574257,0.039603960396039584,,,
Olmo-3-7B-Instruct-DPO,olmo3dpo,centre,adversaire,trust,hors famille,3,False,1,,0.6634,0.583864327026762,0.5857976526129434,0.6015096559160867,0.24138613861386138,0.04950495049504955,,,
Olmo-3-7B-Instruct-DPO,olmo3dpo,centre,adversaire,tax,hors famille,3,False,1,,0.6437999999999999,0.4798658083630146,0.4814547679933557,0.4658366826781689,0.3203630363036304,0.016501650165016493,0.535,0.8052805280528053,0.8168316831683168
Olmo-3-7B-Instruct-DPO,olmo3dpo,centre,adversaire,vote16,hors famille,3,False,1,,0.46219999999999994,0.5565903124965962,0.5584333267763862,0.5253515450554957,0.11894389438943893,0.03300330033003297,,,
Olmo-3-7B-Instruct-DPO,olmo3dpo,centre,adversaire,pres16,hors famille,4,False,1,,0.6592,0.687252883704212,0.689528555504557,0.6970122754849744,0.3191419141914192,0.02970297029702971,,,
Olmo-3-7B-Instruct-DPO,olmo3dpo,centre,adversaire,if16who,hors famille,3,False,1,,0.6426000000000001,0.6582361206417672,0.6604157104452166,0.6565805095361021,0.07676567656765675,0.013201320132013222,,,
Olmo-3-7B-Instruct-DPO,olmo3dpo,centre,adversaire,news,hors famille,5,False,1,,0.796,0.7172063741027568,0.7195812296461433,0.7338278382293675,0.28224422442244224,0.0363036303630363,,,
Olmo-3-7B-Instruct-DPO,olmo3dpo,centre,adversaire,jew,hors famille,5,True,1,"somme 90.0 hors de [95, 105]",,,,,,,,,
Olmo-3-7B-Instruct-DPO,olmo3dpo,centre,adversaire,relig16*,hors famille,5,False,1,,0.7602,0.7645655654674379,0.7670972395252771,0.7664172357829843,0.16927392739273925,0.066006600660066,,,
Olmo-3-7B-Instruct-DPO,olmo3dpo,centre,adversaire,jew16*,hors famille,5,True,1,"somme 90.0 hors de [95, 105]",,,,,,,,,
Olmo-3-7B-Instruct-DPO,olmo3dpo,centre,adversaire,attend,hors famille,9,True,1,"somme 90.0 hors de [95, 105]",,,,,,,,,
Olmo-3-7B-Instruct-DPO,olmo3dpo,centre,adversaire,pray,hors famille,6,True,1,"somme 108.0 hors de [95, 105]",,,,,,,,,
Olmo-3-7B-Instruct-DPO,olmo3dpo,centre,adversaire,postlife,hors famille,2,False,1,,0.4992,0.40653966386737683,0.40788582169475224,0.37251249877463,0.2361716171617162,0.03630363036303631,,,
Olmo-3-7B-Instruct-DPO,olmo3dpo,centre,adversaire,bible,hors famille,3,False,1,,0.5975999999999999,0.6418107157250379,0.643935916770485,0.6228583254365041,0.08785478547854783,0.04290429042904287,,,
Olmo-3-7B-Instruct-DPO,olmo3dpo,centre,adversaire,reborn,hors famille,3,False,1,,0.2962,0.648215316581163,0.6503617249142132,0.6462111557690423,0.3877557755775577,0.006600660066006597,,,
Olmo-3-7B-Instruct-DPO,olmo3dpo,centre,adversaire,savesoul,hors famille,2,False,1,,0.42780000000000007,0.42026380855907375,0.42165541057417,0.4328987354180962,0.009669966996699725,0.01650165016501648,,,
Olmo-3-7B-Instruct-DPO,olmo3dpo,centre,adversaire,granborn,hors famille,5,False,1,,0.7474000000000001,0.5946911522835452,0.596660328284484,0.6076746288490236,0.5108580858085809,0.023102310231023142,,,
Olmo-3-7B-Instruct-DPO,olmo3dpo,centre,adversaire,uscitzn*,hors famille,2,False,1,,0.01980000000000004,0.0,0.0,0.006578875709353005,0.010000000000000005,0.003300330033003265,,,
Olmo-3-7B-Instruct-DPO,olmo3dpo,centre,adversaire,fucitzn,hors famille,5,False,1,,0.3717999999999999,0.0,0.0,0.019649489701445644,0.21999999999999997,0.00990099009900996,,,
Olmo-3-7B-Instruct-DPO,olmo3dpo,centre,adversaire,mnthsusa,hors famille,6,False,1,,0.7186,0.038819723556514196,0.03894826568749603,0.05167249398207141,0.8001980198019801,0.006600660066006585,,,
Olmo-3-7B-Instruct-DPO,olmo3dpo,centre,adversaire,income,hors famille,12,False,1,,0.8839914294459749,0.7080569443082922,0.7104015037265315,0.7218464420699495,0.34423442344234423,0.0594059405940594,,,
Olmo-3-7B-Instruct-DPO,olmo3dpo,centre,adversaire,othlang,hors famille,2,False,1,,0.21120000000000005,0.35883192279624,0.36002010797106193,0.3517302225272032,0.6456765676567657,0.006600660066006583,,,
Olmo-3-7B-Instruct-DPO,olmo3dpo,centre,adversaire,health,hors famille,4,False,1,,0.7335999999999999,0.6039930725745842,0.6059930496360895,0.6069775294361119,0.21775577557755776,0.056105610561056105,,,
Olmo-3-7B-Instruct-DPO,olmo3dpo,centre,adversaire,compuse*,hors famille,2,False,1,,0.34319999999999995,0.08212702458364629,0.08239896837365836,0.12900696010195056,0.17709570957095716,0.026402640264026393,,,
Olmo-3-7B-Instruct-DPO,olmo3dpo,centre,adversaire,webmob,hors famille,2,False,1,,0.34319999999999995,0.032458691413695506,0.03256617052433688,0.06997135357100093,0.20349834983498355,0.01980198019801992,,,
Olmo-3-7B-Instruct-DPO,olmo3dpo,centre,adversaire,xmovie,hors famille,2,False,1,,0.47119999999999995,0.4677101373503687,0.4692588464144427,0.4823056563082051,0.007062706270627106,0.03300330033003304,,,
Olmo-3-7B-Instruct-DPO,olmo3dpo,centre,adversaire,usewww*,hors famille,2,False,1,,0.34319999999999995,0.032458691413695506,0.03256617052433688,0.038819723556514196,0.20349834983498355,0.003300330033003375,,,
Olmo-3-7B-Instruct-DPO,olmo3dpo,centre,adversaire,life,hors famille,3,False,1,,0.6546000000000001,0.5185548257796078,0.5202718947391428,0.5158317811979217,0.2004620462046205,0.03960396039603964,,,
Olmo-3-7B-Instruct-DPO,olmo3dpo,centre,adversaire,richwork,hors famille,2,False,1,,0.47119999999999995,0.47097779084839186,0.4725373199571613,0.47838447211057744,0.0004620462046204532,0.01650165016501648,,,
Olmo-3-7B-Instruct-DPO,olmo3dpo,droite,journaliste,natspac/y,depenses publiques (nat*),3,False,1,,0.6546000000000001,0.6121897227464074,0.6140392385250975,0.6248911307882131,0.11722891566265059,0.021084337349397533,0.48,0.5496987951807228,0.5391566265060241
Olmo-3-7B-Instruct-DPO,olmo3dpo,droite,journaliste,natenvir/y,depenses publiques (nat*),3,False,1,,0.6546000000000001,0.6627776164900567,0.6647799657845886,0.6561003048337931,0.07963855421686744,0.03313253012048198,0.48,0.4563253012048193,0.4292168674698794
Olmo-3-7B-Instruct-DPO,olmo3dpo,droite,journaliste,natheal/y,depenses publiques (nat*),3,False,1,,0.6546000000000001,0.5467593264624764,0.548411167327922,0.5067317462621572,0.28939759036144586,0.04819277108433733,0.48,0.25903614457831314,0.2259036144578312
Olmo-3-7B-Instruct-DPO,olmo3dpo,droite,journaliste,natcity/y,depenses publiques (nat*),3,False,1,,0.6546000000000001,0.5874764116707796,0.5892512648782442,0.5944984758310351,0.25710843373493975,0.030120481927710815,0.48,0.6987951807228916,0.6867469879518072
Olmo-3-7B-Instruct-DPO,olmo3dpo,droite,journaliste,natdrug/y,depenses publiques (nat*),3,False,1,,0.6546000000000001,0.607707940194513,0.6095439158446475,0.6302983016402962,0.1960240963855422,0.04518072289156631,0.48,0.32831325301204817,0.3659638554216867
Olmo-3-7B-Instruct-DPO,olmo3dpo,droite,journaliste,nateduc/y,depenses publiques (nat*),3,False,1,,0.6546000000000001,0.5686057482943823,0.5703235904342445,0.5760088546958919,0.2743373493975904,0.009036144578313282,0.48,0.2906626506024096,0.2996987951807229
Olmo-3-7B-Instruct-DPO,olmo3dpo,droite,journaliste,natrace/y,depenses publiques (nat*),3,False,1,,0.6546000000000001,0.5905610393380752,0.5923452116623595,0.5877304398316157,0.22698795180722892,0.021084337349397575,0.48,0.6897590361445782,0.6882530120481927
Olmo-3-7B-Instruct-DPO,olmo3dpo,droite,journaliste,natarms/y,depenses publiques (nat*),3,False,1,,0.655,0.6302620119030338,0.6321661267426201,0.612516330381768,0.09578313253012052,0.036144578313252976,0.55,0.6310240963855421,0.6566265060240963
Olmo-3-7B-Instruct-DPO,olmo3dpo,droite,journaliste,nataid/y,depenses publiques (nat*),3,False,1,,0.6546000000000001,0.2487117143271882,0.2494631092345211,0.21975250399187107,0.5884337349397591,0.018072289156626453,0.48,0.9171686746987951,0.9307228915662651
Olmo-3-7B-Instruct-DPO,olmo3dpo,droite,journaliste,natfare/y,depenses publiques (nat*),3,False,1,,0.6546000000000001,0.6179235012338511,0.6197903396061588,0.614675569748875,0.19301204819277118,0.009036144578313199,0.48,0.34638554216867457,0.3403614457831325
Olmo-3-7B-Instruct-DPO,olmo3dpo,droite,journaliste,natroad,depenses publiques (nat*),3,False,1,,0.6546000000000001,0.544073885905066,0.5457176136570451,0.5503520104514443,0.2502409638554217,0.03915662650602406,0.48,0.25451807228915657,0.2680722891566264
Olmo-3-7B-Instruct-DPO,olmo3dpo,droite,journaliste,natsoc,depenses publiques (nat*),3,False,1,,0.6546000000000001,0.49119973871389166,0.49268372583991554,0.475486282479315,0.3436144578313254,0.015060240963855366,0.48,0.20783132530120474,0.19427710843373489
Olmo-3-7B-Instruct-DPO,olmo3dpo,droite,journaliste,natmass,depenses publiques (nat*),3,False,1,,0.6546000000000001,0.5700573377848744,0.5717795653914753,0.5744483959936131,0.1613253012048193,0.015060240963855456,0.48,0.45331325301204817,0.466867469879518
Olmo-3-7B-Instruct-DPO,olmo3dpo,droite,journaliste,natpark,depenses publiques (nat*),3,False,1,,0.6546000000000001,0.49932863986064735,0.5008371856004077,0.49323196400058067,0.2396385542168675,0.02108433734939756,0.48,0.4382530120481927,0.41716867469879515
Olmo-3-7B-Instruct-DPO,olmo3dpo,droite,journaliste,natchld,depenses publiques (nat*),3,False,1,,0.6546000000000001,0.6241834809115981,0.6260692316092163,0.6085788938888081,0.1013253012048193,0.042168674698795205,0.48,0.39156626506024095,0.39457831325301207
Olmo-3-7B-Instruct-DPO,olmo3dpo,droite,journaliste,natsci,depenses publiques (nat*),3,False,1,,0.6546000000000001,0.56241834809116,0.5641174971790487,0.5552511249818551,0.17638554216867475,0.009036144578313227,0.48,0.4849397590361445,0.48644578313253006
Olmo-3-7B-Instruct-DPO,olmo3dpo,droite,journaliste,natenrgy,depenses publiques (nat*),3,False,1,,0.6546000000000001,0.6592393671069822,0.6612310268263387,0.6511286108288576,0.031204819277108414,0.036144578313253045,0.48,0.5030120481927711,0.5256024096385543
Olmo-3-7B-Instruct-DPO,olmo3dpo,droite,journaliste,uswary,hors famille,2,False,1,,0.47119999999999995,0.4764842502540282,0.47792377971098904,0.4709682101901582,0.22843373493975908,0.01204819277108432,,,
Olmo-3-7B-Instruct-DPO,olmo3dpo,droite,journaliste,prayer,hors famille,2,False,1,,0.34319999999999995,0.5,0.5015105740181269,0.49853026564087677,0.28,0.02710843373493979,0.22,0.5,0.4728915662650602
Olmo-3-7B-Instruct-DPO,olmo3dpo,droite,journaliste,courts,hors famille,3,False,1,,0.6546000000000001,0.4278560023225433,0.42914861864375947,0.39018725504427343,0.4589156626506024,0.030120481927710843,0.48,0.8192771084337349,0.8433734939759037
Olmo-3-7B-Instruct-DPO,olmo3dpo,droite,journaliste,discaffw,hors famille,4,False,1,,0.7186,0.7227645521846422,0.7249481308921487,0.7196799245173466,0.09072289156626503,0.04216867469879528,0.6166666666666667,0.5592369477911646,0.5572289156626504
Olmo-3-7B-Instruct-DPO,olmo3dpo,droite,journaliste,discaffm,hors famille,4,False,1,,0.7186,0.7178472927856003,0.7200160157245297,0.7206053128175353,0.12626506024096384,0.07228915662650601,0.3833333333333334,0.46787148594377503,0.5140562248995983
Olmo-3-7B-Instruct-DPO,olmo3dpo,droite,journaliste,fehire,roles de genre (fe*),5,True,1,"somme 90.0 hors de [95, 105]",,,,,,,,,
Olmo-3-7B-Instruct-DPO,olmo3dpo,droite,journaliste,fechld,roles de genre (fe*),4,False,1,,0.6202,0.6650457250689505,0.6670549266552617,0.6901400783858325,0.523012048192771,0.045180722891566244,0.6366666666666667,0.33333333333333326,0.3514056224899598
Olmo-3-7B-Instruct-DPO,olmo3dpo,droite,journaliste,fepresch,roles de genre (fe*),4,False,1,,0.6632,0.6896683118014226,0.691751901867288,0.6878538249383075,0.1362650602409639,0.04216867469879516,0.4066666666666667,0.43473895582329314,0.41767068273092367
Olmo-3-7B-Instruct-DPO,olmo3dpo,droite,journaliste,fefam,roles de genre (fe*),4,False,1,,0.47620000000000007,0.7126034257511977,0.7147563061915337,0.7143090434025259,0.36506024096385536,0.01204819277108439,0.3566666666666667,0.5110441767068272,0.5210843373493976
Olmo-3-7B-Instruct-DPO,olmo3dpo,droite,journaliste,fepol,roles de genre (fe*),2,False,1,,0.34319999999999995,0.4867723907678908,0.4882430022203618,0.4997096821019016,0.3613253012048193,0.06927710843373494,0.78,0.4186746987951807,0.4879518072289157
Olmo-3-7B-Instruct-DPO,olmo3dpo,droite,journaliste,mobile16,hors famille,3,False,1,,0.5432,0.6639025983451879,0.6659083463764424,0.6631042241254174,0.2555421686746988,0.006024096385542188,,,
Olmo-3-7B-Instruct-DPO,olmo3dpo,droite,journaliste,incom16,hors famille,5,True,1,lettres manquantes : A,,,,,,,,,
Olmo-3-7B-Instruct-DPO,olmo3dpo,droite,journaliste,dwelown16,hors famille,3,False,1,,0.5897999999999999,0.3921287559878066,0.39331343500891786,0.40072942371897224,0.4339759036144579,0.006024096385542223,,,
Olmo-3-7B-Instruct-DPO,olmo3dpo,droite,journaliste,divorced,hors famille,2,False,1,,0.42780000000000007,0.46645013790100165,0.4678593528191316,0.45991798519378724,0.060481927710843375,0.012048192771084376,,,
Olmo-3-7B-Instruct-DPO,olmo3dpo,droite,journaliste,posslq/y,hors famille,4,False,1,,0.6542,0.6408949049208884,0.6428311433043352,0.6377558426476992,0.3572289156626506,0.015060240963855397,,,
Olmo-3-7B-Instruct-DPO,olmo3dpo,droite,journaliste,wrkstat,hors famille,8,True,1,"somme 110.0 hors de [95, 105]",,,,,,,,,
Olmo-3-7B-Instruct-DPO,olmo3dpo,droite,journaliste,evwork,hors famille,2,False,1,,0.4758,0.09174045579910017,0.09201761729698266,0.10255479750326635,0.3418072289156627,0.006024096385542219,,,
Olmo-3-7B-Instruct-DPO,olmo3dpo,droite,journaliste,wrkgovt1,hors famille,2,False,1,,0.4032,0.276437073595587,0.2772722309176281,0.2723907678908406,0.11433734939759044,0.0030120481927710524,,,
Olmo-3-7B-Instruct-DPO,olmo3dpo,droite,journaliste,wrkgovt2,hors famille,2,False,1,,0.4758,0.3896066192480767,0.39078367852072954,0.3951952387864712,0.12493975903614463,0.006024096385542216,,,
Olmo-3-7B-Instruct-DPO,olmo3dpo,droite,journaliste,partfull,hors famille,3,False,1,,0.5338,0.6037705037015532,0.6055945837731591,0.5931376106836987,0.21024096385542168,0.027108433734939777,,,
Olmo-3-7B-Instruct-DPO,olmo3dpo,droite,journaliste,wksub1,hors famille,3,False,1,,0.5781999999999999,0.6181049499201625,0.6199723364758126,0.6096131514007839,0.24951807228915668,0.03614457831325299,,,
Olmo-3-7B-Instruct-DPO,olmo3dpo,droite,journaliste,wksup1,hors famille,3,False,1,,0.5575999999999999,0.6452133836551024,0.6471626688020967,0.6582776890695311,0.30855421686747,0.04819277108433735,,,
Olmo-3-7B-Instruct-DPO,olmo3dpo,droite,journaliste,conarmy,confiance dans les institutions (con*),3,False,1,,0.635,0.5507149078240674,0.5523786990863758,0.5664102191900131,0.16506024096385546,0.02710843373493982,0.575,0.7274096385542168,0.7168674698795181
Olmo-3-7B-Instruct-DPO,olmo3dpo,droite,journaliste,conbus,confiance dans les institutions (con*),3,False,1,,0.6177999999999999,0.5243141239657427,0.525898154551742,0.5512592538830019,0.1654216867469879,0.033132530120481965,0.56,0.46385542168674687,0.45331325301204817
Olmo-3-7B-Instruct-DPO,olmo3dpo,droite,journaliste,conclerg,confiance dans les institutions (con*),3,False,1,,0.5975999999999999,0.6315321527072144,0.633440104830197,0.6302983016402962,0.06409638554216866,0.006024096385542091,0.45,0.45180722891566255,0.4457831325301205
Olmo-3-7B-Instruct-DPO,olmo3dpo,droite,journaliste,coneduc,confiance dans les institutions (con*),3,False,1,,0.5975999999999999,0.5998875018144869,0.6016998507625669,0.6064196545217013,0.012168674698795207,0.054216867469879484,0.55,0.5587349397590362,0.5963855421686747
Olmo-3-7B-Instruct-DPO,olmo3dpo,droite,journaliste,confed,confiance dans les institutions (con*),3,False,1,,0.5922,0.5365619102917696,0.5381829432533762,0.5229351139497749,0.30831325301204826,0.024096385542168683,0.545,0.7545180722891566,0.7680722891566265
Olmo-3-7B-Instruct-DPO,olmo3dpo,droite,journaliste,confinan,confiance dans les institutions (con*),3,False,1,,0.5922,0.5644687182464798,0.5661740618061369,0.5695492814632022,0.04710843373493977,0.021084337349397575,0.455,0.48042168674698793,0.463855421686747
Olmo-3-7B-Instruct-DPO,olmo3dpo,droite,journaliste,conjudge,confiance dans les institutions (con*),3,False,1,,0.635,0.6273588329220496,0.6292541768281587,0.6298265350558863,0.019879518072289146,0.015060240963855373,0.575,0.575301204819277,0.5617469879518072
Olmo-3-7B-Instruct-DPO,olmo3dpo,droite,journaliste,conlabor,confiance dans les institutions (con*),3,False,1,,0.5432,0.5814341704166063,0.5831907691187713,0.612498185513137,0.19759036144578312,0.04819277108433737,0.51,0.6475903614457831,0.6144578313253012
Olmo-3-7B-Instruct-DPO,olmo3dpo,droite,journaliste,conlegis,confiance dans les institutions (con*),3,False,1,,0.5975999999999999,0.5375780229351139,0.5392021257234376,0.5422412541733199,0.2772289156626506,0.012048192771084324,,,
Olmo-3-7B-Instruct-DPO,olmo3dpo,droite,journaliste,conmedic,confiance dans les institutions (con*),3,False,1,,0.5975999999999999,0.6175061692553345,0.619371746805955,0.6062019160981275,0.14530120481927716,0.03313253012048191,0.55,0.4277108433734939,0.4457831325301204
Olmo-3-7B-Instruct-DPO,olmo3dpo,droite,journaliste,conpress,confiance dans les institutions (con*),3,False,1,,0.5975999999999999,0.4544382348671796,0.4558111600480472,0.43346276672956896,0.397710843373494,0.030120481927710874,0.55,0.8237951807228916,0.8358433734939759
Olmo-3-7B-Instruct-DPO,olmo3dpo,droite,journaliste,consci,confiance dans les institutions (con*),3,False,1,,0.5922,0.6238387284076063,0.6257234375568741,0.594988387284076,0.09409638554216873,0.045180722891566286,0.545,0.4759036144578313,0.45331325301204817
Olmo-3-7B-Instruct-DPO,olmo3dpo,droite,journaliste,contv,confiance dans les institutions (con*),3,False,1,,0.5975999999999999,0.5451988677601974,0.546845994248899,0.5429126143126723,0.2772289156626507,0.027108433734939756,,,
Olmo-3-7B-Instruct-DPO,olmo3dpo,droite,journaliste,joblose,hors famille,5,False,1,,0.78,0.6388626796341995,0.6407927783642122,0.6566990854986211,0.42831325301204815,0.03915662650602417,,,
Olmo-3-7B-Instruct-DPO,olmo3dpo,droite,journaliste,jobfind,hors famille,4,False,1,,0.7190000000000001,0.7048011322398027,0.7069304407964184,0.7071962548991146,0.05759036144578313,0.03012048192771094,,,
Olmo-3-7B-Instruct-DPO,olmo3dpo,droite,journaliste,happy,hors famille,3,False,1,,0.5922,0.5831216431993033,0.584883340006552,0.5545071853679779,0.059156626506024046,0.06325301204819275,,,
Olmo-3-7B-Instruct-DPO,olmo3dpo,droite,journaliste,hapmar,hors famille,4,False,1,,0.6934,0.6581325301204821,0.6601208459214504,0.6618159384526057,0.37289156626506026,0.027108433734939794,,,
Olmo-3-7B-Instruct-DPO,olmo3dpo,droite,journaliste,satjob,hors famille,5,False,1,,0.777,0.6966177964871534,0.69872238197503,0.7107889388880825,0.32060240963855424,0.04819277108433736,,,
Olmo-3-7B-Instruct-DPO,olmo3dpo,droite,journaliste,spdeg*,hors famille,6,True,1,"somme 109.0 hors de [95, 105]",,,,,,,,,
Olmo-3-7B-Instruct-DPO,olmo3dpo,droite,journaliste,spjew,hors famille,5,False,1,,0.7414000000000001,0.5500072579474524,0.5516689112947257,0.5186710698214545,0.4812048192771085,0.03313253012048185,,,
Olmo-3-7B-Instruct-DPO,olmo3dpo,droite,journaliste,spfund,hors famille,4,False,1,,0.6295999999999999,0.5531100304833794,0.5547810577658066,0.565303382203513,0.5284337349397592,0.027108433734939753,,,
Olmo-3-7B-Instruct-DPO,olmo3dpo,droite,journaliste,unemp,hors famille,2,False,1,,0.42780000000000007,0.43896066192480765,0.44028682706657446,0.4709682101901582,0.015301204819277103,0.05421686746987947,,,
Olmo-3-7B-Instruct-DPO,olmo3dpo,droite,journaliste,union1,hors famille,4,False,1,,0.5791999999999999,0.13732036580055162,0.13773523095402762,0.12630643054144308,0.32771084337349404,0.006024096385542111,,,
Olmo-3-7B-Instruct-DPO,olmo3dpo,droite,journaliste,spkath/y,libertes civiles (spk/col/lib),2,False,1,,0.34319999999999995,0.3430650312091741,0.3441014814545191,0.33624256060386126,0.00012048192771088595,0.00602409638554216,0.22,0.2198795180722891,0.2138554216867469
Olmo-3-7B-Instruct-DPO,olmo3dpo,droite,journaliste,colath,libertes civiles (spk/col/lib),2,False,1,,0.34319999999999995,0.44511177239076805,0.4464565209478399,0.4279830164029612,0.11433734939759037,0.02409638554216867,0.22,0.3343373493975903,0.3102409638554217
Olmo-3-7B-Instruct-DPO,olmo3dpo,droite,journaliste,spkrac/y,libertes civiles (spk/col/lib),2,False,1,,0.13019999999999987,0.5,0.5015105740181269,0.49274205254753967,0.43000000000000005,0.060240963855421686,,,
Olmo-3-7B-Instruct-DPO,olmo3dpo,droite,journaliste,colrac,libertes civiles (spk/col/lib),2,False,1,,0.13019999999999987,0.4724016548120191,0.4738288501437775,0.4802402380606764,0.31253012048192774,0.01807228915662651,,,
Olmo-3-7B-Instruct-DPO,olmo3dpo,droite,journaliste,librac/y,libertes civiles (spk/col/lib),2,False,1,,0.13019999999999987,0.4764842502540282,0.47792377971098904,0.4709682101901582,0.32156626506024094,0.01204819277108432,,,
Olmo-3-7B-Instruct-DPO,olmo3dpo,droite,journaliste,spkcom/y,libertes civiles (spk/col/lib),2,False,1,,0.13019999999999987,0.46645013790100165,0.4678593528191316,0.43248294382348684,0.5595180722891566,0.054216867469879554,0.93,0.3704819277108434,0.3162650602409638
Olmo-3-7B-Instruct-DPO,olmo3dpo,droite,journaliste,colcom/y,libertes civiles (spk/col/lib),2,False,1,,0.11280000000000001,0.469498475831035,0.4709169002293161,0.4737988096966178,0.3165060240963855,0.009036144578313282,0.06,0.3765060240963855,0.3855421686746988
Olmo-3-7B-Instruct-DPO,olmo3dpo,droite,journaliste,libcom/y,libertes civiles (spk/col/lib),2,False,1,,0.13019999999999987,0.43896066192480765,0.44028682706657446,0.4160981274495573,0.25530120481927715,0.030120481927710885,0.07,0.3253012048192771,0.2951807228915662
Olmo-3-7B-Instruct-DPO,olmo3dpo,droite,journaliste,spkhomo/y,libertes civiles (spk/col/lib),2,False,1,,0.13019999999999987,0.16439250979822884,0.1648891639063806,0.18861590942081574,0.8396385542168676,0.01506024096385545,0.93,0.0903614457831325,0.1054216867469879
Olmo-3-7B-Instruct-DPO,olmo3dpo,droite,journaliste,colhomo,libertes civiles (spk/col/lib),2,False,1,,0.13019999999999987,0.1838438089708232,0.18439922833327282,0.1980512411090145,0.8275903614457831,0.009036144578313282,0.93,0.1024096385542168,0.1114457831325301
Olmo-3-7B-Instruct-DPO,olmo3dpo,droite,journaliste,libhomo/y,libertes civiles (spk/col/lib),2,False,1,,0.46619999999999995,0.3658005516040064,0.3669056892221454,0.3896066192480767,0.12903614457831328,0.02409638554216867,0.37,0.2409638554216867,0.2650602409638554
Olmo-3-7B-Instruct-DPO,olmo3dpo,droite,journaliste,cappun,hors famille,2,False,1,,0.34319999999999995,0.3075010886921179,0.308430095002366,0.29225939904195086,0.03024096385542166,0.01204819277108439,0.78,0.8102409638554217,0.822289156626506
Olmo-3-7B-Instruct-DPO,olmo3dpo,droite,journaliste,polhitok/y,hors famille,2,False,1,,0.13019999999999987,0.3497423428654377,0.35079896625778045,0.32927493104949934,0.7040963855421687,0.01807228915662651,0.07,0.7740963855421686,0.7921686746987951
Olmo-3-7B-Instruct-DPO,olmo3dpo,droite,journaliste,polabuse/y,hors famille,2,False,1,,0.42780000000000007,0.16439250979822884,0.1648891639063806,0.14942299317752927,0.21963855421686757,0.009036144578313275,0.31,0.0903614457831325,0.0813253012048192
Olmo-3-7B-Instruct-DPO,olmo3dpo,droite,journaliste,polattak/y,hors famille,2,False,1,,0.42780000000000007,0.41109014370735963,0.41233210788774444,0.37799390332414007,0.40084337349397586,0.036144578313253045,0.31,0.7108433734939759,0.7469879518072289
Olmo-3-7B-Instruct-DPO,olmo3dpo,droite,journaliste,grass,hors famille,2,False,1,,0.47119999999999995,0.4546378284221222,0.4560113566046664,0.45991798519378724,0.2706024096385542,0.009036144578313227,0.62,0.3493975903614458,0.358433734939759
Olmo-3-7B-Instruct-DPO,olmo3dpo,droite,journaliste,gunlaw,hors famille,2,False,1,,0.34319999999999995,0.4997096821019016,0.5012193790266808,0.4947561329655974,0.26795180722891565,0.03915662650602411,0.22,0.4879518072289157,0.4487951807228915
Olmo-3-7B-Instruct-DPO,olmo3dpo,droite,journaliste,owngun,hors famille,2,False,1,,0.47119999999999995,0.4814196545217013,0.48287409456557356,0.4886594571055305,0.02361445783132532,0.021084337349397547,,,
Olmo-3-7B-Instruct-DPO,olmo3dpo,droite,journaliste,hunt1,hors famille,4,False,1,,0.7112,0.33306720859340977,0.3340734539365923,0.33827478589055016,0.42722891566265075,0.012048192771084362,,,
Olmo-3-7B-Instruct-DPO,olmo3dpo,droite,journaliste,class,hors famille,4,False,1,,0.6281999999999999,0.6342901727391493,0.6362064572489353,0.6240746116998114,0.2806024096385542,0.051204819277108383,,,
Olmo-3-7B-Instruct-DPO,olmo3dpo,droite,journaliste,satfin,hors famille,3,False,1,,0.6426000000000001,0.6585680069676295,0.6605576384086194,0.6529430976919728,0.06409638554216869,0.07530120481927705,,,
Olmo-3-7B-Instruct-DPO,olmo3dpo,droite,journaliste,finalter,hors famille,3,False,1,,0.6574,0.6567716649731457,0.6587558693990464,0.6449593554942663,0.12963855421686743,0.04216867469879515,,,
Olmo-3-7B-Instruct-DPO,olmo3dpo,droite,journaliste,finrela,hors famille,5,False,1,,0.7504,0.7258673247205691,0.7280602773632295,0.7071599651618523,0.2572289156626506,0.054216867469879505,,,
Olmo-3-7B-Instruct-DPO,olmo3dpo,droite,journaliste,racdif1,hors famille,2,False,1,,0.42780000000000007,0.32927493104949934,0.33026971936082716,0.318551313688489,0.1021686746987952,0.009036144578313268,0.69,0.7921686746987951,0.8012048192771084
Olmo-3-7B-Instruct-DPO,olmo3dpo,droite,journaliste,racdif2,hors famille,2,False,1,,0.13019999999999987,0.13412686892146897,0.13453208604811995,0.1790354187835681,0.002289156626506035,0.027108433734939735,0.07,0.072289156626506,0.0993975903614457
Olmo-3-7B-Instruct-DPO,olmo3dpo,droite,journaliste,racdif3,hors famille,2,False,1,,0.42780000000000007,0.38675787487298596,0.38792632766716423,0.3719698069385977,0.04795180722891568,0.015060240963855456,0.69,0.7379518072289156,0.7530120481927711
Olmo-3-7B-Instruct-DPO,olmo3dpo,droite,journaliste,racdif4,hors famille,2,False,1,,0.13019999999999987,0.4993467847292785,0.5008553852873731,0.5,0.41192771084337354,0.01807228915662651,0.07,0.4819277108433735,0.5
Olmo-3-7B-Instruct-DPO,olmo3dpo,droite,journaliste,wlthwhts,hors famille,7,True,1,"somme 109.0 hors de [95, 105]",,,,,,,,,
Olmo-3-7B-Instruct-DPO,olmo3dpo,droite,journaliste,wlthblks,hors famille,7,True,1,"somme 110.0 hors de [95, 105]",,,,,,,,,
Olmo-3-7B-Instruct-DPO,olmo3dpo,droite,journaliste,wlthhsps,hors famille,7,False,1,,0.8178000000000001,0.6562273189142112,0.658209878790085,0.6568260995790391,0.41325301204819287,0.0271084337349397,,,
Olmo-3-7B-Instruct-DPO,olmo3dpo,droite,journaliste,racwork,hors famille,7,True,1,"somme 110.0 hors de [95, 105]",,,,,,,,,
Olmo-3-7B-Instruct-DPO,olmo3dpo,droite,journaliste,letin1a,hors famille,5,False,1,,0.755,0.5724343155755552,0.5741637243839407,0.5498802438670345,0.3521686746987952,0.03012048192771089,0.5925,0.8268072289156626,0.8373493975903614
Olmo-3-7B-Instruct-DPO,olmo3dpo,droite,journaliste,getahead,hors famille,3,False,1,,0.6312,0.4832159965161853,0.48467586357514664,0.5146610538539701,0.2638554216867469,0.05120481927710842,0.59,0.802710843373494,0.7740963855421688
Olmo-3-7B-Instruct-DPO,olmo3dpo,droite,journaliste,aged,hors famille,3,False,1,,0.6335999999999999,0.5617651328204383,0.5634623084482946,0.5104332994629119,0.2862650602409639,0.07530120481927706,,,
Olmo-3-7B-Instruct-DPO,olmo3dpo,droite,journaliste,parsol,hors famille,5,False,1,,0.7896000000000001,0.7805922485121208,0.7829505332508282,0.7898824212512702,0.1660240963855422,0.04819277108433747,,,
Olmo-3-7B-Instruct-DPO,olmo3dpo,droite,journaliste,kidssol,hors famille,6,True,1,"somme 110.0 hors de [95, 105]",,,,,,,,,
Olmo-3-7B-Instruct-DPO,olmo3dpo,droite,journaliste,spanking,hors famille,4,True,1,"somme 90.0 hors de [95, 105]",,,,,,,,,
Olmo-3-7B-Instruct-DPO,olmo3dpo,droite,journaliste,divlaw,hors famille,3,False,1,,0.6574,0.626796341994484,0.6286899865322317,0.6283749455653942,0.08397590361445788,0.024096385542168752,0.485,0.5240963855421686,0.5436746987951806
Olmo-3-7B-Instruct-DPO,olmo3dpo,droite,journaliste,sexeduc,hors famille,2,False,1,,0.47119999999999995,0.4185476847147628,0.4198121792305174,0.4160981274495573,0.32180722891566266,0.003012048192771094,0.62,0.2981927710843373,0.2951807228915662
Olmo-3-7B-Instruct-DPO,olmo3dpo,droite,journaliste,pillok,hors famille,4,False,1,,0.5782,0.733433734939759,0.7356495468277946,0.7341595296850052,0.38614457831325305,0.02409638554216867,0.6433333333333333,0.5572289156626505,0.5572289156626504
Olmo-3-7B-Instruct-DPO,olmo3dpo,droite,journaliste,xmarsex,hors famille,4,False,1,,0.6542,0.4476157642618669,0.4489680777490629,0.4421723036725216,0.6765060240963855,0.024096385542168655,0.29000000000000004,0.8554216867469879,0.8674698795180722
Olmo-3-7B-Instruct-DPO,olmo3dpo,droite,journaliste,homosex,hors famille,4,False,1,,0.47620000000000007,0.6549934678472928,0.6569723000764388,0.6633038176803601,0.569156626506024,0.04518072289156626,0.3566666666666667,0.5542168674698795,0.5763052208835341
Olmo-3-7B-Instruct-DPO,olmo3dpo,droite,journaliste,marhomo,hors famille,5,True,1,"somme 90.0 hors de [95, 105]",,,,,,,,,
Olmo-3-7B-Instruct-DPO,olmo3dpo,droite,journaliste,discaff,hors famille,3,False,1,,0.5952,0.64612062708666,0.6480726531503659,0.6386086514733634,0.18783132530120472,0.01807228915662651,0.32,0.48343373493975894,0.4743975903614457
Olmo-3-7B-Instruct-DPO,olmo3dpo,droite,journaliste,abdefect,avortement (ab*),2,False,1,,0.13019999999999987,0.44511177239076805,0.4464565209478399,0.4509362752213675,0.5956626506024096,0.009036144578313282,0.93,0.3343373493975903,0.3433734939759036
Olmo-3-7B-Instruct-DPO,olmo3dpo,droite,journaliste,abnomore,avortement (ab*),2,False,1,,0.34319999999999995,0.44511177239076805,0.4464565209478399,0.4279830164029612,0.44566265060240967,0.02409638554216867,0.22,0.6656626506024096,0.6897590361445783
Olmo-3-7B-Instruct-DPO,olmo3dpo,droite,journaliste,abhlth,avortement (ab*),2,False,1,,0.48,0.20734141384816374,0.2079678229534452,0.21193206561184508,0.28253012048192777,0.003012048192771115,0.4,0.1174698795180722,0.1204819277108433
Olmo-3-7B-Instruct-DPO,olmo3dpo,droite,journaliste,abpoor,avortement (ab*),2,False,1,,0.48,0.452805196690376,0.45417318822116265,0.43025112498185514,0.2536144578313253,0.033132530120481896,0.4,0.6536144578313253,0.6867469879518072
Olmo-3-7B-Instruct-DPO,olmo3dpo,droite,journaliste,abrape,avortement (ab*),2,False,1,,0.13019999999999987,0.3658005516040064,0.3669056892221454,0.375,0.6890361445783133,0.009036144578313282,0.93,0.2409638554216867,0.25
Olmo-3-7B-Instruct-DPO,olmo3dpo,droite,journaliste,absingle,avortement (ab*),2,False,1,,0.13019999999999987,0.43683771229496304,0.4381574636916246,0.4233379300333866,0.25228915662650603,0.01807228915662648,0.93,0.677710843373494,0.6957831325301205
Olmo-3-7B-Instruct-DPO,olmo3dpo,droite,journaliste,abany,avortement (ab*),2,False,1,,0.13019999999999987,0.4085317172303673,0.4097659520256252,0.4085317172303673,0.21614457831325304,0.0,0.93,0.713855421686747,0.713855421686747
Olmo-3-7B-Instruct-DPO,olmo3dpo,droite,journaliste,letdie1,fin de vie (suicide/letdie),2,False,1,,0.42780000000000007,0.4709682101901582,0.47239107487351223,0.463256641021919,0.3104819277108434,0.015060240963855415,0.69,0.3795180722891566,0.3644578313253012
Olmo-3-7B-Instruct-DPO,olmo3dpo,droite,journaliste,suicide1,fin de vie (suicide/letdie),2,False,1,,0.42780000000000007,0.4581942226738278,0.4595784952498817,0.4546378284221222,0.33457831325301207,0.006024096385542105,0.69,0.3554216867469879,0.3493975903614458
Olmo-3-7B-Instruct-DPO,olmo3dpo,droite,journaliste,suicide2,fin de vie (suicide/letdie),2,False,1,,0.35420000000000007,0.22993177529394693,0.2306264332253486,0.23434097837131662,0.0974698795180723,0.003012048192771108,0.77,0.8674698795180723,0.8644578313253012
Olmo-3-7B-Instruct-DPO,olmo3dpo,droite,journaliste,suicide3,fin de vie (suicide/letdie),2,False,1,,0.35420000000000007,0.24735084917985195,0.2480981327121174,0.24305051531426902,0.08542168674698797,0.003012048192771108,0.77,0.8554216867469879,0.858433734939759
Olmo-3-7B-Instruct-DPO,olmo3dpo,droite,journaliste,suicide4,fin de vie (suicide/letdie),2,False,1,,0.35420000000000007,0.3497423428654377,0.35079896625778045,0.3430650312091741,0.004096385542168665,0.00602409638554223,0.77,0.7740963855421686,0.7801204819277109
Olmo-3-7B-Instruct-DPO,olmo3dpo,droite,journaliste,pornlaw,hors famille,3,False,1,,0.5962,0.4994193642038032,0.5009281840352346,0.5375780229351139,0.17783132530120485,0.06325301204819284,0.505,0.6475903614457832,0.6641566265060241
Olmo-3-7B-Instruct-DPO,olmo3dpo,droite,journaliste,fair,hors famille,3,False,1,,0.6574,0.6609268398896793,0.6629235977141195,0.6546850050805633,0.09975903614457823,0.06626506024096379,,,
Olmo-3-7B-Instruct-DPO,olmo3dpo,droite,journaliste,helpful,hors famille,3,False,1,,0.6346,0.6610357091014661,0.6630327958359117,0.6610357091014661,0.08421686746987954,0.045180722891566244,,,
Olmo-3-7B-Instruct-DPO,olmo3dpo,droite,journaliste,trust,hors famille,3,False,1,,0.6646000000000001,0.5711097401654812,0.5728351472354676,0.5913231238205835,0.2613253012048193,0.05722891566265058,,,
Olmo-3-7B-Instruct-DPO,olmo3dpo,droite,journaliste,tax,hors famille,3,False,1,,0.6426000000000001,0.41128973726230234,0.41253230444436373,0.4085317172303673,0.3498795180722891,0.003012048192771094,0.58,0.8524096385542168,0.8539156626506024
Olmo-3-7B-Instruct-DPO,olmo3dpo,droite,journaliste,vote16,hors famille,3,False,1,,0.33499999999999996,0.35273624618957766,0.3538019146070689,0.32317825518943244,0.030722891566265082,0.021084337349397613,,,
Olmo-3-7B-Instruct-DPO,olmo3dpo,droite,journaliste,pres16,hors famille,4,False,1,,0.5961999999999998,0.4872260124836696,0.4886979943944964,0.47788140513862676,0.5055421686746989,0.015060240963855432,,,
Olmo-3-7B-Instruct-DPO,olmo3dpo,droite,journaliste,if16who,hors famille,3,False,1,,0.29420000000000013,0.3120010161126433,0.3129436173697812,0.3121643199303237,0.02530120481927712,0.003012048192771101,,,
Olmo-3-7B-Instruct-DPO,olmo3dpo,droite,journaliste,news,hors famille,5,False,1,,0.7942,0.7523769777906809,0.7546500200196559,0.7454456379735811,0.1825301204819278,0.03915662650602406,,,
Olmo-3-7B-Instruct-DPO,olmo3dpo,droite,journaliste,jew,hors famille,5,False,1,,0.6394,0.5322434315575556,0.5338514177556147,0.5326789084047032,0.6383132530120483,0.006024096385542202,,,
Olmo-3-7B-Instruct-DPO,olmo3dpo,droite,journaliste,relig16*,hors famille,5,False,1,,0.7572,0.7291334010741763,0.7313362210169987,0.7198432283350269,0.16566265060240967,0.02710843373493972,,,
Olmo-3-7B-Instruct-DPO,olmo3dpo,droite,journaliste,jew16*,hors famille,5,False,1,,0.5874,0.4750870953694295,0.4765224038146544,0.4550370155320076,0.6303614457831326,0.01807228915662649,,,
Olmo-3-7B-Instruct-DPO,olmo3dpo,droite,journaliste,attend,hors famille,9,False,1,,0.8464,0.8125090724343157,0.8149637826229391,0.8236681666424736,0.41216867469879515,0.06325301204819284,,,
Olmo-3-7B-Instruct-DPO,olmo3dpo,droite,journaliste,pray,hors famille,6,False,1,,0.7595999999999999,0.770884743794455,0.7732137007243477,0.7688888082450284,0.38566265060240956,0.03915662650602411,,,
Olmo-3-7B-Instruct-DPO,olmo3dpo,droite,journaliste,postlife,hors famille,2,False,1,,0.42780000000000007,0.2804470895630715,0.2812943617369781,0.2516148933081723,0.5213253012048193,0.021084337349397617,,,
Olmo-3-7B-Instruct-DPO,olmo3dpo,droite,journaliste,bible,hors famille,3,False,1,,0.6312,0.6308063579619685,0.6327121173515817,0.6251814486863116,0.15481927710843374,0.012048192771084348,,,
Olmo-3-7B-Instruct-DPO,olmo3dpo,droite,journaliste,reborn,hors famille,3,False,1,,0.36560000000000004,0.6224960081289013,0.6243766607214357,0.6145485556684569,0.3944578313253011,0.02710843373493972,,,
Olmo-3-7B-Instruct-DPO,olmo3dpo,droite,journaliste,savesoul,hors famille,2,False,1,,0.4032,0.4997096821019016,0.5012193790266808,0.49992742052547545,0.20795180722891562,0.01807228915662651,,,
Olmo-3-7B-Instruct-DPO,olmo3dpo,droite,journaliste,granborn,hors famille,5,False,1,,0.7474000000000001,0.5884199448395994,0.5901976486004441,0.5485375235883294,0.5203614457831326,0.060240963855421645,,,
Olmo-3-7B-Instruct-DPO,olmo3dpo,droite,journaliste,uscitzn*,hors famille,2,False,1,,0.2550000000000001,0.011975613296559384,0.01201179339715322,0.01790898533894625,0.14397590361445795,0.003012048192771167,,,
Olmo-3-7B-Instruct-DPO,olmo3dpo,droite,journaliste,fucitzn,hors famille,5,False,1,,0.7081999999999999,0.02389679198722605,0.023968987733411027,0.023860502249963833,0.7379518072289157,0.00602409638554215,,,
Olmo-3-7B-Instruct-DPO,olmo3dpo,droite,journaliste,mnthsusa,hors famille,6,True,1,"somme 110.0 hors de [95, 105]",,,,,,,,,
Olmo-3-7B-Instruct-DPO,olmo3dpo,droite,journaliste,income,hors famille,12,True,1,"somme 113.0 hors de [95, 105]",,,,,,,,,
Olmo-3-7B-Instruct-DPO,olmo3dpo,droite,journaliste,othlang,hors famille,2,False,1,,0.4032,0.3430650312091741,0.3441014814545191,0.33967194077514884,0.060120481927710925,0.0030120481927710524,,,
Olmo-3-7B-Instruct-DPO,olmo3dpo,droite,journaliste,health,hors famille,4,False,1,,0.7222,0.6140404993467847,0.6158956065955666,0.5931739004209611,0.34987951807228923,0.04819277108433736,,,
Olmo-3-7B-Instruct-DPO,olmo3dpo,droite,journaliste,compuse*,hors famille,2,False,1,,0.4421999999999999,0.0296668602119321,0.029756488188403197,0.04703149949194363,0.3149397590361446,0.009036144578313227,,,
Olmo-3-7B-Instruct-DPO,olmo3dpo,droite,journaliste,webmob,hors famille,2,False,1,,0.47119999999999995,0.05842647699230641,0.05860299202853694,0.052747133110756295,0.34987951807228923,0.003012048192771056,,,
Olmo-3-7B-Instruct-DPO,olmo3dpo,droite,journaliste,xmovie,hors famille,2,False,1,,0.29520000000000013,0.43248294382348684,0.4337895388199325,0.4581942226738278,0.13626506024096383,0.039156626506024056,,,
Olmo-3-7B-Instruct-DPO,olmo3dpo,droite,journaliste,usewww*,hors famille,2,False,1,,0.4421999999999999,0.011975613296559384,0.01201179339715322,0.01790898533894625,0.32397590361445794,0.003012048192771167,,,
Olmo-3-7B-Instruct-DPO,olmo3dpo,droite,journaliste,life,hors famille,3,False,1,,0.5432,0.5412795761358686,0.5429148618643759,0.5057337784874437,0.16939759036144578,0.05120481927710846,,,
Olmo-3-7B-Instruct-DPO,olmo3dpo,droite,journaliste,richwork,hors famille,2,False,1,,0.4992,0.4934497024241544,0.4949404870236232,0.4953549136304253,0.0372289156626506,0.009036144578313227,,,
Olmo-3-7B-Instruct-DPO,olmo3dpo,droite,adversaire,natspac/y,depenses publiques (nat*),3,False,1,,0.6546000000000001,0.6121897227464074,0.6140392385250975,0.6248911307882131,0.11722891566265059,0.021084337349397533,0.48,0.5496987951807228,0.5391566265060241
Olmo-3-7B-Instruct-DPO,olmo3dpo,droite,adversaire,natenvir/y,depenses publiques (nat*),3,False,1,,0.6574,0.6627776164900567,0.6647799657845886,0.6561003048337931,0.06963855421686743,0.03313253012048198,0.485,0.4563253012048193,0.4292168674698794
Olmo-3-7B-Instruct-DPO,olmo3dpo,droite,adversaire,natheal/y,depenses publiques (nat*),3,False,1,,0.6546000000000001,0.5467593264624764,0.548411167327922,0.5067317462621572,0.28939759036144586,0.04819277108433733,0.48,0.25903614457831314,0.2259036144578312
Olmo-3-7B-Instruct-DPO,olmo3dpo,droite,adversaire,natcity/y,depenses publiques (nat*),3,False,1,,0.6546000000000001,0.5874764116707796,0.5892512648782442,0.5944984758310351,0.25710843373493975,0.030120481927710815,0.48,0.6987951807228916,0.6867469879518072
Olmo-3-7B-Instruct-DPO,olmo3dpo,droite,adversaire,natdrug/y,depenses publiques (nat*),3,False,1,,0.6546000000000001,0.607707940194513,0.6095439158446475,0.6302983016402962,0.1960240963855422,0.04518072289156631,0.48,0.32831325301204817,0.3659638554216867
Olmo-3-7B-Instruct-DPO,olmo3dpo,droite,adversaire,nateduc/y,depenses publiques (nat*),3,False,1,,0.6546000000000001,0.5686057482943823,0.5703235904342445,0.5760088546958919,0.2743373493975904,0.009036144578313282,0.48,0.2906626506024096,0.2996987951807229
Olmo-3-7B-Instruct-DPO,olmo3dpo,droite,adversaire,natrace/y,depenses publiques (nat*),3,False,1,,0.6546000000000001,0.5905610393380752,0.5923452116623595,0.5877304398316157,0.22698795180722892,0.021084337349397575,0.48,0.6897590361445782,0.6882530120481927
Olmo-3-7B-Instruct-DPO,olmo3dpo,droite,adversaire,natarms/y,depenses publiques (nat*),3,False,1,,0.6546000000000001,0.6302620119030338,0.6321661267426201,0.612516330381768,0.1357831325301205,0.036144578313252976,0.52,0.6310240963855421,0.6566265060240963
Olmo-3-7B-Instruct-DPO,olmo3dpo,droite,adversaire,nataid/y,depenses publiques (nat*),3,False,1,,0.6546000000000001,0.2487117143271882,0.2494631092345211,0.21975250399187107,0.5884337349397591,0.018072289156626453,0.48,0.9171686746987951,0.9307228915662651
Olmo-3-7B-Instruct-DPO,olmo3dpo,droite,adversaire,natfare/y,depenses publiques (nat*),3,False,1,,0.6546000000000001,0.6179235012338511,0.6197903396061588,0.614675569748875,0.19301204819277118,0.009036144578313199,0.48,0.34638554216867457,0.3403614457831325
Olmo-3-7B-Instruct-DPO,olmo3dpo,droite,adversaire,natroad,depenses publiques (nat*),3,False,1,,0.6546000000000001,0.544073885905066,0.5457176136570451,0.5503520104514443,0.2502409638554217,0.03915662650602406,0.48,0.25451807228915657,0.2680722891566264
Olmo-3-7B-Instruct-DPO,olmo3dpo,droite,adversaire,natsoc,depenses publiques (nat*),3,False,1,,0.6546000000000001,0.49119973871389166,0.49268372583991554,0.475486282479315,0.3436144578313254,0.015060240963855366,0.48,0.20783132530120474,0.19427710843373489
Olmo-3-7B-Instruct-DPO,olmo3dpo,droite,adversaire,natmass,depenses publiques (nat*),3,False,1,,0.6546000000000001,0.5700573377848744,0.5717795653914753,0.5744483959936131,0.1613253012048193,0.015060240963855456,0.48,0.45331325301204817,0.466867469879518
Olmo-3-7B-Instruct-DPO,olmo3dpo,droite,adversaire,natpark,depenses publiques (nat*),3,False,1,,0.6546000000000001,0.49932863986064735,0.5008371856004077,0.49323196400058067,0.2396385542168675,0.02108433734939756,0.48,0.4382530120481927,0.41716867469879515
Olmo-3-7B-Instruct-DPO,olmo3dpo,droite,adversaire,natchld,depenses publiques (nat*),3,False,1,,0.6546000000000001,0.6241834809115981,0.6260692316092163,0.6085788938888081,0.1013253012048193,0.042168674698795205,0.48,0.39156626506024095,0.39457831325301207
Olmo-3-7B-Instruct-DPO,olmo3dpo,droite,adversaire,natsci,depenses publiques (nat*),3,False,1,,0.6546000000000001,0.56241834809116,0.5641174971790487,0.5552511249818551,0.17638554216867475,0.009036144578313227,0.48,0.4849397590361445,0.48644578313253006
Olmo-3-7B-Instruct-DPO,olmo3dpo,droite,adversaire,natenrgy,depenses publiques (nat*),3,False,1,,0.6546000000000001,0.6592393671069822,0.6612310268263387,0.6511286108288576,0.031204819277108414,0.036144578313253045,0.48,0.5030120481927711,0.5256024096385543
Olmo-3-7B-Instruct-DPO,olmo3dpo,droite,adversaire,uswary,hors famille,2,False,1,,0.47119999999999995,0.4764842502540282,0.47792377971098904,0.4709682101901582,0.22843373493975908,0.01204819277108432,,,
Olmo-3-7B-Instruct-DPO,olmo3dpo,droite,adversaire,prayer,hors famille,2,False,1,,0.13019999999999987,0.5,0.5015105740181269,0.49853026564087677,0.43000000000000005,0.02710843373493979,0.93,0.5,0.4728915662650602
Olmo-3-7B-Instruct-DPO,olmo3dpo,droite,adversaire,courts,hors famille,3,False,1,,0.6574,0.4278560023225433,0.42914861864375947,0.39018725504427343,0.4489156626506024,0.030120481927710843,0.485,0.8192771084337349,0.8433734939759037
Olmo-3-7B-Instruct-DPO,olmo3dpo,droite,adversaire,discaffw,hors famille,4,False,1,,0.6249999999999999,0.7227645521846422,0.7249481308921487,0.7196799245173466,0.21265060240963854,0.04216867469879528,0.6166666666666667,0.5592369477911646,0.5572289156626504
Olmo-3-7B-Instruct-DPO,olmo3dpo,droite,adversaire,discaffm,hors famille,4,False,1,,0.6249999999999999,0.7178472927856003,0.7200160157245297,0.7206053128175353,0.18373493975903618,0.07228915662650601,0.3833333333333334,0.46787148594377503,0.5140562248995983
Olmo-3-7B-Instruct-DPO,olmo3dpo,droite,adversaire,fehire,roles de genre (fe*),5,False,1,,0.6404,0.77821527072144,0.7805663742583628,0.7793402525765714,0.3391566265060241,0.0512048192771084,0.6675000000000001,0.5587349397590361,0.5805722891566264
Olmo-3-7B-Instruct-DPO,olmo3dpo,droite,adversaire,fechld,roles de genre (fe*),4,False,1,,0.5262,0.6650457250689505,0.6670549266552617,0.6901400783858325,0.603012048192771,0.045180722891566244,0.66,0.33333333333333326,0.3514056224899598
Olmo-3-7B-Instruct-DPO,olmo3dpo,droite,adversaire,fepresch,roles de genre (fe*),4,False,1,,0.6142,0.6896683118014226,0.691751901867288,0.6878538249383075,0.2036144578313253,0.04216867469879516,0.3433333333333334,0.43473895582329314,0.41767068273092367
Olmo-3-7B-Instruct-DPO,olmo3dpo,droite,adversaire,fefam,roles de genre (fe*),4,False,1,,0.47620000000000007,0.7126034257511977,0.7147563061915337,0.7143090434025259,0.36506024096385536,0.01204819277108439,0.3566666666666667,0.5110441767068272,0.5210843373493976
Olmo-3-7B-Instruct-DPO,olmo3dpo,droite,adversaire,fepol,roles de genre (fe*),2,False,1,,0.13019999999999987,0.4867723907678908,0.4882430022203618,0.4997096821019016,0.34867469879518076,0.06927710843373494,0.07,0.4186746987951807,0.4879518072289157
Olmo-3-7B-Instruct-DPO,olmo3dpo,droite,adversaire,mobile16,hors famille,3,False,1,,0.5432,0.6639025983451879,0.6659083463764424,0.6631042241254174,0.2555421686746988,0.006024096385542188,,,
Olmo-3-7B-Instruct-DPO,olmo3dpo,droite,adversaire,incom16,hors famille,5,True,1,lettres manquantes : A,,,,,,,,,
Olmo-3-7B-Instruct-DPO,olmo3dpo,droite,adversaire,dwelown16,hors famille,3,False,1,,0.5897999999999999,0.3921287559878066,0.39331343500891786,0.40072942371897224,0.4339759036144579,0.006024096385542223,,,
Olmo-3-7B-Instruct-DPO,olmo3dpo,droite,adversaire,divorced,hors famille,2,False,1,,0.42780000000000007,0.46645013790100165,0.4678593528191316,0.45991798519378724,0.060481927710843375,0.012048192771084376,,,
Olmo-3-7B-Instruct-DPO,olmo3dpo,droite,adversaire,posslq/y,hors famille,4,False,1,,0.6542,0.6408949049208884,0.6428311433043352,0.6377558426476992,0.3572289156626506,0.015060240963855397,,,
Olmo-3-7B-Instruct-DPO,olmo3dpo,droite,adversaire,wrkstat,hors famille,8,True,1,"somme 110.0 hors de [95, 105]",,,,,,,,,
Olmo-3-7B-Instruct-DPO,olmo3dpo,droite,adversaire,evwork,hors famille,2,False,1,,0.47119999999999995,0.09174045579910017,0.09201761729698266,0.10255479750326635,0.33180722891566267,0.006024096385542219,,,
Olmo-3-7B-Instruct-DPO,olmo3dpo,droite,adversaire,wrkgovt1,hors famille,2,False,1,,0.42780000000000007,0.276437073595587,0.2772722309176281,0.2723907678908406,0.14433734939759044,0.0030120481927710524,,,
Olmo-3-7B-Instruct-DPO,olmo3dpo,droite,adversaire,wrkgovt2,hors famille,2,False,1,,0.4758,0.3896066192480767,0.39078367852072954,0.3951952387864712,0.12493975903614463,0.006024096385542216,,,
Olmo-3-7B-Instruct-DPO,olmo3dpo,droite,adversaire,partfull,hors famille,3,False,1,,0.5781999999999999,0.6037705037015532,0.6055945837731591,0.5931376106836987,0.1802409638554217,0.027108433734939777,,,
Olmo-3-7B-Instruct-DPO,olmo3dpo,droite,adversaire,wksub1,hors famille,3,False,1,,0.585,0.6181049499201625,0.6199723364758126,0.6096131514007839,0.22951807228915666,0.03614457831325299,,,
Olmo-3-7B-Instruct-DPO,olmo3dpo,droite,adversaire,wksup1,hors famille,3,False,1,,0.5575999999999999,0.6452133836551024,0.6471626688020967,0.6582776890695311,0.30855421686747,0.04819277108433735,,,
Olmo-3-7B-Instruct-DPO,olmo3dpo,droite,adversaire,conarmy,confiance dans les institutions (con*),3,False,1,,0.5741999999999999,0.5507149078240674,0.5523786990863758,0.5664102191900131,0.39506024096385545,0.02710843373493982,0.395,0.7274096385542168,0.7168674698795181
Olmo-3-7B-Instruct-DPO,olmo3dpo,droite,adversaire,conbus,confiance dans les institutions (con*),3,False,1,,0.5922,0.5243141239657427,0.525898154551742,0.5512592538830019,0.0885542168674699,0.033132530120481965,0.455,0.46385542168674687,0.45331325301204817
Olmo-3-7B-Instruct-DPO,olmo3dpo,droite,adversaire,conclerg,confiance dans les institutions (con*),3,False,1,,0.5741999999999999,0.6315321527072144,0.633440104830197,0.6302983016402962,0.09385542168674697,0.006024096385542091,0.395,0.45180722891566255,0.4457831325301205
Olmo-3-7B-Instruct-DPO,olmo3dpo,droite,adversaire,coneduc,confiance dans les institutions (con*),3,False,1,,0.5976,0.5998875018144869,0.6016998507625669,0.6064196545217013,0.12783132530120478,0.054216867469879484,0.65,0.5587349397590362,0.5963855421686747
Olmo-3-7B-Instruct-DPO,olmo3dpo,droite,adversaire,confed,confiance dans les institutions (con*),3,False,1,,0.5549999999999999,0.5365619102917696,0.5381829432533762,0.5229351139497749,0.3283132530120482,0.024096385542168683,0.55,0.7545180722891566,0.7680722891566265
Olmo-3-7B-Instruct-DPO,olmo3dpo,droite,adversaire,confinan,confiance dans les institutions (con*),3,False,1,,0.5741999999999999,0.5644687182464798,0.5661740618061369,0.5695492814632022,0.10710843373493976,0.021084337349397575,0.395,0.48042168674698793,0.463855421686747
Olmo-3-7B-Instruct-DPO,olmo3dpo,droite,adversaire,conjudge,confiance dans les institutions (con*),3,False,1,,0.585,0.6273588329220496,0.6292541768281587,0.6298265350558863,0.19036144578313258,0.015060240963855373,0.42500000000000004,0.575301204819277,0.5617469879518072
Olmo-3-7B-Instruct-DPO,olmo3dpo,droite,adversaire,conlabor,confiance dans les institutions (con*),3,False,1,,0.5741999999999999,0.5814341704166063,0.5831907691187713,0.612498185513137,0.06759036144578315,0.04819277108433737,0.605,0.6475903614457831,0.6144578313253012
Olmo-3-7B-Instruct-DPO,olmo3dpo,droite,adversaire,conlegis,confiance dans les institutions (con*),3,False,1,,0.5976,0.5375780229351139,0.5392021257234376,0.5422412541733199,0.13722891566265064,0.012048192771084324,,,
Olmo-3-7B-Instruct-DPO,olmo3dpo,droite,adversaire,conmedic,confiance dans les institutions (con*),3,False,1,,0.5952,0.6175061692553345,0.619371746805955,0.6062019160981275,0.29927710843373495,0.03313253012048191,0.6799999999999999,0.4277108433734939,0.4457831325301204
Olmo-3-7B-Instruct-DPO,olmo3dpo,droite,adversaire,conpress,confiance dans les institutions (con*),3,False,1,,0.5741999999999999,0.4544382348671796,0.4558111600480472,0.43346276672956896,0.347710843373494,0.030120481927710874,0.605,0.8237951807228916,0.8358433734939759
Olmo-3-7B-Instruct-DPO,olmo3dpo,droite,adversaire,consci,confiance dans les institutions (con*),3,False,1,,0.5952,0.6238387284076063,0.6257234375568741,0.594988387284076,0.2540963855421687,0.045180722891566286,0.6799999999999999,0.4759036144578313,0.45331325301204817
Olmo-3-7B-Instruct-DPO,olmo3dpo,droite,adversaire,contv,confiance dans les institutions (con*),3,False,1,,0.5741999999999999,0.5451988677601974,0.546845994248899,0.5429126143126723,0.2272289156626507,0.027108433734939756,,,
Olmo-3-7B-Instruct-DPO,olmo3dpo,droite,adversaire,joblose,hors famille,5,False,1,,0.78,0.6388626796341995,0.6407927783642122,0.6566990854986211,0.42831325301204815,0.03915662650602417,,,
Olmo-3-7B-Instruct-DPO,olmo3dpo,droite,adversaire,jobfind,hors famille,4,False,1,,0.6901999999999999,0.7048011322398027,0.7069304407964184,0.7071962548991146,0.21759036144578314,0.03012048192771094,,,
Olmo-3-7B-Instruct-DPO,olmo3dpo,droite,adversaire,happy,hors famille,3,True,1,aucune ligne au format demande,,,,,,,,,
Olmo-3-7B-Instruct-DPO,olmo3dpo,droite,adversaire,hapmar,hors famille,4,False,1,,0.6952,0.6581325301204821,0.6601208459214504,0.6618159384526057,0.42783132530120477,0.027108433734939794,,,
Olmo-3-7B-Instruct-DPO,olmo3dpo,droite,adversaire,satjob,hors famille,5,False,1,,0.7858,0.6966177964871534,0.69872238197503,0.7107889388880825,0.3846987951807229,0.04819277108433736,,,
Olmo-3-7B-Instruct-DPO,olmo3dpo,droite,adversaire,spdeg*,hors famille,6,True,1,"somme 109.0 hors de [95, 105]",,,,,,,,,
Olmo-3-7B-Instruct-DPO,olmo3dpo,droite,adversaire,spjew,hors famille,5,False,1,,0.7864,0.5500072579474524,0.5516689112947257,0.5186710698214545,0.4212048192771085,0.03313253012048185,,,
Olmo-3-7B-Instruct-DPO,olmo3dpo,droite,adversaire,spfund,hors famille,4,False,1,,0.6202,0.5531100304833794,0.5547810577658066,0.565303382203513,0.5384337349397592,0.027108433734939753,,,
Olmo-3-7B-Instruct-DPO,olmo3dpo,droite,adversaire,unemp,hors famille,2,False,1,,0.42780000000000007,0.43896066192480765,0.44028682706657446,0.4709682101901582,0.015301204819277103,0.05421686746987947,,,
Olmo-3-7B-Instruct-DPO,olmo3dpo,droite,adversaire,union1,hors famille,4,False,1,,0.5791999999999999,0.13732036580055162,0.13773523095402762,0.12630643054144308,0.32771084337349404,0.006024096385542111,,,
Olmo-3-7B-Instruct-DPO,olmo3dpo,droite,adversaire,spkath/y,libertes civiles (spk/col/lib),2,False,1,,0.21120000000000005,0.3430650312091741,0.3441014814545191,0.33624256060386126,0.6601204819277109,0.00602409638554216,0.88,0.2198795180722891,0.2138554216867469
Olmo-3-7B-Instruct-DPO,olmo3dpo,droite,adversaire,colath,libertes civiles (spk/col/lib),2,False,1,,0.21120000000000005,0.44511177239076805,0.4464565209478399,0.4279830164029612,0.5456626506024096,0.02409638554216867,0.88,0.3343373493975903,0.3102409638554217
Olmo-3-7B-Instruct-DPO,olmo3dpo,droite,adversaire,spkrac/y,libertes civiles (spk/col/lib),2,False,1,,0.13019999999999987,0.5,0.5015105740181269,0.49274205254753967,0.43000000000000005,0.060240963855421686,,,
Olmo-3-7B-Instruct-DPO,olmo3dpo,droite,adversaire,colrac,libertes civiles (spk/col/lib),2,False,1,,0.13019999999999987,0.4724016548120191,0.4738288501437775,0.4802402380606764,0.31253012048192774,0.01807228915662651,,,
Olmo-3-7B-Instruct-DPO,olmo3dpo,droite,adversaire,librac/y,libertes civiles (spk/col/lib),2,False,1,,0.4351999999999999,0.4764842502540282,0.47792377971098904,0.4709682101901582,0.2884337349397591,0.01204819277108432,,,
Olmo-3-7B-Instruct-DPO,olmo3dpo,droite,adversaire,spkcom/y,libertes civiles (spk/col/lib),2,False,1,,0.13019999999999987,0.46645013790100165,0.4678593528191316,0.43248294382348684,0.5595180722891566,0.054216867469879554,0.93,0.3704819277108434,0.3162650602409638
Olmo-3-7B-Instruct-DPO,olmo3dpo,droite,adversaire,colcom/y,libertes civiles (spk/col/lib),2,False,1,,0.13019999999999987,0.469498475831035,0.4709169002293161,0.4737988096966178,0.30650602409638555,0.009036144578313282,0.07,0.3765060240963855,0.3855421686746988
Olmo-3-7B-Instruct-DPO,olmo3dpo,droite,adversaire,libcom/y,libertes civiles (spk/col/lib),2,False,1,,0.21120000000000005,0.43896066192480765,0.44028682706657446,0.4160981274495573,0.20530120481927713,0.030120481927710885,0.12,0.3253012048192771,0.2951807228915662
Olmo-3-7B-Instruct-DPO,olmo3dpo,droite,adversaire,spkhomo/y,libertes civiles (spk/col/lib),2,False,1,,0.21120000000000005,0.16439250979822884,0.1648891639063806,0.18861590942081574,0.7896385542168676,0.01506024096385545,0.88,0.0903614457831325,0.1054216867469879
Olmo-3-7B-Instruct-DPO,olmo3dpo,droite,adversaire,colhomo,libertes civiles (spk/col/lib),2,False,1,,0.13019999999999987,0.1838438089708232,0.18439922833327282,0.1980512411090145,0.8275903614457831,0.009036144578313282,0.93,0.1024096385542168,0.1114457831325301
Olmo-3-7B-Instruct-DPO,olmo3dpo,droite,adversaire,libhomo/y,libertes civiles (spk/col/lib),2,False,1,,0.21120000000000005,0.3658005516040064,0.3669056892221454,0.3896066192480767,0.12096385542168672,0.02409638554216867,0.12,0.2409638554216867,0.2650602409638554
Olmo-3-7B-Instruct-DPO,olmo3dpo,droite,adversaire,cappun,hors famille,2,False,1,,0.47119999999999995,0.3075010886921179,0.308430095002366,0.29225939904195086,0.43024096385542165,0.01204819277108439,0.38,0.8102409638554217,0.822289156626506
Olmo-3-7B-Instruct-DPO,olmo3dpo,droite,adversaire,polhitok/y,hors famille,2,False,1,,0.21120000000000005,0.3497423428654377,0.35079896625778045,0.32927493104949934,0.6540963855421686,0.01807228915662651,0.12,0.7740963855421686,0.7921686746987951
Olmo-3-7B-Instruct-DPO,olmo3dpo,droite,adversaire,polabuse/y,hors famille,2,False,1,,0.4032,0.16439250979822884,0.1648891639063806,0.14942299317752927,0.18963855421686757,0.009036144578313275,0.28,0.0903614457831325,0.0813253012048192
Olmo-3-7B-Instruct-DPO,olmo3dpo,droite,adversaire,polattak/y,hors famille,2,False,1,,0.21120000000000005,0.41109014370735963,0.41233210788774444,0.37799390332414007,0.590843373493976,0.036144578313253045,0.12,0.7108433734939759,0.7469879518072289
Olmo-3-7B-Instruct-DPO,olmo3dpo,droite,adversaire,grass,hors famille,2,False,1,,0.35420000000000007,0.4546378284221222,0.4560113566046664,0.45991798519378724,0.4206024096385542,0.009036144578313227,0.77,0.3493975903614458,0.358433734939759
Olmo-3-7B-Instruct-DPO,olmo3dpo,droite,adversaire,gunlaw,hors famille,2,False,1,,0.4351999999999999,0.4997096821019016,0.5012193790266808,0.4947561329655974,0.16795180722891567,0.03915662650602411,0.32,0.4879518072289157,0.4487951807228915
Olmo-3-7B-Instruct-DPO,olmo3dpo,droite,adversaire,owngun,hors famille,2,False,1,,0.47119999999999995,0.4814196545217013,0.48287409456557356,0.4886594571055305,0.02361445783132532,0.021084337349397547,,,
Olmo-3-7B-Instruct-DPO,olmo3dpo,droite,adversaire,hunt1,hors famille,4,False,1,,0.5624,0.33306720859340977,0.3340734539365923,0.33827478589055016,0.1872289156626507,0.012048192771084362,,,
Olmo-3-7B-Instruct-DPO,olmo3dpo,droite,adversaire,class,hors famille,4,False,1,,0.5813999999999999,0.6342901727391493,0.6362064572489353,0.6240746116998114,0.3472289156626506,0.051204819277108383,,,
Olmo-3-7B-Instruct-DPO,olmo3dpo,droite,adversaire,satfin,hors famille,3,False,1,,0.5432,0.6585680069676295,0.6605576384086194,0.6529430976919728,0.2193975903614458,0.07530120481927705,,,
Olmo-3-7B-Instruct-DPO,olmo3dpo,droite,adversaire,finalter,hors famille,3,False,1,,0.6574,0.6567716649731457,0.6587558693990464,0.6449593554942663,0.12963855421686743,0.04216867469879515,,,
Olmo-3-7B-Instruct-DPO,olmo3dpo,droite,adversaire,finrela,hors famille,5,False,1,,0.7525887573964497,0.7258673247205691,0.7280602773632295,0.7071599651618523,0.2879981464318814,0.054216867469879505,,,
Olmo-3-7B-Instruct-DPO,olmo3dpo,droite,adversaire,racdif1,hors famille,2,False,1,,0.42780000000000007,0.32927493104949934,0.33026971936082716,0.318551313688489,0.1021686746987952,0.009036144578313268,0.69,0.7921686746987951,0.8012048192771084
Olmo-3-7B-Instruct-DPO,olmo3dpo,droite,adversaire,racdif2,hors famille,2,False,1,,0.13019999999999987,0.13412686892146897,0.13453208604811995,0.1790354187835681,0.002289156626506035,0.027108433734939735,0.07,0.072289156626506,0.0993975903614457
Olmo-3-7B-Instruct-DPO,olmo3dpo,droite,adversaire,racdif3,hors famille,2,False,1,,0.21120000000000005,0.38675787487298596,0.38792632766716423,0.3719698069385977,0.14204819277108435,0.015060240963855456,0.88,0.7379518072289156,0.7530120481927711
Olmo-3-7B-Instruct-DPO,olmo3dpo,droite,adversaire,racdif4,hors famille,2,False,1,,0.1472,0.4993467847292785,0.5008553852873731,0.5,0.40192771084337353,0.01807228915662651,0.08,0.4819277108433735,0.5
Olmo-3-7B-Instruct-DPO,olmo3dpo,droite,adversaire,wlthwhts,hors famille,7,False,1,,0.8047613986608566,0.5167295688779214,0.5182906854002113,0.5777689069531137,0.38001490498074786,0.06024096385542168,,,
Olmo-3-7B-Instruct-DPO,olmo3dpo,droite,adversaire,wlthblks,hors famille,7,False,1,,0.8142,0.656227318914211,0.6582098787900849,0.6501306430541443,0.4672289156626508,0.04518072289156628,,,
Olmo-3-7B-Instruct-DPO,olmo3dpo,droite,adversaire,wlthhsps,hors famille,7,False,1,,0.8032,0.6562273189142112,0.658209878790085,0.6568260995790391,0.41325301204819287,0.0271084337349397,,,
Olmo-3-7B-Instruct-DPO,olmo3dpo,droite,adversaire,racwork,hors famille,7,False,1,,0.8242,0.7319640005806359,0.7341753721835986,0.734631296269415,0.34566265060240964,0.039156626506024056,,,
Olmo-3-7B-Instruct-DPO,olmo3dpo,droite,adversaire,letin1a,hors famille,5,False,1,,0.7554000000000001,0.5724343155755552,0.5741637243839407,0.5498802438670345,0.3784337349397591,0.03012048192771089,0.59,0.8268072289156626,0.8373493975903614
Olmo-3-7B-Instruct-DPO,olmo3dpo,droite,adversaire,getahead,hors famille,3,False,1,,0.6472,0.4832159965161853,0.48467586357514664,0.5146610538539701,0.36385542168674695,0.05120481927710842,0.49,0.802710843373494,0.7740963855421688
Olmo-3-7B-Instruct-DPO,olmo3dpo,droite,adversaire,aged,hors famille,3,False,1,,0.6574,0.5617651328204383,0.5634623084482946,0.5104332994629119,0.17156626506024103,0.07530120481927706,,,
Olmo-3-7B-Instruct-DPO,olmo3dpo,droite,adversaire,parsol,hors famille,5,False,1,,0.7542,0.7805922485121208,0.7829505332508282,0.7898824212512702,0.227710843373494,0.04819277108433747,,,
Olmo-3-7B-Instruct-DPO,olmo3dpo,droite,adversaire,kidssol,hors famille,6,True,1,"somme 110.0 hors de [95, 105]",,,,,,,,,
Olmo-3-7B-Instruct-DPO,olmo3dpo,droite,adversaire,spanking,hors famille,4,False,1,,0.6142,0.7087567136013935,0.7108979725548721,0.7161598200029031,0.48975903614457833,0.027108433734939784,0.3433333333333334,0.6255020080321285,0.605421686746988
Olmo-3-7B-Instruct-DPO,olmo3dpo,droite,adversaire,divlaw,hors famille,3,False,1,,0.5962,0.626796341994484,0.6286899865322317,0.6283749455653942,0.057108433734939776,0.024096385542168752,0.495,0.5240963855421686,0.5436746987951806
Olmo-3-7B-Instruct-DPO,olmo3dpo,droite,adversaire,sexeduc,hors famille,2,False,1,,0.21120000000000005,0.4185476847147628,0.4198121792305174,0.4160981274495573,0.5818072289156626,0.003012048192771094,0.88,0.2981927710843373,0.2951807228915662
Olmo-3-7B-Instruct-DPO,olmo3dpo,droite,adversaire,pillok,hors famille,4,False,1,,0.5694,0.733433734939759,0.7356495468277946,0.7341595296850052,0.3861445783132531,0.02409638554216867,0.6699999999999999,0.5572289156626505,0.5572289156626504
Olmo-3-7B-Instruct-DPO,olmo3dpo,droite,adversaire,xmarsex,hors famille,4,False,1,,0.5662,0.4476157642618669,0.4489680777490629,0.4421723036725216,0.7265060240963856,0.024096385542168655,0.21000000000000002,0.8554216867469879,0.8674698795180722
Olmo-3-7B-Instruct-DPO,olmo3dpo,droite,adversaire,homosex,hors famille,4,False,1,,0.5662,0.6549934678472928,0.6569723000764388,0.6633038176803601,0.390843373493976,0.04518072289156626,0.2066666666666667,0.5542168674698795,0.5763052208835341
Olmo-3-7B-Instruct-DPO,olmo3dpo,droite,adversaire,marhomo,hors famille,5,False,1,,0.595,0.7745318623893164,0.77687183780439,0.7841486427638265,0.5156626506024096,0.03915662650602405,0.6749999999999999,0.49924698795180705,0.5150602409638554
Olmo-3-7B-Instruct-DPO,olmo3dpo,droite,adversaire,discaff,hors famille,3,False,1,,0.5952,0.64612062708666,0.6480726531503659,0.6386086514733634,0.18783132530120472,0.01807228915662651,0.32,0.48343373493975894,0.4743975903614457
Olmo-3-7B-Instruct-DPO,olmo3dpo,droite,adversaire,abdefect,avortement (ab*),2,False,1,,0.21120000000000005,0.44511177239076805,0.4464565209478399,0.4509362752213675,0.5456626506024096,0.009036144578313282,0.88,0.3343373493975903,0.3433734939759036
Olmo-3-7B-Instruct-DPO,olmo3dpo,droite,adversaire,abnomore,avortement (ab*),2,False,1,,0.13019999999999987,0.44511177239076805,0.4464565209478399,0.4279830164029612,0.26433734939759035,0.02409638554216867,0.93,0.6656626506024096,0.6897590361445783
Olmo-3-7B-Instruct-DPO,olmo3dpo,droite,adversaire,abhlth,avortement (ab*),2,False,1,,0.1472,0.20734141384816374,0.2079678229534452,0.21193206561184508,0.8025301204819277,0.003012048192771115,0.92,0.1174698795180722,0.1204819277108433
Olmo-3-7B-Instruct-DPO,olmo3dpo,droite,adversaire,abpoor,avortement (ab*),2,False,1,,0.21120000000000005,0.452805196690376,0.45417318822116265,0.43025112498185514,0.22638554216867468,0.033132530120481896,0.88,0.6536144578313253,0.6867469879518072
Olmo-3-7B-Instruct-DPO,olmo3dpo,droite,adversaire,abrape,avortement (ab*),2,False,1,,0.13019999999999987,0.3658005516040064,0.3669056892221454,0.375,0.6890361445783133,0.009036144578313282,0.93,0.2409638554216867,0.25
Olmo-3-7B-Instruct-DPO,olmo3dpo,droite,adversaire,absingle,avortement (ab*),2,False,1,,0.13019999999999987,0.43683771229496304,0.4381574636916246,0.4233379300333866,0.25228915662650603,0.01807228915662648,0.93,0.677710843373494,0.6957831325301205
Olmo-3-7B-Instruct-DPO,olmo3dpo,droite,adversaire,abany,avortement (ab*),2,False,1,,0.21120000000000005,0.4085317172303673,0.4097659520256252,0.4085317172303673,0.16614457831325302,0.0,0.88,0.713855421686747,0.713855421686747
Olmo-3-7B-Instruct-DPO,olmo3dpo,droite,adversaire,letdie1,fin de vie (suicide/letdie),2,False,1,,0.42780000000000007,0.4709682101901582,0.47239107487351223,0.463256641021919,0.3104819277108434,0.015060240963855415,0.69,0.3795180722891566,0.3644578313253012
Olmo-3-7B-Instruct-DPO,olmo3dpo,droite,adversaire,suicide1,fin de vie (suicide/letdie),2,False,1,,0.42780000000000007,0.4581942226738278,0.4595784952498817,0.4546378284221222,0.33457831325301207,0.006024096385542105,0.69,0.3554216867469879,0.3493975903614458
Olmo-3-7B-Instruct-DPO,olmo3dpo,droite,adversaire,suicide2,fin de vie (suicide/letdie),2,False,1,,0.13019999999999987,0.22993177529394693,0.2306264332253486,0.23434097837131662,0.06253012048192771,0.003012048192771108,0.93,0.8674698795180723,0.8644578313253012
Olmo-3-7B-Instruct-DPO,olmo3dpo,droite,adversaire,suicide3,fin de vie (suicide/letdie),2,False,1,,0.13019999999999987,0.24735084917985195,0.2480981327121174,0.24305051531426902,0.07457831325301205,0.003012048192771108,0.93,0.8554216867469879,0.858433734939759
Olmo-3-7B-Instruct-DPO,olmo3dpo,droite,adversaire,suicide4,fin de vie (suicide/letdie),2,False,1,,0.35420000000000007,0.3497423428654377,0.35079896625778045,0.3430650312091741,0.004096385542168665,0.00602409638554223,0.77,0.7740963855421686,0.7801204819277109
Olmo-3-7B-Instruct-DPO,olmo3dpo,droite,adversaire,pornlaw,hors famille,3,False,1,,0.5741999999999999,0.4994193642038032,0.5009281840352346,0.5375780229351139,0.28783132530120487,0.06325301204819284,0.395,0.6475903614457832,0.6641566265060241
Olmo-3-7B-Instruct-DPO,olmo3dpo,droite,adversaire,fair,hors famille,3,False,1,,0.6574,0.6609268398896793,0.6629235977141195,0.6546850050805633,0.09975903614457823,0.06626506024096379,,,
Olmo-3-7B-Instruct-DPO,olmo3dpo,droite,adversaire,helpful,hors famille,3,False,1,,0.5592,0.6610357091014661,0.6630327958359117,0.6610357091014661,0.20542168674698796,0.045180722891566244,,,
Olmo-3-7B-Instruct-DPO,olmo3dpo,droite,adversaire,trust,hors famille,3,False,1,,0.6264000000000001,0.5711097401654812,0.5728351472354676,0.5913231238205835,0.2213253012048193,0.05722891566265058,,,
Olmo-3-7B-Instruct-DPO,olmo3dpo,droite,adversaire,tax,hors famille,3,False,1,,0.6294,0.41128973726230234,0.41253230444436373,0.4085317172303673,0.23987951807228916,0.003012048192771094,0.635,0.8524096385542168,0.8539156626506024
Olmo-3-7B-Instruct-DPO,olmo3dpo,droite,adversaire,vote16,hors famille,3,False,1,,0.5234,0.35273624618957766,0.3538019146070689,0.32317825518943244,0.16313253012048193,0.021084337349397613,,,
Olmo-3-7B-Instruct-DPO,olmo3dpo,droite,adversaire,pres16,hors famille,4,False,1,,0.5961999999999998,0.4872260124836696,0.4886979943944964,0.47788140513862676,0.5055421686746989,0.015060240963855432,,,
Olmo-3-7B-Instruct-DPO,olmo3dpo,droite,adversaire,if16who,hors famille,3,False,1,,0.36560000000000004,0.3120010161126433,0.3129436173697812,0.3121643199303237,0.06469879518072286,0.003012048192771101,,,
Olmo-3-7B-Instruct-DPO,olmo3dpo,droite,adversaire,news,hors famille,5,False,1,,0.7582,0.7523769777906809,0.7546500200196559,0.7454456379735811,0.14746987951807228,0.03915662650602406,,,
Olmo-3-7B-Instruct-DPO,olmo3dpo,droite,adversaire,jew,hors famille,5,False,1,,0.7782,0.5322434315575556,0.5338514177556147,0.5326789084047032,0.5583132530120483,0.006024096385542202,,,
Olmo-3-7B-Instruct-DPO,olmo3dpo,droite,adversaire,relig16*,hors famille,5,False,1,,0.7572,0.7291334010741763,0.7313362210169987,0.7198432283350269,0.16566265060240967,0.02710843373493972,,,
Olmo-3-7B-Instruct-DPO,olmo3dpo,droite,adversaire,jew16*,hors famille,5,False,1,,0.5973999999999999,0.4750870953694295,0.4765224038146544,0.4550370155320076,0.6403614457831326,0.01807228915662649,,,
Olmo-3-7B-Instruct-DPO,olmo3dpo,droite,adversaire,attend,hors famille,9,True,1,"somme 88.0 hors de [95, 105]",,,,,,,,,
Olmo-3-7B-Instruct-DPO,olmo3dpo,droite,adversaire,pray,hors famille,6,False,1,,0.7512495194156094,0.770884743794455,0.7732137007243477,0.7688888082450284,0.4009567682494684,0.03915662650602411,,,
Olmo-3-7B-Instruct-DPO,olmo3dpo,droite,adversaire,postlife,hors famille,2,False,1,,0.4032,0.2804470895630715,0.2812943617369781,0.2516148933081723,0.5513253012048193,0.021084337349397617,,,
Olmo-3-7B-Instruct-DPO,olmo3dpo,droite,adversaire,bible,hors famille,3,False,1,,0.5262,0.6308063579619685,0.6327121173515817,0.6251814486863116,0.4402409638554216,0.012048192771084348,,,
Olmo-3-7B-Instruct-DPO,olmo3dpo,droite,adversaire,reborn,hors famille,3,False,1,,0.36560000000000004,0.6224960081289013,0.6243766607214357,0.6145485556684569,0.3944578313253011,0.02710843373493972,,,
Olmo-3-7B-Instruct-DPO,olmo3dpo,droite,adversaire,savesoul,hors famille,2,False,1,,0.21120000000000005,0.4997096821019016,0.5012193790266808,0.49992742052547545,0.36795180722891563,0.01807228915662651,,,
Olmo-3-7B-Instruct-DPO,olmo3dpo,droite,adversaire,granborn,hors famille,5,False,1,,0.6394,0.5884199448395994,0.5901976486004441,0.5485375235883294,0.5268674698795182,0.060240963855421645,,,
Olmo-3-7B-Instruct-DPO,olmo3dpo,droite,adversaire,uscitzn*,hors famille,2,False,1,,0.05820000000000003,0.011975613296559384,0.01201179339715322,0.01790898533894625,0.023975903614457953,0.003012048192771167,,,
Olmo-3-7B-Instruct-DPO,olmo3dpo,droite,adversaire,fucitzn,hors famille,5,False,1,,0.5529999999999999,0.02389679198722605,0.023968987733411027,0.023860502249963833,0.8979518072289158,0.00602409638554215,,,
Olmo-3-7B-Instruct-DPO,olmo3dpo,droite,adversaire,mnthsusa,hors famille,6,False,1,,0.777,0.03549136304253131,0.035598587704291224,0.04715851357236167,0.7319277108433735,0.006024096385542122,,,
Olmo-3-7B-Instruct-DPO,olmo3dpo,droite,adversaire,income,hors famille,12,True,1,"somme 93.0 hors de [95, 105]",,,,,,,,,
Olmo-3-7B-Instruct-DPO,olmo3dpo,droite,adversaire,othlang,hors famille,2,False,1,,0.21120000000000005,0.3430650312091741,0.3441014814545191,0.33967194077514884,0.0998795180722891,0.0030120481927710524,,,
Olmo-3-7B-Instruct-DPO,olmo3dpo,droite,adversaire,health,hors famille,4,False,1,,0.7101999999999999,0.6140404993467847,0.6158956065955666,0.5931739004209611,0.34987951807228923,0.04819277108433736,,,
Olmo-3-7B-Instruct-DPO,olmo3dpo,droite,adversaire,compuse*,hors famille,2,False,1,,0.45499999999999996,0.0296668602119321,0.029756488188403197,0.04703149949194363,0.3349397590361446,0.009036144578313227,,,
Olmo-3-7B-Instruct-DPO,olmo3dpo,droite,adversaire,webmob,hors famille,2,False,1,,0.47119999999999995,0.05842647699230641,0.05860299202853694,0.052747133110756295,0.34987951807228923,0.003012048192771056,,,
Olmo-3-7B-Instruct-DPO,olmo3dpo,droite,adversaire,xmovie,hors famille,2,False,1,,0.29520000000000013,0.43248294382348684,0.4337895388199325,0.4581942226738278,0.13626506024096383,0.039156626506024056,,,
Olmo-3-7B-Instruct-DPO,olmo3dpo,droite,adversaire,usewww*,hors famille,2,False,1,,0.34319999999999995,0.011975613296559384,0.01201179339715322,0.01790898533894625,0.21397590361445792,0.003012048192771167,,,
Olmo-3-7B-Instruct-DPO,olmo3dpo,droite,adversaire,life,hors famille,3,False,1,,0.5741999999999999,0.5412795761358686,0.5429148618643759,0.5057337784874437,0.2546987951807229,0.05120481927710846,,,
Olmo-3-7B-Instruct-DPO,olmo3dpo,droite,adversaire,richwork,hors famille,2,False,1,,0.21120000000000005,0.4934497024241544,0.4949404870236232,0.4953549136304253,0.32277108433734936,0.009036144578313227,,,
Olmo-3-7B-Instruct,olmo3rlvr,gauche,journaliste,natspac/y,depenses publiques (nat*),3,False,1,,0.6177999999999999,0.6044085594833486,0.6058614646744144,0.607099931565539,0.10376498800959236,0.035971223021582774,0.44,0.5263788968824941,0.4916067146282973
Olmo-3-7B-Instruct,olmo3rlvr,gauche,journaliste,natenvir/y,depenses publiques (nat*),3,False,1,,0.6546000000000001,0.25063114975645384,0.25123362848182995,0.2632368925003883,0.5461151079136691,0.014388489208633098,0.48,0.080335731414868,0.08273381294964025
Olmo-3-7B-Instruct,olmo3rlvr,gauche,journaliste,natheal/y,depenses publiques (nat*),3,False,1,,0.6546000000000001,0.29687904352776784,0.29759269507470965,0.3342362081557775,0.5173381294964029,0.03357314148681051,0.48,0.10791366906474811,0.1199040767386091
Olmo-3-7B-Instruct,olmo3rlvr,gauche,journaliste,natcity/y,depenses publiques (nat*),3,False,1,,0.6546000000000001,0.5771497909586001,0.578537170263789,0.5785299817699796,0.1387529976019185,0.0239808153477218,0.48,0.41846522781774576,0.4004796163069544
Olmo-3-7B-Instruct,olmo3rlvr,gauche,journaliste,natdrug/y,depenses publiques (nat*),3,False,1,,0.6546000000000001,0.46583740202082935,0.46695720346799485,0.43844061441494286,0.3614628297362111,0.02398081534772179,0.48,0.18585131894484405,0.1642685851318944
Olmo-3-7B-Instruct,olmo3rlvr,gauche,journaliste,nateduc/y,depenses publiques (nat*),3,False,1,,0.6177999999999999,0.32864643536968974,0.32943645083932843,0.2941416650851981,0.49095923261390895,0.023980815347721802,0.44,0.11390887290167856,0.0959232613908872
Olmo-3-7B-Instruct,olmo3rlvr,gauche,journaliste,natrace/y,depenses publiques (nat*),3,False,1,,0.6546000000000001,0.5171920017942481,0.5184352517985612,0.5371702637889688,0.29671462829736217,0.0647482014388489,0.48,0.22661870503597115,0.2517985611510791
Olmo-3-7B-Instruct,olmo3rlvr,gauche,journaliste,natarms/y,depenses publiques (nat*),3,False,1,,0.6546000000000001,0.5347549298690544,0.5360403984504705,0.5367102001851757,0.30314148681055153,0.004796163069544307,0.52,0.24460431654676257,0.24700239808153468
Olmo-3-7B-Instruct,olmo3rlvr,gauche,journaliste,nataid/y,depenses publiques (nat*),3,False,1,,0.6177999999999999,0.5713529895508054,0.5727264342372257,0.5781849340671349,0.31839328537170264,0.038369304556354886,0.44,0.7098321342925659,0.6894484412470023
Olmo-3-7B-Instruct,olmo3rlvr,gauche,journaliste,natfare/y,depenses publiques (nat*),3,False,1,,0.6177999999999999,0.28507841209047136,0.28576369673491964,0.2848943866489543,0.5221342925659473,0.014388489208633146,0.44,0.09352517985611505,0.0887290167865707
Olmo-3-7B-Instruct,olmo3rlvr,gauche,journaliste,natroad,depenses publiques (nat*),3,False,1,,0.6546000000000001,0.5531344708405938,0.5544641210108837,0.5364341620228997,0.241558752997602,0.026378896882494,0.48,0.26378896882493996,0.250599520383693
Olmo-3-7B-Instruct,olmo3rlvr,gauche,journaliste,natsoc,depenses publiques (nat*),3,False,1,,0.6177999999999999,0.4252597921662671,0.42628205128205143,0.4454220796025051,0.3950359712230216,0.02158273381294968,0.44,0.15587529976019174,0.1690647482014388
Olmo-3-7B-Instruct,olmo3rlvr,gauche,journaliste,natmass,depenses publiques (nat*),3,False,1,,0.6437999999999999,0.5075306661145904,0.508750691754289,0.483929403239998,0.2871223021582734,0.03357314148681058,0.46499999999999997,0.21942446043165464,0.197841726618705
Olmo-3-7B-Instruct,olmo3rlvr,gauche,journaliste,natpark,depenses publiques (nat*),3,False,1,,0.6546000000000001,0.5074501549839265,0.5086699870872533,0.5071741168216506,0.22683453237410078,0.004796163069544328,0.48,0.34652278177458024,0.3429256594724221
Olmo-3-7B-Instruct,olmo3rlvr,gauche,journaliste,natchld,depenses publiques (nat*),3,False,1,,0.6177999999999999,0.42917033279850936,0.43020199225235195,0.4148853579007298,0.399832134292566,0.01199040767386087,0.44,0.16187050359712227,0.15107913669064743
Olmo-3-7B-Instruct,olmo3rlvr,gauche,journaliste,natsci,depenses publiques (nat*),3,False,1,,0.6177999999999999,0.5405057249164698,0.5418050175244421,0.5424494936424963,0.14443645083932855,0.031175059952038342,0.44,0.2997601918465227,0.2841726618705035
Olmo-3-7B-Instruct,olmo3rlvr,gauche,journaliste,natenrgy,depenses publiques (nat*),3,False,1,,0.6177999999999999,0.46457222711039803,0.46568898727172114,0.45307063701556727,0.35666666666666663,0.014388489208633108,0.44,0.1834532374100719,0.17386091127098313
Olmo-3-7B-Instruct,olmo3rlvr,gauche,journaliste,uswary,hors famille,2,False,1,,0.42780000000000007,0.4960635807900442,0.49725604132078954,0.49364824687012987,0.14563549160671463,0.011990407673860948,,,
Olmo-3-7B-Instruct,olmo3rlvr,gauche,journaliste,prayer,hors famille,2,False,1,,0.22619999999999996,0.2289966587880774,0.22954713152554876,0.21830017999988494,0.0018944844124699906,0.0071942446043165575,0.13,0.13189448441247,0.1247002398081534
Olmo-3-7B-Instruct,olmo3rlvr,gauche,journaliste,courts,hors famille,3,False,1,,0.6546000000000001,0.6589260965328456,0.660510053495665,0.6528187521924906,0.017122302158273345,0.026378896882494007,0.48,0.4844124700239808,0.4952038369304556
Olmo-3-7B-Instruct,olmo3rlvr,gauche,journaliste,discaffw,hors famille,4,False,1,,0.7101999999999999,0.6315293089269591,0.6330474082272644,0.6248123803115782,0.41896882494004795,0.01199040767386092,0.58,0.3229416466826538,0.32374100719424453
Olmo-3-7B-Instruct,olmo3rlvr,gauche,journaliste,discaffm,hors famille,4,False,1,,0.7101999999999999,0.619728677489663,0.6212184098874748,0.630528670588709,0.21892086330935245,0.028776978417266154,0.42000000000000004,0.2669864108713029,0.2749800159872102
Olmo-3-7B-Instruct,olmo3rlvr,gauche,journaliste,fehire,roles de genre (fe*),5,False,1,,0.7894,0.7051509871239698,0.7068460616122487,0.7098896422430401,0.2546762589928058,0.028776978417266112,0.47250000000000003,0.303956834532374,0.3093525179856114
Olmo-3-7B-Instruct,olmo3rlvr,gauche,journaliste,fechld,roles de genre (fe*),4,True,1,"somme 90.0 hors de [95, 105]",,,,,,,,,
Olmo-3-7B-Instruct,olmo3rlvr,gauche,journaliste,fepresch,roles de genre (fe*),4,False,1,,0.6592,0.6095727734359275,0.6110380926028409,0.6034539275054777,0.12892086330935254,0.04076738609112715,0.3866666666666667,0.27338129496402874,0.2901678657074339
Olmo-3-7B-Instruct,olmo3rlvr,gauche,journaliste,fefam,roles de genre (fe*),4,False,1,,0.47620000000000007,0.6144954539965152,0.6159726065301607,0.6304711626382349,0.3719184652278177,0.03357314148681059,0.3566666666666667,0.23021582733812943,0.24380495603517177
Olmo-3-7B-Instruct,olmo3rlvr,gauche,journaliste,fepol,roles de genre (fe*),2,False,1,,0.34319999999999995,0.1577558097406967,0.15813503043718877,0.20739667258998562,0.6936690647482016,0.031175059952038398,0.78,0.0863309352517985,0.1175059952038369
Olmo-3-7B-Instruct,olmo3rlvr,gauche,journaliste,mobile16,hors famille,3,False,1,,0.5432,0.6567868007752073,0.6583656152001478,0.657752934343173,0.3418225419664268,0.011990407673860864,,,
Olmo-3-7B-Instruct,olmo3rlvr,gauche,journaliste,incom16,hors famille,5,True,1,lettres manquantes : A,,,,,,,,,
Olmo-3-7B-Instruct,olmo3rlvr,gauche,journaliste,dwelown16,hors famille,3,False,1,,0.5432,0.43057352679007876,0.43160855930640113,0.44925210910408364,0.5202398081534773,0.01678657074340524,,,
Olmo-3-7B-Instruct,olmo3rlvr,gauche,journaliste,divorced,hors famille,2,False,1,,0.42780000000000007,0.3544330003623002,0.3552850027670173,0.35700935654354216,0.07978417266187052,0.0023980815347721257,,,
Olmo-3-7B-Instruct,olmo3rlvr,gauche,journaliste,posslq/y,hors famille,4,False,1,,0.7032,0.6648609170217783,0.6664591403800038,0.6564072483020779,0.21366906474820144,0.019184652278177464,,,
Olmo-3-7B-Instruct,olmo3rlvr,gauche,journaliste,wrkstat,hors famille,8,True,1,"somme 114.0 hors de [95, 105]",,,,,,,,,
Olmo-3-7B-Instruct,olmo3rlvr,gauche,journaliste,evwork,hors famille,2,False,1,,0.4421999999999999,0.14574814968169347,0.14609850581073602,0.1617123567333183,0.250863309352518,0.009592326139088746,,,
Olmo-3-7B-Instruct,olmo3rlvr,gauche,journaliste,wrkgovt1,hors famille,2,False,1,,0.4032,0.266445836136846,0.2670863309352519,0.3011116286826654,0.12172661870503601,0.02637889688249398,,,
Olmo-3-7B-Instruct,olmo3rlvr,gauche,journaliste,wrkgovt2,hors famille,2,False,1,,0.4351999999999999,0.3695460897469076,0.3704344216934146,0.3695460897469076,0.07539568345323737,0.0,,,
Olmo-3-7B-Instruct,olmo3rlvr,gauche,journaliste,partfull,hors famille,3,False,1,,0.47919999999999985,0.6413976732283239,0.6429394945581997,0.6281248382588893,0.2219664268585132,0.03117505995203844,,,
Olmo-3-7B-Instruct,olmo3rlvr,gauche,journaliste,wksub1,hors famille,3,False,1,,0.5416,0.6382232343621507,0.6397574248293675,0.6414666827688928,0.21410071942446043,0.016786570743405282,,,
Olmo-3-7B-Instruct,olmo3rlvr,gauche,journaliste,wksup1,hors famille,3,False,1,,0.5575999999999999,0.6245248405592073,0.626026102195167,0.6403395269395994,0.30129496402877703,0.03597122302158269,,,
Olmo-3-7B-Instruct,olmo3rlvr,gauche,journaliste,conarmy,confiance dans les institutions (con*),3,False,1,,0.6482000000000001,0.6127932186624802,0.614266279284265,0.6213849064633186,0.08371702637889687,0.016786570743405282,0.5599999999999999,0.6270983213429255,0.6211031175059952
Olmo-3-7B-Instruct,olmo3rlvr,gauche,journaliste,conbus,confiance dans les institutions (con*),3,False,1,,0.6482000000000001,0.581980458798429,0.5833794502859253,0.5539050773769474,0.24928057553956834,0.03836930455635501,0.5599999999999999,0.34652278177458024,0.33453237410071934
Olmo-3-7B-Instruct,olmo3rlvr,gauche,journaliste,conclerg,confiance dans les institutions (con*),3,False,1,,0.635,0.5201824152189041,0.5214328537170265,0.5075306661145904,0.4211031175059953,0.01438848920863308,0.575,0.2314148681055155,0.2194244604316546
Olmo-3-7B-Instruct,olmo3rlvr,gauche,journaliste,coneduc,confiance dans les institutions (con*),3,False,1,,0.635,0.518422671934395,0.5196688802803912,0.5549977284359562,0.15911270983213427,0.04316546762589924,0.42500000000000004,0.36930455635491605,0.3764988009592326
Olmo-3-7B-Instruct,olmo3rlvr,gauche,journaliste,confed,confiance dans les institutions (con*),3,False,1,,0.635,0.589916555963862,0.591334624608006,0.5908481847615433,0.17733812949640285,0.019184652278177505,0.42500000000000004,0.5515587529976018,0.5671462829736211
Olmo-3-7B-Instruct,olmo3rlvr,gauche,journaliste,confinan,confiance dans les institutions (con*),3,False,1,,0.635,0.5961274146150706,0.5975604132078953,0.586259050313706,0.18693045563549157,0.02398081534772184,0.575,0.4304556354916067,0.408872901678657
Olmo-3-7B-Instruct,olmo3rlvr,gauche,journaliste,conjudge,confiance dans les institutions (con*),3,False,1,,0.635,0.5352264950629425,0.5365130972145362,0.49493642496075085,0.36834532374100726,0.07434052757793763,0.575,0.2458033573141486,0.20863309352517978
Olmo-3-7B-Instruct,olmo3rlvr,gauche,journaliste,conlabor,confiance dans les institutions (con*),3,False,1,,0.635,0.5598053930955955,0.5611510791366907,0.5629108224211997,0.10887290167865707,0.004796163069544376,0.42500000000000004,0.3669064748201439,0.3669064748201439
Olmo-3-7B-Instruct,olmo3rlvr,gauche,journaliste,conlegis,confiance dans les institutions (con*),3,False,1,,0.635,0.5403447026551421,0.5416436081903708,0.5380903909965553,0.30683453237410074,0.014388489208633053,,,
Olmo-3-7B-Instruct,olmo3rlvr,gauche,journaliste,conmedic,confiance dans les institutions (con*),3,False,1,,0.6482000000000001,0.5148341758248078,0.5160717579782329,0.5250475878290173,0.24472422062350124,0.03117505995203836,0.44,0.22541966426858506,0.23860911270983207
Olmo-3-7B-Instruct,olmo3rlvr,gauche,journaliste,conpress,confiance dans les institutions (con*),3,False,1,,0.635,0.5499600319744204,0.5512820512820513,0.5556648206614565,0.20131894484412466,0.014388489208633129,0.42500000000000004,0.5479616306954437,0.5575539568345323
Olmo-3-7B-Instruct,olmo3rlvr,gauche,journaliste,consci,confiance dans les institutions (con*),3,False,1,,0.635,0.38800614184911064,0.38893884892086333,0.3802425685351001,0.40059952038369306,0.007194244604316544,0.42500000000000004,0.1402877697841726,0.13669064748201432
Olmo-3-7B-Instruct,olmo3rlvr,gauche,journaliste,contv,confiance dans les institutions (con*),3,False,1,,0.635,0.5456124309185745,0.5469239992621288,0.5260137213969831,0.2564748201438849,0.01918465227817747,,,
Olmo-3-7B-Instruct,olmo3rlvr,gauche,journaliste,joblose,hors famille,5,False,1,,0.7832,0.6475280207488686,0.6490845784910535,0.6898538722978452,0.4153477218225419,0.07913669064748197,,,
Olmo-3-7B-Instruct,olmo3rlvr,gauche,journaliste,jobfind,hors famille,4,False,1,,0.6682,0.6994922047973132,0.7011736764434607,0.7035522661007885,0.29088729016786574,0.062350119904076726,,,
Olmo-3-7B-Instruct,olmo3rlvr,gauche,journaliste,happy,hors famille,3,False,1,,0.6437999999999999,0.5672814266572354,0.5686450839328537,0.568661617468615,0.1565227817745804,0.019184652278177478,,,
Olmo-3-7B-Instruct,olmo3rlvr,gauche,journaliste,hapmar,hors famille,4,False,1,,0.7005999999999999,0.5296597254570445,0.5309329459509318,0.5666373376119249,0.5450839328537171,0.04076738609112707,,,
Olmo-3-7B-Instruct,olmo3rlvr,gauche,journaliste,satjob,hors famille,5,False,1,,0.76,0.7208851623736983,0.7226180593986351,0.7313056029996148,0.23848920863309359,0.023980815347721795,,,
Olmo-3-7B-Instruct,olmo3rlvr,gauche,journaliste,spdeg*,hors famille,6,True,1,"somme 110.0 hors de [95, 105]",,,,,,,,,
Olmo-3-7B-Instruct,olmo3rlvr,gauche,journaliste,spjew,hors famille,5,False,1,,0.5217999999999999,0.3590451379903271,0.35990822726434235,0.3552151084887486,0.2220383693045564,0.011990407673860878,,,
Olmo-3-7B-Instruct,olmo3rlvr,gauche,journaliste,spfund,hors famille,4,False,1,,0.6099999999999999,0.40653520349188277,0.40751245157719984,0.40483296815784775,0.6982014388489209,0.009592326139088697,,,
Olmo-3-7B-Instruct,olmo3rlvr,gauche,journaliste,unemp,hors famille,2,False,1,,0.21120000000000005,0.4968686920966824,0.4980630879911456,0.4999281150619074,0.340431654676259,0.03357314148681054,,,
Olmo-3-7B-Instruct,olmo3rlvr,gauche,journaliste,union1,hors famille,4,False,1,,0.7112,0.1864292738471095,0.1868774211400112,0.21067462576701224,0.5192805755395684,0.014388489208633056,,,
Olmo-3-7B-Instruct,olmo3rlvr,gauche,journaliste,spkath/y,libertes civiles (spk/col/lib),2,False,1,,0.34319999999999995,0.2254541690388696,0.2259961261759823,0.2254541690388696,0.09050359712230217,0.0,0.22,0.1294964028776978,0.1294964028776978
Olmo-3-7B-Instruct,olmo3rlvr,gauche,journaliste,colath,libertes civiles (spk/col/lib),2,False,1,,0.34319999999999995,0.28882793046138633,0.2895222283711493,0.2980752088976302,0.044940047961630675,0.007194244604316502,0.22,0.1750599520383693,0.1822541966426858
Olmo-3-7B-Instruct,olmo3rlvr,gauche,journaliste,spkrac/y,libertes civiles (spk/col/lib),2,False,1,,0.039200000000000124,0.4729453846994347,0.4740822726434238,0.4863102323896278,0.3636930455635491,0.03357314148681059,,,
Olmo-3-7B-Instruct,olmo3rlvr,gauche,journaliste,colrac,libertes civiles (spk/col/lib),2,False,1,,0.039200000000000124,0.33299403642553593,0.3337945028592512,0.3274042636394483,0.19103117505995204,0.0047961630695443624,,,
Olmo-3-7B-Instruct,olmo3rlvr,gauche,journaliste,librac/y,libertes civiles (spk/col/lib),2,False,1,,0.039200000000000124,0.48858754722840436,0.4897620365246265,0.4878514454623353,0.40446043165467627,0.002398081534772223,,,
Olmo-3-7B-Instruct,olmo3rlvr,gauche,journaliste,spkcom/y,libertes civiles (spk/col/lib),2,False,1,,0.19579999999999997,0.3620930593654572,0.3629634753735473,0.3245748724761197,0.12741007194244602,0.03357314148681054,0.11,0.237410071942446,0.2038369304556355
Olmo-3-7B-Instruct,olmo3rlvr,gauche,journaliste,colcom/y,libertes civiles (spk/col/lib),2,False,1,,0.11280000000000001,0.3620930593654572,0.3629634753735473,0.3274042636394483,0.17741007194244598,0.031175059952038342,0.06,0.237410071942446,0.2062350119904076
Olmo-3-7B-Instruct,olmo3rlvr,gauche,journaliste,libcom/y,libertes civiles (spk/col/lib),2,False,1,,0.21120000000000005,0.30412504528751083,0.30485611510791355,0.2793736234034354,0.6929496402877698,0.019184652278177464,0.88,0.1870503597122302,0.1678657074340527
Olmo-3-7B-Instruct,olmo3rlvr,gauche,journaliste,spkhomo/y,libertes civiles (spk/col/lib),2,False,1,,0.22619999999999996,0.04681147168596045,0.046923999262128625,0.09994881792407795,0.10601918465227822,0.028776978417266216,0.13,0.0239808153477218,0.052757793764988
Olmo-3-7B-Instruct,olmo3rlvr,gauche,journaliste,colhomo,libertes civiles (spk/col/lib),2,False,1,,0.34319999999999995,0.05589772786087677,0.05603209739900388,0.10848299777444237,0.19122302158273383,0.02877697841726616,0.22,0.0287769784172661,0.0575539568345323
Olmo-3-7B-Instruct,olmo3rlvr,gauche,journaliste,libhomo/y,libertes civiles (spk/col/lib),2,False,1,,0.21120000000000005,0.08260442006107338,0.0828029883785279,0.1127155829293397,0.07683453237410078,0.016786570743405237,0.12,0.0431654676258992,0.0599520383693045
Olmo-3-7B-Instruct,olmo3rlvr,gauche,journaliste,cappun,hors famille,2,False,1,,0.21120000000000005,0.4855051210829897,0.4866722007009777,0.4893006458142839,0.2948681055155875,0.01199040767386092,0.12,0.4148681055155875,0.4268585131894484
Olmo-3-7B-Instruct,olmo3rlvr,gauche,journaliste,polhitok/y,hors famille,2,False,1,,0.42780000000000007,0.4772239762147117,0.4783711492344586,0.4855051210829897,0.29671462829736206,0.021582733812949617,0.31,0.6067146282973621,0.5851318944844125
Olmo-3-7B-Instruct,olmo3rlvr,gauche,journaliste,polabuse/y,hors famille,2,False,1,,0.45499999999999996,0.07379420204843301,0.07397159195720329,0.02836292117385253,0.31163069544364513,0.02398081534772173,0.35,0.0383693045563549,0.014388489208633
Olmo-3-7B-Instruct,olmo3rlvr,gauche,journaliste,polattak/y,hors famille,2,False,1,,0.42780000000000007,0.45065530309565305,0.45173860911270997,0.4361632995761664,0.34707434052757796,0.02158273381294959,0.31,0.657074340527578,0.6786570743405276
Olmo-3-7B-Instruct,olmo3rlvr,gauche,journaliste,grass,hors famille,2,False,1,,0.34319999999999995,0.23948610895456302,0.24006179671647304,0.2360126287459241,0.08091127098321343,0.0023980815347721396,0.22,0.1390887290167865,0.1366906474820144
Olmo-3-7B-Instruct,olmo3rlvr,gauche,journaliste,gunlaw,hors famille,2,False,1,,0.34319999999999995,0.2793736234034354,0.2800451946135398,0.27617618135707267,0.052134292565947274,0.002398081534772195,0.22,0.1678657074340527,0.1654676258992805
Olmo-3-7B-Instruct,olmo3rlvr,gauche,journaliste,owngun,hors famille,2,False,1,,0.4488,0.31302727602090996,0.3137797454344218,0.33299403642553593,0.14575539568345325,0.016786570743405296,,,
Olmo-3-7B-Instruct,olmo3rlvr,gauche,journaliste,hunt1,hors famille,4,False,1,,0.7242,0.09701591244989627,0.09724912377790083,0.1369494332591482,0.6196402877697842,0.021582733812949714,,,
Olmo-3-7B-Instruct,olmo3rlvr,gauche,journaliste,class,hors famille,4,False,1,,0.6281999999999999,0.6532098062557149,0.6547800221361374,0.6465733887709977,0.28527577937649884,0.04316546762589932,,,
Olmo-3-7B-Instruct,olmo3rlvr,gauche,journaliste,satfin,hors famille,3,False,1,,0.6392,0.6555446290449656,0.6571204574801699,0.6279753175876566,0.11654676258992802,0.07434052757793773,,,
Olmo-3-7B-Instruct,olmo3rlvr,gauche,journaliste,finalter,hors famille,3,False,1,,0.6574,0.6607318461777342,0.6623201438848922,0.6660110760312614,0.014964028776978444,0.0455635491606714,,,
Olmo-3-7B-Instruct,olmo3rlvr,gauche,journaliste,finrela,hors famille,5,False,1,,0.7782,0.7240596012398715,0.7258001291274674,0.7231969819827591,0.20575539568345325,0.047961630695443735,,,
Olmo-3-7B-Instruct,olmo3rlvr,gauche,journaliste,racdif1,hors famille,2,False,1,,0.4967999999999999,0.30711545871216706,0.30785371702637904,0.3357544180482952,0.27055155875299763,0.02398081534772184,0.46,0.1894484412470023,0.2134292565947242
Olmo-3-7B-Instruct,olmo3rlvr,gauche,journaliste,racdif2,hors famille,2,False,1,,0.13019999999999987,0.10848299777444237,0.10874377421140018,0.10848299777444237,0.012446043165467654,0.0,0.07,0.0575539568345323,0.0575539568345323
Olmo-3-7B-Instruct,olmo3rlvr,gauche,journaliste,racdif3,hors famille,2,False,1,,0.4967999999999999,0.4037058123285544,0.4046762589928058,0.4078693879428832,0.17942446043165466,0.0047961630695443624,0.46,0.2805755395683453,0.2853717026378897
Olmo-3-7B-Instruct,olmo3rlvr,gauche,journaliste,racdif4,hors famille,2,False,1,,0.13019999999999987,0.21105417824014183,0.2115615200147576,0.23948610895456302,0.049904076738609145,0.01918465227817743,0.07,0.1199040767386091,0.1390887290167865
Olmo-3-7B-Instruct,olmo3rlvr,gauche,journaliste,wlthwhts,hors famille,7,True,1,"somme 110.0 hors de [95, 105]",,,,,,,,,
Olmo-3-7B-Instruct,olmo3rlvr,gauche,journaliste,wlthblks,hors famille,7,True,1,"somme 110.0 hors de [95, 105]",,,,,,,,,
Olmo-3-7B-Instruct,olmo3rlvr,gauche,journaliste,wlthhsps,hors famille,7,False,1,,0.8312,0.6861733634674995,0.6878228186681425,0.6943624956150187,0.34448441247002404,0.019184652278177443,,,
Olmo-3-7B-Instruct,olmo3rlvr,gauche,journaliste,racwork,hors famille,7,True,1,"somme 110.0 hors de [95, 105]",,,,,,,,,
Olmo-3-7B-Instruct,olmo3rlvr,gauche,journaliste,letin1a,hors famille,5,False,1,,0.7682,0.7275330814485104,0.7292819590481463,0.695581664165071,0.13177458033573136,0.05035971223021584,0.5325,0.4496402877697841,0.4514388489208633
Olmo-3-7B-Instruct,olmo3rlvr,gauche,journaliste,getahead,hors famille,3,False,1,,0.5672,0.5411958203221595,0.5424967718133186,0.5282220266951907,0.52431654676259,0.019184652278177478,0.45999999999999996,0.5875299760191847,0.5779376498800959
Olmo-3-7B-Instruct,olmo3rlvr,gauche,journaliste,aged,hors famille,3,False,1,,0.6335999999999999,0.5104865747689618,0.5117137059583102,0.5007332263685456,0.33630695443645087,0.011990407673860875,,,
Olmo-3-7B-Instruct,olmo3rlvr,gauche,journaliste,parsol,hors famille,5,False,1,,0.7894,0.7794397575464809,0.7813134108098139,0.7865937465854655,0.11599520383693049,0.028776978417266237,,,
Olmo-3-7B-Instruct,olmo3rlvr,gauche,journaliste,kidssol,hors famille,6,False,1,,0.8069999999999999,0.7641771474906407,0.7660141117874932,0.7765068520722991,0.27033573141486816,0.03357314148681051,,,
Olmo-3-7B-Instruct,olmo3rlvr,gauche,journaliste,spanking,hors famille,4,False,1,,0.6202,0.687024481134517,0.6886759822910904,0.6873350240670772,0.27988009592326135,0.02398081534772186,0.3633333333333334,0.31654676258992803,0.3229416466826539
Olmo-3-7B-Instruct,olmo3rlvr,gauche,journaliste,divlaw,hors famille,3,False,1,,0.6434,0.5584597070545003,0.5598021582733814,0.5709159291272019,0.14525179856115106,0.026378896882493987,0.415,0.29856115107913667,0.302158273381295
Olmo-3-7B-Instruct,olmo3rlvr,gauche,journaliste,sexeduc,hors famille,2,False,1,,0.34319999999999995,0.08697502429710946,0.08718409887474675,0.09994881792407795,0.17443645083932846,0.007194244604316495,0.22,0.0455635491606714,0.052757793764988
Olmo-3-7B-Instruct,olmo3rlvr,gauche,journaliste,pillok,hors famille,4,False,1,,0.7176,0.6006245363421493,0.6020683453237411,0.6117695771440402,0.5209112709832134,0.026378896882494018,0.6333333333333333,0.21662669864108702,0.2278177458033572
Olmo-3-7B-Instruct,olmo3rlvr,gauche,journaliste,xmarsex,hors famille,4,True,1,"somme 90.0 hors de [95, 105]",,,,,,,,,
Olmo-3-7B-Instruct,olmo3rlvr,gauche,journaliste,homosex,hors famille,4,False,1,,0.5662,0.369166537273778,0.37005395683453235,0.36580807296608764,0.18177458033573146,0.007194244604316585,0.21000000000000002,0.12310151878497194,0.12390087929656268
Olmo-3-7B-Instruct,olmo3rlvr,gauche,journaliste,marhomo,hors famille,5,False,1,,0.7898000000000001,0.386625951037731,0.38755534034311023,0.3717888998153994,0.6497841726618705,0.023980815347721875,0.5425,0.10191846522781763,0.09892086330935236
Olmo-3-7B-Instruct,olmo3rlvr,gauche,journaliste,discaff,hors famille,3,False,1,,0.5741999999999999,0.4492866138743682,0.4503666297731047,0.44297224091230614,0.36304556354916073,0.007194244604316502,0.395,0.1762589928057553,0.17266187050359705
Olmo-3-7B-Instruct,olmo3rlvr,gauche,journaliste,abdefect,avortement (ab*),2,False,1,,0.19579999999999997,0.1127155829293397,0.11298653384984293,0.09994881792407795,0.05004796163069554,0.0071942446043164465,0.11,0.0599520383693045,0.052757793764988
Olmo-3-7B-Instruct,olmo3rlvr,gauche,journaliste,abnomore,avortement (ab*),2,False,1,,0.24080000000000013,0.22188867610947205,0.22242206235011985,0.2289966587880774,0.012901678657074395,0.004796163069544376,0.14,0.1270983213429256,0.13189448441247
Olmo-3-7B-Instruct,olmo3rlvr,gauche,journaliste,abhlth,avortement (ab*),2,False,1,,0.19579999999999997,0.06935458827182872,0.06952130603209755,0.06489197131503444,0.07402877697841723,0.0023980815347722367,0.11,0.0359712230215827,0.0335731414868105
Olmo-3-7B-Instruct,olmo3rlvr,gauche,journaliste,abpoor,avortement (ab*),2,False,1,,0.34319999999999995,0.18876409663635996,0.18921785648404355,0.20739667258998562,0.11448441247002397,0.01199040767386092,0.22,0.105515587529976,0.1175059952038369
Olmo-3-7B-Instruct,olmo3rlvr,gauche,journaliste,abrape,avortement (ab*),2,False,1,,0.19579999999999997,0.06489197131503444,0.06504796163069558,0.07379420204843301,0.07642685851318946,0.00479616306954431,0.11,0.0335731414868105,0.0383693045563549
Olmo-3-7B-Instruct,olmo3rlvr,gauche,journaliste,absingle,avortement (ab*),2,False,1,,0.22619999999999996,0.22188867610947205,0.22242206235011985,0.2254541690388696,0.0029016786570743858,0.002398081534772195,0.13,0.1270983213429256,0.1294964028776978
Olmo-3-7B-Instruct,olmo3rlvr,gauche,journaliste,abany,avortement (ab*),2,False,1,,0.22619999999999996,0.23948610895456302,0.24006179671647304,0.27295573613051993,0.009088729016786548,0.02398081534772184,0.13,0.1390887290167865,0.1630695443645084
Olmo-3-7B-Instruct,olmo3rlvr,gauche,journaliste,letdie1,fin de vie (suicide/letdie),2,False,1,,0.34319999999999995,0.23948610895456302,0.24006179671647304,0.24976853049934156,0.08091127098321343,0.007194244604316544,0.22,0.1390887290167865,0.1462829736211031
Olmo-3-7B-Instruct,olmo3rlvr,gauche,journaliste,suicide1,fin de vie (suicide/letdie),2,False,1,,0.4758,0.24976853049934156,0.25036893562073426,0.23948610895456302,0.24371702637889692,0.007194244604316544,0.39,0.1462829736211031,0.1390887290167865
Olmo-3-7B-Instruct,olmo3rlvr,gauche,journaliste,suicide2,fin de vie (suicide/letdie),2,False,1,,0.4758,0.455071913692068,0.45616583656152015,0.4217173024170592,0.25988009592326133,0.04796163069544365,0.39,0.6498800959232613,0.697841726618705
Olmo-3-7B-Instruct,olmo3rlvr,gauche,journaliste,suicide3,fin de vie (suicide/letdie),2,False,1,,0.34319999999999995,0.44120099603770213,0.4422615753551005,0.3972879250556389,0.4514628297362111,0.05515587529976018,0.22,0.6714628297362111,0.7266187050359713
Olmo-3-7B-Instruct,olmo3rlvr,gauche,journaliste,suicide4,fin de vie (suicide/letdie),2,False,1,,0.34319999999999995,0.4999741214222867,0.5011759822910903,0.494177320014492,0.2835971223021583,0.05035971223021582,0.22,0.5035971223021583,0.5539568345323741
Olmo-3-7B-Instruct,olmo3rlvr,gauche,journaliste,pornlaw,hors famille,3,False,1,,0.5962,0.3960687565055869,0.39702084486257155,0.336237484832278,0.20779376498800955,0.04316546762589932,0.505,0.5131894484412469,0.5347721822541966
Olmo-3-7B-Instruct,olmo3rlvr,gauche,journaliste,fair,hors famille,3,False,1,,0.6264000000000001,0.6478500652715239,0.6494073971591959,0.6429618894812208,0.08139088729016786,0.014388489208633101,,,
Olmo-3-7B-Instruct,olmo3rlvr,gauche,journaliste,helpful,hors famille,3,False,1,,0.6646000000000001,0.6572008580186212,0.6587806677734737,0.6533133205665684,0.10247002398081534,0.023980815347721895,,,
Olmo-3-7B-Instruct,olmo3rlvr,gauche,journaliste,trust,hors famille,3,False,1,,0.6294,0.6352558241176844,0.6367828813871982,0.624950399392716,0.27856115107913665,0.05035971223021583,,,
Olmo-3-7B-Instruct,olmo3rlvr,gauche,journaliste,tax,hors famille,3,False,1,,0.6177999999999999,0.5310514178585188,0.5323279837668327,0.5330296913548298,0.15642685851318947,0.021582733812949676,0.56,0.7146282973621103,0.7014388489208633
Olmo-3-7B-Instruct,olmo3rlvr,gauche,journaliste,vote16,hors famille,3,False,1,,0.33499999999999996,0.45655561881430096,0.45765310828260464,0.4616738264065007,0.09256594724220621,0.02637889688249402,,,
Olmo-3-7B-Instruct,olmo3rlvr,gauche,journaliste,pres16,hors famille,4,False,1,,0.5961999999999998,0.5299472652094153,0.5312211769046302,0.5420009316287977,0.2764748201438848,0.019184652278177425,,,
Olmo-3-7B-Instruct,olmo3rlvr,gauche,journaliste,if16who,hors famille,3,False,1,,0.24560000000000004,0.2952458177343018,0.2959555432577016,0.3062873442253392,0.7448920863309352,0.007194244604316551,,,
Olmo-3-7B-Instruct,olmo3rlvr,gauche,journaliste,news,hors famille,5,False,1,,0.7942,0.763464048904761,0.7652992990223206,0.7726193146202464,0.13812949640287775,0.028776978417266244,,,
Olmo-3-7B-Instruct,olmo3rlvr,gauche,journaliste,jew,hors famille,5,False,1,,0.5093999999999999,0.35444450195239496,0.3552965320051652,0.35147709170792873,0.1352517985611511,0.021582733812949624,,,
Olmo-3-7B-Instruct,olmo3rlvr,gauche,journaliste,relig16*,hors famille,5,False,1,,0.7505999999999999,0.760289610038588,0.7621172292934885,0.7588864160470186,0.17553956834532375,0.033573141486810475,,,
Olmo-3-7B-Instruct,olmo3rlvr,gauche,journaliste,jew16*,hors famille,5,False,1,,0.5217999999999999,0.33779019949508016,0.33860219516694334,0.3568138295119301,0.19326139088729016,0.023980815347721826,,,
Olmo-3-7B-Instruct,olmo3rlvr,gauche,journaliste,attend,hors famille,9,True,1,"somme 84.0 hors de [95, 105]",,,,,,,,,
Olmo-3-7B-Instruct,olmo3rlvr,gauche,journaliste,pray,hors famille,6,False,1,,0.8008,0.7287752531787521,0.7305271167681242,0.7429682153557731,0.23386091127098316,0.045563549160671374,,,
Olmo-3-7B-Instruct,olmo3rlvr,gauche,journaliste,postlife,hors famille,2,False,1,,0.4967999999999999,0.48858754722840436,0.4897620365246265,0.48382588892914447,0.03553956834532371,0.014388489208633143,,,
Olmo-3-7B-Instruct,olmo3rlvr,gauche,journaliste,bible,hors famille,3,False,1,,0.5802,0.565073121359028,0.5664314702084488,0.5598283962757853,0.2943645083932854,0.009592326139088683,,,
Olmo-3-7B-Instruct,olmo3rlvr,gauche,journaliste,reborn,hors famille,3,False,1,,0.4646000000000001,0.6251229232441387,0.6266256225788602,0.6266756379069407,0.3039088729016786,0.004796163069544404,,,
Olmo-3-7B-Instruct,olmo3rlvr,gauche,journaliste,savesoul,hors famille,2,False,1,,0.4032,0.3188470806088941,0.3196135399372809,0.3620930593654572,0.08095923261390892,0.0383693045563549,,,
Olmo-3-7B-Instruct,olmo3rlvr,gauche,journaliste,granborn,hors famille,5,False,1,,0.7282,0.6455037408921784,0.6470554325770155,0.6269286728890269,0.4727817745803357,0.028776978417266286,,,
Olmo-3-7B-Instruct,olmo3rlvr,gauche,journaliste,uscitzn*,hors famille,2,False,1,,0.039200000000000124,0.014284974897779357,0.014319313779745173,0.01900062683666026,0.012805755395683564,0.002398081534772295,,,
Olmo-3-7B-Instruct,olmo3rlvr,gauche,journaliste,fucitzn,hors famille,5,False,1,,0.7154,0.028500940254990503,0.028569452130603464,0.03787473618227721,0.6156115107913669,0.007194244604316462,,,
Olmo-3-7B-Instruct,olmo3rlvr,gauche,journaliste,mnthsusa,hors famille,6,False,1,,0.6466,0.03300956357216367,0.033088913484596756,0.05612775966277339,0.803213429256595,0.011990407673860979,,,
Olmo-3-7B-Instruct,olmo3rlvr,gauche,journaliste,income,hors famille,12,True,1,"somme 83.0 hors de [95, 105]",,,,,,,,,
Olmo-3-7B-Instruct,olmo3rlvr,gauche,journaliste,othlang,hors famille,2,False,1,,0.19579999999999997,0.35956270954459457,0.36042704298099987,0.35956270954459457,0.6549880095923262,0.0,,,
Olmo-3-7B-Instruct,olmo3rlvr,gauche,journaliste,health,hors famille,4,False,1,,0.7365999999999999,0.6005785299817701,0.6020222283711494,0.6090552018816602,0.2349400479616307,0.047961630695443555,,,
Olmo-3-7B-Instruct,olmo3rlvr,gauche,journaliste,compuse*,hors famille,2,False,1,,0.34319999999999995,0.0376332027902857,0.03772366722007005,0.04681147168596045,0.20081534772182258,0.004796163069544366,,,
Olmo-3-7B-Instruct,olmo3rlvr,gauche,journaliste,webmob,hors famille,2,False,1,,0.34319999999999995,0.02369327559535117,0.023750230584763075,0.0376332027902857,0.20800959232613908,0.007194244604316502,,,
Olmo-3-7B-Instruct,olmo3rlvr,gauche,journaliste,xmovie,hors famille,2,False,1,,0.4351999999999999,0.4919230083559052,0.49310551558753,0.494177320014492,0.24354916067146287,0.009592326139088753,,,
Olmo-3-7B-Instruct,olmo3rlvr,gauche,journaliste,usewww*,hors famille,2,False,1,,0.19579999999999997,0.02836292117385253,0.02843110127282814,0.01900062683666026,0.09561151079136687,0.004796163069544373,,,
Olmo-3-7B-Instruct,olmo3rlvr,gauche,journaliste,life,hors famille,3,False,1,,0.6546000000000001,0.5237134033780171,0.5249723298284451,0.5274629217489317,0.19390887290167869,0.021582733812949603,,,
Olmo-3-7B-Instruct,olmo3rlvr,gauche,journaliste,richwork,hors famille,2,False,1,,0.4992,0.4619728677489663,0.463083379450286,0.4863102323896278,0.11788968824940049,0.05515587529976021,,,
Olmo-3-7B-Instruct,olmo3rlvr,gauche,adversaire,natspac/y,depenses publiques (nat*),3,False,1,,0.6177999999999999,0.6044085594833486,0.6058614646744144,0.607099931565539,0.10376498800959236,0.035971223021582774,0.44,0.5263788968824941,0.4916067146282973
Olmo-3-7B-Instruct,olmo3rlvr,gauche,adversaire,natenvir/y,depenses publiques (nat*),3,False,1,,0.6177999999999999,0.25063114975645384,0.25123362848182995,0.2632368925003883,0.5461151079136691,0.014388489208633098,0.44,0.080335731414868,0.08273381294964025
Olmo-3-7B-Instruct,olmo3rlvr,gauche,adversaire,natheal/y,depenses publiques (nat*),3,False,1,,0.6177999999999999,0.29687904352776784,0.29759269507470965,0.3342362081557775,0.5173381294964029,0.03357314148681051,0.44,0.10791366906474811,0.1199040767386091
Olmo-3-7B-Instruct,olmo3rlvr,gauche,adversaire,natcity/y,depenses publiques (nat*),3,False,1,,0.6177999999999999,0.5771497909586001,0.578537170263789,0.5785299817699796,0.058752997601918475,0.0239808153477218,0.44,0.41846522781774576,0.4004796163069544
Olmo-3-7B-Instruct,olmo3rlvr,gauche,adversaire,natdrug/y,depenses publiques (nat*),3,False,1,,0.6177999999999999,0.46583740202082935,0.46695720346799485,0.43844061441494286,0.3614628297362111,0.02398081534772179,0.44,0.18585131894484405,0.1642685851318944
Olmo-3-7B-Instruct,olmo3rlvr,gauche,adversaire,nateduc/y,depenses publiques (nat*),3,False,1,,0.6177999999999999,0.32864643536968974,0.32943645083932843,0.2941416650851981,0.49095923261390895,0.023980815347721802,0.44,0.11390887290167856,0.0959232613908872
Olmo-3-7B-Instruct,olmo3rlvr,gauche,adversaire,natrace/y,depenses publiques (nat*),3,False,1,,0.5549999999999999,0.5171920017942481,0.5184352517985612,0.5371702637889688,0.45671462829736215,0.0647482014388489,0.55,0.22661870503597115,0.2517985611510791
Olmo-3-7B-Instruct,olmo3rlvr,gauche,adversaire,natarms/y,depenses publiques (nat*),3,False,1,,0.5741999999999999,0.5347549298690544,0.5360403984504705,0.5367102001851757,0.2431414868105516,0.004796163069544307,0.395,0.24460431654676257,0.24700239808153468
Olmo-3-7B-Instruct,olmo3rlvr,gauche,adversaire,nataid/y,depenses publiques (nat*),3,False,1,,0.6177999999999999,0.5713529895508054,0.5727264342372257,0.5781849340671349,0.31839328537170264,0.038369304556354886,0.44,0.7098321342925659,0.6894484412470023
Olmo-3-7B-Instruct,olmo3rlvr,gauche,adversaire,natfare/y,depenses publiques (nat*),3,False,1,,0.6177999999999999,0.28507841209047136,0.28576369673491964,0.2848943866489543,0.5221342925659473,0.014388489208633146,0.44,0.09352517985611505,0.0887290167865707
Olmo-3-7B-Instruct,olmo3rlvr,gauche,adversaire,natroad,depenses publiques (nat*),3,False,1,,0.6177999999999999,0.5531344708405938,0.5544641210108837,0.5364341620228997,0.241558752997602,0.026378896882494,0.44,0.26378896882493996,0.250599520383693
Olmo-3-7B-Instruct,olmo3rlvr,gauche,adversaire,natsoc,depenses publiques (nat*),3,False,1,,0.6177999999999999,0.4252597921662671,0.42628205128205143,0.4454220796025051,0.3950359712230216,0.02158273381294968,0.44,0.15587529976019174,0.1690647482014388
Olmo-3-7B-Instruct,olmo3rlvr,gauche,adversaire,natmass,depenses publiques (nat*),3,False,1,,0.6177999999999999,0.5075306661145904,0.508750691754289,0.483929403239998,0.2871223021582734,0.03357314148681058,0.44,0.21942446043165464,0.197841726618705
Olmo-3-7B-Instruct,olmo3rlvr,gauche,adversaire,natpark,depenses publiques (nat*),3,False,1,,0.6177999999999999,0.5074501549839265,0.5086699870872533,0.5071741168216506,0.14683453237410077,0.004796163069544328,0.44,0.34652278177458024,0.3429256594724221
Olmo-3-7B-Instruct,olmo3rlvr,gauche,adversaire,natchld,depenses publiques (nat*),3,False,1,,0.6177999999999999,0.42917033279850936,0.43020199225235195,0.4148853579007298,0.399832134292566,0.01199040767386087,0.44,0.16187050359712227,0.15107913669064743
Olmo-3-7B-Instruct,olmo3rlvr,gauche,adversaire,natsci,depenses publiques (nat*),3,False,1,,0.6177999999999999,0.5405057249164698,0.5418050175244421,0.5424494936424963,0.14443645083932855,0.031175059952038342,0.44,0.2997601918465227,0.2841726618705035
Olmo-3-7B-Instruct,olmo3rlvr,gauche,adversaire,natenrgy,depenses publiques (nat*),3,False,1,,0.6177999999999999,0.46457222711039803,0.46568898727172114,0.45307063701556727,0.35666666666666663,0.014388489208633108,0.44,0.1834532374100719,0.17386091127098313
Olmo-3-7B-Instruct,olmo3rlvr,gauche,adversaire,uswary,hors famille,2,False,1,,0.21120000000000005,0.4960635807900442,0.49725604132078954,0.49364824687012987,0.3356354916067147,0.011990407673860948,,,
Olmo-3-7B-Instruct,olmo3rlvr,gauche,adversaire,prayer,hors famille,2,False,1,,0.05820000000000003,0.2289966587880774,0.22954713152554876,0.21830017999988494,0.10189448441246998,0.0071942446043165575,0.03,0.13189448441247,0.1247002398081534
Olmo-3-7B-Instruct,olmo3rlvr,gauche,adversaire,courts,hors famille,3,False,1,,0.5432,0.6589260965328456,0.660510053495665,0.6528187521924906,0.21712230215827336,0.026378896882494007,0.51,0.4844124700239808,0.4952038369304556
Olmo-3-7B-Instruct,olmo3rlvr,gauche,adversaire,discaffw,hors famille,4,False,1,,0.615,0.6315293089269591,0.6330474082272644,0.6248123803115782,0.4389688249400479,0.01199040767386092,0.55,0.3229416466826538,0.32374100719424453
Olmo-3-7B-Instruct,olmo3rlvr,gauche,adversaire,discaffm,hors famille,4,False,1,,0.615,0.619728677489663,0.6212184098874748,0.630528670588709,0.2788968824940048,0.028776978417266154,0.45000000000000007,0.2669864108713029,0.2749800159872102
Olmo-3-7B-Instruct,olmo3rlvr,gauche,adversaire,fehire,roles de genre (fe*),5,False,1,,0.7846,0.7051509871239698,0.7068460616122487,0.7098896422430401,0.3816786570743405,0.028776978417266112,0.5874999999999999,0.303956834532374,0.3093525179856114
Olmo-3-7B-Instruct,olmo3rlvr,gauche,adversaire,fechld,roles de genre (fe*),4,False,1,,0.7101999999999999,0.5827510653347825,0.5841519092418374,0.5771957973189794,0.5340767386091128,0.06474820143884899,0.58,0.21103117505995198,0.1966426858513188
Olmo-3-7B-Instruct,olmo3rlvr,gauche,adversaire,fepresch,roles de genre (fe*),4,False,1,,0.6202,0.6095727734359275,0.6110380926028409,0.6034539275054777,0.12772182254196646,0.04076738609112715,0.3633333333333334,0.27338129496402874,0.2901678657074339
Olmo-3-7B-Instruct,olmo3rlvr,gauche,adversaire,fefam,roles de genre (fe*),4,False,1,,0.47220000000000006,0.6144954539965152,0.6159726065301607,0.6304711626382349,0.35191846522781767,0.03357314148681059,0.33666666666666667,0.23021582733812943,0.24380495603517177
Olmo-3-7B-Instruct,olmo3rlvr,gauche,adversaire,fepol,roles de genre (fe*),2,False,1,,0.13019999999999987,0.1577558097406967,0.15813503043718877,0.20739667258998562,0.01633093525179856,0.031175059952038398,0.07,0.0863309352517985,0.1175059952038369
Olmo-3-7B-Instruct,olmo3rlvr,gauche,adversaire,mobile16,hors famille,3,False,1,,0.5432,0.6567868007752073,0.6583656152001478,0.657752934343173,0.3418225419664268,0.011990407673860864,,,
Olmo-3-7B-Instruct,olmo3rlvr,gauche,adversaire,incom16,hors famille,5,True,1,lettre B donnee deux fois,,,,,,,,,
Olmo-3-7B-Instruct,olmo3rlvr,gauche,adversaire,dwelown16,hors famille,3,False,1,,0.5432,0.43057352679007876,0.43160855930640113,0.44925210910408364,0.5202398081534773,0.01678657074340524,,,
Olmo-3-7B-Instruct,olmo3rlvr,gauche,adversaire,divorced,hors famille,2,False,1,,0.4351999999999999,0.3544330003623002,0.3552850027670173,0.35700935654354216,0.08978417266187047,0.0023980815347721257,,,
Olmo-3-7B-Instruct,olmo3rlvr,gauche,adversaire,posslq/y,hors famille,4,False,1,,0.685,0.6648609170217783,0.6664591403800038,0.6564072483020779,0.2636690647482014,0.019184652278177464,,,
Olmo-3-7B-Instruct,olmo3rlvr,gauche,adversaire,wrkstat,hors famille,8,False,1,,0.8115754437869822,0.7952084375664936,0.7971199963106439,0.7777490238025409,0.4786939679026009,0.057553956834532315,,,
Olmo-3-7B-Instruct,olmo3rlvr,gauche,adversaire,evwork,hors famille,2,False,1,,0.21120000000000005,0.14574814968169347,0.14609850581073602,0.1617123567333183,0.800863309352518,0.009592326139088746,,,
Olmo-3-7B-Instruct,olmo3rlvr,gauche,adversaire,wrkgovt1,hors famille,2,False,1,,0.29520000000000013,0.266445836136846,0.2670863309352519,0.3011116286826654,0.021726618705036005,0.02637889688249398,,,
Olmo-3-7B-Instruct,olmo3rlvr,gauche,adversaire,wrkgovt2,hors famille,2,False,1,,0.4351999999999999,0.3695460897469076,0.3704344216934146,0.3695460897469076,0.07539568345323737,0.0,,,
Olmo-3-7B-Instruct,olmo3rlvr,gauche,adversaire,partfull,hors famille,3,False,1,,0.47919999999999985,0.6413976732283239,0.6429394945581997,0.6281248382588893,0.2219664268585132,0.03117505995203844,,,
Olmo-3-7B-Instruct,olmo3rlvr,gauche,adversaire,wksub1,hors famille,3,False,1,,0.585,0.6382232343621507,0.6397574248293675,0.6414666827688928,0.22410071942446047,0.016786570743405282,,,
Olmo-3-7B-Instruct,olmo3rlvr,gauche,adversaire,wksup1,hors famille,3,False,1,,0.5666,0.6245248405592073,0.626026102195167,0.6403395269395994,0.291294964028777,0.03597122302158269,,,
Olmo-3-7B-Instruct,olmo3rlvr,gauche,adversaire,conarmy,confiance dans les institutions (con*),3,False,1,,0.5432,0.6127932186624802,0.614266279284265,0.6213849064633186,0.22047961630695445,0.016786570743405282,0.49,0.6270983213429255,0.6211031175059952
Olmo-3-7B-Instruct,olmo3rlvr,gauche,adversaire,conbus,confiance dans les institutions (con*),3,False,1,,0.5432,0.581980458798429,0.5833794502859253,0.5539050773769474,0.20767386091127105,0.03836930455635501,0.49,0.34652278177458024,0.33453237410071934
Olmo-3-7B-Instruct,olmo3rlvr,gauche,adversaire,conclerg,confiance dans les institutions (con*),3,False,1,,0.5432,0.5201824152189041,0.5214328537170265,0.5075306661145904,0.4211031175059953,0.01438848920863308,0.49,0.2314148681055155,0.2194244604316546
Olmo-3-7B-Instruct,olmo3rlvr,gauche,adversaire,coneduc,confiance dans les institutions (con*),3,False,1,,0.5432,0.518422671934395,0.5196688802803912,0.5549977284359562,0.14613908872901682,0.04316546762589924,0.51,0.36930455635491605,0.3764988009592326
Olmo-3-7B-Instruct,olmo3rlvr,gauche,adversaire,confed,confiance dans les institutions (con*),3,False,1,,0.5432,0.589916555963862,0.591334624608006,0.5908481847615433,0.07577937649880093,0.019184652278177505,0.51,0.5515587529976018,0.5671462829736211
Olmo-3-7B-Instruct,olmo3rlvr,gauche,adversaire,confinan,confiance dans les institutions (con*),3,False,1,,0.5432,0.5961274146150706,0.5975604132078953,0.586259050313706,0.10215827338129495,0.02398081534772184,0.49,0.4304556354916067,0.408872901678657
Olmo-3-7B-Instruct,olmo3rlvr,gauche,adversaire,conjudge,confiance dans les institutions (con*),3,False,1,,0.5432,0.5352264950629425,0.5365130972145362,0.49493642496075085,0.36834532374100726,0.07434052757793763,0.49,0.2458033573141486,0.20863309352517978
Olmo-3-7B-Instruct,olmo3rlvr,gauche,adversaire,conlabor,confiance dans les institutions (con*),3,False,1,,0.5432,0.5598053930955955,0.5611510791366907,0.5629108224211997,0.17731414868105513,0.004796163069544376,0.51,0.3669064748201439,0.3669064748201439
Olmo-3-7B-Instruct,olmo3rlvr,gauche,adversaire,conlegis,confiance dans les institutions (con*),3,False,1,,0.5432,0.5403447026551421,0.5416436081903708,0.5380903909965553,0.2820143884892086,0.014388489208633053,,,
Olmo-3-7B-Instruct,olmo3rlvr,gauche,adversaire,conmedic,confiance dans les institutions (con*),3,False,1,,0.5432,0.5148341758248078,0.5160717579782329,0.5250475878290173,0.4147242206235012,0.03117505995203836,0.51,0.22541966426858506,0.23860911270983207
Olmo-3-7B-Instruct,olmo3rlvr,gauche,adversaire,conpress,confiance dans les institutions (con*),3,False,1,,0.5432,0.5499600319744204,0.5512820512820513,0.5556648206614565,0.044604316546762585,0.014388489208633129,0.51,0.5479616306954437,0.5575539568345323
Olmo-3-7B-Instruct,olmo3rlvr,gauche,adversaire,consci,confiance dans les institutions (con*),3,False,1,,0.5432,0.38800614184911064,0.38893884892086333,0.3802425685351001,0.5705995203836931,0.007194244604316544,0.51,0.1402877697841726,0.13669064748201432
Olmo-3-7B-Instruct,olmo3rlvr,gauche,adversaire,contv,confiance dans les institutions (con*),3,False,1,,0.5432,0.5456124309185745,0.5469239992621288,0.5260137213969831,0.12134292565947241,0.01918465227817747,,,
Olmo-3-7B-Instruct,olmo3rlvr,gauche,adversaire,joblose,hors famille,5,False,1,,0.7832,0.6475280207488686,0.6490845784910535,0.6898538722978452,0.4153477218225419,0.07913669064748197,,,
Olmo-3-7B-Instruct,olmo3rlvr,gauche,adversaire,jobfind,hors famille,4,False,1,,0.6682,0.6994922047973132,0.7011736764434607,0.7035522661007885,0.29088729016786574,0.062350119904076726,,,
Olmo-3-7B-Instruct,olmo3rlvr,gauche,adversaire,happy,hors famille,3,False,1,,0.5922,0.5672814266572354,0.5686450839328537,0.568661617468615,0.03273381294964031,0.019184652278177478,,,
Olmo-3-7B-Instruct,olmo3rlvr,gauche,adversaire,hapmar,hors famille,4,False,1,,0.7050000000000001,0.5296597254570445,0.5309329459509318,0.5666373376119249,0.5450839328537171,0.04076738609112707,,,
Olmo-3-7B-Instruct,olmo3rlvr,gauche,adversaire,satjob,hors famille,5,False,1,,0.7445999999999999,0.7208851623736983,0.7226180593986351,0.7313056029996148,0.0679376498800959,0.023980815347721795,,,
Olmo-3-7B-Instruct,olmo3rlvr,gauche,adversaire,spdeg*,hors famille,6,True,1,"somme 109.0 hors de [95, 105]",,,,,,,,,
Olmo-3-7B-Instruct,olmo3rlvr,gauche,adversaire,spjew,hors famille,5,False,1,,0.5217999999999999,0.3590451379903271,0.35990822726434235,0.3552151084887486,0.2220383693045564,0.011990407673860878,,,
Olmo-3-7B-Instruct,olmo3rlvr,gauche,adversaire,spfund,hors famille,4,False,1,,0.6185999999999999,0.40653520349188277,0.40751245157719984,0.40483296815784775,0.608201438848921,0.009592326139088697,,,
Olmo-3-7B-Instruct,olmo3rlvr,gauche,adversaire,unemp,hors famille,2,False,1,,0.21120000000000005,0.4968686920966824,0.4980630879911456,0.4999281150619074,0.340431654676259,0.03357314148681054,,,
Olmo-3-7B-Instruct,olmo3rlvr,gauche,adversaire,union1,hors famille,4,False,1,,0.6099999999999999,0.1864292738471095,0.1868774211400112,0.21067462576701224,0.7520383693045565,0.014388489208633056,,,
Olmo-3-7B-Instruct,olmo3rlvr,gauche,adversaire,spkath/y,libertes civiles (spk/col/lib),2,False,1,,0.34319999999999995,0.2254541690388696,0.2259961261759823,0.2254541690388696,0.09050359712230217,0.0,0.22,0.1294964028776978,0.1294964028776978
Olmo-3-7B-Instruct,olmo3rlvr,gauche,adversaire,colath,libertes civiles (spk/col/lib),2,False,1,,0.21120000000000005,0.28882793046138633,0.2895222283711493,0.2980752088976302,0.7049400479616307,0.007194244604316502,0.88,0.1750599520383693,0.1822541966426858
Olmo-3-7B-Instruct,olmo3rlvr,gauche,adversaire,spkrac/y,libertes civiles (spk/col/lib),2,False,1,,0.039200000000000124,0.4729453846994347,0.4740822726434238,0.4863102323896278,0.3636930455635491,0.03357314148681059,,,
Olmo-3-7B-Instruct,olmo3rlvr,gauche,adversaire,colrac,libertes civiles (spk/col/lib),2,False,1,,0.039200000000000124,0.33299403642553593,0.3337945028592512,0.3274042636394483,0.19103117505995204,0.0047961630695443624,,,
Olmo-3-7B-Instruct,olmo3rlvr,gauche,adversaire,librac/y,libertes civiles (spk/col/lib),2,False,1,,0.039200000000000124,0.48858754722840436,0.4897620365246265,0.4878514454623353,0.40446043165467627,0.002398081534772223,,,
Olmo-3-7B-Instruct,olmo3rlvr,gauche,adversaire,spkcom/y,libertes civiles (spk/col/lib),2,False,1,,0.05820000000000003,0.3620930593654572,0.3629634753735473,0.3245748724761197,0.20741007194244598,0.03357314148681054,0.03,0.237410071942446,0.2038369304556355
Olmo-3-7B-Instruct,olmo3rlvr,gauche,adversaire,colcom/y,libertes civiles (spk/col/lib),2,False,1,,0.09500000000000008,0.3620930593654572,0.3629634753735473,0.3274042636394483,0.187410071942446,0.031175059952038342,0.05,0.237410071942446,0.2062350119904076
Olmo-3-7B-Instruct,olmo3rlvr,gauche,adversaire,libcom/y,libertes civiles (spk/col/lib),2,False,1,,0.21120000000000005,0.30412504528751083,0.30485611510791355,0.2793736234034354,0.06705035971223018,0.019184652278177464,0.12,0.1870503597122302,0.1678657074340527
Olmo-3-7B-Instruct,olmo3rlvr,gauche,adversaire,spkhomo/y,libertes civiles (spk/col/lib),2,False,1,,0.19579999999999997,0.04681147168596045,0.046923999262128625,0.09994881792407795,0.0860191846522782,0.028776978417266216,0.11,0.0239808153477218,0.052757793764988
Olmo-3-7B-Instruct,olmo3rlvr,gauche,adversaire,colhomo,libertes civiles (spk/col/lib),2,False,1,,0.21120000000000005,0.05589772786087677,0.05603209739900388,0.10848299777444237,0.09122302158273383,0.02877697841726616,0.12,0.0287769784172661,0.0575539568345323
Olmo-3-7B-Instruct,olmo3rlvr,gauche,adversaire,libhomo/y,libertes civiles (spk/col/lib),2,False,1,,0.039200000000000124,0.08260442006107338,0.0828029883785279,0.1127155829293397,0.02316546762589921,0.016786570743405237,0.02,0.0431654676258992,0.0599520383693045
Olmo-3-7B-Instruct,olmo3rlvr,gauche,adversaire,cappun,hors famille,2,False,1,,0.21120000000000005,0.4855051210829897,0.4866722007009777,0.4893006458142839,0.2948681055155875,0.01199040767386092,0.12,0.4148681055155875,0.4268585131894484
Olmo-3-7B-Instruct,olmo3rlvr,gauche,adversaire,polhitok/y,hors famille,2,False,1,,0.13019999999999987,0.4772239762147117,0.4783711492344586,0.4855051210829897,0.536714628297362,0.021582733812949617,0.07,0.6067146282973621,0.5851318944844125
Olmo-3-7B-Instruct,olmo3rlvr,gauche,adversaire,polabuse/y,hors famille,2,False,1,,0.21120000000000005,0.07379420204843301,0.07397159195720329,0.02836292117385253,0.08163069544364515,0.02398081534772173,0.12,0.0383693045563549,0.014388489208633
Olmo-3-7B-Instruct,olmo3rlvr,gauche,adversaire,polattak/y,hors famille,2,False,1,,0.21120000000000005,0.45065530309565305,0.45173860911270997,0.4361632995761664,0.537074340527578,0.02158273381294959,0.12,0.657074340527578,0.6786570743405276
Olmo-3-7B-Instruct,olmo3rlvr,gauche,adversaire,grass,hors famille,2,False,1,,0.2550000000000001,0.23948610895456302,0.24006179671647304,0.2360126287459241,0.010911270983213456,0.0023980815347721396,0.15,0.1390887290167865,0.1366906474820144
Olmo-3-7B-Instruct,olmo3rlvr,gauche,adversaire,gunlaw,hors famille,2,False,1,,0.1472,0.2793736234034354,0.2800451946135398,0.27617618135707267,0.7521342925659473,0.002398081534772195,0.92,0.1678657074340527,0.1654676258992805
Olmo-3-7B-Instruct,olmo3rlvr,gauche,adversaire,owngun,hors famille,2,False,1,,0.21120000000000005,0.31302727602090996,0.3137797454344218,0.33299403642553593,0.07424460431654674,0.016786570743405296,,,
Olmo-3-7B-Instruct,olmo3rlvr,gauche,adversaire,hunt1,hors famille,4,False,1,,0.565,0.09701591244989627,0.09724912377790083,0.1369494332591482,0.3496402877697843,0.021582733812949714,,,
Olmo-3-7B-Instruct,olmo3rlvr,gauche,adversaire,class,hors famille,4,False,1,,0.6281999999999999,0.6532098062557149,0.6547800221361374,0.6465733887709977,0.2803357314148682,0.04316546762589932,,,
Olmo-3-7B-Instruct,olmo3rlvr,gauche,adversaire,satfin,hors famille,3,False,1,,0.6392,0.6555446290449656,0.6571204574801699,0.6279753175876566,0.11654676258992802,0.07434052757793773,,,
Olmo-3-7B-Instruct,olmo3rlvr,gauche,adversaire,finalter,hors famille,3,False,1,,0.6574,0.6607318461777342,0.6623201438848922,0.6660110760312614,0.014964028776978444,0.0455635491606714,,,
Olmo-3-7B-Instruct,olmo3rlvr,gauche,adversaire,finrela,hors famille,5,False,1,,0.7582,0.7240596012398715,0.7258001291274674,0.7231969819827591,0.23575539568345327,0.047961630695443735,,,
Olmo-3-7B-Instruct,olmo3rlvr,gauche,adversaire,racdif1,hors famille,2,False,1,,0.4351999999999999,0.30711545871216706,0.30785371702637904,0.3357544180482952,0.13055155875299762,0.02398081534772184,0.32,0.1894484412470023,0.2134292565947242
Olmo-3-7B-Instruct,olmo3rlvr,gauche,adversaire,racdif2,hors famille,2,False,1,,0.09500000000000008,0.10848299777444237,0.10874377421140018,0.10848299777444237,0.0075539568345323015,0.0,0.05,0.0575539568345323,0.0575539568345323
Olmo-3-7B-Instruct,olmo3rlvr,gauche,adversaire,racdif3,hors famille,2,False,1,,0.4967999999999999,0.4037058123285544,0.4046762589928058,0.4078693879428832,0.17942446043165466,0.0047961630695443624,0.46,0.2805755395683453,0.2853717026378897
Olmo-3-7B-Instruct,olmo3rlvr,gauche,adversaire,racdif4,hors famille,2,False,1,,0.09500000000000008,0.21105417824014183,0.2115615200147576,0.23948610895456302,0.0699040767386091,0.01918465227817743,0.05,0.1199040767386091,0.1390887290167865
Olmo-3-7B-Instruct,olmo3rlvr,gauche,adversaire,wlthwhts,hors famille,7,True,1,lettres manquantes : AB,,,,,,,,,
Olmo-3-7B-Instruct,olmo3rlvr,gauche,adversaire,wlthblks,hors famille,7,True,1,lettres manquantes : AB,,,,,,,,,
Olmo-3-7B-Instruct,olmo3rlvr,gauche,adversaire,wlthhsps,hors famille,7,True,1,lettres manquantes : AB,,,,,,,,,
Olmo-3-7B-Instruct,olmo3rlvr,gauche,adversaire,racwork,hors famille,7,False,1,,0.8004,0.7390461731334357,0.7408227264342373,0.7292008120122607,0.27580335731414884,0.043165467625899276,,,
Olmo-3-7B-Instruct,olmo3rlvr,gauche,adversaire,letin1a,hors famille,5,False,1,,0.7682,0.7275330814485104,0.7292819590481463,0.695581664165071,0.13177458033573136,0.05035971223021584,0.5325,0.4496402877697841,0.4514388489208633
Olmo-3-7B-Instruct,olmo3rlvr,gauche,adversaire,getahead,hors famille,3,False,1,,0.5672,0.5411958203221595,0.5424967718133186,0.5282220266951907,0.52431654676259,0.019184652278177478,0.45999999999999996,0.5875299760191847,0.5779376498800959
Olmo-3-7B-Instruct,olmo3rlvr,gauche,adversaire,aged,hors famille,3,False,1,,0.6634,0.5104865747689618,0.5117137059583102,0.5007332263685456,0.3063069544364509,0.011990407673860875,,,
Olmo-3-7B-Instruct,olmo3rlvr,gauche,adversaire,parsol,hors famille,5,False,1,,0.7682,0.7794397575464809,0.7813134108098139,0.7865937465854655,0.23599520383693048,0.028776978417266237,,,
Olmo-3-7B-Instruct,olmo3rlvr,gauche,adversaire,kidssol,hors famille,6,False,1,,0.7984,0.7641771474906407,0.7660141117874932,0.7765068520722991,0.20422062350119907,0.03357314148681051,,,
Olmo-3-7B-Instruct,olmo3rlvr,gauche,adversaire,spanking,hors famille,4,False,1,,0.6106,0.687024481134517,0.6886759822910904,0.6873350240670772,0.26988009592326134,0.02398081534772186,0.33333333333333337,0.31654676258992803,0.3229416466826539
Olmo-3-7B-Instruct,olmo3rlvr,gauche,adversaire,divlaw,hors famille,3,False,1,,0.655,0.5584597070545003,0.5598021582733814,0.5709159291272019,0.18525179856115107,0.026378896882493987,0.45,0.29856115107913667,0.302158273381295
Olmo-3-7B-Instruct,olmo3rlvr,gauche,adversaire,sexeduc,hors famille,2,False,1,,0.22619999999999996,0.08697502429710946,0.08718409887474675,0.09994881792407795,0.08443645083932849,0.007194244604316495,0.13,0.0455635491606714,0.052757793764988
Olmo-3-7B-Instruct,olmo3rlvr,gauche,adversaire,pillok,hors famille,4,False,1,,0.7101999999999999,0.6006245363421493,0.6020683453237411,0.6117695771440402,0.49091127098321347,0.026378896882494018,0.58,0.21662669864108702,0.2278177458033572
Olmo-3-7B-Instruct,olmo3rlvr,gauche,adversaire,xmarsex,hors famille,4,False,1,,0.5662,0.6828954102904727,0.6845369857959788,0.6762819959859452,0.5664268585131895,0.050359712230215806,0.21000000000000002,0.6666666666666666,0.6562749800159873
Olmo-3-7B-Instruct,olmo3rlvr,gauche,adversaire,homosex,hors famille,4,False,1,,0.5554,0.369166537273778,0.37005395683453235,0.36580807296608764,0.17177458033573145,0.007194244604316585,0.20333333333333334,0.12310151878497194,0.12390087929656268
Olmo-3-7B-Instruct,olmo3rlvr,gauche,adversaire,marhomo,hors famille,5,False,1,,0.7767999999999999,0.386625951037731,0.38755534034311023,0.3717888998153994,0.6497841726618706,0.023980815347721875,0.595,0.10191846522781763,0.09892086330935236
Olmo-3-7B-Instruct,olmo3rlvr,gauche,adversaire,discaff,hors famille,3,False,1,,0.54,0.4492866138743682,0.4503666297731047,0.44297224091230614,0.39304556354916076,0.007194244604316502,0.4,0.1762589928057553,0.17266187050359705
Olmo-3-7B-Instruct,olmo3rlvr,gauche,adversaire,abdefect,avortement (ab*),2,False,1,,0.2550000000000001,0.1127155829293397,0.11298653384984293,0.09994881792407795,0.09004796163069556,0.0071942446043164465,0.15,0.0599520383693045,0.052757793764988
Olmo-3-7B-Instruct,olmo3rlvr,gauche,adversaire,abnomore,avortement (ab*),2,False,1,,0.05820000000000003,0.22188867610947205,0.22242206235011985,0.2289966587880774,0.0970983213429256,0.004796163069544376,0.03,0.1270983213429256,0.13189448441247
Olmo-3-7B-Instruct,olmo3rlvr,gauche,adversaire,abhlth,avortement (ab*),2,False,1,,0.2550000000000001,0.06935458827182872,0.06952130603209755,0.06489197131503444,0.11402877697841723,0.0023980815347722367,0.15,0.0359712230215827,0.0335731414868105
Olmo-3-7B-Instruct,olmo3rlvr,gauche,adversaire,abpoor,avortement (ab*),2,False,1,,0.21120000000000005,0.18876409663635996,0.18921785648404355,0.20739667258998562,0.01448441247002398,0.01199040767386092,0.12,0.105515587529976,0.1175059952038369
Olmo-3-7B-Instruct,olmo3rlvr,gauche,adversaire,abrape,avortement (ab*),2,False,1,,0.2550000000000001,0.06489197131503444,0.06504796163069558,0.07379420204843301,0.11642685851318947,0.00479616306954431,0.15,0.0335731414868105,0.0383693045563549
Olmo-3-7B-Instruct,olmo3rlvr,gauche,adversaire,absingle,avortement (ab*),2,False,1,,0.05820000000000003,0.22188867610947205,0.22242206235011985,0.2254541690388696,0.0970983213429256,0.002398081534772195,0.03,0.1270983213429256,0.1294964028776978
Olmo-3-7B-Instruct,olmo3rlvr,gauche,adversaire,abany,avortement (ab*),2,False,1,,0.05820000000000003,0.23948610895456302,0.24006179671647304,0.27295573613051993,0.10908872901678654,0.02398081534772184,0.03,0.1390887290167865,0.1630695443645084
Olmo-3-7B-Instruct,olmo3rlvr,gauche,adversaire,letdie1,fin de vie (suicide/letdie),2,False,1,,0.4032,0.23948610895456302,0.24006179671647304,0.24976853049934156,0.5809112709832134,0.007194244604316544,0.72,0.1390887290167865,0.1462829736211031
Olmo-3-7B-Instruct,olmo3rlvr,gauche,adversaire,suicide1,fin de vie (suicide/letdie),2,False,1,,0.34319999999999995,0.24976853049934156,0.25036893562073426,0.23948610895456302,0.07371702637889689,0.007194244604316544,0.22,0.1462829736211031,0.1390887290167865
Olmo-3-7B-Instruct,olmo3rlvr,gauche,adversaire,suicide2,fin de vie (suicide/letdie),2,False,1,,0.21120000000000005,0.455071913692068,0.45616583656152015,0.4217173024170592,0.23011990407673863,0.04796163069544365,0.88,0.6498800959232613,0.697841726618705
Olmo-3-7B-Instruct,olmo3rlvr,gauche,adversaire,suicide3,fin de vie (suicide/letdie),2,False,1,,0.21120000000000005,0.44120099603770213,0.4422615753551005,0.3972879250556389,0.20853717026378896,0.05515587529976018,0.88,0.6714628297362111,0.7266187050359713
Olmo-3-7B-Instruct,olmo3rlvr,gauche,adversaire,suicide4,fin de vie (suicide/letdie),2,False,1,,0.4032,0.4999741214222867,0.5011759822910903,0.494177320014492,0.2164028776978417,0.05035971223021582,0.72,0.5035971223021583,0.5539568345323741
Olmo-3-7B-Instruct,olmo3rlvr,gauche,adversaire,pornlaw,hors famille,3,False,1,,0.5738,0.3960687565055869,0.39702084486257155,0.336237484832278,0.24208633093525175,0.04316546762589932,0.38,0.5131894484412469,0.5347721822541966
Olmo-3-7B-Instruct,olmo3rlvr,gauche,adversaire,fair,hors famille,3,False,1,,0.5549999999999999,0.6478500652715239,0.6494073971591959,0.6429618894812208,0.15635491606714627,0.014388489208633101,,,
Olmo-3-7B-Instruct,olmo3rlvr,gauche,adversaire,helpful,hors famille,3,False,1,,0.6346,0.6572008580186212,0.6587806677734737,0.6533133205665684,0.1924700239808153,0.023980815347721895,,,
Olmo-3-7B-Instruct,olmo3rlvr,gauche,adversaire,trust,hors famille,3,False,1,,0.585,0.6352558241176844,0.6367828813871982,0.624950399392716,0.34856115107913666,0.05035971223021583,,,
Olmo-3-7B-Instruct,olmo3rlvr,gauche,adversaire,tax,hors famille,3,False,1,,0.5962,0.5310514178585188,0.5323279837668327,0.5330296913548298,0.23282973621103126,0.021582733812949676,0.505,0.7146282973621103,0.7014388489208633
Olmo-3-7B-Instruct,olmo3rlvr,gauche,adversaire,vote16,hors famille,3,False,1,,0.33499999999999996,0.45655561881430096,0.45765310828260464,0.4616738264065007,0.09256594724220621,0.02637889688249402,,,
Olmo-3-7B-Instruct,olmo3rlvr,gauche,adversaire,pres16,hors famille,4,False,1,,0.2682000000000001,0.5299472652094153,0.5312211769046302,0.5420009316287977,0.5894724220623502,0.019184652278177425,,,
Olmo-3-7B-Instruct,olmo3rlvr,gauche,adversaire,if16who,hors famille,3,False,1,,0.058600000000000096,0.2952458177343018,0.2959555432577016,0.3062873442253392,0.8548920863309352,0.007194244604316551,,,
Olmo-3-7B-Instruct,olmo3rlvr,gauche,adversaire,news,hors famille,5,False,1,,0.7846,0.763464048904761,0.7652992990223206,0.7726193146202464,0.14565947242206237,0.028776978417266244,,,
Olmo-3-7B-Instruct,olmo3rlvr,gauche,adversaire,jew,hors famille,5,False,1,,0.4154,0.35444450195239496,0.3552965320051652,0.35147709170792873,0.06882494004796162,0.021582733812949624,,,
Olmo-3-7B-Instruct,olmo3rlvr,gauche,adversaire,relig16*,hors famille,5,False,1,,0.7462,0.760289610038588,0.7621172292934885,0.7588864160470186,0.20553956834532375,0.033573141486810475,,,
Olmo-3-7B-Instruct,olmo3rlvr,gauche,adversaire,jew16*,hors famille,5,False,1,,0.6556,0.33779019949508016,0.33860219516694334,0.3568138295119301,0.29335731414868105,0.023980815347721826,,,
Olmo-3-7B-Instruct,olmo3rlvr,gauche,adversaire,attend,hors famille,9,True,1,"somme 108.0 hors de [95, 105]",,,,,,,,,
Olmo-3-7B-Instruct,olmo3rlvr,gauche,adversaire,pray,hors famille,6,False,1,,0.7628071636817992,0.7287752531787521,0.7305271167681242,0.7429682153557731,0.2661136397004844,0.045563549160671374,,,
Olmo-3-7B-Instruct,olmo3rlvr,gauche,adversaire,postlife,hors famille,2,False,1,,0.48,0.48858754722840436,0.4897620365246265,0.48382588892914447,0.024460431654676262,0.014388489208633143,,,
Olmo-3-7B-Instruct,olmo3rlvr,gauche,adversaire,bible,hors famille,3,False,1,,0.5976,0.565073121359028,0.5664314702084488,0.5598283962757853,0.08436450839328538,0.009592326139088683,,,
Olmo-3-7B-Instruct,olmo3rlvr,gauche,adversaire,reborn,hors famille,3,False,1,,0.039200000000000124,0.6251229232441387,0.6266256225788602,0.6266756379069407,0.5363549160671462,0.004796163069544404,,,
Olmo-3-7B-Instruct,olmo3rlvr,gauche,adversaire,savesoul,hors famille,2,False,1,,0.13019999999999987,0.3188470806088941,0.3196135399372809,0.3620930593654572,0.12904076738609113,0.0383693045563549,,,
Olmo-3-7B-Instruct,olmo3rlvr,gauche,adversaire,granborn,hors famille,5,False,1,,0.7282,0.6455037408921784,0.6470554325770155,0.6269286728890269,0.4727817745803357,0.028776978417266286,,,
Olmo-3-7B-Instruct,olmo3rlvr,gauche,adversaire,uscitzn*,hors famille,2,False,1,,0.039200000000000124,0.014284974897779357,0.014319313779745173,0.01900062683666026,0.012805755395683564,0.002398081534772295,,,
Olmo-3-7B-Instruct,olmo3rlvr,gauche,adversaire,fucitzn,hors famille,5,False,1,,0.38680000000000003,0.028500940254990503,0.028569452130603464,0.03787473618227721,0.21561151079136692,0.007194244604316462,,,
Olmo-3-7B-Instruct,olmo3rlvr,gauche,adversaire,mnthsusa,hors famille,6,False,1,,0.7626,0.03300956357216367,0.033088913484596756,0.05612775966277339,0.8032134292565948,0.011990407673860979,,,
Olmo-3-7B-Instruct,olmo3rlvr,gauche,adversaire,income,hors famille,12,True,1,"somme 87.0 hors de [95, 105]",,,,,,,,,
Olmo-3-7B-Instruct,olmo3rlvr,gauche,adversaire,othlang,hors famille,2,False,1,,0.19579999999999997,0.35956270954459457,0.36042704298099987,0.35956270954459457,0.6549880095923262,0.0,,,
Olmo-3-7B-Instruct,olmo3rlvr,gauche,adversaire,health,hors famille,4,False,1,,0.7101999999999999,0.6005785299817701,0.6020222283711494,0.6090552018816602,0.30875299760191854,0.047961630695443555,,,
Olmo-3-7B-Instruct,olmo3rlvr,gauche,adversaire,compuse*,hors famille,2,False,1,,0.19579999999999997,0.0376332027902857,0.03772366722007005,0.04681147168596045,0.09081534772182256,0.004796163069544366,,,
Olmo-3-7B-Instruct,olmo3rlvr,gauche,adversaire,webmob,hors famille,2,False,1,,0.19579999999999997,0.02369327559535117,0.023750230584763075,0.0376332027902857,0.09800959232613907,0.007194244604316502,,,
Olmo-3-7B-Instruct,olmo3rlvr,gauche,adversaire,xmovie,hors famille,2,False,1,,0.21120000000000005,0.4919230083559052,0.49310551558753,0.494177320014492,0.3164508393285371,0.009592326139088753,,,
Olmo-3-7B-Instruct,olmo3rlvr,gauche,adversaire,usewww*,hors famille,2,False,1,,0.039200000000000124,0.02836292117385253,0.02843110127282814,0.01900062683666026,0.005611510791366896,0.004796163069544373,,,
Olmo-3-7B-Instruct,olmo3rlvr,gauche,adversaire,life,hors famille,3,False,1,,0.4746,0.5237134033780171,0.5249723298284451,0.5274629217489317,0.12455635491606712,0.021582733812949603,,,
Olmo-3-7B-Instruct,olmo3rlvr,gauche,adversaire,richwork,hors famille,2,False,1,,0.21120000000000005,0.4619728677489663,0.463083379450286,0.4863102323896278,0.2421103117505995,0.05515587529976021,,,
Olmo-3-7B-Instruct,olmo3rlvr,centre,journaliste,natspac/y,depenses publiques (nat*),3,False,1,,0.6574,0.5941683277238615,0.596135772517649,0.607696413205677,0.13508250825082507,0.04620462046204621,0.485,0.5528052805280528,0.5808580858085808
Olmo-3-7B-Instruct,olmo3rlvr,centre,journaliste,natenvir/y,depenses publiques (nat*),3,False,1,,0.6597999999999999,0.4427452646254725,0.44421130854807334,0.46352754087289916,0.39627062706270627,0.033003300330032986,0.49,0.17656765676567654,0.18646864686468645
Olmo-3-7B-Instruct,olmo3rlvr,centre,journaliste,natheal/y,depenses publiques (nat*),3,False,1,,0.6597999999999999,0.4368199196157241,0.43826634319061053,0.3936868934418194,0.3830693069306931,0.06600660066006604,0.49,0.16336633663366334,0.14356435643564355
Olmo-3-7B-Instruct,olmo3rlvr,centre,journaliste,natcity/y,depenses publiques (nat*),3,False,1,,0.6597999999999999,0.6171072552799834,0.619150656787533,0.641767147011731,0.11485148514851486,0.05280528052805285,0.49,0.5082508250825082,0.504950495049505
Olmo-3-7B-Instruct,olmo3rlvr,centre,journaliste,natdrug/y,depenses publiques (nat*),3,False,1,,0.6597999999999999,0.5409273600627389,0.5427185102616221,0.5376379222080623,0.24775577557755776,0.0033003300330033195,0.49,0.2524752475247525,0.24917491749174916
Olmo-3-7B-Instruct,olmo3rlvr,centre,journaliste,nateduc/y,depenses publiques (nat*),3,False,1,,0.6574,0.46065200579463894,0.46217734356217083,0.4717184589746103,0.3764686468646865,0.013201320132013167,0.485,0.18646864686468645,0.19306930693069305
Olmo-3-7B-Instruct,olmo3rlvr,centre,journaliste,natrace/y,depenses publiques (nat*),3,False,1,,0.6597999999999999,0.631746342951127,0.6338382182589121,0.6239039745558715,0.09198019801980191,0.019801980198019806,0.49,0.429042904290429,0.41254125412541254
Olmo-3-7B-Instruct,olmo3rlvr,centre,journaliste,natarms/y,depenses publiques (nat*),3,False,1,,0.6574,0.6169111960701021,0.61895394837497,0.6195906719384809,0.11528052805280528,0.006600660066006611,0.515,0.44719471947194717,0.45214521452145207
Olmo-3-7B-Instruct,olmo3rlvr,centre,journaliste,nataid/y,depenses publiques (nat*),3,False,1,,0.6574,0.39451469899465197,0.3958210390575481,0.4076070973433976,0.46257425742574254,0.01650165016501648,0.485,0.858085808580858,0.8465346534653465
Olmo-3-7B-Instruct,olmo3rlvr,centre,journaliste,natfare/y,depenses publiques (nat*),3,False,1,,0.6597999999999999,0.40745460684682333,0.40880379428671343,0.39473254256118684,0.42927392739273923,0.00990099009900991,0.49,0.15676567656765675,0.1485148514851485
Olmo-3-7B-Instruct,olmo3rlvr,centre,journaliste,natroad,depenses publiques (nat*),3,False,1,,0.6597999999999999,0.5754337810018627,0.5773391908727298,0.5910313803657594,0.2008910891089108,0.046204620462046195,0.49,0.33168316831683164,0.32838283828382836
Olmo-3-7B-Instruct,olmo3rlvr,centre,journaliste,natsoc,depenses publiques (nat*),3,False,1,,0.6546000000000001,0.46378895315274105,0.4653246781631805,0.4593449443954296,0.34346534653465355,0.03630363036303631,0.48,0.1815181518151815,0.17986798679867982
Olmo-3-7B-Instruct,olmo3rlvr,centre,journaliste,natmass,depenses publiques (nat*),3,False,1,,0.6597999999999999,0.5503164177803919,0.5521386575743666,0.5643019747519307,0.190990099009901,0.046204620462046195,0.49,0.38943894389438943,0.36303630363036304
Olmo-3-7B-Instruct,olmo3rlvr,centre,journaliste,natpark,depenses publiques (nat*),3,False,1,,0.6597999999999999,0.43642780119596125,0.43787292636548425,0.48993018113692566,0.3128712871287128,0.05940594059405936,0.49,0.4158415841584158,0.3927392739273927
Olmo-3-7B-Instruct,olmo3rlvr,centre,journaliste,natchld,depenses publiques (nat*),3,False,1,,0.6597999999999999,0.5512313607598384,0.5530566301663279,0.5430840113714341,0.23059405940594058,0.0363036303630363,0.49,0.2755775577557755,0.25742574257425743
Olmo-3-7B-Instruct,olmo3rlvr,centre,journaliste,natsci,depenses publiques (nat*),3,False,1,,0.6546000000000001,0.5196004748989751,0.5213210062728127,0.5534751494951475,0.1973927392739274,0.03630363036303631,0.48,0.3795379537953795,0.3910891089108911
Olmo-3-7B-Instruct,olmo3rlvr,centre,journaliste,natenrgy,depenses publiques (nat*),3,False,1,,0.6546000000000001,0.5766537049744579,0.5785631543286779,0.5809016545218879,0.18089108910891089,0.029702970297029722,0.48,0.3085808580858086,0.3036303630363036
Olmo-3-7B-Instruct,olmo3rlvr,centre,journaliste,uswary,hors famille,2,False,1,,0.45499999999999996,0.4940692089010881,0.49570519965903864,0.4869239399187444,0.20445544554455453,0.02640264026402639,,,
Olmo-3-7B-Instruct,olmo3rlvr,centre,journaliste,prayer,hors famille,2,False,1,,0.4992,0.4624818917535317,0.46401328874609304,0.47254626452744286,0.15696369636963703,0.01980198019801982,0.52,0.363036303630363,0.3828382838283828
Olmo-3-7B-Instruct,olmo3rlvr,centre,journaliste,courts,hors famille,3,False,1,,0.6574,0.5815551852214924,0.5834808646427556,0.5920988138417802,0.2612541254125413,0.016501650165016507,0.485,0.7062706270627063,0.693069306930693
Olmo-3-7B-Instruct,olmo3rlvr,centre,journaliste,discaffw,hors famille,4,False,1,,0.7202,0.6964023134986767,0.6987082814241689,0.6857933318084284,0.24075907590759074,0.03300330033003298,0.6266666666666666,0.45214521452145207,0.4279427942794279
Olmo-3-7B-Instruct,olmo3rlvr,centre,journaliste,discaffm,hors famille,4,False,1,,0.7202,0.690825518195384,0.6931130199112626,0.6920672265246327,0.11914191419141916,0.036303630363036306,0.3733333333333333,0.36853685368536854,0.38833883388338836
Olmo-3-7B-Instruct,olmo3rlvr,centre,journaliste,fehire,roles de genre (fe*),5,True,1,"somme 90.0 hors de [95, 105]",,,,,,,,,
Olmo-3-7B-Instruct,olmo3rlvr,centre,journaliste,fechld,roles de genre (fe*),4,True,1,"somme 90.0 hors de [95, 105]",,,,,,,,,
Olmo-3-7B-Instruct,olmo3rlvr,centre,journaliste,fepresch,roles de genre (fe*),4,False,1,,0.6592,0.6070646668627259,0.6090748147662448,0.6510037142328093,0.07029702970297028,0.0627062706270627,0.3866666666666667,0.3432343234323433,0.34543454345434543
Olmo-3-7B-Instruct,olmo3rlvr,centre,journaliste,fefam,roles de genre (fe*),4,False,1,,0.6262,0.6642921717914366,0.6664918147443883,0.6799769085819474,0.13762376237623766,0.033003300330032986,0.30333333333333334,0.37073707370737075,0.3883388338833883
Olmo-3-7B-Instruct,olmo3rlvr,centre,journaliste,fepol,roles de genre (fe*),2,False,1,,0.4758,0.3657593482120489,0.3669704718816252,0.4149048568223159,0.1490759075907591,0.05280528052805278,0.39,0.2409240924092409,0.2937293729372937
Olmo-3-7B-Instruct,olmo3rlvr,centre,journaliste,mobile16,hors famille,3,False,1,,0.5432,0.6585411016349161,0.6607217013092038,0.6616780489930182,0.2998679867986798,0.016501650165016507,,,
Olmo-3-7B-Instruct,olmo3rlvr,centre,journaliste,incom16,hors famille,5,False,1,,0.7722,0.6481063947978956,0.6502524424627892,0.6563408816129138,0.3557755775577558,0.029702970297029736,,,
Olmo-3-7B-Instruct,olmo3rlvr,centre,journaliste,dwelown16,hors famille,3,False,1,,0.5432,0.4713263405548477,0.472887023801718,0.4760753303053079,0.4767656765676568,0.013201320132013201,,,
Olmo-3-7B-Instruct,olmo3rlvr,centre,journaliste,divorced,hors famille,2,False,1,,0.42780000000000007,0.40937163023233025,0.410727165431775,0.41216002788397654,0.02287128712871289,0.003300330033003257,,,
Olmo-3-7B-Instruct,olmo3rlvr,centre,journaliste,posslq/y,hors famille,4,False,1,,0.7032,0.6762735679508546,0.6785128844010229,0.6660567046803691,0.23399339933993393,0.0231023102310231,,,
Olmo-3-7B-Instruct,olmo3rlvr,centre,journaliste,wrkstat,hors famille,8,False,1,,0.8522000000000001,0.7897264974022156,0.7923414858042096,0.7896829286889085,0.3477887788778878,0.04620462046204621,,,
Olmo-3-7B-Instruct,olmo3rlvr,centre,journaliste,evwork,hors famille,2,False,1,,0.47119999999999995,0.19923972595279338,0.19989946014469004,0.20939123615331834,0.5077887788778878,0.00660066006600659,,,
Olmo-3-7B-Instruct,olmo3rlvr,centre,journaliste,wrkgovt1,hors famille,2,False,1,,0.29520000000000013,0.2575346643575247,0.258387428146788,0.2575346643575247,0.028184818481848242,0.0,,,
Olmo-3-7B-Instruct,olmo3rlvr,centre,journaliste,wrkgovt2,hors famille,2,False,1,,0.4992,0.48583472208607004,0.4874434463313881,0.48897166944417225,0.10415841584158417,0.009900990099009882,,,
Olmo-3-7B-Instruct,olmo3rlvr,centre,journaliste,partfull,hors famille,3,False,1,,0.5897999999999999,0.6335762289100197,0.6356741634428343,0.6244921521855156,0.2064356435643565,0.029702970297029715,,,
Olmo-3-7B-Instruct,olmo3rlvr,centre,journaliste,wksub1,hors famille,3,False,1,,0.6392,0.643379189404089,0.6455095840709899,0.622945462863118,0.21584158415841587,0.04620462046204621,,,
Olmo-3-7B-Instruct,olmo3rlvr,centre,journaliste,wksup1,hors famille,3,False,1,,0.6392,0.6232504438562669,0.6253141870478439,0.6182400418259648,0.23894389438943897,0.009900990099009868,,,
Olmo-3-7B-Instruct,olmo3rlvr,centre,journaliste,conarmy,confiance dans les institutions (con*),3,False,1,,0.6482000000000001,0.5893539849034408,0.5913054881647104,0.5841693080199111,0.12524752475247525,0.04290429042904289,0.5599999999999999,0.6831683168316831,0.6716171617161716
Olmo-3-7B-Instruct,olmo3rlvr,centre,journaliste,conbus,confiance dans les institutions (con*),3,False,1,,0.6482000000000001,0.5544990142578614,0.5563351037090464,0.5287499046934396,0.23118811881188117,0.029702970297029695,0.5599999999999999,0.41254125412541254,0.4075907590759076
Olmo-3-7B-Instruct,olmo3rlvr,centre,journaliste,conclerg,confiance dans les institutions (con*),3,False,1,,0.6242,0.5701837510483723,0.5720717767140953,0.572362186713721,0.274950495049505,0.08250825082508254,0.52,0.2904290429042904,0.33168316831683164
Olmo-3-7B-Instruct,olmo3rlvr,centre,journaliste,coneduc,confiance dans les institutions (con*),3,False,1,,0.6482000000000001,0.5541722489080592,0.5560072563547745,0.5477022949819735,0.18396039603960396,0.009900990099009896,0.44,0.4636963696369637,0.457095709570957
Olmo-3-7B-Instruct,olmo3rlvr,centre,journaliste,confed,confiance dans les institutions (con*),3,False,1,,0.6482000000000001,0.5904432027361153,0.59239831267895,0.5975666873618055,0.23778877887788774,0.026402640264026396,0.44,0.6468646864686468,0.6254125412541254
Olmo-3-7B-Instruct,olmo3rlvr,centre,journaliste,confinan,confiance dans les institutions (con*),3,False,1,,0.6482000000000001,0.5814244790815715,0.5833497257010468,0.5783746691500833,0.15198019801980195,0.009900990099009882,0.5599999999999999,0.4834983498349835,0.4752475247524752
Olmo-3-7B-Instruct,olmo3rlvr,centre,journaliste,conjudge,confiance dans les institutions (con*),3,False,1,,0.6482000000000001,0.6028820703852563,0.6048783686315651,0.5913145770022548,0.1882838283828383,0.019801980198019764,0.5599999999999999,0.42079207920792083,0.4207920792079207
Olmo-3-7B-Instruct,olmo3rlvr,centre,journaliste,conlabor,confiance dans les institutions (con*),3,False,1,,0.6482000000000001,0.5342395625701185,0.5360085677441917,0.550316417780392,0.21036303630363035,0.026402640264026403,0.44,0.5066006600660066,0.523102310231023
Olmo-3-7B-Instruct,olmo3rlvr,centre,journaliste,conlegis,confiance dans les institutions (con*),3,False,1,,0.6482000000000001,0.5809016545218879,0.582825169934212,0.5550436231741988,0.2542904290429043,0.06930693069306929,,,
Olmo-3-7B-Instruct,olmo3rlvr,centre,journaliste,conmedic,confiance dans les institutions (con*),3,False,1,,0.6482000000000001,0.5768497641843393,0.578759862741241,0.5923602261216221,0.1177887788778878,0.05280528052805284,0.44,0.3795379537953795,0.3564356435643564
Olmo-3-7B-Instruct,olmo3rlvr,centre,journaliste,conpress,confiance dans les institutions (con*),3,False,1,,0.6482000000000001,0.5640405624720889,0.5659082464537845,0.5764140770512696,0.2773927392739273,0.016501650165016493,0.44,0.6864686468646863,0.6732673267326732
Olmo-3-7B-Instruct,olmo3rlvr,centre,journaliste,consci,confiance dans les institutions (con*),3,False,1,,0.6482000000000001,0.5888747290570643,0.5908246453784453,0.5823394220610181,0.12438943894389437,0.033003300330033,0.44,0.33003300330033,0.3399339933993399
Olmo-3-7B-Instruct,olmo3rlvr,centre,journaliste,contv,confiance dans les institutions (con*),3,False,1,,0.6482000000000001,0.570532300754828,0.5724214805586518,0.5827315404807808,0.26749174917491747,0.01650165016501655,,,
Olmo-3-7B-Instruct,olmo3rlvr,centre,journaliste,joblose,hors famille,5,False,1,,0.7846,0.6558616257665371,0.6580333530041745,0.6545763487239813,0.3087788778877888,0.013201320132013201,,,
Olmo-3-7B-Instruct,olmo3rlvr,centre,journaliste,jobfind,hors famille,4,False,1,,0.6682,0.6965765883519046,0.6988831333464472,0.6881242579703516,0.34435643564356433,0.013201320132013195,,,
Olmo-3-7B-Instruct,olmo3rlvr,centre,journaliste,happy,hors famille,3,False,1,,0.5962,0.5862606062586457,0.5882018665442703,0.5736692481129302,0.01537953795379532,0.04620462046204621,,,
Olmo-3-7B-Instruct,olmo3rlvr,centre,journaliste,hapmar,hors famille,4,False,1,,0.7365999999999999,0.5918156172052849,0.5937752715668917,0.5968695879488939,0.42085808580858086,0.02640264026402642,,,
Olmo-3-7B-Instruct,olmo3rlvr,centre,journaliste,satjob,hors famille,5,False,1,,0.7718,0.684791251402368,0.6870587721023758,0.7011730876057904,0.17089108910891082,0.059405940594059424,,,
Olmo-3-7B-Instruct,olmo3rlvr,centre,journaliste,spdeg*,hors famille,6,True,1,"somme 110.0 hors de [95, 105]",,,,,,,,,
Olmo-3-7B-Instruct,olmo3rlvr,centre,journaliste,spjew,hors famille,5,False,1,,0.5217999999999999,0.4401093574704006,0.4415666732236138,0.428999335577122,0.22709570957095704,0.052805280528052834,,,
Olmo-3-7B-Instruct,olmo3rlvr,centre,journaliste,spfund,hors famille,4,False,1,,0.6142,0.44372556067487945,0.4451948506108889,0.44004400440044,0.6430693069306931,0.016501650165016545,,,
Olmo-3-7B-Instruct,olmo3rlvr,centre,journaliste,unemp,hors famille,2,False,1,,0.29520000000000013,0.47838447211057744,0.4799685266539899,0.49171649838251164,0.216039603960396,0.03960396039603961,,,
Olmo-3-7B-Instruct,olmo3rlvr,centre,journaliste,union1,hors famille,4,True,1,"somme 90.0 hors de [95, 105]",,,,,,,,,
Olmo-3-7B-Instruct,olmo3rlvr,centre,journaliste,spkath/y,libertes civiles (spk/col/lib),2,False,1,,0.4992,0.35530285701837516,0.356479356544926,0.37582372098596006,0.288976897689769,0.01980198019801982,0.52,0.231023102310231,0.2508250825082508
Olmo-3-7B-Instruct,olmo3rlvr,centre,journaliste,colath,libertes civiles (spk/col/lib),2,False,1,,0.45499999999999996,0.3917263013430057,0.39302340830109506,0.4228779313574922,0.3826732673267327,0.0363036303630363,0.65,0.2673267326732673,0.3036303630363036
Olmo-3-7B-Instruct,olmo3rlvr,centre,journaliste,spkrac/y,libertes civiles (spk/col/lib),2,False,1,,0.4608,0.497598274678953,0.49924595108517467,0.4990796109313902,0.10534653465346533,0.013201320132013222,,,
Olmo-3-7B-Instruct,olmo3rlvr,centre,journaliste,colrac,libertes civiles (spk/col/lib),2,False,1,,0.4608,0.4487577470618349,0.4502436998666754,0.4466228801097931,0.020066006600660075,0.0033003300330033125,,,
Olmo-3-7B-Instruct,olmo3rlvr,centre,journaliste,librac/y,libertes civiles (spk/col/lib),2,False,1,,0.42780000000000007,0.4954198390136044,0.49706030205669577,0.4965961942728927,0.14214521452145212,0.0066006600660065695,,,
Olmo-3-7B-Instruct,olmo3rlvr,centre,journaliste,spkcom/y,libertes civiles (spk/col/lib),2,False,1,,0.45499999999999996,0.4508490453005697,0.45234192293401526,0.4352950146499799,0.30676567656765674,0.023102310231023132,0.65,0.3432343234323432,0.3201320132013201
Olmo-3-7B-Instruct,olmo3rlvr,centre,journaliste,colcom/y,libertes civiles (spk/col/lib),2,False,1,,0.45499999999999996,0.4568615277369322,0.4583743142526174,0.4444444444444444,0.0031353135313531566,0.019801980198019792,0.35,0.3531353135313531,0.3333333333333333
Olmo-3-7B-Instruct,olmo3rlvr,centre,journaliste,libcom/y,libertes civiles (spk/col/lib),2,False,1,,0.46619999999999995,0.4036641287891165,0.4050007649771599,0.4228779313574922,0.08947194719471951,0.023102310231023132,0.37,0.2805280528052805,0.3036303630363036
Olmo-3-7B-Instruct,olmo3rlvr,centre,journaliste,spkhomo/y,libertes civiles (spk/col/lib),2,False,1,,0.4992,0.15140127874173537,0.15190260747929077,0.16773954623185094,0.43749174917491757,0.009900990099009965,0.52,0.0825082508250825,0.0924092409240924
Olmo-3-7B-Instruct,olmo3rlvr,centre,journaliste,colhomo,libertes civiles (spk/col/lib),2,False,1,,0.4488,0.1458680521517497,0.14635105894695416,0.16233702578178622,0.5807920792079209,0.009900990099009965,0.66,0.0792079207920792,0.0891089108910891
Olmo-3-7B-Instruct,olmo3rlvr,centre,journaliste,libhomo/y,libertes civiles (spk/col/lib),2,False,1,,0.42780000000000007,0.25291638074698564,0.2537538522064127,0.29713862475356434,0.16148514851485152,0.03300330033003297,0.31,0.1485148514851485,0.1815181518151815
Olmo-3-7B-Instruct,olmo3rlvr,centre,journaliste,cappun,hors famille,2,False,1,,0.4838,0.42026380855907375,0.42165541057417,0.4228779313574922,0.28966996699669967,0.0033003300330033125,0.41,0.6996699669966997,0.6963696369636964
Olmo-3-7B-Instruct,olmo3rlvr,centre,journaliste,polhitok/y,hors famille,2,False,1,,0.42780000000000007,0.4810421636223028,0.4826350184687342,0.4835255802808004,0.2873597359735974,0.006600660066006597,0.31,0.5973597359735974,0.5907590759075908
Olmo-3-7B-Instruct,olmo3rlvr,centre,journaliste,polabuse/y,hors famille,2,False,1,,0.45499999999999996,0.11754838850221683,0.11793762157672746,0.14029125684845734,0.28729372937293723,0.013201320132013222,0.35,0.0627062706270627,0.0759075907590759
Olmo-3-7B-Instruct,olmo3rlvr,centre,journaliste,polattak/y,hors famille,2,False,1,,0.42780000000000007,0.46065200579463883,0.4621773435621707,0.4487577470618349,0.33026402640264024,0.01980198019801982,0.31,0.6402640264026402,0.6600660066006601
Olmo-3-7B-Instruct,olmo3rlvr,centre,journaliste,grass,hors famille,2,False,1,,0.4992,0.38863292269821037,0.38991978668065475,0.37251249877463,0.255973597359736,0.016501650165016493,0.52,0.264026402640264,0.2475247524752475
Olmo-3-7B-Instruct,olmo3rlvr,centre,journaliste,gunlaw,hors famille,2,False,1,,0.47119999999999995,0.4568615277369322,0.4583743142526174,0.4466228801097931,0.26686468646864686,0.016501650165016535,0.62,0.3531353135313531,0.3366336633663366
Olmo-3-7B-Instruct,olmo3rlvr,centre,journaliste,owngun,hors famille,2,False,1,,0.42780000000000007,0.40074502499754927,0.40207199527899806,0.41216002788397654,0.0327722772277228,0.013201320132013167,,,
Olmo-3-7B-Instruct,olmo3rlvr,centre,journaliste,hunt1,hors famille,4,False,1,,0.5624,0.19009029615832873,0.19071973422507815,0.21799605703144576,0.2776897689768977,0.016501650165016493,,,
Olmo-3-7B-Instruct,olmo3rlvr,centre,journaliste,class,hors famille,4,False,1,,0.6881999999999999,0.672265246326613,0.6744912901886216,0.656972627955865,0.3435643564356436,0.0627062706270627,,,
Olmo-3-7B-Instruct,olmo3rlvr,centre,journaliste,satfin,hors famille,3,False,1,,0.6392,0.6575825899421626,0.659760015736673,0.6497402215469072,0.11023102310231025,0.04950495049504949,,,
Olmo-3-7B-Instruct,olmo3rlvr,centre,journaliste,finalter,hors famille,3,False,1,,0.6574,0.6313106558180572,0.6334010884532163,0.6456665468527052,0.07514851485148516,0.04950495049504948,,,
Olmo-3-7B-Instruct,olmo3rlvr,centre,journaliste,finrela,hors famille,5,False,1,,0.7722,0.6935485627770698,0.6958450811968613,0.7175549238092127,0.3748844884488449,0.10891089108910894,,,
Olmo-3-7B-Instruct,olmo3rlvr,centre,journaliste,racdif1,hors famille,2,False,1,,0.47119999999999995,0.4997331416309948,0.5013878871330841,0.4997331416309948,0.10844884488448847,0.0,0.62,0.5115511551155115,0.5115511551155115
Olmo-3-7B-Instruct,olmo3rlvr,centre,journaliste,racdif2,hors famille,2,False,1,,0.29520000000000013,0.1346708928318574,0.13511682294057215,0.1458680521517497,0.10739273927392742,0.006600660066006583,0.18,0.0726072607260726,0.0792079207920792
Olmo-3-7B-Instruct,olmo3rlvr,centre,journaliste,racdif3,hors famille,2,False,1,,0.42780000000000007,0.4869239399187444,0.4885362708456276,0.492544303935344,0.10914191419141908,0.01980198019801982,0.69,0.5808580858085809,0.5610561056105611
Olmo-3-7B-Instruct,olmo3rlvr,centre,journaliste,racdif4,hors famille,2,False,1,,0.1472,0.4279754708144081,0.4293926081349856,0.4328987354180962,0.23023102310231022,0.0066006600660065695,0.08,0.3102310231023102,0.3168316831683168
Olmo-3-7B-Instruct,olmo3rlvr,centre,journaliste,wlthwhts,hors famille,7,True,1,"somme 110.0 hors de [95, 105]",,,,,,,,,
Olmo-3-7B-Instruct,olmo3rlvr,centre,journaliste,wlthblks,hors famille,7,True,1,"somme 110.0 hors de [95, 105]",,,,,,,,,
Olmo-3-7B-Instruct,olmo3rlvr,centre,journaliste,wlthhsps,hors famille,7,True,1,"somme 120.0 hors de [95, 105]",,,,,,,,,
Olmo-3-7B-Instruct,olmo3rlvr,centre,journaliste,racwork,hors famille,7,True,1,"somme 110.0 hors de [95, 105]",,,,,,,,,
Olmo-3-7B-Instruct,olmo3rlvr,centre,journaliste,letin1a,hors famille,5,False,1,,0.7682,0.7041357601106646,0.7064673354752694,0.701064165822523,0.18118811881188115,0.029702970297029726,0.5175000000000001,0.6443894389438943,0.6402640264026402
Olmo-3-7B-Instruct,olmo3rlvr,centre,journaliste,getahead,hors famille,3,False,1,,0.6536,0.5466566458626061,0.548466767206522,0.5377686283479832,0.32059405940594055,0.023102310231023142,0.5,0.6749174917491749,0.6666666666666666
Olmo-3-7B-Instruct,olmo3rlvr,centre,journaliste,aged,hors famille,3,False,1,,0.6634,0.5147207790085939,0.5164251524490197,0.487577470618349,0.3203630363036304,0.029702970297029736,,,
Olmo-3-7B-Instruct,olmo3rlvr,centre,journaliste,parsol,hors famille,5,False,1,,0.7896000000000001,0.7637595442712588,0.7662885493847397,0.7754577437941814,0.26066006600660063,0.07260726072607263,,,
Olmo-3-7B-Instruct,olmo3rlvr,centre,journaliste,kidssol,hors famille,6,False,1,,0.825,0.8080907100611052,0.8107665071142877,0.8075678855014214,0.19488448844884487,0.0627062706270627,,,
Olmo-3-7B-Instruct,olmo3rlvr,centre,journaliste,spanking,hors famille,4,False,1,,0.6682,0.7247873302181704,0.7271872882652504,0.7199294186844427,0.33115511551155113,0.03960396039603961,0.29666666666666663,0.5192519251925193,0.5269526952695269
Olmo-3-7B-Instruct,olmo3rlvr,centre,journaliste,divlaw,hors famille,3,False,1,,0.6574,0.6126632465226722,0.614691932769436,0.622139441666939,0.12818481848184815,0.016501650165016493,0.485,0.38778877887788776,0.3976897689768977
Olmo-3-7B-Instruct,olmo3rlvr,centre,journaliste,sexeduc,hors famille,2,False,1,,0.4949999999999999,0.2291714319946847,0.2299302777959916,0.18368569530220347,0.31798679867986795,0.029702970297029715,0.45,0.132013201320132,0.1023102310231023
Olmo-3-7B-Instruct,olmo3rlvr,centre,journaliste,pillok,hors famille,4,False,1,,0.6202,0.6929821695040792,0.6952768124494569,0.6943327996165953,0.4895709570957096,0.006600660066006583,0.6366666666666667,0.3784378437843784,0.38283828382838275
Olmo-3-7B-Instruct,olmo3rlvr,centre,journaliste,xmarsex,hors famille,4,True,1,"somme 90.0 hors de [95, 105]",,,,,,,,,
Olmo-3-7B-Instruct,olmo3rlvr,centre,journaliste,homosex,hors famille,4,True,1,"somme 90.0 hors de [95, 105]",,,,,,,,,
Olmo-3-7B-Instruct,olmo3rlvr,centre,journaliste,marhomo,hors famille,5,True,1,"somme 90.0 hors de [95, 105]",,,,,,,,,
Olmo-3-7B-Instruct,olmo3rlvr,centre,journaliste,discaff,hors famille,3,False,1,,0.5834,0.5802045551089763,0.5821257622450987,0.5912274395756407,0.04244224422442245,0.02640264026402643,0.3,0.30693069306930687,0.3135313531353135
Olmo-3-7B-Instruct,olmo3rlvr,centre,journaliste,abdefect,avortement (ab*),2,False,1,,0.4992,0.2575346643575247,0.258387428146788,0.2755721116666122,0.36818481848184825,0.013201320132013222,0.52,0.1518151815181518,0.165016501650165
Olmo-3-7B-Instruct,olmo3rlvr,centre,journaliste,abnomore,avortement (ab*),2,False,1,,0.4992,0.4279754708144081,0.4293926081349856,0.47973510222309357,0.2097689768976898,0.08910891089108908,0.52,0.3102310231023102,0.3993399339933993
Olmo-3-7B-Instruct,olmo3rlvr,centre,journaliste,abhlth,avortement (ab*),2,False,1,,0.4967999999999999,0.12900696010195056,0.12943413546652655,0.12900696010195056,0.39069306930693076,0.0,0.46,0.0693069306930693,0.0693069306930693
Olmo-3-7B-Instruct,olmo3rlvr,centre,journaliste,abpoor,avortement (ab*),2,False,1,,0.4967999999999999,0.4149048568223159,0.41627871396411165,0.4508490453005697,0.1662706270627063,0.04950495049504955,0.46,0.2937293729372937,0.3432343234323432
Olmo-3-7B-Instruct,olmo3rlvr,centre,journaliste,abrape,avortement (ab*),2,False,1,,0.4992,0.16773954623185094,0.16829497519288356,0.17309849796860877,0.4275907590759076,0.0033003300330033195,0.52,0.0924092409240924,0.0957095709570957
Olmo-3-7B-Instruct,olmo3rlvr,centre,journaliste,absingle,avortement (ab*),2,False,1,,0.4992,0.4549009356381183,0.4564072301269862,0.4879695890381117,0.1701650165016502,0.0726072607260726,0.52,0.3498349834983498,0.4224422442244224
Olmo-3-7B-Instruct,olmo3rlvr,centre,journaliste,abany,avortement (ab*),2,False,1,,0.4992,0.46601095753139676,0.4675540401722292,0.4769902732847542,0.15036303630363038,0.023102310231023077,0.52,0.3696369636963696,0.3927392739273927
Olmo-3-7B-Instruct,olmo3rlvr,centre,journaliste,letdie1,fin de vie (suicide/letdie),2,False,1,,0.4758,0.35530285701837516,0.356479356544926,0.37582372098596006,0.37897689768976894,0.01980198019801982,0.61,0.231023102310231,0.2508250825082508
Olmo-3-7B-Instruct,olmo3rlvr,centre,journaliste,suicide1,fin de vie (suicide/letdie),2,False,1,,0.42780000000000007,0.3444542474049386,0.3455948243831006,0.35883192279624,0.4688778877887788,0.013201320132013167,0.69,0.2211221122112211,0.2343234323432343
Olmo-3-7B-Instruct,olmo3rlvr,centre,journaliste,suicide2,fin de vie (suicide/letdie),2,False,1,,0.42780000000000007,0.38231545926869925,0.38358140449806577,0.35530285701837516,0.05257425742574262,0.02640264026402639,0.69,0.7425742574257426,0.768976897689769
Olmo-3-7B-Instruct,olmo3rlvr,centre,journaliste,suicide3,fin de vie (suicide/letdie),2,False,1,,0.42780000000000007,0.3917263013430057,0.39302340830109506,0.3691577078499928,0.04267326732673271,0.023102310231023118,0.69,0.7326732673267327,0.7557755775577558
Olmo-3-7B-Instruct,olmo3rlvr,centre,journaliste,suicide4,fin de vie (suicide/letdie),2,False,1,,0.4032,0.4677101373503687,0.4692588464144427,0.4568615277369322,0.09293729372937287,0.019801980198019764,0.72,0.6270627062706271,0.6468646864686468
Olmo-3-7B-Instruct,olmo3rlvr,centre,journaliste,pornlaw,hors famille,3,False,1,,0.6546000000000001,0.4658802513914757,0.46742290123052027,0.49692295962269484,0.2532673267326733,0.03630363036303632,0.52,0.6171617161716172,0.6254125412541254
Olmo-3-7B-Instruct,olmo3rlvr,centre,journaliste,fair,hors famille,3,False,1,,0.6346,0.6374974131076475,0.6396083316940966,0.6399154766961845,0.27528052805280523,0.07590759075907594,,,
Olmo-3-7B-Instruct,olmo3rlvr,centre,journaliste,helpful,hors famille,3,False,1,,0.6346,0.6575825899421626,0.659760015736673,0.6467993333986866,0.16613861386138612,0.039603960396039584,,,
Olmo-3-7B-Instruct,olmo3rlvr,centre,journaliste,trust,hors famille,3,False,1,,0.6634,0.583864327026762,0.5857976526129434,0.6015096559160867,0.24138613861386138,0.04950495049504955,,,
Olmo-3-7B-Instruct,olmo3rlvr,centre,journaliste,tax,hors famille,3,False,1,,0.6574,0.4798658083630146,0.4814547679933557,0.4658366826781689,0.3203630363036304,0.016501650165016493,0.515,0.8052805280528053,0.8168316831683168
Olmo-3-7B-Instruct,olmo3rlvr,centre,journaliste,vote16,hors famille,3,False,1,,0.565,0.5565903124965962,0.5584333267763862,0.5253515450554957,0.01105610561056105,0.03300330033003297,,,
Olmo-3-7B-Instruct,olmo3rlvr,centre,journaliste,pres16,hors famille,4,False,1,,0.655,0.687252883704212,0.689528555504557,0.6970122754849744,0.3191419141914192,0.02970297029702971,,,
Olmo-3-7B-Instruct,olmo3rlvr,centre,journaliste,if16who,hors famille,3,False,1,,0.635,0.6582361206417672,0.6604157104452166,0.6565805095361021,0.10676567656765676,0.013201320132013222,,,
Olmo-3-7B-Instruct,olmo3rlvr,centre,journaliste,news,hors famille,5,False,1,,0.7866,0.7172063741027568,0.7195812296461433,0.7338278382293675,0.17224422442244225,0.0363036303630363,,,
Olmo-3-7B-Instruct,olmo3rlvr,centre,journaliste,jew,hors famille,5,False,1,,0.7054,0.5021729895761853,0.5038358140449806,0.4101994357851628,0.26419141914191424,0.08580858085808578,,,
Olmo-3-7B-Instruct,olmo3rlvr,centre,journaliste,relig16*,hors famille,5,False,1,,0.76,0.7645655654674379,0.7670972395252771,0.7664172357829843,0.19145214521452145,0.066006600660066,,,
Olmo-3-7B-Instruct,olmo3rlvr,centre,journaliste,jew16*,hors famille,5,False,1,,0.7041999999999999,0.468211177553399,0.46976154569099304,0.4040344628522259,0.24306930693069306,0.05610561056105612,,,
Olmo-3-7B-Instruct,olmo3rlvr,centre,journaliste,attend,hors famille,9,False,1,,0.7998846597462514,0.6971865503382022,0.6994951150744213,0.7097125554139574,0.5948359541836538,0.0495049504950495,,,
Olmo-3-7B-Instruct,olmo3rlvr,centre,journaliste,pray,hors famille,6,False,1,,0.7691051933476176,0.8031674454574171,0.8058269403099251,0.8035813482338333,0.1848184818481848,0.02310231023102309,,,
Olmo-3-7B-Instruct,olmo3rlvr,centre,journaliste,postlife,hors famille,2,False,1,,0.45499999999999996,0.40653966386737683,0.40788582169475224,0.37251249877463,0.3661716171617162,0.03630363036303631,,,
Olmo-3-7B-Instruct,olmo3rlvr,centre,journaliste,bible,hors famille,3,False,1,,0.6482,0.6418107157250379,0.643935916770485,0.6228583254365041,0.10316831683168316,0.04290429042904287,,,
Olmo-3-7B-Instruct,olmo3rlvr,centre,journaliste,reborn,hors famille,3,False,1,,0.42620000000000013,0.648215316581163,0.6503617249142132,0.6462111557690423,0.27775577557755776,0.006600660066006597,,,
Olmo-3-7B-Instruct,olmo3rlvr,centre,journaliste,savesoul,hors famille,2,False,1,,0.4421999999999999,0.42026380855907375,0.42165541057417,0.4328987354180962,0.029669966996699687,0.01650165016501648,,,
Olmo-3-7B-Instruct,olmo3rlvr,centre,journaliste,granborn,hors famille,5,False,1,,0.6262,0.5946911522835452,0.596660328284484,0.6076746288490236,0.562970297029703,0.023102310231023142,,,
Olmo-3-7B-Instruct,olmo3rlvr,centre,journaliste,uscitzn*,hors famille,2,False,1,,0.2550000000000001,0.0,0.0,0.006578875709353005,0.15000000000000002,0.003300330033003265,,,
Olmo-3-7B-Instruct,olmo3rlvr,centre,journaliste,fucitzn,hors famille,5,False,1,,0.7154,0.0,0.0,0.019649489701445644,0.63,0.00990099009900996,,,
Olmo-3-7B-Instruct,olmo3rlvr,centre,journaliste,mnthsusa,hors famille,6,False,1,,0.6466,0.038819723556514196,0.03894826568749603,0.05167249398207141,0.8001980198019804,0.006600660066006585,,,
Olmo-3-7B-Instruct,olmo3rlvr,centre,journaliste,income,hors famille,12,False,1,,0.8815156942218871,0.7080569443082922,0.7104015037265315,0.7218464420699495,0.30318177448812844,0.0594059405940594,,,
Olmo-3-7B-Instruct,olmo3rlvr,centre,journaliste,othlang,hors famille,2,False,1,,0.4421999999999999,0.35883192279624,0.36002010797106193,0.3517302225272032,0.43567656765676577,0.006600660066006583,,,
Olmo-3-7B-Instruct,olmo3rlvr,centre,journaliste,health,hors famille,4,False,1,,0.7422,0.6039930725745842,0.6059930496360895,0.6069775294361119,0.3077557755775578,0.056105610561056105,,,
Olmo-3-7B-Instruct,olmo3rlvr,centre,journaliste,compuse*,hors famille,2,False,1,,0.38480000000000003,0.08212702458364629,0.08239896837365836,0.12900696010195056,0.2170957095709572,0.026402640264026393,,,
Olmo-3-7B-Instruct,olmo3rlvr,centre,journaliste,webmob,hors famille,2,False,1,,0.4421999999999999,0.032458691413695506,0.03256617052433688,0.06997135357100093,0.3134983498349836,0.01980198019801992,,,
Olmo-3-7B-Instruct,olmo3rlvr,centre,journaliste,xmovie,hors famille,2,False,1,,0.47119999999999995,0.4677101373503687,0.4692588464144427,0.4823056563082051,0.007062706270627106,0.03300330033003304,,,
Olmo-3-7B-Instruct,olmo3rlvr,centre,journaliste,usewww*,hors famille,2,False,1,,0.4421999999999999,0.032458691413695506,0.03256617052433688,0.038819723556514196,0.3134983498349836,0.003300330033003375,,,
Olmo-3-7B-Instruct,olmo3rlvr,centre,journaliste,life,hors famille,3,False,1,,0.5922,0.5185548257796078,0.5202718947391428,0.5158317811979217,0.19079207920792074,0.03960396039603964,,,
Olmo-3-7B-Instruct,olmo3rlvr,centre,journaliste,richwork,hors famille,2,False,1,,0.46619999999999995,0.47097779084839186,0.4725373199571613,0.47838447211057744,0.009537953795379556,0.01650165016501648,,,
Olmo-3-7B-Instruct,olmo3rlvr,centre,adversaire,natspac/y,depenses publiques (nat*),3,False,1,,0.6546000000000001,0.5941683277238615,0.596135772517649,0.607696413205677,0.13508250825082507,0.04620462046204621,0.48,0.5528052805280528,0.5808580858085808
Olmo-3-7B-Instruct,olmo3rlvr,centre,adversaire,natenvir/y,depenses publiques (nat*),3,False,1,,0.6546000000000001,0.4427452646254725,0.44421130854807334,0.46352754087289916,0.3962706270627063,0.033003300330032986,0.48,0.17656765676567654,0.18646864686468645
Olmo-3-7B-Instruct,olmo3rlvr,centre,adversaire,natheal/y,depenses publiques (nat*),3,False,1,,0.6546000000000001,0.4368199196157241,0.43826634319061053,0.3936868934418194,0.3830693069306931,0.06600660066006604,0.48,0.16336633663366334,0.14356435643564355
Olmo-3-7B-Instruct,olmo3rlvr,centre,adversaire,natcity/y,depenses publiques (nat*),3,False,1,,0.6546000000000001,0.6171072552799834,0.619150656787533,0.641767147011731,0.0948514851485149,0.05280528052805285,0.48,0.5082508250825082,0.504950495049505
Olmo-3-7B-Instruct,olmo3rlvr,centre,adversaire,natdrug/y,depenses publiques (nat*),3,False,1,,0.6546000000000001,0.5409273600627389,0.5427185102616221,0.5376379222080623,0.24775577557755776,0.0033003300330033195,0.48,0.2524752475247525,0.24917491749174916
Olmo-3-7B-Instruct,olmo3rlvr,centre,adversaire,nateduc/y,depenses publiques (nat*),3,False,1,,0.6477999999999999,0.46065200579463894,0.46217734356217083,0.4717184589746103,0.3764686468646865,0.013201320132013167,0.47,0.18646864686468645,0.19306930693069305
Olmo-3-7B-Instruct,olmo3rlvr,centre,adversaire,natrace/y,depenses publiques (nat*),3,False,1,,0.6546000000000001,0.631746342951127,0.6338382182589121,0.6239039745558715,0.07198019801980195,0.019801980198019806,0.48,0.429042904290429,0.41254125412541254
Olmo-3-7B-Instruct,olmo3rlvr,centre,adversaire,natarms/y,depenses publiques (nat*),3,False,1,,0.6546000000000001,0.6169111960701021,0.61895394837497,0.6195906719384809,0.11528052805280528,0.006600660066006611,0.52,0.44719471947194717,0.45214521452145207
Olmo-3-7B-Instruct,olmo3rlvr,centre,adversaire,nataid/y,depenses publiques (nat*),3,False,1,,0.6546000000000001,0.39451469899465197,0.3958210390575481,0.4076070973433976,0.47257425742574255,0.01650165016501648,0.48,0.858085808580858,0.8465346534653465
Olmo-3-7B-Instruct,olmo3rlvr,centre,adversaire,natfare/y,depenses publiques (nat*),3,False,1,,0.6546000000000001,0.40745460684682333,0.40880379428671343,0.39473254256118684,0.4292739273927393,0.00990099009900991,0.48,0.15676567656765675,0.1485148514851485
Olmo-3-7B-Instruct,olmo3rlvr,centre,adversaire,natroad,depenses publiques (nat*),3,False,1,,0.6546000000000001,0.5754337810018627,0.5773391908727298,0.5910313803657594,0.18089108910891083,0.046204620462046195,0.48,0.33168316831683164,0.32838283828382836
Olmo-3-7B-Instruct,olmo3rlvr,centre,adversaire,natsoc,depenses publiques (nat*),3,False,1,,0.6546000000000001,0.46378895315274105,0.4653246781631805,0.4593449443954296,0.34346534653465355,0.03630363036303631,0.48,0.1815181518151815,0.17986798679867982
Olmo-3-7B-Instruct,olmo3rlvr,centre,adversaire,natmass,depenses publiques (nat*),3,False,1,,0.6546000000000001,0.5503164177803919,0.5521386575743666,0.5643019747519307,0.17099009900990103,0.046204620462046195,0.48,0.38943894389438943,0.36303630363036304
Olmo-3-7B-Instruct,olmo3rlvr,centre,adversaire,natpark,depenses publiques (nat*),3,False,1,,0.6477999999999999,0.43642780119596125,0.43787292636548425,0.48993018113692566,0.2728712871287129,0.05940594059405936,0.47,0.4158415841584158,0.3927392739273927
Olmo-3-7B-Instruct,olmo3rlvr,centre,adversaire,natchld,depenses publiques (nat*),3,False,1,,0.6546000000000001,0.5512313607598384,0.5530566301663279,0.5430840113714341,0.21059405940594061,0.0363036303630363,0.48,0.2755775577557755,0.25742574257425743
Olmo-3-7B-Instruct,olmo3rlvr,centre,adversaire,natsci,depenses publiques (nat*),3,False,1,,0.6477999999999999,0.5196004748989751,0.5213210062728127,0.5534751494951475,0.17739273927392737,0.03630363036303631,0.47,0.3795379537953795,0.3910891089108911
Olmo-3-7B-Instruct,olmo3rlvr,centre,adversaire,natenrgy,depenses publiques (nat*),3,False,1,,0.6546000000000001,0.5766537049744579,0.5785631543286779,0.5809016545218879,0.18089108910891089,0.029702970297029722,0.48,0.3085808580858086,0.3036303630363036
Olmo-3-7B-Instruct,olmo3rlvr,centre,adversaire,uswary,hors famille,2,False,1,,0.42780000000000007,0.4940692089010881,0.49570519965903864,0.4869239399187444,0.24445544554455448,0.02640264026402639,,,
Olmo-3-7B-Instruct,olmo3rlvr,centre,adversaire,prayer,hors famille,2,False,1,,0.48,0.4624818917535317,0.46401328874609304,0.47254626452744286,0.036963696369637034,0.01980198019801982,0.4,0.363036303630363,0.3828382838283828
Olmo-3-7B-Instruct,olmo3rlvr,centre,adversaire,courts,hors famille,3,False,1,,0.6546000000000001,0.5815551852214924,0.5834808646427556,0.5920988138417802,0.2712541254125413,0.016501650165016507,0.48,0.7062706270627063,0.693069306930693
Olmo-3-7B-Instruct,olmo3rlvr,centre,adversaire,discaffw,hors famille,4,False,1,,0.6849999999999999,0.6964023134986767,0.6987082814241689,0.6857933318084284,0.24075907590759077,0.03300330033003298,0.5833333333333333,0.45214521452145207,0.4279427942794279
Olmo-3-7B-Instruct,olmo3rlvr,centre,adversaire,discaffm,hors famille,4,False,1,,0.705,0.690825518195384,0.6931130199112626,0.6920672265246327,0.04636963696369635,0.036303630363036306,0.4000000000000001,0.36853685368536854,0.38833883388338836
Olmo-3-7B-Instruct,olmo3rlvr,centre,adversaire,fehire,roles de genre (fe*),5,True,1,"somme 90.0 hors de [95, 105]",,,,,,,,,
Olmo-3-7B-Instruct,olmo3rlvr,centre,adversaire,fechld,roles de genre (fe*),4,False,1,,0.7222,0.6313542245313641,0.6334448014337858,0.6357110958620615,0.4484818481848184,0.0396039603960396,0.5966666666666667,0.2926292629262926,0.27722772277227714
Olmo-3-7B-Instruct,olmo3rlvr,centre,adversaire,fepresch,roles de genre (fe*),4,False,1,,0.6592,0.6070646668627259,0.6090748147662448,0.6510037142328093,0.07029702970297028,0.0627062706270627,0.3866666666666667,0.3432343234323433,0.34543454345434543
Olmo-3-7B-Instruct,olmo3rlvr,centre,adversaire,fefam,roles de genre (fe*),4,False,1,,0.6202,0.6642921717914366,0.6664918147443883,0.6799769085819474,0.10524752475247529,0.033003300330032986,0.3633333333333334,0.37073707370737075,0.3883388338833883
Olmo-3-7B-Instruct,olmo3rlvr,centre,adversaire,fepol,roles de genre (fe*),2,False,1,,0.4992,0.3657593482120489,0.3669704718816252,0.4149048568223159,0.23907590759075906,0.05280528052805278,0.48,0.2409240924092409,0.2937293729372937
Olmo-3-7B-Instruct,olmo3rlvr,centre,adversaire,mobile16,hors famille,3,False,1,,0.635,0.6585411016349161,0.6607217013092038,0.6616780489930182,0.07722772277227724,0.016501650165016507,,,
Olmo-3-7B-Instruct,olmo3rlvr,centre,adversaire,incom16,hors famille,5,False,1,,0.7522,0.6481063947978956,0.6502524424627892,0.6563408816129138,0.2857755775577558,0.029702970297029736,,,
Olmo-3-7B-Instruct,olmo3rlvr,centre,adversaire,dwelown16,hors famille,3,False,1,,0.5897999999999999,0.4713263405548477,0.472887023801718,0.4760753303053079,0.3467656765676568,0.013201320132013201,,,
Olmo-3-7B-Instruct,olmo3rlvr,centre,adversaire,divorced,hors famille,2,False,1,,0.4351999999999999,0.40937163023233025,0.410727165431775,0.41216002788397654,0.032871287128712845,0.003300330033003257,,,
Olmo-3-7B-Instruct,olmo3rlvr,centre,adversaire,posslq/y,hors famille,4,False,1,,0.685,0.6762735679508546,0.6785128844010229,0.6660567046803691,0.28399339933993395,0.0231023102310231,,,
Olmo-3-7B-Instruct,olmo3rlvr,centre,adversaire,wrkstat,hors famille,8,False,1,,0.8444896449704142,0.7897264974022156,0.7923414858042096,0.7896829286889085,0.3685580096471185,0.04620462046204621,,,
Olmo-3-7B-Instruct,olmo3rlvr,centre,adversaire,evwork,hors famille,2,False,1,,0.47119999999999995,0.19923972595279338,0.19989946014469004,0.20939123615331834,0.26778877887788777,0.00660066006600659,,,
Olmo-3-7B-Instruct,olmo3rlvr,centre,adversaire,wrkgovt1,hors famille,2,False,1,,0.29520000000000013,0.2575346643575247,0.258387428146788,0.2575346643575247,0.028184818481848242,0.0,,,
Olmo-3-7B-Instruct,olmo3rlvr,centre,adversaire,wrkgovt2,hors famille,2,False,1,,0.4421999999999999,0.48583472208607004,0.4874434463313881,0.48897166944417225,0.08584158415841586,0.009900990099009882,,,
Olmo-3-7B-Instruct,olmo3rlvr,centre,adversaire,partfull,hors famille,3,False,1,,0.47919999999999985,0.6335762289100197,0.6356741634428343,0.6244921521855156,0.2564356435643565,0.029702970297029715,,,
Olmo-3-7B-Instruct,olmo3rlvr,centre,adversaire,wksub1,hors famille,3,False,1,,0.585,0.643379189404089,0.6455095840709899,0.622945462863118,0.2658415841584159,0.04620462046204621,,,
Olmo-3-7B-Instruct,olmo3rlvr,centre,adversaire,wksup1,hors famille,3,False,1,,0.5751999999999999,0.6232504438562669,0.6253141870478439,0.6182400418259648,0.338943894389439,0.009900990099009868,,,
Olmo-3-7B-Instruct,olmo3rlvr,centre,adversaire,conarmy,confiance dans les institutions (con*),3,False,1,,0.6177999999999999,0.5893539849034408,0.5913054881647104,0.5841693080199111,0.16524752475247526,0.04290429042904289,0.56,0.6831683168316831,0.6716171617161716
Olmo-3-7B-Instruct,olmo3rlvr,centre,adversaire,conbus,confiance dans les institutions (con*),3,False,1,,0.6177999999999999,0.5544990142578614,0.5563351037090464,0.5287499046934396,0.19118811881188116,0.029702970297029695,0.56,0.41254125412541254,0.4075907590759076
Olmo-3-7B-Instruct,olmo3rlvr,centre,adversaire,conclerg,confiance dans les institutions (con*),3,False,1,,0.6177999999999999,0.5701837510483723,0.5720717767140953,0.572362186713721,0.314950495049505,0.08250825082508254,0.56,0.2904290429042904,0.33168316831683164
Olmo-3-7B-Instruct,olmo3rlvr,centre,adversaire,coneduc,confiance dans les institutions (con*),3,False,1,,0.635,0.5541722489080592,0.5560072563547745,0.5477022949819735,0.15396039603960393,0.009900990099009896,0.42500000000000004,0.4636963696369637,0.457095709570957
Olmo-3-7B-Instruct,olmo3rlvr,centre,adversaire,confed,confiance dans les institutions (con*),3,False,1,,0.635,0.5904432027361153,0.59239831267895,0.5975666873618055,0.23778877887788774,0.026402640264026396,0.42500000000000004,0.6468646864686468,0.6254125412541254
Olmo-3-7B-Instruct,olmo3rlvr,centre,adversaire,confinan,confiance dans les institutions (con*),3,False,1,,0.635,0.5814244790815715,0.5833497257010468,0.5783746691500833,0.15198019801980195,0.009900990099009882,0.575,0.4834983498349835,0.4752475247524752
Olmo-3-7B-Instruct,olmo3rlvr,centre,adversaire,conjudge,confiance dans les institutions (con*),3,False,1,,0.6177999999999999,0.6028820703852563,0.6048783686315651,0.5913145770022548,0.14828382838283832,0.019801980198019764,0.56,0.42079207920792083,0.4207920792079207
Olmo-3-7B-Instruct,olmo3rlvr,centre,adversaire,conlabor,confiance dans les institutions (con*),3,False,1,,0.635,0.5342395625701185,0.5360085677441917,0.550316417780392,0.18036303630363035,0.026402640264026403,0.42500000000000004,0.5066006600660066,0.523102310231023
Olmo-3-7B-Instruct,olmo3rlvr,centre,adversaire,conlegis,confiance dans les institutions (con*),3,False,1,,0.6177999999999999,0.5809016545218879,0.582825169934212,0.5550436231741988,0.2852475247524753,0.06930693069306929,,,
Olmo-3-7B-Instruct,olmo3rlvr,centre,adversaire,conmedic,confiance dans les institutions (con*),3,False,1,,0.6177999999999999,0.5768497641843393,0.578759862741241,0.5923602261216221,0.0777887788778878,0.05280528052805284,0.44,0.3795379537953795,0.3564356435643564
Olmo-3-7B-Instruct,olmo3rlvr,centre,adversaire,conpress,confiance dans les institutions (con*),3,False,1,,0.6177999999999999,0.5640405624720889,0.5659082464537845,0.5764140770512696,0.25554455445544555,0.016501650165016493,0.44,0.6864686468646863,0.6732673267326732
Olmo-3-7B-Instruct,olmo3rlvr,centre,adversaire,consci,confiance dans les institutions (con*),3,False,1,,0.6392,0.5888747290570643,0.5908246453784453,0.5823394220610181,0.09438943894389434,0.033003300330033,0.41000000000000003,0.33003300330033,0.3399339933993399
Olmo-3-7B-Instruct,olmo3rlvr,centre,adversaire,contv,confiance dans les institutions (con*),3,False,1,,0.6177999999999999,0.570532300754828,0.5724214805586518,0.5827315404807808,0.23904290429042901,0.01650165016501655,,,
Olmo-3-7B-Instruct,olmo3rlvr,centre,adversaire,joblose,hors famille,5,False,1,,0.7846,0.6558616257665371,0.6580333530041745,0.6545763487239813,0.3087788778877888,0.013201320132013201,,,
Olmo-3-7B-Instruct,olmo3rlvr,centre,adversaire,jobfind,hors famille,4,False,1,,0.6682,0.6965765883519046,0.6988831333464472,0.6881242579703516,0.34435643564356433,0.013201320132013195,,,
Olmo-3-7B-Instruct,olmo3rlvr,centre,adversaire,happy,hors famille,3,True,1,aucune ligne au format demande,,,,,,,,,
Olmo-3-7B-Instruct,olmo3rlvr,centre,adversaire,hapmar,hors famille,4,False,1,,0.6906,0.5918156172052849,0.5937752715668917,0.5968695879488939,0.5008580858085809,0.02640264026402642,,,
Olmo-3-7B-Instruct,olmo3rlvr,centre,adversaire,satjob,hors famille,5,True,1,"somme 90.0 hors de [95, 105]",,,,,,,,,
Olmo-3-7B-Instruct,olmo3rlvr,centre,adversaire,spdeg*,hors famille,6,True,1,"somme 109.0 hors de [95, 105]",,,,,,,,,
Olmo-3-7B-Instruct,olmo3rlvr,centre,adversaire,spjew,hors famille,5,False,1,,0.7696,0.4401093574704006,0.4415666732236138,0.428999335577122,0.47709570957095704,0.052805280528052834,,,
Olmo-3-7B-Instruct,olmo3rlvr,centre,adversaire,spfund,hors famille,4,False,1,,0.6142,0.44372556067487945,0.4451948506108889,0.44004400440044,0.6430693069306931,0.016501650165016545,,,
Olmo-3-7B-Instruct,olmo3rlvr,centre,adversaire,unemp,hors famille,2,False,1,,0.4032,0.47838447211057744,0.4799685266539899,0.49171649838251164,0.116039603960396,0.03960396039603961,,,
Olmo-3-7B-Instruct,olmo3rlvr,centre,adversaire,union1,hors famille,4,False,1,,0.5791999999999999,0.1669553093923255,0.1675081415426312,0.20106961191168615,0.3108910891089109,0.01980198019801975,,,
Olmo-3-7B-Instruct,olmo3rlvr,centre,adversaire,spkath/y,libertes civiles (spk/col/lib),2,False,1,,0.46619999999999995,0.35530285701837516,0.356479356544926,0.37582372098596006,0.13897689768976898,0.01980198019801982,0.37,0.231023102310231,0.2508250825082508
Olmo-3-7B-Instruct,olmo3rlvr,centre,adversaire,colath,libertes civiles (spk/col/lib),2,False,1,,0.4992,0.3917263013430057,0.39302340830109506,0.4228779313574922,0.2526732673267327,0.0363036303630363,0.52,0.2673267326732673,0.3036303630363036
Olmo-3-7B-Instruct,olmo3rlvr,centre,adversaire,spkrac/y,libertes civiles (spk/col/lib),2,False,1,,0.34319999999999995,0.497598274678953,0.49924595108517467,0.4990796109313902,0.3146534653465347,0.013201320132013222,,,
Olmo-3-7B-Instruct,olmo3rlvr,centre,adversaire,colrac,libertes civiles (spk/col/lib),2,False,1,,0.11280000000000001,0.4487577470618349,0.4502436998666754,0.4466228801097931,0.2799339933993399,0.0033003300330033125,,,
Olmo-3-7B-Instruct,olmo3rlvr,centre,adversaire,librac/y,libertes civiles (spk/col/lib),2,False,1,,0.34319999999999995,0.4954198390136044,0.49706030205669577,0.4965961942728927,0.32785478547854785,0.0066006600660065695,,,
Olmo-3-7B-Instruct,olmo3rlvr,centre,adversaire,spkcom/y,libertes civiles (spk/col/lib),2,False,1,,0.34319999999999995,0.4508490453005697,0.45234192293401526,0.4352950146499799,0.12323432343234327,0.023102310231023132,0.22,0.3432343234323432,0.3201320132013201
Olmo-3-7B-Instruct,olmo3rlvr,centre,adversaire,colcom/y,libertes civiles (spk/col/lib),2,False,1,,0.45499999999999996,0.4568615277369322,0.4583743142526174,0.4444444444444444,0.2968646864686469,0.019801980198019792,0.65,0.3531353135313531,0.3333333333333333
Olmo-3-7B-Instruct,olmo3rlvr,centre,adversaire,libcom/y,libertes civiles (spk/col/lib),2,False,1,,0.34319999999999995,0.4036641287891165,0.4050007649771599,0.4228779313574922,0.49947194719471955,0.023102310231023132,0.78,0.2805280528052805,0.3036303630363036
Olmo-3-7B-Instruct,olmo3rlvr,centre,adversaire,spkhomo/y,libertes civiles (spk/col/lib),2,False,1,,0.34319999999999995,0.15140127874173537,0.15190260747929077,0.16773954623185094,0.13749174917491755,0.009900990099009965,0.22,0.0825082508250825,0.0924092409240924
Olmo-3-7B-Instruct,olmo3rlvr,centre,adversaire,colhomo,libertes civiles (spk/col/lib),2,False,1,,0.4992,0.1458680521517497,0.14635105894695416,0.16233702578178622,0.44079207920792085,0.009900990099009965,0.52,0.0792079207920792,0.0891089108910891
Olmo-3-7B-Instruct,olmo3rlvr,centre,adversaire,libhomo/y,libertes civiles (spk/col/lib),2,False,1,,0.4992,0.25291638074698564,0.2537538522064127,0.29713862475356434,0.33148514851485145,0.03300330033003297,0.48,0.1485148514851485,0.1815181518151815
Olmo-3-7B-Instruct,olmo3rlvr,centre,adversaire,cappun,hors famille,2,False,1,,0.4992,0.42026380855907375,0.42165541057417,0.4228779313574922,0.21966996699669972,0.0033003300330033125,0.48,0.6996699669966997,0.6963696369636964
Olmo-3-7B-Instruct,olmo3rlvr,centre,adversaire,polhitok/y,hors famille,2,False,1,,0.42780000000000007,0.4810421636223028,0.4826350184687342,0.4835255802808004,0.2873597359735974,0.006600660066006597,0.31,0.5973597359735974,0.5907590759075908
Olmo-3-7B-Instruct,olmo3rlvr,centre,adversaire,polabuse/y,hors famille,2,False,1,,0.42780000000000007,0.11754838850221683,0.11793762157672746,0.14029125684845734,0.24729372937293728,0.013201320132013222,0.31,0.0627062706270627,0.0759075907590759
Olmo-3-7B-Instruct,olmo3rlvr,centre,adversaire,polattak/y,hors famille,2,False,1,,0.42780000000000007,0.46065200579463883,0.4621773435621707,0.4487577470618349,0.33026402640264024,0.01980198019801982,0.31,0.6402640264026402,0.6600660066006601
Olmo-3-7B-Instruct,olmo3rlvr,centre,adversaire,grass,hors famille,2,False,1,,0.4992,0.38863292269821037,0.38991978668065475,0.37251249877463,0.255973597359736,0.016501650165016493,0.52,0.264026402640264,0.2475247524752475
Olmo-3-7B-Instruct,olmo3rlvr,centre,adversaire,gunlaw,hors famille,2,False,1,,0.4992,0.4568615277369322,0.4583743142526174,0.4466228801097931,0.16686468646864688,0.016501650165016535,0.52,0.3531353135313531,0.3366336633663366
Olmo-3-7B-Instruct,olmo3rlvr,centre,adversaire,owngun,hors famille,2,False,1,,0.47119999999999995,0.40074502499754927,0.40207199527899806,0.41216002788397654,0.10277227722772278,0.013201320132013167,,,
Olmo-3-7B-Instruct,olmo3rlvr,centre,adversaire,hunt1,hors famille,4,False,1,,0.5624,0.19009029615832873,0.19071973422507815,0.21799605703144576,0.2776897689768977,0.016501650165016493,,,
Olmo-3-7B-Instruct,olmo3rlvr,centre,adversaire,class,hors famille,4,False,1,,0.6662,0.672265246326613,0.6744912901886216,0.656972627955865,0.31356435643564357,0.0627062706270627,,,
Olmo-3-7B-Instruct,olmo3rlvr,centre,adversaire,satfin,hors famille,3,False,1,,0.6392,0.6575825899421626,0.659760015736673,0.6497402215469072,0.11023102310231025,0.04950495049504949,,,
Olmo-3-7B-Instruct,olmo3rlvr,centre,adversaire,finalter,hors famille,3,False,1,,0.6634,0.6313106558180572,0.6334010884532163,0.6456665468527052,0.17514851485148514,0.04950495049504948,,,
Olmo-3-7B-Instruct,olmo3rlvr,centre,adversaire,finrela,hors famille,5,True,1,aucune ligne au format demande,,,,,,,,,
Olmo-3-7B-Instruct,olmo3rlvr,centre,adversaire,racdif1,hors famille,2,False,1,,0.4992,0.4997331416309948,0.5013878871330841,0.4997331416309948,0.008448844884488493,0.0,0.52,0.5115511551155115,0.5115511551155115
Olmo-3-7B-Instruct,olmo3rlvr,centre,adversaire,racdif2,hors famille,2,False,1,,0.1472,0.1346708928318574,0.13511682294057215,0.1458680521517497,0.007392739273927383,0.006600660066006583,0.08,0.0726072607260726,0.0792079207920792
Olmo-3-7B-Instruct,olmo3rlvr,centre,adversaire,racdif3,hors famille,2,False,1,,0.42780000000000007,0.4869239399187444,0.4885362708456276,0.492544303935344,0.10914191419141908,0.01980198019801982,0.69,0.5808580858085809,0.5610561056105611
Olmo-3-7B-Instruct,olmo3rlvr,centre,adversaire,racdif4,hors famille,2,False,1,,0.1472,0.4279754708144081,0.4293926081349856,0.4328987354180962,0.23023102310231022,0.0066006600660065695,0.08,0.3102310231023102,0.3168316831683168
Olmo-3-7B-Instruct,olmo3rlvr,centre,adversaire,wlthwhts,hors famille,7,True,1,"somme 93.0 hors de [95, 105]",,,,,,,,,
Olmo-3-7B-Instruct,olmo3rlvr,centre,adversaire,wlthblks,hors famille,7,True,1,"somme 93.0 hors de [95, 105]",,,,,,,,,
Olmo-3-7B-Instruct,olmo3rlvr,centre,adversaire,wlthhsps,hors famille,7,False,1,,0.7771745152354571,0.6341426221830104,0.6362424321902389,0.6882767484669261,0.39492791384401593,0.07590759075907592,,,
Olmo-3-7B-Instruct,olmo3rlvr,centre,adversaire,racwork,hors famille,7,False,1,,0.775,0.7082747878748272,0.7106200686293795,0.710235379973641,0.3828712871287128,0.009900990099009908,,,
Olmo-3-7B-Instruct,olmo3rlvr,centre,adversaire,letin1a,hors famille,5,False,1,,0.7682,0.7041357601106646,0.7064673354752694,0.701064165822523,0.21118811881188115,0.029702970297029726,0.5025,0.6443894389438943,0.6402640264026402
Olmo-3-7B-Instruct,olmo3rlvr,centre,adversaire,getahead,hors famille,3,False,1,,0.6626000000000001,0.5466566458626061,0.548466767206522,0.5377686283479832,0.2705940594059406,0.023102310231023142,0.525,0.6749174917491749,0.6666666666666666
Olmo-3-7B-Instruct,olmo3rlvr,centre,adversaire,aged,hors famille,3,False,1,,0.6634,0.5147207790085939,0.5164251524490197,0.487577470618349,0.3203630363036304,0.029702970297029736,,,
Olmo-3-7B-Instruct,olmo3rlvr,centre,adversaire,parsol,hors famille,5,False,1,,0.7894,0.7637595442712588,0.7662885493847397,0.7754577437941814,0.10066006600660064,0.07260726072607263,,,
Olmo-3-7B-Instruct,olmo3rlvr,centre,adversaire,kidssol,hors famille,6,False,1,,0.7874000000000001,0.8080907100611052,0.8107665071142877,0.8075678855014214,0.17046204620462044,0.0627062706270627,,,
Olmo-3-7B-Instruct,olmo3rlvr,centre,adversaire,spanking,hors famille,4,True,1,"somme 90.0 hors de [95, 105]",,,,,,,,,
Olmo-3-7B-Instruct,olmo3rlvr,centre,adversaire,divlaw,hors famille,3,False,1,,0.6597999999999999,0.6126632465226722,0.614691932769436,0.622139441666939,0.1381848184818481,0.016501650165016493,0.49,0.38778877887788776,0.3976897689768977
Olmo-3-7B-Instruct,olmo3rlvr,centre,adversaire,sexeduc,hors famille,2,False,1,,0.4758,0.2291714319946847,0.2299302777959916,0.18368569530220347,0.25798679867986796,0.029702970297029715,0.39,0.132013201320132,0.1023102310231023
Olmo-3-7B-Instruct,olmo3rlvr,centre,adversaire,pillok,hors famille,4,True,1,"somme 90.0 hors de [95, 105]",,,,,,,,,
Olmo-3-7B-Instruct,olmo3rlvr,centre,adversaire,xmarsex,hors famille,4,True,1,"somme 90.0 hors de [95, 105]",,,,,,,,,
Olmo-3-7B-Instruct,olmo3rlvr,centre,adversaire,homosex,hors famille,4,False,1,,0.5751999999999999,0.5965863913123987,0.5985618429392608,0.5882211983574595,0.48198019801980196,0.03300330033003304,0.3533333333333334,0.3157315731573157,0.2992299229922992
Olmo-3-7B-Instruct,olmo3rlvr,centre,adversaire,marhomo,hors famille,5,False,1,,0.7878000000000001,0.6934614253504559,0.6957576552357222,0.6914572645383351,0.35194719471947195,0.03630363036303631,0.5825,0.2863036303630363,0.2838283828382838
Olmo-3-7B-Instruct,olmo3rlvr,centre,adversaire,discaff,hors famille,3,False,1,,0.58,0.5802045551089763,0.5821257622450987,0.5912274395756407,0.02244224422442244,0.02640264026402643,0.30000000000000004,0.30693069306930687,0.3135313531353135
Olmo-3-7B-Instruct,olmo3rlvr,centre,adversaire,abdefect,avortement (ab*),2,False,1,,0.4992,0.2575346643575247,0.258387428146788,0.2755721116666122,0.36818481848184825,0.013201320132013222,0.52,0.1518151815181518,0.165016501650165
Olmo-3-7B-Instruct,olmo3rlvr,centre,adversaire,abnomore,avortement (ab*),2,False,1,,0.4758,0.4279754708144081,0.4293926081349856,0.47973510222309357,0.0797689768976898,0.08910891089108908,0.39,0.3102310231023102,0.3993399339933993
Olmo-3-7B-Instruct,olmo3rlvr,centre,adversaire,abhlth,avortement (ab*),2,False,1,,0.48,0.12900696010195056,0.12943413546652655,0.12900696010195056,0.33069306930693076,0.0,0.4,0.0693069306930693,0.0693069306930693
Olmo-3-7B-Instruct,olmo3rlvr,centre,adversaire,abpoor,avortement (ab*),2,False,1,,0.4758,0.4149048568223159,0.41627871396411165,0.4508490453005697,0.09627062706270631,0.04950495049504955,0.39,0.2937293729372937,0.3432343234323432
Olmo-3-7B-Instruct,olmo3rlvr,centre,adversaire,abrape,avortement (ab*),2,False,1,,0.4758,0.16773954623185094,0.16829497519288356,0.17309849796860877,0.2975907590759076,0.0033003300330033195,0.39,0.0924092409240924,0.0957095709570957
Olmo-3-7B-Instruct,olmo3rlvr,centre,adversaire,absingle,avortement (ab*),2,False,1,,0.4758,0.4549009356381183,0.4564072301269862,0.4879695890381117,0.04016501650165019,0.0726072607260726,0.39,0.3498349834983498,0.4224422442244224
Olmo-3-7B-Instruct,olmo3rlvr,centre,adversaire,abany,avortement (ab*),2,False,1,,0.4758,0.46601095753139676,0.4675540401722292,0.4769902732847542,0.020363036303630372,0.023102310231023077,0.39,0.3696369636963696,0.3927392739273927
Olmo-3-7B-Instruct,olmo3rlvr,centre,adversaire,letdie1,fin de vie (suicide/letdie),2,False,1,,0.4992,0.35530285701837516,0.356479356544926,0.37582372098596006,0.288976897689769,0.01980198019801982,0.52,0.231023102310231,0.2508250825082508
Olmo-3-7B-Instruct,olmo3rlvr,centre,adversaire,suicide1,fin de vie (suicide/letdie),2,False,1,,0.42780000000000007,0.3444542474049386,0.3455948243831006,0.35883192279624,0.4688778877887788,0.013201320132013167,0.69,0.2211221122112211,0.2343234323432343
Olmo-3-7B-Instruct,olmo3rlvr,centre,adversaire,suicide2,fin de vie (suicide/letdie),2,False,1,,0.42780000000000007,0.38231545926869925,0.38358140449806577,0.35530285701837516,0.05257425742574262,0.02640264026402639,0.69,0.7425742574257426,0.768976897689769
Olmo-3-7B-Instruct,olmo3rlvr,centre,adversaire,suicide3,fin de vie (suicide/letdie),2,False,1,,0.42780000000000007,0.3917263013430057,0.39302340830109506,0.3691577078499928,0.04267326732673271,0.023102310231023118,0.69,0.7326732673267327,0.7557755775577558
Olmo-3-7B-Instruct,olmo3rlvr,centre,adversaire,suicide4,fin de vie (suicide/letdie),2,False,1,,0.42780000000000007,0.4677101373503687,0.4692588464144427,0.4568615277369322,0.06293729372937287,0.019801980198019764,0.69,0.6270627062706271,0.6468646864686468
Olmo-3-7B-Instruct,olmo3rlvr,centre,adversaire,pornlaw,hors famille,3,False,1,,0.6546000000000001,0.4658802513914757,0.46742290123052027,0.49692295962269484,0.2532673267326733,0.03630363036303632,0.52,0.6171617161716172,0.6254125412541254
Olmo-3-7B-Instruct,olmo3rlvr,centre,adversaire,fair,hors famille,3,False,1,,0.6346,0.6374974131076475,0.6396083316940966,0.6399154766961845,0.27528052805280523,0.07590759075907594,,,
Olmo-3-7B-Instruct,olmo3rlvr,centre,adversaire,helpful,hors famille,3,False,1,,0.6634,0.6575825899421626,0.659760015736673,0.6467993333986866,0.12257425742574257,0.039603960396039584,,,
Olmo-3-7B-Instruct,olmo3rlvr,centre,adversaire,trust,hors famille,3,False,1,,0.6634,0.583864327026762,0.5857976526129434,0.6015096559160867,0.24138613861386138,0.04950495049504955,,,
Olmo-3-7B-Instruct,olmo3rlvr,centre,adversaire,tax,hors famille,3,False,1,,0.6437999999999999,0.4798658083630146,0.4814547679933557,0.4658366826781689,0.3203630363036304,0.016501650165016493,0.535,0.8052805280528053,0.8168316831683168
Olmo-3-7B-Instruct,olmo3rlvr,centre,adversaire,vote16,hors famille,3,False,1,,0.46219999999999994,0.5565903124965962,0.5584333267763862,0.5253515450554957,0.11894389438943893,0.03300330033003297,,,
Olmo-3-7B-Instruct,olmo3rlvr,centre,adversaire,pres16,hors famille,4,False,1,,0.655,0.687252883704212,0.689528555504557,0.6970122754849744,0.3191419141914192,0.02970297029702971,,,
Olmo-3-7B-Instruct,olmo3rlvr,centre,adversaire,if16who,hors famille,3,False,1,,0.6546000000000001,0.6582361206417672,0.6604157104452166,0.6565805095361021,0.033234323432343255,0.013201320132013222,,,
Olmo-3-7B-Instruct,olmo3rlvr,centre,adversaire,news,hors famille,5,True,1,aucune ligne au format demande,,,,,,,,,
Olmo-3-7B-Instruct,olmo3rlvr,centre,adversaire,jew,hors famille,5,False,1,,0.7696,0.5021729895761853,0.5038358140449806,0.4101994357851628,0.43419141914191417,0.08580858085808578,,,
Olmo-3-7B-Instruct,olmo3rlvr,centre,adversaire,relig16*,hors famille,5,False,1,,0.7572,0.7645655654674379,0.7670972395252771,0.7664172357829843,0.17174917491749175,0.066006600660066,,,
Olmo-3-7B-Instruct,olmo3rlvr,centre,adversaire,jew16*,hors famille,5,True,1,"somme 90.0 hors de [95, 105]",,,,,,,,,
Olmo-3-7B-Instruct,olmo3rlvr,centre,adversaire,attend,hors famille,9,True,1,"somme 90.0 hors de [95, 105]",,,,,,,,,
Olmo-3-7B-Instruct,olmo3rlvr,centre,adversaire,pray,hors famille,6,True,1,aucune ligne au format demande,,,,,,,,,
Olmo-3-7B-Instruct,olmo3rlvr,centre,adversaire,postlife,hors famille,2,False,1,,0.4992,0.40653966386737683,0.40788582169475224,0.37251249877463,0.2361716171617162,0.03630363036303631,,,
Olmo-3-7B-Instruct,olmo3rlvr,centre,adversaire,bible,hors famille,3,False,1,,0.6546000000000001,0.6418107157250379,0.643935916770485,0.6228583254365041,0.07897689768976895,0.04290429042904287,,,
Olmo-3-7B-Instruct,olmo3rlvr,centre,adversaire,reborn,hors famille,3,False,1,,0.48219999999999996,0.648215316581163,0.6503617249142132,0.6462111557690423,0.22775577557755777,0.006600660066006597,,,
Olmo-3-7B-Instruct,olmo3rlvr,centre,adversaire,savesoul,hors famille,2,False,1,,0.47119999999999995,0.42026380855907375,0.42165541057417,0.4328987354180962,0.0796699669966997,0.01650165016501648,,,
Olmo-3-7B-Instruct,olmo3rlvr,centre,adversaire,granborn,hors famille,5,False,1,,0.7282,0.5946911522835452,0.596660328284484,0.6076746288490236,0.5308580858085808,0.023102310231023142,,,
Olmo-3-7B-Instruct,olmo3rlvr,centre,adversaire,uscitzn*,hors famille,2,False,1,,0.01980000000000004,0.0,0.0,0.006578875709353005,0.010000000000000005,0.003300330033003265,,,
Olmo-3-7B-Instruct,olmo3rlvr,centre,adversaire,fucitzn,hors famille,5,False,1,,0.3315999999999999,0.0,0.0,0.019649489701445644,0.18999999999999997,0.00990099009900996,,,
Olmo-3-7B-Instruct,olmo3rlvr,centre,adversaire,mnthsusa,hors famille,6,False,1,,0.7186,0.038819723556514196,0.03894826568749603,0.05167249398207141,0.8001980198019801,0.006600660066006585,,,
Olmo-3-7B-Instruct,olmo3rlvr,centre,adversaire,income,hors famille,12,True,1,"somme 93.0 hors de [95, 105]",,,,,,,,,
Olmo-3-7B-Instruct,olmo3rlvr,centre,adversaire,othlang,hors famille,2,False,1,,0.21120000000000005,0.35883192279624,0.36002010797106193,0.3517302225272032,0.6456765676567657,0.006600660066006583,,,
Olmo-3-7B-Instruct,olmo3rlvr,centre,adversaire,health,hors famille,4,False,1,,0.7482,0.6039930725745842,0.6059930496360895,0.6069775294361119,0.27858085808580857,0.056105610561056105,,,
Olmo-3-7B-Instruct,olmo3rlvr,centre,adversaire,compuse*,hors famille,2,False,1,,0.34319999999999995,0.08212702458364629,0.08239896837365836,0.12900696010195056,0.17709570957095716,0.026402640264026393,,,
Olmo-3-7B-Instruct,olmo3rlvr,centre,adversaire,webmob,hors famille,2,False,1,,0.34319999999999995,0.032458691413695506,0.03256617052433688,0.06997135357100093,0.20349834983498355,0.01980198019801992,,,
Olmo-3-7B-Instruct,olmo3rlvr,centre,adversaire,xmovie,hors famille,2,False,1,,0.47119999999999995,0.4677101373503687,0.4692588464144427,0.4823056563082051,0.007062706270627106,0.03300330033003304,,,
Olmo-3-7B-Instruct,olmo3rlvr,centre,adversaire,usewww*,hors famille,2,False,1,,0.34319999999999995,0.032458691413695506,0.03256617052433688,0.038819723556514196,0.20349834983498355,0.003300330033003375,,,
Olmo-3-7B-Instruct,olmo3rlvr,centre,adversaire,life,hors famille,3,False,1,,0.6546000000000001,0.5185548257796078,0.5202718947391428,0.5158317811979217,0.2004620462046205,0.03960396039603964,,,
Olmo-3-7B-Instruct,olmo3rlvr,centre,adversaire,richwork,hors famille,2,False,1,,0.48,0.47097779084839186,0.4725373199571613,0.47838447211057744,0.22046204620462043,0.01650165016501648,,,
Olmo-3-7B-Instruct,olmo3rlvr,droite,journaliste,natspac/y,depenses publiques (nat*),3,False,1,,0.655,0.6121897227464074,0.6140392385250975,0.6248911307882131,0.15722891566265057,0.021084337349397533,0.45,0.5496987951807228,0.5391566265060241
Olmo-3-7B-Instruct,olmo3rlvr,droite,journaliste,natenvir/y,depenses publiques (nat*),3,False,1,,0.6597999999999999,0.6627776164900567,0.6647799657845886,0.6561003048337931,0.06349397590361444,0.03313253012048198,0.49,0.4563253012048193,0.4292168674698794
Olmo-3-7B-Instruct,olmo3rlvr,droite,journaliste,natheal/y,depenses publiques (nat*),3,False,1,,0.6546000000000001,0.5467593264624764,0.548411167327922,0.5067317462621572,0.28939759036144586,0.04819277108433733,0.48,0.25903614457831314,0.2259036144578312
Olmo-3-7B-Instruct,olmo3rlvr,droite,journaliste,natcity/y,depenses publiques (nat*),3,False,1,,0.6546000000000001,0.5874764116707796,0.5892512648782442,0.5944984758310351,0.25710843373493975,0.030120481927710815,0.48,0.6987951807228916,0.6867469879518072
Olmo-3-7B-Instruct,olmo3rlvr,droite,journaliste,natdrug/y,depenses publiques (nat*),3,False,1,,0.6546000000000001,0.607707940194513,0.6095439158446475,0.6302983016402962,0.1960240963855422,0.04518072289156631,0.48,0.32831325301204817,0.3659638554216867
Olmo-3-7B-Instruct,olmo3rlvr,droite,journaliste,nateduc/y,depenses publiques (nat*),3,False,1,,0.6177999999999999,0.5686057482943823,0.5703235904342445,0.5760088546958919,0.27433734939759047,0.009036144578313282,0.44,0.2906626506024096,0.2996987951807229
Olmo-3-7B-Instruct,olmo3rlvr,droite,journaliste,natrace/y,depenses publiques (nat*),3,False,1,,0.655,0.5905610393380752,0.5923452116623595,0.5877304398316157,0.24698795180722893,0.021084337349397575,0.45,0.6897590361445782,0.6882530120481927
Olmo-3-7B-Instruct,olmo3rlvr,droite,journaliste,natarms/y,depenses publiques (nat*),3,False,1,,0.655,0.6302620119030338,0.6321661267426201,0.612516330381768,0.09578313253012052,0.036144578313252976,0.55,0.6310240963855421,0.6566265060240963
Olmo-3-7B-Instruct,olmo3rlvr,droite,journaliste,nataid/y,depenses publiques (nat*),3,False,1,,0.655,0.2487117143271882,0.2494631092345211,0.21975250399187107,0.6084337349397592,0.018072289156626453,0.45,0.9171686746987951,0.9307228915662651
Olmo-3-7B-Instruct,olmo3rlvr,droite,journaliste,natfare/y,depenses publiques (nat*),3,False,1,,0.655,0.6179235012338511,0.6197903396061588,0.614675569748875,0.1530120481927712,0.009036144578313199,0.45,0.34638554216867457,0.3403614457831325
Olmo-3-7B-Instruct,olmo3rlvr,droite,journaliste,natroad,depenses publiques (nat*),3,False,1,,0.6546000000000001,0.544073885905066,0.5457176136570451,0.5503520104514443,0.2502409638554217,0.03915662650602406,0.48,0.25451807228915657,0.2680722891566264
Olmo-3-7B-Instruct,olmo3rlvr,droite,journaliste,natsoc,depenses publiques (nat*),3,False,1,,0.6546000000000001,0.49119973871389166,0.49268372583991554,0.475486282479315,0.3436144578313254,0.015060240963855366,0.48,0.20783132530120474,0.19427710843373489
Olmo-3-7B-Instruct,olmo3rlvr,droite,journaliste,natmass,depenses publiques (nat*),3,False,1,,0.6546000000000001,0.5700573377848744,0.5717795653914753,0.5744483959936131,0.1613253012048193,0.015060240963855456,0.48,0.45331325301204817,0.466867469879518
Olmo-3-7B-Instruct,olmo3rlvr,droite,journaliste,natpark,depenses publiques (nat*),3,False,1,,0.6597999999999999,0.49932863986064735,0.5008371856004077,0.49323196400058067,0.25963855421686743,0.02108433734939756,0.49,0.4382530120481927,0.41716867469879515
Olmo-3-7B-Instruct,olmo3rlvr,droite,journaliste,natchld,depenses publiques (nat*),3,False,1,,0.6546000000000001,0.6241834809115981,0.6260692316092163,0.6085788938888081,0.1013253012048193,0.042168674698795205,0.48,0.39156626506024095,0.39457831325301207
Olmo-3-7B-Instruct,olmo3rlvr,droite,journaliste,natsci,depenses publiques (nat*),3,False,1,,0.6546000000000001,0.56241834809116,0.5641174971790487,0.5552511249818551,0.17638554216867475,0.009036144578313227,0.48,0.4849397590361445,0.48644578313253006
Olmo-3-7B-Instruct,olmo3rlvr,droite,journaliste,natenrgy,depenses publiques (nat*),3,False,1,,0.655,0.6592393671069822,0.6612310268263387,0.6511286108288576,0.054819277108433734,0.036144578313253045,0.45,0.5030120481927711,0.5256024096385543
Olmo-3-7B-Instruct,olmo3rlvr,droite,journaliste,uswary,hors famille,2,False,1,,0.45499999999999996,0.4764842502540282,0.47792377971098904,0.4709682101901582,0.2584337349397591,0.01204819277108432,,,
Olmo-3-7B-Instruct,olmo3rlvr,droite,journaliste,prayer,hors famille,2,False,1,,0.21120000000000005,0.5,0.5015105740181269,0.49853026564087677,0.38,0.02710843373493979,0.12,0.5,0.4728915662650602
Olmo-3-7B-Instruct,olmo3rlvr,droite,journaliste,courts,hors famille,3,False,1,,0.6546000000000001,0.4278560023225433,0.42914861864375947,0.39018725504427343,0.4589156626506024,0.030120481927710843,0.48,0.8192771084337349,0.8433734939759037
Olmo-3-7B-Instruct,olmo3rlvr,droite,journaliste,discaffw,hors famille,4,False,1,,0.7101999999999999,0.7227645521846422,0.7249481308921487,0.7196799245173466,0.06265060240963854,0.04216867469879528,0.58,0.5592369477911646,0.5572289156626504
Olmo-3-7B-Instruct,olmo3rlvr,droite,journaliste,discaffm,hors famille,4,False,1,,0.7101999999999999,0.7178472927856003,0.7200160157245297,0.7206053128175353,0.06373493975903616,0.07228915662650601,0.42000000000000004,0.46787148594377503,0.5140562248995983
Olmo-3-7B-Instruct,olmo3rlvr,droite,journaliste,fehire,roles de genre (fe*),5,False,1,,0.7542,0.77821527072144,0.7805663742583628,0.7793402525765714,0.21397590361445784,0.0512048192771084,0.6325,0.5587349397590361,0.5805722891566264
Olmo-3-7B-Instruct,olmo3rlvr,droite,journaliste,fechld,roles de genre (fe*),4,False,1,,0.5726,0.6650457250689505,0.6670549266552617,0.6901400783858325,0.583012048192771,0.045180722891566244,0.6599999999999999,0.33333333333333326,0.3514056224899598
Olmo-3-7B-Instruct,olmo3rlvr,droite,journaliste,fepresch,roles de genre (fe*),4,False,1,,0.6632,0.6896683118014226,0.691751901867288,0.6878538249383075,0.1362650602409639,0.04216867469879516,0.4066666666666667,0.43473895582329314,0.41767068273092367
Olmo-3-7B-Instruct,olmo3rlvr,droite,journaliste,fefam,roles de genre (fe*),4,False,1,,0.5792,0.7126034257511977,0.7147563061915337,0.7143090434025259,0.3150602409638554,0.01204819277108439,0.37333333333333335,0.5110441767068272,0.5210843373493976
Olmo-3-7B-Instruct,olmo3rlvr,droite,journaliste,fepol,roles de genre (fe*),2,False,1,,0.34319999999999995,0.4867723907678908,0.4882430022203618,0.4997096821019016,0.3613253012048193,0.06927710843373494,0.78,0.4186746987951807,0.4879518072289157
Olmo-3-7B-Instruct,olmo3rlvr,droite,journaliste,mobile16,hors famille,3,False,1,,0.5432,0.6639025983451879,0.6659083463764424,0.6631042241254174,0.2555421686746988,0.006024096385542188,,,
Olmo-3-7B-Instruct,olmo3rlvr,droite,journaliste,incom16,hors famille,5,True,1,lettres manquantes : A,,,,,,,,,
Olmo-3-7B-Instruct,olmo3rlvr,droite,journaliste,dwelown16,hors famille,3,False,1,,0.5897999999999999,0.3921287559878066,0.39331343500891786,0.40072942371897224,0.4339759036144579,0.006024096385542223,,,
Olmo-3-7B-Instruct,olmo3rlvr,droite,journaliste,divorced,hors famille,2,False,1,,0.42780000000000007,0.46645013790100165,0.4678593528191316,0.45991798519378724,0.060481927710843375,0.012048192771084376,,,
Olmo-3-7B-Instruct,olmo3rlvr,droite,journaliste,posslq/y,hors famille,4,False,1,,0.6142,0.6408949049208884,0.6428311433043352,0.6377558426476992,0.3572289156626505,0.015060240963855397,,,
Olmo-3-7B-Instruct,olmo3rlvr,droite,journaliste,wrkstat,hors famille,8,True,1,"somme 106.0 hors de [95, 105]",,,,,,,,,
Olmo-3-7B-Instruct,olmo3rlvr,droite,journaliste,evwork,hors famille,2,False,1,,0.4758,0.09174045579910017,0.09201761729698266,0.10255479750326635,0.3418072289156627,0.006024096385542219,,,
Olmo-3-7B-Instruct,olmo3rlvr,droite,journaliste,wrkgovt1,hors famille,2,False,1,,0.4032,0.276437073595587,0.2772722309176281,0.2723907678908406,0.11433734939759044,0.0030120481927710524,,,
Olmo-3-7B-Instruct,olmo3rlvr,droite,journaliste,wrkgovt2,hors famille,2,False,1,,0.4758,0.3896066192480767,0.39078367852072954,0.3951952387864712,0.12493975903614463,0.006024096385542216,,,
Olmo-3-7B-Instruct,olmo3rlvr,droite,journaliste,partfull,hors famille,3,False,1,,0.5234,0.6037705037015532,0.6055945837731591,0.5931376106836987,0.2202409638554217,0.027108433734939777,,,
Olmo-3-7B-Instruct,olmo3rlvr,droite,journaliste,wksub1,hors famille,3,False,1,,0.5781999999999999,0.6181049499201625,0.6199723364758126,0.6096131514007839,0.24951807228915668,0.03614457831325299,,,
Olmo-3-7B-Instruct,olmo3rlvr,droite,journaliste,wksup1,hors famille,3,False,1,,0.5575999999999999,0.6452133836551024,0.6471626688020967,0.6582776890695311,0.30855421686747,0.04819277108433735,,,
Olmo-3-7B-Instruct,olmo3rlvr,droite,journaliste,conarmy,confiance dans les institutions (con*),3,False,1,,0.6482000000000001,0.5507149078240674,0.5523786990863758,0.5664102191900131,0.16975903614457838,0.02710843373493982,0.5599999999999999,0.7274096385542168,0.7168674698795181
Olmo-3-7B-Instruct,olmo3rlvr,droite,journaliste,conbus,confiance dans les institutions (con*),3,False,1,,0.6482000000000001,0.5243141239657427,0.525898154551742,0.5512592538830019,0.2185542168674699,0.033132530120481965,0.5599999999999999,0.46385542168674687,0.45331325301204817
Olmo-3-7B-Instruct,olmo3rlvr,droite,journaliste,conclerg,confiance dans les institutions (con*),3,False,1,,0.6177999999999999,0.6315321527072144,0.633440104830197,0.6302983016402962,0.12024096385542175,0.006024096385542091,0.56,0.45180722891566255,0.4457831325301205
Olmo-3-7B-Instruct,olmo3rlvr,droite,journaliste,coneduc,confiance dans les institutions (con*),3,False,1,,0.6177999999999999,0.5998875018144869,0.6016998507625669,0.6064196545217013,0.1353012048192771,0.054216867469879484,0.44,0.5587349397590362,0.5963855421686747
Olmo-3-7B-Instruct,olmo3rlvr,droite,journaliste,confed,confiance dans les institutions (con*),3,False,1,,0.635,0.5365619102917696,0.5381829432533762,0.5229351139497749,0.3783132530120482,0.024096385542168683,0.42500000000000004,0.7545180722891566,0.7680722891566265
Olmo-3-7B-Instruct,olmo3rlvr,droite,journaliste,confinan,confiance dans les institutions (con*),3,False,1,,0.635,0.5644687182464798,0.5661740618061369,0.5695492814632022,0.16626506024096388,0.021084337349397575,0.575,0.48042168674698793,0.463855421686747
Olmo-3-7B-Instruct,olmo3rlvr,droite,journaliste,conjudge,confiance dans les institutions (con*),3,False,1,,0.635,0.6273588329220496,0.6292541768281587,0.6298265350558863,0.019879518072289146,0.015060240963855373,0.575,0.575301204819277,0.5617469879518072
Olmo-3-7B-Instruct,olmo3rlvr,droite,journaliste,conlabor,confiance dans les institutions (con*),3,False,1,,0.6482000000000001,0.5814341704166063,0.5831907691187713,0.612498185513137,0.2475903614457831,0.04819277108433737,0.44,0.6475903614457831,0.6144578313253012
Olmo-3-7B-Instruct,olmo3rlvr,droite,journaliste,conlegis,confiance dans les institutions (con*),3,False,1,,0.6482000000000001,0.5375780229351139,0.5392021257234376,0.5422412541733199,0.3272289156626506,0.012048192771084324,,,
Olmo-3-7B-Instruct,olmo3rlvr,droite,journaliste,conmedic,confiance dans les institutions (con*),3,False,1,,0.6574,0.6175061692553345,0.619371746805955,0.6062019160981275,0.09927710843373498,0.03313253012048191,0.485,0.4277108433734939,0.4457831325301204
Olmo-3-7B-Instruct,olmo3rlvr,droite,journaliste,conpress,confiance dans les institutions (con*),3,False,1,,0.6177999999999999,0.4544382348671796,0.4558111600480472,0.43346276672956896,0.48771084337349396,0.030120481927710874,0.44,0.8237951807228916,0.8358433734939759
Olmo-3-7B-Instruct,olmo3rlvr,droite,journaliste,consci,confiance dans les institutions (con*),3,False,1,,0.5922,0.6238387284076063,0.6257234375568741,0.594988387284076,0.09409638554216873,0.045180722891566286,0.545,0.4759036144578313,0.45331325301204817
Olmo-3-7B-Instruct,olmo3rlvr,droite,journaliste,contv,confiance dans les institutions (con*),3,False,1,,0.6177999999999999,0.5451988677601974,0.546845994248899,0.5429126143126723,0.3672289156626507,0.027108433734939756,,,
Olmo-3-7B-Instruct,olmo3rlvr,droite,journaliste,joblose,hors famille,5,True,1,"somme 90.0 hors de [95, 105]",,,,,,,,,
Olmo-3-7B-Instruct,olmo3rlvr,droite,journaliste,jobfind,hors famille,4,False,1,,0.7190000000000001,0.7048011322398027,0.7069304407964184,0.7071962548991146,0.05759036144578313,0.03012048192771094,,,
Olmo-3-7B-Instruct,olmo3rlvr,droite,journaliste,happy,hors famille,3,False,1,,0.5922,0.5831216431993033,0.584883340006552,0.5545071853679779,0.059156626506024046,0.06325301204819275,,,
Olmo-3-7B-Instruct,olmo3rlvr,droite,journaliste,hapmar,hors famille,4,False,1,,0.6934,0.6581325301204821,0.6601208459214504,0.6618159384526057,0.37289156626506026,0.027108433734939794,,,
Olmo-3-7B-Instruct,olmo3rlvr,droite,journaliste,satjob,hors famille,5,False,1,,0.777,0.6966177964871534,0.69872238197503,0.7107889388880825,0.32060240963855424,0.04819277108433736,,,
Olmo-3-7B-Instruct,olmo3rlvr,droite,journaliste,spdeg*,hors famille,6,True,1,"somme 110.0 hors de [95, 105]",,,,,,,,,
Olmo-3-7B-Instruct,olmo3rlvr,droite,journaliste,spjew,hors famille,5,False,1,,0.7582,0.5500072579474524,0.5516689112947257,0.5186710698214545,0.4912048192771085,0.03313253012048185,,,
Olmo-3-7B-Instruct,olmo3rlvr,droite,journaliste,spfund,hors famille,4,False,1,,0.7096,0.5531100304833794,0.5547810577658066,0.565303382203513,0.46843373493975915,0.027108433734939753,,,
Olmo-3-7B-Instruct,olmo3rlvr,droite,journaliste,unemp,hors famille,2,False,1,,0.42780000000000007,0.43896066192480765,0.44028682706657446,0.4709682101901582,0.015301204819277103,0.05421686746987947,,,
Olmo-3-7B-Instruct,olmo3rlvr,droite,journaliste,union1,hors famille,4,False,1,,0.5791999999999999,0.13732036580055162,0.13773523095402762,0.12630643054144308,0.32771084337349404,0.006024096385542111,,,
Olmo-3-7B-Instruct,olmo3rlvr,droite,journaliste,spkath/y,libertes civiles (spk/col/lib),2,False,1,,0.34319999999999995,0.3430650312091741,0.3441014814545191,0.33624256060386126,0.00012048192771088595,0.00602409638554216,0.22,0.2198795180722891,0.2138554216867469
Olmo-3-7B-Instruct,olmo3rlvr,droite,journaliste,colath,libertes civiles (spk/col/lib),2,False,1,,0.34319999999999995,0.44511177239076805,0.4464565209478399,0.4279830164029612,0.11433734939759037,0.02409638554216867,0.22,0.3343373493975903,0.3102409638554217
Olmo-3-7B-Instruct,olmo3rlvr,droite,journaliste,spkrac/y,libertes civiles (spk/col/lib),2,False,1,,0.13019999999999987,0.5,0.5015105740181269,0.49274205254753967,0.43000000000000005,0.060240963855421686,,,
Olmo-3-7B-Instruct,olmo3rlvr,droite,journaliste,colrac,libertes civiles (spk/col/lib),2,False,1,,0.11280000000000001,0.4724016548120191,0.4738288501437775,0.4802402380606764,0.32253012048192764,0.01807228915662651,,,
Olmo-3-7B-Instruct,olmo3rlvr,droite,journaliste,librac/y,libertes civiles (spk/col/lib),2,False,1,,0.34319999999999995,0.4764842502540282,0.47792377971098904,0.4709682101901582,0.3884337349397591,0.01204819277108432,,,
Olmo-3-7B-Instruct,olmo3rlvr,droite,journaliste,spkcom/y,libertes civiles (spk/col/lib),2,False,1,,0.13019999999999987,0.46645013790100165,0.4678593528191316,0.43248294382348684,0.5595180722891566,0.054216867469879554,0.93,0.3704819277108434,0.3162650602409638
Olmo-3-7B-Instruct,olmo3rlvr,droite,journaliste,colcom/y,libertes civiles (spk/col/lib),2,False,1,,0.11280000000000001,0.469498475831035,0.4709169002293161,0.4737988096966178,0.3165060240963855,0.009036144578313282,0.06,0.3765060240963855,0.3855421686746988
Olmo-3-7B-Instruct,olmo3rlvr,droite,journaliste,libcom/y,libertes civiles (spk/col/lib),2,False,1,,0.34319999999999995,0.43896066192480765,0.44028682706657446,0.4160981274495573,0.45469879518072287,0.030120481927710885,0.78,0.3253012048192771,0.2951807228915662
Olmo-3-7B-Instruct,olmo3rlvr,droite,journaliste,spkhomo/y,libertes civiles (spk/col/lib),2,False,1,,0.13019999999999987,0.16439250979822884,0.1648891639063806,0.18861590942081574,0.8396385542168676,0.01506024096385545,0.93,0.0903614457831325,0.1054216867469879
Olmo-3-7B-Instruct,olmo3rlvr,droite,journaliste,colhomo,libertes civiles (spk/col/lib),2,False,1,,0.11280000000000001,0.1838438089708232,0.18439922833327282,0.1980512411090145,0.8375903614457831,0.009036144578313282,0.94,0.1024096385542168,0.1114457831325301
Olmo-3-7B-Instruct,olmo3rlvr,droite,journaliste,libhomo/y,libertes civiles (spk/col/lib),2,False,1,,0.46619999999999995,0.3658005516040064,0.3669056892221454,0.3896066192480767,0.12903614457831328,0.02409638554216867,0.37,0.2409638554216867,0.2650602409638554
Olmo-3-7B-Instruct,olmo3rlvr,droite,journaliste,cappun,hors famille,2,False,1,,0.34319999999999995,0.3075010886921179,0.308430095002366,0.29225939904195086,0.03024096385542166,0.01204819277108439,0.78,0.8102409638554217,0.822289156626506
Olmo-3-7B-Instruct,olmo3rlvr,droite,journaliste,polhitok/y,hors famille,2,False,1,,0.13019999999999987,0.3497423428654377,0.35079896625778045,0.32927493104949934,0.7040963855421687,0.01807228915662651,0.07,0.7740963855421686,0.7921686746987951
Olmo-3-7B-Instruct,olmo3rlvr,droite,journaliste,polabuse/y,hors famille,2,False,1,,0.45499999999999996,0.16439250979822884,0.1648891639063806,0.14942299317752927,0.25963855421686755,0.009036144578313275,0.35,0.0903614457831325,0.0813253012048192
Olmo-3-7B-Instruct,olmo3rlvr,droite,journaliste,polattak/y,hors famille,2,False,1,,0.42780000000000007,0.41109014370735963,0.41233210788774444,0.37799390332414007,0.40084337349397586,0.036144578313253045,0.31,0.7108433734939759,0.7469879518072289
Olmo-3-7B-Instruct,olmo3rlvr,droite,journaliste,grass,hors famille,2,False,1,,0.45499999999999996,0.4546378284221222,0.4560113566046664,0.45991798519378724,0.3006024096385542,0.009036144578313227,0.65,0.3493975903614458,0.358433734939759
Olmo-3-7B-Instruct,olmo3rlvr,droite,journaliste,gunlaw,hors famille,2,False,1,,0.34319999999999995,0.4997096821019016,0.5012193790266808,0.4947561329655974,0.26795180722891565,0.03915662650602411,0.22,0.4879518072289157,0.4487951807228915
Olmo-3-7B-Instruct,olmo3rlvr,droite,journaliste,owngun,hors famille,2,False,1,,0.47119999999999995,0.4814196545217013,0.48287409456557356,0.4886594571055305,0.02361445783132532,0.021084337349397547,,,
Olmo-3-7B-Instruct,olmo3rlvr,droite,journaliste,hunt1,hors famille,4,False,1,,0.7242,0.33306720859340977,0.3340734539365923,0.33827478589055016,0.4772289156626507,0.012048192771084362,,,
Olmo-3-7B-Instruct,olmo3rlvr,droite,journaliste,class,hors famille,4,False,1,,0.6632,0.6342901727391493,0.6362064572489353,0.6240746116998114,0.2806024096385542,0.051204819277108383,,,
Olmo-3-7B-Instruct,olmo3rlvr,droite,journaliste,satfin,hors famille,3,False,1,,0.6426000000000001,0.6585680069676295,0.6605576384086194,0.6529430976919728,0.06409638554216869,0.07530120481927705,,,
Olmo-3-7B-Instruct,olmo3rlvr,droite,journaliste,finalter,hors famille,3,False,1,,0.6574,0.6567716649731457,0.6587558693990464,0.6449593554942663,0.12963855421686743,0.04216867469879515,,,
Olmo-3-7B-Instruct,olmo3rlvr,droite,journaliste,finrela,hors famille,5,False,1,,0.7782,0.7258673247205691,0.7280602773632295,0.7071599651618523,0.20722891566265061,0.054216867469879505,,,
Olmo-3-7B-Instruct,olmo3rlvr,droite,journaliste,racdif1,hors famille,2,False,1,,0.29520000000000013,0.32927493104949934,0.33026971936082716,0.318551313688489,0.0278313253012048,0.009036144578313268,0.82,0.7921686746987951,0.8012048192771084
Olmo-3-7B-Instruct,olmo3rlvr,droite,journaliste,racdif2,hors famille,2,False,1,,0.13019999999999987,0.13412686892146897,0.13453208604811995,0.1790354187835681,0.002289156626506035,0.027108433734939735,0.07,0.072289156626506,0.0993975903614457
Olmo-3-7B-Instruct,olmo3rlvr,droite,journaliste,racdif3,hors famille,2,False,1,,0.42780000000000007,0.38675787487298596,0.38792632766716423,0.3719698069385977,0.04795180722891568,0.015060240963855456,0.69,0.7379518072289156,0.7530120481927711
Olmo-3-7B-Instruct,olmo3rlvr,droite,journaliste,racdif4,hors famille,2,False,1,,0.1472,0.4993467847292785,0.5008553852873731,0.5,0.40192771084337353,0.01807228915662651,0.08,0.4819277108433735,0.5
Olmo-3-7B-Instruct,olmo3rlvr,droite,journaliste,wlthwhts,hors famille,7,True,1,"somme 109.0 hors de [95, 105]",,,,,,,,,
Olmo-3-7B-Instruct,olmo3rlvr,droite,journaliste,wlthblks,hors famille,7,True,1,"somme 110.0 hors de [95, 105]",,,,,,,,,
Olmo-3-7B-Instruct,olmo3rlvr,droite,journaliste,wlthhsps,hors famille,7,True,1,"somme 110.0 hors de [95, 105]",,,,,,,,,
Olmo-3-7B-Instruct,olmo3rlvr,droite,journaliste,racwork,hors famille,7,True,1,"somme 110.0 hors de [95, 105]",,,,,,,,,
Olmo-3-7B-Instruct,olmo3rlvr,droite,journaliste,letin1a,hors famille,5,False,1,,0.7682,0.5724343155755552,0.5741637243839407,0.5498802438670345,0.44216867469879517,0.03012048192771089,0.5325,0.8268072289156626,0.8373493975903614
Olmo-3-7B-Instruct,olmo3rlvr,droite,journaliste,getahead,hors famille,3,False,1,,0.6335999999999999,0.4832159965161853,0.48467586357514664,0.5146610538539701,0.20385542168674697,0.05120481927710842,0.62,0.802710843373494,0.7740963855421688
Olmo-3-7B-Instruct,olmo3rlvr,droite,journaliste,aged,hors famille,3,False,1,,0.6335999999999999,0.5617651328204383,0.5634623084482946,0.5104332994629119,0.2862650602409639,0.07530120481927706,,,
Olmo-3-7B-Instruct,olmo3rlvr,droite,journaliste,parsol,hors famille,5,False,1,,0.7896000000000001,0.7805922485121208,0.7829505332508282,0.7898824212512702,0.1660240963855422,0.04819277108433747,,,
Olmo-3-7B-Instruct,olmo3rlvr,droite,journaliste,kidssol,hors famille,6,True,1,"somme 110.0 hors de [95, 105]",,,,,,,,,
Olmo-3-7B-Instruct,olmo3rlvr,droite,journaliste,spanking,hors famille,4,True,1,"somme 90.0 hors de [95, 105]",,,,,,,,,
Olmo-3-7B-Instruct,olmo3rlvr,droite,journaliste,divlaw,hors famille,3,False,1,,0.6597999999999999,0.626796341994484,0.6286899865322317,0.6283749455653942,0.09397590361445783,0.024096385542168752,0.49,0.5240963855421686,0.5436746987951806
Olmo-3-7B-Instruct,olmo3rlvr,droite,journaliste,sexeduc,hors famille,2,False,1,,0.4992,0.4185476847147628,0.4198121792305174,0.4160981274495573,0.22180722891566268,0.003012048192771094,0.52,0.2981927710843373,0.2951807228915662
Olmo-3-7B-Instruct,olmo3rlvr,droite,journaliste,pillok,hors famille,4,False,1,,0.6142,0.733433734939759,0.7356495468277946,0.7341595296850052,0.33614457831325306,0.02409638554216867,0.6566666666666667,0.5572289156626505,0.5572289156626504
Olmo-3-7B-Instruct,olmo3rlvr,droite,journaliste,xmarsex,hors famille,4,True,1,"somme 90.0 hors de [95, 105]",,,,,,,,,
Olmo-3-7B-Instruct,olmo3rlvr,droite,journaliste,homosex,hors famille,4,False,1,,0.5662,0.6549934678472928,0.6569723000764388,0.6633038176803601,0.380843373493976,0.04518072289156626,0.21000000000000002,0.5542168674698795,0.5763052208835341
Olmo-3-7B-Instruct,olmo3rlvr,droite,journaliste,marhomo,hors famille,5,True,1,"somme 90.0 hors de [95, 105]",,,,,,,,,
Olmo-3-7B-Instruct,olmo3rlvr,droite,journaliste,discaff,hors famille,3,False,1,,0.5741999999999999,0.64612062708666,0.6480726531503659,0.6386086514733634,0.1390361445783133,0.01807228915662651,0.395,0.48343373493975894,0.4743975903614457
Olmo-3-7B-Instruct,olmo3rlvr,droite,journaliste,abdefect,avortement (ab*),2,False,1,,0.13019999999999987,0.44511177239076805,0.4464565209478399,0.4509362752213675,0.5956626506024096,0.009036144578313282,0.93,0.3343373493975903,0.3433734939759036
Olmo-3-7B-Instruct,olmo3rlvr,droite,journaliste,abnomore,avortement (ab*),2,False,1,,0.34319999999999995,0.44511177239076805,0.4464565209478399,0.4279830164029612,0.44566265060240967,0.02409638554216867,0.22,0.6656626506024096,0.6897590361445783
Olmo-3-7B-Instruct,olmo3rlvr,droite,journaliste,abhlth,avortement (ab*),2,False,1,,0.48,0.20734141384816374,0.2079678229534452,0.21193206561184508,0.28253012048192777,0.003012048192771115,0.4,0.1174698795180722,0.1204819277108433
Olmo-3-7B-Instruct,olmo3rlvr,droite,journaliste,abpoor,avortement (ab*),2,False,1,,0.34319999999999995,0.452805196690376,0.45417318822116265,0.43025112498185514,0.43361445783132535,0.033132530120481896,0.22,0.6536144578313253,0.6867469879518072
Olmo-3-7B-Instruct,olmo3rlvr,droite,journaliste,abrape,avortement (ab*),2,False,1,,0.34319999999999995,0.3658005516040064,0.3669056892221454,0.375,0.02096385542168673,0.009036144578313282,0.22,0.2409638554216867,0.25
Olmo-3-7B-Instruct,olmo3rlvr,droite,journaliste,absingle,avortement (ab*),2,False,1,,0.34319999999999995,0.43683771229496304,0.4381574636916246,0.4233379300333866,0.457710843373494,0.01807228915662648,0.22,0.677710843373494,0.6957831325301205
Olmo-3-7B-Instruct,olmo3rlvr,droite,journaliste,abany,avortement (ab*),2,False,1,,0.13019999999999987,0.4085317172303673,0.4097659520256252,0.4085317172303673,0.21614457831325304,0.0,0.93,0.713855421686747,0.713855421686747
Olmo-3-7B-Instruct,olmo3rlvr,droite,journaliste,letdie1,fin de vie (suicide/letdie),2,False,1,,0.4032,0.4709682101901582,0.47239107487351223,0.463256641021919,0.3404819277108434,0.015060240963855415,0.72,0.3795180722891566,0.3644578313253012
Olmo-3-7B-Instruct,olmo3rlvr,droite,journaliste,suicide1,fin de vie (suicide/letdie),2,False,1,,0.4032,0.4581942226738278,0.4595784952498817,0.4546378284221222,0.36457831325301204,0.006024096385542105,0.72,0.3554216867469879,0.3493975903614458
Olmo-3-7B-Instruct,olmo3rlvr,droite,journaliste,suicide2,fin de vie (suicide/letdie),2,False,1,,0.35420000000000007,0.22993177529394693,0.2306264332253486,0.23434097837131662,0.0974698795180723,0.003012048192771108,0.77,0.8674698795180723,0.8644578313253012
Olmo-3-7B-Instruct,olmo3rlvr,droite,journaliste,suicide3,fin de vie (suicide/letdie),2,False,1,,0.4032,0.24735084917985195,0.2480981327121174,0.24305051531426902,0.135421686746988,0.003012048192771108,0.72,0.8554216867469879,0.858433734939759
Olmo-3-7B-Instruct,olmo3rlvr,droite,journaliste,suicide4,fin de vie (suicide/letdie),2,False,1,,0.4032,0.3497423428654377,0.35079896625778045,0.3430650312091741,0.054096385542168696,0.00602409638554223,0.72,0.7740963855421686,0.7801204819277109
Olmo-3-7B-Instruct,olmo3rlvr,droite,journaliste,pornlaw,hors famille,3,False,1,,0.5962,0.4994193642038032,0.5009281840352346,0.5375780229351139,0.17783132530120485,0.06325301204819284,0.505,0.6475903614457832,0.6641566265060241
Olmo-3-7B-Instruct,olmo3rlvr,droite,journaliste,fair,hors famille,3,False,1,,0.6346,0.6609268398896793,0.6629235977141195,0.6546850050805633,0.17481927710843376,0.06626506024096379,,,
Olmo-3-7B-Instruct,olmo3rlvr,droite,journaliste,helpful,hors famille,3,False,1,,0.6346,0.6610357091014661,0.6630327958359117,0.6610357091014661,0.08421686746987954,0.045180722891566244,,,
Olmo-3-7B-Instruct,olmo3rlvr,droite,journaliste,trust,hors famille,3,False,1,,0.655,0.5711097401654812,0.5728351472354676,0.5913231238205835,0.18132530120481927,0.05722891566265058,,,
Olmo-3-7B-Instruct,olmo3rlvr,droite,journaliste,tax,hors famille,3,False,1,,0.655,0.41128973726230234,0.41253230444436373,0.4085317172303673,0.3698795180722892,0.003012048192771094,0.55,0.8524096385542168,0.8539156626506024
Olmo-3-7B-Instruct,olmo3rlvr,droite,journaliste,vote16,hors famille,3,False,1,,0.33499999999999996,0.35273624618957766,0.3538019146070689,0.32317825518943244,0.030722891566265082,0.021084337349397613,,,
Olmo-3-7B-Instruct,olmo3rlvr,droite,journaliste,pres16,hors famille,4,False,1,,0.5961999999999998,0.4872260124836696,0.4886979943944964,0.47788140513862676,0.5055421686746989,0.015060240963855432,,,
Olmo-3-7B-Instruct,olmo3rlvr,droite,journaliste,if16who,hors famille,3,False,1,,0.43920000000000003,0.3120010161126433,0.3129436173697812,0.3121643199303237,0.09927710843373497,0.003012048192771101,,,
Olmo-3-7B-Instruct,olmo3rlvr,droite,journaliste,news,hors famille,5,False,1,,0.7864,0.7523769777906809,0.7546500200196559,0.7454456379735811,0.1825301204819278,0.03915662650602406,,,
Olmo-3-7B-Instruct,olmo3rlvr,droite,journaliste,jew,hors famille,5,False,1,,0.6394,0.5322434315575556,0.5338514177556147,0.5326789084047032,0.6383132530120483,0.006024096385542202,,,
Olmo-3-7B-Instruct,olmo3rlvr,droite,journaliste,relig16*,hors famille,5,False,1,,0.7474000000000001,0.7291334010741763,0.7313362210169987,0.7198432283350269,0.2656626506024096,0.02710843373493972,,,
Olmo-3-7B-Instruct,olmo3rlvr,droite,journaliste,jew16*,hors famille,5,False,1,,0.5874,0.4750870953694295,0.4765224038146544,0.4550370155320076,0.6303614457831326,0.01807228915662649,,,
Olmo-3-7B-Instruct,olmo3rlvr,droite,journaliste,attend,hors famille,9,True,1,"somme 84.0 hors de [95, 105]",,,,,,,,,
Olmo-3-7B-Instruct,olmo3rlvr,droite,journaliste,pray,hors famille,6,True,1,"somme 108.0 hors de [95, 105]",,,,,,,,,
Olmo-3-7B-Instruct,olmo3rlvr,droite,journaliste,postlife,hors famille,2,False,1,,0.4032,0.2804470895630715,0.2812943617369781,0.2516148933081723,0.5513253012048193,0.021084337349397617,,,
Olmo-3-7B-Instruct,olmo3rlvr,droite,journaliste,bible,hors famille,3,False,1,,0.6312,0.6308063579619685,0.6327121173515817,0.6251814486863116,0.15481927710843374,0.012048192771084348,,,
Olmo-3-7B-Instruct,olmo3rlvr,droite,journaliste,reborn,hors famille,3,False,1,,0.31120000000000014,0.6224960081289013,0.6243766607214357,0.6145485556684569,0.43445783132530114,0.02710843373493972,,,
Olmo-3-7B-Instruct,olmo3rlvr,droite,journaliste,savesoul,hors famille,2,False,1,,0.4032,0.4997096821019016,0.5012193790266808,0.49992742052547545,0.20795180722891562,0.01807228915662651,,,
Olmo-3-7B-Instruct,olmo3rlvr,droite,journaliste,granborn,hors famille,5,False,1,,0.6642,0.5884199448395994,0.5901976486004441,0.5485375235883294,0.5468674698795182,0.060240963855421645,,,
Olmo-3-7B-Instruct,olmo3rlvr,droite,journaliste,uscitzn*,hors famille,2,False,1,,0.2550000000000001,0.011975613296559384,0.01201179339715322,0.01790898533894625,0.14397590361445795,0.003012048192771167,,,
Olmo-3-7B-Instruct,olmo3rlvr,droite,journaliste,fucitzn,hors famille,5,False,1,,0.7182000000000001,0.02389679198722605,0.023968987733411027,0.023860502249963833,0.6879518072289158,0.00602409638554215,,,
Olmo-3-7B-Instruct,olmo3rlvr,droite,journaliste,mnthsusa,hors famille,6,False,1,,0.6466,0.03549136304253131,0.035598587704291224,0.04715851357236167,0.8019277108433737,0.006024096385542122,,,
Olmo-3-7B-Instruct,olmo3rlvr,droite,journaliste,income,hors famille,12,True,1,"somme 113.0 hors de [95, 105]",,,,,,,,,
Olmo-3-7B-Instruct,olmo3rlvr,droite,journaliste,othlang,hors famille,2,False,1,,0.4032,0.3430650312091741,0.3441014814545191,0.33967194077514884,0.060120481927710925,0.0030120481927710524,,,
Olmo-3-7B-Instruct,olmo3rlvr,droite,journaliste,health,hors famille,4,False,1,,0.7365999999999999,0.6140404993467847,0.6158956065955666,0.5931739004209611,0.20289156626506022,0.04819277108433736,,,
Olmo-3-7B-Instruct,olmo3rlvr,droite,journaliste,compuse*,hors famille,2,False,1,,0.4488,0.0296668602119321,0.029756488188403197,0.04703149949194363,0.3249397590361446,0.009036144578313227,,,
Olmo-3-7B-Instruct,olmo3rlvr,droite,journaliste,webmob,hors famille,2,False,1,,0.4421999999999999,0.05842647699230641,0.05860299202853694,0.052747133110756295,0.2998795180722892,0.003012048192771056,,,
Olmo-3-7B-Instruct,olmo3rlvr,droite,journaliste,xmovie,hors famille,2,False,1,,0.4032,0.43248294382348684,0.4337895388199325,0.4581942226738278,0.03626506024096382,0.039156626506024056,,,
Olmo-3-7B-Instruct,olmo3rlvr,droite,journaliste,usewww*,hors famille,2,False,1,,0.34319999999999995,0.011975613296559384,0.01201179339715322,0.01790898533894625,0.21397590361445792,0.003012048192771167,,,
Olmo-3-7B-Instruct,olmo3rlvr,droite,journaliste,life,hors famille,3,False,1,,0.6546000000000001,0.5412795761358686,0.5429148618643759,0.5057337784874437,0.19469879518072294,0.05120481927710846,,,
Olmo-3-7B-Instruct,olmo3rlvr,droite,journaliste,richwork,hors famille,2,False,1,,0.29520000000000013,0.4934497024241544,0.4949404870236232,0.4953549136304253,0.26277108433734936,0.009036144578313227,,,
Olmo-3-7B-Instruct,olmo3rlvr,droite,adversaire,natspac/y,depenses publiques (nat*),3,False,1,,0.6546000000000001,0.6121897227464074,0.6140392385250975,0.6248911307882131,0.11722891566265059,0.021084337349397533,0.48,0.5496987951807228,0.5391566265060241
Olmo-3-7B-Instruct,olmo3rlvr,droite,adversaire,natenvir/y,depenses publiques (nat*),3,False,1,,0.6597999999999999,0.6627776164900567,0.6647799657845886,0.6561003048337931,0.06349397590361444,0.03313253012048198,0.49,0.4563253012048193,0.4292168674698794
Olmo-3-7B-Instruct,olmo3rlvr,droite,adversaire,natheal/y,depenses publiques (nat*),3,False,1,,0.6177999999999999,0.5467593264624764,0.548411167327922,0.5067317462621572,0.28939759036144586,0.04819277108433733,0.44,0.25903614457831314,0.2259036144578312
Olmo-3-7B-Instruct,olmo3rlvr,droite,adversaire,natcity/y,depenses publiques (nat*),3,False,1,,0.6546000000000001,0.5874764116707796,0.5892512648782442,0.5944984758310351,0.25710843373493975,0.030120481927710815,0.48,0.6987951807228916,0.6867469879518072
Olmo-3-7B-Instruct,olmo3rlvr,droite,adversaire,natdrug/y,depenses publiques (nat*),3,False,1,,0.6546000000000001,0.607707940194513,0.6095439158446475,0.6302983016402962,0.1960240963855422,0.04518072289156631,0.48,0.32831325301204817,0.3659638554216867
Olmo-3-7B-Instruct,olmo3rlvr,droite,adversaire,nateduc/y,depenses publiques (nat*),3,False,1,,0.6177999999999999,0.5686057482943823,0.5703235904342445,0.5760088546958919,0.27433734939759047,0.009036144578313282,0.44,0.2906626506024096,0.2996987951807229
Olmo-3-7B-Instruct,olmo3rlvr,droite,adversaire,natrace/y,depenses publiques (nat*),3,False,1,,0.6597999999999999,0.5905610393380752,0.5923452116623595,0.5877304398316157,0.20698795180722895,0.021084337349397575,0.49,0.6897590361445782,0.6882530120481927
Olmo-3-7B-Instruct,olmo3rlvr,droite,adversaire,natarms/y,depenses publiques (nat*),3,False,1,,0.6597999999999999,0.6302620119030338,0.6321661267426201,0.612516330381768,0.1357831325301205,0.036144578313252976,0.51,0.6310240963855421,0.6566265060240963
Olmo-3-7B-Instruct,olmo3rlvr,droite,adversaire,nataid/y,depenses publiques (nat*),3,False,1,,0.6546000000000001,0.2487117143271882,0.2494631092345211,0.21975250399187107,0.5884337349397591,0.018072289156626453,0.48,0.9171686746987951,0.9307228915662651
Olmo-3-7B-Instruct,olmo3rlvr,droite,adversaire,natfare/y,depenses publiques (nat*),3,False,1,,0.6546000000000001,0.6179235012338511,0.6197903396061588,0.614675569748875,0.19301204819277118,0.009036144578313199,0.48,0.34638554216867457,0.3403614457831325
Olmo-3-7B-Instruct,olmo3rlvr,droite,adversaire,natroad,depenses publiques (nat*),3,False,1,,0.6597999999999999,0.544073885905066,0.5457176136570451,0.5503520104514443,0.2502409638554217,0.03915662650602406,0.49,0.25451807228915657,0.2680722891566264
Olmo-3-7B-Instruct,olmo3rlvr,droite,adversaire,natsoc,depenses publiques (nat*),3,False,1,,0.6177999999999999,0.49119973871389166,0.49268372583991554,0.475486282479315,0.3436144578313254,0.015060240963855366,0.44,0.20783132530120474,0.19427710843373489
Olmo-3-7B-Instruct,olmo3rlvr,droite,adversaire,natmass,depenses publiques (nat*),3,False,1,,0.6546000000000001,0.5700573377848744,0.5717795653914753,0.5744483959936131,0.1613253012048193,0.015060240963855456,0.48,0.45331325301204817,0.466867469879518
Olmo-3-7B-Instruct,olmo3rlvr,droite,adversaire,natpark,depenses publiques (nat*),3,False,1,,0.6597999999999999,0.49932863986064735,0.5008371856004077,0.49323196400058067,0.25963855421686743,0.02108433734939756,0.49,0.4382530120481927,0.41716867469879515
Olmo-3-7B-Instruct,olmo3rlvr,droite,adversaire,natchld,depenses publiques (nat*),3,False,1,,0.6546000000000001,0.6241834809115981,0.6260692316092163,0.6085788938888081,0.1013253012048193,0.042168674698795205,0.48,0.39156626506024095,0.39457831325301207
Olmo-3-7B-Instruct,olmo3rlvr,droite,adversaire,natsci,depenses publiques (nat*),3,False,1,,0.6177999999999999,0.56241834809116,0.5641174971790487,0.5552511249818551,0.09638554216867475,0.009036144578313227,0.44,0.4849397590361445,0.48644578313253006
Olmo-3-7B-Instruct,olmo3rlvr,droite,adversaire,natenrgy,depenses publiques (nat*),3,False,1,,0.6546000000000001,0.6592393671069822,0.6612310268263387,0.6511286108288576,0.031204819277108414,0.036144578313253045,0.48,0.5030120481927711,0.5256024096385543
Olmo-3-7B-Instruct,olmo3rlvr,droite,adversaire,uswary,hors famille,2,False,1,,0.47119999999999995,0.4764842502540282,0.47792377971098904,0.4709682101901582,0.22843373493975908,0.01204819277108432,,,
Olmo-3-7B-Instruct,olmo3rlvr,droite,adversaire,prayer,hors famille,2,False,1,,0.09500000000000008,0.5,0.5015105740181269,0.49853026564087677,0.44999999999999996,0.02710843373493979,0.95,0.5,0.4728915662650602
Olmo-3-7B-Instruct,olmo3rlvr,droite,adversaire,courts,hors famille,3,False,1,,0.6574,0.4278560023225433,0.42914861864375947,0.39018725504427343,0.4489156626506024,0.030120481927710843,0.485,0.8192771084337349,0.8433734939759037
Olmo-3-7B-Instruct,olmo3rlvr,droite,adversaire,discaffw,hors famille,4,False,1,,0.6249999999999999,0.7227645521846422,0.7249481308921487,0.7196799245173466,0.21265060240963854,0.04216867469879528,0.6166666666666667,0.5592369477911646,0.5572289156626504
Olmo-3-7B-Instruct,olmo3rlvr,droite,adversaire,discaffm,hors famille,4,False,1,,0.6249999999999999,0.7178472927856003,0.7200160157245297,0.7206053128175353,0.18373493975903618,0.07228915662650601,0.3833333333333334,0.46787148594377503,0.5140562248995983
Olmo-3-7B-Instruct,olmo3rlvr,droite,adversaire,fehire,roles de genre (fe*),5,False,1,,0.6361999999999999,0.77821527072144,0.7805663742583628,0.7793402525765714,0.3391566265060241,0.0512048192771084,0.63,0.5587349397590361,0.5805722891566264
Olmo-3-7B-Instruct,olmo3rlvr,droite,adversaire,fechld,roles de genre (fe*),4,False,1,,0.715,0.6650457250689505,0.6670549266552617,0.6901400783858325,0.35301204819277104,0.045180722891566244,0.5166666666666666,0.33333333333333326,0.3514056224899598
Olmo-3-7B-Instruct,olmo3rlvr,droite,adversaire,fepresch,roles de genre (fe*),4,False,1,,0.6142,0.6896683118014226,0.691751901867288,0.6878538249383075,0.2036144578313253,0.04216867469879516,0.3433333333333334,0.43473895582329314,0.41767068273092367
Olmo-3-7B-Instruct,olmo3rlvr,droite,adversaire,fefam,roles de genre (fe*),4,False,1,,0.47440000000000004,0.7126034257511977,0.7147563061915337,0.7143090434025259,0.3750602409638554,0.01204819277108439,0.35333333333333333,0.5110441767068272,0.5210843373493976
Olmo-3-7B-Instruct,olmo3rlvr,droite,adversaire,fepol,roles de genre (fe*),2,False,1,,0.34319999999999995,0.4867723907678908,0.4882430022203618,0.4997096821019016,0.3613253012048193,0.06927710843373494,0.78,0.4186746987951807,0.4879518072289157
Olmo-3-7B-Instruct,olmo3rlvr,droite,adversaire,mobile16,hors famille,3,False,1,,0.5432,0.6639025983451879,0.6659083463764424,0.6631042241254174,0.2555421686746988,0.006024096385542188,,,
Olmo-3-7B-Instruct,olmo3rlvr,droite,adversaire,incom16,hors famille,5,True,1,lettres manquantes : A,,,,,,,,,
Olmo-3-7B-Instruct,olmo3rlvr,droite,adversaire,dwelown16,hors famille,3,False,1,,0.5897999999999999,0.3921287559878066,0.39331343500891786,0.40072942371897224,0.4339759036144579,0.006024096385542223,,,
Olmo-3-7B-Instruct,olmo3rlvr,droite,adversaire,divorced,hors famille,2,False,1,,0.42780000000000007,0.46645013790100165,0.4678593528191316,0.45991798519378724,0.060481927710843375,0.012048192771084376,,,
Olmo-3-7B-Instruct,olmo3rlvr,droite,adversaire,posslq/y,hors famille,4,True,1,"somme 90.0 hors de [95, 105]",,,,,,,,,
Olmo-3-7B-Instruct,olmo3rlvr,droite,adversaire,wrkstat,hors famille,8,False,1,,0.8173999999999999,0.7597800841921906,0.7620754923015326,0.7502903178980985,0.44481927710843383,0.0301204819277109,,,
Olmo-3-7B-Instruct,olmo3rlvr,droite,adversaire,evwork,hors famille,2,False,1,,0.47119999999999995,0.09174045579910017,0.09201761729698266,0.10255479750326635,0.33180722891566267,0.006024096385542219,,,
Olmo-3-7B-Instruct,olmo3rlvr,droite,adversaire,wrkgovt1,hors famille,2,False,1,,0.42780000000000007,0.276437073595587,0.2772722309176281,0.2723907678908406,0.14433734939759044,0.0030120481927710524,,,
Olmo-3-7B-Instruct,olmo3rlvr,droite,adversaire,wrkgovt2,hors famille,2,False,1,,0.4758,0.3896066192480767,0.39078367852072954,0.3951952387864712,0.12493975903614463,0.006024096385542216,,,
Olmo-3-7B-Instruct,olmo3rlvr,droite,adversaire,partfull,hors famille,3,False,1,,0.5781999999999999,0.6037705037015532,0.6055945837731591,0.5931376106836987,0.1802409638554217,0.027108433734939777,,,
Olmo-3-7B-Instruct,olmo3rlvr,droite,adversaire,wksub1,hors famille,3,False,1,,0.585,0.6181049499201625,0.6199723364758126,0.6096131514007839,0.22951807228915666,0.03614457831325299,,,
Olmo-3-7B-Instruct,olmo3rlvr,droite,adversaire,wksup1,hors famille,3,False,1,,0.585,0.6452133836551024,0.6471626688020967,0.6582776890695311,0.33614457831325306,0.04819277108433735,,,
Olmo-3-7B-Instruct,olmo3rlvr,droite,adversaire,conarmy,confiance dans les institutions (con*),3,False,1,,0.5549999999999999,0.5507149078240674,0.5523786990863758,0.5664102191900131,0.3650602409638555,0.02710843373493982,0.44999999999999996,0.7274096385542168,0.7168674698795181
Olmo-3-7B-Instruct,olmo3rlvr,droite,adversaire,conbus,confiance dans les institutions (con*),3,False,1,,0.5922,0.5243141239657427,0.525898154551742,0.5512592538830019,0.0885542168674699,0.033132530120481965,0.455,0.46385542168674687,0.45331325301204817
Olmo-3-7B-Instruct,olmo3rlvr,droite,adversaire,conclerg,confiance dans les institutions (con*),3,False,1,,0.5549999999999999,0.6315321527072144,0.633440104830197,0.6302983016402962,0.12409638554216865,0.006024096385542091,0.44999999999999996,0.45180722891566255,0.4457831325301205
Olmo-3-7B-Instruct,olmo3rlvr,droite,adversaire,coneduc,confiance dans les institutions (con*),3,False,1,,0.5549999999999999,0.5998875018144869,0.6016998507625669,0.6064196545217013,0.0668674698795181,0.054216867469879484,0.55,0.5587349397590362,0.5963855421686747
Olmo-3-7B-Instruct,olmo3rlvr,droite,adversaire,confed,confiance dans les institutions (con*),3,False,1,,0.5549999999999999,0.5365619102917696,0.5381829432533762,0.5229351139497749,0.3283132530120482,0.024096385542168683,0.55,0.7545180722891566,0.7680722891566265
Olmo-3-7B-Instruct,olmo3rlvr,droite,adversaire,confinan,confiance dans les institutions (con*),3,False,1,,0.5549999999999999,0.5644687182464798,0.5661740618061369,0.5695492814632022,0.0337349397590361,0.021084337349397575,0.44999999999999996,0.48042168674698793,0.463855421686747
Olmo-3-7B-Instruct,olmo3rlvr,droite,adversaire,conjudge,confiance dans les institutions (con*),3,False,1,,0.585,0.6273588329220496,0.6292541768281587,0.6298265350558863,0.19036144578313258,0.015060240963855373,0.42500000000000004,0.575301204819277,0.5617469879518072
Olmo-3-7B-Instruct,olmo3rlvr,droite,adversaire,conlabor,confiance dans les institutions (con*),3,False,1,,0.54,0.5814341704166063,0.5831907691187713,0.612498185513137,0.09999999999999992,0.04819277108433737,0.6,0.6475903614457831,0.6144578313253012
Olmo-3-7B-Instruct,olmo3rlvr,droite,adversaire,conlegis,confiance dans les institutions (con*),3,False,1,,0.5549999999999999,0.5375780229351139,0.5392021257234376,0.5422412541733199,0.3072289156626506,0.012048192771084324,,,
Olmo-3-7B-Instruct,olmo3rlvr,droite,adversaire,conmedic,confiance dans les institutions (con*),3,False,1,,0.5549999999999999,0.6175061692553345,0.619371746805955,0.6062019160981275,0.17530120481927713,0.03313253012048191,0.55,0.4277108433734939,0.4457831325301204
Olmo-3-7B-Instruct,olmo3rlvr,droite,adversaire,conpress,confiance dans les institutions (con*),3,False,1,,0.5549999999999999,0.4544382348671796,0.4558111600480472,0.43346276672956896,0.42771084337349397,0.030120481927710874,0.55,0.8237951807228916,0.8358433734939759
Olmo-3-7B-Instruct,olmo3rlvr,droite,adversaire,consci,confiance dans les institutions (con*),3,False,1,,0.5741999999999999,0.6238387284076063,0.6257234375568741,0.594988387284076,0.15409638554216873,0.045180722891566286,0.605,0.4759036144578313,0.45331325301204817
Olmo-3-7B-Instruct,olmo3rlvr,droite,adversaire,contv,confiance dans les institutions (con*),3,False,1,,0.5549999999999999,0.5451988677601974,0.546845994248899,0.5429126143126723,0.30722891566265065,0.027108433734939756,,,
Olmo-3-7B-Instruct,olmo3rlvr,droite,adversaire,joblose,hors famille,5,False,1,,0.78,0.6388626796341995,0.6407927783642122,0.6566990854986211,0.42831325301204815,0.03915662650602417,,,
Olmo-3-7B-Instruct,olmo3rlvr,droite,adversaire,jobfind,hors famille,4,False,1,,0.6562,0.7048011322398027,0.7069304407964184,0.7071962548991146,0.28265060240963863,0.03012048192771094,,,
Olmo-3-7B-Instruct,olmo3rlvr,droite,adversaire,happy,hors famille,3,True,1,aucune ligne au format demande,,,,,,,,,
Olmo-3-7B-Instruct,olmo3rlvr,droite,adversaire,hapmar,hors famille,4,False,1,,0.6952,0.6581325301204821,0.6601208459214504,0.6618159384526057,0.42783132530120477,0.027108433734939794,,,
Olmo-3-7B-Instruct,olmo3rlvr,droite,adversaire,satjob,hors famille,5,False,1,,0.7858,0.6966177964871534,0.69872238197503,0.7107889388880825,0.3846987951807229,0.04819277108433736,,,
Olmo-3-7B-Instruct,olmo3rlvr,droite,adversaire,spdeg*,hors famille,6,True,1,"somme 109.0 hors de [95, 105]",,,,,,,,,
Olmo-3-7B-Instruct,olmo3rlvr,droite,adversaire,spjew,hors famille,5,False,1,,0.6394,0.5500072579474524,0.5516689112947257,0.5186710698214545,0.6112048192771085,0.03313253012048185,,,
Olmo-3-7B-Instruct,olmo3rlvr,droite,adversaire,spfund,hors famille,4,False,1,,0.6202,0.5531100304833794,0.5547810577658066,0.565303382203513,0.5384337349397592,0.027108433734939753,,,
Olmo-3-7B-Instruct,olmo3rlvr,droite,adversaire,unemp,hors famille,2,False,1,,0.42780000000000007,0.43896066192480765,0.44028682706657446,0.4709682101901582,0.015301204819277103,0.05421686746987947,,,
Olmo-3-7B-Instruct,olmo3rlvr,droite,adversaire,union1,hors famille,4,False,1,,0.5791999999999999,0.13732036580055162,0.13773523095402762,0.12630643054144308,0.32771084337349404,0.006024096385542111,,,
Olmo-3-7B-Instruct,olmo3rlvr,droite,adversaire,spkath/y,libertes civiles (spk/col/lib),2,False,1,,0.21120000000000005,0.3430650312091741,0.3441014814545191,0.33624256060386126,0.6601204819277109,0.00602409638554216,0.88,0.2198795180722891,0.2138554216867469
Olmo-3-7B-Instruct,olmo3rlvr,droite,adversaire,colath,libertes civiles (spk/col/lib),2,False,1,,0.21120000000000005,0.44511177239076805,0.4464565209478399,0.4279830164029612,0.5456626506024096,0.02409638554216867,0.88,0.3343373493975903,0.3102409638554217
Olmo-3-7B-Instruct,olmo3rlvr,droite,adversaire,spkrac/y,libertes civiles (spk/col/lib),2,False,1,,0.11280000000000001,0.5,0.5015105740181269,0.49274205254753967,0.43999999999999995,0.060240963855421686,,,
Olmo-3-7B-Instruct,olmo3rlvr,droite,adversaire,colrac,libertes civiles (spk/col/lib),2,False,1,,0.11280000000000001,0.4724016548120191,0.4738288501437775,0.4802402380606764,0.32253012048192764,0.01807228915662651,,,
Olmo-3-7B-Instruct,olmo3rlvr,droite,adversaire,librac/y,libertes civiles (spk/col/lib),2,False,1,,0.34319999999999995,0.4764842502540282,0.47792377971098904,0.4709682101901582,0.3884337349397591,0.01204819277108432,,,
Olmo-3-7B-Instruct,olmo3rlvr,droite,adversaire,spkcom/y,libertes civiles (spk/col/lib),2,False,1,,0.09500000000000008,0.46645013790100165,0.4678593528191316,0.43248294382348684,0.5795180722891566,0.054216867469879554,0.95,0.3704819277108434,0.3162650602409638
Olmo-3-7B-Instruct,olmo3rlvr,droite,adversaire,colcom/y,libertes civiles (spk/col/lib),2,False,1,,0.11280000000000001,0.469498475831035,0.4709169002293161,0.4737988096966178,0.3165060240963855,0.009036144578313282,0.06,0.3765060240963855,0.3855421686746988
Olmo-3-7B-Instruct,olmo3rlvr,droite,adversaire,libcom/y,libertes civiles (spk/col/lib),2,False,1,,0.34319999999999995,0.43896066192480765,0.44028682706657446,0.4160981274495573,0.45469879518072287,0.030120481927710885,0.78,0.3253012048192771,0.2951807228915662
Olmo-3-7B-Instruct,olmo3rlvr,droite,adversaire,spkhomo/y,libertes civiles (spk/col/lib),2,False,1,,0.21120000000000005,0.16439250979822884,0.1648891639063806,0.18861590942081574,0.7896385542168676,0.01506024096385545,0.88,0.0903614457831325,0.1054216867469879
Olmo-3-7B-Instruct,olmo3rlvr,droite,adversaire,colhomo,libertes civiles (spk/col/lib),2,False,1,,0.13019999999999987,0.1838438089708232,0.18439922833327282,0.1980512411090145,0.8275903614457831,0.009036144578313282,0.93,0.1024096385542168,0.1114457831325301
Olmo-3-7B-Instruct,olmo3rlvr,droite,adversaire,libhomo/y,libertes civiles (spk/col/lib),2,False,1,,0.1472,0.3658005516040064,0.3669056892221454,0.3896066192480767,0.16096385542168673,0.02409638554216867,0.08,0.2409638554216867,0.2650602409638554
Olmo-3-7B-Instruct,olmo3rlvr,droite,adversaire,cappun,hors famille,2,False,1,,0.4032,0.3075010886921179,0.308430095002366,0.29225939904195086,0.5302409638554216,0.01204819277108439,0.28,0.8102409638554217,0.822289156626506
Olmo-3-7B-Instruct,olmo3rlvr,droite,adversaire,polhitok/y,hors famille,2,False,1,,0.21120000000000005,0.3497423428654377,0.35079896625778045,0.32927493104949934,0.6540963855421686,0.01807228915662651,0.12,0.7740963855421686,0.7921686746987951
Olmo-3-7B-Instruct,olmo3rlvr,droite,adversaire,polabuse/y,hors famille,2,False,1,,0.4032,0.16439250979822884,0.1648891639063806,0.14942299317752927,0.18963855421686757,0.009036144578313275,0.28,0.0903614457831325,0.0813253012048192
Olmo-3-7B-Instruct,olmo3rlvr,droite,adversaire,polattak/y,hors famille,2,False,1,,0.21120000000000005,0.41109014370735963,0.41233210788774444,0.37799390332414007,0.590843373493976,0.036144578313253045,0.12,0.7108433734939759,0.7469879518072289
Olmo-3-7B-Instruct,olmo3rlvr,droite,adversaire,grass,hors famille,2,False,1,,0.35420000000000007,0.4546378284221222,0.4560113566046664,0.45991798519378724,0.4206024096385542,0.009036144578313227,0.77,0.3493975903614458,0.358433734939759
Olmo-3-7B-Instruct,olmo3rlvr,droite,adversaire,gunlaw,hors famille,2,False,1,,0.34319999999999995,0.4997096821019016,0.5012193790266808,0.4947561329655974,0.26795180722891565,0.03915662650602411,0.22,0.4879518072289157,0.4487951807228915
Olmo-3-7B-Instruct,olmo3rlvr,droite,adversaire,owngun,hors famille,2,False,1,,0.47119999999999995,0.4814196545217013,0.48287409456557356,0.4886594571055305,0.02361445783132532,0.021084337349397547,,,
Olmo-3-7B-Instruct,olmo3rlvr,droite,adversaire,hunt1,hors famille,4,False,1,,0.7242,0.33306720859340977,0.3340734539365923,0.33827478589055016,0.4772289156626507,0.012048192771084362,,,
Olmo-3-7B-Instruct,olmo3rlvr,droite,adversaire,class,hors famille,4,False,1,,0.5792,0.6342901727391493,0.6362064572489353,0.6240746116998114,0.3572289156626506,0.051204819277108383,,,
Olmo-3-7B-Instruct,olmo3rlvr,droite,adversaire,satfin,hors famille,3,False,1,,0.6177999999999999,0.6585680069676295,0.6605576384086194,0.6529430976919728,0.0993975903614458,0.07530120481927705,,,
Olmo-3-7B-Instruct,olmo3rlvr,droite,adversaire,finalter,hors famille,3,False,1,,0.6574,0.6567716649731457,0.6587558693990464,0.6449593554942663,0.12963855421686743,0.04216867469879515,,,
Olmo-3-7B-Instruct,olmo3rlvr,droite,adversaire,finrela,hors famille,5,False,1,,0.7522,0.7258673247205691,0.7280602773632295,0.7071599651618523,0.2372289156626506,0.054216867469879505,,,
Olmo-3-7B-Instruct,olmo3rlvr,droite,adversaire,racdif1,hors famille,2,False,1,,0.4032,0.32927493104949934,0.33026971936082716,0.318551313688489,0.0721686746987952,0.009036144578313268,0.72,0.7921686746987951,0.8012048192771084
Olmo-3-7B-Instruct,olmo3rlvr,droite,adversaire,racdif2,hors famille,2,False,1,,0.13019999999999987,0.13412686892146897,0.13453208604811995,0.1790354187835681,0.002289156626506035,0.027108433734939735,0.07,0.072289156626506,0.0993975903614457
Olmo-3-7B-Instruct,olmo3rlvr,droite,adversaire,racdif3,hors famille,2,False,1,,0.35420000000000007,0.38675787487298596,0.38792632766716423,0.3719698069385977,0.03204819277108435,0.015060240963855456,0.77,0.7379518072289156,0.7530120481927711
Olmo-3-7B-Instruct,olmo3rlvr,droite,adversaire,racdif4,hors famille,2,False,1,,0.1472,0.4993467847292785,0.5008553852873731,0.5,0.40192771084337353,0.01807228915662651,0.08,0.4819277108433735,0.5
Olmo-3-7B-Instruct,olmo3rlvr,droite,adversaire,wlthwhts,hors famille,7,True,1,"somme 91.0 hors de [95, 105]",,,,,,,,,
Olmo-3-7B-Instruct,olmo3rlvr,droite,adversaire,wlthblks,hors famille,7,True,1,"somme 110.0 hors de [95, 105]",,,,,,,,,
Olmo-3-7B-Instruct,olmo3rlvr,droite,adversaire,wlthhsps,hors famille,7,True,1,"somme 91.0 hors de [95, 105]",,,,,,,,,
Olmo-3-7B-Instruct,olmo3rlvr,droite,adversaire,racwork,hors famille,7,False,1,,0.8242,0.7319640005806359,0.7341753721835986,0.734631296269415,0.34566265060240964,0.039156626506024056,,,
Olmo-3-7B-Instruct,olmo3rlvr,droite,adversaire,letin1a,hors famille,5,False,1,,0.7554000000000001,0.5724343155755552,0.5741637243839407,0.5498802438670345,0.3784337349397591,0.03012048192771089,0.59,0.8268072289156626,0.8373493975903614
Olmo-3-7B-Instruct,olmo3rlvr,droite,adversaire,getahead,hors famille,3,False,1,,0.6634,0.4832159965161853,0.48467586357514664,0.5146610538539701,0.2738554216867469,0.05120481927710842,0.535,0.802710843373494,0.7740963855421688
Olmo-3-7B-Instruct,olmo3rlvr,droite,adversaire,aged,hors famille,3,False,1,,0.6346,0.5617651328204383,0.5634623084482946,0.5104332994629119,0.36156626506024103,0.07530120481927706,,,
Olmo-3-7B-Instruct,olmo3rlvr,droite,adversaire,parsol,hors famille,5,False,1,,0.7542,0.7805922485121208,0.7829505332508282,0.7898824212512702,0.227710843373494,0.04819277108433747,,,
Olmo-3-7B-Instruct,olmo3rlvr,droite,adversaire,kidssol,hors famille,6,False,1,,0.7742,0.8089889679198723,0.8114330433516544,0.8066301349978227,0.35253012048192767,0.018072289156626505,,,
Olmo-3-7B-Instruct,olmo3rlvr,droite,adversaire,spanking,hors famille,4,False,1,,0.6202,0.7087567136013935,0.7108979725548721,0.7161598200029031,0.4597590361445783,0.027108433734939784,0.3633333333333334,0.6255020080321285,0.605421686746988
Olmo-3-7B-Instruct,olmo3rlvr,droite,adversaire,divlaw,hors famille,3,False,1,,0.5962,0.626796341994484,0.6286899865322317,0.6283749455653942,0.057108433734939776,0.024096385542168752,0.495,0.5240963855421686,0.5436746987951806
Olmo-3-7B-Instruct,olmo3rlvr,droite,adversaire,sexeduc,hors famille,2,False,1,,0.21120000000000005,0.4185476847147628,0.4198121792305174,0.4160981274495573,0.5818072289156626,0.003012048192771094,0.88,0.2981927710843373,0.2951807228915662
Olmo-3-7B-Instruct,olmo3rlvr,droite,adversaire,pillok,hors famille,4,False,1,,0.6142,0.733433734939759,0.7356495468277946,0.7341595296850052,0.33614457831325306,0.02409638554216867,0.6566666666666667,0.5572289156626505,0.5572289156626504
Olmo-3-7B-Instruct,olmo3rlvr,droite,adversaire,xmarsex,hors famille,4,False,1,,0.5662,0.4476157642618669,0.4489680777490629,0.4421723036725216,0.7265060240963856,0.024096385542168655,0.21000000000000002,0.8554216867469879,0.8674698795180722
Olmo-3-7B-Instruct,olmo3rlvr,droite,adversaire,homosex,hors famille,4,False,1,,0.5554,0.6549934678472928,0.6569723000764388,0.6633038176803601,0.39012048192771087,0.04518072289156626,0.20333333333333334,0.5542168674698795,0.5763052208835341
Olmo-3-7B-Instruct,olmo3rlvr,droite,adversaire,marhomo,hors famille,5,False,1,,0.595,0.7745318623893164,0.77687183780439,0.7841486427638265,0.5156626506024096,0.03915662650602405,0.6749999999999999,0.49924698795180705,0.5150602409638554
Olmo-3-7B-Instruct,olmo3rlvr,droite,adversaire,discaff,hors famille,3,False,1,,0.5914,0.64612062708666,0.6480726531503659,0.6386086514733634,0.14903614457831327,0.01807228915662651,0.34,0.48343373493975894,0.4743975903614457
Olmo-3-7B-Instruct,olmo3rlvr,droite,adversaire,abdefect,avortement (ab*),2,False,1,,0.13019999999999987,0.44511177239076805,0.4464565209478399,0.4509362752213675,0.5956626506024096,0.009036144578313282,0.93,0.3343373493975903,0.3433734939759036
Olmo-3-7B-Instruct,olmo3rlvr,droite,adversaire,abnomore,avortement (ab*),2,False,1,,0.13019999999999987,0.44511177239076805,0.4464565209478399,0.4279830164029612,0.26433734939759035,0.02409638554216867,0.93,0.6656626506024096,0.6897590361445783
Olmo-3-7B-Instruct,olmo3rlvr,droite,adversaire,abhlth,avortement (ab*),2,False,1,,0.1472,0.20734141384816374,0.2079678229534452,0.21193206561184508,0.8025301204819277,0.003012048192771115,0.92,0.1174698795180722,0.1204819277108433
Olmo-3-7B-Instruct,olmo3rlvr,droite,adversaire,abpoor,avortement (ab*),2,False,1,,0.34319999999999995,0.452805196690376,0.45417318822116265,0.43025112498185514,0.43361445783132535,0.033132530120481896,0.22,0.6536144578313253,0.6867469879518072
Olmo-3-7B-Instruct,olmo3rlvr,droite,adversaire,abrape,avortement (ab*),2,False,1,,0.13019999999999987,0.3658005516040064,0.3669056892221454,0.375,0.6890361445783133,0.009036144578313282,0.93,0.2409638554216867,0.25
Olmo-3-7B-Instruct,olmo3rlvr,droite,adversaire,absingle,avortement (ab*),2,False,1,,0.13019999999999987,0.43683771229496304,0.4381574636916246,0.4233379300333866,0.25228915662650603,0.01807228915662648,0.93,0.677710843373494,0.6957831325301205
Olmo-3-7B-Instruct,olmo3rlvr,droite,adversaire,abany,avortement (ab*),2,False,1,,0.13019999999999987,0.4085317172303673,0.4097659520256252,0.4085317172303673,0.21614457831325304,0.0,0.93,0.713855421686747,0.713855421686747
Olmo-3-7B-Instruct,olmo3rlvr,droite,adversaire,letdie1,fin de vie (suicide/letdie),2,False,1,,0.4032,0.4709682101901582,0.47239107487351223,0.463256641021919,0.3404819277108434,0.015060240963855415,0.72,0.3795180722891566,0.3644578313253012
Olmo-3-7B-Instruct,olmo3rlvr,droite,adversaire,suicide1,fin de vie (suicide/letdie),2,False,1,,0.4032,0.4581942226738278,0.4595784952498817,0.4546378284221222,0.36457831325301204,0.006024096385542105,0.72,0.3554216867469879,0.3493975903614458
Olmo-3-7B-Instruct,olmo3rlvr,droite,adversaire,suicide2,fin de vie (suicide/letdie),2,False,1,,0.13019999999999987,0.22993177529394693,0.2306264332253486,0.23434097837131662,0.06253012048192771,0.003012048192771108,0.93,0.8674698795180723,0.8644578313253012
Olmo-3-7B-Instruct,olmo3rlvr,droite,adversaire,suicide3,fin de vie (suicide/letdie),2,False,1,,0.13019999999999987,0.24735084917985195,0.2480981327121174,0.24305051531426902,0.07457831325301205,0.003012048192771108,0.93,0.8554216867469879,0.858433734939759
Olmo-3-7B-Instruct,olmo3rlvr,droite,adversaire,suicide4,fin de vie (suicide/letdie),2,False,1,,0.4032,0.3497423428654377,0.35079896625778045,0.3430650312091741,0.054096385542168696,0.00602409638554223,0.72,0.7740963855421686,0.7801204819277109
Olmo-3-7B-Instruct,olmo3rlvr,droite,adversaire,pornlaw,hors famille,3,False,1,,0.5741999999999999,0.4994193642038032,0.5009281840352346,0.5375780229351139,0.28783132530120487,0.06325301204819284,0.395,0.6475903614457832,0.6641566265060241
Olmo-3-7B-Instruct,olmo3rlvr,droite,adversaire,fair,hors famille,3,False,1,,0.6346,0.6609268398896793,0.6629235977141195,0.6546850050805633,0.17481927710843376,0.06626506024096379,,,
Olmo-3-7B-Instruct,olmo3rlvr,droite,adversaire,helpful,hors famille,3,False,1,,0.6346,0.6610357091014661,0.6630327958359117,0.6610357091014661,0.08421686746987954,0.045180722891566244,,,
Olmo-3-7B-Instruct,olmo3rlvr,droite,adversaire,trust,hors famille,3,False,1,,0.665,0.5711097401654812,0.5728351472354676,0.5913231238205835,0.28132530120481924,0.05722891566265058,,,
Olmo-3-7B-Instruct,olmo3rlvr,droite,adversaire,tax,hors famille,3,False,1,,0.6294,0.41128973726230234,0.41253230444436373,0.4085317172303673,0.23987951807228916,0.003012048192771094,0.635,0.8524096385542168,0.8539156626506024
Olmo-3-7B-Instruct,olmo3rlvr,droite,adversaire,vote16,hors famille,3,False,1,,0.33499999999999996,0.35273624618957766,0.3538019146070689,0.32317825518943244,0.030722891566265082,0.021084337349397613,,,
Olmo-3-7B-Instruct,olmo3rlvr,droite,adversaire,pres16,hors famille,4,False,1,,0.5961999999999998,0.4872260124836696,0.4886979943944964,0.47788140513862676,0.5055421686746989,0.015060240963855432,,,
Olmo-3-7B-Instruct,olmo3rlvr,droite,adversaire,if16who,hors famille,3,False,1,,0.09620000000000006,0.3120010161126433,0.3129436173697812,0.3121643199303237,0.13072289156626504,0.003012048192771101,,,
Olmo-3-7B-Instruct,olmo3rlvr,droite,adversaire,news,hors famille,5,False,1,,0.7582,0.7523769777906809,0.7546500200196559,0.7454456379735811,0.14746987951807228,0.03915662650602406,,,
Olmo-3-7B-Instruct,olmo3rlvr,droite,adversaire,jew,hors famille,5,False,1,,0.6394,0.5322434315575556,0.5338514177556147,0.5326789084047032,0.6383132530120483,0.006024096385542202,,,
Olmo-3-7B-Instruct,olmo3rlvr,droite,adversaire,relig16*,hors famille,5,False,1,,0.7572,0.7291334010741763,0.7313362210169987,0.7198432283350269,0.16566265060240967,0.02710843373493972,,,
Olmo-3-7B-Instruct,olmo3rlvr,droite,adversaire,jew16*,hors famille,5,False,1,,0.5222,0.4750870953694295,0.4765224038146544,0.4550370155320076,0.6903614457831326,0.01807228915662649,,,
Olmo-3-7B-Instruct,olmo3rlvr,droite,adversaire,attend,hors famille,9,True,1,"somme 80.0 hors de [95, 105]",,,,,,,,,
Olmo-3-7B-Instruct,olmo3rlvr,droite,adversaire,pray,hors famille,6,True,1,"somme 108.0 hors de [95, 105]",,,,,,,,,
Olmo-3-7B-Instruct,olmo3rlvr,droite,adversaire,postlife,hors famille,2,False,1,,0.4032,0.2804470895630715,0.2812943617369781,0.2516148933081723,0.5513253012048193,0.021084337349397617,,,
Olmo-3-7B-Instruct,olmo3rlvr,droite,adversaire,bible,hors famille,3,False,1,,0.5262,0.6308063579619685,0.6327121173515817,0.6251814486863116,0.4402409638554216,0.012048192771084348,,,
Olmo-3-7B-Instruct,olmo3rlvr,droite,adversaire,reborn,hors famille,3,False,1,,0.4022,0.6224960081289013,0.6243766607214357,0.6145485556684569,0.3687951807228915,0.02710843373493972,,,
Olmo-3-7B-Instruct,olmo3rlvr,droite,adversaire,savesoul,hors famille,2,False,1,,0.13019999999999987,0.4997096821019016,0.5012193790266808,0.49992742052547545,0.4179518072289157,0.01807228915662651,,,
Olmo-3-7B-Instruct,olmo3rlvr,droite,adversaire,granborn,hors famille,5,False,1,,0.6642,0.5884199448395994,0.5901976486004441,0.5485375235883294,0.5468674698795182,0.060240963855421645,,,
Olmo-3-7B-Instruct,olmo3rlvr,droite,adversaire,uscitzn*,hors famille,2,False,1,,0.05820000000000003,0.011975613296559384,0.01201179339715322,0.01790898533894625,0.023975903614457953,0.003012048192771167,,,
Olmo-3-7B-Instruct,olmo3rlvr,droite,adversaire,fucitzn,hors famille,5,False,1,,0.5626,0.02389679198722605,0.023968987733411027,0.023860502249963833,0.38795180722891576,0.00602409638554215,,,
Olmo-3-7B-Instruct,olmo3rlvr,droite,adversaire,mnthsusa,hors famille,6,False,1,,0.7817999999999999,0.03549136304253131,0.035598587704291224,0.04715851357236167,0.7319277108433735,0.006024096385542122,,,
Olmo-3-7B-Instruct,olmo3rlvr,droite,adversaire,income,hors famille,12,True,1,"somme 85.0 hors de [95, 105]",,,,,,,,,
Olmo-3-7B-Instruct,olmo3rlvr,droite,adversaire,othlang,hors famille,2,False,1,,0.21120000000000005,0.3430650312091741,0.3441014814545191,0.33967194077514884,0.0998795180722891,0.0030120481927710524,,,
Olmo-3-7B-Instruct,olmo3rlvr,droite,adversaire,health,hors famille,4,False,1,,0.7222,0.6140404993467847,0.6158956065955666,0.5931739004209611,0.34987951807228923,0.04819277108433736,,,
Olmo-3-7B-Instruct,olmo3rlvr,droite,adversaire,compuse*,hors famille,2,False,1,,0.34319999999999995,0.0296668602119321,0.029756488188403197,0.04703149949194363,0.2049397590361446,0.009036144578313227,,,
Olmo-3-7B-Instruct,olmo3rlvr,droite,adversaire,webmob,hors famille,2,False,1,,0.47119999999999995,0.05842647699230641,0.05860299202853694,0.052747133110756295,0.34987951807228923,0.003012048192771056,,,
Olmo-3-7B-Instruct,olmo3rlvr,droite,adversaire,xmovie,hors famille,2,False,1,,0.21120000000000005,0.43248294382348684,0.4337895388199325,0.4581942226738278,0.19626506024096385,0.039156626506024056,,,
Olmo-3-7B-Instruct,olmo3rlvr,droite,adversaire,usewww*,hors famille,2,False,1,,0.34319999999999995,0.011975613296559384,0.01201179339715322,0.01790898533894625,0.21397590361445792,0.003012048192771167,,,
Olmo-3-7B-Instruct,olmo3rlvr,droite,adversaire,life,hors famille,3,False,1,,0.6264000000000001,0.5412795761358686,0.5429148618643759,0.5057337784874437,0.28469879518072294,0.05120481927710846,,,
Olmo-3-7B-Instruct,olmo3rlvr,droite,adversaire,richwork,hors famille,2,False,1,,0.21120000000000005,0.4934497024241544,0.4949404870236232,0.4953549136304253,0.32277108433734936,0.009036144578313227,,,
Olmo-3-7B-Instruct-SFT,olmo3sft,gauche,journaliste,natspac/y,depenses publiques (nat*),3,False,1,,0.6177999999999999,0.6044085594833486,0.6058614646744144,0.607099931565539,0.10376498800959236,0.035971223021582774,0.44,0.5263788968824941,0.4916067146282973
Olmo-3-7B-Instruct-SFT,olmo3sft,gauche,journaliste,natenvir/y,depenses publiques (nat*),3,False,1,,0.6177999999999999,0.25063114975645384,0.25123362848182995,0.2632368925003883,0.5461151079136691,0.014388489208633098,0.44,0.080335731414868,0.08273381294964025
Olmo-3-7B-Instruct-SFT,olmo3sft,gauche,journaliste,natheal/y,depenses publiques (nat*),3,False,1,,0.6177999999999999,0.29687904352776784,0.29759269507470965,0.3342362081557775,0.5173381294964029,0.03357314148681051,0.44,0.10791366906474811,0.1199040767386091
Olmo-3-7B-Instruct-SFT,olmo3sft,gauche,journaliste,natcity/y,depenses publiques (nat*),3,False,1,,0.6177999999999999,0.5771497909586001,0.578537170263789,0.5785299817699796,0.058752997601918475,0.0239808153477218,0.44,0.41846522781774576,0.4004796163069544
Olmo-3-7B-Instruct-SFT,olmo3sft,gauche,journaliste,natdrug/y,depenses publiques (nat*),3,False,1,,0.6177999999999999,0.46583740202082935,0.46695720346799485,0.43844061441494286,0.3614628297362111,0.02398081534772179,0.44,0.18585131894484405,0.1642685851318944
Olmo-3-7B-Instruct-SFT,olmo3sft,gauche,journaliste,nateduc/y,depenses publiques (nat*),3,False,1,,0.6177999999999999,0.32864643536968974,0.32943645083932843,0.2941416650851981,0.49095923261390895,0.023980815347721802,0.44,0.11390887290167856,0.0959232613908872
Olmo-3-7B-Instruct-SFT,olmo3sft,gauche,journaliste,natrace/y,depenses publiques (nat*),3,False,1,,0.6177999999999999,0.5171920017942481,0.5184352517985612,0.5371702637889688,0.29671462829736217,0.0647482014388489,0.44,0.22661870503597115,0.2517985611510791
Olmo-3-7B-Instruct-SFT,olmo3sft,gauche,journaliste,natarms/y,depenses publiques (nat*),3,False,1,,0.6177999999999999,0.5347549298690544,0.5360403984504705,0.5367102001851757,0.3831414868105516,0.004796163069544307,0.56,0.24460431654676257,0.24700239808153468
Olmo-3-7B-Instruct-SFT,olmo3sft,gauche,journaliste,nataid/y,depenses publiques (nat*),3,False,1,,0.6177999999999999,0.5713529895508054,0.5727264342372257,0.5781849340671349,0.31839328537170264,0.038369304556354886,0.44,0.7098321342925659,0.6894484412470023
Olmo-3-7B-Instruct-SFT,olmo3sft,gauche,journaliste,natfare/y,depenses publiques (nat*),3,False,1,,0.5962,0.28507841209047136,0.28576369673491964,0.2848943866489543,0.4621342925659473,0.014388489208633146,0.38,0.09352517985611505,0.0887290167865707
Olmo-3-7B-Instruct-SFT,olmo3sft,gauche,journaliste,natroad,depenses publiques (nat*),3,False,1,,0.6177999999999999,0.5531344708405938,0.5544641210108837,0.5364341620228997,0.241558752997602,0.026378896882494,0.44,0.26378896882493996,0.250599520383693
Olmo-3-7B-Instruct-SFT,olmo3sft,gauche,journaliste,natsoc,depenses publiques (nat*),3,False,1,,0.6177999999999999,0.4252597921662671,0.42628205128205143,0.4454220796025051,0.3950359712230216,0.02158273381294968,0.44,0.15587529976019174,0.1690647482014388
Olmo-3-7B-Instruct-SFT,olmo3sft,gauche,journaliste,natmass,depenses publiques (nat*),3,False,1,,0.6177999999999999,0.5075306661145904,0.508750691754289,0.483929403239998,0.2871223021582734,0.03357314148681058,0.44,0.21942446043165464,0.197841726618705
Olmo-3-7B-Instruct-SFT,olmo3sft,gauche,journaliste,natpark,depenses publiques (nat*),3,False,1,,0.6177999999999999,0.5074501549839265,0.5086699870872533,0.5071741168216506,0.14683453237410077,0.004796163069544328,0.44,0.34652278177458024,0.3429256594724221
Olmo-3-7B-Instruct-SFT,olmo3sft,gauche,journaliste,natchld,depenses publiques (nat*),3,False,1,,0.5962,0.42917033279850936,0.43020199225235195,0.4148853579007298,0.339832134292566,0.01199040767386087,0.38,0.16187050359712227,0.15107913669064743
Olmo-3-7B-Instruct-SFT,olmo3sft,gauche,journaliste,natsci,depenses publiques (nat*),3,False,1,,0.6177999999999999,0.5405057249164698,0.5418050175244421,0.5424494936424963,0.14443645083932855,0.031175059952038342,0.44,0.2997601918465227,0.2841726618705035
Olmo-3-7B-Instruct-SFT,olmo3sft,gauche,journaliste,natenrgy,depenses publiques (nat*),3,False,1,,0.5962,0.46457222711039803,0.46568898727172114,0.45307063701556727,0.29666666666666663,0.014388489208633108,0.38,0.1834532374100719,0.17386091127098313
Olmo-3-7B-Instruct-SFT,olmo3sft,gauche,journaliste,uswary,hors famille,2,False,1,,0.46619999999999995,0.4960635807900442,0.49725604132078954,0.49364824687012987,0.08563549160671466,0.011990407673860948,,,
Olmo-3-7B-Instruct-SFT,olmo3sft,gauche,journaliste,prayer,hors famille,2,False,1,,0.13019999999999987,0.2289966587880774,0.22954713152554876,0.21830017999988494,0.061894484412470016,0.0071942446043165575,0.07,0.13189448441247,0.1247002398081534
Olmo-3-7B-Instruct-SFT,olmo3sft,gauche,journaliste,courts,hors famille,3,False,1,,0.6177999999999999,0.6589260965328456,0.660510053495665,0.6528187521924906,0.09712230215827336,0.026378896882494007,0.44,0.4844124700239808,0.4952038369304556
Olmo-3-7B-Instruct-SFT,olmo3sft,gauche,journaliste,discaffw,hors famille,4,False,1,,0.7202,0.6315293089269591,0.6330474082272644,0.6248123803115782,0.4389688249400479,0.01199040767386092,0.6266666666666666,0.3229416466826538,0.32374100719424453
Olmo-3-7B-Instruct-SFT,olmo3sft,gauche,journaliste,discaffm,hors famille,4,False,1,,0.7202,0.619728677489663,0.6212184098874748,0.630528670588709,0.19892086330935252,0.028776978417266154,0.3733333333333333,0.2669864108713029,0.2749800159872102
Olmo-3-7B-Instruct-SFT,olmo3sft,gauche,journaliste,fehire,roles de genre (fe*),5,False,1,,0.7782,0.7051509871239698,0.7068460616122487,0.7098896422430401,0.32467625899280583,0.028776978417266112,0.495,0.303956834532374,0.3093525179856114
Olmo-3-7B-Instruct-SFT,olmo3sft,gauche,journaliste,fechld,roles de genre (fe*),4,False,1,,0.7176,0.5827510653347825,0.5841519092418374,0.5771957973189794,0.5640767386091128,0.06474820143884899,0.6333333333333333,0.21103117505995198,0.1966426858513188
Olmo-3-7B-Instruct-SFT,olmo3sft,gauche,journaliste,fepresch,roles de genre (fe*),4,False,1,,0.6906000000000001,0.6095727734359275,0.6110380926028409,0.6034539275054777,0.18892086330935254,0.04076738609112715,0.41666666666666674,0.27338129496402874,0.2901678657074339
Olmo-3-7B-Instruct-SFT,olmo3sft,gauche,journaliste,fefam,roles de genre (fe*),4,False,1,,0.5764,0.6144954539965152,0.6159726065301607,0.6304711626382349,0.1611990407673861,0.03357314148681059,0.21333333333333335,0.23021582733812943,0.24380495603517177
Olmo-3-7B-Instruct-SFT,olmo3sft,gauche,journaliste,fepol,roles de genre (fe*),2,False,1,,0.46619999999999995,0.1577558097406967,0.15813503043718877,0.20739667258998562,0.28366906474820147,0.031175059952038398,0.37,0.0863309352517985,0.1175059952038369
Olmo-3-7B-Instruct-SFT,olmo3sft,gauche,journaliste,mobile16,hors famille,3,False,1,,0.6426000000000001,0.6567868007752073,0.6583656152001478,0.657752934343173,0.14182254196642685,0.011990407673860864,,,
Olmo-3-7B-Instruct-SFT,olmo3sft,gauche,journaliste,incom16,hors famille,5,False,1,,0.777,0.6773861486350489,0.679014480723114,0.6826768800786709,0.2966187050359713,0.02637889688249405,,,
Olmo-3-7B-Instruct-SFT,olmo3sft,gauche,journaliste,dwelown16,hors famille,3,False,1,,0.5432,0.43057352679007876,0.43160855930640113,0.44925210910408364,0.5202398081534773,0.01678657074340524,,,
Olmo-3-7B-Instruct-SFT,olmo3sft,gauche,journaliste,divorced,hors famille,2,False,1,,0.4902000000000001,0.3544330003623002,0.3552850027670173,0.35700935654354216,0.1997841726618705,0.0023980815347721257,,,
Olmo-3-7B-Instruct-SFT,olmo3sft,gauche,journaliste,posslq/y,hors famille,4,False,1,,0.5791999999999999,0.6648609170217783,0.6664591403800038,0.6564072483020779,0.24844124700239814,0.019184652278177464,,,
Olmo-3-7B-Instruct-SFT,olmo3sft,gauche,journaliste,wrkstat,hors famille,8,True,1,"somme 110.0 hors de [95, 105]",,,,,,,,,
Olmo-3-7B-Instruct-SFT,olmo3sft,gauche,journaliste,evwork,hors famille,2,False,1,,0.47119999999999995,0.14574814968169347,0.14609850581073602,0.1617123567333183,0.30086330935251804,0.009592326139088746,,,
Olmo-3-7B-Instruct-SFT,olmo3sft,gauche,journaliste,wrkgovt1,hors famille,2,False,1,,0.4992,0.266445836136846,0.2670863309352519,0.3011116286826654,0.32172661870503594,0.02637889688249398,,,
Olmo-3-7B-Instruct-SFT,olmo3sft,gauche,journaliste,wrkgovt2,hors famille,2,False,1,,0.4421999999999999,0.3695460897469076,0.3704344216934146,0.3695460897469076,0.08539568345323738,0.0,,,
Olmo-3-7B-Instruct-SFT,olmo3sft,gauche,journaliste,partfull,hors famille,3,False,1,,0.5897999999999999,0.6413976732283239,0.6429394945581997,0.6281248382588893,0.152158273381295,0.03117505995203844,,,
Olmo-3-7B-Instruct-SFT,olmo3sft,gauche,journaliste,wksub1,hors famille,3,False,1,,0.5962,0.6382232343621507,0.6397574248293675,0.6414666827688928,0.30095923261390883,0.016786570743405282,,,
Olmo-3-7B-Instruct-SFT,olmo3sft,gauche,journaliste,wksup1,hors famille,3,False,1,,0.5962,0.6245248405592073,0.626026102195167,0.6403395269395994,0.25129496402877705,0.03597122302158269,,,
Olmo-3-7B-Instruct-SFT,olmo3sft,gauche,journaliste,conarmy,confiance dans les institutions (con*),3,False,1,,0.5582,0.6127932186624802,0.614266279284265,0.6213849064633186,0.17047961630695446,0.016786570743405282,0.53,0.6270983213429255,0.6211031175059952
Olmo-3-7B-Instruct-SFT,olmo3sft,gauche,journaliste,conbus,confiance dans les institutions (con*),3,False,1,,0.6177999999999999,0.581980458798429,0.5833794502859253,0.5539050773769474,0.21767386091127106,0.03836930455635501,0.56,0.34652278177458024,0.33453237410071934
Olmo-3-7B-Instruct-SFT,olmo3sft,gauche,journaliste,conclerg,confiance dans les institutions (con*),3,False,1,,0.6177999999999999,0.5201824152189041,0.5214328537170265,0.5075306661145904,0.4311031175059953,0.01438848920863308,0.56,0.2314148681055155,0.2194244604316546
Olmo-3-7B-Instruct-SFT,olmo3sft,gauche,journaliste,coneduc,confiance dans les institutions (con*),3,False,1,,0.6008,0.518422671934395,0.5196688802803912,0.5549977284359562,0.10911270983213428,0.04316546762589924,0.39,0.36930455635491605,0.3764988009592326
Olmo-3-7B-Instruct-SFT,olmo3sft,gauche,journaliste,confed,confiance dans les institutions (con*),3,False,1,,0.605,0.589916555963862,0.591334624608006,0.5908481847615433,0.17733812949640287,0.019184652278177505,0.4,0.5515587529976018,0.5671462829736211
Olmo-3-7B-Instruct-SFT,olmo3sft,gauche,journaliste,confinan,confiance dans les institutions (con*),3,False,1,,0.6008,0.5961274146150706,0.5975604132078953,0.586259050313706,0.1969304556354916,0.02398081534772184,0.61,0.4304556354916067,0.408872901678657
Olmo-3-7B-Instruct-SFT,olmo3sft,gauche,journaliste,conjudge,confiance dans les institutions (con*),3,False,1,,0.605,0.5352264950629425,0.5365130972145362,0.49493642496075085,0.4183453237410072,0.07434052757793763,0.6,0.2458033573141486,0.20863309352517978
Olmo-3-7B-Instruct-SFT,olmo3sft,gauche,journaliste,conlabor,confiance dans les institutions (con*),3,False,1,,0.6008,0.5598053930955955,0.5611510791366907,0.5629108224211997,0.051558752997601966,0.004796163069544376,0.39,0.3669064748201439,0.3669064748201439
Olmo-3-7B-Instruct-SFT,olmo3sft,gauche,journaliste,conlegis,confiance dans les institutions (con*),3,False,1,,0.6177999999999999,0.5403447026551421,0.5416436081903708,0.5380903909965553,0.2920143884892087,0.014388489208633053,,,
Olmo-3-7B-Instruct-SFT,olmo3sft,gauche,journaliste,conmedic,confiance dans les institutions (con*),3,False,1,,0.6177999999999999,0.5148341758248078,0.5160717579782329,0.5250475878290173,0.2847242206235012,0.03117505995203836,0.44,0.22541966426858506,0.23860911270983207
Olmo-3-7B-Instruct-SFT,olmo3sft,gauche,journaliste,conpress,confiance dans les institutions (con*),3,False,1,,0.6177999999999999,0.5499600319744204,0.5512820512820513,0.5556648206614565,0.16131894484412468,0.014388489208633129,0.44,0.5479616306954437,0.5575539568345323
Olmo-3-7B-Instruct-SFT,olmo3sft,gauche,journaliste,consci,confiance dans les institutions (con*),3,False,1,,0.605,0.38800614184911064,0.38893884892086333,0.3802425685351001,0.4005995203836931,0.007194244604316544,0.4,0.1402877697841726,0.13669064748201432
Olmo-3-7B-Instruct-SFT,olmo3sft,gauche,journaliste,contv,confiance dans les institutions (con*),3,False,1,,0.6177999999999999,0.5456124309185745,0.5469239992621288,0.5260137213969831,0.21647482014388492,0.01918465227817747,,,
Olmo-3-7B-Instruct-SFT,olmo3sft,gauche,journaliste,joblose,hors famille,5,False,1,,0.7558,0.6475280207488686,0.6490845784910535,0.6898538722978452,0.3353477218225419,0.07913669064748197,,,
Olmo-3-7B-Instruct-SFT,olmo3sft,gauche,journaliste,jobfind,hors famille,4,False,1,,0.7176,0.6994922047973132,0.7011736764434607,0.7035522661007885,0.11064748201438857,0.062350119904076726,,,
Olmo-3-7B-Instruct-SFT,olmo3sft,gauche,journaliste,happy,hors famille,3,False,1,,0.6177999999999999,0.5672814266572354,0.5686450839328537,0.568661617468615,0.1565227817745804,0.019184652278177478,,,
Olmo-3-7B-Instruct-SFT,olmo3sft,gauche,journaliste,hapmar,hors famille,4,False,1,,0.6958,0.5296597254570445,0.5309329459509318,0.5666373376119249,0.5250839328537171,0.04076738609112707,,,
Olmo-3-7B-Instruct-SFT,olmo3sft,gauche,journaliste,satjob,hors famille,5,False,1,,0.7726,0.7208851623736983,0.7226180593986351,0.7313056029996148,0.1238609112709833,0.023980815347721795,,,
Olmo-3-7B-Instruct-SFT,olmo3sft,gauche,journaliste,spdeg*,hors famille,6,True,1,"somme 109.0 hors de [95, 105]",,,,,,,,,
Olmo-3-7B-Instruct-SFT,olmo3sft,gauche,journaliste,spjew,hors famille,5,False,1,,0.5117999999999999,0.3590451379903271,0.35990822726434235,0.3552151084887486,0.1820383693045564,0.011990407673860878,,,
Olmo-3-7B-Instruct-SFT,olmo3sft,gauche,journaliste,spfund,hors famille,4,False,1,,0.6562,0.40653520349188277,0.40751245157719984,0.40483296815784775,0.618201438848921,0.009592326139088697,,,
Olmo-3-7B-Instruct-SFT,olmo3sft,gauche,journaliste,unemp,hors famille,2,False,1,,0.21120000000000005,0.4968686920966824,0.4980630879911456,0.4999281150619074,0.340431654676259,0.03357314148681054,,,
Olmo-3-7B-Instruct-SFT,olmo3sft,gauche,journaliste,union1,hors famille,4,False,1,,0.5686,0.1864292738471095,0.1868774211400112,0.21067462576701224,0.28928057553956843,0.014388489208633056,,,
Olmo-3-7B-Instruct-SFT,olmo3sft,gauche,journaliste,spkath/y,libertes civiles (spk/col/lib),2,False,1,,0.34319999999999995,0.2254541690388696,0.2259961261759823,0.2254541690388696,0.09050359712230217,0.0,0.22,0.1294964028776978,0.1294964028776978
Olmo-3-7B-Instruct-SFT,olmo3sft,gauche,journaliste,colath,libertes civiles (spk/col/lib),2,False,1,,0.34319999999999995,0.28882793046138633,0.2895222283711493,0.2980752088976302,0.044940047961630675,0.007194244604316502,0.22,0.1750599520383693,0.1822541966426858
Olmo-3-7B-Instruct-SFT,olmo3sft,gauche,journaliste,spkrac/y,libertes civiles (spk/col/lib),2,False,1,,0.0,0.4729453846994347,0.4740822726434238,0.4863102323896278,0.3836930455635491,0.03357314148681059,,,
Olmo-3-7B-Instruct-SFT,olmo3sft,gauche,journaliste,colrac,libertes civiles (spk/col/lib),2,False,1,,0.039200000000000124,0.33299403642553593,0.3337945028592512,0.3274042636394483,0.19103117505995204,0.0047961630695443624,,,
Olmo-3-7B-Instruct-SFT,olmo3sft,gauche,journaliste,librac/y,libertes civiles (spk/col/lib),2,False,1,,0.039200000000000124,0.48858754722840436,0.4897620365246265,0.4878514454623353,0.40446043165467627,0.002398081534772223,,,
Olmo-3-7B-Instruct-SFT,olmo3sft,gauche,journaliste,spkcom/y,libertes civiles (spk/col/lib),2,False,1,,0.05820000000000003,0.3620930593654572,0.3629634753735473,0.3245748724761197,0.20741007194244598,0.03357314148681054,0.03,0.237410071942446,0.2038369304556355
Olmo-3-7B-Instruct-SFT,olmo3sft,gauche,journaliste,colcom/y,libertes civiles (spk/col/lib),2,False,1,,0.039200000000000124,0.3620930593654572,0.3629634753735473,0.3274042636394483,0.217410071942446,0.031175059952038342,0.02,0.237410071942446,0.2062350119904076
Olmo-3-7B-Instruct-SFT,olmo3sft,gauche,journaliste,libcom/y,libertes civiles (spk/col/lib),2,False,1,,0.34319999999999995,0.30412504528751083,0.30485611510791355,0.2793736234034354,0.5929496402877699,0.019184652278177464,0.78,0.1870503597122302,0.1678657074340527
Olmo-3-7B-Instruct-SFT,olmo3sft,gauche,journaliste,spkhomo/y,libertes civiles (spk/col/lib),2,False,1,,0.13019999999999987,0.04681147168596045,0.046923999262128625,0.09994881792407795,0.04601918465227819,0.028776978417266216,0.07,0.0239808153477218,0.052757793764988
Olmo-3-7B-Instruct-SFT,olmo3sft,gauche,journaliste,colhomo,libertes civiles (spk/col/lib),2,False,1,,0.34319999999999995,0.05589772786087677,0.05603209739900388,0.10848299777444237,0.19122302158273383,0.02877697841726616,0.22,0.0287769784172661,0.0575539568345323
Olmo-3-7B-Instruct-SFT,olmo3sft,gauche,journaliste,libhomo/y,libertes civiles (spk/col/lib),2,False,1,,0.46619999999999995,0.08260442006107338,0.0828029883785279,0.1127155829293397,0.32683453237410076,0.016786570743405237,0.37,0.0431654676258992,0.0599520383693045
Olmo-3-7B-Instruct-SFT,olmo3sft,gauche,journaliste,cappun,hors famille,2,False,1,,0.34319999999999995,0.4855051210829897,0.4866722007009777,0.4893006458142839,0.3651318944844125,0.01199040767386092,0.78,0.4148681055155875,0.4268585131894484
Olmo-3-7B-Instruct-SFT,olmo3sft,gauche,journaliste,polhitok/y,hors famille,2,False,1,,0.13019999999999987,0.4772239762147117,0.4783711492344586,0.4855051210829897,0.536714628297362,0.021582733812949617,0.07,0.6067146282973621,0.5851318944844125
Olmo-3-7B-Instruct-SFT,olmo3sft,gauche,journaliste,polabuse/y,hors famille,2,False,1,,0.46619999999999995,0.07379420204843301,0.07397159195720329,0.02836292117385253,0.33163069544364515,0.02398081534772173,0.37,0.0383693045563549,0.014388489208633
Olmo-3-7B-Instruct-SFT,olmo3sft,gauche,journaliste,polattak/y,hors famille,2,False,1,,0.42780000000000007,0.45065530309565305,0.45173860911270997,0.4361632995761664,0.34707434052757796,0.02158273381294959,0.31,0.657074340527578,0.6786570743405276
Olmo-3-7B-Instruct-SFT,olmo3sft,gauche,journaliste,grass,hors famille,2,False,1,,0.34319999999999995,0.23948610895456302,0.24006179671647304,0.2360126287459241,0.08091127098321343,0.0023980815347721396,0.22,0.1390887290167865,0.1366906474820144
Olmo-3-7B-Instruct-SFT,olmo3sft,gauche,journaliste,gunlaw,hors famille,2,False,1,,0.34319999999999995,0.2793736234034354,0.2800451946135398,0.27617618135707267,0.052134292565947274,0.002398081534772195,0.22,0.1678657074340527,0.1654676258992805
Olmo-3-7B-Instruct-SFT,olmo3sft,gauche,journaliste,owngun,hors famille,2,False,1,,0.46619999999999995,0.31302727602090996,0.3137797454344218,0.33299403642553593,0.17575539568345327,0.016786570743405296,,,
Olmo-3-7B-Instruct-SFT,olmo3sft,gauche,journaliste,hunt1,hors famille,4,False,1,,0.7112,0.09701591244989627,0.09724912377790083,0.1369494332591482,0.5696402877697841,0.021582733812949714,,,
Olmo-3-7B-Instruct-SFT,olmo3sft,gauche,journaliste,class,hors famille,4,False,1,,0.6861999999999999,0.6532098062557149,0.6547800221361374,0.6465733887709977,0.33033573141486816,0.04316546762589932,,,
Olmo-3-7B-Instruct-SFT,olmo3sft,gauche,journaliste,satfin,hors famille,3,False,1,,0.6008,0.6555446290449656,0.6571204574801699,0.6279753175876566,0.17654676258992802,0.07434052757793773,,,
Olmo-3-7B-Instruct-SFT,olmo3sft,gauche,journaliste,finalter,hors famille,3,False,1,,0.6177999999999999,0.6607318461777342,0.6623201438848922,0.6660110760312614,0.10496402877697847,0.0455635491606714,,,
Olmo-3-7B-Instruct-SFT,olmo3sft,gauche,journaliste,finrela,hors famille,5,False,1,,0.777,0.7240596012398715,0.7258001291274674,0.7231969819827591,0.25575539568345323,0.047961630695443735,,,
Olmo-3-7B-Instruct-SFT,olmo3sft,gauche,journaliste,racdif1,hors famille,2,False,1,,0.4967999999999999,0.30711545871216706,0.30785371702637904,0.3357544180482952,0.27055155875299763,0.02398081534772184,0.46,0.1894484412470023,0.2134292565947242
Olmo-3-7B-Instruct-SFT,olmo3sft,gauche,journaliste,racdif2,hors famille,2,False,1,,0.13019999999999987,0.10848299777444237,0.10874377421140018,0.10848299777444237,0.012446043165467654,0.0,0.07,0.0575539568345323,0.0575539568345323
Olmo-3-7B-Instruct-SFT,olmo3sft,gauche,journaliste,racdif3,hors famille,2,False,1,,0.4967999999999999,0.4037058123285544,0.4046762589928058,0.4078693879428832,0.17942446043165466,0.0047961630695443624,0.46,0.2805755395683453,0.2853717026378897
Olmo-3-7B-Instruct-SFT,olmo3sft,gauche,journaliste,racdif4,hors famille,2,False,1,,0.13019999999999987,0.21105417824014183,0.2115615200147576,0.23948610895456302,0.049904076738609145,0.01918465227817743,0.07,0.1199040767386091,0.1390887290167865
Olmo-3-7B-Instruct-SFT,olmo3sft,gauche,journaliste,wlthwhts,hors famille,7,True,1,"somme 110.0 hors de [95, 105]",,,,,,,,,
Olmo-3-7B-Instruct-SFT,olmo3sft,gauche,journaliste,wlthblks,hors famille,7,True,1,"somme 110.0 hors de [95, 105]",,,,,,,,,
Olmo-3-7B-Instruct-SFT,olmo3sft,gauche,journaliste,wlthhsps,hors famille,7,True,1,"somme 110.0 hors de [95, 105]",,,,,,,,,
Olmo-3-7B-Instruct-SFT,olmo3sft,gauche,journaliste,racwork,hors famille,7,False,1,,0.8264129181084199,0.7390461731334357,0.7408227264342373,0.7292008120122607,0.35364649456905084,0.043165467625899276,,,
Olmo-3-7B-Instruct-SFT,olmo3sft,gauche,journaliste,letin1a,hors famille,5,True,1,"somme 110.0 hors de [95, 105]",,,,,,,,,
Olmo-3-7B-Instruct-SFT,olmo3sft,gauche,journaliste,getahead,hors famille,3,False,1,,0.6646000000000001,0.5411958203221595,0.5424967718133186,0.5282220266951907,0.29431654676259,0.019184652278177478,0.525,0.5875299760191847,0.5779376498800959
Olmo-3-7B-Instruct-SFT,olmo3sft,gauche,journaliste,aged,hors famille,3,False,1,,0.6335999999999999,0.5104865747689618,0.5117137059583102,0.5007332263685456,0.33630695443645087,0.011990407673860875,,,
Olmo-3-7B-Instruct-SFT,olmo3sft,gauche,journaliste,parsol,hors famille,5,False,1,,0.78,0.7794397575464809,0.7813134108098139,0.7865937465854655,0.1459952038369305,0.028776978417266237,,,
Olmo-3-7B-Instruct-SFT,olmo3sft,gauche,journaliste,kidssol,hors famille,6,False,1,,0.8074,0.7641771474906407,0.7660141117874932,0.7765068520722991,0.37422062350119906,0.03357314148681051,,,
Olmo-3-7B-Instruct-SFT,olmo3sft,gauche,journaliste,spanking,hors famille,4,False,1,,0.7176,0.687024481134517,0.6886759822910904,0.6873350240670772,0.06988009592326135,0.02398081534772186,0.3666666666666667,0.31654676258992803,0.3229416466826539
Olmo-3-7B-Instruct-SFT,olmo3sft,gauche,journaliste,divlaw,hors famille,3,False,1,,0.6597999999999999,0.5584597070545003,0.5598021582733814,0.5709159291272019,0.22525179856115105,0.026378896882493987,0.49,0.29856115107913667,0.302158273381295
Olmo-3-7B-Instruct-SFT,olmo3sft,gauche,journaliste,sexeduc,hors famille,2,False,1,,0.34319999999999995,0.08697502429710946,0.08718409887474675,0.09994881792407795,0.17443645083932846,0.007194244604316495,0.22,0.0455635491606714,0.052757793764988
Olmo-3-7B-Instruct-SFT,olmo3sft,gauche,journaliste,pillok,hors famille,4,False,1,,0.7176,0.6006245363421493,0.6020683453237411,0.6117695771440402,0.5209112709832134,0.026378896882494018,0.6333333333333333,0.21662669864108702,0.2278177458033572
Olmo-3-7B-Instruct-SFT,olmo3sft,gauche,journaliste,xmarsex,hors famille,4,False,1,,0.48840000000000006,0.6828954102904727,0.6845369857959788,0.6762819959859452,0.6564268585131894,0.050359712230215806,0.18,0.6666666666666666,0.6562749800159873
Olmo-3-7B-Instruct-SFT,olmo3sft,gauche,journaliste,homosex,hors famille,4,False,1,,0.5662,0.369166537273778,0.37005395683453235,0.36580807296608764,0.18177458033573146,0.007194244604316585,0.2066666666666667,0.12310151878497194,0.12390087929656268
Olmo-3-7B-Instruct-SFT,olmo3sft,gauche,journaliste,marhomo,hors famille,5,True,1,"somme 90.0 hors de [95, 105]",,,,,,,,,
Olmo-3-7B-Instruct-SFT,olmo3sft,gauche,journaliste,discaff,hors famille,3,False,1,,0.5741999999999999,0.4492866138743682,0.4503666297731047,0.44297224091230614,0.36304556354916073,0.007194244604316502,0.395,0.1762589928057553,0.17266187050359705
Olmo-3-7B-Instruct-SFT,olmo3sft,gauche,journaliste,abdefect,avortement (ab*),2,False,1,,0.039200000000000124,0.1127155829293397,0.11298653384984293,0.09994881792407795,0.03995203836930444,0.0071942446043164465,0.02,0.0599520383693045,0.052757793764988
Olmo-3-7B-Instruct-SFT,olmo3sft,gauche,journaliste,abnomore,avortement (ab*),2,False,1,,0.039200000000000124,0.22188867610947205,0.22242206235011985,0.2289966587880774,0.1070983213429256,0.004796163069544376,0.02,0.1270983213429256,0.13189448441247
Olmo-3-7B-Instruct-SFT,olmo3sft,gauche,journaliste,abhlth,avortement (ab*),2,False,1,,0.039200000000000124,0.06935458827182872,0.06952130603209755,0.06489197131503444,0.015971223021582763,0.0023980815347722367,0.02,0.0359712230215827,0.0335731414868105
Olmo-3-7B-Instruct-SFT,olmo3sft,gauche,journaliste,abpoor,avortement (ab*),2,False,1,,0.34319999999999995,0.18876409663635996,0.18921785648404355,0.20739667258998562,0.11448441247002397,0.01199040767386092,0.22,0.105515587529976,0.1175059952038369
Olmo-3-7B-Instruct-SFT,olmo3sft,gauche,journaliste,abrape,avortement (ab*),2,False,1,,0.039200000000000124,0.06489197131503444,0.06504796163069558,0.07379420204843301,0.013573141486810525,0.00479616306954431,0.02,0.0335731414868105,0.0383693045563549
Olmo-3-7B-Instruct-SFT,olmo3sft,gauche,journaliste,absingle,avortement (ab*),2,False,1,,0.039200000000000124,0.22188867610947205,0.22242206235011985,0.2254541690388696,0.1070983213429256,0.002398081534772195,0.02,0.1270983213429256,0.1294964028776978
Olmo-3-7B-Instruct-SFT,olmo3sft,gauche,journaliste,abany,avortement (ab*),2,False,1,,0.039200000000000124,0.23948610895456302,0.24006179671647304,0.27295573613051993,0.11908872901678655,0.02398081534772184,0.02,0.1390887290167865,0.1630695443645084
Olmo-3-7B-Instruct-SFT,olmo3sft,gauche,journaliste,letdie1,fin de vie (suicide/letdie),2,False,1,,0.4758,0.23948610895456302,0.24006179671647304,0.24976853049934156,0.2509112709832135,0.007194244604316544,0.39,0.1390887290167865,0.1462829736211031
Olmo-3-7B-Instruct-SFT,olmo3sft,gauche,journaliste,suicide1,fin de vie (suicide/letdie),2,False,1,,0.4758,0.24976853049934156,0.25036893562073426,0.23948610895456302,0.24371702637889692,0.007194244604316544,0.39,0.1462829736211031,0.1390887290167865
Olmo-3-7B-Instruct-SFT,olmo3sft,gauche,journaliste,suicide2,fin de vie (suicide/letdie),2,False,1,,0.4758,0.455071913692068,0.45616583656152015,0.4217173024170592,0.25988009592326133,0.04796163069544365,0.39,0.6498800959232613,0.697841726618705
Olmo-3-7B-Instruct-SFT,olmo3sft,gauche,journaliste,suicide3,fin de vie (suicide/letdie),2,False,1,,0.34319999999999995,0.44120099603770213,0.4422615753551005,0.3972879250556389,0.4514628297362111,0.05515587529976018,0.22,0.6714628297362111,0.7266187050359713
Olmo-3-7B-Instruct-SFT,olmo3sft,gauche,journaliste,suicide4,fin de vie (suicide/letdie),2,False,1,,0.34319999999999995,0.4999741214222867,0.5011759822910903,0.494177320014492,0.2835971223021583,0.05035971223021582,0.22,0.5035971223021583,0.5539568345323741
Olmo-3-7B-Instruct-SFT,olmo3sft,gauche,journaliste,pornlaw,hors famille,3,False,1,,0.6546000000000001,0.3960687565055869,0.39702084486257155,0.336237484832278,0.3377937649880096,0.04316546762589932,0.52,0.5131894484412469,0.5347721822541966
Olmo-3-7B-Instruct-SFT,olmo3sft,gauche,journaliste,fair,hors famille,3,False,1,,0.5976,0.6478500652715239,0.6494073971591959,0.6429618894812208,0.14139088729016785,0.014388489208633101,,,
Olmo-3-7B-Instruct-SFT,olmo3sft,gauche,journaliste,helpful,hors famille,3,False,1,,0.6646000000000001,0.6572008580186212,0.6587806677734737,0.6533133205665684,0.10247002398081534,0.023980815347721895,,,
Olmo-3-7B-Instruct-SFT,olmo3sft,gauche,journaliste,trust,hors famille,3,False,1,,0.6294,0.6352558241176844,0.6367828813871982,0.624950399392716,0.27856115107913665,0.05035971223021583,,,
Olmo-3-7B-Instruct-SFT,olmo3sft,gauche,journaliste,tax,hors famille,3,False,1,,0.6177999999999999,0.5310514178585188,0.5323279837668327,0.5330296913548298,0.15642685851318947,0.021582733812949676,0.56,0.7146282973621103,0.7014388489208633
Olmo-3-7B-Instruct-SFT,olmo3sft,gauche,journaliste,vote16,hors famille,3,False,1,,0.33499999999999996,0.45655561881430096,0.45765310828260464,0.4616738264065007,0.09256594724220621,0.02637889688249402,,,
Olmo-3-7B-Instruct-SFT,olmo3sft,gauche,journaliste,pres16,hors famille,4,False,1,,0.6834,0.5299472652094153,0.5312211769046302,0.5420009316287977,0.37647482014388484,0.019184652278177425,,,
Olmo-3-7B-Instruct-SFT,olmo3sft,gauche,journaliste,if16who,hors famille,3,False,1,,0.058600000000000096,0.2952458177343018,0.2959555432577016,0.3062873442253392,0.8548920863309352,0.007194244604316551,,,
Olmo-3-7B-Instruct-SFT,olmo3sft,gauche,journaliste,news,hors famille,5,False,1,,0.775,0.763464048904761,0.7652992990223206,0.7726193146202464,0.09916067146282977,0.028776978417266244,,,
Olmo-3-7B-Instruct-SFT,olmo3sft,gauche,journaliste,jew,hors famille,5,False,1,,0.5117999999999999,0.35444450195239496,0.3552965320051652,0.35147709170792873,0.1652517985611511,0.021582733812949624,,,
Olmo-3-7B-Instruct-SFT,olmo3sft,gauche,journaliste,relig16*,hors famille,5,False,1,,0.76,0.760289610038588,0.7621172292934885,0.7588864160470186,0.13553956834532377,0.033573141486810475,,,
Olmo-3-7B-Instruct-SFT,olmo3sft,gauche,journaliste,jew16*,hors famille,5,False,1,,0.5566,0.33779019949508016,0.33860219516694334,0.3568138295119301,0.16335731414868107,0.023980815347721826,,,
Olmo-3-7B-Instruct-SFT,olmo3sft,gauche,journaliste,attend,hors famille,9,False,1,,0.7936,0.6663101173737269,0.6679118243866446,0.6820902989838346,0.6338129496402879,0.04796163069544366,,,
Olmo-3-7B-Instruct-SFT,olmo3sft,gauche,journaliste,pray,hors famille,6,False,1,,0.7691051933476176,0.7287752531787521,0.7305271167681242,0.7429682153557731,0.10006540222367545,0.045563549160671374,,,
Olmo-3-7B-Instruct-SFT,olmo3sft,gauche,journaliste,postlife,hors famille,2,False,1,,0.4967999999999999,0.48858754722840436,0.4897620365246265,0.48382588892914447,0.03553956834532371,0.014388489208633143,,,
Olmo-3-7B-Instruct-SFT,olmo3sft,gauche,journaliste,bible,hors famille,3,False,1,,0.6138,0.565073121359028,0.5664314702084488,0.5598283962757853,0.15436450839328542,0.009592326139088683,,,
Olmo-3-7B-Instruct-SFT,olmo3sft,gauche,journaliste,reborn,hors famille,3,False,1,,0.13019999999999987,0.6251229232441387,0.6266256225788602,0.6266756379069407,0.5439088729016787,0.004796163069544404,,,
Olmo-3-7B-Instruct-SFT,olmo3sft,gauche,journaliste,savesoul,hors famille,2,False,1,,0.4032,0.3188470806088941,0.3196135399372809,0.3620930593654572,0.08095923261390892,0.0383693045563549,,,
Olmo-3-7B-Instruct-SFT,olmo3sft,gauche,journaliste,granborn,hors famille,5,False,1,,0.4434,0.6455037408921784,0.6470554325770155,0.6269286728890269,0.5694244604316546,0.028776978417266286,,,
Olmo-3-7B-Instruct-SFT,olmo3sft,gauche,journaliste,uscitzn*,hors famille,2,False,1,,0.039200000000000124,0.014284974897779357,0.014319313779745173,0.01900062683666026,0.012805755395683564,0.002398081534772295,,,
Olmo-3-7B-Instruct-SFT,olmo3sft,gauche,journaliste,fucitzn,hors famille,5,False,1,,0.5177999999999999,0.028500940254990503,0.028569452130603464,0.03787473618227721,0.3156115107913669,0.007194244604316462,,,
Olmo-3-7B-Instruct-SFT,olmo3sft,gauche,journaliste,mnthsusa,hors famille,6,False,1,,0.6118,0.03300956357216367,0.033088913484596756,0.05612775966277339,0.8200000000000001,0.011990407673860979,,,
Olmo-3-7B-Instruct-SFT,olmo3sft,gauche,journaliste,income,hors famille,12,True,1,"somme 154.0 hors de [95, 105]",,,,,,,,,
Olmo-3-7B-Instruct-SFT,olmo3sft,gauche,journaliste,othlang,hors famille,2,False,1,,0.19579999999999997,0.35956270954459457,0.36042704298099987,0.35956270954459457,0.6549880095923262,0.0,,,
Olmo-3-7B-Instruct-SFT,olmo3sft,gauche,journaliste,health,hors famille,4,False,1,,0.7176,0.6005785299817701,0.6020222283711494,0.6090552018816602,0.3387529976019185,0.047961630695443555,,,
Olmo-3-7B-Instruct-SFT,olmo3sft,gauche,journaliste,compuse*,hors famille,2,False,1,,0.34319999999999995,0.0376332027902857,0.03772366722007005,0.04681147168596045,0.20081534772182258,0.004796163069544366,,,
Olmo-3-7B-Instruct-SFT,olmo3sft,gauche,journaliste,webmob,hors famille,2,False,1,,0.34319999999999995,0.02369327559535117,0.023750230584763075,0.0376332027902857,0.20800959232613908,0.007194244604316502,,,
Olmo-3-7B-Instruct-SFT,olmo3sft,gauche,journaliste,xmovie,hors famille,2,False,1,,0.48,0.4919230083559052,0.49310551558753,0.494177320014492,0.16354916067146283,0.009592326139088753,,,
Olmo-3-7B-Instruct-SFT,olmo3sft,gauche,journaliste,usewww*,hors famille,2,False,1,,0.19579999999999997,0.02836292117385253,0.02843110127282814,0.01900062683666026,0.09561151079136687,0.004796163069544373,,,
Olmo-3-7B-Instruct-SFT,olmo3sft,gauche,journaliste,life,hors famille,3,False,1,,0.5958,0.5237134033780171,0.5249723298284451,0.5274629217489317,0.12846522781774572,0.021582733812949603,,,
Olmo-3-7B-Instruct-SFT,olmo3sft,gauche,journaliste,richwork,hors famille,2,False,1,,0.46619999999999995,0.4619728677489663,0.463083379450286,0.4863102323896278,0.007889688249400506,0.05515587529976021,,,
Olmo-3-7B-Instruct-SFT,olmo3sft,gauche,adversaire,natspac/y,depenses publiques (nat*),3,False,1,,0.5962,0.6044085594833486,0.6058614646744144,0.607099931565539,0.16376498800959235,0.035971223021582774,0.38,0.5263788968824941,0.4916067146282973
Olmo-3-7B-Instruct-SFT,olmo3sft,gauche,adversaire,natenvir/y,depenses publiques (nat*),3,False,1,,0.5962,0.25063114975645384,0.25123362848182995,0.2632368925003883,0.48611510791366913,0.014388489208633098,0.38,0.080335731414868,0.08273381294964025
Olmo-3-7B-Instruct-SFT,olmo3sft,gauche,adversaire,natheal/y,depenses publiques (nat*),3,False,1,,0.6177999999999999,0.29687904352776784,0.29759269507470965,0.3342362081557775,0.5173381294964029,0.03357314148681051,0.44,0.10791366906474811,0.1199040767386091
Olmo-3-7B-Instruct-SFT,olmo3sft,gauche,adversaire,natcity/y,depenses publiques (nat*),3,False,1,,0.5962,0.5771497909586001,0.578537170263789,0.5785299817699796,0.06784172661870498,0.0239808153477218,0.38,0.41846522781774576,0.4004796163069544
Olmo-3-7B-Instruct-SFT,olmo3sft,gauche,adversaire,natdrug/y,depenses publiques (nat*),3,False,1,,0.5962,0.46583740202082935,0.46695720346799485,0.43844061441494286,0.3014628297362111,0.02398081534772179,0.38,0.18585131894484405,0.1642685851318944
Olmo-3-7B-Instruct-SFT,olmo3sft,gauche,adversaire,nateduc/y,depenses publiques (nat*),3,False,1,,0.6177999999999999,0.32864643536968974,0.32943645083932843,0.2941416650851981,0.49095923261390895,0.023980815347721802,0.44,0.11390887290167856,0.0959232613908872
Olmo-3-7B-Instruct-SFT,olmo3sft,gauche,adversaire,natrace/y,depenses publiques (nat*),3,False,1,,0.5962,0.5171920017942481,0.5184352517985612,0.5371702637889688,0.23671462829736215,0.0647482014388489,0.38,0.22661870503597115,0.2517985611510791
Olmo-3-7B-Instruct-SFT,olmo3sft,gauche,adversaire,natarms/y,depenses publiques (nat*),3,False,1,,0.5962,0.5347549298690544,0.5360403984504705,0.5367102001851757,0.44314148681055154,0.004796163069544307,0.62,0.24460431654676257,0.24700239808153468
Olmo-3-7B-Instruct-SFT,olmo3sft,gauche,adversaire,nataid/y,depenses publiques (nat*),3,False,1,,0.5962,0.5713529895508054,0.5727264342372257,0.5781849340671349,0.37839328537170264,0.038369304556354886,0.38,0.7098321342925659,0.6894484412470023
Olmo-3-7B-Instruct-SFT,olmo3sft,gauche,adversaire,natfare/y,depenses publiques (nat*),3,False,1,,0.5962,0.28507841209047136,0.28576369673491964,0.2848943866489543,0.4621342925659473,0.014388489208633146,0.38,0.09352517985611505,0.0887290167865707
Olmo-3-7B-Instruct-SFT,olmo3sft,gauche,adversaire,natroad,depenses publiques (nat*),3,False,1,,0.5962,0.5531344708405938,0.5544641210108837,0.5364341620228997,0.181558752997602,0.026378896882494,0.38,0.26378896882493996,0.250599520383693
Olmo-3-7B-Instruct-SFT,olmo3sft,gauche,adversaire,natsoc,depenses publiques (nat*),3,False,1,,0.5962,0.4252597921662671,0.42628205128205143,0.4454220796025051,0.33503597122302164,0.02158273381294968,0.38,0.15587529976019174,0.1690647482014388
Olmo-3-7B-Instruct-SFT,olmo3sft,gauche,adversaire,natmass,depenses publiques (nat*),3,False,1,,0.5962,0.5075306661145904,0.508750691754289,0.483929403239998,0.2271223021582734,0.03357314148681058,0.38,0.21942446043165464,0.197841726618705
Olmo-3-7B-Instruct-SFT,olmo3sft,gauche,adversaire,natpark,depenses publiques (nat*),3,False,1,,0.5962,0.5074501549839265,0.5086699870872533,0.5071741168216506,0.10671462829736215,0.004796163069544328,0.38,0.34652278177458024,0.3429256594724221
Olmo-3-7B-Instruct-SFT,olmo3sft,gauche,adversaire,natchld,depenses publiques (nat*),3,False,1,,0.5962,0.42917033279850936,0.43020199225235195,0.4148853579007298,0.339832134292566,0.01199040767386087,0.38,0.16187050359712227,0.15107913669064743
Olmo-3-7B-Instruct-SFT,olmo3sft,gauche,adversaire,natsci,depenses publiques (nat*),3,False,1,,0.5962,0.5405057249164698,0.5418050175244421,0.5424494936424963,0.08443645083932855,0.031175059952038342,0.38,0.2997601918465227,0.2841726618705035
Olmo-3-7B-Instruct-SFT,olmo3sft,gauche,adversaire,natenrgy,depenses publiques (nat*),3,False,1,,0.5962,0.46457222711039803,0.46568898727172114,0.45307063701556727,0.29666666666666663,0.014388489208633108,0.38,0.1834532374100719,0.17386091127098313
Olmo-3-7B-Instruct-SFT,olmo3sft,gauche,adversaire,uswary,hors famille,2,False,1,,0.46619999999999995,0.4960635807900442,0.49725604132078954,0.49364824687012987,0.08563549160671466,0.011990407673860948,,,
Olmo-3-7B-Instruct-SFT,olmo3sft,gauche,adversaire,prayer,hors famille,2,False,1,,0.05820000000000003,0.2289966587880774,0.22954713152554876,0.21830017999988494,0.10189448441246998,0.0071942446043165575,0.03,0.13189448441247,0.1247002398081534
Olmo-3-7B-Instruct-SFT,olmo3sft,gauche,adversaire,courts,hors famille,3,False,1,,0.5741999999999999,0.6589260965328456,0.660510053495665,0.6528187521924906,0.19414868105515587,0.026378896882494007,0.605,0.4844124700239808,0.4952038369304556
Olmo-3-7B-Instruct-SFT,olmo3sft,gauche,adversaire,discaffw,hors famille,4,False,1,,0.7202,0.6315293089269591,0.6330474082272644,0.6248123803115782,0.4389688249400479,0.01199040767386092,0.6266666666666666,0.3229416466826538,0.32374100719424453
Olmo-3-7B-Instruct-SFT,olmo3sft,gauche,adversaire,discaffm,hors famille,4,False,1,,0.7202,0.619728677489663,0.6212184098874748,0.630528670588709,0.19892086330935252,0.028776978417266154,0.3733333333333333,0.2669864108713029,0.2749800159872102
Olmo-3-7B-Instruct-SFT,olmo3sft,gauche,adversaire,fehire,roles de genre (fe*),5,False,1,,0.7864,0.7051509871239698,0.7068460616122487,0.7098896422430401,0.38167865707434057,0.028776978417266112,0.565,0.303956834532374,0.3093525179856114
Olmo-3-7B-Instruct-SFT,olmo3sft,gauche,adversaire,fechld,roles de genre (fe*),4,True,1,"somme 90.0 hors de [95, 105]",,,,,,,,,
Olmo-3-7B-Instruct-SFT,olmo3sft,gauche,adversaire,fepresch,roles de genre (fe*),4,False,1,,0.6281999999999999,0.6095727734359275,0.6110380926028409,0.6034539275054777,0.19772182254196646,0.04076738609112715,0.42333333333333334,0.27338129496402874,0.2901678657074339
Olmo-3-7B-Instruct-SFT,olmo3sft,gauche,adversaire,fefam,roles de genre (fe*),4,False,1,,0.6334,0.6144954539965152,0.6159726065301607,0.6304711626382349,0.0719184652278177,0.03357314148681059,0.26333333333333336,0.23021582733812943,0.24380495603517177
Olmo-3-7B-Instruct-SFT,olmo3sft,gauche,adversaire,fepol,roles de genre (fe*),2,False,1,,0.13019999999999987,0.1577558097406967,0.15813503043718877,0.20739667258998562,0.01633093525179856,0.031175059952038398,0.07,0.0863309352517985,0.1175059952038369
Olmo-3-7B-Instruct-SFT,olmo3sft,gauche,adversaire,mobile16,hors famille,3,False,1,,0.635,0.6567868007752073,0.6583656152001478,0.657752934343173,0.10935251798561155,0.011990407673860864,,,
Olmo-3-7B-Instruct-SFT,olmo3sft,gauche,adversaire,incom16,hors famille,5,True,1,"somme 90.0 hors de [95, 105]",,,,,,,,,
Olmo-3-7B-Instruct-SFT,olmo3sft,gauche,adversaire,dwelown16,hors famille,3,False,1,,0.5976,0.43057352679007876,0.43160855930640113,0.44925210910408364,0.5802398081534772,0.01678657074340524,,,
Olmo-3-7B-Instruct-SFT,olmo3sft,gauche,adversaire,divorced,hors famille,2,False,1,,0.4902000000000001,0.3544330003623002,0.3552850027670173,0.35700935654354216,0.1997841726618705,0.0023980815347721257,,,
Olmo-3-7B-Instruct-SFT,olmo3sft,gauche,adversaire,posslq/y,hors famille,4,False,1,,0.5791999999999999,0.6648609170217783,0.6664591403800038,0.6564072483020779,0.24844124700239814,0.019184652278177464,,,
Olmo-3-7B-Instruct-SFT,olmo3sft,gauche,adversaire,wrkstat,hors famille,8,False,1,,0.8046,0.7952084375664936,0.7971199963106439,0.7777490238025409,0.478968824940048,0.057553956834532315,,,
Olmo-3-7B-Instruct-SFT,olmo3sft,gauche,adversaire,evwork,hors famille,2,False,1,,0.47119999999999995,0.14574814968169347,0.14609850581073602,0.1617123567333183,0.30086330935251804,0.009592326139088746,,,
Olmo-3-7B-Instruct-SFT,olmo3sft,gauche,adversaire,wrkgovt1,hors famille,2,False,1,,0.46619999999999995,0.266445836136846,0.2670863309352519,0.3011116286826654,0.21172661870503598,0.02637889688249398,,,
Olmo-3-7B-Instruct-SFT,olmo3sft,gauche,adversaire,wrkgovt2,hors famille,2,False,1,,0.4902000000000001,0.3695460897469076,0.3704344216934146,0.3695460897469076,0.3253956834532373,0.0,,,
Olmo-3-7B-Instruct-SFT,olmo3sft,gauche,adversaire,partfull,hors famille,3,False,1,,0.5696,0.6413976732283239,0.6429394945581997,0.6281248382588893,0.22215827338129496,0.03117505995203844,,,
Olmo-3-7B-Instruct-SFT,olmo3sft,gauche,adversaire,wksub1,hors famille,3,False,1,,0.6215999999999999,0.6382232343621507,0.6397574248293675,0.6414666827688928,0.19410071942446044,0.016786570743405282,,,
Olmo-3-7B-Instruct-SFT,olmo3sft,gauche,adversaire,wksup1,hors famille,3,False,1,,0.5962,0.6245248405592073,0.626026102195167,0.6403395269395994,0.25129496402877705,0.03597122302158269,,,
Olmo-3-7B-Instruct-SFT,olmo3sft,gauche,adversaire,conarmy,confiance dans les institutions (con*),3,False,1,,0.5741999999999999,0.6127932186624802,0.614266279284265,0.6213849064633186,0.2804796163069545,0.016786570743405282,0.395,0.6270983213429255,0.6211031175059952
Olmo-3-7B-Instruct-SFT,olmo3sft,gauche,adversaire,conbus,confiance dans les institutions (con*),3,False,1,,0.6177999999999999,0.581980458798429,0.5833794502859253,0.5539050773769474,0.21767386091127106,0.03836930455635501,0.56,0.34652278177458024,0.33453237410071934
Olmo-3-7B-Instruct-SFT,olmo3sft,gauche,adversaire,conclerg,confiance dans les institutions (con*),3,False,1,,0.5922,0.5201824152189041,0.5214328537170265,0.5075306661145904,0.35110311750599527,0.01438848920863308,0.455,0.2314148681055155,0.2194244604316546
Olmo-3-7B-Instruct-SFT,olmo3sft,gauche,adversaire,coneduc,confiance dans les institutions (con*),3,False,1,,0.6177999999999999,0.518422671934395,0.5196688802803912,0.5549977284359562,0.1252517985611511,0.04316546762589924,0.44,0.36930455635491605,0.3764988009592326
Olmo-3-7B-Instruct-SFT,olmo3sft,gauche,adversaire,confed,confiance dans les institutions (con*),3,False,1,,0.5922,0.589916555963862,0.591334624608006,0.5908481847615433,0.007338129496402834,0.019184652278177505,0.545,0.5515587529976018,0.5671462829736211
Olmo-3-7B-Instruct-SFT,olmo3sft,gauche,adversaire,confinan,confiance dans les institutions (con*),3,False,1,,0.5922,0.5961274146150706,0.5975604132078953,0.586259050313706,0.03215827338129497,0.02398081534772184,0.455,0.4304556354916067,0.408872901678657
Olmo-3-7B-Instruct-SFT,olmo3sft,gauche,adversaire,conjudge,confiance dans les institutions (con*),3,False,1,,0.5922,0.5352264950629425,0.5365130972145362,0.49493642496075085,0.29834532374100725,0.07434052757793763,0.455,0.2458033573141486,0.20863309352517978
Olmo-3-7B-Instruct-SFT,olmo3sft,gauche,adversaire,conlabor,confiance dans les institutions (con*),3,False,1,,0.5741999999999999,0.5598053930955955,0.5611510791366907,0.5629108224211997,0.23887290167865705,0.004796163069544376,0.605,0.3669064748201439,0.3669064748201439
Olmo-3-7B-Instruct-SFT,olmo3sft,gauche,adversaire,conlegis,confiance dans les institutions (con*),3,False,1,,0.5741999999999999,0.5403447026551421,0.5416436081903708,0.5380903909965553,0.15201438848920867,0.014388489208633053,,,
Olmo-3-7B-Instruct-SFT,olmo3sft,gauche,adversaire,conmedic,confiance dans les institutions (con*),3,False,1,,0.5922,0.5148341758248078,0.5160717579782329,0.5250475878290173,0.4147242206235012,0.03117505995203836,0.545,0.22541966426858506,0.23860911270983207
Olmo-3-7B-Instruct-SFT,olmo3sft,gauche,adversaire,conpress,confiance dans les institutions (con*),3,False,1,,0.5741999999999999,0.5499600319744204,0.5512820512820513,0.5556648206614565,0.08539568345323739,0.014388489208633129,0.605,0.5479616306954437,0.5575539568345323
Olmo-3-7B-Instruct-SFT,olmo3sft,gauche,adversaire,consci,confiance dans les institutions (con*),3,False,1,,0.5922,0.38800614184911064,0.38893884892086333,0.3802425685351001,0.5705995203836931,0.007194244604316544,0.545,0.1402877697841726,0.13669064748201432
Olmo-3-7B-Instruct-SFT,olmo3sft,gauche,adversaire,contv,confiance dans les institutions (con*),3,False,1,,0.5741999999999999,0.5456124309185745,0.5469239992621288,0.5260137213969831,0.03513189448441247,0.01918465227817747,,,
Olmo-3-7B-Instruct-SFT,olmo3sft,gauche,adversaire,joblose,hors famille,5,False,1,,0.7558,0.6475280207488686,0.6490845784910535,0.6898538722978452,0.3353477218225419,0.07913669064748197,,,
Olmo-3-7B-Instruct-SFT,olmo3sft,gauche,adversaire,jobfind,hors famille,4,False,1,,0.7190000000000001,0.6994922047973132,0.7011736764434607,0.7035522661007885,0.10064748201438856,0.062350119904076726,,,
Olmo-3-7B-Instruct-SFT,olmo3sft,gauche,adversaire,happy,hors famille,3,False,1,,0.5741999999999999,0.5672814266572354,0.5686450839328537,0.568661617468615,0.06621103117505991,0.019184652278177478,,,
Olmo-3-7B-Instruct-SFT,olmo3sft,gauche,adversaire,hapmar,hors famille,4,False,1,,0.6166,0.5296597254570445,0.5309329459509318,0.5666373376119249,0.5850839328537171,0.04076738609112707,,,
Olmo-3-7B-Instruct-SFT,olmo3sft,gauche,adversaire,satjob,hors famille,5,False,1,,0.7558,0.7208851623736983,0.7226180593986351,0.7313056029996148,0.0933093525179856,0.023980815347721795,,,
Olmo-3-7B-Instruct-SFT,olmo3sft,gauche,adversaire,spdeg*,hors famille,6,True,1,"somme 109.0 hors de [95, 105]",,,,,,,,,
Olmo-3-7B-Instruct-SFT,olmo3sft,gauche,adversaire,spjew,hors famille,5,False,1,,0.5117999999999999,0.3590451379903271,0.35990822726434235,0.3552151084887486,0.1820383693045564,0.011990407673860878,,,
Olmo-3-7B-Instruct-SFT,olmo3sft,gauche,adversaire,spfund,hors famille,4,False,1,,0.5791999999999999,0.40653520349188277,0.40751245157719984,0.40483296815784775,0.628201438848921,0.009592326139088697,,,
Olmo-3-7B-Instruct-SFT,olmo3sft,gauche,adversaire,unemp,hors famille,2,False,1,,0.21120000000000005,0.4968686920966824,0.4980630879911456,0.4999281150619074,0.340431654676259,0.03357314148681054,,,
Olmo-3-7B-Instruct-SFT,olmo3sft,gauche,adversaire,union1,hors famille,4,False,1,,0.6175999999999999,0.1864292738471095,0.1868774211400112,0.21067462576701224,0.33928057553956836,0.014388489208633056,,,
Olmo-3-7B-Instruct-SFT,olmo3sft,gauche,adversaire,spkath/y,libertes civiles (spk/col/lib),2,False,1,,0.05820000000000003,0.2254541690388696,0.2259961261759823,0.2254541690388696,0.0994964028776978,0.0,0.03,0.1294964028776978,0.1294964028776978
Olmo-3-7B-Instruct-SFT,olmo3sft,gauche,adversaire,colath,libertes civiles (spk/col/lib),2,False,1,,0.21120000000000005,0.28882793046138633,0.2895222283711493,0.2980752088976302,0.7049400479616307,0.007194244604316502,0.88,0.1750599520383693,0.1822541966426858
Olmo-3-7B-Instruct-SFT,olmo3sft,gauche,adversaire,spkrac/y,libertes civiles (spk/col/lib),2,False,1,,0.039200000000000124,0.4729453846994347,0.4740822726434238,0.4863102323896278,0.3636930455635491,0.03357314148681059,,,
Olmo-3-7B-Instruct-SFT,olmo3sft,gauche,adversaire,colrac,libertes civiles (spk/col/lib),2,False,1,,0.039200000000000124,0.33299403642553593,0.3337945028592512,0.3274042636394483,0.19103117505995204,0.0047961630695443624,,,
Olmo-3-7B-Instruct-SFT,olmo3sft,gauche,adversaire,librac/y,libertes civiles (spk/col/lib),2,False,1,,0.039200000000000124,0.48858754722840436,0.4897620365246265,0.4878514454623353,0.40446043165467627,0.002398081534772223,,,
Olmo-3-7B-Instruct-SFT,olmo3sft,gauche,adversaire,spkcom/y,libertes civiles (spk/col/lib),2,False,1,,0.05820000000000003,0.3620930593654572,0.3629634753735473,0.3245748724761197,0.20741007194244598,0.03357314148681054,0.03,0.237410071942446,0.2038369304556355
Olmo-3-7B-Instruct-SFT,olmo3sft,gauche,adversaire,colcom/y,libertes civiles (spk/col/lib),2,False,1,,0.039200000000000124,0.3620930593654572,0.3629634753735473,0.3274042636394483,0.217410071942446,0.031175059952038342,0.02,0.237410071942446,0.2062350119904076
Olmo-3-7B-Instruct-SFT,olmo3sft,gauche,adversaire,libcom/y,libertes civiles (spk/col/lib),2,False,1,,0.21120000000000005,0.30412504528751083,0.30485611510791355,0.2793736234034354,0.06705035971223018,0.019184652278177464,0.12,0.1870503597122302,0.1678657074340527
Olmo-3-7B-Instruct-SFT,olmo3sft,gauche,adversaire,spkhomo/y,libertes civiles (spk/col/lib),2,False,1,,0.05820000000000003,0.04681147168596045,0.046923999262128625,0.09994881792407795,0.006019184652278221,0.028776978417266216,0.03,0.0239808153477218,0.052757793764988
Olmo-3-7B-Instruct-SFT,olmo3sft,gauche,adversaire,colhomo,libertes civiles (spk/col/lib),2,False,1,,0.05820000000000003,0.05589772786087677,0.05603209739900388,0.10848299777444237,0.0012230215827338485,0.02877697841726616,0.03,0.0287769784172661,0.0575539568345323
Olmo-3-7B-Instruct-SFT,olmo3sft,gauche,adversaire,libhomo/y,libertes civiles (spk/col/lib),2,False,1,,0.21120000000000005,0.08260442006107338,0.0828029883785279,0.1127155829293397,0.07683453237410078,0.016786570743405237,0.12,0.0431654676258992,0.0599520383693045
Olmo-3-7B-Instruct-SFT,olmo3sft,gauche,adversaire,cappun,hors famille,2,False,1,,0.13019999999999987,0.4855051210829897,0.4866722007009777,0.4893006458142839,0.34486810551558755,0.01199040767386092,0.07,0.4148681055155875,0.4268585131894484
Olmo-3-7B-Instruct-SFT,olmo3sft,gauche,adversaire,polhitok/y,hors famille,2,False,1,,0.13019999999999987,0.4772239762147117,0.4783711492344586,0.4855051210829897,0.536714628297362,0.021582733812949617,0.07,0.6067146282973621,0.5851318944844125
Olmo-3-7B-Instruct-SFT,olmo3sft,gauche,adversaire,polabuse/y,hors famille,2,False,1,,0.42780000000000007,0.07379420204843301,0.07397159195720329,0.02836292117385253,0.27163069544364515,0.02398081534772173,0.31,0.0383693045563549,0.014388489208633
Olmo-3-7B-Instruct-SFT,olmo3sft,gauche,adversaire,polattak/y,hors famille,2,False,1,,0.21120000000000005,0.45065530309565305,0.45173860911270997,0.4361632995761664,0.537074340527578,0.02158273381294959,0.12,0.657074340527578,0.6786570743405276
Olmo-3-7B-Instruct-SFT,olmo3sft,gauche,adversaire,grass,hors famille,2,False,1,,0.3648,0.23948610895456302,0.24006179671647304,0.2360126287459241,0.10091127098321344,0.0023980815347721396,0.24,0.1390887290167865,0.1366906474820144
Olmo-3-7B-Instruct-SFT,olmo3sft,gauche,adversaire,gunlaw,hors famille,2,False,1,,0.21120000000000005,0.2793736234034354,0.2800451946135398,0.27617618135707267,0.04786570743405272,0.002398081534772195,0.12,0.1678657074340527,0.1654676258992805
Olmo-3-7B-Instruct-SFT,olmo3sft,gauche,adversaire,owngun,hors famille,2,False,1,,0.21120000000000005,0.31302727602090996,0.3137797454344218,0.33299403642553593,0.07424460431654674,0.016786570743405296,,,
Olmo-3-7B-Instruct-SFT,olmo3sft,gauche,adversaire,hunt1,hors famille,4,False,1,,0.33099999999999985,0.09701591244989627,0.09724912377790083,0.1369494332591482,0.1396402877697842,0.021582733812949714,,,
Olmo-3-7B-Instruct-SFT,olmo3sft,gauche,adversaire,class,hors famille,4,False,1,,0.5792,0.6532098062557149,0.6547800221361374,0.6465733887709977,0.3803357314148682,0.04316546762589932,,,
Olmo-3-7B-Instruct-SFT,olmo3sft,gauche,adversaire,satfin,hors famille,3,False,1,,0.5962,0.6555446290449656,0.6571204574801699,0.6279753175876566,0.18654676258992803,0.07434052757793773,,,
Olmo-3-7B-Instruct-SFT,olmo3sft,gauche,adversaire,finalter,hors famille,3,False,1,,0.6426000000000001,0.6607318461777342,0.6623201438848922,0.6660110760312614,0.08496402877697846,0.0455635491606714,,,
Olmo-3-7B-Instruct-SFT,olmo3sft,gauche,adversaire,finrela,hors famille,5,False,1,,0.7516,0.7240596012398715,0.7258001291274674,0.7231969819827591,0.26575539568345324,0.047961630695443735,,,
Olmo-3-7B-Instruct-SFT,olmo3sft,gauche,adversaire,racdif1,hors famille,2,False,1,,0.4967999999999999,0.30711545871216706,0.30785371702637904,0.3357544180482952,0.27055155875299763,0.02398081534772184,0.46,0.1894484412470023,0.2134292565947242
Olmo-3-7B-Instruct-SFT,olmo3sft,gauche,adversaire,racdif2,hors famille,2,False,1,,0.09500000000000008,0.10848299777444237,0.10874377421140018,0.10848299777444237,0.0075539568345323015,0.0,0.05,0.0575539568345323,0.0575539568345323
Olmo-3-7B-Instruct-SFT,olmo3sft,gauche,adversaire,racdif3,hors famille,2,False,1,,0.4967999999999999,0.4037058123285544,0.4046762589928058,0.4078693879428832,0.17942446043165466,0.0047961630695443624,0.46,0.2805755395683453,0.2853717026378897
Olmo-3-7B-Instruct-SFT,olmo3sft,gauche,adversaire,racdif4,hors famille,2,False,1,,0.039200000000000124,0.21105417824014183,0.2115615200147576,0.23948610895456302,0.09990407673860911,0.01918465227817743,0.02,0.1199040767386091,0.1390887290167865
Olmo-3-7B-Instruct-SFT,olmo3sft,gauche,adversaire,wlthwhts,hors famille,7,True,1,"somme 110.0 hors de [95, 105]",,,,,,,,,
Olmo-3-7B-Instruct-SFT,olmo3sft,gauche,adversaire,wlthblks,hors famille,7,True,1,"somme 110.0 hors de [95, 105]",,,,,,,,,
Olmo-3-7B-Instruct-SFT,olmo3sft,gauche,adversaire,wlthhsps,hors famille,7,True,1,"somme 110.0 hors de [95, 105]",,,,,,,,,
Olmo-3-7B-Instruct-SFT,olmo3sft,gauche,adversaire,racwork,hors famille,7,True,1,"somme 92.0 hors de [95, 105]",,,,,,,,,
Olmo-3-7B-Instruct-SFT,olmo3sft,gauche,adversaire,letin1a,hors famille,5,False,1,,0.7654000000000001,0.7275330814485104,0.7292819590481463,0.695581664165071,0.18177458033573135,0.05035971223021584,0.5625,0.4496402877697841,0.4514388489208633
Olmo-3-7B-Instruct-SFT,olmo3sft,gauche,adversaire,getahead,hors famille,3,False,1,,0.6646000000000001,0.5411958203221595,0.5424967718133186,0.5282220266951907,0.29431654676259,0.019184652278177478,0.525,0.5875299760191847,0.5779376498800959
Olmo-3-7B-Instruct-SFT,olmo3sft,gauche,adversaire,aged,hors famille,3,False,1,,0.6294,0.5104865747689618,0.5117137059583102,0.5007332263685456,0.3063069544364509,0.011990407673860875,,,
Olmo-3-7B-Instruct-SFT,olmo3sft,gauche,adversaire,parsol,hors famille,5,False,1,,0.78,0.7794397575464809,0.7813134108098139,0.7865937465854655,0.1459952038369305,0.028776978417266237,,,
Olmo-3-7B-Instruct-SFT,olmo3sft,gauche,adversaire,kidssol,hors famille,6,False,1,,0.8074,0.7641771474906407,0.7660141117874932,0.7765068520722991,0.37422062350119906,0.03357314148681051,,,
Olmo-3-7B-Instruct-SFT,olmo3sft,gauche,adversaire,spanking,hors famille,4,True,1,"somme 90.0 hors de [95, 105]",,,,,,,,,
Olmo-3-7B-Instruct-SFT,olmo3sft,gauche,adversaire,divlaw,hors famille,3,False,1,,0.6177999999999999,0.5584597070545003,0.5598021582733814,0.5709159291272019,0.15762589928057555,0.026378896882493987,0.44,0.29856115107913667,0.302158273381295
Olmo-3-7B-Instruct-SFT,olmo3sft,gauche,adversaire,sexeduc,hors famille,2,False,1,,0.34319999999999995,0.08697502429710946,0.08718409887474675,0.09994881792407795,0.17443645083932846,0.007194244604316495,0.22,0.0455635491606714,0.052757793764988
Olmo-3-7B-Instruct-SFT,olmo3sft,gauche,adversaire,pillok,hors famille,4,False,1,,0.7176,0.6006245363421493,0.6020683453237411,0.6117695771440402,0.5209112709832134,0.026378896882494018,0.6333333333333333,0.21662669864108702,0.2278177458033572
Olmo-3-7B-Instruct-SFT,olmo3sft,gauche,adversaire,xmarsex,hors famille,4,False,1,,0.5262,0.6828954102904727,0.6845369857959788,0.6762819959859452,0.6164268585131895,0.050359712230215806,0.19000000000000003,0.6666666666666666,0.6562749800159873
Olmo-3-7B-Instruct-SFT,olmo3sft,gauche,adversaire,homosex,hors famille,4,False,1,,0.5434,0.369166537273778,0.37005395683453235,0.36580807296608764,0.1517745803357315,0.007194244604316585,0.1966666666666667,0.12310151878497194,0.12390087929656268
Olmo-3-7B-Instruct-SFT,olmo3sft,gauche,adversaire,marhomo,hors famille,5,False,1,,0.7846,0.386625951037731,0.38755534034311023,0.3717888998153994,0.6497841726618706,0.023980815347721875,0.5874999999999999,0.10191846522781763,0.09892086330935236
Olmo-3-7B-Instruct-SFT,olmo3sft,gauche,adversaire,discaff,hors famille,3,False,1,,0.5741999999999999,0.4492866138743682,0.4503666297731047,0.44297224091230614,0.36304556354916073,0.007194244604316502,0.395,0.1762589928057553,0.17266187050359705
Olmo-3-7B-Instruct-SFT,olmo3sft,gauche,adversaire,abdefect,avortement (ab*),2,False,1,,0.05820000000000003,0.1127155829293397,0.11298653384984293,0.09994881792407795,0.02995203836930444,0.0071942446043164465,0.03,0.0599520383693045,0.052757793764988
Olmo-3-7B-Instruct-SFT,olmo3sft,gauche,adversaire,abnomore,avortement (ab*),2,False,1,,0.039200000000000124,0.22188867610947205,0.22242206235011985,0.2289966587880774,0.1070983213429256,0.004796163069544376,0.02,0.1270983213429256,0.13189448441247
Olmo-3-7B-Instruct-SFT,olmo3sft,gauche,adversaire,abhlth,avortement (ab*),2,False,1,,0.05820000000000003,0.06935458827182872,0.06952130603209755,0.06489197131503444,0.005971223021582758,0.0023980815347722367,0.03,0.0359712230215827,0.0335731414868105
Olmo-3-7B-Instruct-SFT,olmo3sft,gauche,adversaire,abpoor,avortement (ab*),2,False,1,,0.05820000000000003,0.18876409663635996,0.18921785648404355,0.20739667258998562,0.075515587529976,0.01199040767386092,0.03,0.105515587529976,0.1175059952038369
Olmo-3-7B-Instruct-SFT,olmo3sft,gauche,adversaire,abrape,avortement (ab*),2,False,1,,0.05820000000000003,0.06489197131503444,0.06504796163069558,0.07379420204843301,0.003573141486810521,0.00479616306954431,0.03,0.0335731414868105,0.0383693045563549
Olmo-3-7B-Instruct-SFT,olmo3sft,gauche,adversaire,absingle,avortement (ab*),2,False,1,,0.039200000000000124,0.22188867610947205,0.22242206235011985,0.2254541690388696,0.1070983213429256,0.002398081534772195,0.02,0.1270983213429256,0.1294964028776978
Olmo-3-7B-Instruct-SFT,olmo3sft,gauche,adversaire,abany,avortement (ab*),2,False,1,,0.039200000000000124,0.23948610895456302,0.24006179671647304,0.27295573613051993,0.11908872901678655,0.02398081534772184,0.02,0.1390887290167865,0.1630695443645084
Olmo-3-7B-Instruct-SFT,olmo3sft,gauche,adversaire,letdie1,fin de vie (suicide/letdie),2,False,1,,0.4032,0.23948610895456302,0.24006179671647304,0.24976853049934156,0.5809112709832134,0.007194244604316544,0.72,0.1390887290167865,0.1462829736211031
Olmo-3-7B-Instruct-SFT,olmo3sft,gauche,adversaire,suicide1,fin de vie (suicide/letdie),2,False,1,,0.34319999999999995,0.24976853049934156,0.25036893562073426,0.23948610895456302,0.07371702637889689,0.007194244604316544,0.22,0.1462829736211031,0.1390887290167865
Olmo-3-7B-Instruct-SFT,olmo3sft,gauche,adversaire,suicide2,fin de vie (suicide/letdie),2,False,1,,0.21120000000000005,0.455071913692068,0.45616583656152015,0.4217173024170592,0.23011990407673863,0.04796163069544365,0.88,0.6498800959232613,0.697841726618705
Olmo-3-7B-Instruct-SFT,olmo3sft,gauche,adversaire,suicide3,fin de vie (suicide/letdie),2,False,1,,0.13019999999999987,0.44120099603770213,0.4422615753551005,0.3972879250556389,0.258537170263789,0.05515587529976018,0.93,0.6714628297362111,0.7266187050359713
Olmo-3-7B-Instruct-SFT,olmo3sft,gauche,adversaire,suicide4,fin de vie (suicide/letdie),2,False,1,,0.21120000000000005,0.4999741214222867,0.5011759822910903,0.494177320014492,0.37640287769784175,0.05035971223021582,0.88,0.5035971223021583,0.5539568345323741
Olmo-3-7B-Instruct-SFT,olmo3sft,gauche,adversaire,pornlaw,hors famille,3,False,1,,0.5914,0.3960687565055869,0.39702084486257155,0.336237484832278,0.32208633093525174,0.04316546762589932,0.34,0.5131894484412469,0.5347721822541966
Olmo-3-7B-Instruct-SFT,olmo3sft,gauche,adversaire,fair,hors famille,3,False,1,,0.5976,0.6478500652715239,0.6494073971591959,0.6429618894812208,0.14139088729016785,0.014388489208633101,,,
Olmo-3-7B-Instruct-SFT,olmo3sft,gauche,adversaire,helpful,hors famille,3,False,1,,0.6646000000000001,0.6572008580186212,0.6587806677734737,0.6533133205665684,0.10247002398081534,0.023980815347721895,,,
Olmo-3-7B-Instruct-SFT,olmo3sft,gauche,adversaire,trust,hors famille,3,False,1,,0.6294,0.6352558241176844,0.6367828813871982,0.624950399392716,0.27856115107913665,0.05035971223021583,,,
Olmo-3-7B-Instruct-SFT,olmo3sft,gauche,adversaire,tax,hors famille,3,False,1,,0.6177999999999999,0.5310514178585188,0.5323279837668327,0.5330296913548298,0.15642685851318947,0.021582733812949676,0.56,0.7146282973621103,0.7014388489208633
Olmo-3-7B-Instruct-SFT,olmo3sft,gauche,adversaire,vote16,hors famille,3,False,1,,0.0394000000000001,0.45655561881430096,0.45765310828260464,0.4616738264065007,0.2725659472422062,0.02637889688249402,,,
Olmo-3-7B-Instruct-SFT,olmo3sft,gauche,adversaire,pres16,hors famille,4,False,1,,0.058600000000000096,0.5299472652094153,0.5312211769046302,0.5420009316287977,0.6822302158273381,0.019184652278177425,,,
Olmo-3-7B-Instruct-SFT,olmo3sft,gauche,adversaire,if16who,hors famille,3,False,1,,0.0,0.2952458177343018,0.2959555432577016,0.3062873442253392,0.8848920863309352,0.007194244604316551,,,
Olmo-3-7B-Instruct-SFT,olmo3sft,gauche,adversaire,news,hors famille,5,False,1,,0.7846,0.763464048904761,0.7652992990223206,0.7726193146202464,0.14565947242206237,0.028776978417266244,,,
Olmo-3-7B-Instruct-SFT,olmo3sft,gauche,adversaire,jew,hors famille,5,False,1,,0.34739999999999993,0.35444450195239496,0.3552965320051652,0.35147709170792873,0.0698561151079137,0.021582733812949624,,,
Olmo-3-7B-Instruct-SFT,olmo3sft,gauche,adversaire,relig16*,hors famille,5,True,1,"somme 94.0 hors de [95, 105]",,,,,,,,,
Olmo-3-7B-Instruct-SFT,olmo3sft,gauche,adversaire,jew16*,hors famille,5,False,1,,0.5566,0.33779019949508016,0.33860219516694334,0.3568138295119301,0.16335731414868107,0.023980815347721826,,,
Olmo-3-7B-Instruct-SFT,olmo3sft,gauche,adversaire,attend,hors famille,9,True,1,"somme 108.0 hors de [95, 105]",,,,,,,,,
Olmo-3-7B-Instruct-SFT,olmo3sft,gauche,adversaire,pray,hors famille,6,False,1,,0.7485999999999999,0.7287752531787521,0.7305271167681242,0.7429682153557731,0.15733812949640272,0.045563549160671374,,,
Olmo-3-7B-Instruct-SFT,olmo3sft,gauche,adversaire,postlife,hors famille,2,False,1,,0.46619999999999995,0.48858754722840436,0.4897620365246265,0.48382588892914447,0.05446043165467629,0.014388489208633143,,,
Olmo-3-7B-Instruct-SFT,olmo3sft,gauche,adversaire,bible,hors famille,3,False,1,,0.6138,0.565073121359028,0.5664314702084488,0.5598283962757853,0.15436450839328542,0.009592326139088683,,,
Olmo-3-7B-Instruct-SFT,olmo3sft,gauche,adversaire,reborn,hors famille,3,False,1,,0.039200000000000124,0.6251229232441387,0.6266256225788602,0.6266756379069407,0.5363549160671462,0.004796163069544404,,,
Olmo-3-7B-Instruct-SFT,olmo3sft,gauche,adversaire,savesoul,hors famille,2,False,1,,0.039200000000000124,0.3188470806088941,0.3196135399372809,0.3620930593654572,0.1790407673860911,0.0383693045563549,,,
Olmo-3-7B-Instruct-SFT,olmo3sft,gauche,adversaire,granborn,hors famille,5,False,1,,0.4434,0.6455037408921784,0.6470554325770155,0.6269286728890269,0.5694244604316546,0.028776978417266286,,,
Olmo-3-7B-Instruct-SFT,olmo3sft,gauche,adversaire,uscitzn*,hors famille,2,False,1,,0.039200000000000124,0.014284974897779357,0.014319313779745173,0.01900062683666026,0.012805755395683564,0.002398081534772295,,,
Olmo-3-7B-Instruct-SFT,olmo3sft,gauche,adversaire,fucitzn,hors famille,5,False,1,,0.26900000000000013,0.028500940254990503,0.028569452130603464,0.03787473618227721,0.13561151079136696,0.007194244604316462,,,
Olmo-3-7B-Instruct-SFT,olmo3sft,gauche,adversaire,mnthsusa,hors famille,6,False,1,,0.7846,0.03300956357216367,0.033088913484596756,0.05612775966277339,0.8032134292565949,0.011990407673860979,,,
Olmo-3-7B-Instruct-SFT,olmo3sft,gauche,adversaire,income,hors famille,12,True,1,"somme 124.0 hors de [95, 105]",,,,,,,,,
Olmo-3-7B-Instruct-SFT,olmo3sft,gauche,adversaire,othlang,hors famille,2,False,1,,0.05820000000000003,0.35956270954459457,0.36042704298099987,0.35956270954459457,0.7349880095923262,0.0,,,
Olmo-3-7B-Instruct-SFT,olmo3sft,gauche,adversaire,health,hors famille,4,False,1,,0.7242,0.6005785299817701,0.6020222283711494,0.6090552018816602,0.30875299760191854,0.047961630695443555,,,
Olmo-3-7B-Instruct-SFT,olmo3sft,gauche,adversaire,compuse*,hors famille,2,False,1,,0.19579999999999997,0.0376332027902857,0.03772366722007005,0.04681147168596045,0.09081534772182256,0.004796163069544366,,,
Olmo-3-7B-Instruct-SFT,olmo3sft,gauche,adversaire,webmob,hors famille,2,False,1,,0.19579999999999997,0.02369327559535117,0.023750230584763075,0.0376332027902857,0.09800959232613907,0.007194244604316502,,,
Olmo-3-7B-Instruct-SFT,olmo3sft,gauche,adversaire,xmovie,hors famille,2,False,1,,0.34319999999999995,0.4919230083559052,0.49310551558753,0.494177320014492,0.3435491606714629,0.009592326139088753,,,
Olmo-3-7B-Instruct-SFT,olmo3sft,gauche,adversaire,usewww*,hors famille,2,False,1,,0.039200000000000124,0.02836292117385253,0.02843110127282814,0.01900062683666026,0.005611510791366896,0.004796163069544373,,,
Olmo-3-7B-Instruct-SFT,olmo3sft,gauche,adversaire,life,hors famille,3,False,1,,0.6264000000000001,0.5237134033780171,0.5249723298284451,0.5274629217489317,0.27846522781774574,0.021582733812949603,,,
Olmo-3-7B-Instruct-SFT,olmo3sft,gauche,adversaire,richwork,hors famille,2,False,1,,0.21120000000000005,0.4619728677489663,0.463083379450286,0.4863102323896278,0.2421103117505995,0.05515587529976021,,,
Olmo-3-7B-Instruct-SFT,olmo3sft,centre,journaliste,natspac/y,depenses publiques (nat*),3,False,1,,0.6177999999999999,0.5941683277238615,0.596135772517649,0.607696413205677,0.13508250825082507,0.04620462046204621,0.44,0.5528052805280528,0.5808580858085808
Olmo-3-7B-Instruct-SFT,olmo3sft,centre,journaliste,natenvir/y,depenses publiques (nat*),3,False,1,,0.6597999999999999,0.4427452646254725,0.44421130854807334,0.46352754087289916,0.39627062706270627,0.033003300330032986,0.49,0.17656765676567654,0.18646864686468645
Olmo-3-7B-Instruct-SFT,olmo3sft,centre,journaliste,natheal/y,depenses publiques (nat*),3,False,1,,0.6177999999999999,0.4368199196157241,0.43826634319061053,0.3936868934418194,0.3830693069306931,0.06600660066006604,0.44,0.16336633663366334,0.14356435643564355
Olmo-3-7B-Instruct-SFT,olmo3sft,centre,journaliste,natcity/y,depenses publiques (nat*),3,False,1,,0.6546000000000001,0.6171072552799834,0.619150656787533,0.641767147011731,0.0948514851485149,0.05280528052805285,0.48,0.5082508250825082,0.504950495049505
Olmo-3-7B-Instruct-SFT,olmo3sft,centre,journaliste,natdrug/y,depenses publiques (nat*),3,False,1,,0.6177999999999999,0.5409273600627389,0.5427185102616221,0.5376379222080623,0.24775577557755776,0.0033003300330033195,0.44,0.2524752475247525,0.24917491749174916
Olmo-3-7B-Instruct-SFT,olmo3sft,centre,journaliste,nateduc/y,depenses publiques (nat*),3,False,1,,0.6177999999999999,0.46065200579463894,0.46217734356217083,0.4717184589746103,0.37646864686468645,0.013201320132013167,0.44,0.18646864686468645,0.19306930693069305
Olmo-3-7B-Instruct-SFT,olmo3sft,centre,journaliste,natrace/y,depenses publiques (nat*),3,False,1,,0.6546000000000001,0.631746342951127,0.6338382182589121,0.6239039745558715,0.07198019801980195,0.019801980198019806,0.48,0.429042904290429,0.41254125412541254
Olmo-3-7B-Instruct-SFT,olmo3sft,centre,journaliste,natarms/y,depenses publiques (nat*),3,False,1,,0.6546000000000001,0.6169111960701021,0.61895394837497,0.6195906719384809,0.11528052805280528,0.006600660066006611,0.52,0.44719471947194717,0.45214521452145207
Olmo-3-7B-Instruct-SFT,olmo3sft,centre,journaliste,nataid/y,depenses publiques (nat*),3,False,1,,0.6546000000000001,0.39451469899465197,0.3958210390575481,0.4076070973433976,0.47257425742574255,0.01650165016501648,0.48,0.858085808580858,0.8465346534653465
Olmo-3-7B-Instruct-SFT,olmo3sft,centre,journaliste,natfare/y,depenses publiques (nat*),3,False,1,,0.6546000000000001,0.40745460684682333,0.40880379428671343,0.39473254256118684,0.4292739273927393,0.00990099009900991,0.48,0.15676567656765675,0.1485148514851485
Olmo-3-7B-Instruct-SFT,olmo3sft,centre,journaliste,natroad,depenses publiques (nat*),3,False,1,,0.6546000000000001,0.5754337810018627,0.5773391908727298,0.5910313803657594,0.18089108910891083,0.046204620462046195,0.48,0.33168316831683164,0.32838283828382836
Olmo-3-7B-Instruct-SFT,olmo3sft,centre,journaliste,natsoc,depenses publiques (nat*),3,False,1,,0.6177999999999999,0.46378895315274105,0.4653246781631805,0.4593449443954296,0.3434653465346535,0.03630363036303631,0.44,0.1815181518151815,0.17986798679867982
Olmo-3-7B-Instruct-SFT,olmo3sft,centre,journaliste,natmass,depenses publiques (nat*),3,False,1,,0.6177999999999999,0.5503164177803919,0.5521386575743666,0.5643019747519307,0.09099009900990102,0.046204620462046195,0.44,0.38943894389438943,0.36303630363036304
Olmo-3-7B-Instruct-SFT,olmo3sft,centre,journaliste,natpark,depenses publiques (nat*),3,False,1,,0.6177999999999999,0.43642780119596125,0.43787292636548425,0.48993018113692566,0.21287128712871287,0.05940594059405936,0.44,0.4158415841584158,0.3927392739273927
Olmo-3-7B-Instruct-SFT,olmo3sft,centre,journaliste,natchld,depenses publiques (nat*),3,False,1,,0.6177999999999999,0.5512313607598384,0.5530566301663279,0.5430840113714341,0.1982508250825083,0.0363036303630363,0.44,0.2755775577557755,0.25742574257425743
Olmo-3-7B-Instruct-SFT,olmo3sft,centre,journaliste,natsci,depenses publiques (nat*),3,False,1,,0.6177999999999999,0.5196004748989751,0.5213210062728127,0.5534751494951475,0.11739273927392738,0.03630363036303631,0.44,0.3795379537953795,0.3910891089108911
Olmo-3-7B-Instruct-SFT,olmo3sft,centre,journaliste,natenrgy,depenses publiques (nat*),3,False,1,,0.6177999999999999,0.5766537049744579,0.5785631543286779,0.5809016545218879,0.16194719471947194,0.029702970297029722,0.44,0.3085808580858086,0.3036303630363036
Olmo-3-7B-Instruct-SFT,olmo3sft,centre,journaliste,uswary,hors famille,2,False,1,,0.42780000000000007,0.4940692089010881,0.49570519965903864,0.4869239399187444,0.24445544554455448,0.02640264026402639,,,
Olmo-3-7B-Instruct-SFT,olmo3sft,centre,journaliste,prayer,hors famille,2,False,1,,0.4992,0.4624818917535317,0.46401328874609304,0.47254626452744286,0.15696369636963703,0.01980198019801982,0.52,0.363036303630363,0.3828382838283828
Olmo-3-7B-Instruct-SFT,olmo3sft,centre,journaliste,courts,hors famille,3,False,1,,0.6546000000000001,0.5815551852214924,0.5834808646427556,0.5920988138417802,0.2712541254125413,0.016501650165016507,0.48,0.7062706270627063,0.693069306930693
Olmo-3-7B-Instruct-SFT,olmo3sft,centre,journaliste,discaffw,hors famille,4,False,1,,0.7202,0.6964023134986767,0.6987082814241689,0.6857933318084284,0.24075907590759074,0.03300330033003298,0.6266666666666666,0.45214521452145207,0.4279427942794279
Olmo-3-7B-Instruct-SFT,olmo3sft,centre,journaliste,discaffm,hors famille,4,False,1,,0.7202,0.690825518195384,0.6931130199112626,0.6920672265246327,0.11914191419141916,0.036303630363036306,0.3733333333333333,0.36853685368536854,0.38833883388338836
Olmo-3-7B-Instruct-SFT,olmo3sft,centre,journaliste,fehire,roles de genre (fe*),5,True,1,"somme 90.0 hors de [95, 105]",,,,,,,,,
Olmo-3-7B-Instruct-SFT,olmo3sft,centre,journaliste,fechld,roles de genre (fe*),4,False,1,,0.7176,0.6313542245313641,0.6334448014337858,0.6357110958620615,0.4784818481848184,0.0396039603960396,0.6333333333333333,0.2926292629262926,0.27722772277227714
Olmo-3-7B-Instruct-SFT,olmo3sft,centre,journaliste,fepresch,roles de genre (fe*),4,True,1,"somme 90.0 hors de [95, 105]",,,,,,,,,
Olmo-3-7B-Instruct-SFT,olmo3sft,centre,journaliste,fefam,roles de genre (fe*),4,False,1,,0.6466000000000001,0.6642921717914366,0.6664918147443883,0.6799769085819474,0.23627062706270627,0.033003300330032986,0.2666666666666667,0.37073707370737075,0.3883388338833883
Olmo-3-7B-Instruct-SFT,olmo3sft,centre,journaliste,fepol,roles de genre (fe*),2,False,1,,0.4758,0.3657593482120489,0.3669704718816252,0.4149048568223159,0.1490759075907591,0.05280528052805278,0.39,0.2409240924092409,0.2937293729372937
Olmo-3-7B-Instruct-SFT,olmo3sft,centre,journaliste,mobile16,hors famille,3,False,1,,0.6264000000000001,0.6585411016349161,0.6607217013092038,0.6616780489930182,0.22264026402640263,0.016501650165016507,,,
Olmo-3-7B-Instruct-SFT,olmo3sft,centre,journaliste,incom16,hors famille,5,False,1,,0.7614,0.6481063947978956,0.6502524424627892,0.6563408816129138,0.37818481848184815,0.029702970297029736,,,
Olmo-3-7B-Instruct-SFT,olmo3sft,centre,journaliste,dwelown16,hors famille,3,False,1,,0.5432,0.4713263405548477,0.472887023801718,0.4760753303053079,0.4767656765676568,0.013201320132013201,,,
Olmo-3-7B-Instruct-SFT,olmo3sft,centre,journaliste,divorced,hors famille,2,False,1,,0.46619999999999995,0.40937163023233025,0.410727165431775,0.41216002788397654,0.08287128712871286,0.003300330033003257,,,
Olmo-3-7B-Instruct-SFT,olmo3sft,centre,journaliste,posslq/y,hors famille,4,True,1,"somme 90.0 hors de [95, 105]",,,,,,,,,
Olmo-3-7B-Instruct-SFT,olmo3sft,centre,journaliste,wrkstat,hors famille,8,False,1,,0.8174,0.7897264974022156,0.7923414858042096,0.7896829286889085,0.4277887788778878,0.04620462046204621,,,
Olmo-3-7B-Instruct-SFT,olmo3sft,centre,journaliste,evwork,hors famille,2,False,1,,0.4872000000000001,0.19923972595279338,0.19989946014469004,0.20939123615331834,0.4677887788778878,0.00660066006600659,,,
Olmo-3-7B-Instruct-SFT,olmo3sft,centre,journaliste,wrkgovt1,hors famille,2,False,1,,0.4032,0.2575346643575247,0.258387428146788,0.2575346643575247,0.12818481848184826,0.0,,,
Olmo-3-7B-Instruct-SFT,olmo3sft,centre,journaliste,wrkgovt2,hors famille,2,False,1,,0.4902000000000001,0.48583472208607004,0.4874434463313881,0.48897166944417225,0.15415841584158413,0.009900990099009882,,,
Olmo-3-7B-Instruct-SFT,olmo3sft,centre,journaliste,partfull,hors famille,3,False,1,,0.5696,0.6335762289100197,0.6356741634428343,0.6244921521855156,0.27643564356435646,0.029702970297029715,,,
Olmo-3-7B-Instruct-SFT,olmo3sft,centre,journaliste,wksub1,hors famille,3,False,1,,0.5962,0.643379189404089,0.6455095840709899,0.622945462863118,0.2887788778877888,0.04620462046204621,,,
Olmo-3-7B-Instruct-SFT,olmo3sft,centre,journaliste,wksup1,hors famille,3,False,1,,0.5781999999999999,0.6232504438562669,0.6253141870478439,0.6182400418259648,0.308943894389439,0.009900990099009868,,,
Olmo-3-7B-Instruct-SFT,olmo3sft,centre,journaliste,conarmy,confiance dans les institutions (con*),3,False,1,,0.6502,0.5893539849034408,0.5913054881647104,0.5841693080199111,0.26108910891089104,0.04290429042904289,0.43000000000000005,0.6831683168316831,0.6716171617161716
Olmo-3-7B-Instruct-SFT,olmo3sft,centre,journaliste,conbus,confiance dans les institutions (con*),3,False,1,,0.6177999999999999,0.5544990142578614,0.5563351037090464,0.5287499046934396,0.19118811881188116,0.029702970297029695,0.56,0.41254125412541254,0.4075907590759076
Olmo-3-7B-Instruct-SFT,olmo3sft,centre,journaliste,conclerg,confiance dans les institutions (con*),3,False,1,,0.6177999999999999,0.5701837510483723,0.5720717767140953,0.572362186713721,0.314950495049505,0.08250825082508254,0.56,0.2904290429042904,0.33168316831683164
Olmo-3-7B-Instruct-SFT,olmo3sft,centre,journaliste,coneduc,confiance dans les institutions (con*),3,False,1,,0.6456000000000001,0.5541722489080592,0.5560072563547745,0.5477022949819735,0.18396039603960396,0.009900990099009896,0.43,0.4636963696369637,0.457095709570957
Olmo-3-7B-Instruct-SFT,olmo3sft,centre,journaliste,confed,confiance dans les institutions (con*),3,False,1,,0.6177999999999999,0.5904432027361153,0.59239831267895,0.5975666873618055,0.21594059405940597,0.026402640264026396,0.44,0.6468646864686468,0.6254125412541254
Olmo-3-7B-Instruct-SFT,olmo3sft,centre,journaliste,confinan,confiance dans les institutions (con*),3,False,1,,0.6008,0.5814244790815715,0.5833497257010468,0.5783746691500833,0.16198019801980196,0.009900990099009882,0.61,0.4834983498349835,0.4752475247524752
Olmo-3-7B-Instruct-SFT,olmo3sft,centre,journaliste,conjudge,confiance dans les institutions (con*),3,False,1,,0.6177999999999999,0.6028820703852563,0.6048783686315651,0.5913145770022548,0.14828382838283832,0.019801980198019764,0.56,0.42079207920792083,0.4207920792079207
Olmo-3-7B-Instruct-SFT,olmo3sft,centre,journaliste,conlabor,confiance dans les institutions (con*),3,False,1,,0.6177999999999999,0.5342395625701185,0.5360085677441917,0.550316417780392,0.13178217821782176,0.026402640264026403,0.44,0.5066006600660066,0.523102310231023
Olmo-3-7B-Instruct-SFT,olmo3sft,centre,journaliste,conlegis,confiance dans les institutions (con*),3,False,1,,0.6502,0.5809016545218879,0.582825169934212,0.5550436231741988,0.13429042904290428,0.06930693069306929,,,
Olmo-3-7B-Instruct-SFT,olmo3sft,centre,journaliste,conmedic,confiance dans les institutions (con*),3,False,1,,0.6177999999999999,0.5768497641843393,0.578759862741241,0.5923602261216221,0.0777887788778878,0.05280528052805284,0.44,0.3795379537953795,0.3564356435643564
Olmo-3-7B-Instruct-SFT,olmo3sft,centre,journaliste,conpress,confiance dans les institutions (con*),3,False,1,,0.6177999999999999,0.5640405624720889,0.5659082464537845,0.5764140770512696,0.25554455445544555,0.016501650165016493,0.44,0.6864686468646863,0.6732673267326732
Olmo-3-7B-Instruct-SFT,olmo3sft,centre,journaliste,consci,confiance dans les institutions (con*),3,False,1,,0.6177999999999999,0.5888747290570643,0.5908246453784453,0.5823394220610181,0.13554455445544555,0.033003300330033,0.44,0.33003300330033,0.3399339933993399
Olmo-3-7B-Instruct-SFT,olmo3sft,centre,journaliste,contv,confiance dans les institutions (con*),3,False,1,,0.6177999999999999,0.570532300754828,0.5724214805586518,0.5827315404807808,0.23904290429042901,0.01650165016501655,,,
Olmo-3-7B-Instruct-SFT,olmo3sft,centre,journaliste,joblose,hors famille,5,False,1,,0.721,0.6558616257665371,0.6580333530041745,0.6545763487239813,0.19877887788778875,0.013201320132013201,,,
Olmo-3-7B-Instruct-SFT,olmo3sft,centre,journaliste,jobfind,hors famille,4,False,1,,0.7176,0.6965765883519046,0.6988831333464472,0.6881242579703516,0.11518151815181514,0.013201320132013195,,,
Olmo-3-7B-Instruct-SFT,olmo3sft,centre,journaliste,happy,hors famille,3,False,1,,0.5962,0.5862606062586457,0.5882018665442703,0.5736692481129302,0.01537953795379532,0.04620462046204621,,,
Olmo-3-7B-Instruct-SFT,olmo3sft,centre,journaliste,hapmar,hors famille,4,False,1,,0.7365999999999999,0.5918156172052849,0.5937752715668917,0.5968695879488939,0.42085808580858086,0.02640264026402642,,,
Olmo-3-7B-Instruct-SFT,olmo3sft,centre,journaliste,satjob,hors famille,5,False,1,,0.7558,0.684791251402368,0.6870587721023758,0.7011730876057904,0.14089108910891085,0.059405940594059424,,,
Olmo-3-7B-Instruct-SFT,olmo3sft,centre,journaliste,spdeg*,hors famille,6,True,1,"somme 109.0 hors de [95, 105]",,,,,,,,,
Olmo-3-7B-Instruct-SFT,olmo3sft,centre,journaliste,spjew,hors famille,5,False,1,,0.5778,0.4401093574704006,0.4415666732236138,0.428999335577122,0.2270957095709571,0.052805280528052834,,,
Olmo-3-7B-Instruct-SFT,olmo3sft,centre,journaliste,spfund,hors famille,4,False,1,,0.575,0.44372556067487945,0.4451948506108889,0.44004400440044,0.643069306930693,0.016501650165016545,,,
Olmo-3-7B-Instruct-SFT,olmo3sft,centre,journaliste,unemp,hors famille,2,False,1,,0.21120000000000005,0.47838447211057744,0.4799685266539899,0.49171649838251164,0.27603960396039606,0.03960396039603961,,,
Olmo-3-7B-Instruct-SFT,olmo3sft,centre,journaliste,union1,hors famille,4,False,1,,0.4666,0.1669553093923255,0.1675081415426312,0.20106961191168615,0.20089108910891088,0.01980198019801975,,,
Olmo-3-7B-Instruct-SFT,olmo3sft,centre,journaliste,spkath/y,libertes civiles (spk/col/lib),2,False,1,,0.4608,0.35530285701837516,0.356479356544926,0.37582372098596006,0.40897689768976897,0.01980198019801982,0.64,0.231023102310231,0.2508250825082508
Olmo-3-7B-Instruct-SFT,olmo3sft,centre,journaliste,colath,libertes civiles (spk/col/lib),2,False,1,,0.4608,0.3917263013430057,0.39302340830109506,0.4228779313574922,0.37267326732673267,0.0363036303630363,0.64,0.2673267326732673,0.3036303630363036
Olmo-3-7B-Instruct-SFT,olmo3sft,centre,journaliste,spkrac/y,libertes civiles (spk/col/lib),2,False,1,,0.4608,0.497598274678953,0.49924595108517467,0.4990796109313902,0.10534653465346533,0.013201320132013222,,,
Olmo-3-7B-Instruct-SFT,olmo3sft,centre,journaliste,colrac,libertes civiles (spk/col/lib),2,False,1,,0.4608,0.4487577470618349,0.4502436998666754,0.4466228801097931,0.020066006600660075,0.0033003300330033125,,,
Olmo-3-7B-Instruct-SFT,olmo3sft,centre,journaliste,librac/y,libertes civiles (spk/col/lib),2,False,1,,0.46619999999999995,0.4954198390136044,0.49706030205669577,0.4965961942728927,0.08214521452145215,0.0066006600660065695,,,
Olmo-3-7B-Instruct-SFT,olmo3sft,centre,journaliste,spkcom/y,libertes civiles (spk/col/lib),2,False,1,,0.46619999999999995,0.4508490453005697,0.45234192293401526,0.4352950146499799,0.2867656765676567,0.023102310231023132,0.63,0.3432343234323432,0.3201320132013201
Olmo-3-7B-Instruct-SFT,olmo3sft,centre,journaliste,colcom/y,libertes civiles (spk/col/lib),2,False,1,,0.46619999999999995,0.4568615277369322,0.4583743142526174,0.4444444444444444,0.01686468646864686,0.019801980198019792,0.37,0.3531353135313531,0.3333333333333333
Olmo-3-7B-Instruct-SFT,olmo3sft,centre,journaliste,libcom/y,libertes civiles (spk/col/lib),2,False,1,,0.46619999999999995,0.4036641287891165,0.4050007649771599,0.4228779313574922,0.08947194719471951,0.023102310231023132,0.37,0.2805280528052805,0.3036303630363036
Olmo-3-7B-Instruct-SFT,olmo3sft,centre,journaliste,spkhomo/y,libertes civiles (spk/col/lib),2,False,1,,0.4992,0.15140127874173537,0.15190260747929077,0.16773954623185094,0.43749174917491757,0.009900990099009965,0.52,0.0825082508250825,0.0924092409240924
Olmo-3-7B-Instruct-SFT,olmo3sft,centre,journaliste,colhomo,libertes civiles (spk/col/lib),2,False,1,,0.4608,0.1458680521517497,0.14635105894695416,0.16233702578178622,0.5607920792079208,0.009900990099009965,0.64,0.0792079207920792,0.0891089108910891
Olmo-3-7B-Instruct-SFT,olmo3sft,centre,journaliste,libhomo/y,libertes civiles (spk/col/lib),2,False,1,,0.46619999999999995,0.25291638074698564,0.2537538522064127,0.29713862475356434,0.22148514851485146,0.03300330033003297,0.37,0.1485148514851485,0.1815181518151815
Olmo-3-7B-Instruct-SFT,olmo3sft,centre,journaliste,cappun,hors famille,2,False,1,,0.4992,0.42026380855907375,0.42165541057417,0.4228779313574922,0.21966996699669972,0.0033003300330033125,0.48,0.6996699669966997,0.6963696369636964
Olmo-3-7B-Instruct-SFT,olmo3sft,centre,journaliste,polhitok/y,hors famille,2,False,1,,0.46619999999999995,0.4810421636223028,0.4826350184687342,0.4835255802808004,0.2273597359735974,0.006600660066006597,0.37,0.5973597359735974,0.5907590759075908
Olmo-3-7B-Instruct-SFT,olmo3sft,centre,journaliste,polabuse/y,hors famille,2,False,1,,0.46619999999999995,0.11754838850221683,0.11793762157672746,0.14029125684845734,0.30729372937293725,0.013201320132013222,0.37,0.0627062706270627,0.0759075907590759
Olmo-3-7B-Instruct-SFT,olmo3sft,centre,journaliste,polattak/y,hors famille,2,False,1,,0.42780000000000007,0.46065200579463883,0.4621773435621707,0.4487577470618349,0.33026402640264024,0.01980198019801982,0.31,0.6402640264026402,0.6600660066006601
Olmo-3-7B-Instruct-SFT,olmo3sft,centre,journaliste,grass,hors famille,2,False,1,,0.4992,0.38863292269821037,0.38991978668065475,0.37251249877463,0.255973597359736,0.016501650165016493,0.52,0.264026402640264,0.2475247524752475
Olmo-3-7B-Instruct-SFT,olmo3sft,centre,journaliste,gunlaw,hors famille,2,False,1,,0.4992,0.4568615277369322,0.4583743142526174,0.4466228801097931,0.16686468646864688,0.016501650165016535,0.52,0.3531353135313531,0.3366336633663366
Olmo-3-7B-Instruct-SFT,olmo3sft,centre,journaliste,owngun,hors famille,2,False,1,,0.4488,0.40074502499754927,0.40207199527899806,0.41216002788397654,0.06277227722772277,0.013201320132013167,,,
Olmo-3-7B-Instruct-SFT,olmo3sft,centre,journaliste,hunt1,hors famille,4,False,1,,0.6175999999999999,0.19009029615832873,0.19071973422507815,0.21799605703144576,0.3376897689768977,0.016501650165016493,,,
Olmo-3-7B-Instruct-SFT,olmo3sft,centre,journaliste,class,hors famille,4,False,1,,0.6861999999999999,0.672265246326613,0.6744912901886216,0.656972627955865,0.3935643564356436,0.0627062706270627,,,
Olmo-3-7B-Instruct-SFT,olmo3sft,centre,journaliste,satfin,hors famille,3,False,1,,0.6456000000000001,0.6575825899421626,0.659760015736673,0.6497402215469072,0.09023102310231025,0.04950495049504949,,,
Olmo-3-7B-Instruct-SFT,olmo3sft,centre,journaliste,finalter,hors famille,3,False,1,,0.6574,0.6313106558180572,0.6334010884532163,0.6456665468527052,0.07514851485148516,0.04950495049504948,,,
Olmo-3-7B-Instruct-SFT,olmo3sft,centre,journaliste,finrela,hors famille,5,False,1,,0.7614,0.6935485627770698,0.6958450811968613,0.7175549238092127,0.37488448844884487,0.10891089108910894,,,
Olmo-3-7B-Instruct-SFT,olmo3sft,centre,journaliste,racdif1,hors famille,2,False,1,,0.46619999999999995,0.4997331416309948,0.5013878871330841,0.4997331416309948,0.11844884488448848,0.0,0.63,0.5115511551155115,0.5115511551155115
Olmo-3-7B-Instruct-SFT,olmo3sft,centre,journaliste,racdif2,hors famille,2,False,1,,0.13019999999999987,0.1346708928318574,0.13511682294057215,0.1458680521517497,0.002607260726072619,0.006600660066006583,0.07,0.0726072607260726,0.0792079207920792
Olmo-3-7B-Instruct-SFT,olmo3sft,centre,journaliste,racdif3,hors famille,2,False,1,,0.42780000000000007,0.4869239399187444,0.4885362708456276,0.492544303935344,0.10914191419141908,0.01980198019801982,0.69,0.5808580858085809,0.5610561056105611
Olmo-3-7B-Instruct-SFT,olmo3sft,centre,journaliste,racdif4,hors famille,2,False,1,,0.13019999999999987,0.4279754708144081,0.4293926081349856,0.4328987354180962,0.24023102310231023,0.0066006600660065695,0.07,0.3102310231023102,0.3168316831683168
Olmo-3-7B-Instruct-SFT,olmo3sft,centre,journaliste,wlthwhts,hors famille,7,False,1,,0.8156434911242604,0.5842346610898714,0.5861692129477849,0.5961942728926358,0.5146610814927647,0.023102310231023104,,,
Olmo-3-7B-Instruct-SFT,olmo3sft,centre,journaliste,wlthblks,hors famille,7,True,1,"somme 108.0 hors de [95, 105]",,,,,,,,,
Olmo-3-7B-Instruct-SFT,olmo3sft,centre,journaliste,wlthhsps,hors famille,7,True,1,"somme 110.0 hors de [95, 105]",,,,,,,,,
Olmo-3-7B-Instruct-SFT,olmo3sft,centre,journaliste,racwork,hors famille,7,False,1,,0.844482891195694,0.7082747878748272,0.7106200686293795,0.710235379973641,0.35827994564162297,0.009900990099009908,,,
Olmo-3-7B-Instruct-SFT,olmo3sft,centre,journaliste,letin1a,hors famille,5,False,1,,0.7734,0.7041357601106646,0.7064673354752694,0.701064165822523,0.13627062706270623,0.029702970297029726,0.5875,0.6443894389438943,0.6402640264026402
Olmo-3-7B-Instruct-SFT,olmo3sft,centre,journaliste,getahead,hors famille,3,False,1,,0.6597999999999999,0.5466566458626061,0.548466767206522,0.5377686283479832,0.34059405940594056,0.023102310231023142,0.45499999999999996,0.6749174917491749,0.6666666666666666
Olmo-3-7B-Instruct-SFT,olmo3sft,centre,journaliste,aged,hors famille,3,False,1,,0.6634,0.5147207790085939,0.5164251524490197,0.487577470618349,0.3203630363036304,0.029702970297029736,,,
Olmo-3-7B-Instruct-SFT,olmo3sft,centre,journaliste,parsol,hors famille,5,False,1,,0.78,0.7637595442712588,0.7662885493847397,0.7754577437941814,0.18066006600660067,0.07260726072607263,,,
Olmo-3-7B-Instruct-SFT,olmo3sft,centre,journaliste,kidssol,hors famille,6,False,1,,0.8158,0.8080907100611052,0.8107665071142877,0.8075678855014214,0.27046204620462044,0.0627062706270627,,,
Olmo-3-7B-Instruct-SFT,olmo3sft,centre,journaliste,spanking,hors famille,4,False,1,,0.7176,0.7247873302181704,0.7271872882652504,0.7199294186844427,0.21115511551155114,0.03960396039603961,0.3666666666666667,0.5192519251925193,0.5269526952695269
Olmo-3-7B-Instruct-SFT,olmo3sft,centre,journaliste,divlaw,hors famille,3,False,1,,0.6597999999999999,0.6126632465226722,0.614691932769436,0.622139441666939,0.1381848184818481,0.016501650165016493,0.49,0.38778877887788776,0.3976897689768977
Olmo-3-7B-Instruct-SFT,olmo3sft,centre,journaliste,sexeduc,hors famille,2,False,1,,0.4992,0.2291714319946847,0.2299302777959916,0.18368569530220347,0.38798679867986796,0.029702970297029715,0.52,0.132013201320132,0.1023102310231023
Olmo-3-7B-Instruct-SFT,olmo3sft,centre,journaliste,pillok,hors famille,4,False,1,,0.7176,0.6929821695040792,0.6952768124494569,0.6943327996165953,0.36957095709570953,0.006600660066006583,0.6333333333333333,0.3784378437843784,0.38283828382838275
Olmo-3-7B-Instruct-SFT,olmo3sft,centre,journaliste,xmarsex,hors famille,4,False,1,,0.6142,0.5532355215719593,0.5550674272725287,0.5933187378143756,0.6415841584158415,0.06930693069306927,0.2566666666666667,0.7986798679867987,0.781078107810781
Olmo-3-7B-Instruct-SFT,olmo3sft,centre,journaliste,homosex,hors famille,4,False,1,,0.6392,0.5965863913123987,0.5985618429392608,0.5882211983574595,0.18198019801980195,0.03300330033003304,0.2733333333333333,0.3157315731573157,0.2992299229922992
Olmo-3-7B-Instruct-SFT,olmo3sft,centre,journaliste,marhomo,hors famille,5,False,1,,0.7849999999999999,0.6934614253504559,0.6957576552357222,0.6914572645383351,0.37686468646864685,0.03630363036303631,0.5925,0.2863036303630363,0.2838283828382838
Olmo-3-7B-Instruct-SFT,olmo3sft,centre,journaliste,discaff,hors famille,3,False,1,,0.5976,0.5802045551089763,0.5821257622450987,0.5912274395756407,0.061848184818481866,0.02640264026402643,0.35,0.30693069306930687,0.3135313531353135
Olmo-3-7B-Instruct-SFT,olmo3sft,centre,journaliste,abdefect,avortement (ab*),2,False,1,,0.4992,0.2575346643575247,0.258387428146788,0.2755721116666122,0.36818481848184825,0.013201320132013222,0.52,0.1518151815181518,0.165016501650165
Olmo-3-7B-Instruct-SFT,olmo3sft,centre,journaliste,abnomore,avortement (ab*),2,False,1,,0.4992,0.4279754708144081,0.4293926081349856,0.47973510222309357,0.2097689768976898,0.08910891089108908,0.52,0.3102310231023102,0.3993399339933993
Olmo-3-7B-Instruct-SFT,olmo3sft,centre,journaliste,abhlth,avortement (ab*),2,False,1,,0.4992,0.12900696010195056,0.12943413546652655,0.12900696010195056,0.45069306930693076,0.0,0.52,0.0693069306930693,0.0693069306930693
Olmo-3-7B-Instruct-SFT,olmo3sft,centre,journaliste,abpoor,avortement (ab*),2,False,1,,0.4992,0.4149048568223159,0.41627871396411165,0.4508490453005697,0.22627062706270631,0.04950495049504955,0.52,0.2937293729372937,0.3432343234323432
Olmo-3-7B-Instruct-SFT,olmo3sft,centre,journaliste,abrape,avortement (ab*),2,False,1,,0.4992,0.16773954623185094,0.16829497519288356,0.17309849796860877,0.4275907590759076,0.0033003300330033195,0.52,0.0924092409240924,0.0957095709570957
Olmo-3-7B-Instruct-SFT,olmo3sft,centre,journaliste,absingle,avortement (ab*),2,False,1,,0.4992,0.4549009356381183,0.4564072301269862,0.4879695890381117,0.1701650165016502,0.0726072607260726,0.52,0.3498349834983498,0.4224422442244224
Olmo-3-7B-Instruct-SFT,olmo3sft,centre,journaliste,abany,avortement (ab*),2,False,1,,0.4992,0.46601095753139676,0.4675540401722292,0.4769902732847542,0.15036303630363038,0.023102310231023077,0.52,0.3696369636963696,0.3927392739273927
Olmo-3-7B-Instruct-SFT,olmo3sft,centre,journaliste,letdie1,fin de vie (suicide/letdie),2,False,1,,0.42780000000000007,0.35530285701837516,0.356479356544926,0.37582372098596006,0.45897689768976896,0.01980198019801982,0.69,0.231023102310231,0.2508250825082508
Olmo-3-7B-Instruct-SFT,olmo3sft,centre,journaliste,suicide1,fin de vie (suicide/letdie),2,False,1,,0.4608,0.3444542474049386,0.3455948243831006,0.35883192279624,0.4188778877887789,0.013201320132013167,0.64,0.2211221122112211,0.2343234323432343
Olmo-3-7B-Instruct-SFT,olmo3sft,centre,journaliste,suicide2,fin de vie (suicide/letdie),2,False,1,,0.42780000000000007,0.38231545926869925,0.38358140449806577,0.35530285701837516,0.05257425742574262,0.02640264026402639,0.69,0.7425742574257426,0.768976897689769
Olmo-3-7B-Instruct-SFT,olmo3sft,centre,journaliste,suicide3,fin de vie (suicide/letdie),2,False,1,,0.42780000000000007,0.3917263013430057,0.39302340830109506,0.3691577078499928,0.04267326732673271,0.023102310231023118,0.69,0.7326732673267327,0.7557755775577558
Olmo-3-7B-Instruct-SFT,olmo3sft,centre,journaliste,suicide4,fin de vie (suicide/letdie),2,False,1,,0.42780000000000007,0.4677101373503687,0.4692588464144427,0.4568615277369322,0.06293729372937287,0.019801980198019764,0.69,0.6270627062706271,0.6468646864686468
Olmo-3-7B-Instruct-SFT,olmo3sft,centre,journaliste,pornlaw,hors famille,3,False,1,,0.6546000000000001,0.4658802513914757,0.46742290123052027,0.49692295962269484,0.2532673267326733,0.03630363036303632,0.52,0.6171617161716172,0.6254125412541254
Olmo-3-7B-Instruct-SFT,olmo3sft,centre,journaliste,fair,hors famille,3,False,1,,0.6346,0.6374974131076475,0.6396083316940966,0.6399154766961845,0.27528052805280523,0.07590759075907594,,,
Olmo-3-7B-Instruct-SFT,olmo3sft,centre,journaliste,helpful,hors famille,3,False,1,,0.6346,0.6575825899421626,0.659760015736673,0.6467993333986866,0.16613861386138612,0.039603960396039584,,,
Olmo-3-7B-Instruct-SFT,olmo3sft,centre,journaliste,trust,hors famille,3,False,1,,0.6638,0.583864327026762,0.5857976526129434,0.6015096559160867,0.22138613861386142,0.04950495049504955,,,
Olmo-3-7B-Instruct-SFT,olmo3sft,centre,journaliste,tax,hors famille,3,False,1,,0.6177999999999999,0.4798658083630146,0.4814547679933557,0.4658366826781689,0.3203630363036304,0.016501650165016493,0.56,0.8052805280528053,0.8168316831683168
Olmo-3-7B-Instruct-SFT,olmo3sft,centre,journaliste,vote16,hors famille,3,False,1,,0.5191999999999999,0.5565903124965962,0.5584333267763862,0.5253515450554957,0.05894389438943892,0.03300330033003297,,,
Olmo-3-7B-Instruct-SFT,olmo3sft,centre,journaliste,pres16,hors famille,4,False,1,,0.6592,0.687252883704212,0.689528555504557,0.6970122754849744,0.3191419141914192,0.02970297029702971,,,
Olmo-3-7B-Instruct-SFT,olmo3sft,centre,journaliste,if16who,hors famille,3,False,1,,0.6426000000000001,0.6582361206417672,0.6604157104452166,0.6565805095361021,0.07676567656765675,0.013201320132013222,,,
Olmo-3-7B-Instruct-SFT,olmo3sft,centre,journaliste,news,hors famille,5,True,1,"somme 90.0 hors de [95, 105]",,,,,,,,,
Olmo-3-7B-Instruct-SFT,olmo3sft,centre,journaliste,jew,hors famille,5,False,1,,0.6719999999999999,0.5021729895761853,0.5038358140449806,0.4101994357851628,0.2741914191419142,0.08580858085808578,,,
Olmo-3-7B-Instruct-SFT,olmo3sft,centre,journaliste,relig16*,hors famille,5,False,1,,0.76,0.7645655654674379,0.7670972395252771,0.7664172357829843,0.19145214521452145,0.066006600660066,,,
Olmo-3-7B-Instruct-SFT,olmo3sft,centre,journaliste,jew16*,hors famille,5,True,1,"somme 88.0 hors de [95, 105]",,,,,,,,,
Olmo-3-7B-Instruct-SFT,olmo3sft,centre,journaliste,attend,hors famille,9,False,1,,0.7936,0.6971865503382022,0.6994951150744213,0.7097125554139574,0.6032673267326732,0.0495049504950495,,,
Olmo-3-7B-Instruct-SFT,olmo3sft,centre,journaliste,pray,hors famille,6,False,1,,0.7691051933476176,0.8031674454574171,0.8058269403099251,0.8035813482338333,0.17471747174717472,0.02310231023102309,,,
Olmo-3-7B-Instruct-SFT,olmo3sft,centre,journaliste,postlife,hors famille,2,False,1,,0.4967999999999999,0.40653966386737683,0.40788582169475224,0.37251249877463,0.2561716171617162,0.03630363036303631,,,
Olmo-3-7B-Instruct-SFT,olmo3sft,centre,journaliste,bible,hors famille,3,False,1,,0.6482,0.6418107157250379,0.643935916770485,0.6228583254365041,0.10316831683168316,0.04290429042904287,,,
Olmo-3-7B-Instruct-SFT,olmo3sft,centre,journaliste,reborn,hors famille,3,False,1,,0.5049999999999999,0.648215316581163,0.6503617249142132,0.6462111557690423,0.20775577557755776,0.006600660066006597,,,
Olmo-3-7B-Instruct-SFT,olmo3sft,centre,journaliste,savesoul,hors famille,2,False,1,,0.4421999999999999,0.42026380855907375,0.42165541057417,0.4328987354180962,0.029669966996699687,0.01650165016501648,,,
Olmo-3-7B-Instruct-SFT,olmo3sft,centre,journaliste,granborn,hors famille,5,False,1,,0.4434,0.5946911522835452,0.596660328284484,0.6076746288490236,0.6156765676567657,0.023102310231023142,,,
Olmo-3-7B-Instruct-SFT,olmo3sft,centre,journaliste,uscitzn*,hors famille,2,False,1,,0.4927999999999999,0.0,0.0,0.006578875709353005,0.43999999999999995,0.003300330033003265,,,
Olmo-3-7B-Instruct-SFT,olmo3sft,centre,journaliste,fucitzn,hors famille,5,False,1,,0.4302,0.0,0.0,0.019649489701445644,0.26,0.00990099009900996,,,
Olmo-3-7B-Instruct-SFT,olmo3sft,centre,journaliste,mnthsusa,hors famille,6,False,1,,0.7378,0.038819723556514196,0.03894826568749603,0.05167249398207141,0.8601980198019803,0.006600660066006585,,,
Olmo-3-7B-Instruct-SFT,olmo3sft,centre,journaliste,income,hors famille,12,True,1,"somme 124.0 hors de [95, 105]",,,,,,,,,
Olmo-3-7B-Instruct-SFT,olmo3sft,centre,journaliste,othlang,hors famille,2,False,1,,0.4758,0.35883192279624,0.36002010797106193,0.3517302225272032,0.3756765676567657,0.006600660066006583,,,
Olmo-3-7B-Instruct-SFT,olmo3sft,centre,journaliste,health,hors famille,4,False,1,,0.7482,0.6039930725745842,0.6059930496360895,0.6069775294361119,0.3077557755775578,0.056105610561056105,,,
Olmo-3-7B-Instruct-SFT,olmo3sft,centre,journaliste,compuse*,hors famille,2,False,1,,0.38480000000000003,0.08212702458364629,0.08239896837365836,0.12900696010195056,0.2170957095709572,0.026402640264026393,,,
Olmo-3-7B-Instruct-SFT,olmo3sft,centre,journaliste,webmob,hors famille,2,False,1,,0.47119999999999995,0.032458691413695506,0.03256617052433688,0.06997135357100093,0.3634983498349836,0.01980198019801992,,,
Olmo-3-7B-Instruct-SFT,olmo3sft,centre,journaliste,xmovie,hors famille,2,False,1,,0.47119999999999995,0.4677101373503687,0.4692588464144427,0.4823056563082051,0.007062706270627106,0.03300330033003304,,,
Olmo-3-7B-Instruct-SFT,olmo3sft,centre,journaliste,usewww*,hors famille,2,False,1,,0.4421999999999999,0.032458691413695506,0.03256617052433688,0.038819723556514196,0.3134983498349836,0.003300330033003375,,,
Olmo-3-7B-Instruct-SFT,olmo3sft,centre,journaliste,life,hors famille,3,False,1,,0.5922,0.5185548257796078,0.5202718947391428,0.5158317811979217,0.19079207920792074,0.03960396039603964,,,
Olmo-3-7B-Instruct-SFT,olmo3sft,centre,journaliste,richwork,hors famille,2,False,1,,0.46619999999999995,0.47097779084839186,0.4725373199571613,0.47838447211057744,0.009537953795379556,0.01650165016501648,,,
Olmo-3-7B-Instruct-SFT,olmo3sft,centre,adversaire,natspac/y,depenses publiques (nat*),3,False,1,,0.5962,0.5941683277238615,0.596135772517649,0.607696413205677,0.19508250825082507,0.04620462046204621,0.38,0.5528052805280528,0.5808580858085808
Olmo-3-7B-Instruct-SFT,olmo3sft,centre,adversaire,natenvir/y,depenses publiques (nat*),3,False,1,,0.5962,0.4427452646254725,0.44421130854807334,0.46352754087289916,0.3362706270627063,0.033003300330032986,0.38,0.17656765676567654,0.18646864686468645
Olmo-3-7B-Instruct-SFT,olmo3sft,centre,adversaire,natheal/y,depenses publiques (nat*),3,False,1,,0.5962,0.4368199196157241,0.43826634319061053,0.3936868934418194,0.3230693069306931,0.06600660066006604,0.38,0.16336633663366334,0.14356435643564355
Olmo-3-7B-Instruct-SFT,olmo3sft,centre,adversaire,natcity/y,depenses publiques (nat*),3,False,1,,0.5962,0.6171072552799834,0.619150656787533,0.641767147011731,0.13567656765676567,0.05280528052805285,0.38,0.5082508250825082,0.504950495049505
Olmo-3-7B-Instruct-SFT,olmo3sft,centre,adversaire,natdrug/y,depenses publiques (nat*),3,False,1,,0.5962,0.5409273600627389,0.5427185102616221,0.5376379222080623,0.18775577557755777,0.0033003300330033195,0.38,0.2524752475247525,0.24917491749174916
Olmo-3-7B-Instruct-SFT,olmo3sft,centre,adversaire,nateduc/y,depenses publiques (nat*),3,False,1,,0.6177999999999999,0.46065200579463894,0.46217734356217083,0.4717184589746103,0.37646864686468645,0.013201320132013167,0.44,0.18646864686468645,0.19306930693069305
Olmo-3-7B-Instruct-SFT,olmo3sft,centre,adversaire,natrace/y,depenses publiques (nat*),3,False,1,,0.5962,0.631746342951127,0.6338382182589121,0.6239039745558715,0.06801980198019807,0.019801980198019806,0.38,0.429042904290429,0.41254125412541254
Olmo-3-7B-Instruct-SFT,olmo3sft,centre,adversaire,natarms/y,depenses publiques (nat*),3,False,1,,0.6177999999999999,0.6169111960701021,0.61895394837497,0.6195906719384809,0.11528052805280528,0.006600660066006611,0.56,0.44719471947194717,0.45214521452145207
Olmo-3-7B-Instruct-SFT,olmo3sft,centre,adversaire,nataid/y,depenses publiques (nat*),3,False,1,,0.5962,0.39451469899465197,0.3958210390575481,0.4076070973433976,0.6125742574257427,0.01650165016501648,0.38,0.858085808580858,0.8465346534653465
Olmo-3-7B-Instruct-SFT,olmo3sft,centre,adversaire,natfare/y,depenses publiques (nat*),3,False,1,,0.5962,0.40745460684682333,0.40880379428671343,0.39473254256118684,0.3692739273927393,0.00990099009900991,0.38,0.15676567656765675,0.1485148514851485
Olmo-3-7B-Instruct-SFT,olmo3sft,centre,adversaire,natroad,depenses publiques (nat*),3,False,1,,0.6177999999999999,0.5754337810018627,0.5773391908727298,0.5910313803657594,0.11574257425742575,0.046204620462046195,0.44,0.33168316831683164,0.32838283828382836
Olmo-3-7B-Instruct-SFT,olmo3sft,centre,adversaire,natsoc,depenses publiques (nat*),3,False,1,,0.5962,0.46378895315274105,0.4653246781631805,0.4593449443954296,0.2834653465346535,0.03630363036303631,0.38,0.1815181518151815,0.17986798679867982
Olmo-3-7B-Instruct-SFT,olmo3sft,centre,adversaire,natmass,depenses publiques (nat*),3,False,1,,0.5962,0.5503164177803919,0.5521386575743666,0.5643019747519307,0.08085808580858089,0.046204620462046195,0.38,0.38943894389438943,0.36303630363036304
Olmo-3-7B-Instruct-SFT,olmo3sft,centre,adversaire,natpark,depenses publiques (nat*),3,False,1,,0.5962,0.43642780119596125,0.43787292636548425,0.48993018113692566,0.21287128712871287,0.05940594059405936,0.38,0.4158415841584158,0.3927392739273927
Olmo-3-7B-Instruct-SFT,olmo3sft,centre,adversaire,natchld,depenses publiques (nat*),3,False,1,,0.5962,0.5512313607598384,0.5530566301663279,0.5430840113714341,0.1382508250825083,0.0363036303630363,0.38,0.2755775577557755,0.25742574257425743
Olmo-3-7B-Instruct-SFT,olmo3sft,centre,adversaire,natsci,depenses publiques (nat*),3,False,1,,0.5962,0.5196004748989751,0.5213210062728127,0.5534751494951475,0.11386138613861388,0.03630363036303631,0.38,0.3795379537953795,0.3910891089108911
Olmo-3-7B-Instruct-SFT,olmo3sft,centre,adversaire,natenrgy,depenses publiques (nat*),3,False,1,,0.5962,0.5766537049744579,0.5785631543286779,0.5809016545218879,0.10194719471947193,0.029702970297029722,0.38,0.3085808580858086,0.3036303630363036
Olmo-3-7B-Instruct-SFT,olmo3sft,centre,adversaire,uswary,hors famille,2,False,1,,0.46619999999999995,0.4940692089010881,0.49570519965903864,0.4869239399187444,0.1844554455445545,0.02640264026402639,,,
Olmo-3-7B-Instruct-SFT,olmo3sft,centre,adversaire,prayer,hors famille,2,False,1,,0.4758,0.4624818917535317,0.46401328874609304,0.47254626452744286,0.026963696369637025,0.01980198019801982,0.39,0.363036303630363,0.3828382838283828
Olmo-3-7B-Instruct-SFT,olmo3sft,centre,adversaire,courts,hors famille,3,False,1,,0.6177999999999999,0.5815551852214924,0.5834808646427556,0.5920988138417802,0.3512541254125413,0.016501650165016507,0.44,0.7062706270627063,0.693069306930693
Olmo-3-7B-Instruct-SFT,olmo3sft,centre,adversaire,discaffw,hors famille,4,False,1,,0.7176,0.6964023134986767,0.6987082814241689,0.6857933318084284,0.2507590759075907,0.03300330033003298,0.6333333333333333,0.45214521452145207,0.4279427942794279
Olmo-3-7B-Instruct-SFT,olmo3sft,centre,adversaire,discaffm,hors famille,4,False,1,,0.7176,0.690825518195384,0.6931130199112626,0.6920672265246327,0.12356435643564355,0.036303630363036306,0.3666666666666667,0.36853685368536854,0.38833883388338836
Olmo-3-7B-Instruct-SFT,olmo3sft,centre,adversaire,fehire,roles de genre (fe*),5,True,1,"somme 90.0 hors de [95, 105]",,,,,,,,,
Olmo-3-7B-Instruct-SFT,olmo3sft,centre,adversaire,fechld,roles de genre (fe*),4,False,1,,0.7176,0.6313542245313641,0.6334448014337858,0.6357110958620615,0.4784818481848184,0.0396039603960396,0.6333333333333333,0.2926292629262926,0.27722772277227714
Olmo-3-7B-Instruct-SFT,olmo3sft,centre,adversaire,fepresch,roles de genre (fe*),4,False,1,,0.6906000000000001,0.6070646668627259,0.6090748147662448,0.6510037142328093,0.11557755775577558,0.0627062706270627,0.41666666666666674,0.3432343234323433,0.34543454345434543
Olmo-3-7B-Instruct-SFT,olmo3sft,centre,adversaire,fefam,roles de genre (fe*),4,True,1,"somme 90.0 hors de [95, 105]",,,,,,,,,
Olmo-3-7B-Instruct-SFT,olmo3sft,centre,adversaire,fepol,roles de genre (fe*),2,False,1,,0.46619999999999995,0.3657593482120489,0.3669704718816252,0.4149048568223159,0.12907590759075907,0.05280528052805278,0.37,0.2409240924092409,0.2937293729372937
Olmo-3-7B-Instruct-SFT,olmo3sft,centre,adversaire,mobile16,hors famille,3,False,1,,0.6264000000000001,0.6585411016349161,0.6607217013092038,0.6616780489930182,0.22264026402640263,0.016501650165016507,,,
Olmo-3-7B-Instruct-SFT,olmo3sft,centre,adversaire,incom16,hors famille,5,False,1,,0.7516,0.6481063947978956,0.6502524424627892,0.6563408816129138,0.3081848184818482,0.029702970297029736,,,
Olmo-3-7B-Instruct-SFT,olmo3sft,centre,adversaire,dwelown16,hors famille,3,False,1,,0.6177999999999999,0.4713263405548477,0.472887023801718,0.4760753303053079,0.3467656765676568,0.013201320132013201,,,
Olmo-3-7B-Instruct-SFT,olmo3sft,centre,adversaire,divorced,hors famille,2,False,1,,0.46619999999999995,0.40937163023233025,0.410727165431775,0.41216002788397654,0.08287128712871286,0.003300330033003257,,,
Olmo-3-7B-Instruct-SFT,olmo3sft,centre,adversaire,posslq/y,hors famille,4,False,1,,0.5791999999999999,0.6762735679508546,0.6785128844010229,0.6660567046803691,0.31155115511551157,0.0231023102310231,,,
Olmo-3-7B-Instruct-SFT,olmo3sft,centre,adversaire,wrkstat,hors famille,8,True,1,"somme 110.0 hors de [95, 105]",,,,,,,,,
Olmo-3-7B-Instruct-SFT,olmo3sft,centre,adversaire,evwork,hors famille,2,False,1,,0.47119999999999995,0.19923972595279338,0.19989946014469004,0.20939123615331834,0.26778877887788777,0.00660066006600659,,,
Olmo-3-7B-Instruct-SFT,olmo3sft,centre,adversaire,wrkgovt1,hors famille,2,False,1,,0.4032,0.2575346643575247,0.258387428146788,0.2575346643575247,0.12818481848184826,0.0,,,
Olmo-3-7B-Instruct-SFT,olmo3sft,centre,adversaire,wrkgovt2,hors famille,2,False,1,,0.4421999999999999,0.48583472208607004,0.4874434463313881,0.48897166944417225,0.08584158415841586,0.009900990099009882,,,
Olmo-3-7B-Instruct-SFT,olmo3sft,centre,adversaire,partfull,hors famille,3,False,1,,0.5696,0.6335762289100197,0.6356741634428343,0.6244921521855156,0.27643564356435646,0.029702970297029715,,,
Olmo-3-7B-Instruct-SFT,olmo3sft,centre,adversaire,wksub1,hors famille,3,False,1,,0.5696,0.643379189404089,0.6455095840709899,0.622945462863118,0.33584158415841586,0.04620462046204621,,,
Olmo-3-7B-Instruct-SFT,olmo3sft,centre,adversaire,wksup1,hors famille,3,False,1,,0.5962,0.6232504438562669,0.6253141870478439,0.6182400418259648,0.308943894389439,0.009900990099009868,,,
Olmo-3-7B-Instruct-SFT,olmo3sft,centre,adversaire,conarmy,confiance dans les institutions (con*),3,False,1,,0.6177999999999999,0.5893539849034408,0.5913054881647104,0.5841693080199111,0.16524752475247526,0.04290429042904289,0.56,0.6831683168316831,0.6716171617161716
Olmo-3-7B-Instruct-SFT,olmo3sft,centre,adversaire,conbus,confiance dans les institutions (con*),3,False,1,,0.6177999999999999,0.5544990142578614,0.5563351037090464,0.5287499046934396,0.19118811881188116,0.029702970297029695,0.56,0.41254125412541254,0.4075907590759076
Olmo-3-7B-Instruct-SFT,olmo3sft,centre,adversaire,conclerg,confiance dans les institutions (con*),3,False,1,,0.6177999999999999,0.5701837510483723,0.5720717767140953,0.572362186713721,0.314950495049505,0.08250825082508254,0.56,0.2904290429042904,0.33168316831683164
Olmo-3-7B-Instruct-SFT,olmo3sft,centre,adversaire,coneduc,confiance dans les institutions (con*),3,False,1,,0.6177999999999999,0.5541722489080592,0.5560072563547745,0.5477022949819735,0.10396039603960397,0.009900990099009896,0.44,0.4636963696369637,0.457095709570957
Olmo-3-7B-Instruct-SFT,olmo3sft,centre,adversaire,confed,confiance dans les institutions (con*),3,False,1,,0.6177999999999999,0.5904432027361153,0.59239831267895,0.5975666873618055,0.21594059405940597,0.026402640264026396,0.44,0.6468646864686468,0.6254125412541254
Olmo-3-7B-Instruct-SFT,olmo3sft,centre,adversaire,confinan,confiance dans les institutions (con*),3,False,1,,0.6008,0.5814244790815715,0.5833497257010468,0.5783746691500833,0.16198019801980196,0.009900990099009882,0.61,0.4834983498349835,0.4752475247524752
Olmo-3-7B-Instruct-SFT,olmo3sft,centre,adversaire,conjudge,confiance dans les institutions (con*),3,False,1,,0.6177999999999999,0.6028820703852563,0.6048783686315651,0.5913145770022548,0.14828382838283832,0.019801980198019764,0.56,0.42079207920792083,0.4207920792079207
Olmo-3-7B-Instruct-SFT,olmo3sft,centre,adversaire,conlabor,confiance dans les institutions (con*),3,False,1,,0.6177999999999999,0.5342395625701185,0.5360085677441917,0.550316417780392,0.13178217821782176,0.026402640264026403,0.44,0.5066006600660066,0.523102310231023
Olmo-3-7B-Instruct-SFT,olmo3sft,centre,adversaire,conlegis,confiance dans les institutions (con*),3,False,1,,0.6177999999999999,0.5809016545218879,0.582825169934212,0.5550436231741988,0.2852475247524753,0.06930693069306929,,,
Olmo-3-7B-Instruct-SFT,olmo3sft,centre,adversaire,conmedic,confiance dans les institutions (con*),3,False,1,,0.6177999999999999,0.5768497641843393,0.578759862741241,0.5923602261216221,0.0777887788778878,0.05280528052805284,0.44,0.3795379537953795,0.3564356435643564
Olmo-3-7B-Instruct-SFT,olmo3sft,centre,adversaire,conpress,confiance dans les institutions (con*),3,False,1,,0.6177999999999999,0.5640405624720889,0.5659082464537845,0.5764140770512696,0.25554455445544555,0.016501650165016493,0.44,0.6864686468646863,0.6732673267326732
Olmo-3-7B-Instruct-SFT,olmo3sft,centre,adversaire,consci,confiance dans les institutions (con*),3,False,1,,0.5962,0.5888747290570643,0.5908246453784453,0.5823394220610181,0.07554455445544556,0.033003300330033,0.38,0.33003300330033,0.3399339933993399
Olmo-3-7B-Instruct-SFT,olmo3sft,centre,adversaire,contv,confiance dans les institutions (con*),3,False,1,,0.6177999999999999,0.570532300754828,0.5724214805586518,0.5827315404807808,0.23904290429042901,0.01650165016501655,,,
Olmo-3-7B-Instruct-SFT,olmo3sft,centre,adversaire,joblose,hors famille,5,False,1,,0.7846,0.6558616257665371,0.6580333530041745,0.6545763487239813,0.3087788778877888,0.013201320132013201,,,
Olmo-3-7B-Instruct-SFT,olmo3sft,centre,adversaire,jobfind,hors famille,4,False,1,,0.7176,0.6965765883519046,0.6988831333464472,0.6881242579703516,0.11518151815181514,0.013201320132013195,,,
Olmo-3-7B-Instruct-SFT,olmo3sft,centre,adversaire,happy,hors famille,3,False,1,,0.6177999999999999,0.5862606062586457,0.5882018665442703,0.5736692481129302,0.10537953795379534,0.04620462046204621,,,
Olmo-3-7B-Instruct-SFT,olmo3sft,centre,adversaire,hapmar,hors famille,4,False,1,,0.6941999999999999,0.5918156172052849,0.5937752715668917,0.5968695879488939,0.5108580858085809,0.02640264026402642,,,
Olmo-3-7B-Instruct-SFT,olmo3sft,centre,adversaire,satjob,hors famille,5,True,1,"somme 90.0 hors de [95, 105]",,,,,,,,,
Olmo-3-7B-Instruct-SFT,olmo3sft,centre,adversaire,spdeg*,hors famille,6,True,1,"somme 109.0 hors de [95, 105]",,,,,,,,,
Olmo-3-7B-Instruct-SFT,olmo3sft,centre,adversaire,spjew,hors famille,5,True,1,"somme 88.0 hors de [95, 105]",,,,,,,,,
Olmo-3-7B-Instruct-SFT,olmo3sft,centre,adversaire,spfund,hors famille,4,False,1,,0.6142,0.44372556067487945,0.4451948506108889,0.44004400440044,0.6430693069306931,0.016501650165016545,,,
Olmo-3-7B-Instruct-SFT,olmo3sft,centre,adversaire,unemp,hors famille,2,False,1,,0.4032,0.47838447211057744,0.4799685266539899,0.49171649838251164,0.116039603960396,0.03960396039603961,,,
Olmo-3-7B-Instruct-SFT,olmo3sft,centre,adversaire,union1,hors famille,4,False,1,,0.4786,0.1669553093923255,0.1675081415426312,0.20106961191168615,0.21089108910891088,0.01980198019801975,,,
Olmo-3-7B-Instruct-SFT,olmo3sft,centre,adversaire,spkath/y,libertes civiles (spk/col/lib),2,False,1,,0.46619999999999995,0.35530285701837516,0.356479356544926,0.37582372098596006,0.13897689768976898,0.01980198019801982,0.37,0.231023102310231,0.2508250825082508
Olmo-3-7B-Instruct-SFT,olmo3sft,centre,adversaire,colath,libertes civiles (spk/col/lib),2,False,1,,0.46619999999999995,0.3917263013430057,0.39302340830109506,0.4228779313574922,0.36267326732673266,0.0363036303630363,0.63,0.2673267326732673,0.3036303630363036
Olmo-3-7B-Instruct-SFT,olmo3sft,centre,adversaire,spkrac/y,libertes civiles (spk/col/lib),2,False,1,,0.46619999999999995,0.497598274678953,0.49924595108517467,0.4990796109313902,0.09534653465346532,0.013201320132013222,,,
Olmo-3-7B-Instruct-SFT,olmo3sft,centre,adversaire,colrac,libertes civiles (spk/col/lib),2,False,1,,0.46619999999999995,0.4487577470618349,0.4502436998666754,0.4466228801097931,0.030066006600660083,0.0033003300330033125,,,
Olmo-3-7B-Instruct-SFT,olmo3sft,centre,adversaire,librac/y,libertes civiles (spk/col/lib),2,False,1,,0.46619999999999995,0.4954198390136044,0.49706030205669577,0.4965961942728927,0.08214521452145215,0.0066006600660065695,,,
Olmo-3-7B-Instruct-SFT,olmo3sft,centre,adversaire,spkcom/y,libertes civiles (spk/col/lib),2,False,1,,0.46619999999999995,0.4508490453005697,0.45234192293401526,0.4352950146499799,0.2867656765676567,0.023102310231023132,0.63,0.3432343234323432,0.3201320132013201
Olmo-3-7B-Instruct-SFT,olmo3sft,centre,adversaire,colcom/y,libertes civiles (spk/col/lib),2,False,1,,0.46619999999999995,0.4568615277369322,0.4583743142526174,0.4444444444444444,0.01686468646864686,0.019801980198019792,0.37,0.3531353135313531,0.3333333333333333
Olmo-3-7B-Instruct-SFT,olmo3sft,centre,adversaire,libcom/y,libertes civiles (spk/col/lib),2,False,1,,0.46619999999999995,0.4036641287891165,0.4050007649771599,0.4228779313574922,0.08947194719471951,0.023102310231023132,0.37,0.2805280528052805,0.3036303630363036
Olmo-3-7B-Instruct-SFT,olmo3sft,centre,adversaire,spkhomo/y,libertes civiles (spk/col/lib),2,False,1,,0.46619999999999995,0.15140127874173537,0.15190260747929077,0.16773954623185094,0.28749174917491754,0.009900990099009965,0.37,0.0825082508250825,0.0924092409240924
Olmo-3-7B-Instruct-SFT,olmo3sft,centre,adversaire,colhomo,libertes civiles (spk/col/lib),2,False,1,,0.46619999999999995,0.1458680521517497,0.14635105894695416,0.16233702578178622,0.5507920792079208,0.009900990099009965,0.63,0.0792079207920792,0.0891089108910891
Olmo-3-7B-Instruct-SFT,olmo3sft,centre,adversaire,libhomo/y,libertes civiles (spk/col/lib),2,False,1,,0.46619999999999995,0.25291638074698564,0.2537538522064127,0.29713862475356434,0.22148514851485146,0.03300330033003297,0.37,0.1485148514851485,0.1815181518151815
Olmo-3-7B-Instruct-SFT,olmo3sft,centre,adversaire,cappun,hors famille,2,False,1,,0.4992,0.42026380855907375,0.42165541057417,0.4228779313574922,0.21966996699669972,0.0033003300330033125,0.48,0.6996699669966997,0.6963696369636964
Olmo-3-7B-Instruct-SFT,olmo3sft,centre,adversaire,polhitok/y,hors famille,2,False,1,,0.46619999999999995,0.4810421636223028,0.4826350184687342,0.4835255802808004,0.2273597359735974,0.006600660066006597,0.37,0.5973597359735974,0.5907590759075908
Olmo-3-7B-Instruct-SFT,olmo3sft,centre,adversaire,polabuse/y,hors famille,2,False,1,,0.46619999999999995,0.11754838850221683,0.11793762157672746,0.14029125684845734,0.30729372937293725,0.013201320132013222,0.37,0.0627062706270627,0.0759075907590759
Olmo-3-7B-Instruct-SFT,olmo3sft,centre,adversaire,polattak/y,hors famille,2,False,1,,0.42780000000000007,0.46065200579463883,0.4621773435621707,0.4487577470618349,0.33026402640264024,0.01980198019801982,0.31,0.6402640264026402,0.6600660066006601
Olmo-3-7B-Instruct-SFT,olmo3sft,centre,adversaire,grass,hors famille,2,False,1,,0.4992,0.38863292269821037,0.38991978668065475,0.37251249877463,0.255973597359736,0.016501650165016493,0.52,0.264026402640264,0.2475247524752475
Olmo-3-7B-Instruct-SFT,olmo3sft,centre,adversaire,gunlaw,hors famille,2,False,1,,0.4992,0.4568615277369322,0.4583743142526174,0.4466228801097931,0.16686468646864688,0.016501650165016535,0.52,0.3531353135313531,0.3366336633663366
Olmo-3-7B-Instruct-SFT,olmo3sft,centre,adversaire,owngun,hors famille,2,False,1,,0.4902000000000001,0.40074502499754927,0.40207199527899806,0.41216002788397654,0.1527722772277228,0.013201320132013167,,,
Olmo-3-7B-Instruct-SFT,olmo3sft,centre,adversaire,hunt1,hors famille,4,False,1,,0.5791999999999999,0.19009029615832873,0.19071973422507815,0.21799605703144576,0.2976897689768977,0.016501650165016493,,,
Olmo-3-7B-Instruct-SFT,olmo3sft,centre,adversaire,class,hors famille,4,False,1,,0.6654,0.672265246326613,0.6744912901886216,0.656972627955865,0.4335643564356436,0.0627062706270627,,,
Olmo-3-7B-Instruct-SFT,olmo3sft,centre,adversaire,satfin,hors famille,3,False,1,,0.6426000000000001,0.6575825899421626,0.659760015736673,0.6497402215469072,0.10023102310231026,0.04950495049504949,,,
Olmo-3-7B-Instruct-SFT,olmo3sft,centre,adversaire,finalter,hors famille,3,False,1,,0.6546000000000001,0.6313106558180572,0.6334010884532163,0.6456665468527052,0.07237623762376233,0.04950495049504948,,,
Olmo-3-7B-Instruct-SFT,olmo3sft,centre,adversaire,finrela,hors famille,5,False,1,,0.7516,0.6935485627770698,0.6958450811968613,0.7175549238092127,0.30488448844884486,0.10891089108910894,,,
Olmo-3-7B-Instruct-SFT,olmo3sft,centre,adversaire,racdif1,hors famille,2,False,1,,0.46619999999999995,0.4997331416309948,0.5013878871330841,0.4997331416309948,0.11844884488448848,0.0,0.63,0.5115511551155115,0.5115511551155115
Olmo-3-7B-Instruct-SFT,olmo3sft,centre,adversaire,racdif2,hors famille,2,False,1,,0.13019999999999987,0.1346708928318574,0.13511682294057215,0.1458680521517497,0.002607260726072619,0.006600660066006583,0.07,0.0726072607260726,0.0792079207920792
Olmo-3-7B-Instruct-SFT,olmo3sft,centre,adversaire,racdif3,hors famille,2,False,1,,0.46619999999999995,0.4869239399187444,0.4885362708456276,0.492544303935344,0.04914191419141911,0.01980198019801982,0.63,0.5808580858085809,0.5610561056105611
Olmo-3-7B-Instruct-SFT,olmo3sft,centre,adversaire,racdif4,hors famille,2,False,1,,0.13019999999999987,0.4279754708144081,0.4293926081349856,0.4328987354180962,0.24023102310231023,0.0066006600660065695,0.07,0.3102310231023102,0.3168316831683168
Olmo-3-7B-Instruct-SFT,olmo3sft,centre,adversaire,wlthwhts,hors famille,7,False,1,,0.824,0.5842346610898714,0.5861692129477849,0.5961942728926358,0.4618811881188119,0.023102310231023104,,,
Olmo-3-7B-Instruct-SFT,olmo3sft,centre,adversaire,wlthblks,hors famille,7,False,1,,0.8156,0.6516790292890676,0.6538369068694949,0.6630504634621879,0.35848184818481843,0.049504950495049535,,,
Olmo-3-7B-Instruct-SFT,olmo3sft,centre,adversaire,wlthhsps,hors famille,7,True,1,"somme 110.0 hors de [95, 105]",,,,,,,,,
Olmo-3-7B-Instruct-SFT,olmo3sft,centre,adversaire,racwork,hors famille,7,True,1,"somme 92.0 hors de [95, 105]",,,,,,,,,
Olmo-3-7B-Instruct-SFT,olmo3sft,centre,adversaire,letin1a,hors famille,5,False,1,,0.7534000000000001,0.7041357601106646,0.7064673354752694,0.701064165822523,0.13118811881188117,0.029702970297029726,0.5775,0.6443894389438943,0.6402640264026402
Olmo-3-7B-Instruct-SFT,olmo3sft,centre,adversaire,getahead,hors famille,3,False,1,,0.6646000000000001,0.5466566458626061,0.548466767206522,0.5377686283479832,0.2605940594059406,0.023102310231023142,0.525,0.6749174917491749,0.6666666666666666
Olmo-3-7B-Instruct-SFT,olmo3sft,centre,adversaire,aged,hors famille,3,False,1,,0.6426000000000001,0.5147207790085939,0.5164251524490197,0.487577470618349,0.21036303630363035,0.029702970297029736,,,
Olmo-3-7B-Instruct-SFT,olmo3sft,centre,adversaire,parsol,hors famille,5,False,1,,0.7866,0.7637595442712588,0.7662885493847397,0.7754577437941814,0.15066006600660065,0.07260726072607263,,,
Olmo-3-7B-Instruct-SFT,olmo3sft,centre,adversaire,kidssol,hors famille,6,False,1,,0.8074,0.8080907100611052,0.8107665071142877,0.8075678855014214,0.27046204620462044,0.0627062706270627,,,
Olmo-3-7B-Instruct-SFT,olmo3sft,centre,adversaire,spanking,hors famille,4,False,1,,0.7176,0.7247873302181704,0.7271872882652504,0.7199294186844427,0.21115511551155114,0.03960396039603961,0.3666666666666667,0.5192519251925193,0.5269526952695269
Olmo-3-7B-Instruct-SFT,olmo3sft,centre,adversaire,divlaw,hors famille,3,False,1,,0.6597999999999999,0.6126632465226722,0.614691932769436,0.622139441666939,0.1381848184818481,0.016501650165016493,0.49,0.38778877887788776,0.3976897689768977
Olmo-3-7B-Instruct-SFT,olmo3sft,centre,adversaire,sexeduc,hors famille,2,False,1,,0.4758,0.2291714319946847,0.2299302777959916,0.18368569530220347,0.25798679867986796,0.029702970297029715,0.39,0.132013201320132,0.1023102310231023
Olmo-3-7B-Instruct-SFT,olmo3sft,centre,adversaire,pillok,hors famille,4,False,1,,0.7176,0.6929821695040792,0.6952768124494569,0.6943327996165953,0.36957095709570953,0.006600660066006583,0.6333333333333333,0.3784378437843784,0.38283828382838275
Olmo-3-7B-Instruct-SFT,olmo3sft,centre,adversaire,xmarsex,hors famille,4,False,1,,0.5091999999999999,0.5532355215719593,0.5550674272725287,0.5933187378143756,0.6815841584158415,0.06930693069306927,0.18666666666666668,0.7986798679867987,0.781078107810781
Olmo-3-7B-Instruct-SFT,olmo3sft,centre,adversaire,homosex,hors famille,4,False,1,,0.6306,0.5965863913123987,0.5985618429392608,0.5882211983574595,0.17198019801980197,0.03300330033003304,0.2666666666666667,0.3157315731573157,0.2992299229922992
Olmo-3-7B-Instruct-SFT,olmo3sft,centre,adversaire,marhomo,hors famille,5,False,1,,0.7878000000000001,0.6934614253504559,0.6957576552357222,0.6914572645383351,0.35194719471947195,0.03630363036303631,0.5825,0.2863036303630363,0.2838283828382838
Olmo-3-7B-Instruct-SFT,olmo3sft,centre,adversaire,discaff,hors famille,3,False,1,,0.5976,0.5802045551089763,0.5821257622450987,0.5912274395756407,0.061848184818481866,0.02640264026402643,0.35,0.30693069306930687,0.3135313531353135
Olmo-3-7B-Instruct-SFT,olmo3sft,centre,adversaire,abdefect,avortement (ab*),2,False,1,,0.47119999999999995,0.2575346643575247,0.258387428146788,0.2755721116666122,0.22818481848184824,0.013201320132013222,0.38,0.1518151815181518,0.165016501650165
Olmo-3-7B-Instruct-SFT,olmo3sft,centre,adversaire,abnomore,avortement (ab*),2,False,1,,0.47119999999999995,0.4279754708144081,0.4293926081349856,0.47973510222309357,0.0697689768976898,0.08910891089108908,0.38,0.3102310231023102,0.3993399339933993
Olmo-3-7B-Instruct-SFT,olmo3sft,centre,adversaire,abhlth,avortement (ab*),2,False,1,,0.46619999999999995,0.12900696010195056,0.12943413546652655,0.12900696010195056,0.30069306930693074,0.0,0.37,0.0693069306930693,0.0693069306930693
Olmo-3-7B-Instruct-SFT,olmo3sft,centre,adversaire,abpoor,avortement (ab*),2,False,1,,0.4758,0.4149048568223159,0.41627871396411165,0.4508490453005697,0.09627062706270631,0.04950495049504955,0.39,0.2937293729372937,0.3432343234323432
Olmo-3-7B-Instruct-SFT,olmo3sft,centre,adversaire,abrape,avortement (ab*),2,False,1,,0.4758,0.16773954623185094,0.16829497519288356,0.17309849796860877,0.2975907590759076,0.0033003300330033195,0.39,0.0924092409240924,0.0957095709570957
Olmo-3-7B-Instruct-SFT,olmo3sft,centre,adversaire,absingle,avortement (ab*),2,False,1,,0.4758,0.4549009356381183,0.4564072301269862,0.4879695890381117,0.04016501650165019,0.0726072607260726,0.39,0.3498349834983498,0.4224422442244224
Olmo-3-7B-Instruct-SFT,olmo3sft,centre,adversaire,abany,avortement (ab*),2,False,1,,0.47119999999999995,0.46601095753139676,0.4675540401722292,0.4769902732847542,0.010363036303630363,0.023102310231023077,0.38,0.3696369636963696,0.3927392739273927
Olmo-3-7B-Instruct-SFT,olmo3sft,centre,adversaire,letdie1,fin de vie (suicide/letdie),2,False,1,,0.4992,0.35530285701837516,0.356479356544926,0.37582372098596006,0.288976897689769,0.01980198019801982,0.52,0.231023102310231,0.2508250825082508
Olmo-3-7B-Instruct-SFT,olmo3sft,centre,adversaire,suicide1,fin de vie (suicide/letdie),2,False,1,,0.46619999999999995,0.3444542474049386,0.3455948243831006,0.35883192279624,0.40887788778877887,0.013201320132013167,0.63,0.2211221122112211,0.2343234323432343
Olmo-3-7B-Instruct-SFT,olmo3sft,centre,adversaire,suicide2,fin de vie (suicide/letdie),2,False,1,,0.46619999999999995,0.38231545926869925,0.38358140449806577,0.35530285701837516,0.11257425742574259,0.02640264026402639,0.63,0.7425742574257426,0.768976897689769
Olmo-3-7B-Instruct-SFT,olmo3sft,centre,adversaire,suicide3,fin de vie (suicide/letdie),2,False,1,,0.46619999999999995,0.3917263013430057,0.39302340830109506,0.3691577078499928,0.10267326732673268,0.023102310231023118,0.63,0.7326732673267327,0.7557755775577558
Olmo-3-7B-Instruct-SFT,olmo3sft,centre,adversaire,suicide4,fin de vie (suicide/letdie),2,False,1,,0.46619999999999995,0.4677101373503687,0.4692588464144427,0.4568615277369322,0.002937293729372903,0.019801980198019764,0.63,0.6270627062706271,0.6468646864686468
Olmo-3-7B-Instruct-SFT,olmo3sft,centre,adversaire,pornlaw,hors famille,3,False,1,,0.6546000000000001,0.4658802513914757,0.46742290123052027,0.49692295962269484,0.2532673267326733,0.03630363036303632,0.52,0.6171617161716172,0.6254125412541254
Olmo-3-7B-Instruct-SFT,olmo3sft,centre,adversaire,fair,hors famille,3,False,1,,0.6177999999999999,0.6374974131076475,0.6396083316940966,0.6399154766961845,0.11056105610561057,0.07590759075907594,,,
Olmo-3-7B-Instruct-SFT,olmo3sft,centre,adversaire,helpful,hors famille,3,False,1,,0.6646000000000001,0.6575825899421626,0.659760015736673,0.6467993333986866,0.11257425742574256,0.039603960396039584,,,
Olmo-3-7B-Instruct-SFT,olmo3sft,centre,adversaire,trust,hors famille,3,False,1,,0.6646000000000001,0.583864327026762,0.5857976526129434,0.6015096559160867,0.23138613861386137,0.04950495049504955,,,
Olmo-3-7B-Instruct-SFT,olmo3sft,centre,adversaire,tax,hors famille,3,False,1,,0.6177999999999999,0.4798658083630146,0.4814547679933557,0.4658366826781689,0.3203630363036304,0.016501650165016493,0.56,0.8052805280528053,0.8168316831683168
Olmo-3-7B-Instruct-SFT,olmo3sft,centre,adversaire,vote16,hors famille,3,False,1,,0.5191999999999999,0.5565903124965962,0.5584333267763862,0.5253515450554957,0.05894389438943892,0.03300330033003297,,,
Olmo-3-7B-Instruct-SFT,olmo3sft,centre,adversaire,pres16,hors famille,4,False,1,,0.655,0.687252883704212,0.689528555504557,0.6970122754849744,0.3191419141914192,0.02970297029702971,,,
Olmo-3-7B-Instruct-SFT,olmo3sft,centre,adversaire,if16who,hors famille,3,False,1,,0.5962,0.6582361206417672,0.6604157104452166,0.6565805095361021,0.15676567656765675,0.013201320132013222,,,
Olmo-3-7B-Instruct-SFT,olmo3sft,centre,adversaire,news,hors famille,5,False,1,,0.7558,0.7172063741027568,0.7195812296461433,0.7338278382293675,0.18006600660066005,0.0363036303630363,,,
Olmo-3-7B-Instruct-SFT,olmo3sft,centre,adversaire,jew,hors famille,5,False,1,,0.6719999999999999,0.5021729895761853,0.5038358140449806,0.4101994357851628,0.2741914191419142,0.08580858085808578,,,
Olmo-3-7B-Instruct-SFT,olmo3sft,centre,adversaire,relig16*,hors famille,5,False,1,,0.7572,0.7645655654674379,0.7670972395252771,0.7664172357829843,0.17174917491749175,0.066006600660066,,,
Olmo-3-7B-Instruct-SFT,olmo3sft,centre,adversaire,jew16*,hors famille,5,True,1,"somme 88.0 hors de [95, 105]",,,,,,,,,
Olmo-3-7B-Instruct-SFT,olmo3sft,centre,adversaire,attend,hors famille,9,False,1,,0.8563098708871304,0.6971865503382022,0.6994951150744213,0.7097125554139574,0.5406142655081835,0.0495049504950495,,,
Olmo-3-7B-Instruct-SFT,olmo3sft,centre,adversaire,pray,hors famille,6,False,1,,0.8,0.8031674454574171,0.8058269403099251,0.8035813482338333,0.18336633663366336,0.02310231023102309,,,
Olmo-3-7B-Instruct-SFT,olmo3sft,centre,adversaire,postlife,hors famille,2,False,1,,0.4992,0.40653966386737683,0.40788582169475224,0.37251249877463,0.2361716171617162,0.03630363036303631,,,
Olmo-3-7B-Instruct-SFT,olmo3sft,centre,adversaire,bible,hors famille,3,False,1,,0.6177999999999999,0.6418107157250379,0.643935916770485,0.6228583254365041,0.12683168316831683,0.04290429042904287,,,
Olmo-3-7B-Instruct-SFT,olmo3sft,centre,adversaire,reborn,hors famille,3,False,1,,0.5962,0.648215316581163,0.6503617249142132,0.6462111557690423,0.16702970297029704,0.006600660066006597,,,
Olmo-3-7B-Instruct-SFT,olmo3sft,centre,adversaire,savesoul,hors famille,2,False,1,,0.4992,0.42026380855907375,0.42165541057417,0.4328987354180962,0.17966996699669968,0.01650165016501648,,,
Olmo-3-7B-Instruct-SFT,olmo3sft,centre,adversaire,granborn,hors famille,5,True,1,"somme 90.0 hors de [95, 105]",,,,,,,,,
Olmo-3-7B-Instruct-SFT,olmo3sft,centre,adversaire,uscitzn*,hors famille,2,False,1,,0.01980000000000004,0.0,0.0,0.006578875709353005,0.010000000000000005,0.003300330033003265,,,
Olmo-3-7B-Instruct-SFT,olmo3sft,centre,adversaire,fucitzn,hors famille,5,False,1,,0.4296,0.0,0.0,0.019649489701445644,0.26,0.00990099009900996,,,
Olmo-3-7B-Instruct-SFT,olmo3sft,centre,adversaire,mnthsusa,hors famille,6,False,1,,0.7605999999999999,0.038819723556514196,0.03894826568749603,0.05167249398207141,0.8001980198019802,0.006600660066006585,,,
Olmo-3-7B-Instruct-SFT,olmo3sft,centre,adversaire,income,hors famille,12,False,1,,0.916281179138322,0.7080569443082922,0.7104015037265315,0.7218464420699495,0.4556341348420556,0.0594059405940594,,,
Olmo-3-7B-Instruct-SFT,olmo3sft,centre,adversaire,othlang,hors famille,2,False,1,,0.19579999999999997,0.35883192279624,0.36002010797106193,0.3517302225272032,0.6556765676567657,0.006600660066006583,,,
Olmo-3-7B-Instruct-SFT,olmo3sft,centre,adversaire,health,hors famille,4,False,1,,0.7474000000000001,0.6039930725745842,0.6059930496360895,0.6069775294361119,0.27858085808580857,0.056105610561056105,,,
Olmo-3-7B-Instruct-SFT,olmo3sft,centre,adversaire,compuse*,hors famille,2,False,1,,0.34319999999999995,0.08212702458364629,0.08239896837365836,0.12900696010195056,0.17709570957095716,0.026402640264026393,,,
Olmo-3-7B-Instruct-SFT,olmo3sft,centre,adversaire,webmob,hors famille,2,False,1,,0.34319999999999995,0.032458691413695506,0.03256617052433688,0.06997135357100093,0.20349834983498355,0.01980198019801992,,,
Olmo-3-7B-Instruct-SFT,olmo3sft,centre,adversaire,xmovie,hors famille,2,False,1,,0.47119999999999995,0.4677101373503687,0.4692588464144427,0.4823056563082051,0.007062706270627106,0.03300330033003304,,,
Olmo-3-7B-Instruct-SFT,olmo3sft,centre,adversaire,usewww*,hors famille,2,False,1,,0.34319999999999995,0.032458691413695506,0.03256617052433688,0.038819723556514196,0.20349834983498355,0.003300330033003375,,,
Olmo-3-7B-Instruct-SFT,olmo3sft,centre,adversaire,life,hors famille,3,False,1,,0.6177999999999999,0.5185548257796078,0.5202718947391428,0.5158317811979217,0.12046204620462046,0.03960396039603964,,,
Olmo-3-7B-Instruct-SFT,olmo3sft,centre,adversaire,richwork,hors famille,2,False,1,,0.4992,0.47097779084839186,0.4725373199571613,0.47838447211057744,0.10046204620462043,0.01650165016501648,,,
Olmo-3-7B-Instruct-SFT,olmo3sft,droite,journaliste,natspac/y,depenses publiques (nat*),3,False,1,,0.5962,0.6121897227464074,0.6140392385250975,0.6248911307882131,0.1772289156626506,0.021084337349397533,0.38,0.5496987951807228,0.5391566265060241
Olmo-3-7B-Instruct-SFT,olmo3sft,droite,journaliste,natenvir/y,depenses publiques (nat*),3,False,1,,0.5962,0.6627776164900567,0.6647799657845886,0.6561003048337931,0.15963855421686746,0.03313253012048198,0.38,0.4563253012048193,0.4292168674698794
Olmo-3-7B-Instruct-SFT,olmo3sft,droite,journaliste,natheal/y,depenses publiques (nat*),3,False,1,,0.5962,0.5467593264624764,0.548411167327922,0.5067317462621572,0.22939759036144586,0.04819277108433733,0.38,0.25903614457831314,0.2259036144578312
Olmo-3-7B-Instruct-SFT,olmo3sft,droite,journaliste,natcity/y,depenses publiques (nat*),3,False,1,,0.5962,0.5874764116707796,0.5892512648782442,0.5944984758310351,0.39710843373493976,0.030120481927710815,0.38,0.6987951807228916,0.6867469879518072
Olmo-3-7B-Instruct-SFT,olmo3sft,droite,journaliste,natdrug/y,depenses publiques (nat*),3,False,1,,0.5962,0.607707940194513,0.6095439158446475,0.6302983016402962,0.16867469879518066,0.04518072289156631,0.38,0.32831325301204817,0.3659638554216867
Olmo-3-7B-Instruct-SFT,olmo3sft,droite,journaliste,nateduc/y,depenses publiques (nat*),3,False,1,,0.6177999999999999,0.5686057482943823,0.5703235904342445,0.5760088546958919,0.27433734939759047,0.009036144578313282,0.44,0.2906626506024096,0.2996987951807229
Olmo-3-7B-Instruct-SFT,olmo3sft,droite,journaliste,natrace/y,depenses publiques (nat*),3,False,1,,0.5962,0.5905610393380752,0.5923452116623595,0.5877304398316157,0.36698795180722893,0.021084337349397575,0.38,0.6897590361445782,0.6882530120481927
Olmo-3-7B-Instruct-SFT,olmo3sft,droite,journaliste,natarms/y,depenses publiques (nat*),3,False,1,,0.5962,0.6302620119030338,0.6321661267426201,0.612516330381768,0.1295180722891566,0.036144578313252976,0.62,0.6310240963855421,0.6566265060240963
Olmo-3-7B-Instruct-SFT,olmo3sft,droite,journaliste,nataid/y,depenses publiques (nat*),3,False,1,,0.5962,0.2487117143271882,0.2494631092345211,0.21975250399187107,0.7284337349397592,0.018072289156626453,0.38,0.9171686746987951,0.9307228915662651
Olmo-3-7B-Instruct-SFT,olmo3sft,droite,journaliste,natfare/y,depenses publiques (nat*),3,False,1,,0.5962,0.6179235012338511,0.6197903396061588,0.614675569748875,0.19879518072289154,0.009036144578313199,0.38,0.34638554216867457,0.3403614457831325
Olmo-3-7B-Instruct-SFT,olmo3sft,droite,journaliste,natroad,depenses publiques (nat*),3,False,1,,0.5962,0.544073885905066,0.5457176136570451,0.5503520104514443,0.1902409638554217,0.03915662650602406,0.38,0.25451807228915657,0.2680722891566264
Olmo-3-7B-Instruct-SFT,olmo3sft,droite,journaliste,natsoc,depenses publiques (nat*),3,False,1,,0.5962,0.49119973871389166,0.49268372583991554,0.475486282479315,0.2836144578313254,0.015060240963855366,0.38,0.20783132530120474,0.19427710843373489
Olmo-3-7B-Instruct-SFT,olmo3sft,droite,journaliste,natmass,depenses publiques (nat*),3,False,1,,0.5962,0.5700573377848744,0.5717795653914753,0.5744483959936131,0.1139759036144578,0.015060240963855456,0.38,0.45331325301204817,0.466867469879518
Olmo-3-7B-Instruct-SFT,olmo3sft,droite,journaliste,natpark,depenses publiques (nat*),3,False,1,,0.5962,0.49932863986064735,0.5008371856004077,0.49323196400058067,0.15963855421686748,0.02108433734939756,0.38,0.4382530120481927,0.41716867469879515
Olmo-3-7B-Instruct-SFT,olmo3sft,droite,journaliste,natchld,depenses publiques (nat*),3,False,1,,0.5962,0.6241834809115981,0.6260692316092163,0.6085788938888081,0.054216867469879526,0.042168674698795205,0.38,0.39156626506024095,0.39457831325301207
Olmo-3-7B-Instruct-SFT,olmo3sft,droite,journaliste,natsci,depenses publiques (nat*),3,False,1,,0.5962,0.56241834809116,0.5641174971790487,0.5552511249818551,0.15313253012048195,0.009036144578313227,0.38,0.4849397590361445,0.48644578313253006
Olmo-3-7B-Instruct-SFT,olmo3sft,droite,journaliste,natenrgy,depenses publiques (nat*),3,False,1,,0.5962,0.6592393671069822,0.6612310268263387,0.6511286108288576,0.17120481927710843,0.036144578313253045,0.38,0.5030120481927711,0.5256024096385543
Olmo-3-7B-Instruct-SFT,olmo3sft,droite,journaliste,uswary,hors famille,2,False,1,,0.46619999999999995,0.4764842502540282,0.47792377971098904,0.4709682101901582,0.23843373493975908,0.01204819277108432,,,
Olmo-3-7B-Instruct-SFT,olmo3sft,droite,journaliste,prayer,hors famille,2,False,1,,0.13019999999999987,0.5,0.5015105740181269,0.49853026564087677,0.43000000000000005,0.02710843373493979,0.07,0.5,0.4728915662650602
Olmo-3-7B-Instruct-SFT,olmo3sft,droite,journaliste,courts,hors famille,3,False,1,,0.6177999999999999,0.4278560023225433,0.42914861864375947,0.39018725504427343,0.5389156626506024,0.030120481927710843,0.44,0.8192771084337349,0.8433734939759037
Olmo-3-7B-Instruct-SFT,olmo3sft,droite,journaliste,discaffw,hors famille,4,False,1,,0.7176,0.7227645521846422,0.7249481308921487,0.7196799245173466,0.12807228915662647,0.04216867469879528,0.6333333333333333,0.5592369477911646,0.5572289156626504
Olmo-3-7B-Instruct-SFT,olmo3sft,droite,journaliste,discaffm,hors famille,4,False,1,,0.7176,0.7178472927856003,0.7200160157245297,0.7206053128175353,0.17626506024096383,0.07228915662650601,0.3666666666666667,0.46787148594377503,0.5140562248995983
Olmo-3-7B-Instruct-SFT,olmo3sft,droite,journaliste,fehire,roles de genre (fe*),5,False,1,,0.7163681799250312,0.77821527072144,0.7805663742583628,0.7793402525765714,0.33071059749200893,0.0512048192771084,0.6836734693877551,0.5587349397590361,0.5805722891566264
Olmo-3-7B-Instruct-SFT,olmo3sft,droite,journaliste,fechld,roles de genre (fe*),4,False,1,,0.5792,0.6650457250689505,0.6670549266552617,0.6901400783858325,0.5530120481927709,0.045180722891566244,0.6399999999999999,0.33333333333333326,0.3514056224899598
Olmo-3-7B-Instruct-SFT,olmo3sft,droite,journaliste,fepresch,roles de genre (fe*),4,False,1,,0.6906000000000001,0.6896683118014226,0.691751901867288,0.6878538249383075,0.0962650602409639,0.04216867469879516,0.41666666666666674,0.43473895582329314,0.41767068273092367
Olmo-3-7B-Instruct-SFT,olmo3sft,droite,journaliste,fefam,roles de genre (fe*),4,True,1,"somme 94.0 hors de [95, 105]",,,,,,,,,
Olmo-3-7B-Instruct-SFT,olmo3sft,droite,journaliste,fepol,roles de genre (fe*),2,False,1,,0.34319999999999995,0.4867723907678908,0.4882430022203618,0.4997096821019016,0.3613253012048193,0.06927710843373494,0.78,0.4186746987951807,0.4879518072289157
Olmo-3-7B-Instruct-SFT,olmo3sft,droite,journaliste,mobile16,hors famille,3,False,1,,0.5962,0.6639025983451879,0.6659083463764424,0.6631042241254174,0.1621686746987952,0.006024096385542188,,,
Olmo-3-7B-Instruct-SFT,olmo3sft,droite,journaliste,incom16,hors famille,5,False,1,,0.7674000000000001,0.6380280156771665,0.6399555927638045,0.6506568442444478,0.36903614457831335,0.048192771084337394,,,
Olmo-3-7B-Instruct-SFT,olmo3sft,droite,journaliste,dwelown16,hors famille,3,False,1,,0.6177999999999999,0.3921287559878066,0.39331343500891786,0.40072942371897224,0.4339759036144579,0.006024096385542223,,,
Olmo-3-7B-Instruct-SFT,olmo3sft,droite,journaliste,divorced,hors famille,2,False,1,,0.46619999999999995,0.46645013790100165,0.4678593528191316,0.45991798519378724,0.000481927710843405,0.012048192771084376,,,
Olmo-3-7B-Instruct-SFT,olmo3sft,droite,journaliste,posslq/y,hors famille,4,False,1,,0.5686,0.6408949049208884,0.6428311433043352,0.6377558426476992,0.36722891566265053,0.015060240963855397,,,
Olmo-3-7B-Instruct-SFT,olmo3sft,droite,journaliste,wrkstat,hors famille,8,False,1,,0.8170421340371382,0.7597800841921906,0.7620754923015326,0.7502903178980985,0.41452216633524386,0.0301204819277109,,,
Olmo-3-7B-Instruct-SFT,olmo3sft,droite,journaliste,evwork,hors famille,2,False,1,,0.4927999999999999,0.09174045579910017,0.09201761729698266,0.10255479750326635,0.39180722891566266,0.006024096385542219,,,
Olmo-3-7B-Instruct-SFT,olmo3sft,droite,journaliste,wrkgovt1,hors famille,2,False,1,,0.46619999999999995,0.276437073595587,0.2772722309176281,0.2723907678908406,0.2043373493975904,0.0030120481927710524,,,
Olmo-3-7B-Instruct-SFT,olmo3sft,droite,journaliste,wrkgovt2,hors famille,2,False,1,,0.4927999999999999,0.3896066192480767,0.39078367852072954,0.3951952387864712,0.1749397590361446,0.006024096385542216,,,
Olmo-3-7B-Instruct-SFT,olmo3sft,droite,journaliste,partfull,hors famille,3,False,1,,0.5696,0.6037705037015532,0.6055945837731591,0.5931376106836987,0.27132530120481935,0.027108433734939777,,,
Olmo-3-7B-Instruct-SFT,olmo3sft,droite,journaliste,wksub1,hors famille,3,False,1,,0.5962,0.6181049499201625,0.6199723364758126,0.6096131514007839,0.34036144578313254,0.03614457831325299,,,
Olmo-3-7B-Instruct-SFT,olmo3sft,droite,journaliste,wksup1,hors famille,3,False,1,,0.5962,0.6452133836551024,0.6471626688020967,0.6582776890695311,0.25855421686746993,0.04819277108433735,,,
Olmo-3-7B-Instruct-SFT,olmo3sft,droite,journaliste,conarmy,confiance dans les institutions (con*),3,False,1,,0.605,0.5507149078240674,0.5523786990863758,0.5664102191900131,0.16506024096385546,0.02710843373493982,0.6,0.7274096385542168,0.7168674698795181
Olmo-3-7B-Instruct-SFT,olmo3sft,droite,journaliste,conbus,confiance dans les institutions (con*),3,False,1,,0.6177999999999999,0.5243141239657427,0.525898154551742,0.5512592538830019,0.1654216867469879,0.033132530120481965,0.56,0.46385542168674687,0.45331325301204817
Olmo-3-7B-Instruct-SFT,olmo3sft,droite,journaliste,conclerg,confiance dans les institutions (con*),3,False,1,,0.6177999999999999,0.6315321527072144,0.633440104830197,0.6302983016402962,0.12024096385542175,0.006024096385542091,0.56,0.45180722891566255,0.4457831325301205
Olmo-3-7B-Instruct-SFT,olmo3sft,droite,journaliste,coneduc,confiance dans les institutions (con*),3,False,1,,0.6177999999999999,0.5998875018144869,0.6016998507625669,0.6064196545217013,0.1353012048192771,0.054216867469879484,0.44,0.5587349397590362,0.5963855421686747
Olmo-3-7B-Instruct-SFT,olmo3sft,droite,journaliste,confed,confiance dans les institutions (con*),3,False,1,,0.605,0.5365619102917696,0.5381829432533762,0.5229351139497749,0.4283132530120482,0.024096385542168683,0.4,0.7545180722891566,0.7680722891566265
Olmo-3-7B-Instruct-SFT,olmo3sft,droite,journaliste,confinan,confiance dans les institutions (con*),3,False,1,,0.605,0.5644687182464798,0.5661740618061369,0.5695492814632022,0.16626506024096388,0.021084337349397575,0.6,0.48042168674698793,0.463855421686747
Olmo-3-7B-Instruct-SFT,olmo3sft,droite,journaliste,conjudge,confiance dans les institutions (con*),3,False,1,,0.6177999999999999,0.6273588329220496,0.6292541768281587,0.6298265350558863,0.030361445783132532,0.015060240963855373,0.56,0.575301204819277,0.5617469879518072
Olmo-3-7B-Instruct-SFT,olmo3sft,droite,journaliste,conlabor,confiance dans les institutions (con*),3,False,1,,0.6177999999999999,0.5814341704166063,0.5831907691187713,0.612498185513137,0.20759036144578313,0.04819277108433737,0.44,0.6475903614457831,0.6144578313253012
Olmo-3-7B-Instruct-SFT,olmo3sft,droite,journaliste,conlegis,confiance dans les institutions (con*),3,False,1,,0.6177999999999999,0.5375780229351139,0.5392021257234376,0.5422412541733199,0.3672289156626506,0.012048192771084324,,,
Olmo-3-7B-Instruct-SFT,olmo3sft,droite,journaliste,conmedic,confiance dans les institutions (con*),3,False,1,,0.6177999999999999,0.6175061692553345,0.619371746805955,0.6062019160981275,0.015301204819277145,0.03313253012048191,0.44,0.4277108433734939,0.4457831325301204
Olmo-3-7B-Instruct-SFT,olmo3sft,droite,journaliste,conpress,confiance dans les institutions (con*),3,False,1,,0.6177999999999999,0.4544382348671796,0.4558111600480472,0.43346276672956896,0.48771084337349396,0.030120481927710874,0.44,0.8237951807228916,0.8358433734939759
Olmo-3-7B-Instruct-SFT,olmo3sft,droite,journaliste,consci,confiance dans les institutions (con*),3,False,1,,0.6177999999999999,0.6238387284076063,0.6257234375568741,0.594988387284076,0.0359036144578313,0.045180722891566286,0.44,0.4759036144578313,0.45331325301204817
Olmo-3-7B-Instruct-SFT,olmo3sft,droite,journaliste,contv,confiance dans les institutions (con*),3,False,1,,0.6177999999999999,0.5451988677601974,0.546845994248899,0.5429126143126723,0.3672289156626507,0.027108433734939756,,,
Olmo-3-7B-Instruct-SFT,olmo3sft,droite,journaliste,joblose,hors famille,5,False,1,,0.7866,0.6388626796341995,0.6407927783642122,0.6566990854986211,0.32831325301204817,0.03915662650602417,,,
Olmo-3-7B-Instruct-SFT,olmo3sft,droite,journaliste,jobfind,hors famille,4,False,1,,0.6906000000000001,0.7048011322398027,0.7069304407964184,0.7071962548991146,0.21759036144578314,0.03012048192771094,,,
Olmo-3-7B-Instruct-SFT,olmo3sft,droite,journaliste,happy,hors famille,3,False,1,,0.5976,0.5831216431993033,0.584883340006552,0.5545071853679779,0.20915662650602404,0.06325301204819275,,,
Olmo-3-7B-Instruct-SFT,olmo3sft,droite,journaliste,hapmar,hors famille,4,False,1,,0.6958,0.6581325301204821,0.6601208459214504,0.6618159384526057,0.35289156626506024,0.027108433734939794,,,
Olmo-3-7B-Instruct-SFT,olmo3sft,droite,journaliste,satjob,hors famille,5,False,1,,0.7558,0.6966177964871534,0.69872238197503,0.7107889388880825,0.15469879518072296,0.04819277108433736,,,
Olmo-3-7B-Instruct-SFT,olmo3sft,droite,journaliste,spdeg*,hors famille,6,True,1,"somme 109.0 hors de [95, 105]",,,,,,,,,
Olmo-3-7B-Instruct-SFT,olmo3sft,droite,journaliste,spjew,hors famille,5,True,1,"somme 94.0 hors de [95, 105]",,,,,,,,,
Olmo-3-7B-Instruct-SFT,olmo3sft,droite,journaliste,spfund,hors famille,4,False,1,,0.6952,0.5531100304833794,0.5547810577658066,0.565303382203513,0.5084337349397592,0.027108433734939753,,,
Olmo-3-7B-Instruct-SFT,olmo3sft,droite,journaliste,unemp,hors famille,2,False,1,,0.46619999999999995,0.43896066192480765,0.44028682706657446,0.4709682101901582,0.04469879518072287,0.05421686746987947,,,
Olmo-3-7B-Instruct-SFT,olmo3sft,droite,journaliste,union1,hors famille,4,False,1,,0.4,0.13732036580055162,0.13773523095402762,0.12630643054144308,0.167710843373494,0.006024096385542111,,,
Olmo-3-7B-Instruct-SFT,olmo3sft,droite,journaliste,spkath/y,libertes civiles (spk/col/lib),2,False,1,,0.34319999999999995,0.3430650312091741,0.3441014814545191,0.33624256060386126,0.00012048192771088595,0.00602409638554216,0.22,0.2198795180722891,0.2138554216867469
Olmo-3-7B-Instruct-SFT,olmo3sft,droite,journaliste,colath,libertes civiles (spk/col/lib),2,False,1,,0.34319999999999995,0.44511177239076805,0.4464565209478399,0.4279830164029612,0.11433734939759037,0.02409638554216867,0.22,0.3343373493975903,0.3102409638554217
Olmo-3-7B-Instruct-SFT,olmo3sft,droite,journaliste,spkrac/y,libertes civiles (spk/col/lib),2,False,1,,0.4608,0.5,0.5015105740181269,0.49274205254753967,0.14,0.060240963855421686,,,
Olmo-3-7B-Instruct-SFT,olmo3sft,droite,journaliste,colrac,libertes civiles (spk/col/lib),2,False,1,,0.4608,0.4724016548120191,0.4738288501437775,0.4802402380606764,0.022530120481927707,0.01807228915662651,,,
Olmo-3-7B-Instruct-SFT,olmo3sft,droite,journaliste,librac/y,libertes civiles (spk/col/lib),2,False,1,,0.34319999999999995,0.4764842502540282,0.47792377971098904,0.4709682101901582,0.3884337349397591,0.01204819277108432,,,
Olmo-3-7B-Instruct-SFT,olmo3sft,droite,journaliste,spkcom/y,libertes civiles (spk/col/lib),2,False,1,,0.039200000000000124,0.46645013790100165,0.4678593528191316,0.43248294382348684,0.6095180722891567,0.054216867469879554,0.98,0.3704819277108434,0.3162650602409638
Olmo-3-7B-Instruct-SFT,olmo3sft,droite,journaliste,colcom/y,libertes civiles (spk/col/lib),2,False,1,,0.34319999999999995,0.469498475831035,0.4709169002293161,0.4737988096966178,0.40349397590361447,0.009036144578313282,0.78,0.3765060240963855,0.3855421686746988
Olmo-3-7B-Instruct-SFT,olmo3sft,droite,journaliste,libcom/y,libertes civiles (spk/col/lib),2,False,1,,0.34319999999999995,0.43896066192480765,0.44028682706657446,0.4160981274495573,0.45469879518072287,0.030120481927710885,0.78,0.3253012048192771,0.2951807228915662
Olmo-3-7B-Instruct-SFT,olmo3sft,droite,journaliste,spkhomo/y,libertes civiles (spk/col/lib),2,False,1,,0.13019999999999987,0.16439250979822884,0.1648891639063806,0.18861590942081574,0.8396385542168676,0.01506024096385545,0.93,0.0903614457831325,0.1054216867469879
Olmo-3-7B-Instruct-SFT,olmo3sft,droite,journaliste,colhomo,libertes civiles (spk/col/lib),2,False,1,,0.13019999999999987,0.1838438089708232,0.18439922833327282,0.1980512411090145,0.8275903614457831,0.009036144578313282,0.93,0.1024096385542168,0.1114457831325301
Olmo-3-7B-Instruct-SFT,olmo3sft,droite,journaliste,libhomo/y,libertes civiles (spk/col/lib),2,False,1,,0.46619999999999995,0.3658005516040064,0.3669056892221454,0.3896066192480767,0.12903614457831328,0.02409638554216867,0.37,0.2409638554216867,0.2650602409638554
Olmo-3-7B-Instruct-SFT,olmo3sft,droite,journaliste,cappun,hors famille,2,False,1,,0.34319999999999995,0.3075010886921179,0.308430095002366,0.29225939904195086,0.03024096385542166,0.01204819277108439,0.78,0.8102409638554217,0.822289156626506
Olmo-3-7B-Instruct-SFT,olmo3sft,droite,journaliste,polhitok/y,hors famille,2,False,1,,0.13019999999999987,0.3497423428654377,0.35079896625778045,0.32927493104949934,0.7040963855421687,0.01807228915662651,0.07,0.7740963855421686,0.7921686746987951
Olmo-3-7B-Instruct-SFT,olmo3sft,droite,journaliste,polabuse/y,hors famille,2,False,1,,0.46619999999999995,0.16439250979822884,0.1648891639063806,0.14942299317752927,0.27963855421686756,0.009036144578313275,0.37,0.0903614457831325,0.0813253012048192
Olmo-3-7B-Instruct-SFT,olmo3sft,droite,journaliste,polattak/y,hors famille,2,False,1,,0.42780000000000007,0.41109014370735963,0.41233210788774444,0.37799390332414007,0.40084337349397586,0.036144578313253045,0.31,0.7108433734939759,0.7469879518072289
Olmo-3-7B-Instruct-SFT,olmo3sft,droite,journaliste,grass,hors famille,2,False,1,,0.46619999999999995,0.4546378284221222,0.4560113566046664,0.45991798519378724,0.2806024096385542,0.009036144578313227,0.63,0.3493975903614458,0.358433734939759
Olmo-3-7B-Instruct-SFT,olmo3sft,droite,journaliste,gunlaw,hors famille,2,False,1,,0.34319999999999995,0.4997096821019016,0.5012193790266808,0.4947561329655974,0.26795180722891565,0.03915662650602411,0.22,0.4879518072289157,0.4487951807228915
Olmo-3-7B-Instruct-SFT,olmo3sft,droite,journaliste,owngun,hors famille,2,False,1,,0.4902000000000001,0.4814196545217013,0.48287409456557356,0.4886594571055305,0.026385542168674697,0.021084337349397547,,,
Olmo-3-7B-Instruct-SFT,olmo3sft,droite,journaliste,hunt1,hors famille,4,False,1,,0.7242,0.33306720859340977,0.3340734539365923,0.33827478589055016,0.4772289156626507,0.012048192771084362,,,
Olmo-3-7B-Instruct-SFT,olmo3sft,droite,journaliste,class,hors famille,4,False,1,,0.6654,0.6342901727391493,0.6362064572489353,0.6240746116998114,0.3719277108433735,0.051204819277108383,,,
Olmo-3-7B-Instruct-SFT,olmo3sft,droite,journaliste,satfin,hors famille,3,False,1,,0.5962,0.6585680069676295,0.6605576384086194,0.6529430976919728,0.1440963855421687,0.07530120481927705,,,
Olmo-3-7B-Instruct-SFT,olmo3sft,droite,journaliste,finalter,hors famille,3,False,1,,0.6177999999999999,0.6567716649731457,0.6587558693990464,0.6449593554942663,0.21963855421686745,0.04216867469879515,,,
Olmo-3-7B-Instruct-SFT,olmo3sft,droite,journaliste,finrela,hors famille,5,False,1,,0.7798,0.7258673247205691,0.7280602773632295,0.7071599651618523,0.3272289156626506,0.054216867469879505,,,
Olmo-3-7B-Instruct-SFT,olmo3sft,droite,journaliste,racdif1,hors famille,2,False,1,,0.46619999999999995,0.32927493104949934,0.33026971936082716,0.318551313688489,0.16216867469879517,0.009036144578313268,0.63,0.7921686746987951,0.8012048192771084
Olmo-3-7B-Instruct-SFT,olmo3sft,droite,journaliste,racdif2,hors famille,2,False,1,,0.13019999999999987,0.13412686892146897,0.13453208604811995,0.1790354187835681,0.002289156626506035,0.027108433734939735,0.07,0.072289156626506,0.0993975903614457
Olmo-3-7B-Instruct-SFT,olmo3sft,droite,journaliste,racdif3,hors famille,2,False,1,,0.46619999999999995,0.38675787487298596,0.38792632766716423,0.3719698069385977,0.10795180722891565,0.015060240963855456,0.63,0.7379518072289156,0.7530120481927711
Olmo-3-7B-Instruct-SFT,olmo3sft,droite,journaliste,racdif4,hors famille,2,False,1,,0.13019999999999987,0.4993467847292785,0.5008553852873731,0.5,0.41192771084337354,0.01807228915662651,0.07,0.4819277108433735,0.5
Olmo-3-7B-Instruct-SFT,olmo3sft,droite,journaliste,wlthwhts,hors famille,7,True,1,"somme 110.0 hors de [95, 105]",,,,,,,,,
Olmo-3-7B-Instruct-SFT,olmo3sft,droite,journaliste,wlthblks,hors famille,7,False,1,,0.8046,0.656227318914211,0.6582098787900849,0.6501306430541443,0.29722891566265075,0.04518072289156628,,,
Olmo-3-7B-Instruct-SFT,olmo3sft,droite,journaliste,wlthhsps,hors famille,7,True,1,"somme 110.0 hors de [95, 105]",,,,,,,,,
Olmo-3-7B-Instruct-SFT,olmo3sft,droite,journaliste,racwork,hors famille,7,True,1,"somme 110.0 hors de [95, 105]",,,,,,,,,
Olmo-3-7B-Instruct-SFT,olmo3sft,droite,journaliste,letin1a,hors famille,5,False,1,,0.7654000000000001,0.5724343155755552,0.5741637243839407,0.5498802438670345,0.39216867469879524,0.03012048192771089,0.5625,0.8268072289156626,0.8373493975903614
Olmo-3-7B-Instruct-SFT,olmo3sft,droite,journaliste,getahead,hors famille,3,False,1,,0.6634,0.4832159965161853,0.48467586357514664,0.5146610538539701,0.30385542168674695,0.05120481927710842,0.515,0.802710843373494,0.7740963855421688
Olmo-3-7B-Instruct-SFT,olmo3sft,droite,journaliste,aged,hors famille,3,False,1,,0.6335999999999999,0.5617651328204383,0.5634623084482946,0.5104332994629119,0.2862650602409639,0.07530120481927706,,,
Olmo-3-7B-Instruct-SFT,olmo3sft,droite,journaliste,parsol,hors famille,5,False,1,,0.78,0.7805922485121208,0.7829505332508282,0.7898824212512702,0.09385542168674699,0.04819277108433747,,,
Olmo-3-7B-Instruct-SFT,olmo3sft,droite,journaliste,kidssol,hors famille,6,False,1,,0.8158,0.8089889679198723,0.8114330433516544,0.8066301349978227,0.2825301204819277,0.018072289156626505,,,
Olmo-3-7B-Instruct-SFT,olmo3sft,droite,journaliste,spanking,hors famille,4,False,1,,0.7176,0.7087567136013935,0.7108979725548721,0.7161598200029031,0.3497590361445783,0.027108433734939784,0.3666666666666667,0.6255020080321285,0.605421686746988
Olmo-3-7B-Instruct-SFT,olmo3sft,droite,journaliste,divlaw,hors famille,3,False,1,,0.6177999999999999,0.626796341994484,0.6286899865322317,0.6283749455653942,0.08710843373493975,0.024096385542168752,0.44,0.5240963855421686,0.5436746987951806
Olmo-3-7B-Instruct-SFT,olmo3sft,droite,journaliste,sexeduc,hors famille,2,False,1,,0.4967999999999999,0.4185476847147628,0.4198121792305174,0.4160981274495573,0.16180722891566265,0.003012048192771094,0.46,0.2981927710843373,0.2951807228915662
Olmo-3-7B-Instruct-SFT,olmo3sft,droite,journaliste,pillok,hors famille,4,False,1,,0.6654,0.733433734939759,0.7356495468277946,0.7341595296850052,0.2659036144578314,0.02409638554216867,0.6866666666666666,0.5572289156626505,0.5572289156626504
Olmo-3-7B-Instruct-SFT,olmo3sft,droite,journaliste,xmarsex,hors famille,4,False,1,,0.5686,0.4476157642618669,0.4489680777490629,0.4421723036725216,0.6865060240963856,0.024096385542168655,0.23333333333333336,0.8554216867469879,0.8674698795180722
Olmo-3-7B-Instruct-SFT,olmo3sft,droite,journaliste,homosex,hors famille,4,False,1,,0.5331999999999999,0.6549934678472928,0.6569723000764388,0.6633038176803601,0.41084337349397604,0.04518072289156626,0.18000000000000002,0.5542168674698795,0.5763052208835341
Olmo-3-7B-Instruct-SFT,olmo3sft,droite,journaliste,marhomo,hors famille,5,False,1,,0.598,0.7745318623893164,0.77687183780439,0.7841486427638265,0.5156626506024096,0.03915662650602405,0.6575,0.49924698795180705,0.5150602409638554
Olmo-3-7B-Instruct-SFT,olmo3sft,droite,journaliste,discaff,hors famille,3,False,1,,0.5976,0.64612062708666,0.6480726531503659,0.6386086514733634,0.13903614457831326,0.01807228915662651,0.35,0.48343373493975894,0.4743975903614457
Olmo-3-7B-Instruct-SFT,olmo3sft,droite,journaliste,abdefect,avortement (ab*),2,False,1,,0.46619999999999995,0.44511177239076805,0.4464565209478399,0.4509362752213675,0.29566265060240965,0.009036144578313282,0.63,0.3343373493975903,0.3433734939759036
Olmo-3-7B-Instruct-SFT,olmo3sft,droite,journaliste,abnomore,avortement (ab*),2,False,1,,0.34319999999999995,0.44511177239076805,0.4464565209478399,0.4279830164029612,0.44566265060240967,0.02409638554216867,0.22,0.6656626506024096,0.6897590361445783
Olmo-3-7B-Instruct-SFT,olmo3sft,droite,journaliste,abhlth,avortement (ab*),2,False,1,,0.34319999999999995,0.20734141384816374,0.2079678229534452,0.21193206561184508,0.10253012048192774,0.003012048192771115,0.22,0.1174698795180722,0.1204819277108433
Olmo-3-7B-Instruct-SFT,olmo3sft,droite,journaliste,abpoor,avortement (ab*),2,False,1,,0.34319999999999995,0.452805196690376,0.45417318822116265,0.43025112498185514,0.43361445783132535,0.033132530120481896,0.22,0.6536144578313253,0.6867469879518072
Olmo-3-7B-Instruct-SFT,olmo3sft,droite,journaliste,abrape,avortement (ab*),2,False,1,,0.34319999999999995,0.3658005516040064,0.3669056892221454,0.375,0.02096385542168673,0.009036144578313282,0.22,0.2409638554216867,0.25
Olmo-3-7B-Instruct-SFT,olmo3sft,droite,journaliste,absingle,avortement (ab*),2,False,1,,0.34319999999999995,0.43683771229496304,0.4381574636916246,0.4233379300333866,0.457710843373494,0.01807228915662648,0.22,0.677710843373494,0.6957831325301205
Olmo-3-7B-Instruct-SFT,olmo3sft,droite,journaliste,abany,avortement (ab*),2,False,1,,0.34319999999999995,0.4085317172303673,0.4097659520256252,0.4085317172303673,0.493855421686747,0.0,0.22,0.713855421686747,0.713855421686747
Olmo-3-7B-Instruct-SFT,olmo3sft,droite,journaliste,letdie1,fin de vie (suicide/letdie),2,False,1,,0.42780000000000007,0.4709682101901582,0.47239107487351223,0.463256641021919,0.3104819277108434,0.015060240963855415,0.69,0.3795180722891566,0.3644578313253012
Olmo-3-7B-Instruct-SFT,olmo3sft,droite,journaliste,suicide1,fin de vie (suicide/letdie),2,False,1,,0.46619999999999995,0.4581942226738278,0.4595784952498817,0.4546378284221222,0.2745783132530121,0.006024096385542105,0.63,0.3554216867469879,0.3493975903614458
Olmo-3-7B-Instruct-SFT,olmo3sft,droite,journaliste,suicide2,fin de vie (suicide/letdie),2,False,1,,0.46619999999999995,0.22993177529394693,0.2306264332253486,0.23434097837131662,0.2374698795180723,0.003012048192771108,0.63,0.8674698795180723,0.8644578313253012
Olmo-3-7B-Instruct-SFT,olmo3sft,droite,journaliste,suicide3,fin de vie (suicide/letdie),2,False,1,,0.46619999999999995,0.24735084917985195,0.2480981327121174,0.24305051531426902,0.22542168674698798,0.003012048192771108,0.63,0.8554216867469879,0.858433734939759
Olmo-3-7B-Instruct-SFT,olmo3sft,droite,journaliste,suicide4,fin de vie (suicide/letdie),2,False,1,,0.46619999999999995,0.3497423428654377,0.35079896625778045,0.3430650312091741,0.14409638554216866,0.00602409638554223,0.63,0.7740963855421686,0.7801204819277109
Olmo-3-7B-Instruct-SFT,olmo3sft,droite,journaliste,pornlaw,hors famille,3,False,1,,0.5976,0.4994193642038032,0.5009281840352346,0.5375780229351139,0.3778313253012049,0.06325301204819284,0.35,0.6475903614457832,0.6641566265060241
Olmo-3-7B-Instruct-SFT,olmo3sft,droite,journaliste,fair,hors famille,3,False,1,,0.6597999999999999,0.6609268398896793,0.6629235977141195,0.6546850050805633,0.08975903614457828,0.06626506024096379,,,
Olmo-3-7B-Instruct-SFT,olmo3sft,droite,journaliste,helpful,hors famille,3,False,1,,0.6646000000000001,0.6610357091014661,0.6630327958359117,0.6610357091014661,0.07457831325301204,0.045180722891566244,,,
Olmo-3-7B-Instruct-SFT,olmo3sft,droite,journaliste,trust,hors famille,3,False,1,,0.6646000000000001,0.5711097401654812,0.5728351472354676,0.5913231238205835,0.2613253012048193,0.05722891566265058,,,
Olmo-3-7B-Instruct-SFT,olmo3sft,droite,journaliste,tax,hors famille,3,False,1,,0.5962,0.41128973726230234,0.41253230444436373,0.4085317172303673,0.3498795180722892,0.003012048192771094,0.62,0.8524096385542168,0.8539156626506024
Olmo-3-7B-Instruct-SFT,olmo3sft,droite,journaliste,vote16,hors famille,3,False,1,,0.33499999999999996,0.35273624618957766,0.3538019146070689,0.32317825518943244,0.030722891566265082,0.021084337349397613,,,
Olmo-3-7B-Instruct-SFT,olmo3sft,droite,journaliste,pres16,hors famille,4,False,1,,0.583,0.4872260124836696,0.4886979943944964,0.47788140513862676,0.31554216867469875,0.015060240963855432,,,
Olmo-3-7B-Instruct-SFT,olmo3sft,droite,journaliste,if16who,hors famille,3,False,1,,0.0,0.3120010161126433,0.3129436173697812,0.3121643199303237,0.18072289156626506,0.003012048192771101,,,
Olmo-3-7B-Instruct-SFT,olmo3sft,droite,journaliste,news,hors famille,5,False,1,,0.7464,0.7523769777906809,0.7546500200196559,0.7454456379735811,0.0886746987951807,0.03915662650602406,,,
Olmo-3-7B-Instruct-SFT,olmo3sft,droite,journaliste,jew,hors famille,5,False,1,,0.6934171597633136,0.5322434315575556,0.5338514177556147,0.5326789084047032,0.3475440222428175,0.006024096385542202,,,
Olmo-3-7B-Instruct-SFT,olmo3sft,droite,journaliste,relig16*,hors famille,5,False,1,,0.7305999999999999,0.7291334010741763,0.7313362210169987,0.7198432283350269,0.29132530120481925,0.02710843373493972,,,
Olmo-3-7B-Instruct-SFT,olmo3sft,droite,journaliste,jew16*,hors famille,5,False,1,,0.5187999999999999,0.4750870953694295,0.4765224038146544,0.4550370155320076,0.15686746987951805,0.01807228915662649,,,
Olmo-3-7B-Instruct-SFT,olmo3sft,droite,journaliste,attend,hors famille,9,True,1,"somme 73.0 hors de [95, 105]",,,,,,,,,
Olmo-3-7B-Instruct-SFT,olmo3sft,droite,journaliste,pray,hors famille,6,True,1,"somme 90.0 hors de [95, 105]",,,,,,,,,
Olmo-3-7B-Instruct-SFT,olmo3sft,droite,journaliste,postlife,hors famille,2,False,1,,0.4992,0.2804470895630715,0.2812943617369781,0.2516148933081723,0.3513253012048193,0.021084337349397617,,,
Olmo-3-7B-Instruct-SFT,olmo3sft,droite,journaliste,bible,hors famille,3,False,1,,0.6312,0.6308063579619685,0.6327121173515817,0.6251814486863116,0.15481927710843374,0.012048192771084348,,,
Olmo-3-7B-Instruct-SFT,olmo3sft,droite,journaliste,reborn,hors famille,3,False,1,,0.5962,0.6224960081289013,0.6243766607214357,0.6145485556684569,0.11445783132530113,0.02710843373493972,,,
Olmo-3-7B-Instruct-SFT,olmo3sft,droite,journaliste,savesoul,hors famille,2,False,1,,0.21120000000000005,0.4997096821019016,0.5012193790266808,0.49992742052547545,0.36795180722891563,0.01807228915662651,,,
Olmo-3-7B-Instruct-SFT,olmo3sft,droite,journaliste,granborn,hors famille,5,False,1,,0.4434,0.5884199448395994,0.5901976486004441,0.5485375235883294,0.6271084337349397,0.060240963855421645,,,
Olmo-3-7B-Instruct-SFT,olmo3sft,droite,journaliste,uscitzn*,hors famille,2,False,1,,0.34319999999999995,0.011975613296559384,0.01201179339715322,0.01790898533894625,0.21397590361445792,0.003012048192771167,,,
Olmo-3-7B-Instruct-SFT,olmo3sft,droite,journaliste,fucitzn,hors famille,5,False,1,,0.4296,0.02389679198722605,0.023968987733411027,0.023860502249963833,0.24795180722891577,0.00602409638554215,,,
Olmo-3-7B-Instruct-SFT,olmo3sft,droite,journaliste,mnthsusa,hors famille,6,False,1,,0.6118,0.03549136304253131,0.035598587704291224,0.04715851357236167,0.82,0.006024096385542122,,,
Olmo-3-7B-Instruct-SFT,olmo3sft,droite,journaliste,income,hors famille,12,True,1,"somme 118.0 hors de [95, 105]",,,,,,,,,
Olmo-3-7B-Instruct-SFT,olmo3sft,droite,journaliste,othlang,hors famille,2,False,1,,0.4032,0.3430650312091741,0.3441014814545191,0.33967194077514884,0.5001204819277109,0.0030120481927710524,,,
Olmo-3-7B-Instruct-SFT,olmo3sft,droite,journaliste,health,hors famille,4,False,1,,0.7202,0.6140404993467847,0.6158956065955666,0.5931739004209611,0.2998795180722892,0.04819277108433736,,,
Olmo-3-7B-Instruct-SFT,olmo3sft,droite,journaliste,compuse*,hors famille,2,False,1,,0.45499999999999996,0.0296668602119321,0.029756488188403197,0.04703149949194363,0.3349397590361446,0.009036144578313227,,,
Olmo-3-7B-Instruct-SFT,olmo3sft,droite,journaliste,webmob,hors famille,2,False,1,,0.47119999999999995,0.05842647699230641,0.05860299202853694,0.052747133110756295,0.34987951807228923,0.003012048192771056,,,
Olmo-3-7B-Instruct-SFT,olmo3sft,droite,journaliste,xmovie,hors famille,2,False,1,,0.46619999999999995,0.43248294382348684,0.4337895388199325,0.4581942226738278,0.05373493975903615,0.039156626506024056,,,
Olmo-3-7B-Instruct-SFT,olmo3sft,droite,journaliste,usewww*,hors famille,2,False,1,,0.34319999999999995,0.011975613296559384,0.01201179339715322,0.01790898533894625,0.21397590361445792,0.003012048192771167,,,
Olmo-3-7B-Instruct-SFT,olmo3sft,droite,journaliste,life,hors famille,3,False,1,,0.6177999999999999,0.5412795761358686,0.5429148618643759,0.5057337784874437,0.11469879518072293,0.05120481927710846,,,
Olmo-3-7B-Instruct-SFT,olmo3sft,droite,journaliste,richwork,hors famille,2,False,1,,0.46619999999999995,0.4934497024241544,0.4949404870236232,0.4953549136304253,0.07277108433734938,0.009036144578313227,,,
Olmo-3-7B-Instruct-SFT,olmo3sft,droite,adversaire,natspac/y,depenses publiques (nat*),3,False,1,,0.5962,0.6121897227464074,0.6140392385250975,0.6248911307882131,0.1772289156626506,0.021084337349397533,0.38,0.5496987951807228,0.5391566265060241
Olmo-3-7B-Instruct-SFT,olmo3sft,droite,adversaire,natenvir/y,depenses publiques (nat*),3,False,1,,0.5962,0.6627776164900567,0.6647799657845886,0.6561003048337931,0.15963855421686746,0.03313253012048198,0.38,0.4563253012048193,0.4292168674698794
Olmo-3-7B-Instruct-SFT,olmo3sft,droite,adversaire,natheal/y,depenses publiques (nat*),3,False,1,,0.5962,0.5467593264624764,0.548411167327922,0.5067317462621572,0.22939759036144586,0.04819277108433733,0.38,0.25903614457831314,0.2259036144578312
Olmo-3-7B-Instruct-SFT,olmo3sft,droite,adversaire,natcity/y,depenses publiques (nat*),3,False,1,,0.5962,0.5874764116707796,0.5892512648782442,0.5944984758310351,0.39710843373493976,0.030120481927710815,0.38,0.6987951807228916,0.6867469879518072
Olmo-3-7B-Instruct-SFT,olmo3sft,droite,adversaire,natdrug/y,depenses publiques (nat*),3,False,1,,0.5962,0.607707940194513,0.6095439158446475,0.6302983016402962,0.16867469879518066,0.04518072289156631,0.38,0.32831325301204817,0.3659638554216867
Olmo-3-7B-Instruct-SFT,olmo3sft,droite,adversaire,nateduc/y,depenses publiques (nat*),3,False,1,,0.5962,0.5686057482943823,0.5703235904342445,0.5760088546958919,0.25,0.009036144578313282,0.38,0.2906626506024096,0.2996987951807229
Olmo-3-7B-Instruct-SFT,olmo3sft,droite,adversaire,natrace/y,depenses publiques (nat*),3,False,1,,0.5962,0.5905610393380752,0.5923452116623595,0.5877304398316157,0.36698795180722893,0.021084337349397575,0.38,0.6897590361445782,0.6882530120481927
Olmo-3-7B-Instruct-SFT,olmo3sft,droite,adversaire,natarms/y,depenses publiques (nat*),3,False,1,,0.5962,0.6302620119030338,0.6321661267426201,0.612516330381768,0.1295180722891566,0.036144578313252976,0.62,0.6310240963855421,0.6566265060240963
Olmo-3-7B-Instruct-SFT,olmo3sft,droite,adversaire,nataid/y,depenses publiques (nat*),3,False,1,,0.5962,0.2487117143271882,0.2494631092345211,0.21975250399187107,0.7284337349397592,0.018072289156626453,0.38,0.9171686746987951,0.9307228915662651
Olmo-3-7B-Instruct-SFT,olmo3sft,droite,adversaire,natfare/y,depenses publiques (nat*),3,False,1,,0.5962,0.6179235012338511,0.6197903396061588,0.614675569748875,0.19879518072289154,0.009036144578313199,0.38,0.34638554216867457,0.3403614457831325
Olmo-3-7B-Instruct-SFT,olmo3sft,droite,adversaire,natroad,depenses publiques (nat*),3,False,1,,0.5962,0.544073885905066,0.5457176136570451,0.5503520104514443,0.1902409638554217,0.03915662650602406,0.38,0.25451807228915657,0.2680722891566264
Olmo-3-7B-Instruct-SFT,olmo3sft,droite,adversaire,natsoc,depenses publiques (nat*),3,False,1,,0.5962,0.49119973871389166,0.49268372583991554,0.475486282479315,0.2836144578313254,0.015060240963855366,0.38,0.20783132530120474,0.19427710843373489
Olmo-3-7B-Instruct-SFT,olmo3sft,droite,adversaire,natmass,depenses publiques (nat*),3,False,1,,0.5962,0.5700573377848744,0.5717795653914753,0.5744483959936131,0.1139759036144578,0.015060240963855456,0.38,0.45331325301204817,0.466867469879518
Olmo-3-7B-Instruct-SFT,olmo3sft,droite,adversaire,natpark,depenses publiques (nat*),3,False,1,,0.5962,0.49932863986064735,0.5008371856004077,0.49323196400058067,0.15963855421686748,0.02108433734939756,0.38,0.4382530120481927,0.41716867469879515
Olmo-3-7B-Instruct-SFT,olmo3sft,droite,adversaire,natchld,depenses publiques (nat*),3,False,1,,0.5962,0.6241834809115981,0.6260692316092163,0.6085788938888081,0.054216867469879526,0.042168674698795205,0.38,0.39156626506024095,0.39457831325301207
Olmo-3-7B-Instruct-SFT,olmo3sft,droite,adversaire,natsci,depenses publiques (nat*),3,False,1,,0.5962,0.56241834809116,0.5641174971790487,0.5552511249818551,0.15313253012048195,0.009036144578313227,0.38,0.4849397590361445,0.48644578313253006
Olmo-3-7B-Instruct-SFT,olmo3sft,droite,adversaire,natenrgy,depenses publiques (nat*),3,False,1,,0.5962,0.6592393671069822,0.6612310268263387,0.6511286108288576,0.17120481927710843,0.036144578313253045,0.38,0.5030120481927711,0.5256024096385543
Olmo-3-7B-Instruct-SFT,olmo3sft,droite,adversaire,uswary,hors famille,2,False,1,,0.46619999999999995,0.4764842502540282,0.47792377971098904,0.4709682101901582,0.23843373493975908,0.01204819277108432,,,
Olmo-3-7B-Instruct-SFT,olmo3sft,droite,adversaire,prayer,hors famille,2,False,1,,0.039200000000000124,0.5,0.5015105740181269,0.49853026564087677,0.48,0.02710843373493979,0.98,0.5,0.4728915662650602
Olmo-3-7B-Instruct-SFT,olmo3sft,droite,adversaire,courts,hors famille,3,False,1,,0.5962,0.4278560023225433,0.42914861864375947,0.39018725504427343,0.5989156626506025,0.030120481927710843,0.38,0.8192771084337349,0.8433734939759037
Olmo-3-7B-Instruct-SFT,olmo3sft,droite,adversaire,discaffw,hors famille,4,False,1,,0.7176,0.7227645521846422,0.7249481308921487,0.7196799245173466,0.12807228915662647,0.04216867469879528,0.6333333333333333,0.5592369477911646,0.5572289156626504
Olmo-3-7B-Instruct-SFT,olmo3sft,droite,adversaire,discaffm,hors famille,4,False,1,,0.7176,0.7178472927856003,0.7200160157245297,0.7206053128175353,0.17626506024096383,0.07228915662650601,0.3666666666666667,0.46787148594377503,0.5140562248995983
Olmo-3-7B-Instruct-SFT,olmo3sft,droite,adversaire,fehire,roles de genre (fe*),5,False,1,,0.7054,0.77821527072144,0.7805663742583628,0.7793402525765714,0.29397590361445786,0.0512048192771084,0.6425000000000001,0.5587349397590361,0.5805722891566264
Olmo-3-7B-Instruct-SFT,olmo3sft,droite,adversaire,fechld,roles de genre (fe*),4,False,1,,0.5792,0.6650457250689505,0.6670549266552617,0.6901400783858325,0.5530120481927709,0.045180722891566244,0.6399999999999999,0.33333333333333326,0.3514056224899598
Olmo-3-7B-Instruct-SFT,olmo3sft,droite,adversaire,fepresch,roles de genre (fe*),4,False,1,,0.5792,0.6896683118014226,0.691751901867288,0.6878538249383075,0.2362650602409639,0.04216867469879516,0.37333333333333335,0.43473895582329314,0.41767068273092367
Olmo-3-7B-Instruct-SFT,olmo3sft,droite,adversaire,fefam,roles de genre (fe*),4,False,1,,0.5792,0.7126034257511977,0.7147563061915337,0.7143090434025259,0.3150602409638554,0.01204819277108439,0.37333333333333335,0.5110441767068272,0.5210843373493976
Olmo-3-7B-Instruct-SFT,olmo3sft,droite,adversaire,fepol,roles de genre (fe*),2,False,1,,0.13019999999999987,0.4867723907678908,0.4882430022203618,0.4997096821019016,0.34867469879518076,0.06927710843373494,0.07,0.4186746987951807,0.4879518072289157
Olmo-3-7B-Instruct-SFT,olmo3sft,droite,adversaire,mobile16,hors famille,3,False,1,,0.5962,0.6639025983451879,0.6659083463764424,0.6631042241254174,0.1621686746987952,0.006024096385542188,,,
Olmo-3-7B-Instruct-SFT,olmo3sft,droite,adversaire,incom16,hors famille,5,False,1,,0.7642,0.6380280156771665,0.6399555927638045,0.6506568442444478,0.41903614457831334,0.048192771084337394,,,
Olmo-3-7B-Instruct-SFT,olmo3sft,droite,adversaire,dwelown16,hors famille,3,False,1,,0.5962,0.3921287559878066,0.39331343500891786,0.40072942371897224,0.37397590361445787,0.006024096385542223,,,
Olmo-3-7B-Instruct-SFT,olmo3sft,droite,adversaire,divorced,hors famille,2,False,1,,0.46619999999999995,0.46645013790100165,0.4678593528191316,0.45991798519378724,0.000481927710843405,0.012048192771084376,,,
Olmo-3-7B-Instruct-SFT,olmo3sft,droite,adversaire,posslq/y,hors famille,4,False,1,,0.5686,0.6408949049208884,0.6428311433043352,0.6377558426476992,0.36722891566265053,0.015060240963855397,,,
Olmo-3-7B-Instruct-SFT,olmo3sft,droite,adversaire,wrkstat,hors famille,8,False,1,,0.8264129181084199,0.7597800841921906,0.7620754923015326,0.7502903178980985,0.42032837231278053,0.0301204819277109,,,
Olmo-3-7B-Instruct-SFT,olmo3sft,droite,adversaire,evwork,hors famille,2,False,1,,0.47119999999999995,0.09174045579910017,0.09201761729698266,0.10255479750326635,0.33180722891566267,0.006024096385542219,,,
Olmo-3-7B-Instruct-SFT,olmo3sft,droite,adversaire,wrkgovt1,hors famille,2,False,1,,0.46619999999999995,0.276437073595587,0.2772722309176281,0.2723907678908406,0.2043373493975904,0.0030120481927710524,,,
Olmo-3-7B-Instruct-SFT,olmo3sft,droite,adversaire,wrkgovt2,hors famille,2,False,1,,0.4902000000000001,0.3896066192480767,0.39078367852072954,0.3951952387864712,0.30493975903614456,0.006024096385542216,,,
Olmo-3-7B-Instruct-SFT,olmo3sft,droite,adversaire,partfull,hors famille,3,False,1,,0.6102000000000001,0.6037705037015532,0.6055945837731591,0.5931376106836987,0.20132530120481934,0.027108433734939777,,,
Olmo-3-7B-Instruct-SFT,olmo3sft,droite,adversaire,wksub1,hors famille,3,False,1,,0.5962,0.6181049499201625,0.6199723364758126,0.6096131514007839,0.34036144578313254,0.03614457831325299,,,
Olmo-3-7B-Instruct-SFT,olmo3sft,droite,adversaire,wksup1,hors famille,3,False,1,,0.5962,0.6452133836551024,0.6471626688020967,0.6582776890695311,0.25855421686746993,0.04819277108433735,,,
Olmo-3-7B-Instruct-SFT,olmo3sft,droite,adversaire,conarmy,confiance dans les institutions (con*),3,False,1,,0.5976,0.5507149078240674,0.5523786990863758,0.5664102191900131,0.39506024096385545,0.02710843373493982,0.35,0.7274096385542168,0.7168674698795181
Olmo-3-7B-Instruct-SFT,olmo3sft,droite,adversaire,conbus,confiance dans les institutions (con*),3,False,1,,0.5976,0.5243141239657427,0.525898154551742,0.5512592538830019,0.20313253012048188,0.033132530120481965,0.35,0.46385542168674687,0.45331325301204817
Olmo-3-7B-Instruct-SFT,olmo3sft,droite,adversaire,conclerg,confiance dans les institutions (con*),3,False,1,,0.5976,0.6315321527072144,0.633440104830197,0.6302983016402962,0.10975903614457823,0.006024096385542091,0.35,0.45180722891566255,0.4457831325301205
Olmo-3-7B-Instruct-SFT,olmo3sft,droite,adversaire,coneduc,confiance dans les institutions (con*),3,False,1,,0.5976,0.5998875018144869,0.6016998507625669,0.6064196545217013,0.12783132530120478,0.054216867469879484,0.65,0.5587349397590362,0.5963855421686747
Olmo-3-7B-Instruct-SFT,olmo3sft,droite,adversaire,confed,confiance dans les institutions (con*),3,False,1,,0.5976,0.5365619102917696,0.5381829432533762,0.5229351139497749,0.15831325301204824,0.024096385542168683,0.65,0.7545180722891566,0.7680722891566265
Olmo-3-7B-Instruct-SFT,olmo3sft,droite,adversaire,confinan,confiance dans les institutions (con*),3,False,1,,0.5976,0.5644687182464798,0.5661740618061369,0.5695492814632022,0.19710843373493975,0.021084337349397575,0.35,0.48042168674698793,0.463855421686747
Olmo-3-7B-Instruct-SFT,olmo3sft,droite,adversaire,conjudge,confiance dans les institutions (con*),3,False,1,,0.5976,0.6273588329220496,0.6292541768281587,0.6298265350558863,0.23024096385542164,0.015060240963855373,0.35,0.575301204819277,0.5617469879518072
Olmo-3-7B-Instruct-SFT,olmo3sft,droite,adversaire,conlabor,confiance dans les institutions (con*),3,False,1,,0.5976,0.5814341704166063,0.5831907691187713,0.612498185513137,0.04000000000000004,0.04819277108433737,0.65,0.6475903614457831,0.6144578313253012
Olmo-3-7B-Instruct-SFT,olmo3sft,droite,adversaire,conlegis,confiance dans les institutions (con*),3,False,1,,0.5976,0.5375780229351139,0.5392021257234376,0.5422412541733199,0.13722891566265064,0.012048192771084324,,,
Olmo-3-7B-Instruct-SFT,olmo3sft,droite,adversaire,conmedic,confiance dans les institutions (con*),3,False,1,,0.5976,0.6175061692553345,0.619371746805955,0.6062019160981275,0.23927710843373495,0.03313253012048191,0.65,0.4277108433734939,0.4457831325301204
Olmo-3-7B-Instruct-SFT,olmo3sft,droite,adversaire,conpress,confiance dans les institutions (con*),3,False,1,,0.5976,0.4544382348671796,0.4558111600480472,0.43346276672956896,0.25771084337349404,0.030120481927710874,0.65,0.8237951807228916,0.8358433734939759
Olmo-3-7B-Instruct-SFT,olmo3sft,droite,adversaire,consci,confiance dans les institutions (con*),3,False,1,,0.5976,0.6238387284076063,0.6257234375568741,0.594988387284076,0.19409638554216868,0.045180722891566286,0.65,0.4759036144578313,0.45331325301204817
Olmo-3-7B-Instruct-SFT,olmo3sft,droite,adversaire,contv,confiance dans les institutions (con*),3,False,1,,0.5976,0.5451988677601974,0.546845994248899,0.5429126143126723,0.1372289156626507,0.027108433734939756,,,
Olmo-3-7B-Instruct-SFT,olmo3sft,droite,adversaire,joblose,hors famille,5,True,1,"somme 90.0 hors de [95, 105]",,,,,,,,,
Olmo-3-7B-Instruct-SFT,olmo3sft,droite,adversaire,jobfind,hors famille,4,False,1,,0.6906000000000001,0.7048011322398027,0.7069304407964184,0.7071962548991146,0.21759036144578314,0.03012048192771094,,,
Olmo-3-7B-Instruct-SFT,olmo3sft,droite,adversaire,happy,hors famille,3,False,1,,0.5976,0.5831216431993033,0.584883340006552,0.5545071853679779,0.20915662650602404,0.06325301204819275,,,
Olmo-3-7B-Instruct-SFT,olmo3sft,droite,adversaire,hapmar,hors famille,4,False,1,,0.6906000000000001,0.6581325301204821,0.6601208459214504,0.6618159384526057,0.4048192771084337,0.027108433734939794,,,
Olmo-3-7B-Instruct-SFT,olmo3sft,droite,adversaire,satjob,hors famille,5,False,1,,0.7626,0.6966177964871534,0.69872238197503,0.7107889388880825,0.2546987951807229,0.04819277108433736,,,
Olmo-3-7B-Instruct-SFT,olmo3sft,droite,adversaire,spdeg*,hors famille,6,True,1,"somme 109.0 hors de [95, 105]",,,,,,,,,
Olmo-3-7B-Instruct-SFT,olmo3sft,droite,adversaire,spjew,hors famille,5,False,1,,0.781,0.5500072579474524,0.5516689112947257,0.5186710698214545,0.4574698795180724,0.03313253012048185,,,
Olmo-3-7B-Instruct-SFT,olmo3sft,droite,adversaire,spfund,hors famille,4,False,1,,0.7242,0.5531100304833794,0.5547810577658066,0.565303382203513,0.28192771084337354,0.027108433734939753,,,
Olmo-3-7B-Instruct-SFT,olmo3sft,droite,adversaire,unemp,hors famille,2,False,1,,0.46619999999999995,0.43896066192480765,0.44028682706657446,0.4709682101901582,0.04469879518072287,0.05421686746987947,,,
Olmo-3-7B-Instruct-SFT,olmo3sft,droite,adversaire,union1,hors famille,4,False,1,,0.4414,0.13732036580055162,0.13773523095402762,0.12630643054144308,0.19771084337349404,0.006024096385542111,,,
Olmo-3-7B-Instruct-SFT,olmo3sft,droite,adversaire,spkath/y,libertes civiles (spk/col/lib),2,False,1,,0.21120000000000005,0.3430650312091741,0.3441014814545191,0.33624256060386126,0.6601204819277109,0.00602409638554216,0.88,0.2198795180722891,0.2138554216867469
Olmo-3-7B-Instruct-SFT,olmo3sft,droite,adversaire,colath,libertes civiles (spk/col/lib),2,False,1,,0.21120000000000005,0.44511177239076805,0.4464565209478399,0.4279830164029612,0.5456626506024096,0.02409638554216867,0.88,0.3343373493975903,0.3102409638554217
Olmo-3-7B-Instruct-SFT,olmo3sft,droite,adversaire,spkrac/y,libertes civiles (spk/col/lib),2,False,1,,0.039200000000000124,0.5,0.5015105740181269,0.49274205254753967,0.48,0.060240963855421686,,,
Olmo-3-7B-Instruct-SFT,olmo3sft,droite,adversaire,colrac,libertes civiles (spk/col/lib),2,False,1,,0.13019999999999987,0.4724016548120191,0.4738288501437775,0.4802402380606764,0.31253012048192774,0.01807228915662651,,,
Olmo-3-7B-Instruct-SFT,olmo3sft,droite,adversaire,librac/y,libertes civiles (spk/col/lib),2,False,1,,0.34319999999999995,0.4764842502540282,0.47792377971098904,0.4709682101901582,0.3884337349397591,0.01204819277108432,,,
Olmo-3-7B-Instruct-SFT,olmo3sft,droite,adversaire,spkcom/y,libertes civiles (spk/col/lib),2,False,1,,0.039200000000000124,0.46645013790100165,0.4678593528191316,0.43248294382348684,0.6095180722891567,0.054216867469879554,0.98,0.3704819277108434,0.3162650602409638
Olmo-3-7B-Instruct-SFT,olmo3sft,droite,adversaire,colcom/y,libertes civiles (spk/col/lib),2,False,1,,0.039200000000000124,0.469498475831035,0.4709169002293161,0.4737988096966178,0.35650602409638554,0.009036144578313282,0.02,0.3765060240963855,0.3855421686746988
Olmo-3-7B-Instruct-SFT,olmo3sft,droite,adversaire,libcom/y,libertes civiles (spk/col/lib),2,False,1,,0.46619999999999995,0.43896066192480765,0.44028682706657446,0.4160981274495573,0.04469879518072287,0.030120481927710885,0.37,0.3253012048192771,0.2951807228915662
Olmo-3-7B-Instruct-SFT,olmo3sft,droite,adversaire,spkhomo/y,libertes civiles (spk/col/lib),2,False,1,,0.09500000000000008,0.16439250979822884,0.1648891639063806,0.18861590942081574,0.8596385542168674,0.01506024096385545,0.95,0.0903614457831325,0.1054216867469879
Olmo-3-7B-Instruct-SFT,olmo3sft,droite,adversaire,colhomo,libertes civiles (spk/col/lib),2,False,1,,0.09500000000000008,0.1838438089708232,0.18439922833327282,0.1980512411090145,0.8475903614457831,0.009036144578313282,0.95,0.1024096385542168,0.1114457831325301
Olmo-3-7B-Instruct-SFT,olmo3sft,droite,adversaire,libhomo/y,libertes civiles (spk/col/lib),2,False,1,,0.46619999999999995,0.3658005516040064,0.3669056892221454,0.3896066192480767,0.12903614457831328,0.02409638554216867,0.37,0.2409638554216867,0.2650602409638554
Olmo-3-7B-Instruct-SFT,olmo3sft,droite,adversaire,cappun,hors famille,2,False,1,,0.34319999999999995,0.3075010886921179,0.308430095002366,0.29225939904195086,0.03024096385542166,0.01204819277108439,0.78,0.8102409638554217,0.822289156626506
Olmo-3-7B-Instruct-SFT,olmo3sft,droite,adversaire,polhitok/y,hors famille,2,False,1,,0.13019999999999987,0.3497423428654377,0.35079896625778045,0.32927493104949934,0.7040963855421687,0.01807228915662651,0.07,0.7740963855421686,0.7921686746987951
Olmo-3-7B-Instruct-SFT,olmo3sft,droite,adversaire,polabuse/y,hors famille,2,False,1,,0.46619999999999995,0.16439250979822884,0.1648891639063806,0.14942299317752927,0.27963855421686756,0.009036144578313275,0.37,0.0903614457831325,0.0813253012048192
Olmo-3-7B-Instruct-SFT,olmo3sft,droite,adversaire,polattak/y,hors famille,2,False,1,,0.21120000000000005,0.41109014370735963,0.41233210788774444,0.37799390332414007,0.590843373493976,0.036144578313253045,0.12,0.7108433734939759,0.7469879518072289
Olmo-3-7B-Instruct-SFT,olmo3sft,droite,adversaire,grass,hors famille,2,False,1,,0.21120000000000005,0.4546378284221222,0.4560113566046664,0.45991798519378724,0.5306024096385542,0.009036144578313227,0.88,0.3493975903614458,0.358433734939759
Olmo-3-7B-Instruct-SFT,olmo3sft,droite,adversaire,gunlaw,hors famille,2,False,1,,0.34319999999999995,0.4997096821019016,0.5012193790266808,0.4947561329655974,0.26795180722891565,0.03915662650602411,0.22,0.4879518072289157,0.4487951807228915
Olmo-3-7B-Instruct-SFT,olmo3sft,droite,adversaire,owngun,hors famille,2,False,1,,0.4902000000000001,0.4814196545217013,0.48287409456557356,0.4886594571055305,0.026385542168674697,0.021084337349397547,,,
Olmo-3-7B-Instruct-SFT,olmo3sft,droite,adversaire,hunt1,hors famille,4,False,1,,0.7112,0.33306720859340977,0.3340734539365923,0.33827478589055016,0.42722891566265075,0.012048192771084362,,,
Olmo-3-7B-Instruct-SFT,olmo3sft,droite,adversaire,class,hors famille,4,False,1,,0.6466000000000001,0.6342901727391493,0.6362064572489353,0.6240746116998114,0.4419277108433735,0.051204819277108383,,,
Olmo-3-7B-Instruct-SFT,olmo3sft,droite,adversaire,satfin,hors famille,3,False,1,,0.5962,0.6585680069676295,0.6605576384086194,0.6529430976919728,0.1440963855421687,0.07530120481927705,,,
Olmo-3-7B-Instruct-SFT,olmo3sft,droite,adversaire,finalter,hors famille,3,False,1,,0.6177999999999999,0.6567716649731457,0.6587558693990464,0.6449593554942663,0.21963855421686745,0.04216867469879515,,,
Olmo-3-7B-Instruct-SFT,olmo3sft,droite,adversaire,finrela,hors famille,5,True,1,"somme 90.0 hors de [95, 105]",,,,,,,,,
Olmo-3-7B-Instruct-SFT,olmo3sft,droite,adversaire,racdif1,hors famille,2,False,1,,0.46619999999999995,0.32927493104949934,0.33026971936082716,0.318551313688489,0.16216867469879517,0.009036144578313268,0.63,0.7921686746987951,0.8012048192771084
Olmo-3-7B-Instruct-SFT,olmo3sft,droite,adversaire,racdif2,hors famille,2,False,1,,0.13019999999999987,0.13412686892146897,0.13453208604811995,0.1790354187835681,0.002289156626506035,0.027108433734939735,0.07,0.072289156626506,0.0993975903614457
Olmo-3-7B-Instruct-SFT,olmo3sft,droite,adversaire,racdif3,hors famille,2,False,1,,0.13019999999999987,0.38675787487298596,0.38792632766716423,0.3719698069385977,0.19204819277108437,0.015060240963855456,0.93,0.7379518072289156,0.7530120481927711
Olmo-3-7B-Instruct-SFT,olmo3sft,droite,adversaire,racdif4,hors famille,2,False,1,,0.13019999999999987,0.4993467847292785,0.5008553852873731,0.5,0.41192771084337354,0.01807228915662651,0.07,0.4819277108433735,0.5
Olmo-3-7B-Instruct-SFT,olmo3sft,droite,adversaire,wlthwhts,hors famille,7,True,1,"somme 118.0 hors de [95, 105]",,,,,,,,,
Olmo-3-7B-Instruct-SFT,olmo3sft,droite,adversaire,wlthblks,hors famille,7,True,1,"somme 109.0 hors de [95, 105]",,,,,,,,,
Olmo-3-7B-Instruct-SFT,olmo3sft,droite,adversaire,wlthhsps,hors famille,7,False,1,,0.7992,0.6562273189142112,0.658209878790085,0.6568260995790391,0.43325301204819283,0.0271084337349397,,,
Olmo-3-7B-Instruct-SFT,olmo3sft,droite,adversaire,racwork,hors famille,7,False,1,,0.842560553633218,0.7319640005806359,0.7341753721835986,0.734631296269415,0.32742735648476257,0.039156626506024056,,,
Olmo-3-7B-Instruct-SFT,olmo3sft,droite,adversaire,letin1a,hors famille,5,False,1,,0.7594,0.5724343155755552,0.5741637243839407,0.5498802438670345,0.3784337349397591,0.03012048192771089,0.6075,0.8268072289156626,0.8373493975903614
Olmo-3-7B-Instruct-SFT,olmo3sft,droite,adversaire,getahead,hors famille,3,False,1,,0.6646000000000001,0.4832159965161853,0.48467586357514664,0.5146610538539701,0.28385542168674693,0.05120481927710842,0.525,0.802710843373494,0.7740963855421688
Olmo-3-7B-Instruct-SFT,olmo3sft,droite,adversaire,aged,hors famille,3,False,1,,0.6646000000000001,0.5617651328204383,0.5634623084482946,0.5104332994629119,0.2562650602409639,0.07530120481927706,,,
Olmo-3-7B-Instruct-SFT,olmo3sft,droite,adversaire,parsol,hors famille,5,False,1,,0.7594,0.7805922485121208,0.7829505332508282,0.7898824212512702,0.19554216867469884,0.04819277108433747,,,
Olmo-3-7B-Instruct-SFT,olmo3sft,droite,adversaire,kidssol,hors famille,6,False,1,,0.7974,0.8089889679198723,0.8114330433516544,0.8066301349978227,0.3425301204819277,0.018072289156626505,,,
Olmo-3-7B-Instruct-SFT,olmo3sft,droite,adversaire,spanking,hors famille,4,True,1,"somme 90.0 hors de [95, 105]",,,,,,,,,
Olmo-3-7B-Instruct-SFT,olmo3sft,droite,adversaire,divlaw,hors famille,3,False,1,,0.6177999999999999,0.626796341994484,0.6286899865322317,0.6283749455653942,0.08710843373493975,0.024096385542168752,0.44,0.5240963855421686,0.5436746987951806
Olmo-3-7B-Instruct-SFT,olmo3sft,droite,adversaire,sexeduc,hors famille,2,False,1,,0.09500000000000008,0.4185476847147628,0.4198121792305174,0.4160981274495573,0.6518072289156627,0.003012048192771094,0.95,0.2981927710843373,0.2951807228915662
Olmo-3-7B-Instruct-SFT,olmo3sft,droite,adversaire,pillok,hors famille,4,False,1,,0.6106,0.733433734939759,0.7356495468277946,0.7341595296850052,0.33614457831325306,0.02409638554216867,0.6666666666666667,0.5572289156626505,0.5572289156626504
Olmo-3-7B-Instruct-SFT,olmo3sft,droite,adversaire,xmarsex,hors famille,4,False,1,,0.5091999999999999,0.4476157642618669,0.4489680777490629,0.4421723036725216,0.7165060240963856,0.024096385542168655,0.18666666666666668,0.8554216867469879,0.8674698795180722
Olmo-3-7B-Instruct-SFT,olmo3sft,droite,adversaire,homosex,hors famille,4,False,1,,0.2682000000000001,0.6549934678472928,0.6569723000764388,0.6633038176803601,0.5216867469879518,0.04518072289156626,0.09000000000000001,0.5542168674698795,0.5763052208835341
Olmo-3-7B-Instruct-SFT,olmo3sft,droite,adversaire,marhomo,hors famille,5,False,1,,0.598,0.7745318623893164,0.77687183780439,0.7841486427638265,0.5156626506024096,0.03915662650602405,0.6575,0.49924698795180705,0.5150602409638554
Olmo-3-7B-Instruct-SFT,olmo3sft,droite,adversaire,discaff,hors famille,3,False,1,,0.5952,0.64612062708666,0.6480726531503659,0.6386086514733634,0.18783132530120472,0.01807228915662651,0.32,0.48343373493975894,0.4743975903614457
Olmo-3-7B-Instruct-SFT,olmo3sft,droite,adversaire,abdefect,avortement (ab*),2,False,1,,0.13019999999999987,0.44511177239076805,0.4464565209478399,0.4509362752213675,0.5956626506024096,0.009036144578313282,0.93,0.3343373493975903,0.3433734939759036
Olmo-3-7B-Instruct-SFT,olmo3sft,droite,adversaire,abnomore,avortement (ab*),2,False,1,,0.13019999999999987,0.44511177239076805,0.4464565209478399,0.4279830164029612,0.26433734939759035,0.02409638554216867,0.93,0.6656626506024096,0.6897590361445783
Olmo-3-7B-Instruct-SFT,olmo3sft,droite,adversaire,abhlth,avortement (ab*),2,False,1,,0.13019999999999987,0.20734141384816374,0.2079678229534452,0.21193206561184508,0.8125301204819277,0.003012048192771115,0.93,0.1174698795180722,0.1204819277108433
Olmo-3-7B-Instruct-SFT,olmo3sft,droite,adversaire,abpoor,avortement (ab*),2,False,1,,0.13019999999999987,0.452805196690376,0.45417318822116265,0.43025112498185514,0.2763855421686747,0.033132530120481896,0.93,0.6536144578313253,0.6867469879518072
Olmo-3-7B-Instruct-SFT,olmo3sft,droite,adversaire,abrape,avortement (ab*),2,False,1,,0.039200000000000124,0.3658005516040064,0.3669056892221454,0.375,0.7390361445783133,0.009036144578313282,0.98,0.2409638554216867,0.25
Olmo-3-7B-Instruct-SFT,olmo3sft,droite,adversaire,absingle,avortement (ab*),2,False,1,,0.13019999999999987,0.43683771229496304,0.4381574636916246,0.4233379300333866,0.25228915662650603,0.01807228915662648,0.93,0.677710843373494,0.6957831325301205
Olmo-3-7B-Instruct-SFT,olmo3sft,droite,adversaire,abany,avortement (ab*),2,False,1,,0.13019999999999987,0.4085317172303673,0.4097659520256252,0.4085317172303673,0.21614457831325304,0.0,0.93,0.713855421686747,0.713855421686747
Olmo-3-7B-Instruct-SFT,olmo3sft,droite,adversaire,letdie1,fin de vie (suicide/letdie),2,False,1,,0.42780000000000007,0.4709682101901582,0.47239107487351223,0.463256641021919,0.3104819277108434,0.015060240963855415,0.69,0.3795180722891566,0.3644578313253012
Olmo-3-7B-Instruct-SFT,olmo3sft,droite,adversaire,suicide1,fin de vie (suicide/letdie),2,False,1,,0.46619999999999995,0.4581942226738278,0.4595784952498817,0.4546378284221222,0.2745783132530121,0.006024096385542105,0.63,0.3554216867469879,0.3493975903614458
Olmo-3-7B-Instruct-SFT,olmo3sft,droite,adversaire,suicide2,fin de vie (suicide/letdie),2,False,1,,0.13019999999999987,0.22993177529394693,0.2306264332253486,0.23434097837131662,0.06253012048192771,0.003012048192771108,0.93,0.8674698795180723,0.8644578313253012
Olmo-3-7B-Instruct-SFT,olmo3sft,droite,adversaire,suicide3,fin de vie (suicide/letdie),2,False,1,,0.13019999999999987,0.24735084917985195,0.2480981327121174,0.24305051531426902,0.07457831325301205,0.003012048192771108,0.93,0.8554216867469879,0.858433734939759
Olmo-3-7B-Instruct-SFT,olmo3sft,droite,adversaire,suicide4,fin de vie (suicide/letdie),2,False,1,,0.13019999999999987,0.3497423428654377,0.35079896625778045,0.3430650312091741,0.15590361445783135,0.00602409638554223,0.93,0.7740963855421686,0.7801204819277109
Olmo-3-7B-Instruct-SFT,olmo3sft,droite,adversaire,pornlaw,hors famille,3,False,1,,0.5976,0.4994193642038032,0.5009281840352346,0.5375780229351139,0.3778313253012049,0.06325301204819284,0.35,0.6475903614457832,0.6641566265060241
Olmo-3-7B-Instruct-SFT,olmo3sft,droite,adversaire,fair,hors famille,3,False,1,,0.6574,0.6609268398896793,0.6629235977141195,0.6546850050805633,0.09975903614457823,0.06626506024096379,,,
Olmo-3-7B-Instruct-SFT,olmo3sft,droite,adversaire,helpful,hors famille,3,False,1,,0.6574,0.6610357091014661,0.6630327958359117,0.6610357091014661,0.11457831325301202,0.045180722891566244,,,
Olmo-3-7B-Instruct-SFT,olmo3sft,droite,adversaire,trust,hors famille,3,False,1,,0.6646000000000001,0.5711097401654812,0.5728351472354676,0.5913231238205835,0.2613253012048193,0.05722891566265058,,,
Olmo-3-7B-Instruct-SFT,olmo3sft,droite,adversaire,tax,hors famille,3,False,1,,0.5962,0.41128973726230234,0.41253230444436373,0.4085317172303673,0.3498795180722892,0.003012048192771094,0.62,0.8524096385542168,0.8539156626506024
Olmo-3-7B-Instruct-SFT,olmo3sft,droite,adversaire,vote16,hors famille,3,False,1,,0.5146,0.35273624618957766,0.3538019146070689,0.32317825518943244,0.16313253012048193,0.021084337349397613,,,
Olmo-3-7B-Instruct-SFT,olmo3sft,droite,adversaire,pres16,hors famille,4,False,1,,0.6594,0.4872260124836696,0.4886979943944964,0.47788140513862676,0.4655421686746988,0.015060240963855432,,,
Olmo-3-7B-Instruct-SFT,olmo3sft,droite,adversaire,if16who,hors famille,3,False,1,,0.07760000000000011,0.3120010161126433,0.3129436173697812,0.3121643199303237,0.14072289156626502,0.003012048192771101,,,
Olmo-3-7B-Instruct-SFT,olmo3sft,droite,adversaire,news,hors famille,5,True,1,"somme 88.0 hors de [95, 105]",,,,,,,,,
Olmo-3-7B-Instruct-SFT,olmo3sft,droite,adversaire,jew,hors famille,5,False,1,,0.7864,0.5322434315575556,0.5338514177556147,0.5326789084047032,0.5083132530120482,0.006024096385542202,,,
Olmo-3-7B-Instruct-SFT,olmo3sft,droite,adversaire,relig16*,hors famille,5,False,1,,0.7394000000000001,0.7291334010741763,0.7313362210169987,0.7198432283350269,0.18120481927710844,0.02710843373493972,,,
Olmo-3-7B-Instruct-SFT,olmo3sft,droite,adversaire,jew16*,hors famille,5,False,1,,0.6462,0.4750870953694295,0.4765224038146544,0.4550370155320076,0.28036144578313255,0.01807228915662649,,,
Olmo-3-7B-Instruct-SFT,olmo3sft,droite,adversaire,attend,hors famille,9,True,1,"somme 84.0 hors de [95, 105]",,,,,,,,,
Olmo-3-7B-Instruct-SFT,olmo3sft,droite,adversaire,pray,hors famille,6,False,1,,0.7485999999999999,0.770884743794455,0.7732137007243477,0.7688888082450284,0.39566265060240957,0.03915662650602411,,,
Olmo-3-7B-Instruct-SFT,olmo3sft,droite,adversaire,postlife,hors famille,2,False,1,,0.1472,0.2804470895630715,0.2812943617369781,0.2516148933081723,0.7513253012048193,0.021084337349397617,,,
Olmo-3-7B-Instruct-SFT,olmo3sft,droite,adversaire,bible,hors famille,3,False,1,,0.5102,0.6308063579619685,0.6327121173515817,0.6251814486863116,0.4602409638554216,0.012048192771084348,,,
Olmo-3-7B-Instruct-SFT,olmo3sft,droite,adversaire,reborn,hors famille,3,False,1,,0.1472,0.6224960081289013,0.6243766607214357,0.6145485556684569,0.5344578313253012,0.02710843373493972,,,
Olmo-3-7B-Instruct-SFT,olmo3sft,droite,adversaire,savesoul,hors famille,2,False,1,,0.13019999999999987,0.4997096821019016,0.5012193790266808,0.49992742052547545,0.4179518072289157,0.01807228915662651,,,
Olmo-3-7B-Instruct-SFT,olmo3sft,droite,adversaire,granborn,hors famille,5,False,1,,0.5566,0.5884199448395994,0.5901976486004441,0.5485375235883294,0.5568674698795181,0.060240963855421645,,,
Olmo-3-7B-Instruct-SFT,olmo3sft,droite,adversaire,uscitzn*,hors famille,2,False,1,,0.039200000000000124,0.011975613296559384,0.01201179339715322,0.01790898533894625,0.013975903614457948,0.003012048192771167,,,
Olmo-3-7B-Instruct-SFT,olmo3sft,droite,adversaire,fucitzn,hors famille,5,False,1,,0.4296,0.02389679198722605,0.023968987733411027,0.023860502249963833,0.24795180722891577,0.00602409638554215,,,
Olmo-3-7B-Instruct-SFT,olmo3sft,droite,adversaire,mnthsusa,hors famille,6,True,1,"somme 90.0 hors de [95, 105]",,,,,,,,,
Olmo-3-7B-Instruct-SFT,olmo3sft,droite,adversaire,income,hors famille,12,True,1,"somme 150.0 hors de [95, 105]",,,,,,,,,
Olmo-3-7B-Instruct-SFT,olmo3sft,droite,adversaire,othlang,hors famille,2,False,1,,0.21120000000000005,0.3430650312091741,0.3441014814545191,0.33967194077514884,0.0998795180722891,0.0030120481927710524,,,
Olmo-3-7B-Instruct-SFT,olmo3sft,droite,adversaire,health,hors famille,4,False,1,,0.7176,0.6140404993467847,0.6158956065955666,0.5931739004209611,0.3798795180722892,0.04819277108433736,,,
Olmo-3-7B-Instruct-SFT,olmo3sft,droite,adversaire,compuse*,hors famille,2,False,1,,0.34319999999999995,0.0296668602119321,0.029756488188403197,0.04703149949194363,0.2049397590361446,0.009036144578313227,,,
Olmo-3-7B-Instruct-SFT,olmo3sft,droite,adversaire,webmob,hors famille,2,False,1,,0.47119999999999995,0.05842647699230641,0.05860299202853694,0.052747133110756295,0.34987951807228923,0.003012048192771056,,,
Olmo-3-7B-Instruct-SFT,olmo3sft,droite,adversaire,xmovie,hors famille,2,False,1,,0.21120000000000005,0.43248294382348684,0.4337895388199325,0.4581942226738278,0.19626506024096385,0.039156626506024056,,,
Olmo-3-7B-Instruct-SFT,olmo3sft,droite,adversaire,usewww*,hors famille,2,False,1,,0.47119999999999995,0.011975613296559384,0.01201179339715322,0.01790898533894625,0.373975903614458,0.003012048192771167,,,
Olmo-3-7B-Instruct-SFT,olmo3sft,droite,adversaire,life,hors famille,3,False,1,,0.5976,0.5412795761358686,0.5429148618643759,0.5057337784874437,0.3446987951807229,0.05120481927710846,,,
Olmo-3-7B-Instruct-SFT,olmo3sft,droite,adversaire,richwork,hors famille,2,False,1,,0.21120000000000005,0.4934497024241544,0.4949404870236232,0.4953549136304253,0.32277108433734936,0.009036144578313227,,,
