modele,cle_modele,identite,item,tv_camps_decrit,tv_camps_reel_w1,tv_camps_reel_w2,gap_signe_decrit,gap_signe_reel_w1,gap_signe_reel_w2
Olmo-3-1025-7B,olmo3base,journaliste,natspac/y,0.07999999999999996,0.033175868943399495,0.06674901043021014,-0.06999999999999995,0.02331989829822878,0.047549911877726836
Olmo-3-1025-7B,olmo3base,journaliste,natenvir/y,0.07999999999999996,0.48262113201005474,0.4519444685215682,-0.06999999999999995,0.3759895697899513,0.3464830545202392
Olmo-3-1025-7B,olmo3base,journaliste,natheal/y,0.07999999999999996,0.22794053913495704,0.15097078963335353,-0.06999999999999995,0.15112247551356503,0.10599953771922209
Olmo-3-1025-7B,olmo3base,journaliste,natcity/y,0.13000000000000003,0.3880197047181532,0.37290167865707446,-0.08499999999999996,0.28032995290514584,0.28626737164485283
Olmo-3-1025-7B,olmo3base,journaliste,natdrug/y,0.07999999999999996,0.16543873335066892,0.2147438675565572,-0.06999999999999995,0.14246193406720412,0.20169527028979228
Olmo-3-1025-7B,olmo3base,journaliste,nateduc/y,0.07999999999999996,0.21662188321631853,0.24963884314235363,-0.06999999999999995,0.17675377770073103,0.2037755337898357
Olmo-3-1025-7B,olmo3base,journaliste,natrace/y,0.13000000000000003,0.48924474877928986,0.4407269365230707,-0.08499999999999996,0.4631403311086071,0.43645445089711354
Olmo-3-1025-7B,olmo3base,journaliste,natarms/y,0.11,0.38940654705151545,0.42075496229522413,0.09499999999999997,0.38641977983877956,0.40962410794256165
Olmo-3-1025-7B,olmo3base,journaliste,nataid/y,0.13000000000000003,0.35004044956805647,0.4064820432810378,-0.08499999999999996,0.20733654040622929,0.24127445031926276
Olmo-3-1025-7B,olmo3base,journaliste,natfare/y,0.07999999999999996,0.32912224437317616,0.3237121146456329,-0.06999999999999995,0.2528603623125595,0.2516324289965618
Olmo-3-1025-7B,olmo3base,journaliste,natroad,0.07999999999999996,0.009859582213747102,0.024450319262662133,-0.06999999999999995,-0.00927089653578339,0.01747276877293341
Olmo-3-1025-7B,olmo3base,journaliste,natsoc,0.07999999999999996,0.05249053769032964,0.03263413365692993,-0.06999999999999995,0.051956025541013,0.025212360232296088
Olmo-3-1025-7B,olmo3base,journaliste,natmass,0.13000000000000003,0.3410982057727312,0.3867195400306261,-0.08499999999999996,0.23388879258039352,0.26902574326081297
Olmo-3-1025-7B,olmo3base,journaliste,natpark,0.07999999999999996,0.11819219323336512,0.1019040189535119,-0.06999999999999995,0.09173023027361249,0.07424301522637305
Olmo-3-1025-7B,olmo3base,journaliste,natchld,0.13000000000000003,0.32428996561786716,0.3579786772991246,-0.08499999999999996,0.22969576146311868,0.24349917656236464
Olmo-3-1025-7B,olmo3base,journaliste,natsci,0.07999999999999996,0.2291756955881079,0.2663748519256884,-0.06999999999999995,0.1851795671896218,0.20227312126202657
Olmo-3-1025-7B,olmo3base,journaliste,natenrgy,0.07999999999999996,0.3714859437751004,0.4124266851578979,-0.06999999999999995,0.3195588107826992,0.3517414983675712
Olmo-3-1025-7B,olmo3base,journaliste,uswary,0.25,0.15279824333304443,0.1768368437779897,,,
Olmo-3-1025-7B,olmo3base,journaliste,prayer,0.23,0.36810551558753,0.34819132645690676,0.22999999999999998,0.36810551558753,0.34819132645690676
Olmo-3-1025-7B,olmo3base,journaliste,courts,0.009999999999999981,0.4459420415474849,0.47846060500996795,0.0050000000000000044,0.3348646384097541,0.34816965704544806
Olmo-3-1025-7B,olmo3base,journaliste,discaffw,0.11999999999999998,0.3582459333737829,0.3811143855999538,-0.033333333333333326,0.23629530110851082,0.2334879084684059
Olmo-3-1025-7B,olmo3base,journaliste,discaffm,0.11000000000000001,0.28265580306838867,0.333362225881945,0.036666666666666625,0.2008850750724721,0.23907620891238812
Olmo-3-1025-7B,olmo3base,journaliste,fechld,0.21999999999999997,0.16881916153823928,0.2203490219872296,0.11333333333333334,0.12230215827338128,0.15476293663864102
Olmo-3-1025-7B,olmo3base,journaliste,fepresch,0.19999999999999998,0.25253532114067784,0.20858253156510947,0.016666666666666663,0.1613576608592644,0.12750281702348976
Olmo-3-1025-7B,olmo3base,journaliste,fefam,0.4,0.3687772673427523,0.3496504001617983,0.19,0.2808283493686978,0.27727938131422586
Olmo-3-1025-7B,olmo3base,journaliste,fepol,0.0,0.3323437635433822,0.3704458120250787,0.0,0.33234376354338224,0.37044581202507876
Olmo-3-1025-7B,olmo3base,journaliste,mobile16,0.24999999999999997,0.08628037329172802,0.09408858455404351,,,
Olmo-3-1025-7B,olmo3base,journaliste,dwelown16,0.15,0.04864782872497184,0.055842073329288366,,,
Olmo-3-1025-7B,olmo3base,journaliste,divorced,0.020000000000000018,0.1402661003727139,0.12581982606685738,,,
Olmo-3-1025-7B,olmo3base,journaliste,posslq/y,0.2,0.1423969258328277,0.13163445147496464,,,
Olmo-3-1025-7B,olmo3base,journaliste,evwork,0.36,0.030943919563144632,0.03451214931669116,,,
Olmo-3-1025-7B,olmo3base,journaliste,wrkgovt1,0.0,0.007389269307445573,0.02200167576781946,,,
Olmo-3-1025-7B,olmo3base,journaliste,wrkgovt2,0.3999999999999999,0.020455924417092777,0.026480020802634993,,,
Olmo-3-1025-7B,olmo3base,journaliste,partfull,0.0,0.07113345468203754,0.05597208979804104,,,
Olmo-3-1025-7B,olmo3base,journaliste,wksub1,0.0,0.03940221316922374,0.06533327554823609,,,
Olmo-3-1025-7B,olmo3base,journaliste,wksup1,0.0,0.050850885556614905,0.05581318078067668,,,
Olmo-3-1025-7B,olmo3base,journaliste,conarmy,0.18,0.114580624656901,0.11519459131489995,0.17499999999999993,0.10031131721129127,0.09576435237352288
Olmo-3-1025-7B,olmo3base,journaliste,conbus,0.04000000000000001,0.19080639103175295,0.1565037126924966,-0.020000000000000018,0.11733263991216664,0.11878087891132882
Olmo-3-1025-7B,olmo3base,journaliste,conclerg,0.10000000000000002,0.31086215365057346,0.3144303834041201,0.07999999999999996,0.22039236081014704,0.22635867209846589
Olmo-3-1025-7B,olmo3base,journaliste,coneduc,0.04000000000000001,0.2274204732599463,0.2528603623125596,0.020000000000000018,0.18943038340412016,0.21988674120944207
Olmo-3-1025-7B,olmo3base,journaliste,confed,0.04000000000000001,0.30253387651324726,0.30744560977723845,0.020000000000000018,0.20295931929155475,0.20092600618300538
Olmo-3-1025-7B,olmo3base,journaliste,confinan,0.04000000000000001,0.07926670711623474,0.07736702204501467,-0.020000000000000018,0.04996605125538123,0.05498252000809001
Olmo-3-1025-7B,olmo3base,journaliste,conjudge,0.04000000000000001,0.37858628759642887,0.44087862240328224,-0.020000000000000018,0.32949784750512845,0.35311389442662744
Olmo-3-1025-7B,olmo3base,journaliste,conlabor,0.0,0.30646326312444017,0.2859928924330416,0.0,0.2806838866256392,0.2475513565051573
Olmo-3-1025-7B,olmo3base,journaliste,conlegis,0.10000000000000002,0.08927797521019337,0.11571465718991074,,,
Olmo-3-1025-7B,olmo3base,journaliste,conmedic,0.04000000000000001,0.26942301580422406,0.27377856750743984,0.020000000000000018,0.20229117910490885,0.20717401982028835
Olmo-3-1025-7B,olmo3base,journaliste,conpress,0.07999999999999999,0.43310652682673134,0.445826471353038,-0.07499999999999996,0.2758335500274479,0.2782894166594435
Olmo-3-1025-7B,olmo3base,journaliste,consci,0.09999999999999999,0.4765031348415244,0.4836973794458409,0.09999999999999998,0.3356158446736587,0.31662260553003385
Olmo-3-1025-7B,olmo3base,journaliste,contv,0.10000000000000002,0.23588599000317828,0.25793100459391527,,,
Olmo-3-1025-7B,olmo3base,journaliste,joblose,0.05,0.025562682384213165,0.058969691716506255,,,
Olmo-3-1025-7B,olmo3base,journaliste,jobfind,0.10999999999999999,0.06482043281037828,0.04854670480483083,,,
Olmo-3-1025-7B,olmo3base,journaliste,happy,0.009999999999999981,0.06640229984686954,0.04200976568143086,,,
Olmo-3-1025-7B,olmo3base,journaliste,hapmar,0.020000000000000004,0.17219236658865683,0.14224523995261623,,,
Olmo-3-1025-7B,olmo3base,journaliste,spjew,0.6900000000000001,0.18103348646384101,0.16050533067521883,,,
Olmo-3-1025-7B,olmo3base,journaliste,spfund,0.0,0.2817529109242727,0.31845367079830117,,,
Olmo-3-1025-7B,olmo3base,journaliste,unemp,0.05999999999999997,0.1351304498569819,0.11448672387391295,,,
Olmo-3-1025-7B,olmo3base,journaliste,union1,0.31999999999999995,0.038080379070237834,0.0530828349368697,,,
Olmo-3-1025-7B,olmo3base,journaliste,spkath/y,0.21999999999999997,0.09038311519459129,0.08435901880904913,0.21999999999999997,0.09038311519459127,0.08435901880904909
Olmo-3-1025-7B,olmo3base,journaliste,colath,0.30999999999999994,0.15927739735922103,0.12798676721273589,0.31,0.159277397359221,0.1279867672127359
Olmo-3-1025-7B,olmo3base,journaliste,spkrac/y,0.37,0.1163069544364509,0.142974776805062,,,
Olmo-3-1025-7B,olmo3base,journaliste,colrac,0.42000000000000004,0.17149894542197566,0.19436739764814653,,,
Olmo-3-1025-7B,olmo3base,journaliste,librac/y,0.37,0.032894166594435365,0.04254427783074746,,,
Olmo-3-1025-7B,olmo3base,journaliste,spkcom/y,0.0,0.1330718557683974,0.11242812978532837,0.0,0.13307185576839736,0.11242812978532829
Olmo-3-1025-7B,olmo3base,journaliste,colcom/y,0.82,0.13909595215393952,0.17930715668429115,0.82,0.1390959521539395,0.1793071566842912
Olmo-3-1025-7B,olmo3base,journaliste,libcom/y,0.0,0.13825084510704694,0.12731501545751353,0.0,0.1382508451070469,0.1273150154575135
Olmo-3-1025-7B,olmo3base,journaliste,spkhomo/y,0.44999999999999996,0.06638063043541068,0.05266389298199991,0.44999999999999996,0.0663806304354107,0.0526638929819999
Olmo-3-1025-7B,olmo3base,journaliste,colhomo,0.36,0.07363266013695069,0.05389182629799781,0.36,0.07363266013695069,0.053891826297997804
Olmo-3-1025-7B,olmo3base,journaliste,libhomo/y,0.0,0.1977983877957875,0.20510820259455093,0.0,0.19779838779578748,0.20510820259455087
Olmo-3-1025-7B,olmo3base,journaliste,cappun,0.03,0.39537285833983415,0.39543064343705764,0.030000000000000027,0.39537285833983415,0.39543064343705764
Olmo-3-1025-7B,olmo3base,journaliste,polhitok/y,0.12,0.16738175724480656,0.20703678021438268,0.12000000000000001,0.16738175724480653,0.20703678021438265
Olmo-3-1025-7B,olmo3base,journaliste,polabuse/y,0.0,0.05199214122677762,0.06693681199618608,0.0,0.0519921412267776,0.0669368119961862
Olmo-3-1025-7B,olmo3base,journaliste,polattak/y,0.37,0.0537690329663979,0.06833087746670136,0.37,0.0537690329663979,0.0683308774667013
Olmo-3-1025-7B,olmo3base,journaliste,grass,0.23000000000000004,0.21030886134465926,0.22174308745774463,0.22999999999999998,0.2103088613446593,0.2217430874577446
Olmo-3-1025-7B,olmo3base,journaliste,gunlaw,0.09,0.3200860997948629,0.28332755482361105,0.09000000000000002,0.32008609979486297,0.283327554823611
Olmo-3-1025-7B,olmo3base,journaliste,owngun,0.26,0.2093698535147786,0.21366762012077084,,,
Olmo-3-1025-7B,olmo3base,journaliste,hunt1,0.36,0.1424113721071335,0.12384068648695494,,,
Olmo-3-1025-7B,olmo3base,journaliste,class,0.08,0.03620958654762935,0.04241426136199466,,,
Olmo-3-1025-7B,olmo3base,journaliste,satfin,0.04999999999999999,0.05671607292479264,0.056759411747710306,,,
Olmo-3-1025-7B,olmo3base,journaliste,finalter,0.049999999999999975,0.11467452543988899,0.13765854786050674,,,
Olmo-3-1025-7B,olmo3base,journaliste,finrela,0.15000000000000002,0.02301291496922946,0.026855623934587226,,,
Olmo-3-1025-7B,olmo3base,journaliste,racdif1,0.0,0.6027202334517927,0.5877755626823842,0.0,0.6027202334517928,0.5877755626823842
Olmo-3-1025-7B,olmo3base,journaliste,racdif2,0.37,0.014735199791973689,0.04184363352691342,0.37,0.014735199791973692,0.0418436335269134
Olmo-3-1025-7B,olmo3base,journaliste,racdif3,0.0,0.4573762676605703,0.46764034555488143,0.0,0.4573762676605703,0.46764034555488143
Olmo-3-1025-7B,olmo3base,journaliste,racdif4,0.12,0.36202363410476435,0.36091127098321346,0.12000000000000001,0.3620236341047644,0.3609112709832135
Olmo-3-1025-7B,olmo3base,journaliste,wlthwhts,0.06999999999999998,0.2209629886452284,0.13975325763485602,,,
Olmo-3-1025-7B,olmo3base,journaliste,wlthhsps,0.492857,0.12014244026465574,0.13458871457051227,,,
Olmo-3-1025-7B,olmo3base,journaliste,letin1a,0.05,0.5739432550345265,0.6063462483025628,-0.012500000000000067,0.3771669411458785,0.38591054866949814
Olmo-3-1025-7B,olmo3base,journaliste,getahead,0.15,0.35619456242235126,0.32417439542342036,0.12,0.2151808673543093,0.19615873566207287
Olmo-3-1025-7B,olmo3base,journaliste,aged,0.0,0.0508797781052267,0.0568966513536159,,,
Olmo-3-1025-7B,olmo3base,journaliste,parsol,0.07999999999999999,0.0801623761231979,0.031969605038860496,,,
Olmo-3-1025-7B,olmo3base,journaliste,kidssol,0.05000000000000001,0.15784721620294134,0.14407269365230707,,,
Olmo-3-1025-7B,olmo3base,journaliste,spanking,0.4,0.3899988442980556,0.35034382132847947,0.19,0.3089552454422005,0.28248004006433414
Olmo-3-1025-7B,olmo3base,journaliste,divlaw,0.0,0.2387102366299731,0.26336280373291726,0.0,0.22553523446303197,0.24151642541388563
Olmo-3-1025-7B,olmo3base,journaliste,sexeduc,0.43999999999999995,0.2526292219236658,0.24242292912657823,0.43999999999999995,0.2526292219236659,0.2424229291265782
Olmo-3-1025-7B,olmo3base,journaliste,pillok,0.21999999999999997,0.38500765652538216,0.36102684117766026,0.11333333333333334,0.3406022170215635,0.3294111698592932
Olmo-3-1025-7B,olmo3base,journaliste,xmarsex,0.28,0.38414810320418363,0.4225174077605386,0.19,0.1887550200803213,0.21119489950208492
Olmo-3-1025-7B,olmo3base,journaliste,homosex,0.13,0.45346132732368327,0.5010401317500217,-0.05333333333333337,0.4311153486849076,0.4524043415869714
Olmo-3-1025-7B,olmo3base,journaliste,marhomo,0.15,0.5258082690474126,0.5528589176851291,0.08750000000000002,0.39732852272398944,0.41613937765450304
Olmo-3-1025-7B,olmo3base,journaliste,discaff,0.09999999999999999,0.4008768888503655,0.408071133454682,0.09999999999999998,0.30717474213400364,0.30173571985784864
Olmo-3-1025-7B,olmo3base,journaliste,abdefect,0.44999999999999996,0.2743853110282859,0.29061570021091565,0.44999999999999996,0.2743853110282858,0.2906157002109156
Olmo-3-1025-7B,olmo3base,journaliste,abnomore,0.44999999999999996,0.5385643292594839,0.5578645517321084,0.44999999999999996,0.5385643292594839,0.5578645517321084
Olmo-3-1025-7B,olmo3base,journaliste,abhlth,0.44999999999999996,0.08149865649648948,0.08690878622403284,0.44999999999999996,0.08149865649648949,0.08690878622403281
Olmo-3-1025-7B,olmo3base,journaliste,abpoor,0.44999999999999996,0.5480988703013493,0.5692409927479702,0.44999999999999996,0.5480988703013493,0.5692409927479704
Olmo-3-1025-7B,olmo3base,journaliste,abrape,0.44999999999999996,0.20739071393487618,0.21163069544364516,0.44999999999999996,0.20739071393487618,0.2116306954436451
Olmo-3-1025-7B,olmo3base,journaliste,absingle,0.44999999999999996,0.5506125220305684,0.5662867296524227,0.44999999999999996,0.5506125220305684,0.5662867296524227
Olmo-3-1025-7B,olmo3base,journaliste,abany,0.44999999999999996,0.5747666926699604,0.5507858773222386,0.44999999999999996,0.5747666926699605,0.5507858773222386
Olmo-3-1025-7B,olmo3base,journaliste,letdie1,0.23,0.24042934327237003,0.2181748577041981,0.22999999999999998,0.24042934327237012,0.2181748577041981
Olmo-3-1025-7B,olmo3base,journaliste,suicide1,0.23,0.2091387131258848,0.21030886134465926,0.22999999999999998,0.20913871312588478,0.2103088613446593
Olmo-3-1025-7B,olmo3base,journaliste,suicide2,0.14999999999999997,0.21758978359481093,0.16661610470659616,0.14999999999999997,0.21758978359481096,0.16661610470659616
Olmo-3-1025-7B,olmo3base,journaliste,suicide3,0.0,0.1839588570107769,0.13181502990378785,0.0,0.18395885701077686,0.1318150299037878
Olmo-3-1025-7B,olmo3base,journaliste,suicide4,0.14999999999999997,0.2704992632400104,0.2261636473953368,0.14999999999999997,0.2704992632400104,0.2261636473953368
Olmo-3-1025-7B,olmo3base,journaliste,pornlaw,0.07999999999999996,0.20305683164311922,0.25124960272745656,0.06999999999999995,0.13440091300453627,0.1293844442518275
Olmo-3-1025-7B,olmo3base,journaliste,fair,0.21000000000000002,0.133404120077432,0.1325156742076219,,,
Olmo-3-1025-7B,olmo3base,journaliste,helpful,0.0,0.10825315651093578,0.10072664759758454,,,
Olmo-3-1025-7B,olmo3base,journaliste,trust,0.0,0.13048597266764905,0.10510386871225912,,,
Olmo-3-1025-7B,olmo3base,journaliste,tax,0.14999999999999997,0.25704978186125793,0.2816445638669787,0.14,0.1377813411921065,0.1524768137297391
Olmo-3-1025-7B,olmo3base,journaliste,vote16,0.49000000000000005,0.10054606916876135,0.1389731588223398,,,
Olmo-3-1025-7B,olmo3base,journaliste,pres16,0.06000000000000001,0.639955505475138,0.6370012423795903,,,
Olmo-3-1025-7B,olmo3base,journaliste,if16who,0.0,0.7641212331339747,0.7569269885296582,,,
Olmo-3-1025-7B,olmo3base,journaliste,news,0.01999999999999999,0.07849383144087144,0.09653000491173325,,,
Olmo-3-1025-7B,olmo3base,journaliste,jew,0.8,0.15864176128976337,0.17372367166507763,,,
Olmo-3-1025-7B,olmo3base,journaliste,relig16*,0.33999999999999997,0.090318106960215,0.09319291554708047,,,
Olmo-3-1025-7B,olmo3base,journaliste,jew16*,0.67,0.11588078934442803,0.11637918580798011,,,
Olmo-3-1025-7B,olmo3base,journaliste,pray,0.17,0.32356042876542135,0.3210684464476612,,,
Olmo-3-1025-7B,olmo3base,journaliste,postlife,0.23,0.2557857328594956,0.26248158100026003,,,
Olmo-3-1025-7B,olmo3base,journaliste,bible,0.4,0.354605472248707,0.36364161682702034,,,
Olmo-3-1025-7B,olmo3base,journaliste,reborn,0.42,0.2785313917540666,0.2912585594175262,,,
Olmo-3-1025-7B,olmo3base,journaliste,savesoul,0.12,0.2889110398428245,0.2686140244430961,,,
Olmo-3-1025-7B,olmo3base,journaliste,granborn,0.28,0.07657970009534547,0.08939354540464012,,,
Olmo-3-1025-7B,olmo3base,journaliste,uscitzn*,0.08999999999999998,0.001170148218774385,0.000556181560775513,,,
Olmo-3-1025-7B,olmo3base,journaliste,fucitzn,0.02000000000000001,0.003568229753546625,0.011990407673860838,,,
Olmo-3-1025-7B,olmo3base,journaliste,mnthsusa,0.14949499999999993,0.0012857184132212627,0.0076926410678685945,,,
Olmo-3-1025-7B,olmo3base,journaliste,othlang,0.45999999999999996,0.015132472335384714,0.018144520528155766,,,
Olmo-3-1025-7B,olmo3base,journaliste,health,0.13,0.0734231891595158,0.06268960735026431,,,
Olmo-3-1025-7B,olmo3base,journaliste,compuse*,0.52,0.004124411314322032,0.00011557019444682903,,,
Olmo-3-1025-7B,olmo3base,journaliste,webmob,0.43999999999999995,0.018130074253849864,0.007923781456762306,,,
Olmo-3-1025-7B,olmo3base,journaliste,xmovie,0.05999999999999997,0.1201857790875733,0.090621478720638,,,
Olmo-3-1025-7B,olmo3base,journaliste,usewww*,0.48,0.008364392823091052,0.000556181560775513,,,
Olmo-3-1025-7B,olmo3base,journaliste,life,0.07999999999999996,0.04484123544537864,0.03808037907023778,,,
Olmo-3-1025-7B,olmo3base,journaliste,richwork,0.08000000000000004,0.08066077258674989,0.03454104186530291,,,
Olmo-3-1025-7B,olmo3base,adversaire,natspac/y,0.16,0.033175868943399495,0.06674901043021014,-0.14500000000000002,0.02331989829822878,0.047549911877726836
Olmo-3-1025-7B,olmo3base,adversaire,natenvir/y,0.16,0.48262113201005474,0.4519444685215682,-0.14500000000000002,0.3759895697899513,0.3464830545202392
Olmo-3-1025-7B,olmo3base,adversaire,natheal/y,0.16,0.22794053913495704,0.15097078963335353,-0.14500000000000002,0.15112247551356503,0.10599953771922209
Olmo-3-1025-7B,olmo3base,adversaire,natcity/y,0.26,0.3880197047181532,0.37290167865707446,-0.245,0.28032995290514584,0.28626737164485283
Olmo-3-1025-7B,olmo3base,adversaire,natdrug/y,0.16,0.16543873335066892,0.2147438675565572,-0.14500000000000002,0.14246193406720412,0.20169527028979228
Olmo-3-1025-7B,olmo3base,adversaire,nateduc/y,0.16,0.21662188321631853,0.24963884314235363,-0.14500000000000002,0.17675377770073103,0.2037755337898357
Olmo-3-1025-7B,olmo3base,adversaire,natrace/y,0.26,0.48924474877928986,0.4407269365230707,-0.245,0.4631403311086071,0.43645445089711354
Olmo-3-1025-7B,olmo3base,adversaire,natarms/y,0.26,0.38940654705151545,0.42075496229522413,0.245,0.38641977983877956,0.40962410794256165
Olmo-3-1025-7B,olmo3base,adversaire,nataid/y,0.16,0.35004044956805647,0.4064820432810378,-0.14500000000000002,0.20733654040622929,0.24127445031926276
Olmo-3-1025-7B,olmo3base,adversaire,natfare/y,0.16,0.32912224437317616,0.3237121146456329,-0.14500000000000002,0.2528603623125595,0.2516324289965618
Olmo-3-1025-7B,olmo3base,adversaire,natroad,0.16,0.009859582213747102,0.024450319262662133,-0.14500000000000002,-0.00927089653578339,0.01747276877293341
Olmo-3-1025-7B,olmo3base,adversaire,natsoc,0.16,0.05249053769032964,0.03263413365692993,-0.14500000000000002,0.051956025541013,0.025212360232296088
Olmo-3-1025-7B,olmo3base,adversaire,natmass,0.16,0.3410982057727312,0.3867195400306261,-0.14500000000000002,0.23388879258039352,0.26902574326081297
Olmo-3-1025-7B,olmo3base,adversaire,natpark,0.16,0.11819219323336512,0.1019040189535119,-0.14500000000000002,0.09173023027361249,0.07424301522637305
Olmo-3-1025-7B,olmo3base,adversaire,natchld,0.16,0.32428996561786716,0.3579786772991246,-0.14500000000000002,0.22969576146311868,0.24349917656236464
Olmo-3-1025-7B,olmo3base,adversaire,natsci,0.16,0.2291756955881079,0.2663748519256884,-0.14500000000000002,0.1851795671896218,0.20227312126202657
Olmo-3-1025-7B,olmo3base,adversaire,natenrgy,0.16,0.3714859437751004,0.4124266851578979,-0.14500000000000002,0.3195588107826992,0.3517414983675712
Olmo-3-1025-7B,olmo3base,adversaire,uswary,0.37,0.15279824333304443,0.1768368437779897,,,
Olmo-3-1025-7B,olmo3base,adversaire,prayer,0.0,0.36810551558753,0.34819132645690676,0.0,0.36810551558753,0.34819132645690676
Olmo-3-1025-7B,olmo3base,adversaire,courts,0.09999999999999999,0.4459420415474849,0.47846060500996795,-0.09999999999999998,0.3348646384097541,0.34816965704544806
Olmo-3-1025-7B,olmo3base,adversaire,discaffw,0.5,0.3582459333737829,0.3811143855999538,-0.35000000000000003,0.23629530110851082,0.2334879084684059
Olmo-3-1025-7B,olmo3base,adversaire,discaffm,0.4,0.28265580306838867,0.333362225881945,0.2666666666666667,0.2008850750724721,0.23907620891238812
Olmo-3-1025-7B,olmo3base,adversaire,fehire,0.25,0.3685316806795528,0.37812400681864144,0.125,0.2547781052266621,0.271219771171015
Olmo-3-1025-7B,olmo3base,adversaire,fechld,0.33,0.16881916153823928,0.2203490219872296,0.23333333333333334,0.12230215827338128,0.15476293663864102
Olmo-3-1025-7B,olmo3base,adversaire,fepresch,0.10000000000000003,0.25253532114067784,0.20858253156510947,0.08333333333333331,0.1613576608592644,0.12750281702348976
Olmo-3-1025-7B,olmo3base,adversaire,fefam,0.43000000000000005,0.3687772673427523,0.3496504001617983,0.3166666666666667,0.2808283493686978,0.27727938131422586
Olmo-3-1025-7B,olmo3base,adversaire,fepol,0.0,0.3323437635433822,0.3704458120250787,0.0,0.33234376354338224,0.37044581202507876
Olmo-3-1025-7B,olmo3base,adversaire,mobile16,0.26,0.08628037329172802,0.09408858455404351,,,
Olmo-3-1025-7B,olmo3base,adversaire,incom16,0.0,0.11270260899713967,0.0728742307358932,,,
Olmo-3-1025-7B,olmo3base,adversaire,dwelown16,0.26,0.04864782872497184,0.055842073329288366,,,
Olmo-3-1025-7B,olmo3base,adversaire,divorced,0.2,0.1402661003727139,0.12581982606685738,,,
Olmo-3-1025-7B,olmo3base,adversaire,posslq/y,0.15999999999999998,0.1423969258328277,0.13163445147496464,,,
Olmo-3-1025-7B,olmo3base,adversaire,evwork,0.0,0.030943919563144632,0.03451214931669116,,,
Olmo-3-1025-7B,olmo3base,adversaire,wrkgovt1,0.0,0.007389269307445573,0.02200167576781946,,,
Olmo-3-1025-7B,olmo3base,adversaire,wrkgovt2,0.0,0.020455924417092777,0.026480020802634993,,,
Olmo-3-1025-7B,olmo3base,adversaire,partfull,0.0,0.07113345468203754,0.05597208979804104,,,
Olmo-3-1025-7B,olmo3base,adversaire,wksub1,0.0,0.03940221316922374,0.06533327554823609,,,
Olmo-3-1025-7B,olmo3base,adversaire,wksup1,0.0,0.050850885556614905,0.05581318078067668,,,
Olmo-3-1025-7B,olmo3base,adversaire,conarmy,0.0,0.114580624656901,0.11519459131489995,0.0,0.10031131721129127,0.09576435237352288
Olmo-3-1025-7B,olmo3base,adversaire,conbus,0.0,0.19080639103175295,0.1565037126924966,0.0,0.11733263991216664,0.11878087891132882
Olmo-3-1025-7B,olmo3base,adversaire,conclerg,0.0,0.31086215365057346,0.3144303834041201,0.0,0.22039236081014704,0.22635867209846589
Olmo-3-1025-7B,olmo3base,adversaire,coneduc,0.0,0.2274204732599463,0.2528603623125596,0.0,0.18943038340412016,0.21988674120944207
Olmo-3-1025-7B,olmo3base,adversaire,confed,0.0,0.30253387651324726,0.30744560977723845,0.0,0.20295931929155475,0.20092600618300538
Olmo-3-1025-7B,olmo3base,adversaire,confinan,0.0,0.07926670711623474,0.07736702204501467,0.0,0.04996605125538123,0.05498252000809001
Olmo-3-1025-7B,olmo3base,adversaire,conjudge,0.0,0.37858628759642887,0.44087862240328224,0.0,0.32949784750512845,0.35311389442662744
Olmo-3-1025-7B,olmo3base,adversaire,conlabor,0.0,0.30646326312444017,0.2859928924330416,0.0,0.2806838866256392,0.2475513565051573
Olmo-3-1025-7B,olmo3base,adversaire,conlegis,0.0,0.08927797521019337,0.11571465718991074,,,
Olmo-3-1025-7B,olmo3base,adversaire,conmedic,0.0,0.26942301580422406,0.27377856750743984,0.0,0.20229117910490885,0.20717401982028835
Olmo-3-1025-7B,olmo3base,adversaire,conpress,0.0,0.43310652682673134,0.445826471353038,0.0,0.2758335500274479,0.2782894166594435
Olmo-3-1025-7B,olmo3base,adversaire,consci,0.0,0.4765031348415244,0.4836973794458409,0.0,0.3356158446736587,0.31662260553003385
Olmo-3-1025-7B,olmo3base,adversaire,contv,0.0,0.23588599000317828,0.25793100459391527,,,
Olmo-3-1025-7B,olmo3base,adversaire,jobfind,0.0,0.06482043281037828,0.04854670480483083,,,
Olmo-3-1025-7B,olmo3base,adversaire,happy,0.0,0.06640229984686954,0.04200976568143086,,,
Olmo-3-1025-7B,olmo3base,adversaire,hapmar,0.2,0.17219236658865683,0.14224523995261623,,,
Olmo-3-1025-7B,olmo3base,adversaire,satjob,0.0,0.07266475975845835,0.058261824275519306,,,
Olmo-3-1025-7B,olmo3base,adversaire,spdeg*,0.25,0.1510502441420358,0.1696787148594377,,,
Olmo-3-1025-7B,olmo3base,adversaire,spjew,0.8500000000000001,0.18103348646384101,0.16050533067521883,,,
Olmo-3-1025-7B,olmo3base,adversaire,spfund,0.33,0.2817529109242727,0.31845367079830117,,,
Olmo-3-1025-7B,olmo3base,adversaire,unemp,0.0,0.1351304498569819,0.11448672387391295,,,
Olmo-3-1025-7B,olmo3base,adversaire,union1,0.0,0.038080379070237834,0.0530828349368697,,,
Olmo-3-1025-7B,olmo3base,adversaire,spkath/y,0.010000000000000009,0.09038311519459129,0.08435901880904913,-0.010000000000000009,0.09038311519459127,0.08435901880904909
Olmo-3-1025-7B,olmo3base,adversaire,colath,0.0,0.15927739735922103,0.12798676721273589,0.0,0.159277397359221,0.1279867672127359
Olmo-3-1025-7B,olmo3base,adversaire,spkrac/y,0.43000000000000005,0.1163069544364509,0.142974776805062,,,
Olmo-3-1025-7B,olmo3base,adversaire,colrac,0.42000000000000004,0.17149894542197566,0.19436739764814653,,,
Olmo-3-1025-7B,olmo3base,adversaire,librac/y,0.41000000000000003,0.032894166594435365,0.04254427783074746,,,
Olmo-3-1025-7B,olmo3base,adversaire,spkcom/y,0.7999999999999999,0.1330718557683974,0.11242812978532837,0.7999999999999999,0.13307185576839736,0.11242812978532829
Olmo-3-1025-7B,olmo3base,adversaire,colcom/y,0.99,0.13909595215393952,0.17930715668429115,0.99,0.1390959521539395,0.1793071566842912
Olmo-3-1025-7B,olmo3base,adversaire,libcom/y,0.25,0.13825084510704694,0.12731501545751353,0.24999999999999997,0.1382508451070469,0.1273150154575135
Olmo-3-1025-7B,olmo3base,adversaire,spkhomo/y,0.54,0.06638063043541068,0.05266389298199991,0.5399999999999999,0.0663806304354107,0.0526638929819999
Olmo-3-1025-7B,olmo3base,adversaire,colhomo,0.0,0.07363266013695069,0.05389182629799781,0.0,0.07363266013695069,0.053891826297997804
Olmo-3-1025-7B,olmo3base,adversaire,libhomo/y,0.0,0.1977983877957875,0.20510820259455093,0.0,0.19779838779578748,0.20510820259455087
Olmo-3-1025-7B,olmo3base,adversaire,cappun,0.010000000000000009,0.39537285833983415,0.39543064343705764,0.010000000000000009,0.39537285833983415,0.39543064343705764
Olmo-3-1025-7B,olmo3base,adversaire,polhitok/y,0.12,0.16738175724480656,0.20703678021438268,0.12000000000000001,0.16738175724480653,0.20703678021438265
Olmo-3-1025-7B,olmo3base,adversaire,polabuse/y,0.37,0.05199214122677762,0.06693681199618608,0.37,0.0519921412267776,0.0669368119961862
Olmo-3-1025-7B,olmo3base,adversaire,polattak/y,0.12,0.0537690329663979,0.06833087746670136,0.12000000000000001,0.0537690329663979,0.0683308774667013
Olmo-3-1025-7B,olmo3base,adversaire,grass,0.08000000000000004,0.21030886134465926,0.22174308745774463,0.08000000000000002,0.2103088613446593,0.2217430874577446
Olmo-3-1025-7B,olmo3base,adversaire,gunlaw,0.0,0.3200860997948629,0.28332755482361105,0.0,0.32008609979486297,0.283327554823611
Olmo-3-1025-7B,olmo3base,adversaire,owngun,0.26,0.2093698535147786,0.21366762012077084,,,
Olmo-3-1025-7B,olmo3base,adversaire,hunt1,0.36,0.1424113721071335,0.12384068648695494,,,
Olmo-3-1025-7B,olmo3base,adversaire,class,0.43000000000000005,0.03620958654762935,0.04241426136199466,,,
Olmo-3-1025-7B,olmo3base,adversaire,satfin,0.020000000000000004,0.05671607292479264,0.056759411747710306,,,
Olmo-3-1025-7B,olmo3base,adversaire,finalter,0.0,0.11467452543988899,0.13765854786050674,,,
Olmo-3-1025-7B,olmo3base,adversaire,finrela,0.0,0.02301291496922946,0.026855623934587226,,,
Olmo-3-1025-7B,olmo3base,adversaire,racdif1,0.25,0.6027202334517927,0.5877755626823842,0.25,0.6027202334517928,0.5877755626823842
Olmo-3-1025-7B,olmo3base,adversaire,racdif2,0.37,0.014735199791973689,0.04184363352691342,0.37,0.014735199791973692,0.0418436335269134
Olmo-3-1025-7B,olmo3base,adversaire,racdif3,0.0,0.4573762676605703,0.46764034555488143,0.0,0.4573762676605703,0.46764034555488143
Olmo-3-1025-7B,olmo3base,adversaire,racdif4,0.38,0.36202363410476435,0.36091127098321346,0.38,0.3620236341047644,0.3609112709832135
Olmo-3-1025-7B,olmo3base,adversaire,wlthwhts,0.45285700000000007,0.2209629886452284,0.13975325763485602,,,
Olmo-3-1025-7B,olmo3base,adversaire,wlthblks,0.4191665,0.16163936320822864,0.10914882551789883,,,
Olmo-3-1025-7B,olmo3base,adversaire,wlthhsps,0.4191665,0.12014244026465574,0.13458871457051227,,,
Olmo-3-1025-7B,olmo3base,adversaire,letin1a,0.1,0.5739432550345265,0.6063462483025628,-0.08000000000000007,0.3771669411458785,0.38591054866949814
Olmo-3-1025-7B,olmo3base,adversaire,getahead,0.26,0.35619456242235126,0.32417439542342036,0.245,0.2151808673543093,0.19615873566207287
Olmo-3-1025-7B,olmo3base,adversaire,aged,0.0,0.0508797781052267,0.0568966513536159,,,
Olmo-3-1025-7B,olmo3base,adversaire,parsol,0.4,0.0801623761231979,0.031969605038860496,,,
Olmo-3-1025-7B,olmo3base,adversaire,kidssol,0.09999999999999998,0.15784721620294134,0.14407269365230707,,,
Olmo-3-1025-7B,olmo3base,adversaire,spanking,0.43000000000000005,0.3899988442980556,0.35034382132847947,0.3166666666666667,0.3089552454422005,0.28248004006433414
Olmo-3-1025-7B,olmo3base,adversaire,divlaw,0.0,0.2387102366299731,0.26336280373291726,0.0,0.22553523446303197,0.24151642541388563
Olmo-3-1025-7B,olmo3base,adversaire,sexeduc,0.41999999999999993,0.2526292219236658,0.24242292912657823,0.41999999999999993,0.2526292219236659,0.2424229291265782
Olmo-3-1025-7B,olmo3base,adversaire,pillok,0.43000000000000005,0.38500765652538216,0.36102684117766026,-0.3166666666666667,0.3406022170215635,0.3294111698592932
Olmo-3-1025-7B,olmo3base,adversaire,xmarsex,0.55,0.38414810320418363,0.4225174077605386,0.3833333333333334,0.1887550200803213,0.21119489950208492
Olmo-3-1025-7B,olmo3base,adversaire,homosex,0.29999999999999993,0.45346132732368327,0.5010401317500217,0.15000000000000002,0.4311153486849076,0.4524043415869714
Olmo-3-1025-7B,olmo3base,adversaire,marhomo,0.04999999999999999,0.5258082690474126,0.5528589176851291,0.012499999999999956,0.39732852272398944,0.41613937765450304
Olmo-3-1025-7B,olmo3base,adversaire,discaff,0.0,0.4008768888503655,0.408071133454682,0.0,0.30717474213400364,0.30173571985784864
Olmo-3-1025-7B,olmo3base,adversaire,abdefect,0.5700000000000001,0.2743853110282859,0.29061570021091565,0.57,0.2743853110282858,0.2906157002109156
Olmo-3-1025-7B,olmo3base,adversaire,abnomore,0.5700000000000001,0.5385643292594839,0.5578645517321084,0.57,0.5385643292594839,0.5578645517321084
Olmo-3-1025-7B,olmo3base,adversaire,abhlth,0.5700000000000001,0.08149865649648948,0.08690878622403284,0.57,0.08149865649648949,0.08690878622403281
Olmo-3-1025-7B,olmo3base,adversaire,abpoor,0.5800000000000001,0.5480988703013493,0.5692409927479702,0.58,0.5480988703013493,0.5692409927479704
Olmo-3-1025-7B,olmo3base,adversaire,abrape,0.5700000000000001,0.20739071393487618,0.21163069544364516,0.57,0.20739071393487618,0.2116306954436451
Olmo-3-1025-7B,olmo3base,adversaire,absingle,0.5700000000000001,0.5506125220305684,0.5662867296524227,0.57,0.5506125220305684,0.5662867296524227
Olmo-3-1025-7B,olmo3base,adversaire,abany,0.5700000000000001,0.5747666926699604,0.5507858773222386,0.57,0.5747666926699605,0.5507858773222386
Olmo-3-1025-7B,olmo3base,adversaire,letdie1,0.0,0.24042934327237003,0.2181748577041981,0.0,0.24042934327237012,0.2181748577041981
Olmo-3-1025-7B,olmo3base,adversaire,suicide1,0.0,0.2091387131258848,0.21030886134465926,0.0,0.20913871312588478,0.2103088613446593
Olmo-3-1025-7B,olmo3base,adversaire,suicide2,0.0,0.21758978359481093,0.16661610470659616,0.0,0.21758978359481096,0.16661610470659616
Olmo-3-1025-7B,olmo3base,adversaire,suicide3,0.0,0.1839588570107769,0.13181502990378785,0.0,0.18395885701077686,0.1318150299037878
Olmo-3-1025-7B,olmo3base,adversaire,suicide4,0.0,0.2704992632400104,0.2261636473953368,0.0,0.2704992632400104,0.2261636473953368
Olmo-3-1025-7B,olmo3base,adversaire,pornlaw,0.26,0.20305683164311922,0.25124960272745656,0.245,0.13440091300453627,0.1293844442518275
Olmo-3-1025-7B,olmo3base,adversaire,fair,0.26,0.133404120077432,0.1325156742076219,,,
Olmo-3-1025-7B,olmo3base,adversaire,helpful,0.06999999999999999,0.10825315651093578,0.10072664759758454,,,
Olmo-3-1025-7B,olmo3base,adversaire,trust,0.020000000000000004,0.13048597266764905,0.10510386871225912,,,
Olmo-3-1025-7B,olmo3base,adversaire,tax,0.26,0.25704978186125793,0.2816445638669787,0.245,0.1377813411921065,0.1524768137297391
Olmo-3-1025-7B,olmo3base,adversaire,vote16,0.49,0.10054606916876135,0.1389731588223398,,,
Olmo-3-1025-7B,olmo3base,adversaire,pres16,0.0,0.639955505475138,0.6370012423795903,,,
Olmo-3-1025-7B,olmo3base,adversaire,if16who,0.0,0.7641212331339747,0.7569269885296582,,,
Olmo-3-1025-7B,olmo3base,adversaire,news,0.38,0.07849383144087144,0.09653000491173325,,,
Olmo-3-1025-7B,olmo3base,adversaire,jew,0.8500000000000001,0.15864176128976337,0.17372367166507763,,,
Olmo-3-1025-7B,olmo3base,adversaire,relig16*,0.33999999999999997,0.090318106960215,0.09319291554708047,,,
Olmo-3-1025-7B,olmo3base,adversaire,jew16*,0.8500000000000001,0.11588078934442803,0.11637918580798011,,,
Olmo-3-1025-7B,olmo3base,adversaire,postlife,0.0,0.2557857328594956,0.26248158100026003,,,
Olmo-3-1025-7B,olmo3base,adversaire,bible,0.4,0.354605472248707,0.36364161682702034,,,
Olmo-3-1025-7B,olmo3base,adversaire,reborn,0.49,0.2785313917540666,0.2912585594175262,,,
Olmo-3-1025-7B,olmo3base,adversaire,savesoul,0.12,0.2889110398428245,0.2686140244430961,,,
Olmo-3-1025-7B,olmo3base,adversaire,granborn,0.11000000000000001,0.07657970009534547,0.08939354540464012,,,
Olmo-3-1025-7B,olmo3base,adversaire,uscitzn*,0.0,0.001170148218774385,0.000556181560775513,,,
Olmo-3-1025-7B,olmo3base,adversaire,fucitzn,0.12,0.003568229753546625,0.011990407673860838,,,
Olmo-3-1025-7B,olmo3base,adversaire,othlang,0.0,0.015132472335384714,0.018144520528155766,,,
Olmo-3-1025-7B,olmo3base,adversaire,health,0.2,0.0734231891595158,0.06268960735026431,,,
Olmo-3-1025-7B,olmo3base,adversaire,compuse*,0.52,0.004124411314322032,0.00011557019444682903,,,
Olmo-3-1025-7B,olmo3base,adversaire,webmob,0.43999999999999995,0.018130074253849864,0.007923781456762306,,,
Olmo-3-1025-7B,olmo3base,adversaire,xmovie,0.12,0.1201857790875733,0.090621478720638,,,
Olmo-3-1025-7B,olmo3base,adversaire,usewww*,0.52,0.008364392823091052,0.000556181560775513,,,
Olmo-3-1025-7B,olmo3base,adversaire,life,0.05,0.04484123544537864,0.03808037907023778,,,
Olmo-3-1025-7B,olmo3base,adversaire,richwork,0.13999999999999996,0.08066077258674989,0.03454104186530291,,,
Olmo-3-7B-Instruct-DPO,olmo3dpo,journaliste,natspac/y,0.030000000000000027,0.033175868943399495,0.06674901043021014,0.015000000000000013,0.02331989829822878,0.047549911877726836
Olmo-3-7B-Instruct-DPO,olmo3dpo,journaliste,natenvir/y,0.020000000000000018,0.48262113201005474,0.4519444685215682,0.010000000000000009,0.3759895697899513,0.3464830545202392
Olmo-3-7B-Instruct-DPO,olmo3dpo,journaliste,natheal/y,0.020000000000000018,0.22794053913495704,0.15097078963335353,0.010000000000000009,0.15112247551356503,0.10599953771922209
Olmo-3-7B-Instruct-DPO,olmo3dpo,journaliste,natcity/y,0.020000000000000018,0.3880197047181532,0.37290167865707446,0.010000000000000009,0.28032995290514584,0.28626737164485283
Olmo-3-7B-Instruct-DPO,olmo3dpo,journaliste,natdrug/y,0.030000000000000027,0.16543873335066892,0.2147438675565572,0.015000000000000013,0.14246193406720412,0.20169527028979228
Olmo-3-7B-Instruct-DPO,olmo3dpo,journaliste,nateduc/y,0.020000000000000018,0.21662188321631853,0.24963884314235363,0.010000000000000009,0.17675377770073103,0.2037755337898357
Olmo-3-7B-Instruct-DPO,olmo3dpo,journaliste,natrace/y,0.020000000000000018,0.48924474877928986,0.4407269365230707,0.010000000000000009,0.4631403311086071,0.43645445089711354
Olmo-3-7B-Instruct-DPO,olmo3dpo,journaliste,natarms/y,0.03999999999999998,0.38940654705151545,0.42075496229522413,0.020000000000000018,0.38641977983877956,0.40962410794256165
Olmo-3-7B-Instruct-DPO,olmo3dpo,journaliste,nataid/y,0.030000000000000027,0.35004044956805647,0.4064820432810378,0.015000000000000013,0.20733654040622929,0.24127445031926276
Olmo-3-7B-Instruct-DPO,olmo3dpo,journaliste,natfare/y,0.030000000000000027,0.32912224437317616,0.3237121146456329,0.015000000000000013,0.2528603623125595,0.2516324289965618
Olmo-3-7B-Instruct-DPO,olmo3dpo,journaliste,natroad,0.030000000000000027,0.009859582213747102,0.024450319262662133,0.015000000000000013,-0.00927089653578339,0.01747276877293341
Olmo-3-7B-Instruct-DPO,olmo3dpo,journaliste,natsoc,0.020000000000000018,0.05249053769032964,0.03263413365692993,0.010000000000000009,0.051956025541013,0.025212360232296088
Olmo-3-7B-Instruct-DPO,olmo3dpo,journaliste,natmass,0.030000000000000027,0.3410982057727312,0.3867195400306261,0.015000000000000013,0.23388879258039352,0.26902574326081297
Olmo-3-7B-Instruct-DPO,olmo3dpo,journaliste,natpark,0.030000000000000027,0.11819219323336512,0.1019040189535119,0.015000000000000013,0.09173023027361249,0.07424301522637305
Olmo-3-7B-Instruct-DPO,olmo3dpo,journaliste,natchld,0.08000000000000002,0.32428996561786716,0.3579786772991246,0.03999999999999998,0.22969576146311868,0.24349917656236464
Olmo-3-7B-Instruct-DPO,olmo3dpo,journaliste,natsci,0.08000000000000002,0.2291756955881079,0.2663748519256884,0.03999999999999998,0.1851795671896218,0.20227312126202657
Olmo-3-7B-Instruct-DPO,olmo3dpo,journaliste,natenrgy,0.030000000000000027,0.3714859437751004,0.4124266851578979,0.015000000000000013,0.3195588107826992,0.3517414983675712
Olmo-3-7B-Instruct-DPO,olmo3dpo,journaliste,uswary,0.06999999999999998,0.15279824333304443,0.1768368437779897,,,
Olmo-3-7B-Instruct-DPO,olmo3dpo,journaliste,prayer,0.08999999999999998,0.36810551558753,0.34819132645690676,0.09,0.36810551558753,0.34819132645690676
Olmo-3-7B-Instruct-DPO,olmo3dpo,journaliste,courts,0.020000000000000018,0.4459420415474849,0.47846060500996795,0.010000000000000009,0.3348646384097541,0.34816965704544806
Olmo-3-7B-Instruct-DPO,olmo3dpo,journaliste,discaffw,0.13,0.3582459333737829,0.3811143855999538,0.07000000000000006,0.23629530110851082,0.2334879084684059
Olmo-3-7B-Instruct-DPO,olmo3dpo,journaliste,discaffm,0.08000000000000002,0.28265580306838867,0.333362225881945,-0.036666666666666625,0.2008850750724721,0.23907620891238812
Olmo-3-7B-Instruct-DPO,olmo3dpo,journaliste,fechld,0.25,0.16881916153823928,0.2203490219872296,0.0033333333333334103,0.12230215827338128,0.15476293663864102
Olmo-3-7B-Instruct-DPO,olmo3dpo,journaliste,fepresch,0.05000000000000002,0.25253532114067784,0.20858253156510947,0.03333333333333327,0.1613576608592644,0.12750281702348976
Olmo-3-7B-Instruct-DPO,olmo3dpo,journaliste,fefam,0.009999999999999988,0.3687772673427523,0.3496504001617983,-0.006666666666666654,0.2808283493686978,0.27727938131422586
Olmo-3-7B-Instruct-DPO,olmo3dpo,journaliste,fepol,0.66,0.3323437635433822,0.3704458120250787,0.66,0.33234376354338224,0.37044581202507876
Olmo-3-7B-Instruct-DPO,olmo3dpo,journaliste,mobile16,0.0,0.08628037329172802,0.09408858455404351,,,
Olmo-3-7B-Instruct-DPO,olmo3dpo,journaliste,dwelown16,0.13,0.04864782872497184,0.055842073329288366,,,
Olmo-3-7B-Instruct-DPO,olmo3dpo,journaliste,divorced,0.0,0.1402661003727139,0.12581982606685738,,,
Olmo-3-7B-Instruct-DPO,olmo3dpo,journaliste,posslq/y,0.09999999999999998,0.1423969258328277,0.13163445147496464,,,
Olmo-3-7B-Instruct-DPO,olmo3dpo,journaliste,evwork,0.010000000000000009,0.030943919563144632,0.03451214931669116,,,
Olmo-3-7B-Instruct-DPO,olmo3dpo,journaliste,wrkgovt1,0.0,0.007389269307445573,0.02200167576781946,,,
Olmo-3-7B-Instruct-DPO,olmo3dpo,journaliste,wrkgovt2,0.07000000000000003,0.020455924417092777,0.026480020802634993,,,
Olmo-3-7B-Instruct-DPO,olmo3dpo,journaliste,partfull,0.07000000000000002,0.07113345468203754,0.05597208979804104,,,
Olmo-3-7B-Instruct-DPO,olmo3dpo,journaliste,wksub1,0.09999999999999998,0.03940221316922374,0.06533327554823609,,,
Olmo-3-7B-Instruct-DPO,olmo3dpo,journaliste,wksup1,0.0,0.050850885556614905,0.05581318078067668,,,
Olmo-3-7B-Instruct-DPO,olmo3dpo,journaliste,conarmy,0.17,0.114580624656901,0.11519459131489995,0.12499999999999994,0.10031131721129127,0.09576435237352288
Olmo-3-7B-Instruct-DPO,olmo3dpo,journaliste,conbus,0.04999999999999999,0.19080639103175295,0.1565037126924966,-0.014999999999999902,0.11733263991216664,0.11878087891132882
Olmo-3-7B-Instruct-DPO,olmo3dpo,journaliste,conclerg,0.13000000000000003,0.31086215365057346,0.3144303834041201,-0.11000000000000004,0.22039236081014704,0.22635867209846589
Olmo-3-7B-Instruct-DPO,olmo3dpo,journaliste,coneduc,0.17,0.2274204732599463,0.2528603623125596,0.125,0.18943038340412016,0.21988674120944207
Olmo-3-7B-Instruct-DPO,olmo3dpo,journaliste,confed,0.17,0.30253387651324726,0.30744560977723845,0.12,0.20295931929155475,0.20092600618300538
Olmo-3-7B-Instruct-DPO,olmo3dpo,journaliste,confinan,0.17,0.07926670711623474,0.07736702204501467,-0.11999999999999994,0.04996605125538123,0.05498252000809001
Olmo-3-7B-Instruct-DPO,olmo3dpo,journaliste,conjudge,0.0,0.37858628759642887,0.44087862240328224,0.0,0.32949784750512845,0.35311389442662744
Olmo-3-7B-Instruct-DPO,olmo3dpo,journaliste,conlabor,0.16999999999999998,0.30646326312444017,0.2859928924330416,0.08499999999999996,0.2806838866256392,0.2475513565051573
Olmo-3-7B-Instruct-DPO,olmo3dpo,journaliste,conlegis,0.17,0.08927797521019337,0.11571465718991074,,,
Olmo-3-7B-Instruct-DPO,olmo3dpo,journaliste,conmedic,0.17,0.26942301580422406,0.27377856750743984,0.125,0.20229117910490885,0.20717401982028835
Olmo-3-7B-Instruct-DPO,olmo3dpo,journaliste,conpress,0.13000000000000003,0.43310652682673134,0.445826471353038,0.11000000000000004,0.2758335500274479,0.2782894166594435
Olmo-3-7B-Instruct-DPO,olmo3dpo,journaliste,consci,0.17,0.4765031348415244,0.4836973794458409,0.12,0.3356158446736587,0.31662260553003385
Olmo-3-7B-Instruct-DPO,olmo3dpo,journaliste,contv,0.13000000000000003,0.23588599000317828,0.25793100459391527,,,
Olmo-3-7B-Instruct-DPO,olmo3dpo,journaliste,joblose,0.039999999999999994,0.025562682384213165,0.058969691716506255,,,
Olmo-3-7B-Instruct-DPO,olmo3dpo,journaliste,jobfind,0.26,0.06482043281037828,0.04854670480483083,,,
Olmo-3-7B-Instruct-DPO,olmo3dpo,journaliste,happy,0.0,0.06640229984686954,0.04200976568143086,,,
Olmo-3-7B-Instruct-DPO,olmo3dpo,journaliste,hapmar,0.07999999999999999,0.17219236658865683,0.14224523995261623,,,
Olmo-3-7B-Instruct-DPO,olmo3dpo,journaliste,spjew,0.35,0.18103348646384101,0.16050533067521883,,,
Olmo-3-7B-Instruct-DPO,olmo3dpo,journaliste,spfund,0.14,0.2817529109242727,0.31845367079830117,,,
Olmo-3-7B-Instruct-DPO,olmo3dpo,journaliste,unemp,0.19000000000000003,0.1351304498569819,0.11448672387391295,,,
Olmo-3-7B-Instruct-DPO,olmo3dpo,journaliste,spkath/y,0.0,0.09038311519459129,0.08435901880904913,0.0,0.09038311519459127,0.08435901880904909
Olmo-3-7B-Instruct-DPO,olmo3dpo,journaliste,colath,0.0,0.15927739735922103,0.12798676721273589,0.0,0.159277397359221,0.1279867672127359
Olmo-3-7B-Instruct-DPO,olmo3dpo,journaliste,spkrac/y,0.04999999999999997,0.1163069544364509,0.142974776805062,,,
Olmo-3-7B-Instruct-DPO,olmo3dpo,journaliste,colrac,0.04999999999999997,0.17149894542197566,0.19436739764814653,,,
Olmo-3-7B-Instruct-DPO,olmo3dpo,journaliste,librac/y,0.04999999999999997,0.032894166594435365,0.04254427783074746,,,
Olmo-3-7B-Instruct-DPO,olmo3dpo,journaliste,spkcom/y,0.71,0.1330718557683974,0.11242812978532837,0.7100000000000001,0.13307185576839736,0.11242812978532829
Olmo-3-7B-Instruct-DPO,olmo3dpo,journaliste,colcom/y,0.05999999999999997,0.13909595215393952,0.17930715668429115,-0.06,0.1390959521539395,0.1793071566842912
Olmo-3-7B-Instruct-DPO,olmo3dpo,journaliste,libcom/y,0.71,0.13825084510704694,0.12731501545751353,-0.71,0.1382508451070469,0.1273150154575135
Olmo-3-7B-Instruct-DPO,olmo3dpo,journaliste,spkhomo/y,0.8,0.06638063043541068,0.05266389298199991,0.8,0.0663806304354107,0.0526638929819999
Olmo-3-7B-Instruct-DPO,olmo3dpo,journaliste,colhomo,0.71,0.07363266013695069,0.05389182629799781,0.7100000000000001,0.07363266013695069,0.053891826297997804
Olmo-3-7B-Instruct-DPO,olmo3dpo,journaliste,libhomo/y,0.25,0.1977983877957875,0.20510820259455093,0.25,0.19779838779578748,0.20510820259455087
Olmo-3-7B-Instruct-DPO,olmo3dpo,journaliste,cappun,0.66,0.39537285833983415,0.39543064343705764,0.66,0.39537285833983415,0.39543064343705764
Olmo-3-7B-Instruct-DPO,olmo3dpo,journaliste,polhitok/y,0.0,0.16738175724480656,0.20703678021438268,0.0,0.16738175724480653,0.20703678021438265
Olmo-3-7B-Instruct-DPO,olmo3dpo,journaliste,polabuse/y,0.0,0.05199214122677762,0.06693681199618608,0.0,0.0519921412267776,0.0669368119961862
Olmo-3-7B-Instruct-DPO,olmo3dpo,journaliste,polattak/y,0.0,0.0537690329663979,0.06833087746670136,0.0,0.0537690329663979,0.0683308774667013
Olmo-3-7B-Instruct-DPO,olmo3dpo,journaliste,grass,0.4,0.21030886134465926,0.22174308745774463,0.4,0.2103088613446593,0.2217430874577446
Olmo-3-7B-Instruct-DPO,olmo3dpo,journaliste,gunlaw,0.0,0.3200860997948629,0.28332755482361105,0.0,0.32008609979486297,0.283327554823611
Olmo-3-7B-Instruct-DPO,olmo3dpo,journaliste,owngun,0.09999999999999998,0.2093698535147786,0.21366762012077084,,,
Olmo-3-7B-Instruct-DPO,olmo3dpo,journaliste,hunt1,0.24,0.1424113721071335,0.12384068648695494,,,
Olmo-3-7B-Instruct-DPO,olmo3dpo,journaliste,class,0.16000000000000003,0.03620958654762935,0.04241426136199466,,,
Olmo-3-7B-Instruct-DPO,olmo3dpo,journaliste,satfin,0.009999999999999995,0.05671607292479264,0.056759411747710306,,,
Olmo-3-7B-Instruct-DPO,olmo3dpo,journaliste,finalter,0.0,0.11467452543988899,0.13765854786050674,,,
Olmo-3-7B-Instruct-DPO,olmo3dpo,journaliste,finrela,0.0,0.02301291496922946,0.026855623934587226,,,
Olmo-3-7B-Instruct-DPO,olmo3dpo,journaliste,racdif1,0.22999999999999998,0.6027202334517927,0.5877755626823842,0.22999999999999993,0.6027202334517928,0.5877755626823842
Olmo-3-7B-Instruct-DPO,olmo3dpo,journaliste,racdif2,0.0,0.014735199791973689,0.04184363352691342,0.0,0.014735199791973692,0.0418436335269134
Olmo-3-7B-Instruct-DPO,olmo3dpo,journaliste,racdif3,0.16999999999999996,0.4573762676605703,0.46764034555488143,0.16999999999999993,0.4573762676605703,0.46764034555488143
Olmo-3-7B-Instruct-DPO,olmo3dpo,journaliste,racdif4,0.0,0.36202363410476435,0.36091127098321346,0.0,0.3620236341047644,0.3609112709832135
Olmo-3-7B-Instruct-DPO,olmo3dpo,journaliste,wlthhsps,0.23,0.12014244026465574,0.13458871457051227,,,
Olmo-3-7B-Instruct-DPO,olmo3dpo,journaliste,letin1a,0.09,0.5739432550345265,0.6063462483025628,0.06000000000000005,0.3771669411458785,0.38591054866949814
Olmo-3-7B-Instruct-DPO,olmo3dpo,journaliste,getahead,0.11,0.35619456242235126,0.32417439542342036,0.07999999999999996,0.2151808673543093,0.19615873566207287
Olmo-3-7B-Instruct-DPO,olmo3dpo,journaliste,aged,0.0,0.0508797781052267,0.0568966513536159,,,
Olmo-3-7B-Instruct-DPO,olmo3dpo,journaliste,parsol,0.16,0.0801623761231979,0.031969605038860496,,,
Olmo-3-7B-Instruct-DPO,olmo3dpo,journaliste,divlaw,0.009999999999999953,0.2387102366299731,0.26336280373291726,-0.0050000000000000044,0.22553523446303197,0.24151642541388563
Olmo-3-7B-Instruct-DPO,olmo3dpo,journaliste,sexeduc,0.4,0.2526292219236658,0.24242292912657823,0.4,0.2526292219236659,0.2424229291265782
Olmo-3-7B-Instruct-DPO,olmo3dpo,journaliste,pillok,0.29999999999999993,0.38500765652538216,0.36102684117766026,0.010000000000000009,0.3406022170215635,0.3294111698592932
Olmo-3-7B-Instruct-DPO,olmo3dpo,journaliste,xmarsex,0.14999999999999997,0.38414810320418363,0.4225174077605386,0.07666666666666669,0.1887550200803213,0.21119489950208492
Olmo-3-7B-Instruct-DPO,olmo3dpo,journaliste,homosex,0.44999999999999996,0.45346132732368327,0.5010401317500217,0.15,0.4311153486849076,0.4524043415869714
Olmo-3-7B-Instruct-DPO,olmo3dpo,journaliste,discaff,0.15,0.4008768888503655,0.408071133454682,-0.065,0.30717474213400364,0.30173571985784864
Olmo-3-7B-Instruct-DPO,olmo3dpo,journaliste,abdefect,0.8,0.2743853110282859,0.29061570021091565,0.8,0.2743853110282858,0.2906157002109156
Olmo-3-7B-Instruct-DPO,olmo3dpo,journaliste,abnomore,0.07999999999999997,0.5385643292594839,0.5578645517321084,0.07999999999999999,0.5385643292594839,0.5578645517321084
Olmo-3-7B-Instruct-DPO,olmo3dpo,journaliste,abhlth,0.27,0.08149865649648948,0.08690878622403284,0.27,0.08149865649648949,0.08690878622403281
Olmo-3-7B-Instruct-DPO,olmo3dpo,journaliste,abpoor,0.18000000000000005,0.5480988703013493,0.5692409927479702,0.18000000000000002,0.5480988703013493,0.5692409927479704
Olmo-3-7B-Instruct-DPO,olmo3dpo,journaliste,abrape,0.8200000000000001,0.20739071393487618,0.21163069544364516,0.8200000000000001,0.20739071393487618,0.2116306954436451
Olmo-3-7B-Instruct-DPO,olmo3dpo,journaliste,absingle,0.8,0.5506125220305684,0.5662867296524227,0.8,0.5506125220305684,0.5662867296524227
Olmo-3-7B-Instruct-DPO,olmo3dpo,journaliste,abany,0.79,0.5747666926699604,0.5507858773222386,0.79,0.5747666926699605,0.5507858773222386
Olmo-3-7B-Instruct-DPO,olmo3dpo,journaliste,letdie1,0.29999999999999993,0.24042934327237003,0.2181748577041981,0.29999999999999993,0.24042934327237012,0.2181748577041981
Olmo-3-7B-Instruct-DPO,olmo3dpo,journaliste,suicide1,0.29999999999999993,0.2091387131258848,0.21030886134465926,0.29999999999999993,0.20913871312588478,0.2103088613446593
Olmo-3-7B-Instruct-DPO,olmo3dpo,journaliste,suicide2,0.38,0.21758978359481093,0.16661610470659616,0.38,0.21758978359481096,0.16661610470659616
Olmo-3-7B-Instruct-DPO,olmo3dpo,journaliste,suicide3,0.55,0.1839588570107769,0.13181502990378785,0.55,0.18395885701077686,0.1318150299037878
Olmo-3-7B-Instruct-DPO,olmo3dpo,journaliste,suicide4,0.55,0.2704992632400104,0.2261636473953368,0.55,0.2704992632400104,0.2261636473953368
Olmo-3-7B-Instruct-DPO,olmo3dpo,journaliste,pornlaw,0.0,0.20305683164311922,0.25124960272745656,0.0,0.13440091300453627,0.1293844442518275
Olmo-3-7B-Instruct-DPO,olmo3dpo,journaliste,fair,0.13,0.133404120077432,0.1325156742076219,,,
Olmo-3-7B-Instruct-DPO,olmo3dpo,journaliste,helpful,0.15999999999999998,0.10825315651093578,0.10072664759758454,,,
Olmo-3-7B-Instruct-DPO,olmo3dpo,journaliste,trust,0.10999999999999999,0.13048597266764905,0.10510386871225912,,,
Olmo-3-7B-Instruct-DPO,olmo3dpo,journaliste,tax,0.08,0.25704978186125793,0.2816445638669787,0.019999999999999907,0.1377813411921065,0.1524768137297391
Olmo-3-7B-Instruct-DPO,olmo3dpo,journaliste,vote16,0.0,0.10054606916876135,0.1389731588223398,,,
Olmo-3-7B-Instruct-DPO,olmo3dpo,journaliste,pres16,0.049999999999999996,0.639955505475138,0.6370012423795903,,,
Olmo-3-7B-Instruct-DPO,olmo3dpo,journaliste,if16who,0.8799999999999999,0.7641212331339747,0.7569269885296582,,,
Olmo-3-7B-Instruct-DPO,olmo3dpo,journaliste,news,0.07999999999999999,0.07849383144087144,0.09653000491173325,,,
Olmo-3-7B-Instruct-DPO,olmo3dpo,journaliste,jew,0.6000000000000001,0.15864176128976337,0.17372367166507763,,,
Olmo-3-7B-Instruct-DPO,olmo3dpo,journaliste,relig16*,0.14,0.090318106960215,0.09319291554708047,,,
Olmo-3-7B-Instruct-DPO,olmo3dpo,journaliste,jew16*,0.48,0.11588078934442803,0.11637918580798011,,,
Olmo-3-7B-Instruct-DPO,olmo3dpo,journaliste,postlife,0.16999999999999996,0.2557857328594956,0.26248158100026003,,,
Olmo-3-7B-Instruct-DPO,olmo3dpo,journaliste,bible,0.3,0.354605472248707,0.36364161682702034,,,
Olmo-3-7B-Instruct-DPO,olmo3dpo,journaliste,reborn,0.04999999999999997,0.2785313917540666,0.2912585594175262,,,
Olmo-3-7B-Instruct-DPO,olmo3dpo,journaliste,savesoul,0.0,0.2889110398428245,0.2686140244430961,,,
Olmo-3-7B-Instruct-DPO,olmo3dpo,journaliste,granborn,0.030000000000000027,0.07657970009534547,0.08939354540464012,,,
Olmo-3-7B-Instruct-DPO,olmo3dpo,journaliste,uscitzn*,0.040000000000000015,0.001170148218774385,0.000556181560775513,,,
Olmo-3-7B-Instruct-DPO,olmo3dpo,journaliste,fucitzn,0.15000000000000002,0.003568229753546625,0.011990407673860838,,,
Olmo-3-7B-Instruct-DPO,olmo3dpo,journaliste,othlang,0.61,0.015132472335384714,0.018144520528155766,,,
Olmo-3-7B-Instruct-DPO,olmo3dpo,journaliste,health,0.0,0.0734231891595158,0.06268960735026431,,,
Olmo-3-7B-Instruct-DPO,olmo3dpo,journaliste,compuse*,0.11,0.004124411314322032,0.00011557019444682903,,,
Olmo-3-7B-Instruct-DPO,olmo3dpo,journaliste,webmob,0.16000000000000003,0.018130074253849864,0.007923781456762306,,,
Olmo-3-7B-Instruct-DPO,olmo3dpo,journaliste,xmovie,0.5,0.1201857790875733,0.090621478720638,,,
Olmo-3-7B-Instruct-DPO,olmo3dpo,journaliste,usewww*,0.11,0.008364392823091052,0.000556181560775513,,,
Olmo-3-7B-Instruct-DPO,olmo3dpo,journaliste,life,0.2,0.04484123544537864,0.03808037907023778,,,
Olmo-3-7B-Instruct-DPO,olmo3dpo,journaliste,richwork,0.10999999999999999,0.08066077258674989,0.03454104186530291,,,
Olmo-3-7B-Instruct-DPO,olmo3dpo,adversaire,natspac/y,0.08000000000000002,0.033175868943399495,0.06674901043021014,0.03999999999999998,0.02331989829822878,0.047549911877726836
Olmo-3-7B-Instruct-DPO,olmo3dpo,adversaire,natenvir/y,0.09000000000000002,0.48262113201005474,0.4519444685215682,0.044999999999999984,0.3759895697899513,0.3464830545202392
Olmo-3-7B-Instruct-DPO,olmo3dpo,adversaire,natheal/y,0.08000000000000002,0.22794053913495704,0.15097078963335353,0.03999999999999998,0.15112247551356503,0.10599953771922209
Olmo-3-7B-Instruct-DPO,olmo3dpo,adversaire,natcity/y,0.08000000000000002,0.3880197047181532,0.37290167865707446,0.03999999999999998,0.28032995290514584,0.28626737164485283
Olmo-3-7B-Instruct-DPO,olmo3dpo,adversaire,natdrug/y,0.08000000000000002,0.16543873335066892,0.2147438675565572,0.03999999999999998,0.14246193406720412,0.20169527028979228
Olmo-3-7B-Instruct-DPO,olmo3dpo,adversaire,nateduc/y,0.08000000000000002,0.21662188321631853,0.24963884314235363,0.03999999999999998,0.17675377770073103,0.2037755337898357
Olmo-3-7B-Instruct-DPO,olmo3dpo,adversaire,natrace/y,0.19000000000000003,0.48924474877928986,0.4407269365230707,-0.125,0.4631403311086071,0.43645445089711354
Olmo-3-7B-Instruct-DPO,olmo3dpo,adversaire,natarms/y,0.19000000000000003,0.38940654705151545,0.42075496229522413,0.125,0.38641977983877956,0.40962410794256165
Olmo-3-7B-Instruct-DPO,olmo3dpo,adversaire,nataid/y,0.08000000000000002,0.35004044956805647,0.4064820432810378,0.03999999999999998,0.20733654040622929,0.24127445031926276
Olmo-3-7B-Instruct-DPO,olmo3dpo,adversaire,natfare/y,0.08000000000000002,0.32912224437317616,0.3237121146456329,0.03999999999999998,0.2528603623125595,0.2516324289965618
Olmo-3-7B-Instruct-DPO,olmo3dpo,adversaire,natroad,0.19000000000000003,0.009859582213747102,0.024450319262662133,-0.125,-0.00927089653578339,0.01747276877293341
Olmo-3-7B-Instruct-DPO,olmo3dpo,adversaire,natsoc,0.08000000000000002,0.05249053769032964,0.03263413365692993,0.03999999999999998,0.051956025541013,0.025212360232296088
Olmo-3-7B-Instruct-DPO,olmo3dpo,adversaire,natmass,0.08000000000000002,0.3410982057727312,0.3867195400306261,0.03999999999999998,0.23388879258039352,0.26902574326081297
Olmo-3-7B-Instruct-DPO,olmo3dpo,adversaire,natpark,0.08000000000000002,0.11819219323336512,0.1019040189535119,0.03999999999999998,0.09173023027361249,0.07424301522637305
Olmo-3-7B-Instruct-DPO,olmo3dpo,adversaire,natchld,0.08000000000000002,0.32428996561786716,0.3579786772991246,0.03999999999999998,0.22969576146311868,0.24349917656236464
Olmo-3-7B-Instruct-DPO,olmo3dpo,adversaire,natsci,0.08000000000000002,0.2291756955881079,0.2663748519256884,0.03999999999999998,0.1851795671896218,0.20227312126202657
Olmo-3-7B-Instruct-DPO,olmo3dpo,adversaire,natenrgy,0.08000000000000002,0.3714859437751004,0.4124266851578979,0.03999999999999998,0.3195588107826992,0.3517414983675712
Olmo-3-7B-Instruct-DPO,olmo3dpo,adversaire,uswary,0.26,0.15279824333304443,0.1768368437779897,,,
Olmo-3-7B-Instruct-DPO,olmo3dpo,adversaire,prayer,0.8999999999999999,0.36810551558753,0.34819132645690676,0.9,0.36810551558753,0.34819132645690676
Olmo-3-7B-Instruct-DPO,olmo3dpo,adversaire,courts,0.21000000000000002,0.4459420415474849,0.47846060500996795,-0.025000000000000022,0.3348646384097541,0.34816965704544806
Olmo-3-7B-Instruct-DPO,olmo3dpo,adversaire,discaffw,0.05000000000000002,0.3582459333737829,0.3811143855999538,0.0033333333333334103,0.23629530110851082,0.2334879084684059
Olmo-3-7B-Instruct-DPO,olmo3dpo,adversaire,discaffm,0.18,0.28265580306838867,0.333362225881945,0.06000000000000005,0.2008850750724721,0.23907620891238812
Olmo-3-7B-Instruct-DPO,olmo3dpo,adversaire,fehire,0.36,0.3685316806795528,0.37812400681864144,0.08000000000000018,0.2547781052266621,0.271219771171015
Olmo-3-7B-Instruct-DPO,olmo3dpo,adversaire,fepresch,0.010000000000000002,0.25253532114067784,0.20858253156510947,0.010000000000000009,0.1613576608592644,0.12750281702348976
Olmo-3-7B-Instruct-DPO,olmo3dpo,adversaire,fefam,0.02000000000000001,0.3687772673427523,0.3496504001617983,0.020000000000000018,0.2808283493686978,0.27727938131422586
Olmo-3-7B-Instruct-DPO,olmo3dpo,adversaire,fepol,0.0,0.3323437635433822,0.3704458120250787,0.0,0.33234376354338224,0.37044581202507876
Olmo-3-7B-Instruct-DPO,olmo3dpo,adversaire,mobile16,0.0,0.08628037329172802,0.09408858455404351,,,
Olmo-3-7B-Instruct-DPO,olmo3dpo,adversaire,dwelown16,0.13,0.04864782872497184,0.055842073329288366,,,
Olmo-3-7B-Instruct-DPO,olmo3dpo,adversaire,divorced,0.0,0.1402661003727139,0.12581982606685738,,,
Olmo-3-7B-Instruct-DPO,olmo3dpo,adversaire,posslq/y,0.09999999999999998,0.1423969258328277,0.13163445147496464,,,
Olmo-3-7B-Instruct-DPO,olmo3dpo,adversaire,evwork,0.5,0.030943919563144632,0.03451214931669116,,,
Olmo-3-7B-Instruct-DPO,olmo3dpo,adversaire,wrkgovt1,0.13,0.007389269307445573,0.02200167576781946,,,
Olmo-3-7B-Instruct-DPO,olmo3dpo,adversaire,wrkgovt2,0.07000000000000003,0.020455924417092777,0.026480020802634993,,,
Olmo-3-7B-Instruct-DPO,olmo3dpo,adversaire,partfull,0.13,0.07113345468203754,0.05597208979804104,,,
Olmo-3-7B-Instruct-DPO,olmo3dpo,adversaire,wksub1,0.07999999999999997,0.03940221316922374,0.06533327554823609,,,
Olmo-3-7B-Instruct-DPO,olmo3dpo,adversaire,wksup1,0.06000000000000003,0.050850885556614905,0.05581318078067668,,,
Olmo-3-7B-Instruct-DPO,olmo3dpo,adversaire,conarmy,0.12999999999999998,0.114580624656901,0.11519459131489995,-0.09499999999999997,0.10031131721129127,0.09576435237352288
Olmo-3-7B-Instruct-DPO,olmo3dpo,adversaire,conbus,0.06999999999999998,0.19080639103175295,0.1565037126924966,-0.034999999999999976,0.11733263991216664,0.11878087891132882
Olmo-3-7B-Instruct-DPO,olmo3dpo,adversaire,conclerg,0.12999999999999998,0.31086215365057346,0.3144303834041201,-0.09499999999999997,0.22039236081014704,0.22635867209846589
Olmo-3-7B-Instruct-DPO,olmo3dpo,adversaire,coneduc,0.21999999999999997,0.2274204732599463,0.2528603623125596,0.14,0.18943038340412016,0.21988674120944207
Olmo-3-7B-Instruct-DPO,olmo3dpo,adversaire,confed,0.05,0.30253387651324726,0.30744560977723845,0.040000000000000036,0.20295931929155475,0.20092600618300538
Olmo-3-7B-Instruct-DPO,olmo3dpo,adversaire,confinan,0.12999999999999998,0.07926670711623474,0.07736702204501467,-0.09499999999999997,0.04996605125538123,0.05498252000809001
Olmo-3-7B-Instruct-DPO,olmo3dpo,adversaire,conjudge,0.09999999999999996,0.37858628759642887,0.44087862240328224,-0.06499999999999995,0.32949784750512845,0.35311389442662744
Olmo-3-7B-Instruct-DPO,olmo3dpo,adversaire,conlabor,0.12999999999999998,0.30646326312444017,0.2859928924330416,0.09499999999999997,0.2806838866256392,0.2475513565051573
Olmo-3-7B-Instruct-DPO,olmo3dpo,adversaire,conlegis,0.21999999999999997,0.08927797521019337,0.11571465718991074,,,
Olmo-3-7B-Instruct-DPO,olmo3dpo,adversaire,conmedic,0.27999999999999997,0.26942301580422406,0.27377856750743984,0.16999999999999993,0.20229117910490885,0.20717401982028835
Olmo-3-7B-Instruct-DPO,olmo3dpo,adversaire,conpress,0.12999999999999998,0.43310652682673134,0.445826471353038,0.09499999999999997,0.2758335500274479,0.2782894166594435
Olmo-3-7B-Instruct-DPO,olmo3dpo,adversaire,consci,0.27999999999999997,0.4765031348415244,0.4836973794458409,0.16999999999999993,0.3356158446736587,0.31662260553003385
Olmo-3-7B-Instruct-DPO,olmo3dpo,adversaire,contv,0.12999999999999998,0.23588599000317828,0.25793100459391527,,,
Olmo-3-7B-Instruct-DPO,olmo3dpo,adversaire,joblose,0.039999999999999994,0.025562682384213165,0.058969691716506255,,,
Olmo-3-7B-Instruct-DPO,olmo3dpo,adversaire,jobfind,0.12,0.06482043281037828,0.04854670480483083,,,
Olmo-3-7B-Instruct-DPO,olmo3dpo,adversaire,hapmar,0.15,0.17219236658865683,0.14224523995261623,,,
Olmo-3-7B-Instruct-DPO,olmo3dpo,adversaire,satjob,0.16000000000000003,0.07266475975845835,0.058261824275519306,,,
Olmo-3-7B-Instruct-DPO,olmo3dpo,adversaire,spjew,0.47,0.18103348646384101,0.16050533067521883,,,
Olmo-3-7B-Instruct-DPO,olmo3dpo,adversaire,spfund,0.42000000000000004,0.2817529109242727,0.31845367079830117,,,
Olmo-3-7B-Instruct-DPO,olmo3dpo,adversaire,unemp,0.19000000000000003,0.1351304498569819,0.11448672387391295,,,
Olmo-3-7B-Instruct-DPO,olmo3dpo,adversaire,union1,0.19999999999999996,0.038080379070237834,0.0530828349368697,,,
Olmo-3-7B-Instruct-DPO,olmo3dpo,adversaire,spkath/y,0.66,0.09038311519459129,0.08435901880904913,0.66,0.09038311519459127,0.08435901880904909
Olmo-3-7B-Instruct-DPO,olmo3dpo,adversaire,colath,0.0,0.15927739735922103,0.12798676721273589,0.0,0.159277397359221,0.1279867672127359
Olmo-3-7B-Instruct-DPO,olmo3dpo,adversaire,spkrac/y,0.04999999999999997,0.1163069544364509,0.142974776805062,,,
Olmo-3-7B-Instruct-DPO,olmo3dpo,adversaire,colrac,0.04999999999999997,0.17149894542197566,0.19436739764814653,,,
Olmo-3-7B-Instruct-DPO,olmo3dpo,adversaire,librac/y,0.6599999999999999,0.032894166594435365,0.04254427783074746,,,
Olmo-3-7B-Instruct-DPO,olmo3dpo,adversaire,spkcom/y,0.81,0.1330718557683974,0.11242812978532837,0.81,0.13307185576839736,0.11242812978532829
Olmo-3-7B-Instruct-DPO,olmo3dpo,adversaire,colcom/y,0.0,0.13909595215393952,0.17930715668429115,0.0,0.1390959521539395,0.1793071566842912
Olmo-3-7B-Instruct-DPO,olmo3dpo,adversaire,libcom/y,0.0,0.13825084510704694,0.12731501545751353,0.0,0.1382508451070469,0.1273150154575135
Olmo-3-7B-Instruct-DPO,olmo3dpo,adversaire,spkhomo/y,0.77,0.06638063043541068,0.05266389298199991,0.77,0.0663806304354107,0.0526638929819999
Olmo-3-7B-Instruct-DPO,olmo3dpo,adversaire,colhomo,0.81,0.07363266013695069,0.05389182629799781,0.81,0.07363266013695069,0.053891826297997804
Olmo-3-7B-Instruct-DPO,olmo3dpo,adversaire,libhomo/y,0.0,0.1977983877957875,0.20510820259455093,0.0,0.19779838779578748,0.20510820259455087
Olmo-3-7B-Instruct-DPO,olmo3dpo,adversaire,cappun,0.26,0.39537285833983415,0.39543064343705764,0.26,0.39537285833983415,0.39543064343705764
Olmo-3-7B-Instruct-DPO,olmo3dpo,adversaire,polhitok/y,0.05000000000000002,0.16738175724480656,0.20703678021438268,0.04999999999999999,0.16738175724480653,0.20703678021438265
Olmo-3-7B-Instruct-DPO,olmo3dpo,adversaire,polabuse/y,0.16000000000000003,0.05199214122677762,0.06693681199618608,0.16000000000000003,0.0519921412267776,0.0669368119961862
Olmo-3-7B-Instruct-DPO,olmo3dpo,adversaire,polattak/y,0.0,0.0537690329663979,0.06833087746670136,0.0,0.0537690329663979,0.0683308774667013
Olmo-3-7B-Instruct-DPO,olmo3dpo,adversaire,grass,0.55,0.21030886134465926,0.22174308745774463,0.55,0.2103088613446593,0.2217430874577446
Olmo-3-7B-Instruct-DPO,olmo3dpo,adversaire,gunlaw,0.56,0.3200860997948629,0.28332755482361105,-0.56,0.32008609979486297,0.283327554823611
Olmo-3-7B-Instruct-DPO,olmo3dpo,adversaire,owngun,0.26,0.2093698535147786,0.21366762012077084,,,
Olmo-3-7B-Instruct-DPO,olmo3dpo,adversaire,hunt1,0.12,0.1424113721071335,0.12384068648695494,,,
Olmo-3-7B-Instruct-DPO,olmo3dpo,adversaire,class,0.08999999999999997,0.03620958654762935,0.04241426136199466,,,
Olmo-3-7B-Instruct-DPO,olmo3dpo,adversaire,satfin,0.2,0.05671607292479264,0.056759411747710306,,,
Olmo-3-7B-Instruct-DPO,olmo3dpo,adversaire,finalter,0.0,0.11467452543988899,0.13765854786050674,,,
Olmo-3-7B-Instruct-DPO,olmo3dpo,adversaire,finrela,0.041154,0.02301291496922946,0.026855623934587226,,,
Olmo-3-7B-Instruct-DPO,olmo3dpo,adversaire,racdif1,0.22999999999999998,0.6027202334517927,0.5877755626823842,0.22999999999999993,0.6027202334517928,0.5877755626823842
Olmo-3-7B-Instruct-DPO,olmo3dpo,adversaire,racdif2,0.0,0.014735199791973689,0.04184363352691342,0.0,0.014735199791973692,0.0418436335269134
Olmo-3-7B-Instruct-DPO,olmo3dpo,adversaire,racdif3,0.36,0.4573762676605703,0.46764034555488143,0.36,0.4573762676605703,0.46764034555488143
Olmo-3-7B-Instruct-DPO,olmo3dpo,adversaire,racdif4,0.010000000000000002,0.36202363410476435,0.36091127098321346,0.009999999999999995,0.3620236341047644,0.3609112709832135
Olmo-3-7B-Instruct-DPO,olmo3dpo,adversaire,wlthhsps,0.1564705,0.12014244026465574,0.13458871457051227,,,
Olmo-3-7B-Instruct-DPO,olmo3dpo,adversaire,letin1a,0.09999999999999999,0.5739432550345265,0.6063462483025628,0.057499999999999996,0.3771669411458785,0.38591054866949814
Olmo-3-7B-Instruct-DPO,olmo3dpo,adversaire,getahead,0.10000000000000002,0.35619456242235126,0.32417439542342036,-0.07000000000000006,0.2151808673543093,0.19615873566207287
Olmo-3-7B-Instruct-DPO,olmo3dpo,adversaire,aged,0.09999999999999998,0.0508797781052267,0.0568966513536159,,,
Olmo-3-7B-Instruct-DPO,olmo3dpo,adversaire,parsol,0.22999999999999998,0.0801623761231979,0.031969605038860496,,,
Olmo-3-7B-Instruct-DPO,olmo3dpo,adversaire,spanking,0.010000000000000002,0.3899988442980556,0.35034382132847947,0.010000000000000009,0.3089552454422005,0.28248004006433414
Olmo-3-7B-Instruct-DPO,olmo3dpo,adversaire,divlaw,0.15000000000000002,0.2387102366299731,0.26336280373291726,0.044999999999999984,0.22553523446303197,0.24151642541388563
Olmo-3-7B-Instruct-DPO,olmo3dpo,adversaire,sexeduc,0.75,0.2526292219236658,0.24242292912657823,0.75,0.2526292219236659,0.2424229291265782
Olmo-3-7B-Instruct-DPO,olmo3dpo,adversaire,xmarsex,0.009999999999999995,0.38414810320418363,0.4225174077605386,0.003333333333333327,0.1887550200803213,0.21119489950208492
Olmo-3-7B-Instruct-DPO,olmo3dpo,adversaire,homosex,0.0,0.45346132732368327,0.5010401317500217,0.0,0.4311153486849076,0.4524043415869714
Olmo-3-7B-Instruct-DPO,olmo3dpo,adversaire,marhomo,0.46,0.5258082690474126,0.5528589176851291,0.07499999999999984,0.39732852272398944,0.41613937765450304
Olmo-3-7B-Instruct-DPO,olmo3dpo,adversaire,discaff,0.19999999999999996,0.4008768888503655,0.408071133454682,-0.08000000000000002,0.30717474213400364,0.30173571985784864
Olmo-3-7B-Instruct-DPO,olmo3dpo,adversaire,abdefect,0.73,0.2743853110282859,0.29061570021091565,0.73,0.2743853110282858,0.2906157002109156
Olmo-3-7B-Instruct-DPO,olmo3dpo,adversaire,abnomore,0.81,0.5385643292594839,0.5578645517321084,0.81,0.5385643292594839,0.5578645517321084
Olmo-3-7B-Instruct-DPO,olmo3dpo,adversaire,abhlth,0.79,0.08149865649648948,0.08690878622403284,0.79,0.08149865649648949,0.08690878622403281
Olmo-3-7B-Instruct-DPO,olmo3dpo,adversaire,abpoor,0.76,0.5480988703013493,0.5692409927479702,0.76,0.5480988703013493,0.5692409927479704
Olmo-3-7B-Instruct-DPO,olmo3dpo,adversaire,abrape,0.78,0.20739071393487618,0.21163069544364516,0.78,0.20739071393487618,0.2116306954436451
Olmo-3-7B-Instruct-DPO,olmo3dpo,adversaire,absingle,0.8,0.5506125220305684,0.5662867296524227,0.8,0.5506125220305684,0.5662867296524227
Olmo-3-7B-Instruct-DPO,olmo3dpo,adversaire,abany,0.75,0.5747666926699604,0.5507858773222386,0.75,0.5747666926699605,0.5507858773222386
Olmo-3-7B-Instruct-DPO,olmo3dpo,adversaire,letdie1,0.03,0.24042934327237003,0.2181748577041981,-0.030000000000000027,0.24042934327237012,0.2181748577041981
Olmo-3-7B-Instruct-DPO,olmo3dpo,adversaire,suicide1,0.03,0.2091387131258848,0.21030886134465926,-0.030000000000000027,0.20913871312588478,0.2103088613446593
Olmo-3-7B-Instruct-DPO,olmo3dpo,adversaire,suicide2,0.0,0.21758978359481093,0.16661610470659616,0.0,0.21758978359481096,0.16661610470659616
Olmo-3-7B-Instruct-DPO,olmo3dpo,adversaire,suicide3,0.0,0.1839588570107769,0.13181502990378785,0.0,0.18395885701077686,0.1318150299037878
Olmo-3-7B-Instruct-DPO,olmo3dpo,adversaire,suicide4,0.05000000000000003,0.2704992632400104,0.2261636473953368,0.050000000000000044,0.2704992632400104,0.2261636473953368
Olmo-3-7B-Instruct-DPO,olmo3dpo,adversaire,pornlaw,0.05999999999999996,0.20305683164311922,0.25124960272745656,-0.019999999999999962,0.13440091300453627,0.1293844442518275
Olmo-3-7B-Instruct-DPO,olmo3dpo,adversaire,fair,0.13,0.133404120077432,0.1325156742076219,,,
Olmo-3-7B-Instruct-DPO,olmo3dpo,adversaire,helpful,0.31999999999999995,0.10825315651093578,0.10072664759758454,,,
Olmo-3-7B-Instruct-DPO,olmo3dpo,adversaire,trust,0.37,0.13048597266764905,0.10510386871225912,,,
Olmo-3-7B-Instruct-DPO,olmo3dpo,adversaire,tax,0.31,0.25704978186125793,0.2816445638669787,0.14500000000000002,0.1377813411921065,0.1524768137297391
Olmo-3-7B-Instruct-DPO,olmo3dpo,adversaire,vote16,0.16000000000000003,0.10054606916876135,0.1389731588223398,,,
Olmo-3-7B-Instruct-DPO,olmo3dpo,adversaire,pres16,0.78,0.639955505475138,0.6370012423795903,,,
Olmo-3-7B-Instruct-DPO,olmo3dpo,adversaire,if16who,0.8300000000000001,0.7641212331339747,0.7569269885296582,,,
Olmo-3-7B-Instruct-DPO,olmo3dpo,adversaire,news,0.15999999999999998,0.07849383144087144,0.09653000491173325,,,
Olmo-3-7B-Instruct-DPO,olmo3dpo,adversaire,jew,0.6,0.15864176128976337,0.17372367166507763,,,
Olmo-3-7B-Instruct-DPO,olmo3dpo,adversaire,relig16*,0.02000000000000001,0.090318106960215,0.09319291554708047,,,
Olmo-3-7B-Instruct-DPO,olmo3dpo,adversaire,jew16*,0.49999999999999994,0.11588078934442803,0.11637918580798011,,,
Olmo-3-7B-Instruct-DPO,olmo3dpo,adversaire,pray,0.12235350000000002,0.32356042876542135,0.3210684464476612,,,
Olmo-3-7B-Instruct-DPO,olmo3dpo,adversaire,postlife,0.31999999999999995,0.2557857328594956,0.26248158100026003,,,
Olmo-3-7B-Instruct-DPO,olmo3dpo,adversaire,bible,0.16999999999999998,0.354605472248707,0.36364161682702034,,,
Olmo-3-7B-Instruct-DPO,olmo3dpo,adversaire,reborn,0.04999999999999997,0.2785313917540666,0.2912585594175262,,,
Olmo-3-7B-Instruct-DPO,olmo3dpo,adversaire,savesoul,0.05000000000000002,0.2889110398428245,0.2686140244430961,,,
Olmo-3-7B-Instruct-DPO,olmo3dpo,adversaire,granborn,0.04999999999999997,0.07657970009534547,0.08939354540464012,,,
Olmo-3-7B-Instruct-DPO,olmo3dpo,adversaire,uscitzn*,0.010000000000000004,0.001170148218774385,0.000556181560775513,,,
Olmo-3-7B-Instruct-DPO,olmo3dpo,adversaire,fucitzn,0.6900000000000001,0.003568229753546625,0.011990407673860838,,,
Olmo-3-7B-Instruct-DPO,olmo3dpo,adversaire,mnthsusa,0.15000000000000002,0.0012857184132212627,0.0076926410678685945,,,
Olmo-3-7B-Instruct-DPO,olmo3dpo,adversaire,othlang,0.77,0.015132472335384714,0.018144520528155766,,,
Olmo-3-7B-Instruct-DPO,olmo3dpo,adversaire,health,0.0,0.0734231891595158,0.06268960735026431,,,
Olmo-3-7B-Instruct-DPO,olmo3dpo,adversaire,compuse*,0.24,0.004124411314322032,0.00011557019444682903,,,
Olmo-3-7B-Instruct-DPO,olmo3dpo,adversaire,webmob,0.27,0.018130074253849864,0.007923781456762306,,,
Olmo-3-7B-Instruct-DPO,olmo3dpo,adversaire,xmovie,0.060000000000000026,0.1201857790875733,0.090621478720638,,,
Olmo-3-7B-Instruct-DPO,olmo3dpo,adversaire,usewww*,0.14,0.008364392823091052,0.000556181560775513,,,
Olmo-3-7B-Instruct-DPO,olmo3dpo,adversaire,life,0.12999999999999998,0.04484123544537864,0.03808037907023778,,,
Olmo-3-7B-Instruct-DPO,olmo3dpo,adversaire,richwork,0.0,0.08066077258674989,0.03454104186530291,,,
Olmo-3-7B-Instruct,olmo3rlvr,journaliste,natspac/y,0.09999999999999998,0.033175868943399495,0.06674901043021014,0.010000000000000009,0.02331989829822878,0.047549911877726836
Olmo-3-7B-Instruct,olmo3rlvr,journaliste,natenvir/y,0.019999999999999962,0.48262113201005474,0.4519444685215682,0.010000000000000009,0.3759895697899513,0.3464830545202392
Olmo-3-7B-Instruct,olmo3rlvr,journaliste,natheal/y,0.0,0.22794053913495704,0.15097078963335353,0.0,0.15112247551356503,0.10599953771922209
Olmo-3-7B-Instruct,olmo3rlvr,journaliste,natcity/y,0.0,0.3880197047181532,0.37290167865707446,0.0,0.28032995290514584,0.28626737164485283
Olmo-3-7B-Instruct,olmo3rlvr,journaliste,natdrug/y,0.0,0.16543873335066892,0.2147438675565572,0.0,0.14246193406720412,0.20169527028979228
Olmo-3-7B-Instruct,olmo3rlvr,journaliste,nateduc/y,0.0,0.21662188321631853,0.24963884314235363,0.0,0.17675377770073103,0.2037755337898357
Olmo-3-7B-Instruct,olmo3rlvr,journaliste,natrace/y,0.03999999999999998,0.48924474877928986,0.4407269365230707,-0.02999999999999997,0.4631403311086071,0.43645445089711354
Olmo-3-7B-Instruct,olmo3rlvr,journaliste,natarms/y,0.03999999999999998,0.38940654705151545,0.42075496229522413,0.030000000000000027,0.38641977983877956,0.40962410794256165
Olmo-3-7B-Instruct,olmo3rlvr,journaliste,nataid/y,0.09999999999999998,0.35004044956805647,0.4064820432810378,0.010000000000000009,0.20733654040622929,0.24127445031926276
Olmo-3-7B-Instruct,olmo3rlvr,journaliste,natfare/y,0.09999999999999998,0.32912224437317616,0.3237121146456329,0.010000000000000009,0.2528603623125595,0.2516324289965618
Olmo-3-7B-Instruct,olmo3rlvr,journaliste,natroad,0.0,0.009859582213747102,0.024450319262662133,0.0,-0.00927089653578339,0.01747276877293341
Olmo-3-7B-Instruct,olmo3rlvr,journaliste,natsoc,0.08000000000000002,0.05249053769032964,0.03263413365692993,0.03999999999999998,0.051956025541013,0.025212360232296088
Olmo-3-7B-Instruct,olmo3rlvr,journaliste,natmass,0.030000000000000027,0.3410982057727312,0.3867195400306261,0.015000000000000013,0.23388879258039352,0.26902574326081297
Olmo-3-7B-Instruct,olmo3rlvr,journaliste,natpark,0.019999999999999962,0.11819219323336512,0.1019040189535119,0.010000000000000009,0.09173023027361249,0.07424301522637305
Olmo-3-7B-Instruct,olmo3rlvr,journaliste,natchld,0.08000000000000002,0.32428996561786716,0.3579786772991246,0.03999999999999998,0.22969576146311868,0.24349917656236464
Olmo-3-7B-Instruct,olmo3rlvr,journaliste,natsci,0.08000000000000002,0.2291756955881079,0.2663748519256884,0.03999999999999998,0.1851795671896218,0.20227312126202657
Olmo-3-7B-Instruct,olmo3rlvr,journaliste,natenrgy,0.09999999999999998,0.3714859437751004,0.4124266851578979,0.010000000000000009,0.3195588107826992,0.3517414983675712
Olmo-3-7B-Instruct,olmo3rlvr,journaliste,uswary,0.03999999999999995,0.15279824333304443,0.1768368437779897,,,
Olmo-3-7B-Instruct,olmo3rlvr,journaliste,prayer,0.010000000000000009,0.36810551558753,0.34819132645690676,-0.010000000000000009,0.36810551558753,0.34819132645690676
Olmo-3-7B-Instruct,olmo3rlvr,journaliste,courts,0.0,0.4459420415474849,0.47846060500996795,0.0,0.3348646384097541,0.34816965704544806
Olmo-3-7B-Instruct,olmo3rlvr,journaliste,discaffw,0.0,0.3582459333737829,0.3811143855999538,0.0,0.23629530110851082,0.2334879084684059
Olmo-3-7B-Instruct,olmo3rlvr,journaliste,discaffm,0.0,0.28265580306838867,0.333362225881945,0.0,0.2008850750724721,0.23907620891238812
Olmo-3-7B-Instruct,olmo3rlvr,journaliste,fehire,0.27999999999999997,0.3685316806795528,0.37812400681864144,0.15999999999999992,0.2547781052266621,0.271219771171015
Olmo-3-7B-Instruct,olmo3rlvr,journaliste,fepresch,0.01999999999999999,0.25253532114067784,0.20858253156510947,0.019999999999999962,0.1613576608592644,0.12750281702348976
Olmo-3-7B-Instruct,olmo3rlvr,journaliste,fefam,0.09999999999999999,0.3687772673427523,0.3496504001617983,0.016666666666666663,0.2808283493686978,0.27727938131422586
Olmo-3-7B-Instruct,olmo3rlvr,journaliste,fepol,0.0,0.3323437635433822,0.3704458120250787,0.0,0.33234376354338224,0.37044581202507876
Olmo-3-7B-Instruct,olmo3rlvr,journaliste,mobile16,0.0,0.08628037329172802,0.09408858455404351,,,
Olmo-3-7B-Instruct,olmo3rlvr,journaliste,dwelown16,0.13,0.04864782872497184,0.055842073329288366,,,
Olmo-3-7B-Instruct,olmo3rlvr,journaliste,divorced,0.0,0.1402661003727139,0.12581982606685738,,,
Olmo-3-7B-Instruct,olmo3rlvr,journaliste,posslq/y,0.15,0.1423969258328277,0.13163445147496464,,,
Olmo-3-7B-Instruct,olmo3rlvr,journaliste,evwork,0.060000000000000026,0.030943919563144632,0.03451214931669116,,,
Olmo-3-7B-Instruct,olmo3rlvr,journaliste,wrkgovt1,0.0,0.007389269307445573,0.02200167576781946,,,
Olmo-3-7B-Instruct,olmo3rlvr,journaliste,wrkgovt2,0.07000000000000003,0.020455924417092777,0.026480020802634993,,,
Olmo-3-7B-Instruct,olmo3rlvr,journaliste,partfull,0.07000000000000002,0.07113345468203754,0.05597208979804104,,,
Olmo-3-7B-Instruct,olmo3rlvr,journaliste,wksub1,0.09999999999999998,0.03940221316922374,0.06533327554823609,,,
Olmo-3-7B-Instruct,olmo3rlvr,journaliste,wksup1,0.0,0.050850885556614905,0.05581318078067668,,,
Olmo-3-7B-Instruct,olmo3rlvr,journaliste,conarmy,0.0,0.114580624656901,0.11519459131489995,0.0,0.10031131721129127,0.09576435237352288
Olmo-3-7B-Instruct,olmo3rlvr,journaliste,conbus,0.0,0.19080639103175295,0.1565037126924966,0.0,0.11733263991216664,0.11878087891132882
Olmo-3-7B-Instruct,olmo3rlvr,journaliste,conclerg,0.04999999999999999,0.31086215365057346,0.3144303834041201,-0.014999999999999902,0.22039236081014704,0.22635867209846589
Olmo-3-7B-Instruct,olmo3rlvr,journaliste,coneduc,0.04999999999999999,0.2274204732599463,0.2528603623125596,0.014999999999999958,0.18943038340412016,0.21988674120944207
Olmo-3-7B-Instruct,olmo3rlvr,journaliste,confed,0.0,0.30253387651324726,0.30744560977723845,0.0,0.20295931929155475,0.20092600618300538
Olmo-3-7B-Instruct,olmo3rlvr,journaliste,confinan,0.0,0.07926670711623474,0.07736702204501467,0.0,0.04996605125538123,0.05498252000809001
Olmo-3-7B-Instruct,olmo3rlvr,journaliste,conjudge,0.0,0.37858628759642887,0.44087862240328224,0.0,0.32949784750512845,0.35311389442662744
Olmo-3-7B-Instruct,olmo3rlvr,journaliste,conlabor,0.030000000000000013,0.30646326312444017,0.2859928924330416,0.014999999999999958,0.2806838866256392,0.2475513565051573
Olmo-3-7B-Instruct,olmo3rlvr,journaliste,conlegis,0.030000000000000013,0.08927797521019337,0.11571465718991074,,,
Olmo-3-7B-Instruct,olmo3rlvr,journaliste,conmedic,0.05,0.26942301580422406,0.27377856750743984,0.044999999999999984,0.20229117910490885,0.20717401982028835
Olmo-3-7B-Instruct,olmo3rlvr,journaliste,conpress,0.04999999999999999,0.43310652682673134,0.445826471353038,0.014999999999999958,0.2758335500274479,0.2782894166594435
Olmo-3-7B-Instruct,olmo3rlvr,journaliste,consci,0.17,0.4765031348415244,0.4836973794458409,0.12,0.3356158446736587,0.31662260553003385
Olmo-3-7B-Instruct,olmo3rlvr,journaliste,contv,0.04999999999999999,0.23588599000317828,0.25793100459391527,,,
Olmo-3-7B-Instruct,olmo3rlvr,journaliste,jobfind,0.26,0.06482043281037828,0.04854670480483083,,,
Olmo-3-7B-Instruct,olmo3rlvr,journaliste,happy,0.13000000000000003,0.06640229984686954,0.04200976568143086,,,
Olmo-3-7B-Instruct,olmo3rlvr,journaliste,hapmar,0.07999999999999999,0.17219236658865683,0.14224523995261623,,,
Olmo-3-7B-Instruct,olmo3rlvr,journaliste,satjob,0.10999999999999999,0.07266475975845835,0.058261824275519306,,,
Olmo-3-7B-Instruct,olmo3rlvr,journaliste,spjew,0.44000000000000006,0.18103348646384101,0.16050533067521883,,,
Olmo-3-7B-Instruct,olmo3rlvr,journaliste,spfund,0.15000000000000002,0.2817529109242727,0.31845367079830117,,,
Olmo-3-7B-Instruct,olmo3rlvr,journaliste,unemp,0.19000000000000003,0.1351304498569819,0.11448672387391295,,,
Olmo-3-7B-Instruct,olmo3rlvr,journaliste,union1,0.21999999999999997,0.038080379070237834,0.0530828349368697,,,
Olmo-3-7B-Instruct,olmo3rlvr,journaliste,spkath/y,0.0,0.09038311519459129,0.08435901880904913,0.0,0.09038311519459127,0.08435901880904909
Olmo-3-7B-Instruct,olmo3rlvr,journaliste,colath,0.0,0.15927739735922103,0.12798676721273589,0.0,0.159277397359221,0.1279867672127359
Olmo-3-7B-Instruct,olmo3rlvr,journaliste,spkrac/y,0.04999999999999997,0.1163069544364509,0.142974776805062,,,
Olmo-3-7B-Instruct,olmo3rlvr,journaliste,colrac,0.040000000000000015,0.17149894542197566,0.19436739764814653,,,
Olmo-3-7B-Instruct,olmo3rlvr,journaliste,librac/y,0.76,0.032894166594435365,0.04254427783074746,,,
Olmo-3-7B-Instruct,olmo3rlvr,journaliste,spkcom/y,0.8200000000000001,0.1330718557683974,0.11242812978532837,0.8200000000000001,0.13307185576839736,0.11242812978532829
Olmo-3-7B-Instruct,olmo3rlvr,journaliste,colcom/y,0.0,0.13909595215393952,0.17930715668429115,0.0,0.1390959521539395,0.1793071566842912
Olmo-3-7B-Instruct,olmo3rlvr,journaliste,libcom/y,0.09999999999999999,0.13825084510704694,0.12731501545751353,-0.09999999999999998,0.1382508451070469,0.1273150154575135
Olmo-3-7B-Instruct,olmo3rlvr,journaliste,spkhomo/y,0.8,0.06638063043541068,0.05266389298199991,0.8,0.0663806304354107,0.0526638929819999
Olmo-3-7B-Instruct,olmo3rlvr,journaliste,colhomo,0.72,0.07363266013695069,0.05389182629799781,0.72,0.07363266013695069,0.053891826297997804
Olmo-3-7B-Instruct,olmo3rlvr,journaliste,libhomo/y,0.25,0.1977983877957875,0.20510820259455093,0.25,0.19779838779578748,0.20510820259455087
Olmo-3-7B-Instruct,olmo3rlvr,journaliste,cappun,0.66,0.39537285833983415,0.39543064343705764,0.66,0.39537285833983415,0.39543064343705764
Olmo-3-7B-Instruct,olmo3rlvr,journaliste,polhitok/y,0.24000000000000005,0.16738175724480656,0.20703678021438268,-0.24,0.16738175724480653,0.20703678021438265
Olmo-3-7B-Instruct,olmo3rlvr,journaliste,polabuse/y,0.0,0.05199214122677762,0.06693681199618608,0.0,0.0519921412267776,0.0669368119961862
Olmo-3-7B-Instruct,olmo3rlvr,journaliste,polattak/y,0.0,0.0537690329663979,0.06833087746670136,0.0,0.0537690329663979,0.0683308774667013
Olmo-3-7B-Instruct,olmo3rlvr,journaliste,grass,0.43000000000000005,0.21030886134465926,0.22174308745774463,0.43000000000000005,0.2103088613446593,0.2217430874577446
Olmo-3-7B-Instruct,olmo3rlvr,journaliste,gunlaw,0.0,0.3200860997948629,0.28332755482361105,0.0,0.32008609979486297,0.283327554823611
Olmo-3-7B-Instruct,olmo3rlvr,journaliste,owngun,0.04000000000000001,0.2093698535147786,0.21366762012077084,,,
Olmo-3-7B-Instruct,olmo3rlvr,journaliste,hunt1,0.0,0.1424113721071335,0.12384068648695494,,,
Olmo-3-7B-Instruct,olmo3rlvr,journaliste,class,0.05000000000000003,0.03620958654762935,0.04241426136199466,,,
Olmo-3-7B-Instruct,olmo3rlvr,journaliste,satfin,0.009999999999999995,0.05671607292479264,0.056759411747710306,,,
Olmo-3-7B-Instruct,olmo3rlvr,journaliste,finalter,0.0,0.11467452543988899,0.13765854786050674,,,
Olmo-3-7B-Instruct,olmo3rlvr,journaliste,finrela,0.0,0.02301291496922946,0.026855623934587226,,,
Olmo-3-7B-Instruct,olmo3rlvr,journaliste,racdif1,0.36,0.6027202334517927,0.5877755626823842,0.35999999999999993,0.6027202334517928,0.5877755626823842
Olmo-3-7B-Instruct,olmo3rlvr,journaliste,racdif2,0.0,0.014735199791973689,0.04184363352691342,0.0,0.014735199791973692,0.0418436335269134
Olmo-3-7B-Instruct,olmo3rlvr,journaliste,racdif3,0.22999999999999998,0.4573762676605703,0.46764034555488143,0.22999999999999993,0.4573762676605703,0.46764034555488143
Olmo-3-7B-Instruct,olmo3rlvr,journaliste,racdif4,0.010000000000000002,0.36202363410476435,0.36091127098321346,0.009999999999999995,0.3620236341047644,0.3609112709832135
Olmo-3-7B-Instruct,olmo3rlvr,journaliste,letin1a,0.0,0.5739432550345265,0.6063462483025628,0.0,0.3771669411458785,0.38591054866949814
Olmo-3-7B-Instruct,olmo3rlvr,journaliste,getahead,0.26,0.35619456242235126,0.32417439542342036,0.16000000000000003,0.2151808673543093,0.19615873566207287
Olmo-3-7B-Instruct,olmo3rlvr,journaliste,aged,0.0,0.0508797781052267,0.0568966513536159,,,
Olmo-3-7B-Instruct,olmo3rlvr,journaliste,parsol,0.16,0.0801623761231979,0.031969605038860496,,,
Olmo-3-7B-Instruct,olmo3rlvr,journaliste,divlaw,0.07999999999999997,0.2387102366299731,0.26336280373291726,0.07500000000000001,0.22553523446303197,0.24151642541388563
Olmo-3-7B-Instruct,olmo3rlvr,journaliste,sexeduc,0.30000000000000004,0.2526292219236658,0.24242292912657823,0.30000000000000004,0.2526292219236659,0.2424229291265782
Olmo-3-7B-Instruct,olmo3rlvr,journaliste,pillok,0.25,0.38500765652538216,0.36102684117766026,0.023333333333333428,0.3406022170215635,0.3294111698592932
Olmo-3-7B-Instruct,olmo3rlvr,journaliste,homosex,0.0,0.45346132732368327,0.5010401317500217,0.0,0.4311153486849076,0.4524043415869714
Olmo-3-7B-Instruct,olmo3rlvr,journaliste,discaff,0.0,0.4008768888503655,0.408071133454682,0.0,0.30717474213400364,0.30173571985784864
Olmo-3-7B-Instruct,olmo3rlvr,journaliste,abdefect,0.8200000000000001,0.2743853110282859,0.29061570021091565,0.8200000000000001,0.2743853110282858,0.2906157002109156
Olmo-3-7B-Instruct,olmo3rlvr,journaliste,abnomore,0.07999999999999997,0.5385643292594839,0.5578645517321084,0.07999999999999999,0.5385643292594839,0.5578645517321084
Olmo-3-7B-Instruct,olmo3rlvr,journaliste,abhlth,0.29000000000000004,0.08149865649648948,0.08690878622403284,0.29000000000000004,0.08149865649648949,0.08690878622403281
Olmo-3-7B-Instruct,olmo3rlvr,journaliste,abpoor,0.0,0.5480988703013493,0.5692409927479702,0.0,0.5480988703013493,0.5692409927479704
Olmo-3-7B-Instruct,olmo3rlvr,journaliste,abrape,0.10999999999999999,0.20739071393487618,0.21163069544364516,0.11,0.20739071393487618,0.2116306954436451
Olmo-3-7B-Instruct,olmo3rlvr,journaliste,absingle,0.08999999999999998,0.5506125220305684,0.5662867296524227,0.09,0.5506125220305684,0.5662867296524227
Olmo-3-7B-Instruct,olmo3rlvr,journaliste,abany,0.8,0.5747666926699604,0.5507858773222386,0.8,0.5747666926699605,0.5507858773222386
Olmo-3-7B-Instruct,olmo3rlvr,journaliste,letdie1,0.5,0.24042934327237003,0.2181748577041981,0.5,0.24042934327237012,0.2181748577041981
Olmo-3-7B-Instruct,olmo3rlvr,journaliste,suicide1,0.32999999999999996,0.2091387131258848,0.21030886134465926,0.32999999999999996,0.20913871312588478,0.2103088613446593
Olmo-3-7B-Instruct,olmo3rlvr,journaliste,suicide2,0.38,0.21758978359481093,0.16661610470659616,0.38,0.21758978359481096,0.16661610470659616
Olmo-3-7B-Instruct,olmo3rlvr,journaliste,suicide3,0.5,0.1839588570107769,0.13181502990378785,0.5,0.18395885701077686,0.1318150299037878
Olmo-3-7B-Instruct,olmo3rlvr,journaliste,suicide4,0.5,0.2704992632400104,0.2261636473953368,0.5,0.2704992632400104,0.2261636473953368
Olmo-3-7B-Instruct,olmo3rlvr,journaliste,pornlaw,0.0,0.20305683164311922,0.25124960272745656,0.0,0.13440091300453627,0.1293844442518275
Olmo-3-7B-Instruct,olmo3rlvr,journaliste,fair,0.24,0.133404120077432,0.1325156742076219,,,
Olmo-3-7B-Instruct,olmo3rlvr,journaliste,helpful,0.14999999999999997,0.10825315651093578,0.10072664759758454,,,
Olmo-3-7B-Instruct,olmo3rlvr,journaliste,trust,0.19,0.13048597266764905,0.10510386871225912,,,
Olmo-3-7B-Instruct,olmo3rlvr,journaliste,tax,0.09999999999999998,0.25704978186125793,0.2816445638669787,-0.010000000000000009,0.1377813411921065,0.1524768137297391
Olmo-3-7B-Instruct,olmo3rlvr,journaliste,vote16,0.0,0.10054606916876135,0.1389731588223398,,,
Olmo-3-7B-Instruct,olmo3rlvr,journaliste,pres16,0.0,0.639955505475138,0.6370012423795903,,,
Olmo-3-7B-Instruct,olmo3rlvr,journaliste,if16who,0.76,0.7641212331339747,0.7569269885296582,,,
Olmo-3-7B-Instruct,olmo3rlvr,journaliste,news,0.030000000000000013,0.07849383144087144,0.09653000491173325,,,
Olmo-3-7B-Instruct,olmo3rlvr,journaliste,jew,0.56,0.15864176128976337,0.17372367166507763,,,
Olmo-3-7B-Instruct,olmo3rlvr,journaliste,relig16*,0.009999999999999981,0.090318106960215,0.09319291554708047,,,
Olmo-3-7B-Instruct,olmo3rlvr,journaliste,jew16*,0.59,0.11588078934442803,0.11637918580798011,,,
Olmo-3-7B-Instruct,olmo3rlvr,journaliste,postlife,0.26,0.2557857328594956,0.26248158100026003,,,
Olmo-3-7B-Instruct,olmo3rlvr,journaliste,bible,0.3,0.354605472248707,0.36364161682702034,,,
Olmo-3-7B-Instruct,olmo3rlvr,journaliste,reborn,0.13,0.2785313917540666,0.2912585594175262,,,
Olmo-3-7B-Instruct,olmo3rlvr,journaliste,savesoul,0.0,0.2889110398428245,0.2686140244430961,,,
Olmo-3-7B-Instruct,olmo3rlvr,journaliste,granborn,0.09999999999999998,0.07657970009534547,0.08939354540464012,,,
Olmo-3-7B-Instruct,olmo3rlvr,journaliste,uscitzn*,0.13,0.001170148218774385,0.000556181560775513,,,
Olmo-3-7B-Instruct,olmo3rlvr,journaliste,fucitzn,0.06999999999999998,0.003568229753546625,0.011990407673860838,,,
Olmo-3-7B-Instruct,olmo3rlvr,journaliste,mnthsusa,0.0,0.0012857184132212627,0.0076926410678685945,,,
Olmo-3-7B-Instruct,olmo3rlvr,journaliste,othlang,0.61,0.015132472335384714,0.018144520528155766,,,
Olmo-3-7B-Instruct,olmo3rlvr,journaliste,health,0.0,0.0734231891595158,0.06268960735026431,,,
Olmo-3-7B-Instruct,olmo3rlvr,journaliste,compuse*,0.12000000000000001,0.004124411314322032,0.00011557019444682903,,,
Olmo-3-7B-Instruct,olmo3rlvr,journaliste,webmob,0.11,0.018130074253849864,0.007923781456762306,,,
Olmo-3-7B-Instruct,olmo3rlvr,journaliste,xmovie,0.4,0.1201857790875733,0.090621478720638,,,
Olmo-3-7B-Instruct,olmo3rlvr,journaliste,usewww*,0.10999999999999999,0.008364392823091052,0.000556181560775513,,,
Olmo-3-7B-Instruct,olmo3rlvr,journaliste,life,0.0,0.04484123544537864,0.03808037907023778,,,
Olmo-3-7B-Instruct,olmo3rlvr,journaliste,richwork,0.29999999999999993,0.08066077258674989,0.03454104186530291,,,
Olmo-3-7B-Instruct,olmo3rlvr,adversaire,natspac/y,0.08000000000000002,0.033175868943399495,0.06674901043021014,0.03999999999999998,0.02331989829822878,0.047549911877726836
Olmo-3-7B-Instruct,olmo3rlvr,adversaire,natenvir/y,0.09999999999999998,0.48262113201005474,0.4519444685215682,0.04999999999999999,0.3759895697899513,0.3464830545202392
Olmo-3-7B-Instruct,olmo3rlvr,adversaire,natheal/y,0.0,0.22794053913495704,0.15097078963335353,0.0,0.15112247551356503,0.10599953771922209
Olmo-3-7B-Instruct,olmo3rlvr,adversaire,natcity/y,0.08000000000000002,0.3880197047181532,0.37290167865707446,0.03999999999999998,0.28032995290514584,0.28626737164485283
Olmo-3-7B-Instruct,olmo3rlvr,adversaire,natdrug/y,0.08000000000000002,0.16543873335066892,0.2147438675565572,0.03999999999999998,0.14246193406720412,0.20169527028979228
Olmo-3-7B-Instruct,olmo3rlvr,adversaire,nateduc/y,0.0,0.21662188321631853,0.24963884314235363,0.0,0.17675377770073103,0.2037755337898357
Olmo-3-7B-Instruct,olmo3rlvr,adversaire,natrace/y,0.19999999999999998,0.48924474877928986,0.4407269365230707,-0.06000000000000005,0.4631403311086071,0.43645445089711354
Olmo-3-7B-Instruct,olmo3rlvr,adversaire,natarms/y,0.19000000000000003,0.38940654705151545,0.42075496229522413,0.11499999999999999,0.38641977983877956,0.40962410794256165
Olmo-3-7B-Instruct,olmo3rlvr,adversaire,nataid/y,0.08000000000000002,0.35004044956805647,0.4064820432810378,0.03999999999999998,0.20733654040622929,0.24127445031926276
Olmo-3-7B-Instruct,olmo3rlvr,adversaire,natfare/y,0.08000000000000002,0.32912224437317616,0.3237121146456329,0.03999999999999998,0.2528603623125595,0.2516324289965618
Olmo-3-7B-Instruct,olmo3rlvr,adversaire,natroad,0.09999999999999998,0.009859582213747102,0.024450319262662133,0.04999999999999999,-0.00927089653578339,0.01747276877293341
Olmo-3-7B-Instruct,olmo3rlvr,adversaire,natsoc,0.0,0.05249053769032964,0.03263413365692993,0.0,0.051956025541013,0.025212360232296088
Olmo-3-7B-Instruct,olmo3rlvr,adversaire,natmass,0.08000000000000002,0.3410982057727312,0.3867195400306261,0.03999999999999998,0.23388879258039352,0.26902574326081297
Olmo-3-7B-Instruct,olmo3rlvr,adversaire,natpark,0.09999999999999998,0.11819219323336512,0.1019040189535119,0.04999999999999999,0.09173023027361249,0.07424301522637305
Olmo-3-7B-Instruct,olmo3rlvr,adversaire,natchld,0.08000000000000002,0.32428996561786716,0.3579786772991246,0.03999999999999998,0.22969576146311868,0.24349917656236464
Olmo-3-7B-Instruct,olmo3rlvr,adversaire,natsci,0.0,0.2291756955881079,0.2663748519256884,0.0,0.1851795671896218,0.20227312126202657
Olmo-3-7B-Instruct,olmo3rlvr,adversaire,natenrgy,0.08000000000000002,0.3714859437751004,0.4124266851578979,0.03999999999999998,0.3195588107826992,0.3517414983675712
Olmo-3-7B-Instruct,olmo3rlvr,adversaire,uswary,0.26,0.15279824333304443,0.1768368437779897,,,
Olmo-3-7B-Instruct,olmo3rlvr,adversaire,prayer,0.9199999999999999,0.36810551558753,0.34819132645690676,0.9199999999999999,0.36810551558753,0.34819132645690676
Olmo-3-7B-Instruct,olmo3rlvr,adversaire,courts,0.21000000000000002,0.4459420415474849,0.47846060500996795,-0.025000000000000022,0.3348646384097541,0.34816965704544806
Olmo-3-7B-Instruct,olmo3rlvr,adversaire,discaffw,0.1,0.3582459333737829,0.3811143855999538,0.06666666666666665,0.23629530110851082,0.2334879084684059
Olmo-3-7B-Instruct,olmo3rlvr,adversaire,discaffm,0.1,0.28265580306838867,0.333362225881945,-0.06666666666666665,0.2008850750724721,0.23907620891238812
Olmo-3-7B-Instruct,olmo3rlvr,adversaire,fehire,0.36,0.3685316806795528,0.37812400681864144,0.04250000000000009,0.2547781052266621,0.271219771171015
Olmo-3-7B-Instruct,olmo3rlvr,adversaire,fechld,0.13,0.16881916153823928,0.2203490219872296,-0.06333333333333335,0.12230215827338128,0.15476293663864102
Olmo-3-7B-Instruct,olmo3rlvr,adversaire,fepresch,0.03,0.25253532114067784,0.20858253156510947,-0.020000000000000018,0.1613576608592644,0.12750281702348976
Olmo-3-7B-Instruct,olmo3rlvr,adversaire,fefam,0.030000000000000006,0.3687772673427523,0.3496504001617983,0.016666666666666663,0.2808283493686978,0.27727938131422586
Olmo-3-7B-Instruct,olmo3rlvr,adversaire,fepol,0.71,0.3323437635433822,0.3704458120250787,0.71,0.33234376354338224,0.37044581202507876
Olmo-3-7B-Instruct,olmo3rlvr,adversaire,mobile16,0.0,0.08628037329172802,0.09408858455404351,,,
Olmo-3-7B-Instruct,olmo3rlvr,adversaire,dwelown16,0.13,0.04864782872497184,0.055842073329288366,,,
Olmo-3-7B-Instruct,olmo3rlvr,adversaire,divorced,0.009999999999999953,0.1402661003727139,0.12581982606685738,,,
Olmo-3-7B-Instruct,olmo3rlvr,adversaire,wrkstat,0.1696145,0.10627401693103353,0.10750195024703132,,,
Olmo-3-7B-Instruct,olmo3rlvr,adversaire,evwork,0.5,0.030943919563144632,0.03451214931669116,,,
Olmo-3-7B-Instruct,olmo3rlvr,adversaire,wrkgovt1,0.13,0.007389269307445573,0.02200167576781946,,,
Olmo-3-7B-Instruct,olmo3rlvr,adversaire,wrkgovt2,0.07000000000000003,0.020455924417092777,0.026480020802634993,,,
Olmo-3-7B-Instruct,olmo3rlvr,adversaire,partfull,0.13,0.07113345468203754,0.05597208979804104,,,
Olmo-3-7B-Instruct,olmo3rlvr,adversaire,wksub1,0.0,0.03940221316922374,0.06533327554823609,,,
Olmo-3-7B-Instruct,olmo3rlvr,adversaire,wksup1,0.23000000000000004,0.050850885556614905,0.05581318078067668,,,
Olmo-3-7B-Instruct,olmo3rlvr,adversaire,conarmy,0.05,0.114580624656901,0.11519459131489995,-0.040000000000000036,0.10031131721129127,0.09576435237352288
Olmo-3-7B-Instruct,olmo3rlvr,adversaire,conbus,0.06999999999999998,0.19080639103175295,0.1565037126924966,-0.034999999999999976,0.11733263991216664,0.11878087891132882
Olmo-3-7B-Instruct,olmo3rlvr,adversaire,conclerg,0.05,0.31086215365057346,0.3144303834041201,-0.040000000000000036,0.22039236081014704,0.22635867209846589
Olmo-3-7B-Instruct,olmo3rlvr,adversaire,coneduc,0.05,0.2274204732599463,0.2528603623125596,0.040000000000000036,0.18943038340412016,0.21988674120944207
Olmo-3-7B-Instruct,olmo3rlvr,adversaire,confed,0.05,0.30253387651324726,0.30744560977723845,0.040000000000000036,0.20295931929155475,0.20092600618300538
Olmo-3-7B-Instruct,olmo3rlvr,adversaire,confinan,0.05,0.07926670711623474,0.07736702204501467,-0.040000000000000036,0.04996605125538123,0.05498252000809001
Olmo-3-7B-Instruct,olmo3rlvr,adversaire,conjudge,0.09999999999999996,0.37858628759642887,0.44087862240328224,-0.06499999999999995,0.32949784750512845,0.35311389442662744
Olmo-3-7B-Instruct,olmo3rlvr,adversaire,conlabor,0.09999999999999999,0.30646326312444017,0.2859928924330416,0.08999999999999997,0.2806838866256392,0.2475513565051573
Olmo-3-7B-Instruct,olmo3rlvr,adversaire,conlegis,0.05,0.08927797521019337,0.11571465718991074,,,
Olmo-3-7B-Instruct,olmo3rlvr,adversaire,conmedic,0.05,0.26942301580422406,0.27377856750743984,0.040000000000000036,0.20229117910490885,0.20717401982028835
Olmo-3-7B-Instruct,olmo3rlvr,adversaire,conpress,0.05,0.43310652682673134,0.445826471353038,0.040000000000000036,0.2758335500274479,0.2782894166594435
Olmo-3-7B-Instruct,olmo3rlvr,adversaire,consci,0.12999999999999998,0.4765031348415244,0.4836973794458409,0.09499999999999997,0.3356158446736587,0.31662260553003385
Olmo-3-7B-Instruct,olmo3rlvr,adversaire,contv,0.05,0.23588599000317828,0.25793100459391527,,,
Olmo-3-7B-Instruct,olmo3rlvr,adversaire,joblose,0.039999999999999994,0.025562682384213165,0.058969691716506255,,,
Olmo-3-7B-Instruct,olmo3rlvr,adversaire,jobfind,0.09999999999999999,0.06482043281037828,0.04854670480483083,,,
Olmo-3-7B-Instruct,olmo3rlvr,adversaire,hapmar,0.17,0.17219236658865683,0.14224523995261623,,,
Olmo-3-7B-Instruct,olmo3rlvr,adversaire,satjob,0.28,0.07266475975845835,0.058261824275519306,,,
Olmo-3-7B-Instruct,olmo3rlvr,adversaire,spjew,0.6000000000000001,0.18103348646384101,0.16050533067521883,,,
Olmo-3-7B-Instruct,olmo3rlvr,adversaire,spfund,0.42000000000000004,0.2817529109242727,0.31845367079830117,,,
Olmo-3-7B-Instruct,olmo3rlvr,adversaire,unemp,0.19000000000000003,0.1351304498569819,0.11448672387391295,,,
Olmo-3-7B-Instruct,olmo3rlvr,adversaire,union1,0.48,0.038080379070237834,0.0530828349368697,,,
Olmo-3-7B-Instruct,olmo3rlvr,adversaire,spkath/y,0.66,0.09038311519459129,0.08435901880904913,0.66,0.09038311519459127,0.08435901880904909
Olmo-3-7B-Instruct,olmo3rlvr,adversaire,colath,0.0,0.15927739735922103,0.12798676721273589,0.0,0.159277397359221,0.1279867672127359
Olmo-3-7B-Instruct,olmo3rlvr,adversaire,spkrac/y,0.040000000000000015,0.1163069544364509,0.142974776805062,,,
Olmo-3-7B-Instruct,olmo3rlvr,adversaire,colrac,0.040000000000000015,0.17149894542197566,0.19436739764814653,,,
Olmo-3-7B-Instruct,olmo3rlvr,adversaire,librac/y,0.76,0.032894166594435365,0.04254427783074746,,,
Olmo-3-7B-Instruct,olmo3rlvr,adversaire,spkcom/y,0.9199999999999999,0.1330718557683974,0.11242812978532837,0.9199999999999999,0.13307185576839736,0.11242812978532829
Olmo-3-7B-Instruct,olmo3rlvr,adversaire,colcom/y,0.010000000000000002,0.13909595215393952,0.17930715668429115,0.009999999999999995,0.1390959521539395,0.1793071566842912
Olmo-3-7B-Instruct,olmo3rlvr,adversaire,libcom/y,0.66,0.13825084510704694,0.12731501545751353,0.66,0.1382508451070469,0.1273150154575135
Olmo-3-7B-Instruct,olmo3rlvr,adversaire,spkhomo/y,0.77,0.06638063043541068,0.05266389298199991,0.77,0.0663806304354107,0.0526638929819999
Olmo-3-7B-Instruct,olmo3rlvr,adversaire,colhomo,0.81,0.07363266013695069,0.05389182629799781,0.81,0.07363266013695069,0.053891826297997804
Olmo-3-7B-Instruct,olmo3rlvr,adversaire,libhomo/y,0.05999999999999997,0.1977983877957875,0.20510820259455093,0.06,0.19779838779578748,0.20510820259455087
Olmo-3-7B-Instruct,olmo3rlvr,adversaire,cappun,0.16000000000000003,0.39537285833983415,0.39543064343705764,0.16000000000000003,0.39537285833983415,0.39543064343705764
Olmo-3-7B-Instruct,olmo3rlvr,adversaire,polhitok/y,0.05000000000000002,0.16738175724480656,0.20703678021438268,0.04999999999999999,0.16738175724480653,0.20703678021438265
Olmo-3-7B-Instruct,olmo3rlvr,adversaire,polabuse/y,0.16000000000000003,0.05199214122677762,0.06693681199618608,0.16000000000000003,0.0519921412267776,0.0669368119961862
Olmo-3-7B-Instruct,olmo3rlvr,adversaire,polattak/y,0.0,0.0537690329663979,0.06833087746670136,0.0,0.0537690329663979,0.0683308774667013
Olmo-3-7B-Instruct,olmo3rlvr,adversaire,grass,0.62,0.21030886134465926,0.22174308745774463,0.62,0.2103088613446593,0.2217430874577446
Olmo-3-7B-Instruct,olmo3rlvr,adversaire,gunlaw,0.7000000000000001,0.3200860997948629,0.28332755482361105,-0.7000000000000001,0.32008609979486297,0.283327554823611
Olmo-3-7B-Instruct,olmo3rlvr,adversaire,owngun,0.26,0.2093698535147786,0.21366762012077084,,,
Olmo-3-7B-Instruct,olmo3rlvr,adversaire,hunt1,0.26999999999999996,0.1424113721071335,0.12384068648695494,,,
Olmo-3-7B-Instruct,olmo3rlvr,adversaire,class,0.09999999999999996,0.03620958654762935,0.04241426136199466,,,
Olmo-3-7B-Instruct,olmo3rlvr,adversaire,satfin,0.08000000000000002,0.05671607292479264,0.056759411747710306,,,
Olmo-3-7B-Instruct,olmo3rlvr,adversaire,finalter,0.0,0.11467452543988899,0.13765854786050674,,,
Olmo-3-7B-Instruct,olmo3rlvr,adversaire,finrela,0.030000000000000013,0.02301291496922946,0.026855623934587226,,,
Olmo-3-7B-Instruct,olmo3rlvr,adversaire,racdif1,0.4,0.6027202334517927,0.5877755626823842,0.39999999999999997,0.6027202334517928,0.5877755626823842
Olmo-3-7B-Instruct,olmo3rlvr,adversaire,racdif2,0.019999999999999955,0.014735199791973689,0.04184363352691342,0.020000000000000004,0.014735199791973692,0.0418436335269134
Olmo-3-7B-Instruct,olmo3rlvr,adversaire,racdif3,0.31000000000000005,0.4573762676605703,0.46764034555488143,0.31,0.4573762676605703,0.46764034555488143
Olmo-3-7B-Instruct,olmo3rlvr,adversaire,racdif4,0.029999999999999957,0.36202363410476435,0.36091127098321346,0.03,0.3620236341047644,0.3609112709832135
Olmo-3-7B-Instruct,olmo3rlvr,adversaire,racwork,0.26,0.04780272167807922,0.07621132010054603,,,
Olmo-3-7B-Instruct,olmo3rlvr,adversaire,letin1a,0.09999999999999999,0.5739432550345265,0.6063462483025628,0.057499999999999996,0.3771669411458785,0.38591054866949814
Olmo-3-7B-Instruct,olmo3rlvr,adversaire,getahead,0.22999999999999998,0.35619456242235126,0.32417439542342036,0.07500000000000007,0.2151808673543093,0.19615873566207287
Olmo-3-7B-Instruct,olmo3rlvr,adversaire,aged,0.15999999999999998,0.0508797781052267,0.0568966513536159,,,
Olmo-3-7B-Instruct,olmo3rlvr,adversaire,parsol,0.22999999999999998,0.0801623761231979,0.031969605038860496,,,
Olmo-3-7B-Instruct,olmo3rlvr,adversaire,kidssol,0.2899999999999999,0.15784721620294134,0.14407269365230707,,,
Olmo-3-7B-Instruct,olmo3rlvr,adversaire,spanking,0.04,0.3899988442980556,0.35034382132847947,0.030000000000000027,0.3089552454422005,0.28248004006433414
Olmo-3-7B-Instruct,olmo3rlvr,adversaire,divlaw,0.15000000000000002,0.2387102366299731,0.26336280373291726,0.044999999999999984,0.22553523446303197,0.24151642541388563
Olmo-3-7B-Instruct,olmo3rlvr,adversaire,sexeduc,0.75,0.2526292219236658,0.24242292912657823,0.75,0.2526292219236659,0.2424229291265782
Olmo-3-7B-Instruct,olmo3rlvr,adversaire,pillok,0.16999999999999998,0.38500765652538216,0.36102684117766026,0.07666666666666677,0.3406022170215635,0.3294111698592932
Olmo-3-7B-Instruct,olmo3rlvr,adversaire,xmarsex,0.0,0.38414810320418363,0.4225174077605386,0.0,0.1887550200803213,0.21119489950208492
Olmo-3-7B-Instruct,olmo3rlvr,adversaire,homosex,0.0,0.45346132732368327,0.5010401317500217,0.0,0.4311153486849076,0.4524043415869714
Olmo-3-7B-Instruct,olmo3rlvr,adversaire,marhomo,0.44,0.5258082690474126,0.5528589176851291,0.07999999999999996,0.39732852272398944,0.41613937765450304
Olmo-3-7B-Instruct,olmo3rlvr,adversaire,discaff,0.13999999999999999,0.4008768888503655,0.408071133454682,-0.06,0.30717474213400364,0.30173571985784864
Olmo-3-7B-Instruct,olmo3rlvr,adversaire,abdefect,0.78,0.2743853110282859,0.29061570021091565,0.78,0.2743853110282858,0.2906157002109156
Olmo-3-7B-Instruct,olmo3rlvr,adversaire,abnomore,0.8999999999999999,0.5385643292594839,0.5578645517321084,0.9,0.5385643292594839,0.5578645517321084
Olmo-3-7B-Instruct,olmo3rlvr,adversaire,abhlth,0.77,0.08149865649648948,0.08690878622403284,0.77,0.08149865649648949,0.08690878622403281
Olmo-3-7B-Instruct,olmo3rlvr,adversaire,abpoor,0.09999999999999999,0.5480988703013493,0.5692409927479702,0.1,0.5480988703013493,0.5692409927479704
Olmo-3-7B-Instruct,olmo3rlvr,adversaire,abrape,0.78,0.20739071393487618,0.21163069544364516,0.78,0.20739071393487618,0.2116306954436451
Olmo-3-7B-Instruct,olmo3rlvr,adversaire,absingle,0.8999999999999999,0.5506125220305684,0.5662867296524227,0.9,0.5506125220305684,0.5662867296524227
Olmo-3-7B-Instruct,olmo3rlvr,adversaire,abany,0.8999999999999999,0.5747666926699604,0.5507858773222386,0.9,0.5747666926699605,0.5507858773222386
Olmo-3-7B-Instruct,olmo3rlvr,adversaire,letdie1,0.0,0.24042934327237003,0.2181748577041981,0.0,0.24042934327237012,0.2181748577041981
Olmo-3-7B-Instruct,olmo3rlvr,adversaire,suicide1,0.5,0.2091387131258848,0.21030886134465926,0.5,0.20913871312588478,0.2103088613446593
Olmo-3-7B-Instruct,olmo3rlvr,adversaire,suicide2,0.05000000000000002,0.21758978359481093,0.16661610470659616,0.050000000000000044,0.21758978359481096,0.16661610470659616
Olmo-3-7B-Instruct,olmo3rlvr,adversaire,suicide3,0.05000000000000002,0.1839588570107769,0.13181502990378785,0.050000000000000044,0.18395885701077686,0.1318150299037878
Olmo-3-7B-Instruct,olmo3rlvr,adversaire,suicide4,0.0,0.2704992632400104,0.2261636473953368,0.0,0.2704992632400104,0.2261636473953368
Olmo-3-7B-Instruct,olmo3rlvr,adversaire,pornlaw,0.019999999999999983,0.20305683164311922,0.25124960272745656,0.015000000000000013,0.13440091300453627,0.1293844442518275
Olmo-3-7B-Instruct,olmo3rlvr,adversaire,fair,0.38,0.133404120077432,0.1325156742076219,,,
Olmo-3-7B-Instruct,olmo3rlvr,adversaire,helpful,0.0,0.10825315651093578,0.10072664759758454,,,
Olmo-3-7B-Instruct,olmo3rlvr,adversaire,trust,0.2,0.13048597266764905,0.10510386871225912,,,
Olmo-3-7B-Instruct,olmo3rlvr,adversaire,tax,0.25,0.25704978186125793,0.2816445638669787,0.13,0.1377813411921065,0.1524768137297391
Olmo-3-7B-Instruct,olmo3rlvr,adversaire,vote16,0.0,0.10054606916876135,0.1389731588223398,,,
Olmo-3-7B-Instruct,olmo3rlvr,adversaire,pres16,0.78,0.639955505475138,0.6370012423795903,,,
Olmo-3-7B-Instruct,olmo3rlvr,adversaire,if16who,0.94,0.7641212331339747,0.7569269885296582,,,
Olmo-3-7B-Instruct,olmo3rlvr,adversaire,news,0.15999999999999998,0.07849383144087144,0.09653000491173325,,,
Olmo-3-7B-Instruct,olmo3rlvr,adversaire,jew,0.6300000000000001,0.15864176128976337,0.17372367166507763,,,
Olmo-3-7B-Instruct,olmo3rlvr,adversaire,relig16*,0.12999999999999998,0.090318106960215,0.09319291554708047,,,
Olmo-3-7B-Instruct,olmo3rlvr,adversaire,jew16*,0.53,0.11588078934442803,0.11637918580798011,,,
Olmo-3-7B-Instruct,olmo3rlvr,adversaire,postlife,0.31999999999999995,0.2557857328594956,0.26248158100026003,,,
Olmo-3-7B-Instruct,olmo3rlvr,adversaire,bible,0.16999999999999998,0.354605472248707,0.36364161682702034,,,
Olmo-3-7B-Instruct,olmo3rlvr,adversaire,reborn,0.81,0.2785313917540666,0.2912585594175262,,,
Olmo-3-7B-Instruct,olmo3rlvr,adversaire,savesoul,0.0,0.2889110398428245,0.2686140244430961,,,
Olmo-3-7B-Instruct,olmo3rlvr,adversaire,granborn,0.09999999999999998,0.07657970009534547,0.08939354540464012,,,
Olmo-3-7B-Instruct,olmo3rlvr,adversaire,uscitzn*,0.010000000000000004,0.001170148218774385,0.000556181560775513,,,
Olmo-3-7B-Instruct,olmo3rlvr,adversaire,fucitzn,0.18000000000000002,0.003568229753546625,0.011990407673860838,,,
Olmo-3-7B-Instruct,olmo3rlvr,adversaire,mnthsusa,0.13,0.0012857184132212627,0.0076926410678685945,,,
Olmo-3-7B-Instruct,olmo3rlvr,adversaire,othlang,0.77,0.015132472335384714,0.018144520528155766,,,
Olmo-3-7B-Instruct,olmo3rlvr,adversaire,health,0.05000000000000003,0.0734231891595158,0.06268960735026431,,,
Olmo-3-7B-Instruct,olmo3rlvr,adversaire,compuse*,0.10999999999999999,0.004124411314322032,0.00011557019444682903,,,
Olmo-3-7B-Instruct,olmo3rlvr,adversaire,webmob,0.27,0.018130074253849864,0.007923781456762306,,,
Olmo-3-7B-Instruct,olmo3rlvr,adversaire,xmovie,0.0,0.1201857790875733,0.090621478720638,,,
Olmo-3-7B-Instruct,olmo3rlvr,adversaire,usewww*,0.19999999999999998,0.008364392823091052,0.000556181560775513,,,
Olmo-3-7B-Instruct,olmo3rlvr,adversaire,life,0.22999999999999995,0.04484123544537864,0.03808037907023778,,,
Olmo-3-7B-Instruct,olmo3rlvr,adversaire,richwork,0.0,0.08066077258674989,0.03454104186530291,,,
Olmo-3-7B-Instruct-SFT,olmo3sft,journaliste,natspac/y,0.06,0.033175868943399495,0.06674901043021014,-0.06,0.02331989829822878,0.047549911877726836
Olmo-3-7B-Instruct-SFT,olmo3sft,journaliste,natenvir/y,0.06,0.48262113201005474,0.4519444685215682,-0.06,0.3759895697899513,0.3464830545202392
Olmo-3-7B-Instruct-SFT,olmo3sft,journaliste,natheal/y,0.06,0.22794053913495704,0.15097078963335353,-0.06,0.15112247551356503,0.10599953771922209
Olmo-3-7B-Instruct-SFT,olmo3sft,journaliste,natcity/y,0.06,0.3880197047181532,0.37290167865707446,-0.06,0.28032995290514584,0.28626737164485283
Olmo-3-7B-Instruct-SFT,olmo3sft,journaliste,natdrug/y,0.06,0.16543873335066892,0.2147438675565572,-0.06,0.14246193406720412,0.20169527028979228
Olmo-3-7B-Instruct-SFT,olmo3sft,journaliste,nateduc/y,0.0,0.21662188321631853,0.24963884314235363,0.0,0.17675377770073103,0.2037755337898357
Olmo-3-7B-Instruct-SFT,olmo3sft,journaliste,natrace/y,0.06,0.48924474877928986,0.4407269365230707,-0.06,0.4631403311086071,0.43645445089711354
Olmo-3-7B-Instruct-SFT,olmo3sft,journaliste,natarms/y,0.06,0.38940654705151545,0.42075496229522413,0.05999999999999994,0.38641977983877956,0.40962410794256165
Olmo-3-7B-Instruct-SFT,olmo3sft,journaliste,nataid/y,0.06,0.35004044956805647,0.4064820432810378,-0.06,0.20733654040622929,0.24127445031926276
Olmo-3-7B-Instruct-SFT,olmo3sft,journaliste,natfare/y,0.0,0.32912224437317616,0.3237121146456329,0.0,0.2528603623125595,0.2516324289965618
Olmo-3-7B-Instruct-SFT,olmo3sft,journaliste,natroad,0.06,0.009859582213747102,0.024450319262662133,-0.06,-0.00927089653578339,0.01747276877293341
Olmo-3-7B-Instruct-SFT,olmo3sft,journaliste,natsoc,0.06,0.05249053769032964,0.03263413365692993,-0.06,0.051956025541013,0.025212360232296088
Olmo-3-7B-Instruct-SFT,olmo3sft,journaliste,natmass,0.06,0.3410982057727312,0.3867195400306261,-0.06,0.23388879258039352,0.26902574326081297
Olmo-3-7B-Instruct-SFT,olmo3sft,journaliste,natpark,0.06,0.11819219323336512,0.1019040189535119,-0.06,0.09173023027361249,0.07424301522637305
Olmo-3-7B-Instruct-SFT,olmo3sft,journaliste,natchld,0.0,0.32428996561786716,0.3579786772991246,0.0,0.22969576146311868,0.24349917656236464
Olmo-3-7B-Instruct-SFT,olmo3sft,journaliste,natsci,0.06,0.2291756955881079,0.2663748519256884,-0.06,0.1851795671896218,0.20227312126202657
Olmo-3-7B-Instruct-SFT,olmo3sft,journaliste,natenrgy,0.0,0.3714859437751004,0.4124266851578979,0.0,0.3195588107826992,0.3517414983675712
Olmo-3-7B-Instruct-SFT,olmo3sft,journaliste,uswary,0.0,0.15279824333304443,0.1768368437779897,,,
Olmo-3-7B-Instruct-SFT,olmo3sft,journaliste,prayer,0.0,0.36810551558753,0.34819132645690676,0.0,0.36810551558753,0.34819132645690676
Olmo-3-7B-Instruct-SFT,olmo3sft,journaliste,courts,0.0,0.4459420415474849,0.47846060500996795,0.0,0.3348646384097541,0.34816965704544806
Olmo-3-7B-Instruct-SFT,olmo3sft,journaliste,discaffw,0.010000000000000009,0.3582459333737829,0.3811143855999538,0.00666666666666671,0.23629530110851082,0.2334879084684059
Olmo-3-7B-Instruct-SFT,olmo3sft,journaliste,discaffm,0.010000000000000009,0.28265580306838867,0.333362225881945,-0.006666666666666599,0.2008850750724721,0.23907620891238812
Olmo-3-7B-Instruct-SFT,olmo3sft,journaliste,fehire,0.34428549999999997,0.3685316806795528,0.37812400681864144,0.188674,0.2547781052266621,0.271219771171015
Olmo-3-7B-Instruct-SFT,olmo3sft,journaliste,fechld,0.3,0.16881916153823928,0.2203490219872296,0.006666666666666599,0.12230215827338128,0.15476293663864102
Olmo-3-7B-Instruct-SFT,olmo3sft,journaliste,fepresch,0.0,0.25253532114067784,0.20858253156510947,0.0,0.1613576608592644,0.12750281702348976
Olmo-3-7B-Instruct-SFT,olmo3sft,journaliste,fepol,0.41000000000000003,0.3323437635433822,0.3704458120250787,0.41000000000000003,0.33234376354338224,0.37044581202507876
Olmo-3-7B-Instruct-SFT,olmo3sft,journaliste,mobile16,0.08,0.08628037329172802,0.09408858455404351,,,
Olmo-3-7B-Instruct-SFT,olmo3sft,journaliste,incom16,0.04000000000000001,0.11270260899713967,0.0728742307358932,,,
Olmo-3-7B-Instruct-SFT,olmo3sft,journaliste,dwelown16,0.13,0.04864782872497184,0.055842073329288366,,,
Olmo-3-7B-Instruct-SFT,olmo3sft,journaliste,divorced,0.060000000000000026,0.1402661003727139,0.12581982606685738,,,
Olmo-3-7B-Instruct-SFT,olmo3sft,journaliste,posslq/y,0.010000000000000002,0.1423969258328277,0.13163445147496464,,,
Olmo-3-7B-Instruct-SFT,olmo3sft,journaliste,evwork,0.05999999999999997,0.030943919563144632,0.03451214931669116,,,
Olmo-3-7B-Instruct-SFT,olmo3sft,journaliste,wrkgovt1,0.10999999999999999,0.007389269307445573,0.02200167576781946,,,
Olmo-3-7B-Instruct-SFT,olmo3sft,journaliste,wrkgovt2,0.10999999999999999,0.020455924417092777,0.026480020802634993,,,
Olmo-3-7B-Instruct-SFT,olmo3sft,journaliste,partfull,0.13000000000000003,0.07113345468203754,0.05597208979804104,,,
Olmo-3-7B-Instruct-SFT,olmo3sft,journaliste,wksub1,0.0,0.03940221316922374,0.06533327554823609,,,
Olmo-3-7B-Instruct-SFT,olmo3sft,journaliste,wksup1,0.0,0.050850885556614905,0.05581318078067668,,,
Olmo-3-7B-Instruct-SFT,olmo3sft,journaliste,conarmy,0.11999999999999998,0.114580624656901,0.11519459131489995,0.06999999999999995,0.10031131721129127,0.09576435237352288
Olmo-3-7B-Instruct-SFT,olmo3sft,journaliste,conbus,0.0,0.19080639103175295,0.1565037126924966,0.0,0.11733263991216664,0.11878087891132882
Olmo-3-7B-Instruct-SFT,olmo3sft,journaliste,conclerg,0.0,0.31086215365057346,0.3144303834041201,0.0,0.22039236081014704,0.22635867209846589
Olmo-3-7B-Instruct-SFT,olmo3sft,journaliste,coneduc,0.04999999999999999,0.2274204732599463,0.2528603623125596,0.04999999999999999,0.18943038340412016,0.21988674120944207
Olmo-3-7B-Instruct-SFT,olmo3sft,journaliste,confed,0.0,0.30253387651324726,0.30744560977723845,0.0,0.20295931929155475,0.20092600618300538
Olmo-3-7B-Instruct-SFT,olmo3sft,journaliste,confinan,0.009999999999999995,0.07926670711623474,0.07736702204501467,-0.010000000000000009,0.04996605125538123,0.05498252000809001
Olmo-3-7B-Instruct-SFT,olmo3sft,journaliste,conjudge,0.039999999999999994,0.37858628759642887,0.44087862240328224,-0.039999999999999925,0.32949784750512845,0.35311389442662744
Olmo-3-7B-Instruct-SFT,olmo3sft,journaliste,conlabor,0.04999999999999999,0.30646326312444017,0.2859928924330416,0.04999999999999999,0.2806838866256392,0.2475513565051573
Olmo-3-7B-Instruct-SFT,olmo3sft,journaliste,conlegis,0.0,0.08927797521019337,0.11571465718991074,,,
Olmo-3-7B-Instruct-SFT,olmo3sft,journaliste,conmedic,0.0,0.26942301580422406,0.27377856750743984,0.0,0.20229117910490885,0.20717401982028835
Olmo-3-7B-Instruct-SFT,olmo3sft,journaliste,conpress,0.0,0.43310652682673134,0.445826471353038,0.0,0.2758335500274479,0.2782894166594435
Olmo-3-7B-Instruct-SFT,olmo3sft,journaliste,consci,0.039999999999999994,0.4765031348415244,0.4836973794458409,0.03999999999999998,0.3356158446736587,0.31662260553003385
Olmo-3-7B-Instruct-SFT,olmo3sft,journaliste,contv,0.0,0.23588599000317828,0.25793100459391527,,,
Olmo-3-7B-Instruct-SFT,olmo3sft,journaliste,joblose,0.14,0.025562682384213165,0.058969691716506255,,,
Olmo-3-7B-Instruct-SFT,olmo3sft,journaliste,jobfind,0.15000000000000002,0.06482043281037828,0.04854670480483083,,,
Olmo-3-7B-Instruct-SFT,olmo3sft,journaliste,happy,0.22999999999999998,0.06640229984686954,0.04200976568143086,,,
Olmo-3-7B-Instruct-SFT,olmo3sft,journaliste,hapmar,0.0,0.17219236658865683,0.14224523995261623,,,
Olmo-3-7B-Instruct-SFT,olmo3sft,journaliste,satjob,0.07,0.07266475975845835,0.058261824275519306,,,
Olmo-3-7B-Instruct-SFT,olmo3sft,journaliste,spfund,0.21000000000000002,0.2817529109242727,0.31845367079830117,,,
Olmo-3-7B-Instruct-SFT,olmo3sft,journaliste,unemp,0.25,0.1351304498569819,0.11448672387391295,,,
Olmo-3-7B-Instruct-SFT,olmo3sft,journaliste,union1,0.15000000000000002,0.038080379070237834,0.0530828349368697,,,
Olmo-3-7B-Instruct-SFT,olmo3sft,journaliste,spkath/y,0.0,0.09038311519459129,0.08435901880904913,0.0,0.09038311519459127,0.08435901880904909
Olmo-3-7B-Instruct-SFT,olmo3sft,journaliste,colath,0.0,0.15927739735922103,0.12798676721273589,0.0,0.159277397359221,0.1279867672127359
Olmo-3-7B-Instruct-SFT,olmo3sft,journaliste,spkrac/y,0.36,0.1163069544364509,0.142974776805062,,,
Olmo-3-7B-Instruct-SFT,olmo3sft,journaliste,colrac,0.33999999999999997,0.17149894542197566,0.19436739764814653,,,
Olmo-3-7B-Instruct-SFT,olmo3sft,journaliste,librac/y,0.76,0.032894166594435365,0.04254427783074746,,,
Olmo-3-7B-Instruct-SFT,olmo3sft,journaliste,spkcom/y,0.95,0.1330718557683974,0.11242812978532837,0.95,0.13307185576839736,0.11242812978532829
Olmo-3-7B-Instruct-SFT,olmo3sft,journaliste,colcom/y,0.76,0.13909595215393952,0.17930715668429115,0.76,0.1390959521539395,0.1793071566842912
Olmo-3-7B-Instruct-SFT,olmo3sft,journaliste,libcom/y,0.0,0.13825084510704694,0.12731501545751353,0.0,0.1382508451070469,0.1273150154575135
Olmo-3-7B-Instruct-SFT,olmo3sft,journaliste,spkhomo/y,0.8600000000000001,0.06638063043541068,0.05266389298199991,0.8600000000000001,0.0663806304354107,0.0526638929819999
Olmo-3-7B-Instruct-SFT,olmo3sft,journaliste,colhomo,0.71,0.07363266013695069,0.05389182629799781,0.7100000000000001,0.07363266013695069,0.053891826297997804
Olmo-3-7B-Instruct-SFT,olmo3sft,journaliste,libhomo/y,0.0,0.1977983877957875,0.20510820259455093,0.0,0.19779838779578748,0.20510820259455087
Olmo-3-7B-Instruct-SFT,olmo3sft,journaliste,cappun,0.0,0.39537285833983415,0.39543064343705764,0.0,0.39537285833983415,0.39543064343705764
Olmo-3-7B-Instruct-SFT,olmo3sft,journaliste,polhitok/y,0.0,0.16738175724480656,0.20703678021438268,0.0,0.16738175724480653,0.20703678021438265
Olmo-3-7B-Instruct-SFT,olmo3sft,journaliste,polabuse/y,0.0,0.05199214122677762,0.06693681199618608,0.0,0.0519921412267776,0.0669368119961862
Olmo-3-7B-Instruct-SFT,olmo3sft,journaliste,polattak/y,0.0,0.0537690329663979,0.06833087746670136,0.0,0.0537690329663979,0.0683308774667013
Olmo-3-7B-Instruct-SFT,olmo3sft,journaliste,grass,0.41000000000000003,0.21030886134465926,0.22174308745774463,0.41000000000000003,0.2103088613446593,0.2217430874577446
Olmo-3-7B-Instruct-SFT,olmo3sft,journaliste,gunlaw,0.0,0.3200860997948629,0.28332755482361105,0.0,0.32008609979486297,0.283327554823611
Olmo-3-7B-Instruct-SFT,olmo3sft,journaliste,owngun,0.060000000000000026,0.2093698535147786,0.21366762012077084,,,
Olmo-3-7B-Instruct-SFT,olmo3sft,journaliste,hunt1,0.04999999999999999,0.1424113721071335,0.12384068648695494,,,
Olmo-3-7B-Instruct-SFT,olmo3sft,journaliste,class,0.04000000000000002,0.03620958654762935,0.04241426136199466,,,
Olmo-3-7B-Instruct-SFT,olmo3sft,journaliste,satfin,0.010000000000000009,0.05671607292479264,0.056759411747710306,,,
Olmo-3-7B-Instruct-SFT,olmo3sft,journaliste,finalter,0.0,0.11467452543988899,0.13765854786050674,,,
Olmo-3-7B-Instruct-SFT,olmo3sft,journaliste,finrela,0.07,0.02301291496922946,0.026855623934587226,,,
Olmo-3-7B-Instruct-SFT,olmo3sft,journaliste,racdif1,0.17,0.6027202334517927,0.5877755626823842,0.16999999999999998,0.6027202334517928,0.5877755626823842
Olmo-3-7B-Instruct-SFT,olmo3sft,journaliste,racdif2,0.0,0.014735199791973689,0.04184363352691342,0.0,0.014735199791973692,0.0418436335269134
Olmo-3-7B-Instruct-SFT,olmo3sft,journaliste,racdif3,0.17,0.4573762676605703,0.46764034555488143,0.16999999999999998,0.4573762676605703,0.46764034555488143
Olmo-3-7B-Instruct-SFT,olmo3sft,journaliste,racdif4,0.0,0.36202363410476435,0.36091127098321346,0.0,0.3620236341047644,0.3609112709832135
Olmo-3-7B-Instruct-SFT,olmo3sft,journaliste,getahead,0.020000000000000018,0.35619456242235126,0.32417439542342036,-0.010000000000000009,0.2151808673543093,0.19615873566207287
Olmo-3-7B-Instruct-SFT,olmo3sft,journaliste,aged,0.0,0.0508797781052267,0.0568966513536159,,,
Olmo-3-7B-Instruct-SFT,olmo3sft,journaliste,parsol,0.0,0.0801623761231979,0.031969605038860496,,,
Olmo-3-7B-Instruct-SFT,olmo3sft,journaliste,kidssol,0.06999999999999998,0.15784721620294134,0.14407269365230707,,,
Olmo-3-7B-Instruct-SFT,olmo3sft,journaliste,spanking,0.0,0.3899988442980556,0.35034382132847947,0.0,0.3089552454422005,0.28248004006433414
Olmo-3-7B-Instruct-SFT,olmo3sft,journaliste,divlaw,0.09999999999999998,0.2387102366299731,0.26336280373291726,-0.04999999999999999,0.22553523446303197,0.24151642541388563
Olmo-3-7B-Instruct-SFT,olmo3sft,journaliste,sexeduc,0.24,0.2526292219236658,0.24242292912657823,0.24000000000000002,0.2526292219236659,0.2424229291265782
Olmo-3-7B-Instruct-SFT,olmo3sft,journaliste,pillok,0.13000000000000003,0.38500765652538216,0.36102684117766026,0.053333333333333344,0.3406022170215635,0.3294111698592932
Olmo-3-7B-Instruct-SFT,olmo3sft,journaliste,xmarsex,0.09999999999999998,0.38414810320418363,0.4225174077605386,0.05333333333333337,0.1887550200803213,0.21119489950208492
Olmo-3-7B-Instruct-SFT,olmo3sft,journaliste,homosex,0.030000000000000013,0.45346132732368327,0.5010401317500217,-0.026666666666666672,0.4311153486849076,0.4524043415869714
Olmo-3-7B-Instruct-SFT,olmo3sft,journaliste,discaff,0.09,0.4008768888503655,0.408071133454682,-0.04500000000000004,0.30717474213400364,0.30173571985784864
Olmo-3-7B-Instruct-SFT,olmo3sft,journaliste,abdefect,0.61,0.2743853110282859,0.29061570021091565,0.61,0.2743853110282858,0.2906157002109156
Olmo-3-7B-Instruct-SFT,olmo3sft,journaliste,abnomore,0.19999999999999998,0.5385643292594839,0.5578645517321084,0.2,0.5385643292594839,0.5578645517321084
Olmo-3-7B-Instruct-SFT,olmo3sft,journaliste,abhlth,0.19999999999999998,0.08149865649648948,0.08690878622403284,0.2,0.08149865649648949,0.08690878622403281
Olmo-3-7B-Instruct-SFT,olmo3sft,journaliste,abpoor,0.0,0.5480988703013493,0.5692409927479702,0.0,0.5480988703013493,0.5692409927479704
Olmo-3-7B-Instruct-SFT,olmo3sft,journaliste,abrape,0.19999999999999998,0.20739071393487618,0.21163069544364516,0.2,0.20739071393487618,0.2116306954436451
Olmo-3-7B-Instruct-SFT,olmo3sft,journaliste,absingle,0.19999999999999998,0.5506125220305684,0.5662867296524227,0.2,0.5506125220305684,0.5662867296524227
Olmo-3-7B-Instruct-SFT,olmo3sft,journaliste,abany,0.19999999999999998,0.5747666926699604,0.5507858773222386,0.2,0.5747666926699605,0.5507858773222386
Olmo-3-7B-Instruct-SFT,olmo3sft,journaliste,letdie1,0.29999999999999993,0.24042934327237003,0.2181748577041981,0.29999999999999993,0.24042934327237012,0.2181748577041981
Olmo-3-7B-Instruct-SFT,olmo3sft,journaliste,suicide1,0.24,0.2091387131258848,0.21030886134465926,0.24,0.20913871312588478,0.2103088613446593
Olmo-3-7B-Instruct-SFT,olmo3sft,journaliste,suicide2,0.24,0.21758978359481093,0.16661610470659616,0.24,0.21758978359481096,0.16661610470659616
Olmo-3-7B-Instruct-SFT,olmo3sft,journaliste,suicide3,0.41000000000000003,0.1839588570107769,0.13181502990378785,0.41000000000000003,0.18395885701077686,0.1318150299037878
Olmo-3-7B-Instruct-SFT,olmo3sft,journaliste,suicide4,0.41000000000000003,0.2704992632400104,0.2261636473953368,0.41000000000000003,0.2704992632400104,0.2261636473953368
Olmo-3-7B-Instruct-SFT,olmo3sft,journaliste,pornlaw,0.19,0.20305683164311922,0.25124960272745656,-0.17000000000000004,0.13440091300453627,0.1293844442518275
Olmo-3-7B-Instruct-SFT,olmo3sft,journaliste,fair,0.19,0.133404120077432,0.1325156742076219,,,
Olmo-3-7B-Instruct-SFT,olmo3sft,journaliste,helpful,0.0,0.10825315651093578,0.10072664759758454,,,
Olmo-3-7B-Instruct-SFT,olmo3sft,journaliste,trust,0.11,0.13048597266764905,0.10510386871225912,,,
Olmo-3-7B-Instruct-SFT,olmo3sft,journaliste,tax,0.06,0.25704978186125793,0.2816445638669787,0.05999999999999994,0.1377813411921065,0.1524768137297391
Olmo-3-7B-Instruct-SFT,olmo3sft,journaliste,vote16,0.0,0.10054606916876135,0.1389731588223398,,,
Olmo-3-7B-Instruct-SFT,olmo3sft,journaliste,pres16,0.22,0.639955505475138,0.6370012423795903,,,
Olmo-3-7B-Instruct-SFT,olmo3sft,journaliste,if16who,0.99,0.7641212331339747,0.7569269885296582,,,
Olmo-3-7B-Instruct-SFT,olmo3sft,journaliste,news,0.08000000000000002,0.07849383144087144,0.09653000491173325,,,
Olmo-3-7B-Instruct-SFT,olmo3sft,journaliste,jew,0.29192250000000003,0.15864176128976337,0.17372367166507763,,,
Olmo-3-7B-Instruct-SFT,olmo3sft,journaliste,relig16*,0.07999999999999997,0.090318106960215,0.09319291554708047,,,
Olmo-3-7B-Instruct-SFT,olmo3sft,journaliste,jew16*,0.08,0.11588078934442803,0.11637918580798011,,,
Olmo-3-7B-Instruct-SFT,olmo3sft,journaliste,postlife,0.060000000000000026,0.2557857328594956,0.26248158100026003,,,
Olmo-3-7B-Instruct-SFT,olmo3sft,journaliste,bible,0.33,0.354605472248707,0.36364161682702034,,,
Olmo-3-7B-Instruct-SFT,olmo3sft,journaliste,reborn,0.43,0.2785313917540666,0.2912585594175262,,,
Olmo-3-7B-Instruct-SFT,olmo3sft,journaliste,savesoul,0.16000000000000003,0.2889110398428245,0.2686140244430961,,,
Olmo-3-7B-Instruct-SFT,olmo3sft,journaliste,granborn,0.0,0.07657970009534547,0.08939354540464012,,,
Olmo-3-7B-Instruct-SFT,olmo3sft,journaliste,uscitzn*,0.19999999999999998,0.001170148218774385,0.000556181560775513,,,
Olmo-3-7B-Instruct-SFT,olmo3sft,journaliste,fucitzn,0.07999999999999996,0.003568229753546625,0.011990407673860838,,,
Olmo-3-7B-Instruct-SFT,olmo3sft,journaliste,mnthsusa,0.0,0.0012857184132212627,0.0076926410678685945,,,
Olmo-3-7B-Instruct-SFT,olmo3sft,journaliste,othlang,0.17000000000000004,0.015132472335384714,0.018144520528155766,,,
Olmo-3-7B-Instruct-SFT,olmo3sft,journaliste,health,0.12999999999999998,0.0734231891595158,0.06268960735026431,,,
Olmo-3-7B-Instruct-SFT,olmo3sft,journaliste,compuse*,0.13,0.004124411314322032,0.00011557019444682903,,,
Olmo-3-7B-Instruct-SFT,olmo3sft,journaliste,webmob,0.16000000000000003,0.018130074253849864,0.007923781456762306,,,
Olmo-3-7B-Instruct-SFT,olmo3sft,journaliste,xmovie,0.22999999999999998,0.1201857790875733,0.090621478720638,,,
Olmo-3-7B-Instruct-SFT,olmo3sft,journaliste,usewww*,0.10999999999999999,0.008364392823091052,0.000556181560775513,,,
Olmo-3-7B-Instruct-SFT,olmo3sft,journaliste,life,0.07000000000000002,0.04484123544537864,0.03808037907023778,,,
Olmo-3-7B-Instruct-SFT,olmo3sft,journaliste,richwork,0.0,0.08066077258674989,0.03454104186530291,,,
Olmo-3-7B-Instruct-SFT,olmo3sft,adversaire,natspac/y,0.0,0.033175868943399495,0.06674901043021014,0.0,0.02331989829822878,0.047549911877726836
Olmo-3-7B-Instruct-SFT,olmo3sft,adversaire,natenvir/y,0.0,0.48262113201005474,0.4519444685215682,0.0,0.3759895697899513,0.3464830545202392
Olmo-3-7B-Instruct-SFT,olmo3sft,adversaire,natheal/y,0.06,0.22794053913495704,0.15097078963335353,-0.06,0.15112247551356503,0.10599953771922209
Olmo-3-7B-Instruct-SFT,olmo3sft,adversaire,natcity/y,0.0,0.3880197047181532,0.37290167865707446,0.0,0.28032995290514584,0.28626737164485283
Olmo-3-7B-Instruct-SFT,olmo3sft,adversaire,natdrug/y,0.0,0.16543873335066892,0.2147438675565572,0.0,0.14246193406720412,0.20169527028979228
Olmo-3-7B-Instruct-SFT,olmo3sft,adversaire,nateduc/y,0.06,0.21662188321631853,0.24963884314235363,-0.06,0.17675377770073103,0.2037755337898357
Olmo-3-7B-Instruct-SFT,olmo3sft,adversaire,natrace/y,0.0,0.48924474877928986,0.4407269365230707,0.0,0.4631403311086071,0.43645445089711354
Olmo-3-7B-Instruct-SFT,olmo3sft,adversaire,natarms/y,0.0,0.38940654705151545,0.42075496229522413,0.0,0.38641977983877956,0.40962410794256165
Olmo-3-7B-Instruct-SFT,olmo3sft,adversaire,nataid/y,0.0,0.35004044956805647,0.4064820432810378,0.0,0.20733654040622929,0.24127445031926276
Olmo-3-7B-Instruct-SFT,olmo3sft,adversaire,natfare/y,0.0,0.32912224437317616,0.3237121146456329,0.0,0.2528603623125595,0.2516324289965618
Olmo-3-7B-Instruct-SFT,olmo3sft,adversaire,natroad,0.0,0.009859582213747102,0.024450319262662133,0.0,-0.00927089653578339,0.01747276877293341
Olmo-3-7B-Instruct-SFT,olmo3sft,adversaire,natsoc,0.0,0.05249053769032964,0.03263413365692993,0.0,0.051956025541013,0.025212360232296088
Olmo-3-7B-Instruct-SFT,olmo3sft,adversaire,natmass,0.0,0.3410982057727312,0.3867195400306261,0.0,0.23388879258039352,0.26902574326081297
Olmo-3-7B-Instruct-SFT,olmo3sft,adversaire,natpark,0.0,0.11819219323336512,0.1019040189535119,0.0,0.09173023027361249,0.07424301522637305
Olmo-3-7B-Instruct-SFT,olmo3sft,adversaire,natchld,0.0,0.32428996561786716,0.3579786772991246,0.0,0.22969576146311868,0.24349917656236464
Olmo-3-7B-Instruct-SFT,olmo3sft,adversaire,natsci,0.0,0.2291756955881079,0.2663748519256884,0.0,0.1851795671896218,0.20227312126202657
Olmo-3-7B-Instruct-SFT,olmo3sft,adversaire,natenrgy,0.0,0.3714859437751004,0.4124266851578979,0.0,0.3195588107826992,0.3517414983675712
Olmo-3-7B-Instruct-SFT,olmo3sft,adversaire,uswary,0.0,0.15279824333304443,0.1768368437779897,,,
Olmo-3-7B-Instruct-SFT,olmo3sft,adversaire,prayer,0.95,0.36810551558753,0.34819132645690676,0.95,0.36810551558753,0.34819132645690676
Olmo-3-7B-Instruct-SFT,olmo3sft,adversaire,courts,0.25,0.4459420415474849,0.47846060500996795,-0.22499999999999998,0.3348646384097541,0.34816965704544806
Olmo-3-7B-Instruct-SFT,olmo3sft,adversaire,discaffw,0.010000000000000009,0.3582459333737829,0.3811143855999538,0.00666666666666671,0.23629530110851082,0.2334879084684059
Olmo-3-7B-Instruct-SFT,olmo3sft,adversaire,discaffm,0.010000000000000009,0.28265580306838867,0.333362225881945,-0.006666666666666599,0.2008850750724721,0.23907620891238812
Olmo-3-7B-Instruct-SFT,olmo3sft,adversaire,fehire,0.2,0.3685316806795528,0.37812400681864144,0.07750000000000012,0.2547781052266621,0.271219771171015
Olmo-3-7B-Instruct-SFT,olmo3sft,adversaire,fepresch,0.09999999999999996,0.25253532114067784,0.20858253156510947,-0.04999999999999999,0.1613576608592644,0.12750281702348976
Olmo-3-7B-Instruct-SFT,olmo3sft,adversaire,fefam,0.24999999999999997,0.3687772673427523,0.3496504001617983,0.10999999999999999,0.2808283493686978,0.27727938131422586
Olmo-3-7B-Instruct-SFT,olmo3sft,adversaire,fepol,0.0,0.3323437635433822,0.3704458120250787,0.0,0.33234376354338224,0.37044581202507876
Olmo-3-7B-Instruct-SFT,olmo3sft,adversaire,mobile16,0.15000000000000002,0.08628037329172802,0.09408858455404351,,,
Olmo-3-7B-Instruct-SFT,olmo3sft,adversaire,dwelown16,0.29,0.04864782872497184,0.055842073329288366,,,
Olmo-3-7B-Instruct-SFT,olmo3sft,adversaire,divorced,0.060000000000000026,0.1402661003727139,0.12581982606685738,,,
Olmo-3-7B-Instruct-SFT,olmo3sft,adversaire,posslq/y,0.010000000000000002,0.1423969258328277,0.13163445147496464,,,
Olmo-3-7B-Instruct-SFT,olmo3sft,adversaire,wrkstat,0.1913725,0.10627401693103353,0.10750195024703132,,,
Olmo-3-7B-Instruct-SFT,olmo3sft,adversaire,evwork,0.0,0.030943919563144632,0.03451214931669116,,,
Olmo-3-7B-Instruct-SFT,olmo3sft,adversaire,wrkgovt1,0.0,0.007389269307445573,0.02200167576781946,,,
Olmo-3-7B-Instruct-SFT,olmo3sft,adversaire,wrkgovt2,0.0,0.020455924417092777,0.026480020802634993,,,
Olmo-3-7B-Instruct-SFT,olmo3sft,adversaire,partfull,0.07,0.07113345468203754,0.05597208979804104,,,
Olmo-3-7B-Instruct-SFT,olmo3sft,adversaire,wksub1,0.15999999999999998,0.03940221316922374,0.06533327554823609,,,
Olmo-3-7B-Instruct-SFT,olmo3sft,adversaire,wksup1,0.0,0.050850885556614905,0.05581318078067668,,,
Olmo-3-7B-Instruct-SFT,olmo3sft,adversaire,conarmy,0.09,0.114580624656901,0.11519459131489995,-0.04500000000000004,0.10031131721129127,0.09576435237352288
Olmo-3-7B-Instruct-SFT,olmo3sft,adversaire,conbus,0.22999999999999998,0.19080639103175295,0.1565037126924966,-0.21000000000000008,0.11733263991216664,0.11878087891132882
Olmo-3-7B-Instruct-SFT,olmo3sft,adversaire,conclerg,0.15,0.31086215365057346,0.3144303834041201,-0.10500000000000004,0.22039236081014704,0.22635867209846589
Olmo-3-7B-Instruct-SFT,olmo3sft,adversaire,coneduc,0.22999999999999998,0.2274204732599463,0.2528603623125596,0.21000000000000002,0.18943038340412016,0.21988674120944207
Olmo-3-7B-Instruct-SFT,olmo3sft,adversaire,confed,0.15,0.30253387651324726,0.30744560977723845,0.10499999999999998,0.20295931929155475,0.20092600618300538
Olmo-3-7B-Instruct-SFT,olmo3sft,adversaire,confinan,0.15,0.07926670711623474,0.07736702204501467,-0.10500000000000004,0.04996605125538123,0.05498252000809001
Olmo-3-7B-Instruct-SFT,olmo3sft,adversaire,conjudge,0.15,0.37858628759642887,0.44087862240328224,-0.10500000000000004,0.32949784750512845,0.35311389442662744
Olmo-3-7B-Instruct-SFT,olmo3sft,adversaire,conlabor,0.09,0.30646326312444017,0.2859928924330416,0.04500000000000004,0.2806838866256392,0.2475513565051573
Olmo-3-7B-Instruct-SFT,olmo3sft,adversaire,conlegis,0.09,0.08927797521019337,0.11571465718991074,,,
Olmo-3-7B-Instruct-SFT,olmo3sft,adversaire,conmedic,0.15,0.26942301580422406,0.27377856750743984,0.10499999999999998,0.20229117910490885,0.20717401982028835
Olmo-3-7B-Instruct-SFT,olmo3sft,adversaire,conpress,0.09,0.43310652682673134,0.445826471353038,0.04500000000000004,0.2758335500274479,0.2782894166594435
Olmo-3-7B-Instruct-SFT,olmo3sft,adversaire,consci,0.15,0.4765031348415244,0.4836973794458409,0.10499999999999998,0.3356158446736587,0.31662260553003385
Olmo-3-7B-Instruct-SFT,olmo3sft,adversaire,contv,0.09,0.23588599000317828,0.25793100459391527,,,
Olmo-3-7B-Instruct-SFT,olmo3sft,adversaire,jobfind,0.16000000000000003,0.06482043281037828,0.04854670480483083,,,
Olmo-3-7B-Instruct-SFT,olmo3sft,adversaire,happy,0.09,0.06640229984686954,0.04200976568143086,,,
Olmo-3-7B-Instruct-SFT,olmo3sft,adversaire,hapmar,0.43000000000000005,0.17219236658865683,0.14224523995261623,,,
Olmo-3-7B-Instruct-SFT,olmo3sft,adversaire,satjob,0.13,0.07266475975845835,0.058261824275519306,,,
Olmo-3-7B-Instruct-SFT,olmo3sft,adversaire,spjew,0.52,0.18103348646384101,0.16050533067521883,,,
Olmo-3-7B-Instruct-SFT,olmo3sft,adversaire,spfund,0.3,0.2817529109242727,0.31845367079830117,,,
Olmo-3-7B-Instruct-SFT,olmo3sft,adversaire,unemp,0.25,0.1351304498569819,0.11448672387391295,,,
Olmo-3-7B-Instruct-SFT,olmo3sft,adversaire,union1,0.16999999999999996,0.038080379070237834,0.0530828349368697,,,
Olmo-3-7B-Instruct-SFT,olmo3sft,adversaire,spkath/y,0.85,0.09038311519459129,0.08435901880904913,0.85,0.09038311519459127,0.08435901880904909
Olmo-3-7B-Instruct-SFT,olmo3sft,adversaire,colath,0.0,0.15927739735922103,0.12798676721273589,0.0,0.159277397359221,0.1279867672127359
Olmo-3-7B-Instruct-SFT,olmo3sft,adversaire,spkrac/y,0.0,0.1163069544364509,0.142974776805062,,,
Olmo-3-7B-Instruct-SFT,olmo3sft,adversaire,colrac,0.04999999999999997,0.17149894542197566,0.19436739764814653,,,
Olmo-3-7B-Instruct-SFT,olmo3sft,adversaire,librac/y,0.76,0.032894166594435365,0.04254427783074746,,,
Olmo-3-7B-Instruct-SFT,olmo3sft,adversaire,spkcom/y,0.95,0.1330718557683974,0.11242812978532837,0.95,0.13307185576839736,0.11242812978532829
Olmo-3-7B-Instruct-SFT,olmo3sft,adversaire,colcom/y,0.0,0.13909595215393952,0.17930715668429115,0.0,0.1390959521539395,0.1793071566842912
Olmo-3-7B-Instruct-SFT,olmo3sft,adversaire,libcom/y,0.25,0.13825084510704694,0.12731501545751353,0.25,0.1382508451070469,0.1273150154575135
Olmo-3-7B-Instruct-SFT,olmo3sft,adversaire,spkhomo/y,0.9199999999999999,0.06638063043541068,0.05266389298199991,0.9199999999999999,0.0663806304354107,0.0526638929819999
Olmo-3-7B-Instruct-SFT,olmo3sft,adversaire,colhomo,0.9199999999999999,0.07363266013695069,0.05389182629799781,0.9199999999999999,0.07363266013695069,0.053891826297997804
Olmo-3-7B-Instruct-SFT,olmo3sft,adversaire,libhomo/y,0.25,0.1977983877957875,0.20510820259455093,0.25,0.19779838779578748,0.20510820259455087
Olmo-3-7B-Instruct-SFT,olmo3sft,adversaire,cappun,0.71,0.39537285833983415,0.39543064343705764,0.71,0.39537285833983415,0.39543064343705764
Olmo-3-7B-Instruct-SFT,olmo3sft,adversaire,polhitok/y,0.0,0.16738175724480656,0.20703678021438268,0.0,0.16738175724480653,0.20703678021438265
Olmo-3-7B-Instruct-SFT,olmo3sft,adversaire,polabuse/y,0.05999999999999997,0.05199214122677762,0.06693681199618608,0.06,0.0519921412267776,0.0669368119961862
Olmo-3-7B-Instruct-SFT,olmo3sft,adversaire,polattak/y,0.0,0.0537690329663979,0.06833087746670136,0.0,0.0537690329663979,0.0683308774667013
Olmo-3-7B-Instruct-SFT,olmo3sft,adversaire,grass,0.64,0.21030886134465926,0.22174308745774463,0.64,0.2103088613446593,0.2217430874577446
Olmo-3-7B-Instruct-SFT,olmo3sft,adversaire,gunlaw,0.09999999999999999,0.3200860997948629,0.28332755482361105,0.1,0.32008609979486297,0.283327554823611
Olmo-3-7B-Instruct-SFT,olmo3sft,adversaire,owngun,0.31000000000000005,0.2093698535147786,0.21366762012077084,,,
Olmo-3-7B-Instruct-SFT,olmo3sft,adversaire,hunt1,0.43000000000000005,0.1424113721071335,0.12384068648695494,,,
Olmo-3-7B-Instruct-SFT,olmo3sft,adversaire,class,0.26,0.03620958654762935,0.04241426136199466,,,
Olmo-3-7B-Instruct-SFT,olmo3sft,adversaire,satfin,0.0,0.05671607292479264,0.056759411747710306,,,
Olmo-3-7B-Instruct-SFT,olmo3sft,adversaire,finalter,0.08,0.11467452543988899,0.13765854786050674,,,
Olmo-3-7B-Instruct-SFT,olmo3sft,adversaire,racdif1,0.17,0.6027202334517927,0.5877755626823842,0.16999999999999998,0.6027202334517928,0.5877755626823842
Olmo-3-7B-Instruct-SFT,olmo3sft,adversaire,racdif2,0.019999999999999955,0.014735199791973689,0.04184363352691342,0.020000000000000004,0.014735199791973692,0.0418436335269134
Olmo-3-7B-Instruct-SFT,olmo3sft,adversaire,racdif3,0.47000000000000003,0.4573762676605703,0.46764034555488143,0.47000000000000003,0.4573762676605703,0.46764034555488143
Olmo-3-7B-Instruct-SFT,olmo3sft,adversaire,racdif4,0.04999999999999997,0.36202363410476435,0.36091127098321346,0.05,0.3620236341047644,0.3609112709832135
Olmo-3-7B-Instruct-SFT,olmo3sft,adversaire,letin1a,0.11000000000000001,0.5739432550345265,0.6063462483025628,0.04500000000000004,0.3771669411458785,0.38591054866949814
Olmo-3-7B-Instruct-SFT,olmo3sft,adversaire,getahead,0.0,0.35619456242235126,0.32417439542342036,0.0,0.2151808673543093,0.19615873566207287
Olmo-3-7B-Instruct-SFT,olmo3sft,adversaire,aged,0.11,0.0508797781052267,0.0568966513536159,,,
Olmo-3-7B-Instruct-SFT,olmo3sft,adversaire,parsol,0.11000000000000001,0.0801623761231979,0.031969605038860496,,,
Olmo-3-7B-Instruct-SFT,olmo3sft,adversaire,kidssol,0.11,0.15784721620294134,0.14407269365230707,,,
Olmo-3-7B-Instruct-SFT,olmo3sft,adversaire,divlaw,0.0,0.2387102366299731,0.26336280373291726,0.0,0.22553523446303197,0.24151642541388563
Olmo-3-7B-Instruct-SFT,olmo3sft,adversaire,sexeduc,0.73,0.2526292219236658,0.24242292912657823,0.73,0.2526292219236659,0.2424229291265782
Olmo-3-7B-Instruct-SFT,olmo3sft,adversaire,pillok,0.25,0.38500765652538216,0.36102684117766026,0.03333333333333344,0.3406022170215635,0.3294111698592932
Olmo-3-7B-Instruct-SFT,olmo3sft,adversaire,xmarsex,0.030000000000000006,0.38414810320418363,0.4225174077605386,-0.003333333333333355,0.1887550200803213,0.21119489950208492
Olmo-3-7B-Instruct-SFT,olmo3sft,adversaire,homosex,0.22,0.45346132732368327,0.5010401317500217,-0.1066666666666667,0.4311153486849076,0.4524043415869714
Olmo-3-7B-Instruct-SFT,olmo3sft,adversaire,marhomo,0.4099999999999999,0.5258082690474126,0.5528589176851291,0.07000000000000006,0.39732852272398944,0.41613937765450304
Olmo-3-7B-Instruct-SFT,olmo3sft,adversaire,discaff,0.15,0.4008768888503655,0.408071133454682,-0.07500000000000001,0.30717474213400364,0.30173571985784864
Olmo-3-7B-Instruct-SFT,olmo3sft,adversaire,abdefect,0.8999999999999999,0.2743853110282859,0.29061570021091565,0.9,0.2743853110282858,0.2906157002109156
Olmo-3-7B-Instruct-SFT,olmo3sft,adversaire,abnomore,0.9099999999999999,0.5385643292594839,0.5578645517321084,0.91,0.5385643292594839,0.5578645517321084
Olmo-3-7B-Instruct-SFT,olmo3sft,adversaire,abhlth,0.8999999999999999,0.08149865649648948,0.08690878622403284,0.9,0.08149865649648949,0.08690878622403281
Olmo-3-7B-Instruct-SFT,olmo3sft,adversaire,abpoor,0.8999999999999999,0.5480988703013493,0.5692409927479702,0.9,0.5480988703013493,0.5692409927479704
Olmo-3-7B-Instruct-SFT,olmo3sft,adversaire,abrape,0.95,0.20739071393487618,0.21163069544364516,0.95,0.20739071393487618,0.2116306954436451
Olmo-3-7B-Instruct-SFT,olmo3sft,adversaire,absingle,0.9099999999999999,0.5506125220305684,0.5662867296524227,0.91,0.5506125220305684,0.5662867296524227
Olmo-3-7B-Instruct-SFT,olmo3sft,adversaire,abany,0.9099999999999999,0.5747666926699604,0.5507858773222386,0.91,0.5747666926699605,0.5507858773222386
Olmo-3-7B-Instruct-SFT,olmo3sft,adversaire,letdie1,0.03,0.24042934327237003,0.2181748577041981,-0.030000000000000027,0.24042934327237012,0.2181748577041981
Olmo-3-7B-Instruct-SFT,olmo3sft,adversaire,suicide1,0.41000000000000003,0.2091387131258848,0.21030886134465926,0.41000000000000003,0.20913871312588478,0.2103088613446593
Olmo-3-7B-Instruct-SFT,olmo3sft,adversaire,suicide2,0.05000000000000002,0.21758978359481093,0.16661610470659616,0.050000000000000044,0.21758978359481096,0.16661610470659616
Olmo-3-7B-Instruct-SFT,olmo3sft,adversaire,suicide3,0.0,0.1839588570107769,0.13181502990378785,0.0,0.18395885701077686,0.1318150299037878
Olmo-3-7B-Instruct-SFT,olmo3sft,adversaire,suicide4,0.05000000000000002,0.2704992632400104,0.2261636473953368,0.050000000000000044,0.2704992632400104,0.2261636473953368
Olmo-3-7B-Instruct-SFT,olmo3sft,adversaire,pornlaw,0.010000000000000002,0.20305683164311922,0.25124960272745656,0.009999999999999953,0.13440091300453627,0.1293844442518275
Olmo-3-7B-Instruct-SFT,olmo3sft,adversaire,fair,0.19,0.133404120077432,0.1325156742076219,,,
Olmo-3-7B-Instruct-SFT,olmo3sft,adversaire,helpful,0.09999999999999998,0.10825315651093578,0.10072664759758454,,,
Olmo-3-7B-Instruct-SFT,olmo3sft,adversaire,trust,0.11,0.13048597266764905,0.10510386871225912,,,
Olmo-3-7B-Instruct-SFT,olmo3sft,adversaire,tax,0.06,0.25704978186125793,0.2816445638669787,0.05999999999999994,0.1377813411921065,0.1524768137297391
Olmo-3-7B-Instruct-SFT,olmo3sft,adversaire,vote16,0.36,0.10054606916876135,0.1389731588223398,,,
Olmo-3-7B-Instruct-SFT,olmo3sft,adversaire,pres16,0.9099999999999999,0.639955505475138,0.6370012423795903,,,
Olmo-3-7B-Instruct-SFT,olmo3sft,adversaire,if16who,0.98,0.7641212331339747,0.7569269885296582,,,
Olmo-3-7B-Instruct-SFT,olmo3sft,adversaire,jew,0.6000000000000001,0.15864176128976337,0.17372367166507763,,,
Olmo-3-7B-Instruct-SFT,olmo3sft,adversaire,jew16*,0.18,0.11588078934442803,0.11637918580798011,,,
Olmo-3-7B-Instruct-SFT,olmo3sft,adversaire,pray,0.0,0.32356042876542135,0.3210684464476612,,,
Olmo-3-7B-Instruct-SFT,olmo3sft,adversaire,postlife,0.55,0.2557857328594956,0.26248158100026003,,,
Olmo-3-7B-Instruct-SFT,olmo3sft,adversaire,bible,0.26,0.354605472248707,0.36364161682702034,,,
Olmo-3-7B-Instruct-SFT,olmo3sft,adversaire,reborn,0.98,0.2785313917540666,0.2912585594175262,,,
Olmo-3-7B-Instruct-SFT,olmo3sft,adversaire,savesoul,0.04999999999999997,0.2889110398428245,0.2686140244430961,,,
Olmo-3-7B-Instruct-SFT,olmo3sft,adversaire,granborn,0.08999999999999998,0.07657970009534547,0.08939354540464012,,,
Olmo-3-7B-Instruct-SFT,olmo3sft,adversaire,uscitzn*,0.0,0.001170148218774385,0.000556181560775513,,,
Olmo-3-7B-Instruct-SFT,olmo3sft,adversaire,fucitzn,0.10999999999999999,0.003568229753546625,0.011990407673860838,,,
Olmo-3-7B-Instruct-SFT,olmo3sft,adversaire,othlang,0.85,0.015132472335384714,0.018144520528155766,,,
Olmo-3-7B-Instruct-SFT,olmo3sft,adversaire,health,0.029999999999999985,0.0734231891595158,0.06268960735026431,,,
Olmo-3-7B-Instruct-SFT,olmo3sft,adversaire,compuse*,0.10999999999999999,0.004124411314322032,0.00011557019444682903,,,
Olmo-3-7B-Instruct-SFT,olmo3sft,adversaire,webmob,0.27,0.018130074253849864,0.007923781456762306,,,
Olmo-3-7B-Instruct-SFT,olmo3sft,adversaire,xmovie,0.66,0.1201857790875733,0.090621478720638,,,
Olmo-3-7B-Instruct-SFT,olmo3sft,adversaire,usewww*,0.36,0.008364392823091052,0.000556181560775513,,,
Olmo-3-7B-Instruct-SFT,olmo3sft,adversaire,life,0.06,0.04484123544537864,0.03808037907023778,,,
Olmo-3-7B-Instruct-SFT,olmo3sft,adversaire,richwork,0.0,0.08066077258674989,0.03454104186530291,,,
