modele,cle_modele,camp,identite,item,famille,n_modalites,rejet,n_tentatives,motif_rejet,gs_decrit,gs_reel_w1,gs_reel_w1_sans_biais,gs_reel_w2,tv_decrit_reel,tv_plancher_w1_w2,pos_decrit,pos_reel_w1,pos_reel_w2
Qwen3-4B-Instruct-2507,q4,gauche,journaliste,natspac/y,depenses publiques (nat*),3,False,1,,0.635,0.6044085594833486,0.6058614646744144,0.607099931565539,0.24376498800959237,0.035971223021582774,0.375,0.5263788968824941,0.4916067146282973
Qwen3-4B-Instruct-2507,q4,gauche,journaliste,natenvir/y,depenses publiques (nat*),3,False,1,,0.615,0.25063114975645384,0.25123362848182995,0.2632368925003883,0.4061151079136691,0.014388489208633098,0.35,0.080335731414868,0.08273381294964025
Qwen3-4B-Instruct-2507,q4,gauche,journaliste,natheal/y,depenses publiques (nat*),3,False,1,,0.635,0.29687904352776784,0.29759269507470965,0.3342362081557775,0.4773381294964029,0.03357314148681051,0.42500000000000004,0.10791366906474811,0.1199040767386091
Qwen3-4B-Instruct-2507,q4,gauche,journaliste,natcity/y,depenses publiques (nat*),3,False,1,,0.62,0.5771497909586001,0.578537170263789,0.5785299817699796,0.06091127098321346,0.0239808153477218,0.45,0.41846522781774576,0.4004796163069544
Qwen3-4B-Instruct-2507,q4,gauche,journaliste,natdrug/y,depenses publiques (nat*),3,False,1,,0.635,0.46583740202082935,0.46695720346799485,0.43844061441494286,0.22146282973621106,0.02398081534772179,0.375,0.18585131894484405,0.1642685851318944
Qwen3-4B-Instruct-2507,q4,gauche,journaliste,nateduc/y,depenses publiques (nat*),3,False,1,,0.635,0.32864643536968974,0.32943645083932843,0.2941416650851981,0.45095923261390897,0.023980815347721802,0.42500000000000004,0.11390887290167856,0.0959232613908872
Qwen3-4B-Instruct-2507,q4,gauche,journaliste,natrace/y,depenses publiques (nat*),3,False,1,,0.635,0.5171920017942481,0.5184352517985612,0.5371702637889688,0.15671462829736213,0.0647482014388489,0.375,0.22661870503597115,0.2517985611510791
Qwen3-4B-Instruct-2507,q4,gauche,journaliste,natarms/y,depenses publiques (nat*),3,False,1,,0.635,0.5347549298690544,0.5360403984504705,0.5367102001851757,0.3731414868105516,0.004796163069544307,0.575,0.24460431654676257,0.24700239808153468
Qwen3-4B-Instruct-2507,q4,gauche,journaliste,nataid/y,depenses publiques (nat*),3,False,1,,0.635,0.5713529895508054,0.5727264342372257,0.5781849340671349,0.30839328537170263,0.038369304556354886,0.42500000000000004,0.7098321342925659,0.6894484412470023
Qwen3-4B-Instruct-2507,q4,gauche,journaliste,natfare/y,depenses publiques (nat*),3,False,1,,0.635,0.28507841209047136,0.28576369673491964,0.2848943866489543,0.4821342925659473,0.014388489208633146,0.42500000000000004,0.09352517985611505,0.0887290167865707
Qwen3-4B-Instruct-2507,q4,gauche,journaliste,natroad,depenses publiques (nat*),3,False,1,,0.635,0.5531344708405938,0.5544641210108837,0.5364341620228997,0.201558752997602,0.026378896882494,0.42500000000000004,0.26378896882493996,0.250599520383693
Qwen3-4B-Instruct-2507,q4,gauche,journaliste,natsoc,depenses publiques (nat*),3,False,1,,0.635,0.4252597921662671,0.42628205128205143,0.4454220796025051,0.35503597122302166,0.02158273381294968,0.42500000000000004,0.15587529976019174,0.1690647482014388
Qwen3-4B-Instruct-2507,q4,gauche,journaliste,natmass,depenses publiques (nat*),3,False,1,,0.635,0.5075306661145904,0.508750691754289,0.483929403239998,0.16402877697841728,0.03357314148681058,0.375,0.21942446043165464,0.197841726618705
Qwen3-4B-Instruct-2507,q4,gauche,journaliste,natpark,depenses publiques (nat*),3,False,1,,0.635,0.5074501549839265,0.5086699870872533,0.5071741168216506,0.2567146282973622,0.004796163069544328,0.375,0.34652278177458024,0.3429256594724221
Qwen3-4B-Instruct-2507,q4,gauche,journaliste,natchld,depenses publiques (nat*),3,False,1,,0.615,0.42917033279850936,0.43020199225235195,0.4148853579007298,0.25983213429256596,0.01199040767386087,0.35,0.16187050359712227,0.15107913669064743
Qwen3-4B-Instruct-2507,q4,gauche,journaliste,natsci,depenses publiques (nat*),3,False,1,,0.615,0.5405057249164698,0.5418050175244421,0.5424494936424963,0.10839328537170263,0.031175059952038342,0.35,0.2997601918465227,0.2841726618705035
Qwen3-4B-Instruct-2507,q4,gauche,journaliste,natenrgy,depenses publiques (nat*),3,False,1,,0.5049999999999999,0.46457222711039803,0.46568898727172114,0.45307063701556727,0.06642685851318945,0.014388489208633108,0.225,0.1834532374100719,0.17386091127098313
Qwen3-4B-Instruct-2507,q4,gauche,journaliste,uswary,hors famille,2,False,1,,0.2550000000000001,0.4960635807900442,0.49725604132078954,0.49364824687012987,0.30563549160671466,0.011990407673860948,,,
Qwen3-4B-Instruct-2507,q4,gauche,journaliste,prayer,hors famille,2,False,1,,0.34319999999999995,0.2289966587880774,0.22954713152554876,0.21830017999988494,0.08810551558752999,0.0071942446043165575,0.22,0.13189448441247,0.1247002398081534
Qwen3-4B-Instruct-2507,q4,gauche,journaliste,courts,hors famille,3,False,1,,0.645,0.6589260965328456,0.660510053495665,0.6528187521924906,0.04712230215827337,0.026378896882494007,0.475,0.4844124700239808,0.4952038369304556
Qwen3-4B-Instruct-2507,q4,gauche,journaliste,discaffw,hors famille,4,False,1,,0.725,0.6315293089269591,0.6330474082272644,0.6248123803115782,0.28896882494004794,0.01199040767386092,0.5166666666666666,0.3229416466826538,0.32374100719424453
Qwen3-4B-Instruct-2507,q4,gauche,journaliste,discaffm,hors famille,4,False,1,,0.725,0.619728677489663,0.6212184098874748,0.630528670588709,0.34892086330935246,0.028776978417266154,0.4833333333333333,0.2669864108713029,0.2749800159872102
Qwen3-4B-Instruct-2507,q4,gauche,journaliste,fehire,roles de genre (fe*),5,False,1,,0.735,0.7051509871239698,0.7068460616122487,0.7098896422430401,0.2516786570743405,0.028776978417266112,0.4375,0.303956834532374,0.3093525179856114
Qwen3-4B-Instruct-2507,q4,gauche,journaliste,fechld,roles de genre (fe*),4,False,1,,0.3665999999999999,0.5827510653347825,0.5841519092418374,0.5771957973189794,0.3327817745803358,0.06474820143884899,0.10666666666666666,0.21103117505995198,0.1966426858513188
Qwen3-4B-Instruct-2507,q4,gauche,journaliste,fepresch,roles de genre (fe*),4,False,1,,0.705,0.6095727734359275,0.6110380926028409,0.6034539275054777,0.19892086330935252,0.04076738609112715,0.4000000000000001,0.27338129496402874,0.2901678657074339
Qwen3-4B-Instruct-2507,q4,gauche,journaliste,fefam,roles de genre (fe*),4,False,1,,0.625,0.6144954539965152,0.6159726065301607,0.6304711626382349,0.3272182254196643,0.03357314148681059,0.41666666666666674,0.23021582733812943,0.24380495603517177
Qwen3-4B-Instruct-2507,q4,gauche,journaliste,fepol,roles de genre (fe*),2,False,1,,0.2550000000000001,0.1577558097406967,0.15813503043718877,0.20739667258998562,0.06366906474820147,0.031175059952038398,0.15,0.0863309352517985,0.1175059952038369
Qwen3-4B-Instruct-2507,q4,gauche,journaliste,mobile16,hors famille,3,False,1,,0.36419999999999997,0.6567868007752073,0.6583656152001478,0.657752934343173,0.3675299760191847,0.011990407673860864,,,
Qwen3-4B-Instruct-2507,q4,gauche,journaliste,incom16,hors famille,5,False,1,,0.775,0.6773861486350489,0.679014480723114,0.6826768800786709,0.18285371702637893,0.02637889688249405,,,
Qwen3-4B-Instruct-2507,q4,gauche,journaliste,dwelown16,hors famille,3,False,1,,0.5049999999999999,0.43057352679007876,0.43160855930640113,0.44925210910408364,0.08081534772182254,0.01678657074340524,,,
Qwen3-4B-Instruct-2507,q4,gauche,journaliste,divorced,hors famille,2,False,1,,0.4949999999999999,0.3544330003623002,0.3552850027670173,0.35700935654354216,0.21978417266187047,0.0023980815347721257,,,
Qwen3-4B-Instruct-2507,q4,gauche,journaliste,posslq/y,hors famille,4,False,1,,0.6849999999999999,0.6648609170217783,0.6664591403800038,0.6564072483020779,0.3652278177458034,0.019184652278177464,,,
Qwen3-4B-Instruct-2507,q4,gauche,journaliste,wrkstat,hors famille,8,False,2,,0.8520634920634921,0.7952084375664936,0.7971199963106439,0.7777490238025409,0.22521411442274747,0.057553956834532315,,,
Qwen3-4B-Instruct-2507,q4,gauche,journaliste,evwork,hors famille,2,False,1,,0.45499999999999996,0.14574814968169347,0.14609850581073602,0.1617123567333183,0.270863309352518,0.009592326139088746,,,
Qwen3-4B-Instruct-2507,q4,gauche,journaliste,wrkgovt1,hors famille,2,False,1,,0.45499999999999996,0.266445836136846,0.2670863309352519,0.3011116286826654,0.19172661870503596,0.02637889688249398,,,
Qwen3-4B-Instruct-2507,q4,gauche,journaliste,wrkgovt2,hors famille,2,False,1,,0.45499999999999996,0.3695460897469076,0.3704344216934146,0.3695460897469076,0.10539568345323737,0.0,,,
Qwen3-4B-Instruct-2507,q4,gauche,journaliste,partfull,hors famille,3,False,1,,0.5049999999999999,0.6413976732283239,0.6429394945581997,0.6281248382588893,0.202158273381295,0.03117505995203844,,,
Qwen3-4B-Instruct-2507,q4,gauche,journaliste,wksub1,hors famille,3,False,1,,0.5049999999999999,0.6382232343621507,0.6397574248293675,0.6414666827688928,0.27410071942446046,0.016786570743405282,,,
Qwen3-4B-Instruct-2507,q4,gauche,journaliste,wksup1,hors famille,3,False,1,,0.5049999999999999,0.6245248405592073,0.626026102195167,0.6403395269395994,0.47973621103117503,0.03597122302158269,,,
Qwen3-4B-Instruct-2507,q4,gauche,journaliste,conarmy,confiance dans les institutions (con*),3,False,1,,0.635,0.6127932186624802,0.614266279284265,0.6213849064633186,0.10323741007194248,0.016786570743405282,0.625,0.6270983213429255,0.6211031175059952
Qwen3-4B-Instruct-2507,q4,gauche,journaliste,conbus,confiance dans les institutions (con*),3,False,1,,0.635,0.581980458798429,0.5833794502859253,0.5539050773769474,0.34928057553956837,0.03836930455635501,0.625,0.34652278177458024,0.33453237410071934
Qwen3-4B-Instruct-2507,q4,gauche,journaliste,conclerg,confiance dans les institutions (con*),3,False,1,,0.635,0.5201824152189041,0.5214328537170265,0.5075306661145904,0.4211031175059953,0.01438848920863308,0.625,0.2314148681055155,0.2194244604316546
Qwen3-4B-Instruct-2507,q4,gauche,journaliste,coneduc,confiance dans les institutions (con*),3,False,1,,0.635,0.518422671934395,0.5196688802803912,0.5549977284359562,0.2591127098321343,0.04316546762589924,0.375,0.36930455635491605,0.3764988009592326
Qwen3-4B-Instruct-2507,q4,gauche,journaliste,confed,confiance dans les institutions (con*),3,False,1,,0.635,0.589916555963862,0.591334624608006,0.5908481847615433,0.2773381294964029,0.019184652278177505,0.375,0.5515587529976018,0.5671462829736211
Qwen3-4B-Instruct-2507,q4,gauche,journaliste,confinan,confiance dans les institutions (con*),3,False,1,,0.635,0.5961274146150706,0.5975604132078953,0.586259050313706,0.2869304556354916,0.02398081534772184,0.625,0.4304556354916067,0.408872901678657
Qwen3-4B-Instruct-2507,q4,gauche,journaliste,conjudge,confiance dans les institutions (con*),3,False,1,,0.635,0.5352264950629425,0.5365130972145362,0.49493642496075085,0.39004796163069544,0.07434052757793763,0.625,0.2458033573141486,0.20863309352517978
Qwen3-4B-Instruct-2507,q4,gauche,journaliste,conlabor,confiance dans les institutions (con*),3,False,1,,0.635,0.5598053930955955,0.5611510791366907,0.5629108224211997,0.20155875299760198,0.004796163069544376,0.375,0.3669064748201439,0.3669064748201439
Qwen3-4B-Instruct-2507,q4,gauche,journaliste,conlegis,confiance dans les institutions (con*),3,False,1,,0.635,0.5403447026551421,0.5416436081903708,0.5380903909965553,0.4068345323741007,0.014388489208633053,,,
Qwen3-4B-Instruct-2507,q4,gauche,journaliste,conmedic,confiance dans les institutions (con*),3,False,1,,0.635,0.5148341758248078,0.5160717579782329,0.5250475878290173,0.15443645083932855,0.03117505995203836,0.375,0.22541966426858506,0.23860911270983207
Qwen3-4B-Instruct-2507,q4,gauche,journaliste,conpress,confiance dans les institutions (con*),3,False,1,,0.635,0.5499600319744204,0.5512820512820513,0.5556648206614565,0.3013189448441247,0.014388489208633129,0.375,0.5479616306954437,0.5575539568345323
Qwen3-4B-Instruct-2507,q4,gauche,journaliste,consci,confiance dans les institutions (con*),3,False,1,,0.635,0.38800614184911064,0.38893884892086333,0.3802425685351001,0.3005995203836931,0.007194244604316544,0.375,0.1402877697841726,0.13669064748201432
Qwen3-4B-Instruct-2507,q4,gauche,journaliste,contv,confiance dans les institutions (con*),3,False,1,,0.635,0.5456124309185745,0.5469239992621288,0.5260137213969831,0.356474820143885,0.01918465227817747,,,
Qwen3-4B-Instruct-2507,q4,gauche,journaliste,joblose,hors famille,5,False,1,,0.775,0.6475280207488686,0.6490845784910535,0.6898538722978452,0.515347721822542,0.07913669064748197,,,
Qwen3-4B-Instruct-2507,q4,gauche,journaliste,jobfind,hors famille,4,False,1,,0.6499999999999999,0.6994922047973132,0.7011736764434607,0.7035522661007885,0.4163069544364508,0.062350119904076726,,,
Qwen3-4B-Instruct-2507,q4,gauche,journaliste,happy,hors famille,3,False,1,,0.615,0.5672814266572354,0.5686450839328537,0.568661617468615,0.2965227817745804,0.019184652278177478,,,
Qwen3-4B-Instruct-2507,q4,gauche,journaliste,hapmar,hors famille,4,False,1,,0.625,0.5296597254570445,0.5309329459509318,0.5666373376119249,0.5950839328537171,0.04076738609112707,,,
Qwen3-4B-Instruct-2507,q4,gauche,journaliste,satjob,hors famille,5,False,1,,0.7249999999999999,0.7208851623736983,0.7226180593986351,0.7313056029996148,0.3384892086330936,0.023980815347721795,,,
Qwen3-4B-Instruct-2507,q4,gauche,journaliste,spdeg*,hors famille,6,False,1,,0.75,0.6193491250165336,0.6208379450285927,0.6192686138858698,0.557074340527578,0.019184652278177425,,,
Qwen3-4B-Instruct-2507,q4,gauche,journaliste,spjew,hors famille,5,False,1,,0.775,0.3590451379903271,0.35990822726434235,0.3552151084887486,0.7020383693045564,0.011990407673860878,,,
Qwen3-4B-Instruct-2507,q4,gauche,journaliste,spfund,hors famille,4,False,1,,0.7,0.40653520349188277,0.40751245157719984,0.40483296815784775,0.648201438848921,0.009592326139088697,,,
Qwen3-4B-Instruct-2507,q4,gauche,journaliste,unemp,hors famille,2,False,1,,0.21120000000000005,0.4968686920966824,0.4980630879911456,0.4999281150619074,0.340431654676259,0.03357314148681054,,,
Qwen3-4B-Instruct-2507,q4,gauche,journaliste,union1,hors famille,4,False,1,,0.695,0.1864292738471095,0.1868774211400112,0.21067462576701224,0.6992805755395683,0.014388489208633056,,,
Qwen3-4B-Instruct-2507,q4,gauche,journaliste,spkath/y,libertes civiles (spk/col/lib),2,False,1,,0.4351999999999999,0.2254541690388696,0.2259961261759823,0.2254541690388696,0.19050359712230217,0.0,0.32,0.1294964028776978,0.1294964028776978
Qwen3-4B-Instruct-2507,q4,gauche,journaliste,colath,libertes civiles (spk/col/lib),2,False,1,,0.47119999999999995,0.28882793046138633,0.2895222283711493,0.2980752088976302,0.20494004796163068,0.007194244604316502,0.38,0.1750599520383693,0.1822541966426858
Qwen3-4B-Instruct-2507,q4,gauche,journaliste,spkrac/y,libertes civiles (spk/col/lib),2,False,1,,0.1472,0.4729453846994347,0.4740822726434238,0.4863102323896278,0.5363069544364509,0.03357314148681059,,,
Qwen3-4B-Instruct-2507,q4,gauche,journaliste,colrac,libertes civiles (spk/col/lib),2,False,1,,0.17999999999999994,0.33299403642553593,0.3337945028592512,0.3274042636394483,0.11103117505995204,0.0047961630695443624,,,
Qwen3-4B-Instruct-2507,q4,gauche,journaliste,librac/y,libertes civiles (spk/col/lib),2,False,1,,0.17999999999999994,0.48858754722840436,0.4897620365246265,0.4878514454623353,0.3244604316546763,0.002398081534772223,,,
Qwen3-4B-Instruct-2507,q4,gauche,journaliste,spkcom/y,libertes civiles (spk/col/lib),2,False,1,,0.34319999999999995,0.3620930593654572,0.3629634753735473,0.3245748724761197,0.017410071942446023,0.03357314148681054,0.22,0.237410071942446,0.2038369304556355
Qwen3-4B-Instruct-2507,q4,gauche,journaliste,colcom/y,libertes civiles (spk/col/lib),2,False,1,,0.45499999999999996,0.3620930593654572,0.3629634753735473,0.3274042636394483,0.11258992805755397,0.031175059952038342,0.35,0.237410071942446,0.2062350119904076
Qwen3-4B-Instruct-2507,q4,gauche,journaliste,libcom/y,libertes civiles (spk/col/lib),2,False,1,,0.45499999999999996,0.30412504528751083,0.30485611510791355,0.2793736234034354,0.16294964028776981,0.019184652278177464,0.35,0.1870503597122302,0.1678657074340527
Qwen3-4B-Instruct-2507,q4,gauche,journaliste,spkhomo/y,libertes civiles (spk/col/lib),2,False,1,,0.1472,0.04681147168596045,0.046923999262128625,0.09994881792407795,0.05601918465227819,0.028776978417266216,0.08,0.0239808153477218,0.052757793764988
Qwen3-4B-Instruct-2507,q4,gauche,journaliste,colhomo,libertes civiles (spk/col/lib),2,False,1,,0.34319999999999995,0.05589772786087677,0.05603209739900388,0.10848299777444237,0.19122302158273383,0.02877697841726616,0.22,0.0287769784172661,0.0575539568345323
Qwen3-4B-Instruct-2507,q4,gauche,journaliste,libhomo/y,libertes civiles (spk/col/lib),2,False,1,,0.2550000000000001,0.08260442006107338,0.0828029883785279,0.1127155829293397,0.10683453237410079,0.016786570743405237,0.15,0.0431654676258992,0.0599520383693045
Qwen3-4B-Instruct-2507,q4,gauche,journaliste,cappun,hors famille,2,False,1,,0.4949999999999999,0.4855051210829897,0.4866722007009777,0.4893006458142839,0.03513189448441248,0.01199040767386092,0.45,0.4148681055155875,0.4268585131894484
Qwen3-4B-Instruct-2507,q4,gauche,journaliste,polhitok/y,hors famille,2,False,1,,0.039200000000000124,0.4772239762147117,0.4783711492344586,0.4855051210829897,0.5867146282973621,0.021582733812949617,0.02,0.6067146282973621,0.5851318944844125
Qwen3-4B-Instruct-2507,q4,gauche,journaliste,polabuse/y,hors famille,2,False,1,,0.2550000000000001,0.07379420204843301,0.07397159195720329,0.02836292117385253,0.11163069544364516,0.02398081534772173,0.15,0.0383693045563549,0.014388489208633
Qwen3-4B-Instruct-2507,q4,gauche,journaliste,polattak/y,hors famille,2,False,1,,0.45499999999999996,0.45065530309565305,0.45173860911270997,0.4361632995761664,0.007074340527577966,0.02158273381294959,0.65,0.657074340527578,0.6786570743405276
Qwen3-4B-Instruct-2507,q4,gauche,journaliste,grass,hors famille,2,False,1,,0.34319999999999995,0.23948610895456302,0.24006179671647304,0.2360126287459241,0.08091127098321343,0.0023980815347721396,0.22,0.1390887290167865,0.1366906474820144
Qwen3-4B-Instruct-2507,q4,gauche,journaliste,gunlaw,hors famille,2,False,1,,0.4949999999999999,0.2793736234034354,0.2800451946135398,0.27617618135707267,0.38213429256594733,0.002398081534772195,0.55,0.1678657074340527,0.1654676258992805
Qwen3-4B-Instruct-2507,q4,gauche,journaliste,owngun,hors famille,2,False,1,,0.45499999999999996,0.31302727602090996,0.3137797454344218,0.33299403642553593,0.15575539568345326,0.016786570743405296,,,
Qwen3-4B-Instruct-2507,q4,gauche,journaliste,hunt1,hors famille,4,False,1,,0.7,0.09701591244989627,0.09724912377790083,0.1369494332591482,0.8496402877697842,0.021582733812949714,,,
Qwen3-4B-Instruct-2507,q4,gauche,journaliste,class,hors famille,4,False,1,,0.73,0.6532098062557149,0.6547800221361374,0.6465733887709977,0.19376498800959233,0.04316546762589932,,,
Qwen3-4B-Instruct-2507,q4,gauche,journaliste,satfin,hors famille,3,False,1,,0.565,0.6555446290449656,0.6571204574801699,0.6279753175876566,0.2814148681055156,0.07434052757793773,,,
Qwen3-4B-Instruct-2507,q4,gauche,journaliste,finalter,hors famille,3,False,1,,0.645,0.6607318461777342,0.6623201438848922,0.6660110760312614,0.14064748201438848,0.0455635491606714,,,
Qwen3-4B-Instruct-2507,q4,gauche,journaliste,finrela,hors famille,5,False,1,,0.775,0.7240596012398715,0.7258001291274674,0.7231969819827591,0.11906474820143886,0.047961630695443735,,,
Qwen3-4B-Instruct-2507,q4,gauche,journaliste,racdif1,hors famille,2,False,1,,0.4949999999999999,0.30711545871216706,0.30785371702637904,0.3357544180482952,0.3605515587529976,0.02398081534772184,0.55,0.1894484412470023,0.2134292565947242
Qwen3-4B-Instruct-2507,q4,gauche,journaliste,racdif2,hors famille,2,False,1,,0.0,0.10848299777444237,0.10874377421140018,0.10848299777444237,0.05755395683453232,0.0,0.0,0.0575539568345323,0.0575539568345323
Qwen3-4B-Instruct-2507,q4,gauche,journaliste,racdif3,hors famille,2,False,1,,0.2550000000000001,0.4037058123285544,0.4046762589928058,0.4078693879428832,0.5694244604316547,0.0047961630695443624,0.85,0.2805755395683453,0.2853717026378897
Qwen3-4B-Instruct-2507,q4,gauche,journaliste,racdif4,hors famille,2,False,1,,0.17999999999999994,0.21105417824014183,0.2115615200147576,0.23948610895456302,0.019904076738609132,0.01918465227817743,0.1,0.1199040767386091,0.1390887290167865
Qwen3-4B-Instruct-2507,q4,gauche,journaliste,wlthwhts,hors famille,7,False,1,,0.8033240997229917,0.6520021392957578,0.6535694521306035,0.6672532477615031,0.2844881989145527,0.04796163069544367,,,
Qwen3-4B-Instruct-2507,q4,gauche,journaliste,wlthblks,hors famille,7,False,1,,0.8033240997229917,0.6299420894938725,0.6314563733628482,0.6623535703811052,0.542345071311372,0.043165467625899304,,,
Qwen3-4B-Instruct-2507,q4,gauche,journaliste,wlthhsps,hors famille,7,False,1,,0.8033240997229917,0.6861733634674995,0.6878228186681425,0.6943624956150187,0.4320333207118516,0.019184652278177443,,,
Qwen3-4B-Instruct-2507,q4,gauche,journaliste,racwork,hors famille,7,False,1,,0.7211999999999998,0.7390461731334357,0.7408227264342373,0.7292008120122607,0.43201438848920876,0.043165467625899276,,,
Qwen3-4B-Instruct-2507,q4,gauche,journaliste,letin1a,hors famille,5,False,1,,0.7449999999999999,0.7275330814485104,0.7292819590481463,0.695581664165071,0.13177458033573133,0.05035971223021584,0.5375000000000001,0.4496402877697841,0.4514388489208633
Qwen3-4B-Instruct-2507,q4,gauche,journaliste,getahead,hors famille,3,False,1,,0.615,0.5411958203221595,0.5424967718133186,0.5282220266951907,0.20431654676258998,0.019184652278177478,0.65,0.5875299760191847,0.5779376498800959
Qwen3-4B-Instruct-2507,q4,gauche,journaliste,aged,hors famille,3,False,1,,0.585,0.5104865747689618,0.5117137059583102,0.5007332263685456,0.3163069544364509,0.011990407673860875,,,
Qwen3-4B-Instruct-2507,q4,gauche,journaliste,parsol,hors famille,5,False,1,,0.76,0.7794397575464809,0.7813134108098139,0.7865937465854655,0.2211031175059951,0.028776978417266237,,,
Qwen3-4B-Instruct-2507,q4,gauche,journaliste,kidssol,hors famille,6,False,1,,0.7849999999999999,0.7641771474906407,0.7660141117874932,0.7765068520722991,0.32757793764988014,0.03357314148681051,,,
Qwen3-4B-Instruct-2507,q4,gauche,journaliste,spanking,hors famille,4,False,1,,0.705,0.687024481134517,0.6886759822910904,0.6873350240670772,0.16486810551558756,0.02398081534772186,0.4000000000000001,0.31654676258992803,0.3229416466826539
Qwen3-4B-Instruct-2507,q4,gauche,journaliste,divlaw,hors famille,3,False,1,,0.645,0.5584597070545003,0.5598021582733814,0.5709159291272019,0.18525179856115107,0.026378896882493987,0.4,0.29856115107913667,0.302158273381295
Qwen3-4B-Instruct-2507,q4,gauche,journaliste,sexeduc,hors famille,2,False,1,,0.2550000000000001,0.08697502429710946,0.08718409887474675,0.09994881792407795,0.1044364508393285,0.007194244604316495,0.15,0.0455635491606714,0.052757793764988
Qwen3-4B-Instruct-2507,q4,gauche,journaliste,pillok,hors famille,4,False,1,,0.41000000000000014,0.6006245363421493,0.6020683453237411,0.6117695771440402,0.2484412470023981,0.026378896882494018,0.13333333333333333,0.21662669864108702,0.2278177458033572
Qwen3-4B-Instruct-2507,q4,gauche,journaliste,xmarsex,hors famille,4,False,1,,0.6849999999999999,0.6828954102904727,0.6845369857959788,0.6762819959859452,0.19784172661870508,0.050359712230215806,0.5166666666666666,0.6666666666666666,0.6562749800159873
Qwen3-4B-Instruct-2507,q4,gauche,journaliste,homosex,hors famille,4,False,1,,0.7,0.369166537273778,0.37005395683453235,0.36580807296608764,0.4817745803357315,0.007194244604316585,0.3666666666666667,0.12310151878497194,0.12390087929656268
Qwen3-4B-Instruct-2507,q4,gauche,journaliste,marhomo,hors famille,5,False,1,,0.2664000000000001,0.386625951037731,0.38755534034311023,0.3717888998153994,0.0802158273381294,0.023980815347721875,0.0575,0.10191846522781763,0.09892086330935236
Qwen3-4B-Instruct-2507,q4,gauche,journaliste,discaff,hors famille,3,False,1,,0.645,0.4492866138743682,0.4503666297731047,0.44297224091230614,0.39304556354916076,0.007194244604316502,0.475,0.1762589928057553,0.17266187050359705
Qwen3-4B-Instruct-2507,q4,gauche,journaliste,abdefect,avortement (ab*),2,False,1,,0.34319999999999995,0.1127155829293397,0.11298653384984293,0.09994881792407795,0.16004796163069554,0.0071942446043164465,0.22,0.0599520383693045,0.052757793764988
Qwen3-4B-Instruct-2507,q4,gauche,journaliste,abnomore,avortement (ab*),2,False,1,,0.22619999999999996,0.22188867610947205,0.22242206235011985,0.2289966587880774,0.0029016786570743858,0.004796163069544376,0.13,0.1270983213429256,0.13189448441247
Qwen3-4B-Instruct-2507,q4,gauche,journaliste,abhlth,avortement (ab*),2,False,1,,0.1472,0.06935458827182872,0.06952130603209755,0.06489197131503444,0.044028776978417214,0.0023980815347722367,0.08,0.0359712230215827,0.0335731414868105
Qwen3-4B-Instruct-2507,q4,gauche,journaliste,abpoor,avortement (ab*),2,False,1,,0.22619999999999996,0.18876409663635996,0.18921785648404355,0.20739667258998562,0.02448441247002399,0.01199040767386092,0.13,0.105515587529976,0.1175059952038369
Qwen3-4B-Instruct-2507,q4,gauche,journaliste,abrape,avortement (ab*),2,False,1,,0.1472,0.06489197131503444,0.06504796163069558,0.07379420204843301,0.04642685851318945,0.00479616306954431,0.08,0.0335731414868105,0.0383693045563549
Qwen3-4B-Instruct-2507,q4,gauche,journaliste,absingle,avortement (ab*),2,False,1,,0.29520000000000013,0.22188867610947205,0.22242206235011985,0.2254541690388696,0.0529016786570744,0.002398081534772195,0.18,0.1270983213429256,0.1294964028776978
Qwen3-4B-Instruct-2507,q4,gauche,journaliste,abany,avortement (ab*),2,False,1,,0.1472,0.23948610895456302,0.24006179671647304,0.27295573613051993,0.05908872901678657,0.02398081534772184,0.08,0.1390887290167865,0.1630695443645084
Qwen3-4B-Instruct-2507,q4,gauche,journaliste,letdie1,fin de vie (suicide/letdie),2,False,1,,0.4351999999999999,0.23948610895456302,0.24006179671647304,0.24976853049934156,0.1809112709832134,0.007194244604316544,0.32,0.1390887290167865,0.1462829736211031
Qwen3-4B-Instruct-2507,q4,gauche,journaliste,suicide1,fin de vie (suicide/letdie),2,False,1,,0.4351999999999999,0.24976853049934156,0.25036893562073426,0.23948610895456302,0.17371702637889688,0.007194244604316544,0.32,0.1462829736211031,0.1390887290167865
Qwen3-4B-Instruct-2507,q4,gauche,journaliste,suicide2,fin de vie (suicide/letdie),2,False,1,,0.4949999999999999,0.455071913692068,0.45616583656152015,0.4217173024170592,0.09988009592326136,0.04796163069544365,0.55,0.6498800959232613,0.697841726618705
Qwen3-4B-Instruct-2507,q4,gauche,journaliste,suicide3,fin de vie (suicide/letdie),2,False,1,,0.42000000000000004,0.44120099603770213,0.4422615753551005,0.3972879250556389,0.028537170263788936,0.05515587529976018,0.7,0.6714628297362111,0.7266187050359713
Qwen3-4B-Instruct-2507,q4,gauche,journaliste,suicide4,fin de vie (suicide/letdie),2,False,1,,0.4351999999999999,0.4999741214222867,0.5011759822910903,0.494177320014492,0.1835971223021583,0.05035971223021582,0.32,0.5035971223021583,0.5539568345323741
Qwen3-4B-Instruct-2507,q4,gauche,journaliste,pornlaw,hors famille,3,False,1,,0.565,0.3960687565055869,0.39702084486257155,0.336237484832278,0.21570743405275772,0.04316546762589932,0.625,0.5131894484412469,0.5347721822541966
Qwen3-4B-Instruct-2507,q4,gauche,journaliste,fair,hors famille,3,False,1,,0.635,0.6478500652715239,0.6494073971591959,0.6429618894812208,0.09496402877697846,0.014388489208633101,,,
Qwen3-4B-Instruct-2507,q4,gauche,journaliste,helpful,hors famille,3,False,1,,0.595,0.6572008580186212,0.6587806677734737,0.6533133205665684,0.2622302158273382,0.023980815347721895,,,
Qwen3-4B-Instruct-2507,q4,gauche,journaliste,trust,hors famille,3,False,1,,0.645,0.6352558241176844,0.6367828813871982,0.624950399392716,0.24856115107913665,0.05035971223021583,,,
Qwen3-4B-Instruct-2507,q4,gauche,journaliste,tax,hors famille,3,False,1,,0.5549999999999999,0.5310514178585188,0.5323279837668327,0.5330296913548298,0.21282973621103118,0.021582733812949676,0.55,0.7146282973621103,0.7014388489208633
Qwen3-4B-Instruct-2507,q4,gauche,journaliste,vote16,hors famille,3,False,1,,0.485,0.45655561881430096,0.45765310828260464,0.4616738264065007,0.1441247002398082,0.02637889688249402,,,
Qwen3-4B-Instruct-2507,q4,gauche,journaliste,pres16,hors famille,4,False,1,,0.4650000000000002,0.5299472652094153,0.5312211769046302,0.5420009316287977,0.2405275779376498,0.019184652278177425,,,
Qwen3-4B-Instruct-2507,q4,gauche,journaliste,if16who,hors famille,3,False,1,,0.2650000000000001,0.2952458177343018,0.2959555432577016,0.3062873442253392,0.06510791366906479,0.007194244604316551,,,
Qwen3-4B-Instruct-2507,q4,gauche,journaliste,news,hors famille,5,False,1,,0.775,0.763464048904761,0.7652992990223206,0.7726193146202464,0.26462829736211035,0.028776978417266244,,,
Qwen3-4B-Instruct-2507,q4,gauche,journaliste,jew,hors famille,5,False,1,,0.705,0.35444450195239496,0.3552965320051652,0.35147709170792873,0.8352517985611511,0.021582733812949624,,,
Qwen3-4B-Instruct-2507,q4,gauche,journaliste,relig16*,hors famille,5,False,1,,0.685,0.760289610038588,0.7621172292934885,0.7588864160470186,0.22170263788968828,0.033573141486810475,,,
Qwen3-4B-Instruct-2507,q4,gauche,journaliste,jew16*,hors famille,5,False,1,,0.72,0.33779019949508016,0.33860219516694334,0.3568138295119301,0.8232613908872901,0.023980815347721826,,,
Qwen3-4B-Instruct-2507,q4,gauche,journaliste,attend,hors famille,9,True,2,recopie du gabarit d'exemple de la relance,,,,,,,,,
Qwen3-4B-Instruct-2507,q4,gauche,journaliste,pray,hors famille,6,False,1,,0.785,0.7287752531787521,0.7305271167681242,0.7429682153557731,0.3827338129496403,0.045563549160671374,,,
Qwen3-4B-Instruct-2507,q4,gauche,journaliste,postlife,hors famille,2,False,1,,0.4949999999999999,0.48858754722840436,0.4897620365246265,0.48382588892914447,0.12553956834532373,0.014388489208633143,,,
Qwen3-4B-Instruct-2507,q4,gauche,journaliste,bible,hors famille,3,False,1,,0.5449999999999999,0.565073121359028,0.5664314702084488,0.5598283962757853,0.4943645083932854,0.009592326139088683,,,
Qwen3-4B-Instruct-2507,q4,gauche,journaliste,reborn,hors famille,3,False,1,,0.4650000000000001,0.6251229232441387,0.6266256225788602,0.6266756379069407,0.3139088729016787,0.004796163069544404,,,
Qwen3-4B-Instruct-2507,q4,gauche,journaliste,savesoul,hors famille,2,False,1,,0.4949999999999999,0.3188470806088941,0.3196135399372809,0.3620930593654572,0.25095923261390884,0.0383693045563549,,,
Qwen3-4B-Instruct-2507,q4,gauche,journaliste,granborn,hors famille,5,False,1,,0.6799999999999999,0.6455037408921784,0.6470554325770155,0.6269286728890269,0.2673860911270983,0.028776978417266286,,,
Qwen3-4B-Instruct-2507,q4,gauche,journaliste,uscitzn*,hors famille,2,False,1,,0.039200000000000124,0.014284974897779357,0.014319313779745173,0.01900062683666026,0.012805755395683564,0.002398081534772295,,,
Qwen3-4B-Instruct-2507,q4,gauche,journaliste,fucitzn,hors famille,5,False,1,,0.76,0.028500940254990503,0.028569452130603464,0.03787473618227721,0.835611510791367,0.007194244604316462,,,
Qwen3-4B-Instruct-2507,q4,gauche,journaliste,mnthsusa,hors famille,6,False,1,,0.8200000000000001,0.03300956357216367,0.033088913484596756,0.05612775966277339,0.8832134292565947,0.011990407673860979,,,
Qwen3-4B-Instruct-2507,q4,gauche,journaliste,income,hors famille,12,True,2,recopie du gabarit d'exemple de la relance,,,,,,,,,
Qwen3-4B-Instruct-2507,q4,gauche,journaliste,othlang,hors famille,2,False,1,,0.45499999999999996,0.35956270954459457,0.36042704298099987,0.35956270954459457,0.4149880095923262,0.0,,,
Qwen3-4B-Instruct-2507,q4,gauche,journaliste,health,hors famille,4,False,1,,0.675,0.6005785299817701,0.6020222283711494,0.6090552018816602,0.2249400479616307,0.047961630695443555,,,
Qwen3-4B-Instruct-2507,q4,gauche,journaliste,compuse*,hors famille,2,False,1,,0.039200000000000124,0.0376332027902857,0.03772366722007005,0.04681147168596045,0.0008153477218225836,0.004796163069544366,,,
Qwen3-4B-Instruct-2507,q4,gauche,journaliste,webmob,hors famille,2,False,1,,0.039200000000000124,0.02369327559535117,0.023750230584763075,0.0376332027902857,0.008009592326139086,0.007194244604316502,,,
Qwen3-4B-Instruct-2507,q4,gauche,journaliste,xmovie,hors famille,2,False,1,,0.45499999999999996,0.4919230083559052,0.49310551558753,0.494177320014492,0.08645083932853717,0.009592326139088753,,,
Qwen3-4B-Instruct-2507,q4,gauche,journaliste,usewww*,hors famille,2,False,1,,0.34319999999999995,0.02836292117385253,0.02843110127282814,0.01900062683666026,0.20561151079136686,0.004796163069544373,,,
Qwen3-4B-Instruct-2507,q4,gauche,journaliste,life,hors famille,3,False,1,,0.615,0.5237134033780171,0.5249723298284451,0.5274629217489317,0.21390887290167865,0.021582733812949603,,,
Qwen3-4B-Instruct-2507,q4,gauche,journaliste,richwork,hors famille,2,False,1,,0.4949999999999999,0.4619728677489663,0.463083379450286,0.4863102323896278,0.0878896882494005,0.05515587529976021,,,
Qwen3-4B-Instruct-2507,q4,gauche,adversaire,natspac/y,depenses publiques (nat*),3,False,1,,0.5049999999999999,0.6044085594833486,0.6058614646744144,0.607099931565539,0.44376498800959235,0.035971223021582774,0.225,0.5263788968824941,0.4916067146282973
Qwen3-4B-Instruct-2507,q4,gauche,adversaire,natenvir/y,depenses publiques (nat*),3,False,1,,0.615,0.25063114975645384,0.25123362848182995,0.2632368925003883,0.4061151079136691,0.014388489208633098,0.35,0.080335731414868,0.08273381294964025
Qwen3-4B-Instruct-2507,q4,gauche,adversaire,natheal/y,depenses publiques (nat*),3,False,1,,0.62,0.29687904352776784,0.29759269507470965,0.3342362081557775,0.5273381294964029,0.03357314148681051,0.45,0.10791366906474811,0.1199040767386091
Qwen3-4B-Instruct-2507,q4,gauche,adversaire,natcity/y,depenses publiques (nat*),3,False,1,,0.635,0.5771497909586001,0.578537170263789,0.5785299817699796,0.2087529976019185,0.0239808153477218,0.375,0.41846522781774576,0.4004796163069544
Qwen3-4B-Instruct-2507,q4,gauche,adversaire,natdrug/y,depenses publiques (nat*),3,False,1,,0.635,0.46583740202082935,0.46695720346799485,0.43844061441494286,0.22146282973621106,0.02398081534772179,0.375,0.18585131894484405,0.1642685851318944
Qwen3-4B-Instruct-2507,q4,gauche,adversaire,nateduc/y,depenses publiques (nat*),3,False,1,,0.62,0.32864643536968974,0.32943645083932843,0.2941416650851981,0.500959232613909,0.023980815347721802,0.45,0.11390887290167856,0.0959232613908872
Qwen3-4B-Instruct-2507,q4,gauche,adversaire,natrace/y,depenses publiques (nat*),3,False,1,,0.635,0.5171920017942481,0.5184352517985612,0.5371702637889688,0.15671462829736213,0.0647482014388489,0.375,0.22661870503597115,0.2517985611510791
Qwen3-4B-Instruct-2507,q4,gauche,adversaire,natarms/y,depenses publiques (nat*),3,False,1,,0.62,0.5347549298690544,0.5360403984504705,0.5367102001851757,0.3731414868105516,0.004796163069544307,0.55,0.24460431654676257,0.24700239808153468
Qwen3-4B-Instruct-2507,q4,gauche,adversaire,nataid/y,depenses publiques (nat*),3,False,1,,0.635,0.5713529895508054,0.5727264342372257,0.5781849340671349,0.36127098321342926,0.038369304556354886,0.375,0.7098321342925659,0.6894484412470023
Qwen3-4B-Instruct-2507,q4,gauche,adversaire,natfare/y,depenses publiques (nat*),3,False,1,,0.635,0.28507841209047136,0.28576369673491964,0.2848943866489543,0.3821342925659473,0.014388489208633146,0.375,0.09352517985611505,0.0887290167865707
Qwen3-4B-Instruct-2507,q4,gauche,adversaire,natroad,depenses publiques (nat*),3,False,1,,0.635,0.5531344708405938,0.5544641210108837,0.5364341620228997,0.12086330935251798,0.026378896882494,0.375,0.26378896882493996,0.250599520383693
Qwen3-4B-Instruct-2507,q4,gauche,adversaire,natsoc,depenses publiques (nat*),3,False,1,,0.635,0.4252597921662671,0.42628205128205143,0.4454220796025051,0.25503597122302163,0.02158273381294968,0.375,0.15587529976019174,0.1690647482014388
Qwen3-4B-Instruct-2507,q4,gauche,adversaire,natmass,depenses publiques (nat*),3,False,1,,0.585,0.5075306661145904,0.508750691754289,0.483929403239998,0.2971223021582734,0.03357314148681058,0.42500000000000004,0.21942446043165464,0.197841726618705
Qwen3-4B-Instruct-2507,q4,gauche,adversaire,natpark,depenses publiques (nat*),3,False,1,,0.635,0.5074501549839265,0.5086699870872533,0.5071741168216506,0.2567146282973622,0.004796163069544328,0.375,0.34652278177458024,0.3429256594724221
Qwen3-4B-Instruct-2507,q4,gauche,adversaire,natchld,depenses publiques (nat*),3,False,1,,0.5049999999999999,0.42917033279850936,0.43020199225235195,0.4148853579007298,0.06642685851318948,0.01199040767386087,0.225,0.16187050359712227,0.15107913669064743
Qwen3-4B-Instruct-2507,q4,gauche,adversaire,natsci,depenses publiques (nat*),3,False,1,,0.615,0.5405057249164698,0.5418050175244421,0.5424494936424963,0.10839328537170263,0.031175059952038342,0.35,0.2997601918465227,0.2841726618705035
Qwen3-4B-Instruct-2507,q4,gauche,adversaire,natenrgy,depenses publiques (nat*),3,False,1,,0.5049999999999999,0.46457222711039803,0.46568898727172114,0.45307063701556727,0.06642685851318945,0.014388489208633108,0.225,0.1834532374100719,0.17386091127098313
Qwen3-4B-Instruct-2507,q4,gauche,adversaire,uswary,hors famille,2,False,1,,0.2550000000000001,0.4960635807900442,0.49725604132078954,0.49364824687012987,0.30563549160671466,0.011990407673860948,,,
Qwen3-4B-Instruct-2507,q4,gauche,adversaire,prayer,hors famille,2,False,1,,0.45499999999999996,0.2289966587880774,0.22954713152554876,0.21830017999988494,0.21810551558753,0.0071942446043165575,0.35,0.13189448441247,0.1247002398081534
Qwen3-4B-Instruct-2507,q4,gauche,adversaire,courts,hors famille,3,False,1,,0.66,0.6589260965328456,0.660510053495665,0.6528187521924906,0.017026378896882438,0.026378896882494007,0.5,0.4844124700239808,0.4952038369304556
Qwen3-4B-Instruct-2507,q4,gauche,adversaire,discaffw,hors famille,4,False,1,,0.725,0.6315293089269591,0.6330474082272644,0.6248123803115782,0.28896882494004794,0.01199040767386092,0.5166666666666666,0.3229416466826538,0.32374100719424453
Qwen3-4B-Instruct-2507,q4,gauche,adversaire,discaffm,hors famille,4,False,1,,0.725,0.619728677489663,0.6212184098874748,0.630528670588709,0.34892086330935246,0.028776978417266154,0.4833333333333333,0.2669864108713029,0.2749800159872102
Qwen3-4B-Instruct-2507,q4,gauche,adversaire,fehire,roles de genre (fe*),5,False,1,,0.735,0.7051509871239698,0.7068460616122487,0.7098896422430401,0.2516786570743405,0.028776978417266112,0.4375,0.303956834532374,0.3093525179856114
Qwen3-4B-Instruct-2507,q4,gauche,adversaire,fechld,roles de genre (fe*),4,False,1,,0.39579999999999993,0.5827510653347825,0.5841519092418374,0.5771957973189794,0.28278177458033577,0.06474820143884899,0.10333333333333332,0.21103117505995198,0.1966426858513188
Qwen3-4B-Instruct-2507,q4,gauche,adversaire,fepresch,roles de genre (fe*),4,False,1,,0.705,0.6095727734359275,0.6110380926028409,0.6034539275054777,0.19892086330935252,0.04076738609112715,0.4000000000000001,0.27338129496402874,0.2901678657074339
Qwen3-4B-Instruct-2507,q4,gauche,adversaire,fefam,roles de genre (fe*),4,False,1,,0.6849999999999999,0.6144954539965152,0.6159726065301607,0.6304711626382349,0.2772182254196643,0.03357314148681059,0.41666666666666674,0.23021582733812943,0.24380495603517177
Qwen3-4B-Instruct-2507,q4,gauche,adversaire,fepol,roles de genre (fe*),2,False,1,,0.2550000000000001,0.1577558097406967,0.15813503043718877,0.20739667258998562,0.06366906474820147,0.031175059952038398,0.15,0.0863309352517985,0.1175059952038369
Qwen3-4B-Instruct-2507,q4,gauche,adversaire,mobile16,hors famille,3,False,1,,0.395,0.6567868007752073,0.6583656152001478,0.657752934343173,0.33752997601918466,0.011990407673860864,,,
Qwen3-4B-Instruct-2507,q4,gauche,adversaire,incom16,hors famille,5,False,1,,0.765,0.6773861486350489,0.679014480723114,0.6826768800786709,0.17661870503597132,0.02637889688249405,,,
Qwen3-4B-Instruct-2507,q4,gauche,adversaire,dwelown16,hors famille,3,False,1,,0.615,0.43057352679007876,0.43160855930640113,0.44925210910408364,0.25023980815347724,0.01678657074340524,,,
Qwen3-4B-Instruct-2507,q4,gauche,adversaire,divorced,hors famille,2,False,1,,0.45499999999999996,0.3544330003623002,0.3552850027670173,0.35700935654354216,0.11978417266187047,0.0023980815347721257,,,
Qwen3-4B-Instruct-2507,q4,gauche,adversaire,posslq/y,hors famille,4,False,1,,0.675,0.6648609170217783,0.6664591403800038,0.6564072483020779,0.3652278177458034,0.019184652278177464,,,
Qwen3-4B-Instruct-2507,q4,gauche,adversaire,wrkstat,hors famille,8,False,1,,0.7849999999999999,0.7952084375664936,0.7971199963106439,0.7777490238025409,0.18657074340527577,0.057553956834532315,,,
Qwen3-4B-Instruct-2507,q4,gauche,adversaire,evwork,hors famille,2,False,1,,0.2550000000000001,0.14574814968169347,0.14609850581073602,0.1617123567333183,0.07086330935251803,0.009592326139088746,,,
Qwen3-4B-Instruct-2507,q4,gauche,adversaire,wrkgovt1,hors famille,2,False,1,,0.45499999999999996,0.266445836136846,0.2670863309352519,0.3011116286826654,0.19172661870503596,0.02637889688249398,,,
Qwen3-4B-Instruct-2507,q4,gauche,adversaire,wrkgovt2,hors famille,2,False,1,,0.45499999999999996,0.3695460897469076,0.3704344216934146,0.3695460897469076,0.10539568345323737,0.0,,,
Qwen3-4B-Instruct-2507,q4,gauche,adversaire,partfull,hors famille,3,False,1,,0.5049999999999999,0.6413976732283239,0.6429394945581997,0.6281248382588893,0.202158273381295,0.03117505995203844,,,
Qwen3-4B-Instruct-2507,q4,gauche,adversaire,wksub1,hors famille,3,False,1,,0.5049999999999999,0.6382232343621507,0.6397574248293675,0.6414666827688928,0.27410071942446046,0.016786570743405282,,,
Qwen3-4B-Instruct-2507,q4,gauche,adversaire,wksup1,hors famille,3,False,1,,0.5049999999999999,0.6245248405592073,0.626026102195167,0.6403395269395994,0.47973621103117503,0.03597122302158269,,,
Qwen3-4B-Instruct-2507,q4,gauche,adversaire,conarmy,confiance dans les institutions (con*),3,False,1,,0.615,0.6127932186624802,0.614266279284265,0.6213849064633186,0.003717026378896829,0.016786570743405282,0.625,0.6270983213429255,0.6211031175059952
Qwen3-4B-Instruct-2507,q4,gauche,adversaire,conbus,confiance dans les institutions (con*),3,False,1,,0.615,0.581980458798429,0.5833794502859253,0.5539050773769474,0.34928057553956837,0.03836930455635501,0.65,0.34652278177458024,0.33453237410071934
Qwen3-4B-Instruct-2507,q4,gauche,adversaire,conclerg,confiance dans les institutions (con*),3,False,1,,0.635,0.5201824152189041,0.5214328537170265,0.5075306661145904,0.4211031175059953,0.01438848920863308,0.625,0.2314148681055155,0.2194244604316546
Qwen3-4B-Instruct-2507,q4,gauche,adversaire,coneduc,confiance dans les institutions (con*),3,False,1,,0.615,0.518422671934395,0.5196688802803912,0.5549977284359562,0.20911270983213426,0.04316546762589924,0.35,0.36930455635491605,0.3764988009592326
Qwen3-4B-Instruct-2507,q4,gauche,adversaire,confed,confiance dans les institutions (con*),3,False,1,,0.615,0.589916555963862,0.591334624608006,0.5908481847615433,0.27733812949640285,0.019184652278177505,0.35,0.5515587529976018,0.5671462829736211
Qwen3-4B-Instruct-2507,q4,gauche,adversaire,confinan,confiance dans les institutions (con*),3,False,1,,0.615,0.5961274146150706,0.5975604132078953,0.586259050313706,0.2869304556354916,0.02398081534772184,0.65,0.4304556354916067,0.408872901678657
Qwen3-4B-Instruct-2507,q4,gauche,adversaire,conjudge,confiance dans les institutions (con*),3,False,1,,0.615,0.5352264950629425,0.5365130972145362,0.49493642496075085,0.41834532374100725,0.07434052757793763,0.65,0.2458033573141486,0.20863309352517978
Qwen3-4B-Instruct-2507,q4,gauche,adversaire,conlabor,confiance dans les institutions (con*),3,False,1,,0.635,0.5598053930955955,0.5611510791366907,0.5629108224211997,0.20155875299760198,0.004796163069544376,0.375,0.3669064748201439,0.3669064748201439
Qwen3-4B-Instruct-2507,q4,gauche,adversaire,conlegis,confiance dans les institutions (con*),3,False,1,,0.62,0.5403447026551421,0.5416436081903708,0.5380903909965553,0.2820143884892087,0.014388489208633053,,,
Qwen3-4B-Instruct-2507,q4,gauche,adversaire,conmedic,confiance dans les institutions (con*),3,False,1,,0.615,0.5148341758248078,0.5160717579782329,0.5250475878290173,0.1447242206235012,0.03117505995203836,0.35,0.22541966426858506,0.23860911270983207
Qwen3-4B-Instruct-2507,q4,gauche,adversaire,conpress,confiance dans les institutions (con*),3,False,1,,0.615,0.5499600319744204,0.5512820512820513,0.5556648206614565,0.25131894484412476,0.014388489208633129,0.375,0.5479616306954437,0.5575539568345323
Qwen3-4B-Instruct-2507,q4,gauche,adversaire,consci,confiance dans les institutions (con*),3,False,1,,0.615,0.38800614184911064,0.38893884892086333,0.3802425685351001,0.3005995203836931,0.007194244604316544,0.35,0.1402877697841726,0.13669064748201432
Qwen3-4B-Instruct-2507,q4,gauche,adversaire,contv,confiance dans les institutions (con*),3,False,1,,0.615,0.5456124309185745,0.5469239992621288,0.5260137213969831,0.30647482014388494,0.01918465227817747,,,
Qwen3-4B-Instruct-2507,q4,gauche,adversaire,joblose,hors famille,5,False,1,,0.775,0.6475280207488686,0.6490845784910535,0.6898538722978452,0.515347721822542,0.07913669064748197,,,
Qwen3-4B-Instruct-2507,q4,gauche,adversaire,jobfind,hors famille,4,False,1,,0.6499999999999999,0.6994922047973132,0.7011736764434607,0.7035522661007885,0.4163069544364508,0.062350119904076726,,,
Qwen3-4B-Instruct-2507,q4,gauche,adversaire,happy,hors famille,3,False,1,,0.5449999999999999,0.5672814266572354,0.5686450839328537,0.568661617468615,0.2965227817745804,0.019184652278177478,,,
Qwen3-4B-Instruct-2507,q4,gauche,adversaire,hapmar,hors famille,4,False,1,,0.5691999999999999,0.5296597254570445,0.5309329459509318,0.5666373376119249,0.6150839328537171,0.04076738609112707,,,
Qwen3-4B-Instruct-2507,q4,gauche,adversaire,satjob,hors famille,5,False,1,,0.6799999999999999,0.7208851623736983,0.7226180593986351,0.7313056029996148,0.3384892086330936,0.023980815347721795,,,
Qwen3-4B-Instruct-2507,q4,gauche,adversaire,spdeg*,hors famille,6,False,1,,0.7764513825119885,0.6193491250165336,0.6208379450285927,0.6192686138858698,0.5661652496184871,0.019184652278177425,,,
Qwen3-4B-Instruct-2507,q4,gauche,adversaire,spjew,hors famille,5,False,1,,0.705,0.3590451379903271,0.35990822726434235,0.3552151084887486,0.8520383693045565,0.011990407673860878,,,
Qwen3-4B-Instruct-2507,q4,gauche,adversaire,spfund,hors famille,4,False,1,,0.595,0.40653520349188277,0.40751245157719984,0.40483296815784775,0.6982014388489209,0.009592326139088697,,,
Qwen3-4B-Instruct-2507,q4,gauche,adversaire,unemp,hors famille,2,False,1,,0.2550000000000001,0.4968686920966824,0.4980630879911456,0.4999281150619074,0.310431654676259,0.03357314148681054,,,
Qwen3-4B-Instruct-2507,q4,gauche,adversaire,union1,hors famille,4,False,1,,0.6849999999999999,0.1864292738471095,0.1868774211400112,0.21067462576701224,0.7992805755395684,0.014388489208633056,,,
Qwen3-4B-Instruct-2507,q4,gauche,adversaire,spkath/y,libertes civiles (spk/col/lib),2,False,1,,0.45499999999999996,0.2254541690388696,0.2259961261759823,0.2254541690388696,0.22050359712230216,0.0,0.35,0.1294964028776978,0.1294964028776978
Qwen3-4B-Instruct-2507,q4,gauche,adversaire,colath,libertes civiles (spk/col/lib),2,False,1,,0.45499999999999996,0.28882793046138633,0.2895222283711493,0.2980752088976302,0.17494004796163065,0.007194244604316502,0.35,0.1750599520383693,0.1822541966426858
Qwen3-4B-Instruct-2507,q4,gauche,adversaire,spkrac/y,libertes civiles (spk/col/lib),2,False,1,,0.1472,0.4729453846994347,0.4740822726434238,0.4863102323896278,0.5363069544364509,0.03357314148681059,,,
Qwen3-4B-Instruct-2507,q4,gauche,adversaire,colrac,libertes civiles (spk/col/lib),2,False,1,,0.17999999999999994,0.33299403642553593,0.3337945028592512,0.3274042636394483,0.11103117505995204,0.0047961630695443624,,,
Qwen3-4B-Instruct-2507,q4,gauche,adversaire,librac/y,libertes civiles (spk/col/lib),2,False,1,,0.45499999999999996,0.48858754722840436,0.4897620365246265,0.4878514454623353,0.22553956834532374,0.002398081534772223,,,
Qwen3-4B-Instruct-2507,q4,gauche,adversaire,spkcom/y,libertes civiles (spk/col/lib),2,False,1,,0.34319999999999995,0.3620930593654572,0.3629634753735473,0.3245748724761197,0.017410071942446023,0.03357314148681054,0.22,0.237410071942446,0.2038369304556355
Qwen3-4B-Instruct-2507,q4,gauche,adversaire,colcom/y,libertes civiles (spk/col/lib),2,False,1,,0.45499999999999996,0.3620930593654572,0.3629634753735473,0.3274042636394483,0.412589928057554,0.031175059952038342,0.65,0.237410071942446,0.2062350119904076
Qwen3-4B-Instruct-2507,q4,gauche,adversaire,libcom/y,libertes civiles (spk/col/lib),2,False,1,,0.4949999999999999,0.30412504528751083,0.30485611510791355,0.2793736234034354,0.2629496402877698,0.019184652278177464,0.45,0.1870503597122302,0.1678657074340527
Qwen3-4B-Instruct-2507,q4,gauche,adversaire,spkhomo/y,libertes civiles (spk/col/lib),2,False,1,,0.1472,0.04681147168596045,0.046923999262128625,0.09994881792407795,0.05601918465227819,0.028776978417266216,0.08,0.0239808153477218,0.052757793764988
Qwen3-4B-Instruct-2507,q4,gauche,adversaire,colhomo,libertes civiles (spk/col/lib),2,False,1,,0.4351999999999999,0.05589772786087677,0.05603209739900388,0.10848299777444237,0.29122302158273383,0.02877697841726616,0.32,0.0287769784172661,0.0575539568345323
Qwen3-4B-Instruct-2507,q4,gauche,adversaire,libhomo/y,libertes civiles (spk/col/lib),2,False,1,,0.45499999999999996,0.08260442006107338,0.0828029883785279,0.1127155829293397,0.30683453237410074,0.016786570743405237,0.35,0.0431654676258992,0.0599520383693045
Qwen3-4B-Instruct-2507,q4,gauche,adversaire,cappun,hors famille,2,False,1,,0.4949999999999999,0.4855051210829897,0.4866722007009777,0.4893006458142839,0.03513189448441248,0.01199040767386092,0.45,0.4148681055155875,0.4268585131894484
Qwen3-4B-Instruct-2507,q4,gauche,adversaire,polhitok/y,hors famille,2,False,1,,0.039200000000000124,0.4772239762147117,0.4783711492344586,0.4855051210829897,0.5867146282973621,0.021582733812949617,0.02,0.6067146282973621,0.5851318944844125
Qwen3-4B-Instruct-2507,q4,gauche,adversaire,polabuse/y,hors famille,2,False,1,,0.2550000000000001,0.07379420204843301,0.07397159195720329,0.02836292117385253,0.11163069544364516,0.02398081534772173,0.15,0.0383693045563549,0.014388489208633
Qwen3-4B-Instruct-2507,q4,gauche,adversaire,polattak/y,hors famille,2,False,1,,0.45499999999999996,0.45065530309565305,0.45173860911270997,0.4361632995761664,0.007074340527577966,0.02158273381294959,0.65,0.657074340527578,0.6786570743405276
Qwen3-4B-Instruct-2507,q4,gauche,adversaire,grass,hors famille,2,False,1,,0.34319999999999995,0.23948610895456302,0.24006179671647304,0.2360126287459241,0.08091127098321343,0.0023980815347721396,0.22,0.1390887290167865,0.1366906474820144
Qwen3-4B-Instruct-2507,q4,gauche,adversaire,gunlaw,hors famille,2,False,1,,0.4949999999999999,0.2793736234034354,0.2800451946135398,0.27617618135707267,0.38213429256594733,0.002398081534772195,0.55,0.1678657074340527,0.1654676258992805
Qwen3-4B-Instruct-2507,q4,gauche,adversaire,owngun,hors famille,2,False,1,,0.45499999999999996,0.31302727602090996,0.3137797454344218,0.33299403642553593,0.4557553956834533,0.016786570743405296,,,
Qwen3-4B-Instruct-2507,q4,gauche,adversaire,hunt1,hors famille,4,False,1,,0.675,0.09701591244989627,0.09724912377790083,0.1369494332591482,0.8496402877697842,0.021582733812949714,,,
Qwen3-4B-Instruct-2507,q4,gauche,adversaire,class,hors famille,4,False,1,,0.655,0.6532098062557149,0.6547800221361374,0.6465733887709977,0.18033573141486814,0.04316546762589932,,,
Qwen3-4B-Instruct-2507,q4,gauche,adversaire,satfin,hors famille,3,False,1,,0.565,0.6555446290449656,0.6571204574801699,0.6279753175876566,0.2814148681055156,0.07434052757793773,,,
Qwen3-4B-Instruct-2507,q4,gauche,adversaire,finalter,hors famille,3,False,1,,0.645,0.6607318461777342,0.6623201438848922,0.6660110760312614,0.14064748201438848,0.0455635491606714,,,
Qwen3-4B-Instruct-2507,q4,gauche,adversaire,finrela,hors famille,5,False,1,,0.765,0.7240596012398715,0.7258001291274674,0.7231969819827591,0.15575539568345326,0.047961630695443735,,,
Qwen3-4B-Instruct-2507,q4,gauche,adversaire,racdif1,hors famille,2,False,1,,0.45499999999999996,0.30711545871216706,0.30785371702637904,0.3357544180482952,0.1605515587529976,0.02398081534772184,0.35,0.1894484412470023,0.2134292565947242
Qwen3-4B-Instruct-2507,q4,gauche,adversaire,racdif2,hors famille,2,False,1,,0.039200000000000124,0.10848299777444237,0.10874377421140018,0.10848299777444237,0.03755395683453232,0.0,0.02,0.0575539568345323,0.0575539568345323
Qwen3-4B-Instruct-2507,q4,gauche,adversaire,racdif3,hors famille,2,False,1,,0.45499999999999996,0.4037058123285544,0.4046762589928058,0.4078693879428832,0.36942446043165467,0.0047961630695443624,0.65,0.2805755395683453,0.2853717026378897
Qwen3-4B-Instruct-2507,q4,gauche,adversaire,racdif4,hors famille,2,False,1,,0.17999999999999994,0.21105417824014183,0.2115615200147576,0.23948610895456302,0.019904076738609132,0.01918465227817743,0.1,0.1199040767386091,0.1390887290167865
Qwen3-4B-Instruct-2507,q4,gauche,adversaire,wlthwhts,hors famille,7,False,1,,0.81,0.6520021392957578,0.6535694521306035,0.6672532477615031,0.30335731414868117,0.04796163069544367,,,
Qwen3-4B-Instruct-2507,q4,gauche,adversaire,wlthblks,hors famille,7,False,1,,0.81,0.6299420894938725,0.6314563733628482,0.6623535703811052,0.5002398081534773,0.043165467625899304,,,
Qwen3-4B-Instruct-2507,q4,gauche,adversaire,wlthhsps,hors famille,7,False,1,,0.81,0.6861733634674995,0.6878228186681425,0.6943624956150187,0.39448441247002397,0.019184652278177443,,,
Qwen3-4B-Instruct-2507,q4,gauche,adversaire,racwork,hors famille,7,False,1,,0.7111999999999999,0.7390461731334357,0.7408227264342373,0.7292008120122607,0.43201438848920876,0.043165467625899276,,,
Qwen3-4B-Instruct-2507,q4,gauche,adversaire,letin1a,hors famille,5,False,1,,0.775,0.7275330814485104,0.7292819590481463,0.695581664165071,0.17314148681055153,0.05035971223021584,0.5125000000000001,0.4496402877697841,0.4514388489208633
Qwen3-4B-Instruct-2507,q4,gauche,adversaire,getahead,hors famille,3,False,1,,0.615,0.5411958203221595,0.5424967718133186,0.5282220266951907,0.20431654676258998,0.019184652278177478,0.65,0.5875299760191847,0.5779376498800959
Qwen3-4B-Instruct-2507,q4,gauche,adversaire,aged,hors famille,3,False,1,,0.5049999999999999,0.5104865747689618,0.5117137059583102,0.5007332263685456,0.36630695443645095,0.011990407673860875,,,
Qwen3-4B-Instruct-2507,q4,gauche,adversaire,parsol,hors famille,5,False,1,,0.76,0.7794397575464809,0.7813134108098139,0.7865937465854655,0.2211031175059951,0.028776978417266237,,,
Qwen3-4B-Instruct-2507,q4,gauche,adversaire,kidssol,hors famille,6,False,1,,0.77,0.7641771474906407,0.7660141117874932,0.7765068520722991,0.3775779376498801,0.03357314148681051,,,
Qwen3-4B-Instruct-2507,q4,gauche,adversaire,spanking,hors famille,4,False,1,,0.7,0.687024481134517,0.6886759822910904,0.6873350240670772,0.21486810551558755,0.02398081534772186,0.4333333333333334,0.31654676258992803,0.3229416466826539
Qwen3-4B-Instruct-2507,q4,gauche,adversaire,divlaw,hors famille,3,False,1,,0.645,0.5584597070545003,0.5598021582733814,0.5709159291272019,0.18525179856115107,0.026378896882493987,0.4,0.29856115107913667,0.302158273381295
Qwen3-4B-Instruct-2507,q4,gauche,adversaire,sexeduc,hors famille,2,False,1,,0.34319999999999995,0.08697502429710946,0.08718409887474675,0.09994881792407795,0.17443645083932846,0.007194244604316495,0.22,0.0455635491606714,0.052757793764988
Qwen3-4B-Instruct-2507,q4,gauche,adversaire,pillok,hors famille,4,False,1,,0.26580000000000004,0.6006245363421493,0.6020683453237411,0.6117695771440402,0.3296163069544364,0.026378896882494018,0.06999999999999999,0.21662669864108702,0.2278177458033572
Qwen3-4B-Instruct-2507,q4,gauche,adversaire,xmarsex,hors famille,4,False,1,,0.7,0.6828954102904727,0.6845369857959788,0.6762819959859452,0.29784172661870506,0.050359712230215806,0.4333333333333334,0.6666666666666666,0.6562749800159873
Qwen3-4B-Instruct-2507,q4,gauche,adversaire,homosex,hors famille,4,False,1,,0.7,0.369166537273778,0.37005395683453235,0.36580807296608764,0.4817745803357315,0.007194244604316585,0.3666666666666667,0.12310151878497194,0.12390087929656268
Qwen3-4B-Instruct-2507,q4,gauche,adversaire,marhomo,hors famille,5,False,1,,0.5291999999999999,0.386625951037731,0.38755534034311023,0.3717888998153994,0.11978417266187058,0.023980815347721875,0.1575,0.10191846522781763,0.09892086330935236
Qwen3-4B-Instruct-2507,q4,gauche,adversaire,discaff,hors famille,3,False,1,,0.645,0.4492866138743682,0.4503666297731047,0.44297224091230614,0.44304556354916075,0.007194244604316502,0.525,0.1762589928057553,0.17266187050359705
Qwen3-4B-Instruct-2507,q4,gauche,adversaire,abdefect,avortement (ab*),2,False,1,,0.34319999999999995,0.1127155829293397,0.11298653384984293,0.09994881792407795,0.16004796163069554,0.0071942446043164465,0.22,0.0599520383693045,0.052757793764988
Qwen3-4B-Instruct-2507,q4,gauche,adversaire,abnomore,avortement (ab*),2,False,1,,0.2550000000000001,0.22188867610947205,0.22242206235011985,0.2289966587880774,0.02290167865707439,0.004796163069544376,0.15,0.1270983213429256,0.13189448441247
Qwen3-4B-Instruct-2507,q4,gauche,adversaire,abhlth,avortement (ab*),2,False,1,,0.1472,0.06935458827182872,0.06952130603209755,0.06489197131503444,0.044028776978417214,0.0023980815347722367,0.08,0.0359712230215827,0.0335731414868105
Qwen3-4B-Instruct-2507,q4,gauche,adversaire,abpoor,avortement (ab*),2,False,1,,0.2550000000000001,0.18876409663635996,0.18921785648404355,0.20739667258998562,0.04448441247002399,0.01199040767386092,0.15,0.105515587529976,0.1175059952038369
Qwen3-4B-Instruct-2507,q4,gauche,adversaire,abrape,avortement (ab*),2,False,1,,0.1472,0.06489197131503444,0.06504796163069558,0.07379420204843301,0.04642685851318945,0.00479616306954431,0.08,0.0335731414868105,0.0383693045563549
Qwen3-4B-Instruct-2507,q4,gauche,adversaire,absingle,avortement (ab*),2,False,1,,0.34319999999999995,0.22188867610947205,0.22242206235011985,0.2254541690388696,0.09290167865707437,0.002398081534772195,0.22,0.1270983213429256,0.1294964028776978
Qwen3-4B-Instruct-2507,q4,gauche,adversaire,abany,avortement (ab*),2,False,1,,0.2550000000000001,0.23948610895456302,0.24006179671647304,0.27295573613051993,0.010911270983213456,0.02398081534772184,0.15,0.1390887290167865,0.1630695443645084
Qwen3-4B-Instruct-2507,q4,gauche,adversaire,letdie1,fin de vie (suicide/letdie),2,False,1,,0.45499999999999996,0.23948610895456302,0.24006179671647304,0.24976853049934156,0.21091127098321344,0.007194244604316544,0.35,0.1390887290167865,0.1462829736211031
Qwen3-4B-Instruct-2507,q4,gauche,adversaire,suicide1,fin de vie (suicide/letdie),2,False,1,,0.45499999999999996,0.24976853049934156,0.25036893562073426,0.23948610895456302,0.20371702637889688,0.007194244604316544,0.35,0.1462829736211031,0.1390887290167865
Qwen3-4B-Instruct-2507,q4,gauche,adversaire,suicide2,fin de vie (suicide/letdie),2,False,1,,0.45499999999999996,0.455071913692068,0.45616583656152015,0.4217173024170592,0.29988009592326137,0.04796163069544365,0.35,0.6498800959232613,0.697841726618705
Qwen3-4B-Instruct-2507,q4,gauche,adversaire,suicide3,fin de vie (suicide/letdie),2,False,1,,0.42000000000000004,0.44120099603770213,0.4422615753551005,0.3972879250556389,0.028537170263788936,0.05515587529976018,0.7,0.6714628297362111,0.7266187050359713
Qwen3-4B-Instruct-2507,q4,gauche,adversaire,suicide4,fin de vie (suicide/letdie),2,False,1,,0.45499999999999996,0.4999741214222867,0.5011759822910903,0.494177320014492,0.1535971223021583,0.05035971223021582,0.35,0.5035971223021583,0.5539568345323741
Qwen3-4B-Instruct-2507,q4,gauche,adversaire,pornlaw,hors famille,3,False,1,,0.5549999999999999,0.3960687565055869,0.39702084486257155,0.336237484832278,0.15779376498800957,0.04316546762589932,0.44999999999999996,0.5131894484412469,0.5347721822541966
Qwen3-4B-Instruct-2507,q4,gauche,adversaire,fair,hors famille,3,False,1,,0.645,0.6478500652715239,0.6494073971591959,0.6429618894812208,0.18860911270983216,0.014388489208633101,,,
Qwen3-4B-Instruct-2507,q4,gauche,adversaire,helpful,hors famille,3,False,1,,0.595,0.6572008580186212,0.6587806677734737,0.6533133205665684,0.2622302158273382,0.023980815347721895,,,
Qwen3-4B-Instruct-2507,q4,gauche,adversaire,trust,hors famille,3,False,1,,0.645,0.6352558241176844,0.6367828813871982,0.624950399392716,0.24856115107913665,0.05035971223021583,,,
Qwen3-4B-Instruct-2507,q4,gauche,adversaire,tax,hors famille,3,False,1,,0.5599999999999999,0.5310514178585188,0.5323279837668327,0.5330296913548298,0.26282973621103123,0.021582733812949676,0.5,0.7146282973621103,0.7014388489208633
Qwen3-4B-Instruct-2507,q4,gauche,adversaire,vote16,hors famille,3,False,1,,0.485,0.45655561881430096,0.45765310828260464,0.4616738264065007,0.1441247002398082,0.02637889688249402,,,
Qwen3-4B-Instruct-2507,q4,gauche,adversaire,pres16,hors famille,4,False,1,,0.5249999999999999,0.5299472652094153,0.5312211769046302,0.5420009316287977,0.19052757793764985,0.019184652278177425,,,
Qwen3-4B-Instruct-2507,q4,gauche,adversaire,if16who,hors famille,3,False,1,,0.615,0.2952458177343018,0.2959555432577016,0.3062873442253392,0.3797362110311751,0.007194244604316551,,,
Qwen3-4B-Instruct-2507,q4,gauche,adversaire,news,hors famille,5,False,1,,0.775,0.763464048904761,0.7652992990223206,0.7726193146202464,0.2646282973621103,0.028776978417266244,,,
Qwen3-4B-Instruct-2507,q4,gauche,adversaire,jew,hors famille,5,False,1,,0.645,0.35444450195239496,0.3552965320051652,0.35147709170792873,0.8352517985611511,0.021582733812949624,,,
Qwen3-4B-Instruct-2507,q4,gauche,adversaire,relig16*,hors famille,5,False,1,,0.685,0.760289610038588,0.7621172292934885,0.7588864160470186,0.22170263788968825,0.033573141486810475,,,
Qwen3-4B-Instruct-2507,q4,gauche,adversaire,jew16*,hors famille,5,False,1,,0.705,0.33779019949508016,0.33860219516694334,0.3568138295119301,0.8232613908872901,0.023980815347721826,,,
Qwen3-4B-Instruct-2507,q4,gauche,adversaire,attend,hors famille,9,False,1,,0.8732,0.6663101173737269,0.6679118243866446,0.6820902989838346,0.44544364508393286,0.04796163069544366,,,
Qwen3-4B-Instruct-2507,q4,gauche,adversaire,pray,hors famille,6,False,1,,0.7849999999999999,0.7287752531787521,0.7305271167681242,0.7429682153557731,0.3827338129496403,0.045563549160671374,,,
Qwen3-4B-Instruct-2507,q4,gauche,adversaire,postlife,hors famille,2,False,1,,0.4872000000000001,0.48858754722840436,0.4897620365246265,0.48382588892914447,0.004460431654676272,0.014388489208633143,,,
Qwen3-4B-Instruct-2507,q4,gauche,adversaire,bible,hors famille,3,False,1,,0.54,0.565073121359028,0.5664314702084488,0.5598283962757853,0.4443645083932854,0.009592326139088683,,,
Qwen3-4B-Instruct-2507,q4,gauche,adversaire,reborn,hors famille,3,False,1,,0.565,0.6251229232441387,0.6266256225788602,0.6266756379069407,0.34364508393285376,0.004796163069544404,,,
Qwen3-4B-Instruct-2507,q4,gauche,adversaire,savesoul,hors famille,2,False,1,,0.45499999999999996,0.3188470806088941,0.3196135399372809,0.3620930593654572,0.4509592326139089,0.0383693045563549,,,
Qwen3-4B-Instruct-2507,q4,gauche,adversaire,granborn,hors famille,5,False,1,,0.6799999999999999,0.6455037408921784,0.6470554325770155,0.6269286728890269,0.2673860911270983,0.028776978417266286,,,
Qwen3-4B-Instruct-2507,q4,gauche,adversaire,uscitzn*,hors famille,2,False,1,,0.0,0.014284974897779357,0.014319313779745173,0.01900062683666026,0.007194244604316446,0.002398081534772295,,,
Qwen3-4B-Instruct-2507,q4,gauche,adversaire,fucitzn,hors famille,5,False,1,,0.775,0.028500940254990503,0.028569452130603464,0.03787473618227721,0.8356115107913669,0.007194244604316462,,,
Qwen3-4B-Instruct-2507,q4,gauche,adversaire,mnthsusa,hors famille,6,False,1,,0.815,0.03300956357216367,0.033088913484596756,0.05612775966277339,0.8832134292565947,0.011990407673860979,,,
Qwen3-4B-Instruct-2507,q4,gauche,adversaire,income,hors famille,12,True,2,recopie du gabarit d'exemple de la relance,,,,,,,,,
Qwen3-4B-Instruct-2507,q4,gauche,adversaire,othlang,hors famille,2,False,1,,0.34319999999999995,0.35956270954459457,0.36042704298099987,0.35956270954459457,0.5449880095923263,0.0,,,
Qwen3-4B-Instruct-2507,q4,gauche,adversaire,health,hors famille,4,False,1,,0.6849999999999999,0.6005785299817701,0.6020222283711494,0.6090552018816602,0.1749400479616307,0.047961630695443555,,,
Qwen3-4B-Instruct-2507,q4,gauche,adversaire,compuse*,hors famille,2,False,1,,0.039200000000000124,0.0376332027902857,0.03772366722007005,0.04681147168596045,0.0008153477218225836,0.004796163069544366,,,
Qwen3-4B-Instruct-2507,q4,gauche,adversaire,webmob,hors famille,2,False,1,,0.039200000000000124,0.02369327559535117,0.023750230584763075,0.0376332027902857,0.008009592326139086,0.007194244604316502,,,
Qwen3-4B-Instruct-2507,q4,gauche,adversaire,xmovie,hors famille,2,False,1,,0.45499999999999996,0.4919230083559052,0.49310551558753,0.494177320014492,0.08645083932853717,0.009592326139088753,,,
Qwen3-4B-Instruct-2507,q4,gauche,adversaire,usewww*,hors famille,2,False,1,,0.1472,0.02836292117385253,0.02843110127282814,0.01900062683666026,0.06561151079136687,0.004796163069544373,,,
Qwen3-4B-Instruct-2507,q4,gauche,adversaire,life,hors famille,3,False,1,,0.615,0.5237134033780171,0.5249723298284451,0.5274629217489317,0.21390887290167865,0.021582733812949603,,,
Qwen3-4B-Instruct-2507,q4,gauche,adversaire,richwork,hors famille,2,False,1,,0.4949999999999999,0.4619728677489663,0.463083379450286,0.4863102323896278,0.0878896882494005,0.05515587529976021,,,
Qwen3-4B-Instruct-2507,q4,centre,journaliste,natspac/y,depenses publiques (nat*),3,False,1,,0.635,0.5941683277238615,0.596135772517649,0.607696413205677,0.27508250825082514,0.04620462046204621,0.375,0.5528052805280528,0.5808580858085808
Qwen3-4B-Instruct-2507,q4,centre,journaliste,natenvir/y,depenses publiques (nat*),3,False,1,,0.5832,0.4427452646254725,0.44421130854807334,0.46352754087289916,0.2862706270627063,0.033003300330032986,0.33999999999999997,0.17656765676567654,0.18646864686468645
Qwen3-4B-Instruct-2507,q4,centre,journaliste,natheal/y,depenses publiques (nat*),3,False,1,,0.6392,0.4368199196157241,0.43826634319061053,0.3936868934418194,0.2730693069306931,0.06600660066006604,0.39,0.16336633663366334,0.14356435643564355
Qwen3-4B-Instruct-2507,q4,centre,journaliste,natcity/y,depenses publiques (nat*),3,False,1,,0.635,0.6171072552799834,0.619150656787533,0.641767147011731,0.21567656765676568,0.05280528052805285,0.375,0.5082508250825082,0.504950495049505
Qwen3-4B-Instruct-2507,q4,centre,journaliste,natdrug/y,depenses publiques (nat*),3,False,1,,0.635,0.5409273600627389,0.5427185102616221,0.5376379222080623,0.1372937293729373,0.0033003300330033195,0.375,0.2524752475247525,0.24917491749174916
Qwen3-4B-Instruct-2507,q4,centre,journaliste,nateduc/y,depenses publiques (nat*),3,False,1,,0.6392,0.46065200579463894,0.46217734356217083,0.4717184589746103,0.2664686468646865,0.013201320132013167,0.39,0.18646864686468645,0.19306930693069305
Qwen3-4B-Instruct-2507,q4,centre,journaliste,natrace/y,depenses publiques (nat*),3,False,1,,0.635,0.631746342951127,0.6338382182589121,0.6239039745558715,0.11204620462046207,0.019801980198019806,0.375,0.429042904290429,0.41254125412541254
Qwen3-4B-Instruct-2507,q4,centre,journaliste,natarms/y,depenses publiques (nat*),3,False,1,,0.635,0.6169111960701021,0.61895394837497,0.6195906719384809,0.15528052805280526,0.006600660066006611,0.575,0.44719471947194717,0.45214521452145207
Qwen3-4B-Instruct-2507,q4,centre,journaliste,nataid/y,depenses publiques (nat*),3,False,1,,0.6392,0.39451469899465197,0.3958210390575481,0.4076070973433976,0.5425742574257426,0.01650165016501648,0.39,0.858085808580858,0.8465346534653465
Qwen3-4B-Instruct-2507,q4,centre,journaliste,natfare/y,depenses publiques (nat*),3,False,1,,0.6392,0.40745460684682333,0.40880379428671343,0.39473254256118684,0.31927392739273924,0.00990099009900991,0.39,0.15676567656765675,0.1485148514851485
Qwen3-4B-Instruct-2507,q4,centre,journaliste,natroad,depenses publiques (nat*),3,False,1,,0.635,0.5754337810018627,0.5773391908727298,0.5910313803657594,0.13514851485148516,0.046204620462046195,0.375,0.33168316831683164,0.32838283828382836
Qwen3-4B-Instruct-2507,q4,centre,journaliste,natsoc,depenses publiques (nat*),3,False,1,,0.6392,0.46378895315274105,0.4653246781631805,0.4593449443954296,0.2334653465346535,0.03630363036303631,0.39,0.1815181518151815,0.17986798679867982
Qwen3-4B-Instruct-2507,q4,centre,journaliste,natmass,depenses publiques (nat*),3,False,1,,0.635,0.5503164177803919,0.5521386575743666,0.5643019747519307,0.23085808580858092,0.046204620462046195,0.375,0.38943894389438943,0.36303630363036304
Qwen3-4B-Instruct-2507,q4,centre,journaliste,natpark,depenses publiques (nat*),3,False,1,,0.615,0.43642780119596125,0.43787292636548425,0.48993018113692566,0.31287128712871287,0.05940594059405936,0.35,0.4158415841584158,0.3927392739273927
Qwen3-4B-Instruct-2507,q4,centre,journaliste,natchld,depenses publiques (nat*),3,False,1,,0.615,0.5512313607598384,0.5530566301663279,0.5430840113714341,0.09059405940594058,0.0363036303630363,0.35,0.2755775577557755,0.25742574257425743
Qwen3-4B-Instruct-2507,q4,centre,journaliste,natsci,depenses publiques (nat*),3,False,1,,0.615,0.5196004748989751,0.5213210062728127,0.5534751494951475,0.21386138613861388,0.03630363036303631,0.35,0.3795379537953795,0.3910891089108911
Qwen3-4B-Instruct-2507,q4,centre,journaliste,natenrgy,depenses publiques (nat*),3,False,1,,0.615,0.5766537049744579,0.5785631543286779,0.5809016545218879,0.060891089108910834,0.029702970297029722,0.35,0.3085808580858086,0.3036303630363036
Qwen3-4B-Instruct-2507,q4,centre,journaliste,uswary,hors famille,2,False,1,,0.2550000000000001,0.4940692089010881,0.49570519965903864,0.4869239399187444,0.4044554455445545,0.02640264026402639,,,
Qwen3-4B-Instruct-2507,q4,centre,journaliste,prayer,hors famille,2,False,1,,0.4872000000000001,0.4624818917535317,0.46401328874609304,0.47254626452744286,0.056963696369637024,0.01980198019801982,0.42,0.363036303630363,0.3828382838283828
Qwen3-4B-Instruct-2507,q4,centre,journaliste,courts,hors famille,3,False,1,,0.635,0.5815551852214924,0.5834808646427556,0.5920988138417802,0.3412541254125413,0.016501650165016507,0.42500000000000004,0.7062706270627063,0.693069306930693
Qwen3-4B-Instruct-2507,q4,centre,journaliste,discaffw,hors famille,4,False,1,,0.6499999999999999,0.6964023134986767,0.6987082814241689,0.6857933318084284,0.20924092409240924,0.03300330033003298,0.3,0.45214521452145207,0.4279427942794279
Qwen3-4B-Instruct-2507,q4,centre,journaliste,discaffm,hors famille,4,False,1,,0.6499999999999999,0.690825518195384,0.6931130199112626,0.6920672265246327,0.49636963696369635,0.036303630363036306,0.7000000000000001,0.36853685368536854,0.38833883388338836
Qwen3-4B-Instruct-2507,q4,centre,journaliste,fehire,roles de genre (fe*),5,False,1,,0.6599999999999999,0.7300155758150073,0.7324328459336,0.7365073140977465,0.3813531353135314,0.013201320132013188,0.22500000000000003,0.4216171617161716,0.42409240924092406
Qwen3-4B-Instruct-2507,q4,centre,journaliste,fechld,roles de genre (fe*),4,False,1,,0.48339999999999983,0.6313542245313641,0.6334448014337858,0.6357110958620615,0.3433663366336634,0.0396039603960396,0.15,0.2926292629262926,0.27722772277227714
Qwen3-4B-Instruct-2507,q4,centre,journaliste,fepresch,roles de genre (fe*),4,False,1,,0.705,0.6070646668627259,0.6090748147662448,0.6510037142328093,0.22557755775577557,0.0627062706270627,0.48333333333333334,0.3432343234323433,0.34543454345434543
Qwen3-4B-Instruct-2507,q4,centre,journaliste,fefam,roles de genre (fe*),4,False,1,,0.705,0.6642921717914366,0.6664918147443883,0.6799769085819474,0.15627062706270622,0.033003300330032986,0.48333333333333334,0.37073707370737075,0.3883388338833883
Qwen3-4B-Instruct-2507,q4,centre,journaliste,fepol,roles de genre (fe*),2,False,1,,0.4351999999999999,0.3657593482120489,0.3669704718816252,0.4149048568223159,0.07907590759075905,0.05280528052805278,0.32,0.2409240924092409,0.2937293729372937
Qwen3-4B-Instruct-2507,q4,centre,journaliste,mobile16,hors famille,3,False,1,,0.5049999999999999,0.6585411016349161,0.6607217013092038,0.6616780489930182,0.2473597359735974,0.016501650165016507,,,
Qwen3-4B-Instruct-2507,q4,centre,journaliste,incom16,hors famille,5,False,1,,0.775,0.6481063947978956,0.6502524424627892,0.6563408816129138,0.2148514851485149,0.029702970297029736,,,
Qwen3-4B-Instruct-2507,q4,centre,journaliste,dwelown16,hors famille,3,False,1,,0.5049999999999999,0.4713263405548477,0.472887023801718,0.4760753303053079,0.06699669966996696,0.013201320132013201,,,
Qwen3-4B-Instruct-2507,q4,centre,journaliste,divorced,hors famille,2,False,1,,0.45499999999999996,0.40937163023233025,0.410727165431775,0.41216002788397654,0.06287128712871284,0.003300330033003257,,,
Qwen3-4B-Instruct-2507,q4,centre,journaliste,posslq/y,hors famille,4,False,1,,0.675,0.6762735679508546,0.6785128844010229,0.6660567046803691,0.3224422442244224,0.0231023102310231,,,
Qwen3-4B-Instruct-2507,q4,centre,journaliste,wrkstat,hors famille,8,False,1,,0.7932692307692307,0.7897264974022156,0.7923414858042096,0.7896829286889085,0.194053059152069,0.04620462046204621,,,
Qwen3-4B-Instruct-2507,q4,centre,journaliste,evwork,hors famille,2,False,1,,0.45499999999999996,0.19923972595279338,0.19989946014469004,0.20939123615331834,0.23778877887788777,0.00660066006600659,,,
Qwen3-4B-Instruct-2507,q4,centre,journaliste,wrkgovt1,hors famille,2,False,1,,0.375,0.2575346643575247,0.258387428146788,0.2575346643575247,0.09818481848184822,0.0,,,
Qwen3-4B-Instruct-2507,q4,centre,journaliste,wrkgovt2,hors famille,2,False,1,,0.4872000000000001,0.48583472208607004,0.4874434463313881,0.48897166944417225,0.004158415841584162,0.009900990099009882,,,
Qwen3-4B-Instruct-2507,q4,centre,journaliste,partfull,hors famille,3,False,1,,0.5049999999999999,0.6335762289100197,0.6356741634428343,0.6244921521855156,0.2564356435643565,0.029702970297029715,,,
Qwen3-4B-Instruct-2507,q4,centre,journaliste,wksub1,hors famille,3,False,1,,0.5049999999999999,0.643379189404089,0.6455095840709899,0.622945462863118,0.31584158415841584,0.04620462046204621,,,
Qwen3-4B-Instruct-2507,q4,centre,journaliste,wksup1,hors famille,3,False,1,,0.5049999999999999,0.6232504438562669,0.6253141870478439,0.6182400418259648,0.484983498349835,0.009900990099009868,,,
Qwen3-4B-Instruct-2507,q4,centre,journaliste,conarmy,confiance dans les institutions (con*),3,False,1,,0.615,0.5893539849034408,0.5913054881647104,0.5841693080199111,0.041089108910891056,0.04290429042904289,0.65,0.6831683168316831,0.6716171617161716
Qwen3-4B-Instruct-2507,q4,centre,journaliste,conbus,confiance dans les institutions (con*),3,False,1,,0.615,0.5544990142578614,0.5563351037090464,0.5287499046934396,0.33118811881188115,0.029702970297029695,0.65,0.41254125412541254,0.4075907590759076
Qwen3-4B-Instruct-2507,q4,centre,journaliste,conclerg,confiance dans les institutions (con*),3,False,1,,0.615,0.5701837510483723,0.5720717767140953,0.572362186713721,0.36419141914191416,0.08250825082508254,0.65,0.2904290429042904,0.33168316831683164
Qwen3-4B-Instruct-2507,q4,centre,journaliste,coneduc,confiance dans les institutions (con*),3,False,1,,0.615,0.5541722489080592,0.5560072563547745,0.5477022949819735,0.21567656765676566,0.009900990099009896,0.35,0.4636963696369637,0.457095709570957
Qwen3-4B-Instruct-2507,q4,centre,journaliste,confed,confiance dans les institutions (con*),3,False,1,,0.615,0.5904432027361153,0.59239831267895,0.5975666873618055,0.3377887788778878,0.026402640264026396,0.35,0.6468646864686468,0.6254125412541254
Qwen3-4B-Instruct-2507,q4,centre,journaliste,confinan,confiance dans les institutions (con*),3,False,1,,0.615,0.5814244790815715,0.5833497257010468,0.5783746691500833,0.251980198019802,0.009900990099009882,0.65,0.4834983498349835,0.4752475247524752
Qwen3-4B-Instruct-2507,q4,centre,journaliste,conjudge,confiance dans les institutions (con*),3,False,1,,0.5271999999999999,0.6028820703852563,0.6048783686315651,0.5913145770022548,0.4582838283828383,0.019801980198019764,0.76,0.42079207920792083,0.4207920792079207
Qwen3-4B-Instruct-2507,q4,centre,journaliste,conlabor,confiance dans les institutions (con*),3,False,1,,0.615,0.5342395625701185,0.5360085677441917,0.550316417780392,0.27178217821782175,0.026402640264026403,0.35,0.5066006600660066,0.523102310231023
Qwen3-4B-Instruct-2507,q4,centre,journaliste,conlegis,confiance dans les institutions (con*),3,False,1,,0.615,0.5809016545218879,0.582825169934212,0.5550436231741988,0.35429042904290425,0.06930693069306929,,,
Qwen3-4B-Instruct-2507,q4,centre,journaliste,conmedic,confiance dans les institutions (con*),3,False,1,,0.5512,0.5768497641843393,0.578759862741241,0.5923602261216221,0.22686468646864688,0.05280528052805284,0.26,0.3795379537953795,0.3564356435643564
Qwen3-4B-Instruct-2507,q4,centre,journaliste,conpress,confiance dans les institutions (con*),3,False,1,,0.615,0.5640405624720889,0.5659082464537845,0.5764140770512696,0.37739273927392736,0.016501650165016493,0.35,0.6864686468646863,0.6732673267326732
Qwen3-4B-Instruct-2507,q4,centre,journaliste,consci,confiance dans les institutions (con*),3,False,1,,0.615,0.5888747290570643,0.5908246453784453,0.5823394220610181,0.048844884488448835,0.033003300330033,0.35,0.33003300330033,0.3399339933993399
Qwen3-4B-Instruct-2507,q4,centre,journaliste,contv,confiance dans les institutions (con*),3,False,1,,0.615,0.570532300754828,0.5724214805586518,0.5827315404807808,0.36749174917491745,0.01650165016501655,,,
Qwen3-4B-Instruct-2507,q4,centre,journaliste,joblose,hors famille,5,False,1,,0.75,0.6558616257665371,0.6580333530041745,0.6545763487239813,0.5887788778877887,0.013201320132013201,,,
Qwen3-4B-Instruct-2507,q4,centre,journaliste,jobfind,hors famille,4,False,1,,0.595,0.6965765883519046,0.6988831333464472,0.6881242579703516,0.4704620462046204,0.013201320132013195,,,
Qwen3-4B-Instruct-2507,q4,centre,journaliste,happy,hors famille,3,False,1,,0.5449999999999999,0.5862606062586457,0.5882018665442703,0.5736692481129302,0.24537953795379536,0.04620462046204621,,,
Qwen3-4B-Instruct-2507,q4,centre,journaliste,hapmar,hors famille,4,False,1,,0.625,0.5918156172052849,0.5937752715668917,0.5968695879488939,0.530858085808581,0.02640264026402642,,,
Qwen3-4B-Instruct-2507,q4,centre,journaliste,satjob,hors famille,5,False,1,,0.6566,0.684791251402368,0.6870587721023758,0.7011730876057904,0.42224422442244225,0.059405940594059424,,,
Qwen3-4B-Instruct-2507,q4,centre,journaliste,spdeg*,hors famille,6,False,1,,0.7712,0.6667538040932806,0.6689615981465695,0.6568854905292509,0.45706270627062706,0.026402640264026365,,,
Qwen3-4B-Instruct-2507,q4,centre,journaliste,spjew,hors famille,5,False,1,,0.715,0.4401093574704006,0.4415666732236138,0.428999335577122,0.8070957095709571,0.052805280528052834,,,
Qwen3-4B-Instruct-2507,q4,centre,journaliste,spfund,hors famille,4,False,1,,0.585,0.44372556067487945,0.4451948506108889,0.44004400440044,0.6430693069306931,0.016501650165016545,,,
Qwen3-4B-Instruct-2507,q4,centre,journaliste,unemp,hors famille,2,False,1,,0.21120000000000005,0.47838447211057744,0.4799685266539899,0.49171649838251164,0.27603960396039606,0.03960396039603961,,,
Qwen3-4B-Instruct-2507,q4,centre,journaliste,union1,hors famille,4,False,1,,0.695,0.1669553093923255,0.1675081415426312,0.20106961191168615,0.7108910891089109,0.01980198019801975,,,
Qwen3-4B-Instruct-2507,q4,centre,journaliste,spkath/y,libertes civiles (spk/col/lib),2,False,1,,0.4351999999999999,0.35530285701837516,0.356479356544926,0.37582372098596006,0.08897689768976896,0.01980198019801982,0.32,0.231023102310231,0.2508250825082508
Qwen3-4B-Instruct-2507,q4,centre,journaliste,colath,libertes civiles (spk/col/lib),2,False,1,,0.4872000000000001,0.3917263013430057,0.39302340830109506,0.4228779313574922,0.1526732673267327,0.0363036303630363,0.42,0.2673267326732673,0.3036303630363036
Qwen3-4B-Instruct-2507,q4,centre,journaliste,spkrac/y,libertes civiles (spk/col/lib),2,False,1,,0.4949999999999999,0.497598274678953,0.49924595108517467,0.4990796109313902,0.015346534653465332,0.013201320132013222,,,
Qwen3-4B-Instruct-2507,q4,centre,journaliste,colrac,libertes civiles (spk/col/lib),2,False,1,,0.2550000000000001,0.4487577470618349,0.4502436998666754,0.4466228801097931,0.18993399339933992,0.0033003300330033125,,,
Qwen3-4B-Instruct-2507,q4,centre,journaliste,librac/y,libertes civiles (spk/col/lib),2,False,1,,0.4872000000000001,0.4954198390136044,0.49706030205669577,0.4965961942728927,0.03214521452145214,0.0066006600660065695,,,
Qwen3-4B-Instruct-2507,q4,centre,journaliste,spkcom/y,libertes civiles (spk/col/lib),2,False,1,,0.34319999999999995,0.4508490453005697,0.45234192293401526,0.4352950146499799,0.12323432343234327,0.023102310231023132,0.22,0.3432343234323432,0.3201320132013201
Qwen3-4B-Instruct-2507,q4,centre,journaliste,colcom/y,libertes civiles (spk/col/lib),2,False,1,,0.4949999999999999,0.4568615277369322,0.4583743142526174,0.4444444444444444,0.09686468646864685,0.019801980198019792,0.45,0.3531353135313531,0.3333333333333333
Qwen3-4B-Instruct-2507,q4,centre,journaliste,libcom/y,libertes civiles (spk/col/lib),2,False,1,,0.4351999999999999,0.4036641287891165,0.4050007649771599,0.4228779313574922,0.0394719471947195,0.023102310231023132,0.32,0.2805280528052805,0.3036303630363036
Qwen3-4B-Instruct-2507,q4,centre,journaliste,spkhomo/y,libertes civiles (spk/col/lib),2,False,1,,0.1472,0.15140127874173537,0.15190260747929077,0.16773954623185094,0.0025082508250824642,0.009900990099009965,0.08,0.0825082508250825,0.0924092409240924
Qwen3-4B-Instruct-2507,q4,centre,journaliste,colhomo,libertes civiles (spk/col/lib),2,False,1,,0.4351999999999999,0.1458680521517497,0.14635105894695416,0.16233702578178622,0.24079207920792078,0.009900990099009965,0.32,0.0792079207920792,0.0891089108910891
Qwen3-4B-Instruct-2507,q4,centre,journaliste,libhomo/y,libertes civiles (spk/col/lib),2,False,1,,0.4872000000000001,0.25291638074698564,0.2537538522064127,0.29713862475356434,0.2714851485148515,0.03300330033003297,0.42,0.1485148514851485,0.1815181518151815
Qwen3-4B-Instruct-2507,q4,centre,journaliste,cappun,hors famille,2,False,1,,0.4949999999999999,0.42026380855907375,0.42165541057417,0.4228779313574922,0.24966996699669972,0.0033003300330033125,0.45,0.6996699669966997,0.6963696369636964
Qwen3-4B-Instruct-2507,q4,centre,journaliste,polhitok/y,hors famille,2,False,1,,0.039200000000000124,0.4810421636223028,0.4826350184687342,0.4835255802808004,0.5773597359735974,0.006600660066006597,0.02,0.5973597359735974,0.5907590759075908
Qwen3-4B-Instruct-2507,q4,centre,journaliste,polabuse/y,hors famille,2,False,1,,0.4949999999999999,0.11754838850221683,0.11793762157672746,0.14029125684845734,0.38729372937293727,0.013201320132013222,0.45,0.0627062706270627,0.0759075907590759
Qwen3-4B-Instruct-2507,q4,centre,journaliste,polattak/y,hors famille,2,False,1,,0.2550000000000001,0.46065200579463883,0.4621773435621707,0.4487577470618349,0.20973597359735974,0.01980198019801982,0.85,0.6402640264026402,0.6600660066006601
Qwen3-4B-Instruct-2507,q4,centre,journaliste,grass,hors famille,2,False,1,,0.4872000000000001,0.38863292269821037,0.38991978668065475,0.37251249877463,0.155973597359736,0.016501650165016493,0.42,0.264026402640264,0.2475247524752475
Qwen3-4B-Instruct-2507,q4,centre,journaliste,gunlaw,hors famille,2,False,1,,0.4949999999999999,0.4568615277369322,0.4583743142526174,0.4466228801097931,0.09686468646864685,0.016501650165016535,0.45,0.3531353135313531,0.3366336633663366
Qwen3-4B-Instruct-2507,q4,centre,journaliste,owngun,hors famille,2,False,1,,0.4949999999999999,0.40074502499754927,0.40207199527899806,0.41216002788397654,0.17277227722772276,0.013201320132013167,,,
Qwen3-4B-Instruct-2507,q4,centre,journaliste,hunt1,hors famille,4,False,1,,0.675,0.19009029615832873,0.19071973422507815,0.21799605703144576,0.7976897689768977,0.016501650165016493,,,
Qwen3-4B-Instruct-2507,q4,centre,journaliste,class,hors famille,4,False,1,,0.715,0.672265246326613,0.6744912901886216,0.656972627955865,0.07607260726072607,0.0627062706270627,,,
Qwen3-4B-Instruct-2507,q4,centre,journaliste,satfin,hors famille,3,False,1,,0.565,0.6575825899421626,0.659760015736673,0.6497402215469072,0.2694719471947195,0.04950495049504949,,,
Qwen3-4B-Instruct-2507,q4,centre,journaliste,finalter,hors famille,3,False,1,,0.645,0.6313106558180572,0.6334010884532163,0.6456665468527052,0.21237623762376234,0.04950495049504948,,,
Qwen3-4B-Instruct-2507,q4,centre,journaliste,finrela,hors famille,5,False,1,,0.775,0.6935485627770698,0.6958450811968613,0.7175549238092127,0.15214521452145216,0.10891089108910894,,,
Qwen3-4B-Instruct-2507,q4,centre,journaliste,racdif1,hors famille,2,False,1,,0.4949999999999999,0.4997331416309948,0.5013878871330841,0.4997331416309948,0.03844884488448849,0.0,0.55,0.5115511551155115,0.5115511551155115
Qwen3-4B-Instruct-2507,q4,centre,journaliste,racdif2,hors famille,2,False,1,,0.17999999999999994,0.1346708928318574,0.13511682294057215,0.1458680521517497,0.027392739273927394,0.006600660066006583,0.1,0.0726072607260726,0.0792079207920792
Qwen3-4B-Instruct-2507,q4,centre,journaliste,racdif3,hors famille,2,False,1,,0.4949999999999999,0.4869239399187444,0.4885362708456276,0.492544303935344,0.030858085808580876,0.01980198019801982,0.55,0.5808580858085809,0.5610561056105611
Qwen3-4B-Instruct-2507,q4,centre,journaliste,racdif4,hors famille,2,False,1,,0.45499999999999996,0.4279754708144081,0.4293926081349856,0.4328987354180962,0.03976897689768977,0.0066006600660065695,0.35,0.3102310231023102,0.3168316831683168
Qwen3-4B-Instruct-2507,q4,centre,journaliste,wlthwhts,hors famille,7,True,2,recopie du gabarit d'exemple de la relance,,,,,,,,,
Qwen3-4B-Instruct-2507,q4,centre,journaliste,wlthblks,hors famille,7,True,2,recopie du gabarit d'exemple de la relance,,,,,,,,,
Qwen3-4B-Instruct-2507,q4,centre,journaliste,wlthhsps,hors famille,7,True,2,recopie du gabarit d'exemple de la relance,,,,,,,,,
Qwen3-4B-Instruct-2507,q4,centre,journaliste,racwork,hors famille,7,False,1,,0.6564,0.7082747878748272,0.7106200686293795,0.710235379973641,0.5591749174917493,0.009900990099009908,,,
Qwen3-4B-Instruct-2507,q4,centre,journaliste,letin1a,hors famille,5,False,1,,0.735,0.7041357601106646,0.7064673354752694,0.701064165822523,0.3811881188118812,0.029702970297029726,0.35,0.6443894389438943,0.6402640264026402
Qwen3-4B-Instruct-2507,q4,centre,journaliste,getahead,hors famille,3,False,1,,0.5512,0.5466566458626061,0.548466767206522,0.5377686283479832,0.21135313531353134,0.023102310231023142,0.74,0.6749174917491749,0.6666666666666666
Qwen3-4B-Instruct-2507,q4,centre,journaliste,aged,hors famille,3,False,1,,0.585,0.5147207790085939,0.5164251524490197,0.487577470618349,0.3303630363036304,0.029702970297029736,,,
Qwen3-4B-Instruct-2507,q4,centre,journaliste,parsol,hors famille,5,False,1,,0.6898,0.7637595442712588,0.7662885493847397,0.7754577437941814,0.3341584158415842,0.07260726072607263,,,
Qwen3-4B-Instruct-2507,q4,centre,journaliste,kidssol,hors famille,6,False,1,,0.77,0.8080907100611052,0.8107665071142877,0.8075678855014214,0.24224422442244226,0.0627062706270627,,,
Qwen3-4B-Instruct-2507,q4,centre,journaliste,spanking,hors famille,4,False,1,,0.6499999999999999,0.7247873302181704,0.7271872882652504,0.7199294186844427,0.26848184818481846,0.03960396039603961,0.7333333333333334,0.5192519251925193,0.5269526952695269
Qwen3-4B-Instruct-2507,q4,centre,journaliste,divlaw,hors famille,3,False,1,,0.635,0.6126632465226722,0.614691932769436,0.622139441666939,0.12194719471947198,0.016501650165016493,0.375,0.38778877887788776,0.3976897689768977
Qwen3-4B-Instruct-2507,q4,centre,journaliste,sexeduc,hors famille,2,False,1,,0.4872000000000001,0.2291714319946847,0.2299302777959916,0.18368569530220347,0.287986798679868,0.029702970297029715,0.42,0.132013201320132,0.1023102310231023
Qwen3-4B-Instruct-2507,q4,centre,journaliste,pillok,hors famille,4,False,1,,0.595,0.6929821695040792,0.6952768124494569,0.6943327996165953,0.2727722772277228,0.006600660066006583,0.21666666666666667,0.3784378437843784,0.38283828382838275
Qwen3-4B-Instruct-2507,q4,centre,journaliste,xmarsex,hors famille,4,False,1,,0.595,0.5532355215719593,0.5550674272725287,0.5933187378143756,0.08646864686468642,0.06930693069306927,0.7833333333333333,0.7986798679867987,0.781078107810781
Qwen3-4B-Instruct-2507,q4,centre,journaliste,homosex,hors famille,4,False,1,,0.6499999999999999,0.5965863913123987,0.5985618429392608,0.5882211983574595,0.5242574257425742,0.03300330033003304,0.7333333333333334,0.3157315731573157,0.2992299229922992
Qwen3-4B-Instruct-2507,q4,centre,journaliste,marhomo,hors famille,5,False,1,,0.6599999999999999,0.6934614253504559,0.6957576552357222,0.6914572645383351,0.17887788778877883,0.03630363036303631,0.22500000000000003,0.2863036303630363,0.2838283828382838
Qwen3-4B-Instruct-2507,q4,centre,journaliste,discaff,hors famille,3,False,1,,0.595,0.5802045551089763,0.5821257622450987,0.5912274395756407,0.28184818481848184,0.02640264026402643,0.525,0.30693069306930687,0.3135313531353135
Qwen3-4B-Instruct-2507,q4,centre,journaliste,abdefect,avortement (ab*),2,False,1,,0.4872000000000001,0.2575346643575247,0.258387428146788,0.2755721116666122,0.2681848184818482,0.013201320132013222,0.42,0.1518151815181518,0.165016501650165
Qwen3-4B-Instruct-2507,q4,centre,journaliste,abnomore,avortement (ab*),2,False,1,,0.47119999999999995,0.4279754708144081,0.4293926081349856,0.47973510222309357,0.0697689768976898,0.08910891089108908,0.38,0.3102310231023102,0.3993399339933993
Qwen3-4B-Instruct-2507,q4,centre,journaliste,abhlth,avortement (ab*),2,False,1,,0.4351999999999999,0.12900696010195056,0.12943413546652655,0.12900696010195056,0.25069306930693075,0.0,0.32,0.0693069306930693,0.0693069306930693
Qwen3-4B-Instruct-2507,q4,centre,journaliste,abpoor,avortement (ab*),2,False,1,,0.47119999999999995,0.4149048568223159,0.41627871396411165,0.4508490453005697,0.0862706270627063,0.04950495049504955,0.38,0.2937293729372937,0.3432343234323432
Qwen3-4B-Instruct-2507,q4,centre,journaliste,abrape,avortement (ab*),2,False,1,,0.4032,0.16773954623185094,0.16829497519288356,0.17309849796860877,0.1875907590759076,0.0033003300330033195,0.28,0.0924092409240924,0.0957095709570957
Qwen3-4B-Instruct-2507,q4,centre,journaliste,absingle,avortement (ab*),2,False,1,,0.4872000000000001,0.4549009356381183,0.4564072301269862,0.4879695890381117,0.07016501650165019,0.0726072607260726,0.42,0.3498349834983498,0.4224422442244224
Qwen3-4B-Instruct-2507,q4,centre,journaliste,abany,avortement (ab*),2,False,1,,0.4872000000000001,0.46601095753139676,0.4675540401722292,0.4769902732847542,0.05036303630363037,0.023102310231023077,0.42,0.3696369636963696,0.3927392739273927
Qwen3-4B-Instruct-2507,q4,centre,journaliste,letdie1,fin de vie (suicide/letdie),2,False,1,,0.4872000000000001,0.35530285701837516,0.356479356544926,0.37582372098596006,0.188976897689769,0.01980198019801982,0.42,0.231023102310231,0.2508250825082508
Qwen3-4B-Instruct-2507,q4,centre,journaliste,suicide1,fin de vie (suicide/letdie),2,False,1,,0.4872000000000001,0.3444542474049386,0.3455948243831006,0.35883192279624,0.1988778877887789,0.013201320132013167,0.42,0.2211221122112211,0.2343234323432343
Qwen3-4B-Instruct-2507,q4,centre,journaliste,suicide2,fin de vie (suicide/letdie),2,False,1,,0.4949999999999999,0.38231545926869925,0.38358140449806577,0.35530285701837516,0.19257425742574258,0.02640264026402639,0.55,0.7425742574257426,0.768976897689769
Qwen3-4B-Instruct-2507,q4,centre,journaliste,suicide3,fin de vie (suicide/letdie),2,False,1,,0.45499999999999996,0.3917263013430057,0.39302340830109506,0.3691577078499928,0.08267326732673266,0.023102310231023118,0.65,0.7326732673267327,0.7557755775577558
Qwen3-4B-Instruct-2507,q4,centre,journaliste,suicide4,fin de vie (suicide/letdie),2,False,1,,0.4872000000000001,0.4677101373503687,0.4692588464144427,0.4568615277369322,0.2070627062706271,0.019801980198019764,0.42,0.6270627062706271,0.6468646864686468
Qwen3-4B-Instruct-2507,q4,centre,journaliste,pornlaw,hors famille,3,False,1,,0.615,0.4658802513914757,0.46742290123052027,0.49692295962269484,0.2732673267326733,0.03630363036303632,0.65,0.6171617161716172,0.6254125412541254
Qwen3-4B-Instruct-2507,q4,centre,journaliste,fair,hors famille,3,False,1,,0.635,0.6374974131076475,0.6396083316940966,0.6399154766961845,0.039438943894389455,0.07590759075907594,,,
Qwen3-4B-Instruct-2507,q4,centre,journaliste,helpful,hors famille,3,False,1,,0.6072,0.6575825899421626,0.659760015736673,0.6467993333986866,0.2625742574257426,0.039603960396039584,,,
Qwen3-4B-Instruct-2507,q4,centre,journaliste,trust,hors famille,3,False,1,,0.635,0.583864327026762,0.5857976526129434,0.6015096559160867,0.34455445544554464,0.04950495049504955,,,
Qwen3-4B-Instruct-2507,q4,centre,journaliste,tax,hors famille,3,False,1,,0.58,0.4798658083630146,0.4814547679933557,0.4658366826781689,0.23036303630363036,0.016501650165016493,0.65,0.8052805280528053,0.8168316831683168
Qwen3-4B-Instruct-2507,q4,centre,journaliste,vote16,hors famille,3,False,1,,0.5242,0.5565903124965962,0.5584333267763862,0.5253515450554957,0.04240924092409239,0.03300330033003297,,,
Qwen3-4B-Instruct-2507,q4,centre,journaliste,pres16,hors famille,4,False,1,,0.655,0.687252883704212,0.689528555504557,0.6970122754849744,0.3191419141914192,0.02970297029702971,,,
Qwen3-4B-Instruct-2507,q4,centre,journaliste,if16who,hors famille,3,False,1,,0.615,0.6582361206417672,0.6604157104452166,0.6565805095361021,0.11402640264026405,0.013201320132013222,,,
Qwen3-4B-Instruct-2507,q4,centre,journaliste,news,hors famille,5,False,1,,0.775,0.7172063741027568,0.7195812296461433,0.7338278382293675,0.41006600660066,0.0363036303630363,,,
Qwen3-4B-Instruct-2507,q4,centre,journaliste,jew,hors famille,5,False,1,,0.705,0.5021729895761853,0.5038358140449806,0.4101994357851628,0.8141914191419142,0.08580858085808578,,,
Qwen3-4B-Instruct-2507,q4,centre,journaliste,relig16*,hors famille,5,False,1,,0.6612,0.7645655654674379,0.7670972395252771,0.7664172357829843,0.3453465346534653,0.066006600660066,,,
Qwen3-4B-Instruct-2507,q4,centre,journaliste,jew16*,hors famille,5,False,1,,0.705,0.468211177553399,0.46976154569099304,0.4040344628522259,0.8141914191419142,0.05610561056105612,,,
Qwen3-4B-Instruct-2507,q4,centre,journaliste,attend,hors famille,9,False,1,,0.809689885945895,0.6971865503382022,0.6994951150744213,0.7097125554139574,0.1909385113268608,0.0495049504950495,,,
Qwen3-4B-Instruct-2507,q4,centre,journaliste,pray,hors famille,6,False,1,,0.79,0.8031674454574171,0.8058269403099251,0.8035813482338333,0.3138613861386138,0.02310231023102309,,,
Qwen3-4B-Instruct-2507,q4,centre,journaliste,postlife,hors famille,2,False,1,,0.4949999999999999,0.40653966386737683,0.40788582169475224,0.37251249877463,0.2661716171617162,0.03630363036303631,,,
Qwen3-4B-Instruct-2507,q4,centre,journaliste,bible,hors famille,3,False,1,,0.5242,0.6418107157250379,0.643935916770485,0.6228583254365041,0.3489768976897689,0.04290429042904287,,,
Qwen3-4B-Instruct-2507,q4,centre,journaliste,reborn,hors famille,3,False,1,,0.5049999999999999,0.648215316581163,0.6503617249142132,0.6462111557690423,0.20775577557755776,0.006600660066006597,,,
Qwen3-4B-Instruct-2507,q4,centre,journaliste,savesoul,hors famille,2,False,1,,0.4949999999999999,0.42026380855907375,0.42165541057417,0.4328987354180962,0.14966996699669968,0.01650165016501648,,,
Qwen3-4B-Instruct-2507,q4,centre,journaliste,granborn,hors famille,5,False,1,,0.5973999999999999,0.5946911522835452,0.596660328284484,0.6076746288490236,0.1940924092409241,0.023102310231023142,,,
Qwen3-4B-Instruct-2507,q4,centre,journaliste,uscitzn*,hors famille,2,False,1,,0.039200000000000124,0.0,0.0,0.006578875709353005,0.02000000000000001,0.003300330033003265,,,
Qwen3-4B-Instruct-2507,q4,centre,journaliste,fucitzn,hors famille,5,False,1,,0.7349999999999999,0.0,0.0,0.019649489701445644,0.9,0.00990099009900996,,,
Qwen3-4B-Instruct-2507,q4,centre,journaliste,mnthsusa,hors famille,6,False,1,,0.7549999999999999,0.038819723556514196,0.03894826568749603,0.05167249398207141,0.5801980198019803,0.006600660066006585,,,
Qwen3-4B-Instruct-2507,q4,centre,journaliste,income,hors famille,12,True,2,recopie du gabarit d'exemple de la relance,,,,,,,,,
Qwen3-4B-Instruct-2507,q4,centre,journaliste,othlang,hors famille,2,False,1,,0.4949999999999999,0.35883192279624,0.36002010797106193,0.3517302225272032,0.21567656765676568,0.006600660066006583,,,
Qwen3-4B-Instruct-2507,q4,centre,journaliste,health,hors famille,4,False,1,,0.6499999999999999,0.6039930725745842,0.6059930496360895,0.6069775294361119,0.21138613861386138,0.056105610561056105,,,
Qwen3-4B-Instruct-2507,q4,centre,journaliste,compuse*,hors famille,2,False,1,,0.1472,0.08212702458364629,0.08239896837365836,0.12900696010195056,0.03709570957095715,0.026402640264026393,,,
Qwen3-4B-Instruct-2507,q4,centre,journaliste,webmob,hors famille,2,False,1,,0.1472,0.032458691413695506,0.03256617052433688,0.06997135357100093,0.06349834983498355,0.01980198019801992,,,
Qwen3-4B-Instruct-2507,q4,centre,journaliste,xmovie,hors famille,2,False,1,,0.45499999999999996,0.4677101373503687,0.4692588464144427,0.4823056563082051,0.02293729372937292,0.03300330033003304,,,
Qwen3-4B-Instruct-2507,q4,centre,journaliste,usewww*,hors famille,2,False,1,,0.4032,0.032458691413695506,0.03256617052433688,0.038819723556514196,0.2634983498349836,0.003300330033003375,,,
Qwen3-4B-Instruct-2507,q4,centre,journaliste,life,hors famille,3,False,1,,0.615,0.5185548257796078,0.5202718947391428,0.5158317811979217,0.22046204620462045,0.03960396039603964,,,
Qwen3-4B-Instruct-2507,q4,centre,journaliste,richwork,hors famille,2,False,1,,0.4872000000000001,0.47097779084839186,0.4725373199571613,0.47838447211057744,0.20046204620462044,0.01650165016501648,,,
Qwen3-4B-Instruct-2507,q4,centre,adversaire,natspac/y,depenses publiques (nat*),3,False,1,,0.635,0.5941683277238615,0.596135772517649,0.607696413205677,0.27508250825082514,0.04620462046204621,0.375,0.5528052805280528,0.5808580858085808
Qwen3-4B-Instruct-2507,q4,centre,adversaire,natenvir/y,depenses publiques (nat*),3,False,1,,0.615,0.4427452646254725,0.44421130854807334,0.46352754087289916,0.30627062706270625,0.033003300330032986,0.375,0.17656765676567654,0.18646864686468645
Qwen3-4B-Instruct-2507,q4,centre,adversaire,natheal/y,depenses publiques (nat*),3,False,1,,0.635,0.4368199196157241,0.43826634319061053,0.3936868934418194,0.3430693069306931,0.06600660066006604,0.42500000000000004,0.16336633663366334,0.14356435643564355
Qwen3-4B-Instruct-2507,q4,centre,adversaire,natcity/y,depenses publiques (nat*),3,False,1,,0.615,0.6171072552799834,0.619150656787533,0.641767147011731,0.1656765676567657,0.05280528052805285,0.375,0.5082508250825082,0.504950495049505
Qwen3-4B-Instruct-2507,q4,centre,adversaire,natdrug/y,depenses publiques (nat*),3,False,1,,0.635,0.5409273600627389,0.5427185102616221,0.5376379222080623,0.1372937293729373,0.0033003300330033195,0.375,0.2524752475247525,0.24917491749174916
Qwen3-4B-Instruct-2507,q4,centre,adversaire,nateduc/y,depenses publiques (nat*),3,False,1,,0.635,0.46065200579463894,0.46217734356217083,0.4717184589746103,0.3364686468646865,0.013201320132013167,0.42500000000000004,0.18646864686468645,0.19306930693069305
Qwen3-4B-Instruct-2507,q4,centre,adversaire,natrace/y,depenses publiques (nat*),3,False,1,,0.635,0.631746342951127,0.6338382182589121,0.6239039745558715,0.11204620462046207,0.019801980198019806,0.375,0.429042904290429,0.41254125412541254
Qwen3-4B-Instruct-2507,q4,centre,adversaire,natarms/y,depenses publiques (nat*),3,False,1,,0.635,0.6169111960701021,0.61895394837497,0.6195906719384809,0.15528052805280526,0.006600660066006611,0.575,0.44719471947194717,0.45214521452145207
Qwen3-4B-Instruct-2507,q4,centre,adversaire,nataid/y,depenses publiques (nat*),3,False,1,,0.635,0.39451469899465197,0.3958210390575481,0.4076070973433976,0.5425742574257426,0.01650165016501648,0.375,0.858085808580858,0.8465346534653465
Qwen3-4B-Instruct-2507,q4,centre,adversaire,natfare/y,depenses publiques (nat*),3,False,1,,0.635,0.40745460684682333,0.40880379428671343,0.39473254256118684,0.2892739273927392,0.00990099009900991,0.375,0.15676567656765675,0.1485148514851485
Qwen3-4B-Instruct-2507,q4,centre,adversaire,natroad,depenses publiques (nat*),3,False,1,,0.615,0.5754337810018627,0.5773391908727298,0.5910313803657594,0.060891089108910806,0.046204620462046195,0.375,0.33168316831683164,0.32838283828382836
Qwen3-4B-Instruct-2507,q4,centre,adversaire,natsoc,depenses publiques (nat*),3,False,1,,0.615,0.46378895315274105,0.4653246781631805,0.4593449443954296,0.25346534653465347,0.03630363036303631,0.375,0.1815181518151815,0.17986798679867982
Qwen3-4B-Instruct-2507,q4,centre,adversaire,natmass,depenses publiques (nat*),3,False,1,,0.615,0.5503164177803919,0.5521386575743666,0.5643019747519307,0.13085808580858088,0.046204620462046195,0.375,0.38943894389438943,0.36303630363036304
Qwen3-4B-Instruct-2507,q4,centre,adversaire,natpark,depenses publiques (nat*),3,False,1,,0.615,0.43642780119596125,0.43787292636548425,0.48993018113692566,0.2628712871287129,0.05940594059405936,0.375,0.4158415841584158,0.3927392739273927
Qwen3-4B-Instruct-2507,q4,centre,adversaire,natchld,depenses publiques (nat*),3,False,1,,0.615,0.5512313607598384,0.5530566301663279,0.5430840113714341,0.09059405940594058,0.0363036303630363,0.35,0.2755775577557755,0.25742574257425743
Qwen3-4B-Instruct-2507,q4,centre,adversaire,natsci,depenses publiques (nat*),3,False,1,,0.615,0.5196004748989751,0.5213210062728127,0.5534751494951475,0.21386138613861388,0.03630363036303631,0.35,0.3795379537953795,0.3910891089108911
Qwen3-4B-Instruct-2507,q4,centre,adversaire,natenrgy,depenses publiques (nat*),3,False,1,,0.615,0.5766537049744579,0.5785631543286779,0.5809016545218879,0.060891089108910834,0.029702970297029722,0.35,0.3085808580858086,0.3036303630363036
Qwen3-4B-Instruct-2507,q4,centre,adversaire,uswary,hors famille,2,False,1,,0.42000000000000004,0.4940692089010881,0.49570519965903864,0.4869239399187444,0.25445544554455446,0.02640264026402639,,,
Qwen3-4B-Instruct-2507,q4,centre,adversaire,prayer,hors famille,2,False,1,,0.4949999999999999,0.4624818917535317,0.46401328874609304,0.47254626452744286,0.086963696369637,0.01980198019801982,0.45,0.363036303630363,0.3828382838283828
Qwen3-4B-Instruct-2507,q4,centre,adversaire,courts,hors famille,3,False,1,,0.635,0.5815551852214924,0.5834808646427556,0.5920988138417802,0.3412541254125413,0.016501650165016507,0.42500000000000004,0.7062706270627063,0.693069306930693
Qwen3-4B-Instruct-2507,q4,centre,adversaire,discaffw,hors famille,4,False,1,,0.6849999999999999,0.6964023134986767,0.6987082814241689,0.6857933318084284,0.22838283828382838,0.03300330033003298,0.31666666666666665,0.45214521452145207,0.4279427942794279
Qwen3-4B-Instruct-2507,q4,centre,adversaire,discaffm,hors famille,4,False,1,,0.6849999999999999,0.690825518195384,0.6931130199112626,0.6920672265246327,0.44636963696369636,0.036303630363036306,0.6833333333333333,0.36853685368536854,0.38833883388338836
Qwen3-4B-Instruct-2507,q4,centre,adversaire,fehire,roles de genre (fe*),5,False,1,,0.6599999999999999,0.7300155758150073,0.7324328459336,0.7365073140977465,0.3813531353135314,0.013201320132013188,0.22500000000000003,0.4216171617161716,0.42409240924092406
Qwen3-4B-Instruct-2507,q4,centre,adversaire,fechld,roles de genre (fe*),4,False,1,,0.595,0.6313542245313641,0.6334448014337858,0.6357110958620615,0.23036303630363036,0.0396039603960396,0.21666666666666667,0.2926292629262926,0.27722772277227714
Qwen3-4B-Instruct-2507,q4,centre,adversaire,fepresch,roles de genre (fe*),4,False,1,,0.735,0.6070646668627259,0.6090748147662448,0.6510037142328093,0.37557755775577556,0.0627062706270627,0.55,0.3432343234323433,0.34543454345434543
Qwen3-4B-Instruct-2507,q4,centre,adversaire,fefam,roles de genre (fe*),4,False,1,,0.735,0.6642921717914366,0.6664918147443883,0.6799769085819474,0.30627062706270625,0.033003300330032986,0.55,0.37073707370737075,0.3883388338833883
Qwen3-4B-Instruct-2507,q4,centre,adversaire,fepol,roles de genre (fe*),2,False,1,,0.4949999999999999,0.3657593482120489,0.3669704718816252,0.4149048568223159,0.20907590759075906,0.05280528052805278,0.45,0.2409240924092409,0.2937293729372937
Qwen3-4B-Instruct-2507,q4,centre,adversaire,mobile16,hors famille,3,False,1,,0.5049999999999999,0.6585411016349161,0.6607217013092038,0.6616780489930182,0.2473597359735974,0.016501650165016507,,,
Qwen3-4B-Instruct-2507,q4,centre,adversaire,incom16,hors famille,5,False,1,,0.775,0.6481063947978956,0.6502524424627892,0.6563408816129138,0.26485148514851486,0.029702970297029736,,,
Qwen3-4B-Instruct-2507,q4,centre,adversaire,dwelown16,hors famille,3,False,1,,0.565,0.4713263405548477,0.472887023801718,0.4760753303053079,0.10676567656765673,0.013201320132013201,,,
Qwen3-4B-Instruct-2507,q4,centre,adversaire,divorced,hors famille,2,False,1,,0.4949999999999999,0.40937163023233025,0.410727165431775,0.41216002788397654,0.16287128712871285,0.003300330033003257,,,
Qwen3-4B-Instruct-2507,q4,centre,adversaire,posslq/y,hors famille,4,False,1,,0.675,0.6762735679508546,0.6785128844010229,0.6660567046803691,0.3224422442244224,0.0231023102310231,,,
Qwen3-4B-Instruct-2507,q4,centre,adversaire,wrkstat,hors famille,8,False,2,,0.8404,0.7897264974022156,0.7923414858042096,0.7896829286889085,0.27897689768976897,0.04620462046204621,,,
Qwen3-4B-Instruct-2507,q4,centre,adversaire,evwork,hors famille,2,False,1,,0.375,0.19923972595279338,0.19989946014469004,0.20939123615331834,0.1377887788778878,0.00660066006600659,,,
Qwen3-4B-Instruct-2507,q4,centre,adversaire,wrkgovt1,hors famille,2,False,1,,0.4949999999999999,0.2575346643575247,0.258387428146788,0.2575346643575247,0.2981848184818482,0.0,,,
Qwen3-4B-Instruct-2507,q4,centre,adversaire,wrkgovt2,hors famille,2,False,1,,0.4949999999999999,0.48583472208607004,0.4874434463313881,0.48897166944417225,0.03415841584158413,0.009900990099009882,,,
Qwen3-4B-Instruct-2507,q4,centre,adversaire,partfull,hors famille,3,False,1,,0.5049999999999999,0.6335762289100197,0.6356741634428343,0.6244921521855156,0.2564356435643565,0.029702970297029715,,,
Qwen3-4B-Instruct-2507,q4,centre,adversaire,wksub1,hors famille,3,False,1,,0.5049999999999999,0.643379189404089,0.6455095840709899,0.622945462863118,0.31584158415841584,0.04620462046204621,,,
Qwen3-4B-Instruct-2507,q4,centre,adversaire,wksup1,hors famille,3,False,1,,0.5049999999999999,0.6232504438562669,0.6253141870478439,0.6182400418259648,0.484983498349835,0.009900990099009868,,,
Qwen3-4B-Instruct-2507,q4,centre,adversaire,conarmy,confiance dans les institutions (con*),3,False,1,,0.565,0.5893539849034408,0.5913054881647104,0.5841693080199111,0.07475247524752478,0.04290429042904289,0.7250000000000001,0.6831683168316831,0.6716171617161716
Qwen3-4B-Instruct-2507,q4,centre,adversaire,conbus,confiance dans les institutions (con*),3,False,1,,0.565,0.5544990142578614,0.5563351037090464,0.5287499046934396,0.4311881188118812,0.029702970297029695,0.7250000000000001,0.41254125412541254,0.4075907590759076
Qwen3-4B-Instruct-2507,q4,centre,adversaire,conclerg,confiance dans les institutions (con*),3,False,1,,0.565,0.5701837510483723,0.5720717767140953,0.572362186713721,0.46419141914191425,0.08250825082508254,0.7250000000000001,0.2904290429042904,0.33168316831683164
Qwen3-4B-Instruct-2507,q4,centre,adversaire,coneduc,confiance dans les institutions (con*),3,False,1,,0.565,0.5541722489080592,0.5560072563547745,0.5477022949819735,0.3156765676567657,0.009900990099009896,0.275,0.4636963696369637,0.457095709570957
Qwen3-4B-Instruct-2507,q4,centre,adversaire,confed,confiance dans les institutions (con*),3,False,1,,0.565,0.5904432027361153,0.59239831267895,0.5975666873618055,0.43778877887788775,0.026402640264026396,0.275,0.6468646864686468,0.6254125412541254
Qwen3-4B-Instruct-2507,q4,centre,adversaire,confinan,confiance dans les institutions (con*),3,False,1,,0.565,0.5814244790815715,0.5833497257010468,0.5783746691500833,0.351980198019802,0.009900990099009882,0.7250000000000001,0.4834983498349835,0.4752475247524752
Qwen3-4B-Instruct-2507,q4,centre,adversaire,conjudge,confiance dans les institutions (con*),3,False,1,,0.565,0.6028820703852563,0.6048783686315651,0.5913145770022548,0.38828382838283837,0.019801980198019764,0.7250000000000001,0.42079207920792083,0.4207920792079207
Qwen3-4B-Instruct-2507,q4,centre,adversaire,conlabor,confiance dans les institutions (con*),3,False,1,,0.615,0.5342395625701185,0.5360085677441917,0.550316417780392,0.27178217821782175,0.026402640264026403,0.35,0.5066006600660066,0.523102310231023
Qwen3-4B-Instruct-2507,q4,centre,adversaire,conlegis,confiance dans les institutions (con*),3,False,1,,0.615,0.5809016545218879,0.582825169934212,0.5550436231741988,0.35429042904290425,0.06930693069306929,,,
Qwen3-4B-Instruct-2507,q4,centre,adversaire,conmedic,confiance dans les institutions (con*),3,False,1,,0.565,0.5768497641843393,0.578759862741241,0.5923602261216221,0.19686468646864694,0.05280528052805284,0.275,0.3795379537953795,0.3564356435643564
Qwen3-4B-Instruct-2507,q4,centre,adversaire,conpress,confiance dans les institutions (con*),3,False,1,,0.615,0.5640405624720889,0.5659082464537845,0.5764140770512696,0.37739273927392736,0.016501650165016493,0.35,0.6864686468646863,0.6732673267326732
Qwen3-4B-Instruct-2507,q4,centre,adversaire,consci,confiance dans les institutions (con*),3,False,1,,0.565,0.5888747290570643,0.5908246453784453,0.5823394220610181,0.10445544554455446,0.033003300330033,0.275,0.33003300330033,0.3399339933993399
Qwen3-4B-Instruct-2507,q4,centre,adversaire,contv,confiance dans les institutions (con*),3,False,1,,0.615,0.570532300754828,0.5724214805586518,0.5827315404807808,0.36749174917491745,0.01650165016501655,,,
Qwen3-4B-Instruct-2507,q4,centre,adversaire,joblose,hors famille,5,False,1,,0.75,0.6558616257665371,0.6580333530041745,0.6545763487239813,0.5887788778877888,0.013201320132013201,,,
Qwen3-4B-Instruct-2507,q4,centre,adversaire,jobfind,hors famille,4,False,1,,0.595,0.6965765883519046,0.6988831333464472,0.6881242579703516,0.4704620462046204,0.013201320132013195,,,
Qwen3-4B-Instruct-2507,q4,centre,adversaire,happy,hors famille,3,False,1,,0.5449999999999999,0.5862606062586457,0.5882018665442703,0.5736692481129302,0.24537953795379536,0.04620462046204621,,,
Qwen3-4B-Instruct-2507,q4,centre,adversaire,hapmar,hors famille,4,False,1,,0.59,0.5918156172052849,0.5937752715668917,0.5968695879488939,0.530858085808581,0.02640264026402642,,,
Qwen3-4B-Instruct-2507,q4,centre,adversaire,satjob,hors famille,5,False,1,,0.69,0.684791251402368,0.6870587721023758,0.7011730876057904,0.39224422442244233,0.059405940594059424,,,
Qwen3-4B-Instruct-2507,q4,centre,adversaire,spdeg*,hors famille,6,False,1,,0.7162,0.6667538040932806,0.6689615981465695,0.6568854905292509,0.520957095709571,0.026402640264026365,,,
Qwen3-4B-Instruct-2507,q4,centre,adversaire,spjew,hors famille,5,False,1,,0.715,0.4401093574704006,0.4415666732236138,0.428999335577122,0.8070957095709571,0.052805280528052834,,,
Qwen3-4B-Instruct-2507,q4,centre,adversaire,spfund,hors famille,4,False,1,,0.595,0.44372556067487945,0.4451948506108889,0.44004400440044,0.6430693069306931,0.016501650165016545,,,
Qwen3-4B-Instruct-2507,q4,centre,adversaire,unemp,hors famille,2,False,1,,0.2550000000000001,0.47838447211057744,0.4799685266539899,0.49171649838251164,0.24603960396039604,0.03960396039603961,,,
Qwen3-4B-Instruct-2507,q4,centre,adversaire,union1,hors famille,4,False,1,,0.695,0.1669553093923255,0.1675081415426312,0.20106961191168615,0.7108910891089109,0.01980198019801975,,,
Qwen3-4B-Instruct-2507,q4,centre,adversaire,spkath/y,libertes civiles (spk/col/lib),2,False,1,,0.4872000000000001,0.35530285701837516,0.356479356544926,0.37582372098596006,0.188976897689769,0.01980198019801982,0.42,0.231023102310231,0.2508250825082508
Qwen3-4B-Instruct-2507,q4,centre,adversaire,colath,libertes civiles (spk/col/lib),2,False,1,,0.4872000000000001,0.3917263013430057,0.39302340830109506,0.4228779313574922,0.1526732673267327,0.0363036303630363,0.42,0.2673267326732673,0.3036303630363036
Qwen3-4B-Instruct-2507,q4,centre,adversaire,spkrac/y,libertes civiles (spk/col/lib),2,False,1,,0.45499999999999996,0.497598274678953,0.49924595108517467,0.4990796109313902,0.1846534653465347,0.013201320132013222,,,
Qwen3-4B-Instruct-2507,q4,centre,adversaire,colrac,libertes civiles (spk/col/lib),2,False,1,,0.45499999999999996,0.4487577470618349,0.4502436998666754,0.4466228801097931,0.010066006600660066,0.0033003300330033125,,,
Qwen3-4B-Instruct-2507,q4,centre,adversaire,librac/y,libertes civiles (spk/col/lib),2,False,1,,0.4949999999999999,0.4954198390136044,0.49706030205669577,0.4965961942728927,0.0021452145214521656,0.0066006600660065695,,,
Qwen3-4B-Instruct-2507,q4,centre,adversaire,spkcom/y,libertes civiles (spk/col/lib),2,False,1,,0.45499999999999996,0.4508490453005697,0.45234192293401526,0.4352950146499799,0.006765676567656725,0.023102310231023132,0.35,0.3432343234323432,0.3201320132013201
Qwen3-4B-Instruct-2507,q4,centre,adversaire,colcom/y,libertes civiles (spk/col/lib),2,False,1,,0.45499999999999996,0.4568615277369322,0.4583743142526174,0.4444444444444444,0.2968646864686469,0.019801980198019792,0.65,0.3531353135313531,0.3333333333333333
Qwen3-4B-Instruct-2507,q4,centre,adversaire,libcom/y,libertes civiles (spk/col/lib),2,False,1,,0.4949999999999999,0.4036641287891165,0.4050007649771599,0.4228779313574922,0.1694719471947195,0.023102310231023132,0.45,0.2805280528052805,0.3036303630363036
Qwen3-4B-Instruct-2507,q4,centre,adversaire,spkhomo/y,libertes civiles (spk/col/lib),2,False,1,,0.2550000000000001,0.15140127874173537,0.15190260747929077,0.16773954623185094,0.06749174917491757,0.009900990099009965,0.15,0.0825082508250825,0.0924092409240924
Qwen3-4B-Instruct-2507,q4,centre,adversaire,colhomo,libertes civiles (spk/col/lib),2,False,1,,0.4872000000000001,0.1458680521517497,0.14635105894695416,0.16233702578178622,0.3407920792079208,0.009900990099009965,0.42,0.0792079207920792,0.0891089108910891
Qwen3-4B-Instruct-2507,q4,centre,adversaire,libhomo/y,libertes civiles (spk/col/lib),2,False,1,,0.4949999999999999,0.25291638074698564,0.2537538522064127,0.29713862475356434,0.3014851485148515,0.03300330033003297,0.45,0.1485148514851485,0.1815181518151815
Qwen3-4B-Instruct-2507,q4,centre,adversaire,cappun,hors famille,2,False,1,,0.4949999999999999,0.42026380855907375,0.42165541057417,0.4228779313574922,0.14966996699669968,0.0033003300330033125,0.55,0.6996699669966997,0.6963696369636964
Qwen3-4B-Instruct-2507,q4,centre,adversaire,polhitok/y,hors famille,2,False,1,,0.2550000000000001,0.4810421636223028,0.4826350184687342,0.4835255802808004,0.44735973597359735,0.006600660066006597,0.15,0.5973597359735974,0.5907590759075908
Qwen3-4B-Instruct-2507,q4,centre,adversaire,polabuse/y,hors famille,2,False,1,,0.45499999999999996,0.11754838850221683,0.11793762157672746,0.14029125684845734,0.5872937293729372,0.013201320132013222,0.65,0.0627062706270627,0.0759075907590759
Qwen3-4B-Instruct-2507,q4,centre,adversaire,polattak/y,hors famille,2,False,1,,0.45499999999999996,0.46065200579463883,0.4621773435621707,0.4487577470618349,0.009735973597359754,0.01980198019801982,0.65,0.6402640264026402,0.6600660066006601
Qwen3-4B-Instruct-2507,q4,centre,adversaire,grass,hors famille,2,False,1,,0.4949999999999999,0.38863292269821037,0.38991978668065475,0.37251249877463,0.18597359735973598,0.016501650165016493,0.45,0.264026402640264,0.2475247524752475
Qwen3-4B-Instruct-2507,q4,centre,adversaire,gunlaw,hors famille,2,False,1,,0.4949999999999999,0.4568615277369322,0.4583743142526174,0.4466228801097931,0.09686468646864685,0.016501650165016535,0.45,0.3531353135313531,0.3366336633663366
Qwen3-4B-Instruct-2507,q4,centre,adversaire,owngun,hors famille,2,False,1,,0.4949999999999999,0.40074502499754927,0.40207199527899806,0.41216002788397654,0.2727722772277228,0.013201320132013167,,,
Qwen3-4B-Instruct-2507,q4,centre,adversaire,hunt1,hors famille,4,False,1,,0.675,0.19009029615832873,0.19071973422507815,0.21799605703144576,0.7976897689768977,0.016501650165016493,,,
Qwen3-4B-Instruct-2507,q4,centre,adversaire,class,hors famille,4,False,1,,0.7150000000000001,0.672265246326613,0.6744912901886216,0.656972627955865,0.09603960396039607,0.0627062706270627,,,
Qwen3-4B-Instruct-2507,q4,centre,adversaire,satfin,hors famille,3,False,1,,0.565,0.6575825899421626,0.659760015736673,0.6497402215469072,0.2694719471947195,0.04950495049504949,,,
Qwen3-4B-Instruct-2507,q4,centre,adversaire,finalter,hors famille,3,False,1,,0.645,0.6313106558180572,0.6334010884532163,0.6456665468527052,0.21237623762376234,0.04950495049504948,,,
Qwen3-4B-Instruct-2507,q4,centre,adversaire,finrela,hors famille,5,False,1,,0.775,0.6935485627770698,0.6958450811968613,0.7175549238092127,0.20214521452145218,0.10891089108910894,,,
Qwen3-4B-Instruct-2507,q4,centre,adversaire,racdif1,hors famille,2,False,1,,0.4949999999999999,0.4997331416309948,0.5013878871330841,0.4997331416309948,0.03844884488448849,0.0,0.55,0.5115511551155115,0.5115511551155115
Qwen3-4B-Instruct-2507,q4,centre,adversaire,racdif2,hors famille,2,False,1,,0.2550000000000001,0.1346708928318574,0.13511682294057215,0.1458680521517497,0.07739273927392741,0.006600660066006583,0.15,0.0726072607260726,0.0792079207920792
Qwen3-4B-Instruct-2507,q4,centre,adversaire,racdif3,hors famille,2,False,1,,0.4949999999999999,0.4869239399187444,0.4885362708456276,0.492544303935344,0.030858085808580876,0.01980198019801982,0.55,0.5808580858085809,0.5610561056105611
Qwen3-4B-Instruct-2507,q4,centre,adversaire,racdif4,hors famille,2,False,1,,0.4949999999999999,0.4279754708144081,0.4293926081349856,0.4328987354180962,0.13976897689768977,0.0066006600660065695,0.45,0.3102310231023102,0.3168316831683168
Qwen3-4B-Instruct-2507,q4,centre,adversaire,wlthwhts,hors famille,7,False,1,,0.825,0.5842346610898714,0.5861692129477849,0.5961942728926358,0.3773927392739273,0.023102310231023104,,,
Qwen3-4B-Instruct-2507,q4,centre,adversaire,wlthblks,hors famille,7,False,1,,0.825,0.6516790292890676,0.6538369068694949,0.6630504634621879,0.3684818481848185,0.049504950495049535,,,
Qwen3-4B-Instruct-2507,q4,centre,adversaire,wlthhsps,hors famille,7,False,1,,0.825,0.6341426221830104,0.6362424321902389,0.6882767484669261,0.37838283828382835,0.07590759075907592,,,
Qwen3-4B-Instruct-2507,q4,centre,adversaire,racwork,hors famille,7,False,1,,0.69,0.7082747878748272,0.7106200686293795,0.710235379973641,0.5128712871287129,0.009900990099009908,,,
Qwen3-4B-Instruct-2507,q4,centre,adversaire,letin1a,hors famille,5,False,1,,0.735,0.7041357601106646,0.7064673354752694,0.701064165822523,0.3811881188118812,0.029702970297029726,0.35,0.6443894389438943,0.6402640264026402
Qwen3-4B-Instruct-2507,q4,centre,adversaire,getahead,hors famille,3,False,1,,0.565,0.5466566458626061,0.548466767206522,0.5377686283479832,0.18135313531353142,0.023102310231023142,0.7250000000000001,0.6749174917491749,0.6666666666666666
Qwen3-4B-Instruct-2507,q4,centre,adversaire,aged,hors famille,3,False,1,,0.585,0.5147207790085939,0.5164251524490197,0.487577470618349,0.3303630363036304,0.029702970297029736,,,
Qwen3-4B-Instruct-2507,q4,centre,adversaire,parsol,hors famille,5,False,1,,0.775,0.7637595442712588,0.7662885493847397,0.7754577437941814,0.16138613861386134,0.07260726072607263,,,
Qwen3-4B-Instruct-2507,q4,centre,adversaire,kidssol,hors famille,6,False,1,,0.78,0.8080907100611052,0.8107665071142877,0.8075678855014214,0.19834983498349834,0.0627062706270627,,,
Qwen3-4B-Instruct-2507,q4,centre,adversaire,spanking,hors famille,4,False,1,,0.6849999999999999,0.7247873302181704,0.7271872882652504,0.7199294186844427,0.2184818481848185,0.03960396039603961,0.6833333333333333,0.5192519251925193,0.5269526952695269
Qwen3-4B-Instruct-2507,q4,centre,adversaire,divlaw,hors famille,3,False,1,,0.635,0.6126632465226722,0.614691932769436,0.622139441666939,0.12194719471947198,0.016501650165016493,0.375,0.38778877887788776,0.3976897689768977
Qwen3-4B-Instruct-2507,q4,centre,adversaire,sexeduc,hors famille,2,False,1,,0.4872000000000001,0.2291714319946847,0.2299302777959916,0.18368569530220347,0.287986798679868,0.029702970297029715,0.42,0.132013201320132,0.1023102310231023
Qwen3-4B-Instruct-2507,q4,centre,adversaire,pillok,hors famille,4,False,1,,0.6849999999999999,0.6929821695040792,0.6952768124494569,0.6943327996165953,0.12277227722772277,0.006600660066006583,0.31666666666666665,0.3784378437843784,0.38283828382838275
Qwen3-4B-Instruct-2507,q4,centre,adversaire,xmarsex,hors famille,4,False,1,,0.6499999999999999,0.5532355215719593,0.5550674272725287,0.5933187378143756,0.18646864686468645,0.06930693069306927,0.7333333333333334,0.7986798679867987,0.781078107810781
Qwen3-4B-Instruct-2507,q4,centre,adversaire,homosex,hors famille,4,False,1,,0.7,0.5965863913123987,0.5985618429392608,0.5882211983574595,0.47425742574257423,0.03300330033003304,0.6333333333333333,0.3157315731573157,0.2992299229922992
Qwen3-4B-Instruct-2507,q4,centre,adversaire,marhomo,hors famille,5,False,1,,0.685,0.6934614253504559,0.6957576552357222,0.6914572645383351,0.32887788778877886,0.03630363036303631,0.3125,0.2863036303630363,0.2838283828382838
Qwen3-4B-Instruct-2507,q4,centre,adversaire,discaff,hors famille,3,False,1,,0.605,0.5802045551089763,0.5821257622450987,0.5912274395756407,0.33184818481848183,0.02640264026402643,0.6,0.30693069306930687,0.3135313531353135
Qwen3-4B-Instruct-2507,q4,centre,adversaire,abdefect,avortement (ab*),2,False,1,,0.4872000000000001,0.2575346643575247,0.258387428146788,0.2755721116666122,0.2681848184818482,0.013201320132013222,0.42,0.1518151815181518,0.165016501650165
Qwen3-4B-Instruct-2507,q4,centre,adversaire,abnomore,avortement (ab*),2,False,1,,0.4872000000000001,0.4279754708144081,0.4293926081349856,0.47973510222309357,0.1097689768976898,0.08910891089108908,0.42,0.3102310231023102,0.3993399339933993
Qwen3-4B-Instruct-2507,q4,centre,adversaire,abhlth,avortement (ab*),2,False,1,,0.45499999999999996,0.12900696010195056,0.12943413546652655,0.12900696010195056,0.2806930693069307,0.0,0.35,0.0693069306930693,0.0693069306930693
Qwen3-4B-Instruct-2507,q4,centre,adversaire,abpoor,avortement (ab*),2,False,1,,0.4872000000000001,0.4149048568223159,0.41627871396411165,0.4508490453005697,0.1262706270627063,0.04950495049504955,0.42,0.2937293729372937,0.3432343234323432
Qwen3-4B-Instruct-2507,q4,centre,adversaire,abrape,avortement (ab*),2,False,1,,0.45499999999999996,0.16773954623185094,0.16829497519288356,0.17309849796860877,0.25759075907590756,0.0033003300330033195,0.35,0.0924092409240924,0.0957095709570957
Qwen3-4B-Instruct-2507,q4,centre,adversaire,absingle,avortement (ab*),2,False,1,,0.4949999999999999,0.4549009356381183,0.4564072301269862,0.4879695890381117,0.10016501650165016,0.0726072607260726,0.45,0.3498349834983498,0.4224422442244224
Qwen3-4B-Instruct-2507,q4,centre,adversaire,abany,avortement (ab*),2,False,1,,0.4949999999999999,0.46601095753139676,0.4675540401722292,0.4769902732847542,0.08036303630363034,0.023102310231023077,0.45,0.3696369636963696,0.3927392739273927
Qwen3-4B-Instruct-2507,q4,centre,adversaire,letdie1,fin de vie (suicide/letdie),2,False,1,,0.4872000000000001,0.35530285701837516,0.356479356544926,0.37582372098596006,0.188976897689769,0.01980198019801982,0.42,0.231023102310231,0.2508250825082508
Qwen3-4B-Instruct-2507,q4,centre,adversaire,suicide1,fin de vie (suicide/letdie),2,False,1,,0.4872000000000001,0.3444542474049386,0.3455948243831006,0.35883192279624,0.1988778877887789,0.013201320132013167,0.42,0.2211221122112211,0.2343234323432343
Qwen3-4B-Instruct-2507,q4,centre,adversaire,suicide2,fin de vie (suicide/letdie),2,False,1,,0.4949999999999999,0.38231545926869925,0.38358140449806577,0.35530285701837516,0.19257425742574258,0.02640264026402639,0.55,0.7425742574257426,0.768976897689769
Qwen3-4B-Instruct-2507,q4,centre,adversaire,suicide3,fin de vie (suicide/letdie),2,False,1,,0.4949999999999999,0.3917263013430057,0.39302340830109506,0.3691577078499928,0.18267326732673267,0.023102310231023118,0.55,0.7326732673267327,0.7557755775577558
Qwen3-4B-Instruct-2507,q4,centre,adversaire,suicide4,fin de vie (suicide/letdie),2,False,1,,0.4872000000000001,0.4677101373503687,0.4692588464144427,0.4568615277369322,0.2070627062706271,0.019801980198019764,0.42,0.6270627062706271,0.6468646864686468
Qwen3-4B-Instruct-2507,q4,centre,adversaire,pornlaw,hors famille,3,False,1,,0.615,0.4658802513914757,0.46742290123052027,0.49692295962269484,0.2732673267326733,0.03630363036303632,0.65,0.6171617161716172,0.6254125412541254
Qwen3-4B-Instruct-2507,q4,centre,adversaire,fair,hors famille,3,False,1,,0.635,0.6374974131076475,0.6396083316940966,0.6399154766961845,0.039438943894389455,0.07590759075907594,,,
Qwen3-4B-Instruct-2507,q4,centre,adversaire,helpful,hors famille,3,False,1,,0.595,0.6575825899421626,0.659760015736673,0.6467993333986866,0.2925742574257426,0.039603960396039584,,,
Qwen3-4B-Instruct-2507,q4,centre,adversaire,trust,hors famille,3,False,1,,0.635,0.583864327026762,0.5857976526129434,0.6015096559160867,0.34455445544554464,0.04950495049504955,,,
Qwen3-4B-Instruct-2507,q4,centre,adversaire,tax,hors famille,3,False,1,,0.615,0.4798658083630146,0.4814547679933557,0.4658366826781689,0.23036303630363036,0.016501650165016493,0.625,0.8052805280528053,0.8168316831683168
Qwen3-4B-Instruct-2507,q4,centre,adversaire,vote16,hors famille,3,False,1,,0.5349999999999999,0.5565903124965962,0.5584333267763862,0.5253515450554957,0.05346534653465347,0.03300330033003297,,,
Qwen3-4B-Instruct-2507,q4,centre,adversaire,pres16,hors famille,4,False,1,,0.655,0.687252883704212,0.689528555504557,0.6970122754849744,0.3191419141914192,0.02970297029702971,,,
Qwen3-4B-Instruct-2507,q4,centre,adversaire,if16who,hors famille,3,False,1,,0.615,0.6582361206417672,0.6604157104452166,0.6565805095361021,0.11402640264026405,0.013201320132013222,,,
Qwen3-4B-Instruct-2507,q4,centre,adversaire,news,hors famille,5,False,1,,0.775,0.7172063741027568,0.7195812296461433,0.7338278382293675,0.41006600660066,0.0363036303630363,,,
Qwen3-4B-Instruct-2507,q4,centre,adversaire,jew,hors famille,5,False,1,,0.685,0.5021729895761853,0.5038358140449806,0.4101994357851628,0.7641914191419141,0.08580858085808578,,,
Qwen3-4B-Instruct-2507,q4,centre,adversaire,relig16*,hors famille,5,False,1,,0.6599999999999999,0.7645655654674379,0.7670972395252771,0.7664172357829843,0.36534653465346534,0.066006600660066,,,
Qwen3-4B-Instruct-2507,q4,centre,adversaire,jew16*,hors famille,5,False,1,,0.705,0.468211177553399,0.46976154569099304,0.4040344628522259,0.8141914191419142,0.05610561056105612,,,
Qwen3-4B-Instruct-2507,q4,centre,adversaire,attend,hors famille,9,False,1,,0.8342357351103706,0.6971865503382022,0.6994951150744213,0.7097125554139574,0.22603893042365455,0.0495049504950495,,,
Qwen3-4B-Instruct-2507,q4,centre,adversaire,pray,hors famille,6,False,1,,0.79,0.8031674454574171,0.8058269403099251,0.8035813482338333,0.3138613861386138,0.02310231023102309,,,
Qwen3-4B-Instruct-2507,q4,centre,adversaire,postlife,hors famille,2,False,1,,0.4949999999999999,0.40653966386737683,0.40788582169475224,0.37251249877463,0.16617161716171616,0.03630363036303631,,,
Qwen3-4B-Instruct-2507,q4,centre,adversaire,bible,hors famille,3,False,1,,0.5349999999999999,0.6418107157250379,0.643935916770485,0.6228583254365041,0.318976897689769,0.04290429042904287,,,
Qwen3-4B-Instruct-2507,q4,centre,adversaire,reborn,hors famille,3,False,1,,0.5449999999999999,0.648215316581163,0.6503617249142132,0.6462111557690423,0.24702970297029705,0.006600660066006597,,,
Qwen3-4B-Instruct-2507,q4,centre,adversaire,savesoul,hors famille,2,False,1,,0.4949999999999999,0.42026380855907375,0.42165541057417,0.4328987354180962,0.24966996699669972,0.01650165016501648,,,
Qwen3-4B-Instruct-2507,q4,centre,adversaire,granborn,hors famille,5,False,1,,0.6172,0.5946911522835452,0.596660328284484,0.6076746288490236,0.22409240924092408,0.023102310231023142,,,
Qwen3-4B-Instruct-2507,q4,centre,adversaire,uscitzn*,hors famille,2,False,1,,0.039200000000000124,0.0,0.0,0.006578875709353005,0.02000000000000001,0.003300330033003265,,,
Qwen3-4B-Instruct-2507,q4,centre,adversaire,fucitzn,hors famille,5,False,1,,0.7449999999999999,0.0,0.0,0.019649489701445644,0.8500000000000001,0.00990099009900996,,,
Qwen3-4B-Instruct-2507,q4,centre,adversaire,mnthsusa,hors famille,6,False,1,,0.7549999999999999,0.038819723556514196,0.03894826568749603,0.05167249398207141,0.5801980198019803,0.006600660066006585,,,
Qwen3-4B-Instruct-2507,q4,centre,adversaire,income,hors famille,12,True,2,recopie du gabarit d'exemple de la relance,,,,,,,,,
Qwen3-4B-Instruct-2507,q4,centre,adversaire,othlang,hors famille,2,False,1,,0.45499999999999996,0.35883192279624,0.36002010797106193,0.3517302225272032,0.41567656765676575,0.006600660066006583,,,
Qwen3-4B-Instruct-2507,q4,centre,adversaire,health,hors famille,4,False,1,,0.6849999999999999,0.6039930725745842,0.6059930496360895,0.6069775294361119,0.3085808580858086,0.056105610561056105,,,
Qwen3-4B-Instruct-2507,q4,centre,adversaire,compuse*,hors famille,2,False,1,,0.039200000000000124,0.08212702458364629,0.08239896837365836,0.12900696010195056,0.022904290429042823,0.026402640264026393,,,
Qwen3-4B-Instruct-2507,q4,centre,adversaire,webmob,hors famille,2,False,1,,0.1472,0.032458691413695506,0.03256617052433688,0.06997135357100093,0.06349834983498355,0.01980198019801992,,,
Qwen3-4B-Instruct-2507,q4,centre,adversaire,xmovie,hors famille,2,False,1,,0.45499999999999996,0.4677101373503687,0.4692588464144427,0.4823056563082051,0.02293729372937292,0.03300330033003304,,,
Qwen3-4B-Instruct-2507,q4,centre,adversaire,usewww*,hors famille,2,False,1,,0.375,0.032458691413695506,0.03256617052433688,0.038819723556514196,0.23349834983498358,0.003300330033003375,,,
Qwen3-4B-Instruct-2507,q4,centre,adversaire,life,hors famille,3,False,1,,0.615,0.5185548257796078,0.5202718947391428,0.5158317811979217,0.22046204620462045,0.03960396039603964,,,
Qwen3-4B-Instruct-2507,q4,centre,adversaire,richwork,hors famille,2,False,1,,0.4949999999999999,0.47097779084839186,0.4725373199571613,0.47838447211057744,0.17046204620462047,0.01650165016501648,,,
Qwen3-4B-Instruct-2507,q4,droite,journaliste,natspac/y,depenses publiques (nat*),3,False,1,,0.5512,0.6121897227464074,0.6140392385250975,0.6248911307882131,0.38722891566265055,0.021084337349397533,0.26,0.5496987951807228,0.5391566265060241
Qwen3-4B-Instruct-2507,q4,droite,journaliste,natenvir/y,depenses publiques (nat*),3,False,1,,0.5512,0.6627776164900567,0.6647799657845886,0.6561003048337931,0.20650602409638552,0.03313253012048198,0.26,0.4563253012048193,0.4292168674698794
Qwen3-4B-Instruct-2507,q4,droite,journaliste,natheal/y,depenses publiques (nat*),3,False,1,,0.635,0.5467593264624764,0.548411167327922,0.5067317462621572,0.14939759036144584,0.04819277108433733,0.375,0.25903614457831314,0.2259036144578312
Qwen3-4B-Instruct-2507,q4,droite,journaliste,natcity/y,depenses publiques (nat*),3,False,1,,0.585,0.5874764116707796,0.5892512648782442,0.5944984758310351,0.4204819277108434,0.030120481927710815,0.3,0.6987951807228916,0.6867469879518072
Qwen3-4B-Instruct-2507,q4,droite,journaliste,natdrug/y,depenses publiques (nat*),3,False,1,,0.635,0.607707940194513,0.6095439158446475,0.6302983016402962,0.05602409638554216,0.04518072289156631,0.375,0.32831325301204817,0.3659638554216867
Qwen3-4B-Instruct-2507,q4,droite,journaliste,nateduc/y,depenses publiques (nat*),3,False,1,,0.5512,0.5686057482943823,0.5703235904342445,0.5760088546958919,0.07000000000000002,0.009036144578313282,0.26,0.2906626506024096,0.2996987951807229
Qwen3-4B-Instruct-2507,q4,droite,journaliste,natrace/y,depenses publiques (nat*),3,False,1,,0.585,0.5905610393380752,0.5923452116623595,0.5877304398316157,0.4325301204819278,0.021084337349397575,0.3,0.6897590361445782,0.6882530120481927
Qwen3-4B-Instruct-2507,q4,droite,journaliste,natarms/y,depenses publiques (nat*),3,False,1,,0.635,0.6302620119030338,0.6321661267426201,0.612516330381768,0.020481927710843423,0.036144578313252976,0.625,0.6310240963855421,0.6566265060240963
Qwen3-4B-Instruct-2507,q4,droite,journaliste,nataid/y,depenses publiques (nat*),3,False,1,,0.5512,0.2487117143271882,0.2494631092345211,0.21975250399187107,0.7584337349397592,0.018072289156626453,0.26,0.9171686746987951,0.9307228915662651
Qwen3-4B-Instruct-2507,q4,droite,journaliste,natfare/y,depenses publiques (nat*),3,False,1,,0.5512,0.6179235012338511,0.6197903396061588,0.614675569748875,0.09578313253012041,0.009036144578313199,0.26,0.34638554216867457,0.3403614457831325
Qwen3-4B-Instruct-2507,q4,droite,journaliste,natroad,depenses publiques (nat*),3,False,1,,0.635,0.544073885905066,0.5457176136570451,0.5503520104514443,0.13072289156626507,0.03915662650602406,0.375,0.25451807228915657,0.2680722891566264
Qwen3-4B-Instruct-2507,q4,droite,journaliste,natsoc,depenses publiques (nat*),3,False,1,,0.5512,0.49119973871389166,0.49268372583991554,0.475486282479315,0.07361445783132539,0.015060240963855366,0.26,0.20783132530120474,0.19427710843373489
Qwen3-4B-Instruct-2507,q4,droite,journaliste,natmass,depenses publiques (nat*),3,False,1,,0.635,0.5700573377848744,0.5717795653914753,0.5744483959936131,0.2313253012048193,0.015060240963855456,0.375,0.45331325301204817,0.466867469879518
Qwen3-4B-Instruct-2507,q4,droite,journaliste,natpark,depenses publiques (nat*),3,False,1,,0.635,0.49932863986064735,0.5008371856004077,0.49323196400058067,0.30963855421686753,0.02108433734939756,0.375,0.4382530120481927,0.41716867469879515
Qwen3-4B-Instruct-2507,q4,droite,journaliste,natchld,depenses publiques (nat*),3,False,1,,0.5049999999999999,0.6241834809115981,0.6260692316092163,0.6085788938888081,0.2644578313253012,0.042168674698795205,0.225,0.39156626506024095,0.39457831325301207
Qwen3-4B-Instruct-2507,q4,droite,journaliste,natsci,depenses publiques (nat*),3,False,1,,0.5512,0.56241834809116,0.5641174971790487,0.5552511249818551,0.36313253012048197,0.009036144578313227,0.26,0.4849397590361445,0.48644578313253006
Qwen3-4B-Instruct-2507,q4,droite,journaliste,natenrgy,depenses publiques (nat*),3,False,1,,0.5512,0.6592393671069822,0.6612310268263387,0.6511286108288576,0.28481927710843374,0.036144578313253045,0.26,0.5030120481927711,0.5256024096385543
Qwen3-4B-Instruct-2507,q4,droite,journaliste,uswary,hors famille,2,False,1,,0.4949999999999999,0.4764842502540282,0.47792377971098904,0.4709682101901582,0.1584337349397591,0.01204819277108432,,,
Qwen3-4B-Instruct-2507,q4,droite,journaliste,prayer,hors famille,2,False,1,,0.4351999999999999,0.5,0.5015105740181269,0.49853026564087677,0.18000000000000002,0.02710843373493979,0.32,0.5,0.4728915662650602
Qwen3-4B-Instruct-2507,q4,droite,journaliste,courts,hors famille,3,False,1,,0.635,0.4278560023225433,0.42914861864375947,0.39018725504427343,0.5289156626506024,0.030120481927710843,0.375,0.8192771084337349,0.8433734939759037
Qwen3-4B-Instruct-2507,q4,droite,journaliste,discaffw,hors famille,4,False,1,,0.6499999999999999,0.7227645521846422,0.7249481308921487,0.7196799245173466,0.36927710843373496,0.04216867469879528,0.26666666666666666,0.5592369477911646,0.5572289156626504
Qwen3-4B-Instruct-2507,q4,droite,journaliste,discaffm,hors famille,4,False,1,,0.6499999999999999,0.7178472927856003,0.7200160157245297,0.7206053128175353,0.36626506024096384,0.07228915662650601,0.7333333333333334,0.46787148594377503,0.5140562248995983
Qwen3-4B-Instruct-2507,q4,droite,journaliste,fehire,roles de genre (fe*),5,False,1,,0.685,0.77821527072144,0.7805663742583628,0.7793402525765714,0.463855421686747,0.0512048192771084,0.25,0.5587349397590361,0.5805722891566264
Qwen3-4B-Instruct-2507,q4,droite,journaliste,fechld,roles de genre (fe*),4,False,1,,0.5091999999999999,0.6650457250689505,0.6670549266552617,0.6901400783858325,0.34879518072289156,0.045180722891566244,0.16,0.33333333333333326,0.3514056224899598
Qwen3-4B-Instruct-2507,q4,droite,journaliste,fepresch,roles de genre (fe*),4,False,1,,0.675,0.6896683118014226,0.691751901867288,0.6878538249383075,0.36265060240963853,0.04216867469879516,0.7000000000000001,0.43473895582329314,0.41767068273092367
Qwen3-4B-Instruct-2507,q4,droite,journaliste,fefam,roles de genre (fe*),4,False,1,,0.675,0.7126034257511977,0.7147563061915337,0.7143090434025259,0.2873493975903614,0.01204819277108439,0.7000000000000001,0.5110441767068272,0.5210843373493976
Qwen3-4B-Instruct-2507,q4,droite,journaliste,fepol,roles de genre (fe*),2,False,1,,0.4872000000000001,0.4867723907678908,0.4882430022203618,0.4997096821019016,0.16132530120481928,0.06927710843373494,0.58,0.4186746987951807,0.4879518072289157
Qwen3-4B-Instruct-2507,q4,droite,journaliste,mobile16,hors famille,3,False,1,,0.5049999999999999,0.6639025983451879,0.6659083463764424,0.6631042241254174,0.3066265060240964,0.006024096385542188,,,
Qwen3-4B-Instruct-2507,q4,droite,journaliste,incom16,hors famille,5,False,1,,0.775,0.6380280156771665,0.6399555927638045,0.6506568442444478,0.330120481927711,0.048192771084337394,,,
Qwen3-4B-Instruct-2507,q4,droite,journaliste,dwelown16,hors famille,3,False,1,,0.5049999999999999,0.3921287559878066,0.39331343500891786,0.40072942371897224,0.09397590361445787,0.006024096385542223,,,
Qwen3-4B-Instruct-2507,q4,droite,journaliste,divorced,hors famille,2,False,1,,0.45499999999999996,0.46645013790100165,0.4678593528191316,0.45991798519378724,0.2795180722891566,0.012048192771084376,,,
Qwen3-4B-Instruct-2507,q4,droite,journaliste,posslq/y,hors famille,4,False,1,,0.6849999999999999,0.6408949049208884,0.6428311433043352,0.6377558426476992,0.2855421686746989,0.015060240963855397,,,
Qwen3-4B-Instruct-2507,q4,droite,journaliste,wrkstat,hors famille,8,False,1,,0.6936,0.7597800841921906,0.7620754923015326,0.7502903178980985,0.271566265060241,0.0301204819277109,,,
Qwen3-4B-Instruct-2507,q4,droite,journaliste,evwork,hors famille,2,False,1,,0.45499999999999996,0.09174045579910017,0.09201761729698266,0.10255479750326635,0.30180722891566264,0.006024096385542219,,,
Qwen3-4B-Instruct-2507,q4,droite,journaliste,wrkgovt1,hors famille,2,False,1,,0.4949999999999999,0.276437073595587,0.2772722309176281,0.2723907678908406,0.28433734939759037,0.0030120481927710524,,,
Qwen3-4B-Instruct-2507,q4,droite,journaliste,wrkgovt2,hors famille,2,False,1,,0.45499999999999996,0.3896066192480767,0.39078367852072954,0.3951952387864712,0.08493975903614459,0.006024096385542216,,,
Qwen3-4B-Instruct-2507,q4,droite,journaliste,partfull,hors famille,3,False,1,,0.5049999999999999,0.6037705037015532,0.6055945837731591,0.5931376106836987,0.21024096385542168,0.027108433734939777,,,
Qwen3-4B-Instruct-2507,q4,droite,journaliste,wksub1,hors famille,3,False,1,,0.43520000000000003,0.6181049499201625,0.6199723364758126,0.6096131514007839,0.2995180722891566,0.03614457831325299,,,
Qwen3-4B-Instruct-2507,q4,droite,journaliste,wksup1,hors famille,3,False,1,,0.5049999999999999,0.6452133836551024,0.6471626688020967,0.6582776890695311,0.43614457831325304,0.04819277108433735,,,
Qwen3-4B-Instruct-2507,q4,droite,journaliste,conarmy,confiance dans les institutions (con*),3,False,1,,0.5049999999999999,0.5507149078240674,0.5523786990863758,0.5664102191900131,0.17469879518072295,0.02710843373493982,0.775,0.7274096385542168,0.7168674698795181
Qwen3-4B-Instruct-2507,q4,droite,journaliste,conbus,confiance dans les institutions (con*),3,False,1,,0.585,0.5243141239657427,0.525898154551742,0.5512592538830019,0.405421686746988,0.033132530120481965,0.7000000000000001,0.46385542168674687,0.45331325301204817
Qwen3-4B-Instruct-2507,q4,droite,journaliste,conclerg,confiance dans les institutions (con*),3,False,1,,0.5049999999999999,0.6315321527072144,0.633440104830197,0.6302983016402962,0.43614457831325304,0.006024096385542091,0.775,0.45180722891566255,0.4457831325301205
Qwen3-4B-Instruct-2507,q4,droite,journaliste,coneduc,confiance dans les institutions (con*),3,False,1,,0.5049999999999999,0.5998875018144869,0.6016998507625669,0.6064196545217013,0.47530120481927707,0.054216867469879484,0.225,0.5587349397590362,0.5963855421686747
Qwen3-4B-Instruct-2507,q4,droite,journaliste,confed,confiance dans les institutions (con*),3,False,1,,0.5512,0.5365619102917696,0.5381829432533762,0.5229351139497749,0.510722891566265,0.024096385542168683,0.26,0.7545180722891566,0.7680722891566265
Qwen3-4B-Instruct-2507,q4,droite,journaliste,confinan,confiance dans les institutions (con*),3,False,1,,0.5512,0.5644687182464798,0.5661740618061369,0.5695492814632022,0.39626506024096386,0.021084337349397575,0.74,0.48042168674698793,0.463855421686747
Qwen3-4B-Instruct-2507,q4,droite,journaliste,conjudge,confiance dans les institutions (con*),3,False,1,,0.5049999999999999,0.6273588329220496,0.6292541768281587,0.6298265350558863,0.3096385542168675,0.015060240963855373,0.775,0.575301204819277,0.5617469879518072
Qwen3-4B-Instruct-2507,q4,droite,journaliste,conlabor,confiance dans les institutions (con*),3,False,1,,0.635,0.5814341704166063,0.5831907691187713,0.612498185513137,0.34759036144578315,0.04819277108433737,0.375,0.6475903614457831,0.6144578313253012
Qwen3-4B-Instruct-2507,q4,droite,journaliste,conlegis,confiance dans les institutions (con*),3,False,1,,0.5049999999999999,0.5375780229351139,0.5392021257234376,0.5422412541733199,0.5927710843373495,0.012048192771084324,,,
Qwen3-4B-Instruct-2507,q4,droite,journaliste,conmedic,confiance dans les institutions (con*),3,False,1,,0.5049999999999999,0.6175061692553345,0.619371746805955,0.6062019160981275,0.32469879518072287,0.03313253012048191,0.225,0.4277108433734939,0.4457831325301204
Qwen3-4B-Instruct-2507,q4,droite,journaliste,conpress,confiance dans les institutions (con*),3,False,1,,0.5049999999999999,0.4544382348671796,0.4558111600480472,0.43346276672956896,0.6198795180722891,0.030120481927710874,0.225,0.8237951807228916,0.8358433734939759
Qwen3-4B-Instruct-2507,q4,droite,journaliste,consci,confiance dans les institutions (con*),3,False,1,,0.5049999999999999,0.6238387284076063,0.6257234375568741,0.594988387284076,0.3759036144578313,0.045180722891566286,0.225,0.4759036144578313,0.45331325301204817
Qwen3-4B-Instruct-2507,q4,droite,journaliste,contv,confiance dans les institutions (con*),3,False,1,,0.5049999999999999,0.5451988677601974,0.546845994248899,0.5429126143126723,0.580722891566265,0.027108433734939756,,,
Qwen3-4B-Instruct-2507,q4,droite,journaliste,joblose,hors famille,5,False,1,,0.715,0.6388626796341995,0.6407927783642122,0.6566990854986211,0.6783132530120481,0.03915662650602417,,,
Qwen3-4B-Instruct-2507,q4,droite,journaliste,jobfind,hors famille,4,False,1,,0.5082,0.7048011322398027,0.7069304407964184,0.7071962548991146,0.5506024096385542,0.03012048192771094,,,
Qwen3-4B-Instruct-2507,q4,droite,journaliste,happy,hors famille,3,False,1,,0.5449999999999999,0.5831216431993033,0.584883340006552,0.5545071853679779,0.23012048192771087,0.06325301204819275,,,
Qwen3-4B-Instruct-2507,q4,droite,journaliste,hapmar,hors famille,4,False,1,,0.625,0.6581325301204821,0.6601208459214504,0.6618159384526057,0.4228915662650603,0.027108433734939794,,,
Qwen3-4B-Instruct-2507,q4,droite,journaliste,satjob,hors famille,5,False,1,,0.6572,0.6966177964871534,0.69872238197503,0.7107889388880825,0.3766265060240965,0.04819277108433736,,,
Qwen3-4B-Instruct-2507,q4,droite,journaliste,spdeg*,hors famille,6,False,1,,0.725,0.7300587893743651,0.7322644050522333,0.7337421977064886,0.48012048192771084,0.018072289156626505,,,
Qwen3-4B-Instruct-2507,q4,droite,journaliste,spjew,hors famille,5,False,1,,0.6799999999999999,0.5500072579474524,0.5516689112947257,0.5186710698214545,0.7042168674698795,0.03313253012048185,,,
Qwen3-4B-Instruct-2507,q4,droite,journaliste,spfund,hors famille,4,False,1,,0.565,0.5531100304833794,0.5547810577658066,0.565303382203513,0.5584337349397591,0.027108433734939753,,,
Qwen3-4B-Instruct-2507,q4,droite,journaliste,unemp,hors famille,2,False,1,,0.45499999999999996,0.43896066192480765,0.44028682706657446,0.4709682101901582,0.02469879518072285,0.05421686746987947,,,
Qwen3-4B-Instruct-2507,q4,droite,journaliste,union1,hors famille,4,False,1,,0.5349999999999999,0.13732036580055162,0.13773523095402762,0.12630643054144308,0.8277108433734941,0.006024096385542111,,,
Qwen3-4B-Instruct-2507,q4,droite,journaliste,spkath/y,libertes civiles (spk/col/lib),2,False,1,,0.4351999999999999,0.3430650312091741,0.3441014814545191,0.33624256060386126,0.10012048192771088,0.00602409638554216,0.32,0.2198795180722891,0.2138554216867469
Qwen3-4B-Instruct-2507,q4,droite,journaliste,colath,libertes civiles (spk/col/lib),2,False,1,,0.4351999999999999,0.44511177239076805,0.4464565209478399,0.4279830164029612,0.014337349397590377,0.02409638554216867,0.32,0.3343373493975903,0.3102409638554217
Qwen3-4B-Instruct-2507,q4,droite,journaliste,spkrac/y,libertes civiles (spk/col/lib),2,False,1,,0.4351999999999999,0.5,0.5015105740181269,0.49274205254753967,0.18000000000000002,0.060240963855421686,,,
Qwen3-4B-Instruct-2507,q4,droite,journaliste,colrac,libertes civiles (spk/col/lib),2,False,1,,0.4351999999999999,0.4724016548120191,0.4738288501437775,0.4802402380606764,0.29746987951807236,0.01807228915662651,,,
Qwen3-4B-Instruct-2507,q4,droite,journaliste,librac/y,libertes civiles (spk/col/lib),2,False,1,,0.4351999999999999,0.4764842502540282,0.47792377971098904,0.4709682101901582,0.2884337349397591,0.01204819277108432,,,
Qwen3-4B-Instruct-2507,q4,droite,journaliste,spkcom/y,libertes civiles (spk/col/lib),2,False,1,,0.1472,0.46645013790100165,0.4678593528191316,0.43248294382348684,0.2904819277108434,0.054216867469879554,0.08,0.3704819277108434,0.3162650602409638
Qwen3-4B-Instruct-2507,q4,droite,journaliste,colcom/y,libertes civiles (spk/col/lib),2,False,1,,0.4032,0.469498475831035,0.4709169002293161,0.4737988096966178,0.3434939759036144,0.009036144578313282,0.72,0.3765060240963855,0.3855421686746988
Qwen3-4B-Instruct-2507,q4,droite,journaliste,libcom/y,libertes civiles (spk/col/lib),2,False,1,,0.47119999999999995,0.43896066192480765,0.44028682706657446,0.4160981274495573,0.29469879518072284,0.030120481927710885,0.62,0.3253012048192771,0.2951807228915662
Qwen3-4B-Instruct-2507,q4,droite,journaliste,spkhomo/y,libertes civiles (spk/col/lib),2,False,1,,0.1472,0.16439250979822884,0.1648891639063806,0.18861590942081574,0.010361445783132486,0.01506024096385545,0.08,0.0903614457831325,0.1054216867469879
Qwen3-4B-Instruct-2507,q4,droite,journaliste,colhomo,libertes civiles (spk/col/lib),2,False,1,,0.4032,0.1838438089708232,0.18439922833327282,0.1980512411090145,0.17759036144578316,0.009036144578313282,0.28,0.1024096385542168,0.1114457831325301
Qwen3-4B-Instruct-2507,q4,droite,journaliste,libhomo/y,libertes civiles (spk/col/lib),2,False,1,,0.47119999999999995,0.3658005516040064,0.3669056892221454,0.3896066192480767,0.37903614457831325,0.02409638554216867,0.62,0.2409638554216867,0.2650602409638554
Qwen3-4B-Instruct-2507,q4,droite,journaliste,cappun,hors famille,2,False,1,,0.4351999999999999,0.3075010886921179,0.308430095002366,0.29225939904195086,0.13024096385542167,0.01204819277108439,0.68,0.8102409638554217,0.822289156626506
Qwen3-4B-Instruct-2507,q4,droite,journaliste,polhitok/y,hors famille,2,False,1,,0.2550000000000001,0.3497423428654377,0.35079896625778045,0.32927493104949934,0.6240963855421686,0.01807228915662651,0.15,0.7740963855421686,0.7921686746987951
Qwen3-4B-Instruct-2507,q4,droite,journaliste,polabuse/y,hors famille,2,False,1,,0.45499999999999996,0.16439250979822884,0.1648891639063806,0.14942299317752927,0.5596385542168676,0.009036144578313275,0.65,0.0903614457831325,0.0813253012048192
Qwen3-4B-Instruct-2507,q4,droite,journaliste,polattak/y,hors famille,2,False,1,,0.2550000000000001,0.41109014370735963,0.41233210788774444,0.37799390332414007,0.13915662650602412,0.036144578313253045,0.85,0.7108433734939759,0.7469879518072289
Qwen3-4B-Instruct-2507,q4,droite,journaliste,grass,hors famille,2,False,1,,0.4351999999999999,0.4546378284221222,0.4560113566046664,0.45991798519378724,0.02939759036144582,0.009036144578313227,0.32,0.3493975903614458,0.358433734939759
Qwen3-4B-Instruct-2507,q4,droite,journaliste,gunlaw,hors famille,2,False,1,,0.45499999999999996,0.4997096821019016,0.5012193790266808,0.4947561329655974,0.13795180722891567,0.03915662650602411,0.35,0.4879518072289157,0.4487951807228915
Qwen3-4B-Instruct-2507,q4,droite,journaliste,owngun,hors famille,2,False,1,,0.45499999999999996,0.4814196545217013,0.48287409456557356,0.4886594571055305,0.2463855421686747,0.021084337349397547,,,
Qwen3-4B-Instruct-2507,q4,droite,journaliste,hunt1,hors famille,4,False,1,,0.675,0.33306720859340977,0.3340734539365923,0.33827478589055016,0.7072289156626508,0.012048192771084362,,,
Qwen3-4B-Instruct-2507,q4,droite,journaliste,class,hors famille,4,False,1,,0.6849999999999999,0.6342901727391493,0.6362064572489353,0.6240746116998114,0.2753012048192771,0.051204819277108383,,,
Qwen3-4B-Instruct-2507,q4,droite,journaliste,satfin,hors famille,3,False,1,,0.5049999999999999,0.6585680069676295,0.6605576384086194,0.6529430976919728,0.3246987951807229,0.07530120481927705,,,
Qwen3-4B-Instruct-2507,q4,droite,journaliste,finalter,hors famille,3,False,1,,0.645,0.6567716649731457,0.6587558693990464,0.6449593554942663,0.17891566265060238,0.04216867469879515,,,
Qwen3-4B-Instruct-2507,q4,droite,journaliste,finrela,hors famille,5,False,1,,0.775,0.7258673247205691,0.7280602773632295,0.7071599651618523,0.14819277108433743,0.054216867469879505,,,
Qwen3-4B-Instruct-2507,q4,droite,journaliste,racdif1,hors famille,2,False,1,,0.47119999999999995,0.32927493104949934,0.33026971936082716,0.318551313688489,0.41216867469879515,0.009036144578313268,0.38,0.7921686746987951,0.8012048192771084
Qwen3-4B-Instruct-2507,q4,droite,journaliste,racdif2,hors famille,2,False,1,,0.4949999999999999,0.13412686892146897,0.13453208604811995,0.1790354187835681,0.377710843373494,0.027108433734939735,0.45,0.072289156626506,0.0993975903614457
Qwen3-4B-Instruct-2507,q4,droite,journaliste,racdif3,hors famille,2,False,1,,0.47119999999999995,0.38675787487298596,0.38792632766716423,0.3719698069385977,0.3579518072289156,0.015060240963855456,0.38,0.7379518072289156,0.7530120481927711
Qwen3-4B-Instruct-2507,q4,droite,journaliste,racdif4,hors famille,2,False,1,,0.47119999999999995,0.4993467847292785,0.5008553852873731,0.5,0.1380722891566265,0.01807228915662651,0.62,0.4819277108433735,0.5
Qwen3-4B-Instruct-2507,q4,droite,journaliste,wlthwhts,hors famille,7,False,1,,0.84,0.5167295688779214,0.5182906854002113,0.5777689069531137,0.4662650602409638,0.06024096385542168,,,
Qwen3-4B-Instruct-2507,q4,droite,journaliste,wlthblks,hors famille,7,False,1,,0.8200000000000001,0.656227318914211,0.6582098787900849,0.6501306430541443,0.4072289156626507,0.04518072289156628,,,
Qwen3-4B-Instruct-2507,q4,droite,journaliste,wlthhsps,hors famille,7,False,1,,0.8200000000000001,0.6562273189142112,0.658209878790085,0.6568260995790391,0.42951807228915667,0.0271084337349397,,,
Qwen3-4B-Instruct-2507,q4,droite,journaliste,racwork,hors famille,7,False,1,,0.6639999999999999,0.7319640005806359,0.7341753721835986,0.734631296269415,0.5175903614457832,0.039156626506024056,,,
Qwen3-4B-Instruct-2507,q4,droite,journaliste,letin1a,hors famille,5,False,1,,0.765,0.5724343155755552,0.5741637243839407,0.5498802438670345,0.5084337349397592,0.03012048192771089,0.38750000000000007,0.8268072289156626,0.8373493975903614
Qwen3-4B-Instruct-2507,q4,droite,journaliste,getahead,hors famille,3,False,1,,0.5191999999999999,0.4832159965161853,0.48467586357514664,0.5146610538539701,0.04385542168674697,0.05120481927710842,0.77,0.802710843373494,0.7740963855421688
Qwen3-4B-Instruct-2507,q4,droite,journaliste,aged,hors famille,3,False,1,,0.5049999999999999,0.5617651328204383,0.5634623084482946,0.5104332994629119,0.32469879518072287,0.07530120481927706,,,
Qwen3-4B-Instruct-2507,q4,droite,journaliste,parsol,hors famille,5,False,1,,0.685,0.7805922485121208,0.7829505332508282,0.7898824212512702,0.3644578313253012,0.04819277108433747,,,
Qwen3-4B-Instruct-2507,q4,droite,journaliste,kidssol,hors famille,6,False,1,,0.7185999999999999,0.8089889679198723,0.8114330433516544,0.8066301349978227,0.2813253012048192,0.018072289156626505,,,
Qwen3-4B-Instruct-2507,q4,droite,journaliste,spanking,hors famille,4,False,1,,0.595,0.7087567136013935,0.7108979725548721,0.7161598200029031,0.2427710843373494,0.027108433734939784,0.7833333333333333,0.6255020080321285,0.605421686746988
Qwen3-4B-Instruct-2507,q4,droite,journaliste,divlaw,hors famille,3,False,1,,0.635,0.626796341994484,0.6286899865322317,0.6283749455653942,0.22108433734939759,0.024096385542168752,0.375,0.5240963855421686,0.5436746987951806
Qwen3-4B-Instruct-2507,q4,droite,journaliste,sexeduc,hors famille,2,False,1,,0.4351999999999999,0.4185476847147628,0.4198121792305174,0.4160981274495573,0.02180722891566264,0.003012048192771094,0.32,0.2981927710843373,0.2951807228915662
Qwen3-4B-Instruct-2507,q4,droite,journaliste,pillok,hors famille,4,False,1,,0.5249999999999999,0.733433734939759,0.7356495468277946,0.7341595296850052,0.48734939759036144,0.02409638554216867,0.18333333333333335,0.5572289156626505,0.5572289156626504
Qwen3-4B-Instruct-2507,q4,droite,journaliste,xmarsex,hors famille,4,False,1,,0.5091999999999999,0.4476157642618669,0.4489680777490629,0.4421723036725216,0.09337349397590355,0.024096385542168655,0.84,0.8554216867469879,0.8674698795180722
Qwen3-4B-Instruct-2507,q4,droite,journaliste,homosex,hors famille,4,False,1,,0.5091999999999999,0.6549934678472928,0.6569723000764388,0.6633038176803601,0.36987951807228914,0.04518072289156626,0.84,0.5542168674698795,0.5763052208835341
Qwen3-4B-Instruct-2507,q4,droite,journaliste,marhomo,hors famille,5,False,1,,0.6599999999999999,0.7745318623893164,0.77687183780439,0.7841486427638265,0.3759036144578314,0.03915662650602405,0.2375,0.49924698795180705,0.5150602409638554
Qwen3-4B-Instruct-2507,q4,droite,journaliste,discaff,hors famille,3,False,1,,0.615,0.64612062708666,0.6480726531503659,0.6386086514733634,0.19096385542168676,0.01807228915662651,0.65,0.48343373493975894,0.4743975903614457
Qwen3-4B-Instruct-2507,q4,droite,journaliste,abdefect,avortement (ab*),2,False,1,,0.4351999999999999,0.44511177239076805,0.4464565209478399,0.4509362752213675,0.014337349397590377,0.009036144578313282,0.32,0.3343373493975903,0.3433734939759036
Qwen3-4B-Instruct-2507,q4,droite,journaliste,abnomore,avortement (ab*),2,False,1,,0.4351999999999999,0.44511177239076805,0.4464565209478399,0.4279830164029612,0.34566265060240964,0.02409638554216867,0.32,0.6656626506024096,0.6897590361445783
Qwen3-4B-Instruct-2507,q4,droite,journaliste,abhlth,avortement (ab*),2,False,1,,0.4032,0.20734141384816374,0.2079678229534452,0.21193206561184508,0.16253012048192778,0.003012048192771115,0.28,0.1174698795180722,0.1204819277108433
Qwen3-4B-Instruct-2507,q4,droite,journaliste,abpoor,avortement (ab*),2,False,1,,0.4351999999999999,0.452805196690376,0.45417318822116265,0.43025112498185514,0.3336144578313254,0.033132530120481896,0.32,0.6536144578313253,0.6867469879518072
Qwen3-4B-Instruct-2507,q4,droite,journaliste,abrape,avortement (ab*),2,False,1,,0.29520000000000013,0.3658005516040064,0.3669056892221454,0.375,0.0609638554216867,0.009036144578313282,0.18,0.2409638554216867,0.25
Qwen3-4B-Instruct-2507,q4,droite,journaliste,absingle,avortement (ab*),2,False,1,,0.4351999999999999,0.43683771229496304,0.4381574636916246,0.4233379300333866,0.357710843373494,0.01807228915662648,0.32,0.677710843373494,0.6957831325301205
Qwen3-4B-Instruct-2507,q4,droite,journaliste,abany,avortement (ab*),2,False,1,,0.4351999999999999,0.4085317172303673,0.4097659520256252,0.4085317172303673,0.39385542168674703,0.0,0.32,0.713855421686747,0.713855421686747
Qwen3-4B-Instruct-2507,q4,droite,journaliste,letdie1,fin de vie (suicide/letdie),2,False,1,,0.4351999999999999,0.4709682101901582,0.47239107487351223,0.463256641021919,0.05951807228915662,0.015060240963855415,0.32,0.3795180722891566,0.3644578313253012
Qwen3-4B-Instruct-2507,q4,droite,journaliste,suicide1,fin de vie (suicide/letdie),2,False,1,,0.45499999999999996,0.4581942226738278,0.4595784952498817,0.4546378284221222,0.005421686746987925,0.006024096385542105,0.35,0.3554216867469879,0.3493975903614458
Qwen3-4B-Instruct-2507,q4,droite,journaliste,suicide2,fin de vie (suicide/letdie),2,False,1,,0.4949999999999999,0.22993177529394693,0.2306264332253486,0.23434097837131662,0.31746987951807226,0.003012048192771108,0.55,0.8674698795180723,0.8644578313253012
Qwen3-4B-Instruct-2507,q4,droite,journaliste,suicide3,fin de vie (suicide/letdie),2,False,1,,0.45499999999999996,0.24735084917985195,0.2480981327121174,0.24305051531426902,0.5054216867469881,0.003012048192771108,0.35,0.8554216867469879,0.858433734939759
Qwen3-4B-Instruct-2507,q4,droite,journaliste,suicide4,fin de vie (suicide/letdie),2,False,1,,0.47119999999999995,0.3497423428654377,0.35079896625778045,0.3430650312091741,0.39409638554216864,0.00602409638554223,0.38,0.7740963855421686,0.7801204819277109
Qwen3-4B-Instruct-2507,q4,droite,journaliste,pornlaw,hors famille,3,False,1,,0.5512,0.4994193642038032,0.5009281840352346,0.5375780229351139,0.3004819277108434,0.06325301204819284,0.74,0.6475903614457832,0.6641566265060241
Qwen3-4B-Instruct-2507,q4,droite,journaliste,fair,hors famille,3,False,1,,0.645,0.6609268398896793,0.6629235977141195,0.6546850050805633,0.05542168674698797,0.06626506024096379,,,
Qwen3-4B-Instruct-2507,q4,droite,journaliste,helpful,hors famille,3,False,1,,0.595,0.6610357091014661,0.6630327958359117,0.6610357091014661,0.24879518072289158,0.045180722891566244,,,
Qwen3-4B-Instruct-2507,q4,droite,journaliste,trust,hors famille,3,False,1,,0.5752,0.5711097401654812,0.5728351472354676,0.5913231238205835,0.41132530120481925,0.05722891566265058,,,
Qwen3-4B-Instruct-2507,q4,droite,journaliste,tax,hors famille,3,False,1,,0.5512,0.41128973726230234,0.41253230444436373,0.4085317172303673,0.13987951807228918,0.003012048192771094,0.74,0.8524096385542168,0.8539156626506024
Qwen3-4B-Instruct-2507,q4,droite,journaliste,vote16,hors famille,3,False,1,,0.485,0.35273624618957766,0.3538019146070689,0.32317825518943244,0.13313253012048193,0.021084337349397613,,,
Qwen3-4B-Instruct-2507,q4,droite,journaliste,pres16,hors famille,4,False,1,,0.545,0.4872260124836696,0.4886979943944964,0.47788140513862676,0.5355421686746988,0.015060240963855432,,,
Qwen3-4B-Instruct-2507,q4,droite,journaliste,if16who,hors famille,3,False,1,,0.5449999999999999,0.3120010161126433,0.3129436173697812,0.3121643199303237,0.3445783132530121,0.003012048192771101,,,
Qwen3-4B-Instruct-2507,q4,droite,journaliste,news,hors famille,5,False,1,,0.775,0.7523769777906809,0.7546500200196559,0.7454456379735811,0.33734939759036153,0.03915662650602406,,,
Qwen3-4B-Instruct-2507,q4,droite,journaliste,jew,hors famille,5,False,1,,0.6599999999999999,0.5322434315575556,0.5338514177556147,0.5326789084047032,0.686144578313253,0.006024096385542202,,,
Qwen3-4B-Instruct-2507,q4,droite,journaliste,relig16*,hors famille,5,False,1,,0.5999999999999999,0.7291334010741763,0.7313362210169987,0.7198432283350269,0.20120481927710845,0.02710843373493972,,,
Qwen3-4B-Instruct-2507,q4,droite,journaliste,jew16*,hors famille,5,False,1,,0.6799999999999999,0.4750870953694295,0.4765224038146544,0.4550370155320076,0.7253012048192771,0.01807228915662649,,,
Qwen3-4B-Instruct-2507,q4,droite,journaliste,attend,hors famille,9,True,2,recopie du gabarit d'exemple de la relance,,,,,,,,,
Qwen3-4B-Instruct-2507,q4,droite,journaliste,pray,hors famille,6,False,1,,0.77,0.770884743794455,0.7732137007243477,0.7688888082450284,0.1753012048192771,0.03915662650602411,,,
Qwen3-4B-Instruct-2507,q4,droite,journaliste,postlife,hors famille,2,False,1,,0.45499999999999996,0.2804470895630715,0.2812943617369781,0.2516148933081723,0.18132530120481927,0.021084337349397617,,,
Qwen3-4B-Instruct-2507,q4,droite,journaliste,bible,hors famille,3,False,1,,0.485,0.6308063579619685,0.6327121173515817,0.6251814486863116,0.2945783132530121,0.012048192771084348,,,
Qwen3-4B-Instruct-2507,q4,droite,journaliste,reborn,hors famille,3,False,1,,0.5449999999999999,0.6224960081289013,0.6243766607214357,0.6145485556684569,0.11566265060240966,0.02710843373493972,,,
Qwen3-4B-Instruct-2507,q4,droite,journaliste,savesoul,hors famille,2,False,1,,0.45499999999999996,0.4997096821019016,0.5012193790266808,0.49992742052547545,0.16204819277108437,0.01807228915662651,,,
Qwen3-4B-Instruct-2507,q4,droite,journaliste,granborn,hors famille,5,False,1,,0.5973999999999999,0.5884199448395994,0.5901976486004441,0.5485375235883294,0.19469879518072294,0.060240963855421645,,,
Qwen3-4B-Instruct-2507,q4,droite,journaliste,uscitzn*,hors famille,2,False,1,,0.039200000000000124,0.011975613296559384,0.01201179339715322,0.01790898533894625,0.013975903614457948,0.003012048192771167,,,
Qwen3-4B-Instruct-2507,q4,droite,journaliste,fucitzn,hors famille,5,False,1,,0.715,0.02389679198722605,0.023968987733411027,0.023860502249963833,0.9379518072289157,0.00602409638554215,,,
Qwen3-4B-Instruct-2507,q4,droite,journaliste,mnthsusa,hors famille,6,False,1,,0.7549999999999999,0.03549136304253131,0.035598587704291224,0.04715851357236167,0.5819277108433736,0.006024096385542122,,,
Qwen3-4B-Instruct-2507,q4,droite,journaliste,income,hors famille,12,True,2,recopie du gabarit d'exemple de la relance,,,,,,,,,
Qwen3-4B-Instruct-2507,q4,droite,journaliste,othlang,hors famille,2,False,1,,0.45499999999999996,0.3430650312091741,0.3441014814545191,0.33967194077514884,0.4301204819277109,0.0030120481927710524,,,
Qwen3-4B-Instruct-2507,q4,droite,journaliste,health,hors famille,4,False,1,,0.6499999999999999,0.6140404993467847,0.6158956065955666,0.5931739004209611,0.28915662650602414,0.04819277108433736,,,
Qwen3-4B-Instruct-2507,q4,droite,journaliste,compuse*,hors famille,2,False,1,,0.039200000000000124,0.0296668602119321,0.029756488188403197,0.04703149949194363,0.004939759036144615,0.009036144578313227,,,
Qwen3-4B-Instruct-2507,q4,droite,journaliste,webmob,hors famille,2,False,1,,0.1472,0.05842647699230641,0.05860299202853694,0.052747133110756295,0.04987951807228919,0.003012048192771056,,,
Qwen3-4B-Instruct-2507,q4,droite,journaliste,xmovie,hors famille,2,False,1,,0.45499999999999996,0.43248294382348684,0.4337895388199325,0.4581942226738278,0.3337349397590362,0.039156626506024056,,,
Qwen3-4B-Instruct-2507,q4,droite,journaliste,usewww*,hors famille,2,False,1,,0.4032,0.011975613296559384,0.01201179339715322,0.01790898533894625,0.273975903614458,0.003012048192771167,,,
Qwen3-4B-Instruct-2507,q4,droite,journaliste,life,hors famille,3,False,1,,0.615,0.5412795761358686,0.5429148618643759,0.5057337784874437,0.17530120481927713,0.05120481927710846,,,
Qwen3-4B-Instruct-2507,q4,droite,journaliste,richwork,hors famille,2,False,1,,0.47119999999999995,0.4934497024241544,0.4949404870236232,0.4953549136304253,0.17722891566265062,0.009036144578313227,,,
Qwen3-4B-Instruct-2507,q4,droite,adversaire,natspac/y,depenses publiques (nat*),3,False,1,,0.5049999999999999,0.6121897227464074,0.6140392385250975,0.6248911307882131,0.45722891566265056,0.021084337349397533,0.225,0.5496987951807228,0.5391566265060241
Qwen3-4B-Instruct-2507,q4,droite,adversaire,natenvir/y,depenses publiques (nat*),3,False,1,,0.5049999999999999,0.6627776164900567,0.6647799657845886,0.6561003048337931,0.2765060240963856,0.03313253012048198,0.225,0.4563253012048193,0.4292168674698794
Qwen3-4B-Instruct-2507,q4,droite,adversaire,natheal/y,depenses publiques (nat*),3,False,1,,0.585,0.5467593264624764,0.548411167327922,0.5067317462621572,0.04939759036144582,0.04819277108433733,0.3,0.25903614457831314,0.2259036144578312
Qwen3-4B-Instruct-2507,q4,droite,adversaire,natcity/y,depenses publiques (nat*),3,False,1,,0.5049999999999999,0.5874764116707796,0.5892512648782442,0.5944984758310351,0.5204819277108435,0.030120481927710815,0.225,0.6987951807228916,0.6867469879518072
Qwen3-4B-Instruct-2507,q4,droite,adversaire,natdrug/y,depenses publiques (nat*),3,False,1,,0.5049999999999999,0.607707940194513,0.6095439158446475,0.6302983016402962,0.14397590361445783,0.04518072289156631,0.225,0.32831325301204817,0.3659638554216867
Qwen3-4B-Instruct-2507,q4,droite,adversaire,nateduc/y,depenses publiques (nat*),3,False,1,,0.635,0.5686057482943823,0.5703235904342445,0.5760088546958919,0.1343373493975904,0.009036144578313282,0.375,0.2906626506024096,0.2996987951807229
Qwen3-4B-Instruct-2507,q4,droite,adversaire,natrace/y,depenses publiques (nat*),3,False,1,,0.5049999999999999,0.5905610393380752,0.5923452116623595,0.5877304398316157,0.5325301204819277,0.021084337349397575,0.225,0.6897590361445782,0.6882530120481927
Qwen3-4B-Instruct-2507,q4,droite,adversaire,natarms/y,depenses publiques (nat*),3,False,1,,0.585,0.6302620119030338,0.6321661267426201,0.612516330381768,0.10421686746987953,0.036144578313252976,0.7000000000000001,0.6310240963855421,0.6566265060240963
Qwen3-4B-Instruct-2507,q4,droite,adversaire,nataid/y,depenses publiques (nat*),3,False,1,,0.5049999999999999,0.2487117143271882,0.2494631092345211,0.21975250399187107,0.7584337349397592,0.018072289156626453,0.225,0.9171686746987951,0.9307228915662651
Qwen3-4B-Instruct-2507,q4,droite,adversaire,natfare/y,depenses publiques (nat*),3,False,1,,0.5049999999999999,0.6179235012338511,0.6197903396061588,0.614675569748875,0.14698795180722884,0.009036144578313199,0.225,0.34638554216867457,0.3403614457831325
Qwen3-4B-Instruct-2507,q4,droite,adversaire,natroad,depenses publiques (nat*),3,False,1,,0.5049999999999999,0.544073885905066,0.5457176136570451,0.5503520104514443,0.12048192771084343,0.03915662650602406,0.225,0.25451807228915657,0.2680722891566264
Qwen3-4B-Instruct-2507,q4,droite,adversaire,natsoc,depenses publiques (nat*),3,False,1,,0.5049999999999999,0.49119973871389166,0.49268372583991554,0.475486282479315,0.030722891566265058,0.015060240963855366,0.225,0.20783132530120474,0.19427710843373489
Qwen3-4B-Instruct-2507,q4,droite,adversaire,natmass,depenses publiques (nat*),3,False,1,,0.5049999999999999,0.5700573377848744,0.5717795653914753,0.5744483959936131,0.3939759036144578,0.015060240963855456,0.225,0.45331325301204817,0.466867469879518
Qwen3-4B-Instruct-2507,q4,droite,adversaire,natpark,depenses publiques (nat*),3,False,1,,0.585,0.49932863986064735,0.5008371856004077,0.49323196400058067,0.35963855421686747,0.02108433734939756,0.3,0.4382530120481927,0.41716867469879515
Qwen3-4B-Instruct-2507,q4,droite,adversaire,natchld,depenses publiques (nat*),3,False,1,,0.5049999999999999,0.6241834809115981,0.6260692316092163,0.6085788938888081,0.2644578313253012,0.042168674698795205,0.225,0.39156626506024095,0.39457831325301207
Qwen3-4B-Instruct-2507,q4,droite,adversaire,natsci,depenses publiques (nat*),3,False,1,,0.5049999999999999,0.56241834809116,0.5641174971790487,0.5552511249818551,0.4331325301204819,0.009036144578313227,0.225,0.4849397590361445,0.48644578313253006
Qwen3-4B-Instruct-2507,q4,droite,adversaire,natenrgy,depenses publiques (nat*),3,False,1,,0.5049999999999999,0.6592393671069822,0.6612310268263387,0.6511286108288576,0.3548192771084338,0.036144578313253045,0.225,0.5030120481927711,0.5256024096385543
Qwen3-4B-Instruct-2507,q4,droite,adversaire,uswary,hors famille,2,False,1,,0.2550000000000001,0.4764842502540282,0.47792377971098904,0.4709682101901582,0.45843373493975903,0.01204819277108432,,,
Qwen3-4B-Instruct-2507,q4,droite,adversaire,prayer,hors famille,2,False,1,,0.4032,0.5,0.5015105740181269,0.49853026564087677,0.21999999999999997,0.02710843373493979,0.28,0.5,0.4728915662650602
Qwen3-4B-Instruct-2507,q4,droite,adversaire,courts,hors famille,3,False,1,,0.645,0.4278560023225433,0.42914861864375947,0.39018725504427343,0.4789156626506024,0.030120481927710843,0.4,0.8192771084337349,0.8433734939759037
Qwen3-4B-Instruct-2507,q4,droite,adversaire,discaffw,hors famille,4,False,1,,0.6499999999999999,0.7227645521846422,0.7249481308921487,0.7196799245173466,0.36927710843373496,0.04216867469879528,0.26666666666666666,0.5592369477911646,0.5572289156626504
Qwen3-4B-Instruct-2507,q4,droite,adversaire,discaffm,hors famille,4,False,1,,0.6499999999999999,0.7178472927856003,0.7200160157245297,0.7206053128175353,0.36626506024096384,0.07228915662650601,0.7333333333333334,0.46787148594377503,0.5140562248995983
Qwen3-4B-Instruct-2507,q4,droite,adversaire,fehire,roles de genre (fe*),5,False,1,,0.6592,0.77821527072144,0.7805663742583628,0.7793402525765714,0.513855421686747,0.0512048192771084,0.22,0.5587349397590361,0.5805722891566264
Qwen3-4B-Instruct-2507,q4,droite,adversaire,fechld,roles de genre (fe*),4,False,1,,0.5091999999999999,0.6650457250689505,0.6670549266552617,0.6901400783858325,0.34879518072289156,0.045180722891566244,0.16,0.33333333333333326,0.3514056224899598
Qwen3-4B-Instruct-2507,q4,droite,adversaire,fepresch,roles de genre (fe*),4,False,1,,0.675,0.6896683118014226,0.691751901867288,0.6878538249383075,0.36265060240963853,0.04216867469879516,0.7000000000000001,0.43473895582329314,0.41767068273092367
Qwen3-4B-Instruct-2507,q4,droite,adversaire,fefam,roles de genre (fe*),4,False,1,,0.6849999999999999,0.7126034257511977,0.7147563061915337,0.7143090434025259,0.23493975903614459,0.01204819277108439,0.6666666666666667,0.5110441767068272,0.5210843373493976
Qwen3-4B-Instruct-2507,q4,droite,adversaire,fepol,roles de genre (fe*),2,False,1,,0.4949999999999999,0.4867723907678908,0.4882430022203618,0.4997096821019016,0.03132530120481927,0.06927710843373494,0.45,0.4186746987951807,0.4879518072289157
Qwen3-4B-Instruct-2507,q4,droite,adversaire,mobile16,hors famille,3,False,1,,0.5049999999999999,0.6639025983451879,0.6659083463764424,0.6631042241254174,0.3066265060240964,0.006024096385542188,,,
Qwen3-4B-Instruct-2507,q4,droite,adversaire,incom16,hors famille,5,False,1,,0.775,0.6380280156771665,0.6399555927638045,0.6506568442444478,0.330120481927711,0.048192771084337394,,,
Qwen3-4B-Instruct-2507,q4,droite,adversaire,dwelown16,hors famille,3,False,1,,0.5049999999999999,0.3921287559878066,0.39331343500891786,0.40072942371897224,0.09397590361445787,0.006024096385542223,,,
Qwen3-4B-Instruct-2507,q4,droite,adversaire,divorced,hors famille,2,False,1,,0.4949999999999999,0.46645013790100165,0.4678593528191316,0.45991798519378724,0.07951807228915658,0.012048192771084376,,,
Qwen3-4B-Instruct-2507,q4,droite,adversaire,posslq/y,hors famille,4,False,1,,0.6849999999999999,0.6408949049208884,0.6428311433043352,0.6377558426476992,0.2855421686746989,0.015060240963855397,,,
Qwen3-4B-Instruct-2507,q4,droite,adversaire,wrkstat,hors famille,8,False,1,,0.7143999999999999,0.7597800841921906,0.7620754923015326,0.7502903178980985,0.22156626506024102,0.0301204819277109,,,
Qwen3-4B-Instruct-2507,q4,droite,adversaire,evwork,hors famille,2,False,1,,0.45499999999999996,0.09174045579910017,0.09201761729698266,0.10255479750326635,0.30180722891566264,0.006024096385542219,,,
Qwen3-4B-Instruct-2507,q4,droite,adversaire,wrkgovt1,hors famille,2,False,1,,0.4949999999999999,0.276437073595587,0.2772722309176281,0.2723907678908406,0.28433734939759037,0.0030120481927710524,,,
Qwen3-4B-Instruct-2507,q4,droite,adversaire,wrkgovt2,hors famille,2,False,1,,0.45499999999999996,0.3896066192480767,0.39078367852072954,0.3951952387864712,0.08493975903614459,0.006024096385542216,,,
Qwen3-4B-Instruct-2507,q4,droite,adversaire,partfull,hors famille,3,False,1,,0.5049999999999999,0.6037705037015532,0.6055945837731591,0.5931376106836987,0.21024096385542168,0.027108433734939777,,,
Qwen3-4B-Instruct-2507,q4,droite,adversaire,wksub1,hors famille,3,False,1,,0.5049999999999999,0.6181049499201625,0.6199723364758126,0.6096131514007839,0.27951807228915665,0.03614457831325299,,,
Qwen3-4B-Instruct-2507,q4,droite,adversaire,wksup1,hors famille,3,False,1,,0.5049999999999999,0.6452133836551024,0.6471626688020967,0.6582776890695311,0.43614457831325304,0.04819277108433735,,,
Qwen3-4B-Instruct-2507,q4,droite,adversaire,conarmy,confiance dans les institutions (con*),3,False,1,,0.635,0.5507149078240674,0.5523786990863758,0.5664102191900131,0.13975903614457835,0.02710843373493982,0.625,0.7274096385542168,0.7168674698795181
Qwen3-4B-Instruct-2507,q4,droite,adversaire,conbus,confiance dans les institutions (con*),3,False,1,,0.635,0.5243141239657427,0.525898154551742,0.5512592538830019,0.3054216867469879,0.033132530120481965,0.625,0.46385542168674687,0.45331325301204817
Qwen3-4B-Instruct-2507,q4,droite,adversaire,conclerg,confiance dans les institutions (con*),3,False,1,,0.615,0.6315321527072144,0.633440104830197,0.6302983016402962,0.23614457831325308,0.006024096385542091,0.65,0.45180722891566255,0.4457831325301205
Qwen3-4B-Instruct-2507,q4,droite,adversaire,coneduc,confiance dans les institutions (con*),3,False,1,,0.635,0.5998875018144869,0.6016998507625669,0.6064196545217013,0.2753012048192771,0.054216867469879484,0.375,0.5587349397590362,0.5963855421686747
Qwen3-4B-Instruct-2507,q4,droite,adversaire,confed,confiance dans les institutions (con*),3,False,1,,0.615,0.5365619102917696,0.5381829432533762,0.5229351139497749,0.42831325301204826,0.024096385542168683,0.35,0.7545180722891566,0.7680722891566265
Qwen3-4B-Instruct-2507,q4,droite,adversaire,confinan,confiance dans les institutions (con*),3,False,1,,0.615,0.5644687182464798,0.5661740618061369,0.5695492814632022,0.26626506024096386,0.021084337349397575,0.65,0.48042168674698793,0.463855421686747
Qwen3-4B-Instruct-2507,q4,droite,adversaire,conjudge,confiance dans les institutions (con*),3,False,1,,0.5049999999999999,0.6273588329220496,0.6292541768281587,0.6298265350558863,0.3096385542168675,0.015060240963855373,0.775,0.575301204819277,0.5617469879518072
Qwen3-4B-Instruct-2507,q4,droite,adversaire,conlabor,confiance dans les institutions (con*),3,False,1,,0.635,0.5814341704166063,0.5831907691187713,0.612498185513137,0.34759036144578315,0.04819277108433737,0.375,0.6475903614457831,0.6144578313253012
Qwen3-4B-Instruct-2507,q4,droite,adversaire,conlegis,confiance dans les institutions (con*),3,False,1,,0.635,0.5375780229351139,0.5392021257234376,0.5422412541733199,0.3927710843373494,0.012048192771084324,,,
Qwen3-4B-Instruct-2507,q4,droite,adversaire,conmedic,confiance dans les institutions (con*),3,False,1,,0.615,0.6175061692553345,0.619371746805955,0.6062019160981275,0.12469879518072285,0.03313253012048191,0.35,0.4277108433734939,0.4457831325301204
Qwen3-4B-Instruct-2507,q4,droite,adversaire,conpress,confiance dans les institutions (con*),3,False,1,,0.635,0.4544382348671796,0.4558111600480472,0.43346276672956896,0.47771084337349395,0.030120481927710874,0.375,0.8237951807228916,0.8358433734939759
Qwen3-4B-Instruct-2507,q4,droite,adversaire,consci,confiance dans les institutions (con*),3,False,1,,0.615,0.6238387284076063,0.6257234375568741,0.594988387284076,0.17590361445783131,0.045180722891566286,0.35,0.4759036144578313,0.45331325301204817
Qwen3-4B-Instruct-2507,q4,droite,adversaire,contv,confiance dans les institutions (con*),3,False,1,,0.635,0.5451988677601974,0.546845994248899,0.5429126143126723,0.38072289156626504,0.027108433734939756,,,
Qwen3-4B-Instruct-2507,q4,droite,adversaire,joblose,hors famille,5,False,1,,0.715,0.6388626796341995,0.6407927783642122,0.6566990854986211,0.6783132530120481,0.03915662650602417,,,
Qwen3-4B-Instruct-2507,q4,droite,adversaire,jobfind,hors famille,4,False,1,,0.6499999999999999,0.7048011322398027,0.7069304407964184,0.7071962548991146,0.45060240963855425,0.03012048192771094,,,
Qwen3-4B-Instruct-2507,q4,droite,adversaire,happy,hors famille,3,False,1,,0.5622,0.5831216431993033,0.584883340006552,0.5545071853679779,0.2301204819277109,0.06325301204819275,,,
Qwen3-4B-Instruct-2507,q4,droite,adversaire,hapmar,hors famille,4,False,1,,0.625,0.6581325301204821,0.6601208459214504,0.6618159384526057,0.4228915662650603,0.027108433734939794,,,
Qwen3-4B-Instruct-2507,q4,droite,adversaire,satjob,hors famille,5,False,1,,0.6799999999999999,0.6966177964871534,0.69872238197503,0.7107889388880825,0.35662650602409646,0.04819277108433736,,,
Qwen3-4B-Instruct-2507,q4,droite,adversaire,spdeg*,hors famille,6,False,1,,0.725,0.7300587893743651,0.7322644050522333,0.7337421977064886,0.48012048192771084,0.018072289156626505,,,
Qwen3-4B-Instruct-2507,q4,droite,adversaire,spjew,hors famille,5,False,1,,0.685,0.5500072579474524,0.5516689112947257,0.5186710698214545,0.6542168674698796,0.03313253012048185,,,
Qwen3-4B-Instruct-2507,q4,droite,adversaire,spfund,hors famille,4,False,1,,0.5082,0.5531100304833794,0.5547810577658066,0.565303382203513,0.5884337349397591,0.027108433734939753,,,
Qwen3-4B-Instruct-2507,q4,droite,adversaire,unemp,hors famille,2,False,1,,0.2550000000000001,0.43896066192480765,0.44028682706657446,0.4709682101901582,0.17530120481927713,0.05421686746987947,,,
Qwen3-4B-Instruct-2507,q4,droite,adversaire,union1,hors famille,4,False,1,,0.5349999999999999,0.13732036580055162,0.13773523095402762,0.12630643054144308,0.8277108433734941,0.006024096385542111,,,
Qwen3-4B-Instruct-2507,q4,droite,adversaire,spkath/y,libertes civiles (spk/col/lib),2,False,1,,0.45499999999999996,0.3430650312091741,0.3441014814545191,0.33624256060386126,0.13012048192771086,0.00602409638554216,0.35,0.2198795180722891,0.2138554216867469
Qwen3-4B-Instruct-2507,q4,droite,adversaire,colath,libertes civiles (spk/col/lib),2,False,1,,0.45499999999999996,0.44511177239076805,0.4464565209478399,0.4279830164029612,0.015662650602409622,0.02409638554216867,0.35,0.3343373493975903,0.3102409638554217
Qwen3-4B-Instruct-2507,q4,droite,adversaire,spkrac/y,libertes civiles (spk/col/lib),2,False,1,,0.45499999999999996,0.5,0.5015105740181269,0.49274205254753967,0.15000000000000002,0.060240963855421686,,,
Qwen3-4B-Instruct-2507,q4,droite,adversaire,colrac,libertes civiles (spk/col/lib),2,False,1,,0.4949999999999999,0.4724016548120191,0.4738288501437775,0.4802402380606764,0.06746987951807229,0.01807228915662651,,,
Qwen3-4B-Instruct-2507,q4,droite,adversaire,librac/y,libertes civiles (spk/col/lib),2,False,1,,0.4351999999999999,0.4764842502540282,0.47792377971098904,0.4709682101901582,0.2884337349397591,0.01204819277108432,,,
Qwen3-4B-Instruct-2507,q4,droite,adversaire,spkcom/y,libertes civiles (spk/col/lib),2,False,1,,0.2550000000000001,0.46645013790100165,0.4678593528191316,0.43248294382348684,0.2204819277108434,0.054216867469879554,0.15,0.3704819277108434,0.3162650602409638
Qwen3-4B-Instruct-2507,q4,droite,adversaire,colcom/y,libertes civiles (spk/col/lib),2,False,1,,0.34319999999999995,0.469498475831035,0.4709169002293161,0.4737988096966178,0.40349397590361447,0.009036144578313282,0.78,0.3765060240963855,0.3855421686746988
Qwen3-4B-Instruct-2507,q4,droite,adversaire,libcom/y,libertes civiles (spk/col/lib),2,False,1,,0.45499999999999996,0.43896066192480765,0.44028682706657446,0.4160981274495573,0.32469879518072287,0.030120481927710885,0.65,0.3253012048192771,0.2951807228915662
Qwen3-4B-Instruct-2507,q4,droite,adversaire,spkhomo/y,libertes civiles (spk/col/lib),2,False,1,,0.1472,0.16439250979822884,0.1648891639063806,0.18861590942081574,0.010361445783132486,0.01506024096385545,0.08,0.0903614457831325,0.1054216867469879
Qwen3-4B-Instruct-2507,q4,droite,adversaire,colhomo,libertes civiles (spk/col/lib),2,False,1,,0.45499999999999996,0.1838438089708232,0.18439922833327282,0.1980512411090145,0.2475903614457831,0.009036144578313282,0.35,0.1024096385542168,0.1114457831325301
Qwen3-4B-Instruct-2507,q4,droite,adversaire,libhomo/y,libertes civiles (spk/col/lib),2,False,1,,0.47119999999999995,0.3658005516040064,0.3669056892221454,0.3896066192480767,0.37903614457831325,0.02409638554216867,0.62,0.2409638554216867,0.2650602409638554
Qwen3-4B-Instruct-2507,q4,droite,adversaire,cappun,hors famille,2,False,1,,0.4872000000000001,0.3075010886921179,0.308430095002366,0.29225939904195086,0.2302409638554217,0.01204819277108439,0.58,0.8102409638554217,0.822289156626506
Qwen3-4B-Instruct-2507,q4,droite,adversaire,polhitok/y,hors famille,2,False,1,,0.2550000000000001,0.3497423428654377,0.35079896625778045,0.32927493104949934,0.6240963855421686,0.01807228915662651,0.15,0.7740963855421686,0.7921686746987951
Qwen3-4B-Instruct-2507,q4,droite,adversaire,polabuse/y,hors famille,2,False,1,,0.45499999999999996,0.16439250979822884,0.1648891639063806,0.14942299317752927,0.5596385542168676,0.009036144578313275,0.65,0.0903614457831325,0.0813253012048192
Qwen3-4B-Instruct-2507,q4,droite,adversaire,polattak/y,hors famille,2,False,1,,0.45499999999999996,0.41109014370735963,0.41233210788774444,0.37799390332414007,0.060843373493975866,0.036144578313253045,0.65,0.7108433734939759,0.7469879518072289
Qwen3-4B-Instruct-2507,q4,droite,adversaire,grass,hors famille,2,False,1,,0.4872000000000001,0.4546378284221222,0.4560113566046664,0.45991798519378724,0.07060240963855421,0.009036144578313227,0.42,0.3493975903614458,0.358433734939759
Qwen3-4B-Instruct-2507,q4,droite,adversaire,gunlaw,hors famille,2,False,1,,0.45499999999999996,0.4997096821019016,0.5012193790266808,0.4947561329655974,0.13795180722891567,0.03915662650602411,0.35,0.4879518072289157,0.4487951807228915
Qwen3-4B-Instruct-2507,q4,droite,adversaire,owngun,hors famille,2,False,1,,0.45499999999999996,0.4814196545217013,0.48287409456557356,0.4886594571055305,0.2463855421686747,0.021084337349397547,,,
Qwen3-4B-Instruct-2507,q4,droite,adversaire,hunt1,hors famille,4,False,1,,0.6499999999999999,0.33306720859340977,0.3340734539365923,0.33827478589055016,0.7572289156626507,0.012048192771084362,,,
Qwen3-4B-Instruct-2507,q4,droite,adversaire,class,hors famille,4,False,1,,0.6849999999999999,0.6342901727391493,0.6362064572489353,0.6240746116998114,0.2753012048192771,0.051204819277108383,,,
Qwen3-4B-Instruct-2507,q4,droite,adversaire,satfin,hors famille,3,False,1,,0.565,0.6585680069676295,0.6605576384086194,0.6529430976919728,0.22469879518072294,0.07530120481927705,,,
Qwen3-4B-Instruct-2507,q4,droite,adversaire,finalter,hors famille,3,False,1,,0.645,0.6567716649731457,0.6587558693990464,0.6449593554942663,0.17891566265060238,0.04216867469879515,,,
Qwen3-4B-Instruct-2507,q4,droite,adversaire,finrela,hors famille,5,False,1,,0.775,0.7258673247205691,0.7280602773632295,0.7071599651618523,0.1981927710843374,0.054216867469879505,,,
Qwen3-4B-Instruct-2507,q4,droite,adversaire,racdif1,hors famille,2,False,1,,0.45499999999999996,0.32927493104949934,0.33026971936082716,0.318551313688489,0.44216867469879517,0.009036144578313268,0.35,0.7921686746987951,0.8012048192771084
Qwen3-4B-Instruct-2507,q4,droite,adversaire,racdif2,hors famille,2,False,1,,0.4949999999999999,0.13412686892146897,0.13453208604811995,0.1790354187835681,0.377710843373494,0.027108433734939735,0.45,0.072289156626506,0.0993975903614457
Qwen3-4B-Instruct-2507,q4,droite,adversaire,racdif3,hors famille,2,False,1,,0.45499999999999996,0.38675787487298596,0.38792632766716423,0.3719698069385977,0.38795180722891565,0.015060240963855456,0.35,0.7379518072289156,0.7530120481927711
Qwen3-4B-Instruct-2507,q4,droite,adversaire,racdif4,hors famille,2,False,1,,0.45499999999999996,0.4993467847292785,0.5008553852873731,0.5,0.16807228915662653,0.01807228915662651,0.65,0.4819277108433735,0.5
Qwen3-4B-Instruct-2507,q4,droite,adversaire,wlthwhts,hors famille,7,False,1,,0.84,0.5167295688779214,0.5182906854002113,0.5777689069531137,0.616265060240964,0.06024096385542168,,,
Qwen3-4B-Instruct-2507,q4,droite,adversaire,wlthblks,hors famille,7,False,1,,0.84,0.656227318914211,0.6582098787900849,0.6501306430541443,0.5807228915662651,0.04518072289156628,,,
Qwen3-4B-Instruct-2507,q4,droite,adversaire,wlthhsps,hors famille,7,False,1,,0.84,0.6562273189142112,0.658209878790085,0.6568260995790391,0.5632530120481929,0.0271084337349397,,,
Qwen3-4B-Instruct-2507,q4,droite,adversaire,racwork,hors famille,7,False,1,,0.6319999999999999,0.7319640005806359,0.7341753721835986,0.734631296269415,0.5375903614457832,0.039156626506024056,,,
Qwen3-4B-Instruct-2507,q4,droite,adversaire,letin1a,hors famille,5,False,1,,0.775,0.5724343155755552,0.5741637243839407,0.5498802438670345,0.5084337349397592,0.03012048192771089,0.4125,0.8268072289156626,0.8373493975903614
Qwen3-4B-Instruct-2507,q4,droite,adversaire,getahead,hors famille,3,False,1,,0.5049999999999999,0.4832159965161853,0.48467586357514664,0.5146610538539701,0.07228915662650603,0.05120481927710842,0.775,0.802710843373494,0.7740963855421688
Qwen3-4B-Instruct-2507,q4,droite,adversaire,aged,hors famille,3,False,1,,0.5049999999999999,0.5617651328204383,0.5634623084482946,0.5104332994629119,0.32469879518072287,0.07530120481927706,,,
Qwen3-4B-Instruct-2507,q4,droite,adversaire,parsol,hors famille,5,False,1,,0.715,0.7805922485121208,0.7829505332508282,0.7898824212512702,0.31445783132530114,0.04819277108433747,,,
Qwen3-4B-Instruct-2507,q4,droite,adversaire,kidssol,hors famille,6,False,1,,0.7162,0.8089889679198723,0.8114330433516544,0.8066301349978227,0.28132530120481924,0.018072289156626505,,,
Qwen3-4B-Instruct-2507,q4,droite,adversaire,spanking,hors famille,4,False,1,,0.6499999999999999,0.7087567136013935,0.7108979725548721,0.7161598200029031,0.14277108433734936,0.027108433734939784,0.7333333333333334,0.6255020080321285,0.605421686746988
Qwen3-4B-Instruct-2507,q4,droite,adversaire,divlaw,hors famille,3,False,1,,0.645,0.626796341994484,0.6286899865322317,0.6283749455653942,0.22108433734939756,0.024096385542168752,0.4,0.5240963855421686,0.5436746987951806
Qwen3-4B-Instruct-2507,q4,droite,adversaire,sexeduc,hors famille,2,False,1,,0.45499999999999996,0.4185476847147628,0.4198121792305174,0.4160981274495573,0.05180722891566264,0.003012048192771094,0.35,0.2981927710843373,0.2951807228915662
Qwen3-4B-Instruct-2507,q4,droite,adversaire,pillok,hors famille,4,False,1,,0.565,0.733433734939759,0.7356495468277946,0.7341595296850052,0.43734939759036146,0.02409638554216867,0.2,0.5572289156626505,0.5572289156626504
Qwen3-4B-Instruct-2507,q4,droite,adversaire,xmarsex,hors famille,4,False,1,,0.5082,0.4476157642618669,0.4489680777490629,0.4421723036725216,0.09337349397590355,0.024096385542168655,0.8433333333333333,0.8554216867469879,0.8674698795180722
Qwen3-4B-Instruct-2507,q4,droite,adversaire,homosex,hors famille,4,False,1,,0.5091999999999999,0.6549934678472928,0.6569723000764388,0.6633038176803601,0.36987951807228914,0.04518072289156626,0.84,0.5542168674698795,0.5763052208835341
Qwen3-4B-Instruct-2507,q4,droite,adversaire,marhomo,hors famille,5,False,1,,0.715,0.7745318623893164,0.77687183780439,0.7841486427638265,0.3259036144578314,0.03915662650602405,0.3375,0.49924698795180705,0.5150602409638554
Qwen3-4B-Instruct-2507,q4,droite,adversaire,discaff,hors famille,3,False,1,,0.615,0.64612062708666,0.6480726531503659,0.6386086514733634,0.19096385542168676,0.01807228915662651,0.65,0.48343373493975894,0.4743975903614457
Qwen3-4B-Instruct-2507,q4,droite,adversaire,abdefect,avortement (ab*),2,False,1,,0.45499999999999996,0.44511177239076805,0.4464565209478399,0.4509362752213675,0.015662650602409622,0.009036144578313282,0.35,0.3343373493975903,0.3433734939759036
Qwen3-4B-Instruct-2507,q4,droite,adversaire,abnomore,avortement (ab*),2,False,1,,0.45499999999999996,0.44511177239076805,0.4464565209478399,0.4279830164029612,0.31566265060240967,0.02409638554216867,0.35,0.6656626506024096,0.6897590361445783
Qwen3-4B-Instruct-2507,q4,droite,adversaire,abhlth,avortement (ab*),2,False,1,,0.2550000000000001,0.20734141384816374,0.2079678229534452,0.21193206561184508,0.03253012048192776,0.003012048192771115,0.15,0.1174698795180722,0.1204819277108433
Qwen3-4B-Instruct-2507,q4,droite,adversaire,abpoor,avortement (ab*),2,False,1,,0.45499999999999996,0.452805196690376,0.45417318822116265,0.43025112498185514,0.30361445783132535,0.033132530120481896,0.35,0.6536144578313253,0.6867469879518072
Qwen3-4B-Instruct-2507,q4,droite,adversaire,abrape,avortement (ab*),2,False,1,,0.2550000000000001,0.3658005516040064,0.3669056892221454,0.375,0.09096385542168671,0.009036144578313282,0.15,0.2409638554216867,0.25
Qwen3-4B-Instruct-2507,q4,droite,adversaire,absingle,avortement (ab*),2,False,1,,0.45499999999999996,0.43683771229496304,0.4381574636916246,0.4233379300333866,0.327710843373494,0.01807228915662648,0.35,0.677710843373494,0.6957831325301205
Qwen3-4B-Instruct-2507,q4,droite,adversaire,abany,avortement (ab*),2,False,1,,0.45499999999999996,0.4085317172303673,0.4097659520256252,0.4085317172303673,0.363855421686747,0.0,0.35,0.713855421686747,0.713855421686747
Qwen3-4B-Instruct-2507,q4,droite,adversaire,letdie1,fin de vie (suicide/letdie),2,False,1,,0.45499999999999996,0.4709682101901582,0.47239107487351223,0.463256641021919,0.02951807228915662,0.015060240963855415,0.35,0.3795180722891566,0.3644578313253012
Qwen3-4B-Instruct-2507,q4,droite,adversaire,suicide1,fin de vie (suicide/letdie),2,False,1,,0.45499999999999996,0.4581942226738278,0.4595784952498817,0.4546378284221222,0.005421686746987925,0.006024096385542105,0.35,0.3554216867469879,0.3493975903614458
Qwen3-4B-Instruct-2507,q4,droite,adversaire,suicide2,fin de vie (suicide/letdie),2,False,1,,0.45499999999999996,0.22993177529394693,0.2306264332253486,0.23434097837131662,0.5174698795180723,0.003012048192771108,0.35,0.8674698795180723,0.8644578313253012
Qwen3-4B-Instruct-2507,q4,droite,adversaire,suicide3,fin de vie (suicide/letdie),2,False,1,,0.4949999999999999,0.24735084917985195,0.2480981327121174,0.24305051531426902,0.30542168674698794,0.003012048192771108,0.55,0.8554216867469879,0.858433734939759
Qwen3-4B-Instruct-2507,q4,droite,adversaire,suicide4,fin de vie (suicide/letdie),2,False,1,,0.45499999999999996,0.3497423428654377,0.35079896625778045,0.3430650312091741,0.42409638554216866,0.00602409638554223,0.35,0.7740963855421686,0.7801204819277109
Qwen3-4B-Instruct-2507,q4,droite,adversaire,pornlaw,hors famille,3,False,1,,0.565,0.4994193642038032,0.5009281840352346,0.5375780229351139,0.2704819277108435,0.06325301204819284,0.7250000000000001,0.6475903614457832,0.6641566265060241
Qwen3-4B-Instruct-2507,q4,droite,adversaire,fair,hors famille,3,False,1,,0.595,0.6609268398896793,0.6629235977141195,0.6546850050805633,0.15542168674698797,0.06626506024096379,,,
Qwen3-4B-Instruct-2507,q4,droite,adversaire,helpful,hors famille,3,False,1,,0.645,0.6610357091014661,0.6630327958359117,0.6610357091014661,0.14879518072289158,0.045180722891566244,,,
Qwen3-4B-Instruct-2507,q4,droite,adversaire,trust,hors famille,3,False,1,,0.645,0.5711097401654812,0.5728351472354676,0.5913231238205835,0.3313253012048193,0.05722891566265058,,,
Qwen3-4B-Instruct-2507,q4,droite,adversaire,tax,hors famille,3,False,1,,0.5049999999999999,0.41128973726230234,0.41253230444436373,0.4085317172303673,0.08493975903614454,0.003012048192771094,0.775,0.8524096385542168,0.8539156626506024
Qwen3-4B-Instruct-2507,q4,droite,adversaire,vote16,hors famille,3,False,1,,0.485,0.35273624618957766,0.3538019146070689,0.32317825518943244,0.13313253012048193,0.021084337349397613,,,
Qwen3-4B-Instruct-2507,q4,droite,adversaire,pres16,hors famille,4,False,1,,0.5626682045367166,0.4872260124836696,0.4886979943944964,0.47788140513862676,0.3628632175761871,0.015060240963855432,,,
Qwen3-4B-Instruct-2507,q4,droite,adversaire,if16who,hors famille,3,False,1,,0.5262,0.3120010161126433,0.3129436173697812,0.3121643199303237,0.3445783132530121,0.003012048192771101,,,
Qwen3-4B-Instruct-2507,q4,droite,adversaire,news,hors famille,5,False,1,,0.775,0.7523769777906809,0.7546500200196559,0.7454456379735811,0.33734939759036153,0.03915662650602406,,,
Qwen3-4B-Instruct-2507,q4,droite,adversaire,jew,hors famille,5,False,1,,0.4850000000000002,0.5322434315575556,0.5338514177556147,0.5326789084047032,0.6861445783132529,0.006024096385542202,,,
Qwen3-4B-Instruct-2507,q4,droite,adversaire,relig16*,hors famille,5,False,1,,0.6292,0.7291334010741763,0.7313362210169987,0.7198432283350269,0.20120481927710843,0.02710843373493972,,,
Qwen3-4B-Instruct-2507,q4,droite,adversaire,jew16*,hors famille,5,False,1,,0.69,0.4750870953694295,0.4765224038146544,0.4550370155320076,0.7253012048192771,0.01807228915662649,,,
Qwen3-4B-Instruct-2507,q4,droite,adversaire,attend,hors famille,9,False,1,,0.83,0.8125090724343157,0.8149637826229391,0.8236681666424736,0.19759036144578324,0.06325301204819284,,,
Qwen3-4B-Instruct-2507,q4,droite,adversaire,pray,hors famille,6,False,1,,0.79,0.770884743794455,0.7732137007243477,0.7688888082450284,0.2753012048192771,0.03915662650602411,,,
Qwen3-4B-Instruct-2507,q4,droite,adversaire,postlife,hors famille,2,False,1,,0.4949999999999999,0.2804470895630715,0.2812943617369781,0.2516148933081723,0.38132530120481933,0.021084337349397617,,,
Qwen3-4B-Instruct-2507,q4,droite,adversaire,bible,hors famille,3,False,1,,0.5049999999999999,0.6308063579619685,0.6327121173515817,0.6251814486863116,0.2945783132530121,0.012048192771084348,,,
Qwen3-4B-Instruct-2507,q4,droite,adversaire,reborn,hors famille,3,False,1,,0.5449999999999999,0.6224960081289013,0.6243766607214357,0.6145485556684569,0.11566265060240966,0.02710843373493972,,,
Qwen3-4B-Instruct-2507,q4,droite,adversaire,savesoul,hors famille,2,False,1,,0.45499999999999996,0.4997096821019016,0.5012193790266808,0.49992742052547545,0.16204819277108437,0.01807228915662651,,,
Qwen3-4B-Instruct-2507,q4,droite,adversaire,granborn,hors famille,5,False,1,,0.6799999999999999,0.5884199448395994,0.5901976486004441,0.5485375235883294,0.2981927710843374,0.060240963855421645,,,
Qwen3-4B-Instruct-2507,q4,droite,adversaire,uscitzn*,hors famille,2,False,1,,0.039200000000000124,0.011975613296559384,0.01201179339715322,0.01790898533894625,0.013975903614457948,0.003012048192771167,,,
Qwen3-4B-Instruct-2507,q4,droite,adversaire,fucitzn,hors famille,5,False,1,,0.4850000000000001,0.02389679198722605,0.023968987733411027,0.023860502249963833,0.9379518072289157,0.00602409638554215,,,
Qwen3-4B-Instruct-2507,q4,droite,adversaire,mnthsusa,hors famille,6,False,1,,0.1874,0.03549136304253131,0.035598587704291224,0.04715851357236167,0.08192771084337355,0.006024096385542122,,,
Qwen3-4B-Instruct-2507,q4,droite,adversaire,income,hors famille,12,True,2,recopie du gabarit d'exemple de la relance,,,,,,,,,
Qwen3-4B-Instruct-2507,q4,droite,adversaire,othlang,hors famille,2,False,1,,0.45499999999999996,0.3430650312091741,0.3441014814545191,0.33967194077514884,0.4301204819277109,0.0030120481927710524,,,
Qwen3-4B-Instruct-2507,q4,droite,adversaire,health,hors famille,4,False,1,,0.675,0.6140404993467847,0.6158956065955666,0.5931739004209611,0.1891566265060241,0.04819277108433736,,,
Qwen3-4B-Instruct-2507,q4,droite,adversaire,compuse*,hors famille,2,False,1,,0.1472,0.0296668602119321,0.029756488188403197,0.04703149949194363,0.06493975903614459,0.009036144578313227,,,
Qwen3-4B-Instruct-2507,q4,droite,adversaire,webmob,hors famille,2,False,1,,0.1472,0.05842647699230641,0.05860299202853694,0.052747133110756295,0.04987951807228919,0.003012048192771056,,,
Qwen3-4B-Instruct-2507,q4,droite,adversaire,xmovie,hors famille,2,False,1,,0.45499999999999996,0.43248294382348684,0.4337895388199325,0.4581942226738278,0.03373493975903613,0.039156626506024056,,,
Qwen3-4B-Instruct-2507,q4,droite,adversaire,usewww*,hors famille,2,False,1,,0.45499999999999996,0.011975613296559384,0.01201179339715322,0.01790898533894625,0.34397590361445796,0.003012048192771167,,,
Qwen3-4B-Instruct-2507,q4,droite,adversaire,life,hors famille,3,False,1,,0.615,0.5412795761358686,0.5429148618643759,0.5057337784874437,0.17530120481927713,0.05120481927710846,,,
Qwen3-4B-Instruct-2507,q4,droite,adversaire,richwork,hors famille,2,False,1,,0.4949999999999999,0.4934497024241544,0.4949404870236232,0.4953549136304253,0.0072289156626506035,0.009036144578313227,,,
Qwen3-4B-Base,q4base,gauche,journaliste,natspac/y,depenses publiques (nat*),3,False,1,,0.6142,0.6044085594833486,0.6058614646744144,0.607099931565539,0.023764988009592355,0.035971223021582774,0.51,0.5263788968824941,0.4916067146282973
Qwen3-4B-Base,q4base,gauche,journaliste,natenvir/y,depenses publiques (nat*),3,False,1,,0.6142,0.25063114975645384,0.25123362848182995,0.2632368925003883,0.6261151079136692,0.014388489208633098,0.51,0.080335731414868,0.08273381294964025
Qwen3-4B-Base,q4base,gauche,journaliste,natheal/y,depenses publiques (nat*),3,False,1,,0.5754000000000001,0.29687904352776784,0.29759269507470965,0.3342362081557775,0.6173381294964029,0.03357314148681051,0.5,0.10791366906474811,0.1199040767386091
Qwen3-4B-Base,q4base,gauche,journaliste,natcity/y,depenses publiques (nat*),3,False,1,,0.6142,0.5771497909586001,0.578537170263789,0.5785299817699796,0.11091127098321343,0.0239808153477218,0.51,0.41846522781774576,0.4004796163069544
Qwen3-4B-Base,q4base,gauche,journaliste,natdrug/y,depenses publiques (nat*),3,False,1,,0.6142,0.46583740202082935,0.46695720346799485,0.43844061441494286,0.4414628297362111,0.02398081534772179,0.51,0.18585131894484405,0.1642685851318944
Qwen3-4B-Base,q4base,gauche,journaliste,nateduc/y,depenses publiques (nat*),3,False,1,,0.6018,0.32864643536968974,0.32943645083932843,0.2941416650851981,0.590959232613909,0.023980815347721802,0.52,0.11390887290167856,0.0959232613908872
Qwen3-4B-Base,q4base,gauche,journaliste,natrace/y,depenses publiques (nat*),3,False,1,,0.6142,0.5171920017942481,0.5184352517985612,0.5371702637889688,0.3767146282973622,0.0647482014388489,0.51,0.22661870503597115,0.2517985611510791
Qwen3-4B-Base,q4base,gauche,journaliste,natarms/y,depenses publiques (nat*),3,False,1,,0.6142,0.5347549298690544,0.5360403984504705,0.5367102001851757,0.32314148681055155,0.004796163069544307,0.49,0.24460431654676257,0.24700239808153468
Qwen3-4B-Base,q4base,gauche,journaliste,nataid/y,depenses publiques (nat*),3,False,1,,0.6142,0.5713529895508054,0.5727264342372257,0.5781849340671349,0.25839328537170264,0.038369304556354886,0.51,0.7098321342925659,0.6894484412470023
Qwen3-4B-Base,q4base,gauche,journaliste,natfare/y,depenses publiques (nat*),3,False,1,,0.6142,0.28507841209047136,0.28576369673491964,0.2848943866489543,0.6021342925659473,0.014388489208633146,0.51,0.09352517985611505,0.0887290167865707
Qwen3-4B-Base,q4base,gauche,journaliste,natroad,depenses publiques (nat*),3,False,1,,0.6142,0.5531344708405938,0.5544641210108837,0.5364341620228997,0.321558752997602,0.026378896882494,0.51,0.26378896882493996,0.250599520383693
Qwen3-4B-Base,q4base,gauche,journaliste,natsoc,depenses publiques (nat*),3,False,1,,0.6142,0.4252597921662671,0.42628205128205143,0.4454220796025051,0.47503597122302166,0.02158273381294968,0.51,0.15587529976019174,0.1690647482014388
Qwen3-4B-Base,q4base,gauche,journaliste,natmass,depenses publiques (nat*),3,False,1,,0.5754000000000001,0.5075306661145904,0.508750691754289,0.483929403239998,0.38712230215827337,0.03357314148681058,0.5,0.21942446043165464,0.197841726618705
Qwen3-4B-Base,q4base,gauche,journaliste,natpark,depenses publiques (nat*),3,False,1,,0.5754000000000001,0.5074501549839265,0.5086699870872533,0.5071741168216506,0.16683453237410079,0.004796163069544328,0.5,0.34652278177458024,0.3429256594724221
Qwen3-4B-Base,q4base,gauche,journaliste,natchld,depenses publiques (nat*),3,False,1,,0.5754000000000001,0.42917033279850936,0.43020199225235195,0.4148853579007298,0.49983213429256595,0.01199040767386087,0.5,0.16187050359712227,0.15107913669064743
Qwen3-4B-Base,q4base,gauche,journaliste,natsci,depenses publiques (nat*),3,False,1,,0.6142,0.5405057249164698,0.5418050175244421,0.5424494936424963,0.21604316546762597,0.031175059952038342,0.51,0.2997601918465227,0.2841726618705035
Qwen3-4B-Base,q4base,gauche,journaliste,natenrgy,depenses publiques (nat*),3,False,1,,0.6142,0.46457222711039803,0.46568898727172114,0.45307063701556727,0.43666666666666665,0.014388489208633108,0.51,0.1834532374100719,0.17386091127098313
Qwen3-4B-Base,q4base,gauche,journaliste,uswary,hors famille,2,False,1,,0.21120000000000005,0.4960635807900442,0.49725604132078954,0.49364824687012987,0.3356354916067147,0.011990407673860948,,,
Qwen3-4B-Base,q4base,gauche,journaliste,prayer,hors famille,2,False,1,,0.4032,0.2289966587880774,0.22954713152554876,0.21830017999988494,0.58810551558753,0.0071942446043165575,0.72,0.13189448441247,0.1247002398081534
Qwen3-4B-Base,q4base,gauche,journaliste,courts,hors famille,3,False,1,,0.5912,0.6589260965328456,0.660510053495665,0.6528187521924906,0.21702637889688245,0.026378896882494007,0.69,0.4844124700239808,0.4952038369304556
Qwen3-4B-Base,q4base,gauche,journaliste,discaffw,hors famille,4,False,1,,0.721,0.6315293089269591,0.6330474082272644,0.6248123803115782,0.43896882494004796,0.01199040767386092,0.6133333333333333,0.3229416466826538,0.32374100719424453
Qwen3-4B-Base,q4base,gauche,journaliste,discaffm,hors famille,4,False,1,,0.721,0.619728677489663,0.6212184098874748,0.630528670588709,0.1989208633093525,0.028776978417266154,0.38666666666666666,0.2669864108713029,0.2749800159872102
Qwen3-4B-Base,q4base,gauche,journaliste,fehire,roles de genre (fe*),5,False,1,,0.7844,0.7051509871239698,0.7068460616122487,0.7098896422430401,0.40167865707434053,0.028776978417266112,0.5650000000000001,0.303956834532374,0.3093525179856114
Qwen3-4B-Base,q4base,gauche,journaliste,fechld,roles de genre (fe*),4,False,1,,0.6901999999999999,0.5827510653347825,0.5841519092418374,0.5771957973189794,0.5540767386091128,0.06474820143884899,0.5766666666666667,0.21103117505995198,0.1966426858513188
Qwen3-4B-Base,q4base,gauche,journaliste,fepresch,roles de genre (fe*),4,False,1,,0.721,0.6095727734359275,0.6110380926028409,0.6034539275054777,0.19892086330935252,0.04076738609112715,0.38666666666666666,0.27338129496402874,0.2901678657074339
Qwen3-4B-Base,q4base,gauche,journaliste,fefam,roles de genre (fe*),4,False,1,,0.058800000000000074,0.6144954539965152,0.6159726065301607,0.6304711626382349,0.5935011990407673,0.03357314148681059,0.34,0.23021582733812943,0.24380495603517177
Qwen3-4B-Base,q4base,gauche,journaliste,fepol,roles de genre (fe*),2,False,1,,0.35420000000000007,0.1577558097406967,0.15813503043718877,0.20739667258998562,0.14366906474820146,0.031175059952038398,0.23,0.0863309352517985,0.1175059952038369
Qwen3-4B-Base,q4base,gauche,journaliste,mobile16,hors famille,3,False,1,,0.6552,0.6567868007752073,0.6583656152001478,0.657752934343173,0.14182254196642682,0.011990407673860864,,,
Qwen3-4B-Base,q4base,gauche,journaliste,incom16,hors famille,5,False,1,,0.7882,0.6773861486350489,0.679014480723114,0.6826768800786709,0.3028537170263789,0.02637889688249405,,,
Qwen3-4B-Base,q4base,gauche,journaliste,dwelown16,hors famille,3,False,1,,0.2622000000000001,0.43057352679007876,0.43160855930640113,0.44925210910408364,0.5802398081534773,0.01678657074340524,,,
Qwen3-4B-Base,q4base,gauche,journaliste,divorced,hors famille,2,False,1,,0.21120000000000005,0.3544330003623002,0.3552850027670173,0.35700935654354216,0.11021582733812951,0.0023980815347721257,,,
Qwen3-4B-Base,q4base,gauche,journaliste,posslq/y,hors famille,4,False,1,,0.6821999999999999,0.6648609170217783,0.6664591403800038,0.6564072483020779,0.06366906474820141,0.019184652278177464,,,
Qwen3-4B-Base,q4base,gauche,journaliste,wrkstat,hors famille,8,False,1,,0.8276,0.7952084375664936,0.7971199963106439,0.7777490238025409,0.40896882494004794,0.057553956834532315,,,
Qwen3-4B-Base,q4base,gauche,journaliste,evwork,hors famille,2,False,1,,0.4032,0.14574814968169347,0.14609850581073602,0.1617123567333183,0.20086330935251806,0.009592326139088746,,,
Qwen3-4B-Base,q4base,gauche,journaliste,wrkgovt1,hors famille,2,False,1,,0.4032,0.266445836136846,0.2670863309352519,0.3011116286826654,0.12172661870503601,0.02637889688249398,,,
Qwen3-4B-Base,q4base,gauche,journaliste,wrkgovt2,hors famille,2,False,1,,0.47119999999999995,0.3695460897469076,0.3704344216934146,0.3695460897469076,0.13539568345323738,0.0,,,
Qwen3-4B-Base,q4base,gauche,journaliste,partfull,hors famille,3,False,1,,0.6112,0.6413976732283239,0.6429394945581997,0.6281248382588893,0.2801918465227818,0.03117505995203844,,,
Qwen3-4B-Base,q4base,gauche,journaliste,wksub1,hors famille,3,False,1,,0.48819999999999997,0.6382232343621507,0.6397574248293675,0.6414666827688928,0.4709592326139088,0.016786570743405282,,,
Qwen3-4B-Base,q4base,gauche,journaliste,wksup1,hors famille,3,False,1,,0.4062,0.6245248405592073,0.626026102195167,0.6403395269395994,0.30155875299760193,0.03597122302158269,,,
Qwen3-4B-Base,q4base,gauche,journaliste,conarmy,confiance dans les institutions (con*),3,False,1,,0.5783999999999999,0.6127932186624802,0.614266279284265,0.6213849064633186,0.39371702637889683,0.016786570743405282,0.29000000000000004,0.6270983213429255,0.6211031175059952
Qwen3-4B-Base,q4base,gauche,journaliste,conbus,confiance dans les institutions (con*),3,False,1,,0.5783999999999999,0.581980458798429,0.5833794502859253,0.5539050773769474,0.15160671462829736,0.03836930455635501,0.29000000000000004,0.34652278177458024,0.33453237410071934
Qwen3-4B-Base,q4base,gauche,journaliste,conclerg,confiance dans les institutions (con*),3,False,1,,0.5783999999999999,0.5201824152189041,0.5214328537170265,0.5075306661145904,0.08110311750599525,0.01438848920863308,0.29000000000000004,0.2314148681055155,0.2194244604316546
Qwen3-4B-Base,q4base,gauche,journaliste,coneduc,confiance dans les institutions (con*),3,False,1,,0.5783999999999999,0.518422671934395,0.5196688802803912,0.5549977284359562,0.4752517985611511,0.04316546762589924,0.7100000000000001,0.36930455635491605,0.3764988009592326
Qwen3-4B-Base,q4base,gauche,journaliste,confed,confiance dans les institutions (con*),3,False,1,,0.5783999999999999,0.589916555963862,0.591334624608006,0.5908481847615433,0.26422062350119907,0.019184652278177505,0.7100000000000001,0.5515587529976018,0.5671462829736211
Qwen3-4B-Base,q4base,gauche,journaliste,confinan,confiance dans les institutions (con*),3,False,1,,0.5783999999999999,0.5961274146150706,0.5975604132078953,0.586259050313706,0.23784172661870506,0.02398081534772184,0.29000000000000004,0.4304556354916067,0.408872901678657
Qwen3-4B-Base,q4base,gauche,journaliste,conjudge,confiance dans les institutions (con*),3,False,1,,0.5783999999999999,0.5352264950629425,0.5365130972145362,0.49493642496075085,0.06004796163069543,0.07434052757793763,0.29000000000000004,0.2458033573141486,0.20863309352517978
Qwen3-4B-Base,q4base,gauche,journaliste,conlabor,confiance dans les institutions (con*),3,False,1,,0.5783999999999999,0.5598053930955955,0.5611510791366907,0.5629108224211997,0.44887290167865707,0.004796163069544376,0.7100000000000001,0.3669064748201439,0.3669064748201439
Qwen3-4B-Base,q4base,gauche,journaliste,conlegis,confiance dans les institutions (con*),3,False,1,,0.5783999999999999,0.5403447026551421,0.5416436081903708,0.5380903909965553,0.13482014388489216,0.014388489208633053,,,
Qwen3-4B-Base,q4base,gauche,journaliste,conmedic,confiance dans les institutions (con*),3,False,1,,0.5783999999999999,0.5148341758248078,0.5160717579782329,0.5250475878290173,0.4944364508393285,0.03117505995203836,0.7100000000000001,0.22541966426858506,0.23860911270983207
Qwen3-4B-Base,q4base,gauche,journaliste,conpress,confiance dans les institutions (con*),3,False,1,,0.5783999999999999,0.5499600319744204,0.5512820512820513,0.5556648206614565,0.2953956834532374,0.014388489208633129,0.7100000000000001,0.5479616306954437,0.5575539568345323
Qwen3-4B-Base,q4base,gauche,journaliste,consci,confiance dans les institutions (con*),3,False,1,,0.5783999999999999,0.38800614184911064,0.38893884892086333,0.3802425685351001,0.6305995203836932,0.007194244604316544,0.7100000000000001,0.1402877697841726,0.13669064748201432
Qwen3-4B-Base,q4base,gauche,journaliste,contv,confiance dans les institutions (con*),3,False,1,,0.5783999999999999,0.5456124309185745,0.5469239992621288,0.5260137213969831,0.2451318944844125,0.01918465227817747,,,
Qwen3-4B-Base,q4base,gauche,journaliste,joblose,hors famille,5,False,1,,0.7882,0.6475280207488686,0.6490845784910535,0.6898538722978452,0.36534772182254194,0.07913669064748197,,,
Qwen3-4B-Base,q4base,gauche,journaliste,jobfind,hors famille,4,False,1,,0.721,0.6994922047973132,0.7011736764434607,0.7035522661007885,0.15064748201438857,0.062350119904076726,,,
Qwen3-4B-Base,q4base,gauche,journaliste,happy,hors famille,3,False,1,,0.5549999999999999,0.5672814266572354,0.5686450839328537,0.568661617468615,0.11378896882494006,0.019184652278177478,,,
Qwen3-4B-Base,q4base,gauche,journaliste,hapmar,hors famille,4,False,1,,0.6466000000000001,0.5296597254570445,0.5309329459509318,0.5666373376119249,0.5450839328537171,0.04076738609112707,,,
Qwen3-4B-Base,q4base,gauche,journaliste,satjob,hors famille,5,False,1,,0.769,0.7208851623736983,0.7226180593986351,0.7313056029996148,0.3533093525179856,0.023980815347721795,,,
Qwen3-4B-Base,q4base,gauche,journaliste,spdeg*,hors famille,6,False,1,,0.8234,0.6193491250165336,0.6208379450285927,0.6192686138858698,0.45793764988009605,0.019184652278177425,,,
Qwen3-4B-Base,q4base,gauche,journaliste,spjew,hors famille,5,False,1,,0.7802,0.3590451379903271,0.35990822726434235,0.3552151084887486,0.4817745803357315,0.011990407673860878,,,
Qwen3-4B-Base,q4base,gauche,journaliste,spfund,hors famille,4,False,1,,0.5102,0.40653520349188277,0.40751245157719984,0.40483296815784775,0.748201438848921,0.009592326139088697,,,
Qwen3-4B-Base,q4base,gauche,journaliste,unemp,hors famille,2,False,1,,0.21120000000000005,0.4968686920966824,0.4980630879911456,0.4999281150619074,0.340431654676259,0.03357314148681054,,,
Qwen3-4B-Base,q4base,gauche,journaliste,union1,hors famille,4,False,1,,0.6602,0.1864292738471095,0.1868774211400112,0.21067462576701224,0.3992805755395684,0.014388489208633056,,,
Qwen3-4B-Base,q4base,gauche,journaliste,spkath/y,libertes civiles (spk/col/lib),2,False,1,,0.47119999999999995,0.2254541690388696,0.2259961261759823,0.2254541690388696,0.2505035971223022,0.0,0.38,0.1294964028776978,0.1294964028776978
Qwen3-4B-Base,q4base,gauche,journaliste,colath,libertes civiles (spk/col/lib),2,False,1,,0.47119999999999995,0.28882793046138633,0.2895222283711493,0.2980752088976302,0.20494004796163068,0.007194244604316502,0.38,0.1750599520383693,0.1822541966426858
Qwen3-4B-Base,q4base,gauche,journaliste,spkrac/y,libertes civiles (spk/col/lib),2,False,1,,0.21120000000000005,0.4729453846994347,0.4740822726434238,0.4863102323896278,0.2636930455635491,0.03357314148681059,,,
Qwen3-4B-Base,q4base,gauche,journaliste,colrac,libertes civiles (spk/col/lib),2,False,1,,0.21120000000000005,0.33299403642553593,0.3337945028592512,0.3274042636394483,0.09103117505995204,0.0047961630695443624,,,
Qwen3-4B-Base,q4base,gauche,journaliste,librac/y,libertes civiles (spk/col/lib),2,False,1,,0.21120000000000005,0.48858754722840436,0.4897620365246265,0.4878514454623353,0.3044604316546763,0.002398081534772223,,,
Qwen3-4B-Base,q4base,gauche,journaliste,spkcom/y,libertes civiles (spk/col/lib),2,False,1,,0.47119999999999995,0.3620930593654572,0.3629634753735473,0.3245748724761197,0.142589928057554,0.03357314148681054,0.38,0.237410071942446,0.2038369304556355
Qwen3-4B-Base,q4base,gauche,journaliste,colcom/y,libertes civiles (spk/col/lib),2,False,1,,0.4032,0.3620930593654572,0.3629634753735473,0.3274042636394483,0.48258992805755396,0.031175059952038342,0.72,0.237410071942446,0.2062350119904076
Qwen3-4B-Base,q4base,gauche,journaliste,libcom/y,libertes civiles (spk/col/lib),2,False,1,,0.35420000000000007,0.30412504528751083,0.30485611510791355,0.2793736234034354,0.04294964028776982,0.019184652278177464,0.23,0.1870503597122302,0.1678657074340527
Qwen3-4B-Base,q4base,gauche,journaliste,spkhomo/y,libertes civiles (spk/col/lib),2,False,1,,0.29520000000000013,0.04681147168596045,0.046923999262128625,0.09994881792407795,0.15601918465227824,0.028776978417266216,0.18,0.0239808153477218,0.052757793764988
Qwen3-4B-Base,q4base,gauche,journaliste,colhomo,libertes civiles (spk/col/lib),2,False,1,,0.35420000000000007,0.05589772786087677,0.05603209739900388,0.10848299777444237,0.7412230215827338,0.02877697841726616,0.77,0.0287769784172661,0.0575539568345323
Qwen3-4B-Base,q4base,gauche,journaliste,libhomo/y,libertes civiles (spk/col/lib),2,False,1,,0.4032,0.08260442006107338,0.0828029883785279,0.1127155829293397,0.2368345323741008,0.016786570743405237,0.28,0.0431654676258992,0.0599520383693045
Qwen3-4B-Base,q4base,gauche,journaliste,cappun,hors famille,2,False,1,,0.21120000000000005,0.4855051210829897,0.4866722007009777,0.4893006458142839,0.2948681055155875,0.01199040767386092,0.12,0.4148681055155875,0.4268585131894484
Qwen3-4B-Base,q4base,gauche,journaliste,polhitok/y,hors famille,2,False,1,,0.21120000000000005,0.4772239762147117,0.4783711492344586,0.4855051210829897,0.4867146282973621,0.021582733812949617,0.12,0.6067146282973621,0.5851318944844125
Qwen3-4B-Base,q4base,gauche,journaliste,polabuse/y,hors famille,2,False,1,,0.35420000000000007,0.07379420204843301,0.07397159195720329,0.02836292117385253,0.19163069544364514,0.02398081534772173,0.23,0.0383693045563549,0.014388489208633
Qwen3-4B-Base,q4base,gauche,journaliste,polattak/y,hors famille,2,False,1,,0.35420000000000007,0.45065530309565305,0.45173860911270997,0.4361632995761664,0.427074340527578,0.02158273381294959,0.23,0.657074340527578,0.6786570743405276
Qwen3-4B-Base,q4base,gauche,journaliste,grass,hors famille,2,False,1,,0.4032,0.23948610895456302,0.24006179671647304,0.2360126287459241,0.1409112709832135,0.0023980815347721396,0.28,0.1390887290167865,0.1366906474820144
Qwen3-4B-Base,q4base,gauche,journaliste,gunlaw,hors famille,2,False,1,,0.35420000000000007,0.2793736234034354,0.2800451946135398,0.27617618135707267,0.6021342925659473,0.002398081534772195,0.77,0.1678657074340527,0.1654676258992805
Qwen3-4B-Base,q4base,gauche,journaliste,owngun,hors famille,2,False,1,,0.21120000000000005,0.31302727602090996,0.3137797454344218,0.33299403642553593,0.07424460431654674,0.016786570743405296,,,
Qwen3-4B-Base,q4base,gauche,journaliste,hunt1,hors famille,4,False,1,,0.6602,0.09701591244989627,0.09724912377790083,0.1369494332591482,0.4496402877697842,0.021582733812949714,,,
Qwen3-4B-Base,q4base,gauche,journaliste,class,hors famille,4,False,1,,0.6901999999999999,0.6532098062557149,0.6547800221361374,0.6465733887709977,0.23033573141486816,0.04316546762589932,,,
Qwen3-4B-Base,q4base,gauche,journaliste,satfin,hors famille,3,False,1,,0.6142,0.6555446290449656,0.6571204574801699,0.6279753175876566,0.10513189448441244,0.07434052757793773,,,
Qwen3-4B-Base,q4base,gauche,journaliste,finalter,hors famille,3,False,1,,0.5912,0.6607318461777342,0.6623201438848922,0.6660110760312614,0.20503597122302153,0.0455635491606714,,,
Qwen3-4B-Base,q4base,gauche,journaliste,finrela,hors famille,5,False,1,,0.7882,0.7240596012398715,0.7258001291274674,0.7231969819827591,0.2557553956834533,0.047961630695443735,,,
Qwen3-4B-Base,q4base,gauche,journaliste,racdif1,hors famille,2,False,1,,0.4032,0.30711545871216706,0.30785371702637904,0.3357544180482952,0.09055155875299765,0.02398081534772184,0.28,0.1894484412470023,0.2134292565947242
Qwen3-4B-Base,q4base,gauche,journaliste,racdif2,hors famille,2,False,1,,0.21120000000000005,0.10848299777444237,0.10874377421140018,0.10848299777444237,0.062446043165467674,0.0,0.12,0.0575539568345323,0.0575539568345323
Qwen3-4B-Base,q4base,gauche,journaliste,racdif3,hors famille,2,False,1,,0.47119999999999995,0.4037058123285544,0.4046762589928058,0.4078693879428832,0.09942446043165468,0.0047961630695443624,0.38,0.2805755395683453,0.2853717026378897
Qwen3-4B-Base,q4base,gauche,journaliste,racdif4,hors famille,2,False,1,,0.21120000000000005,0.21105417824014183,0.2115615200147576,0.23948610895456302,9.592326139087198e-05,0.01918465227817743,0.12,0.1199040767386091,0.1390887290167865
Qwen3-4B-Base,q4base,gauche,journaliste,wlthwhts,hors famille,7,False,1,,0.8493999999999999,0.6520021392957578,0.6535694521306035,0.6672532477615031,0.4533573141486812,0.04796163069544367,,,
Qwen3-4B-Base,q4base,gauche,journaliste,wlthblks,hors famille,7,True,2,recopie du gabarit d'exemple de la relance,,,,,,,,,
Qwen3-4B-Base,q4base,gauche,journaliste,wlthhsps,hors famille,7,True,2,recopie du gabarit d'exemple de la relance,,,,,,,,,
Qwen3-4B-Base,q4base,gauche,journaliste,racwork,hors famille,7,False,1,,0.13419999999999987,0.7390461731334357,0.7408227264342373,0.7292008120122607,0.5587050359712229,0.043165467625899276,,,
Qwen3-4B-Base,q4base,gauche,journaliste,letin1a,hors famille,5,False,1,,0.7894,0.7275330814485104,0.7292819590481463,0.695581664165071,0.23177458033573137,0.05035971223021584,0.565,0.4496402877697841,0.4514388489208633
Qwen3-4B-Base,q4base,gauche,journaliste,getahead,hors famille,3,False,1,,0.6377999999999999,0.5411958203221595,0.5424967718133186,0.5282220266951907,0.33968824940047965,0.019184652278177478,0.38,0.5875299760191847,0.5779376498800959
Qwen3-4B-Base,q4base,gauche,journaliste,aged,hors famille,3,False,1,,0.6592,0.5104865747689618,0.5117137059583102,0.5007332263685456,0.3424460431654677,0.011990407673860875,,,
Qwen3-4B-Base,q4base,gauche,journaliste,parsol,hors famille,5,False,1,,0.7882,0.7794397575464809,0.7813134108098139,0.7865937465854655,0.14028776978417268,0.028776978417266237,,,
Qwen3-4B-Base,q4base,gauche,journaliste,kidssol,hors famille,6,False,1,,0.8194,0.7641771474906407,0.7660141117874932,0.7765068520722991,0.18146282973621108,0.03357314148681051,,,
Qwen3-4B-Base,q4base,gauche,journaliste,spanking,hors famille,4,False,1,,0.6901999999999999,0.687024481134517,0.6886759822910904,0.6873350240670772,0.21988009592326135,0.02398081534772186,0.42333333333333334,0.31654676258992803,0.3229416466826539
Qwen3-4B-Base,q4base,gauche,journaliste,divlaw,hors famille,3,False,1,,0.5102,0.5584597070545003,0.5598021582733814,0.5709159291272019,0.5852517985611512,0.026378896882493987,0.765,0.29856115107913667,0.302158273381295
Qwen3-4B-Base,q4base,gauche,journaliste,sexeduc,hors famille,2,False,1,,0.47119999999999995,0.08697502429710946,0.08718409887474675,0.09994881792407795,0.3344364508393285,0.007194244604316495,0.38,0.0455635491606714,0.052757793764988
Qwen3-4B-Base,q4base,gauche,journaliste,pillok,hors famille,4,False,1,,0.6901999999999999,0.6006245363421493,0.6020683453237411,0.6117695771440402,0.5109112709832135,0.026378896882494018,0.5766666666666667,0.21662669864108702,0.2278177458033572
Qwen3-4B-Base,q4base,gauche,journaliste,xmarsex,hors famille,4,False,1,,0.721,0.6828954102904727,0.6845369857959788,0.6762819959859452,0.34784172661870505,0.050359712230215806,0.38666666666666666,0.6666666666666666,0.6562749800159873
Qwen3-4B-Base,q4base,gauche,journaliste,homosex,hors famille,4,False,1,,0.721,0.369166537273778,0.37005395683453235,0.36580807296608764,0.4717745803357315,0.007194244604316585,0.38666666666666666,0.12310151878497194,0.12390087929656268
Qwen3-4B-Base,q4base,gauche,journaliste,marhomo,hors famille,5,False,1,,0.7844,0.386625951037731,0.38755534034311023,0.3717888998153994,0.6497841726618707,0.023980815347721875,0.5650000000000001,0.10191846522781763,0.09892086330935236
Qwen3-4B-Base,q4base,gauche,journaliste,discaff,hors famille,3,False,1,,0.5783999999999999,0.4492866138743682,0.4503666297731047,0.44297224091230614,0.15304556354916074,0.007194244604316502,0.29000000000000004,0.1762589928057553,0.17266187050359705
Qwen3-4B-Base,q4base,gauche,journaliste,abdefect,avortement (ab*),2,False,1,,0.4032,0.1127155829293397,0.11298653384984293,0.09994881792407795,0.22004796163069557,0.0071942446043164465,0.28,0.0599520383693045,0.052757793764988
Qwen3-4B-Base,q4base,gauche,journaliste,abnomore,avortement (ab*),2,False,1,,0.4032,0.22188867610947205,0.22242206235011985,0.2289966587880774,0.1529016786570744,0.004796163069544376,0.28,0.1270983213429256,0.13189448441247
Qwen3-4B-Base,q4base,gauche,journaliste,abhlth,avortement (ab*),2,False,1,,0.29520000000000013,0.06935458827182872,0.06952130603209755,0.06489197131503444,0.14402877697841726,0.0023980815347722367,0.18,0.0359712230215827,0.0335731414868105
Qwen3-4B-Base,q4base,gauche,journaliste,abpoor,avortement (ab*),2,False,1,,0.29520000000000013,0.18876409663635996,0.18921785648404355,0.20739667258998562,0.074484412470024,0.01199040767386092,0.18,0.105515587529976,0.1175059952038369
Qwen3-4B-Base,q4base,gauche,journaliste,abrape,avortement (ab*),2,False,1,,0.29520000000000013,0.06489197131503444,0.06504796163069558,0.07379420204843301,0.14642685851318948,0.00479616306954431,0.18,0.0335731414868105,0.0383693045563549
Qwen3-4B-Base,q4base,gauche,journaliste,absingle,avortement (ab*),2,False,1,,0.4032,0.22188867610947205,0.22242206235011985,0.2254541690388696,0.1529016786570744,0.002398081534772195,0.28,0.1270983213429256,0.1294964028776978
Qwen3-4B-Base,q4base,gauche,journaliste,abany,avortement (ab*),2,False,1,,0.29520000000000013,0.23948610895456302,0.24006179671647304,0.27295573613051993,0.04091127098321347,0.02398081534772184,0.18,0.1390887290167865,0.1630695443645084
Qwen3-4B-Base,q4base,gauche,journaliste,letdie1,fin de vie (suicide/letdie),2,False,1,,0.35420000000000007,0.23948610895456302,0.24006179671647304,0.24976853049934156,0.6309112709832134,0.007194244604316544,0.77,0.1390887290167865,0.1462829736211031
Qwen3-4B-Base,q4base,gauche,journaliste,suicide1,fin de vie (suicide/letdie),2,False,1,,0.47119999999999995,0.24976853049934156,0.25036893562073426,0.23948610895456302,0.2337170263788969,0.007194244604316544,0.38,0.1462829736211031,0.1390887290167865
Qwen3-4B-Base,q4base,gauche,journaliste,suicide2,fin de vie (suicide/letdie),2,False,1,,0.35420000000000007,0.455071913692068,0.45616583656152015,0.4217173024170592,0.12011990407673863,0.04796163069544365,0.77,0.6498800959232613,0.697841726618705
Qwen3-4B-Base,q4base,gauche,journaliste,suicide3,fin de vie (suicide/letdie),2,False,1,,0.35420000000000007,0.44120099603770213,0.4422615753551005,0.3972879250556389,0.09853717026378896,0.05515587529976018,0.77,0.6714628297362111,0.7266187050359713
Qwen3-4B-Base,q4base,gauche,journaliste,suicide4,fin de vie (suicide/letdie),2,False,1,,0.47119999999999995,0.4999741214222867,0.5011759822910903,0.494177320014492,0.12359712230215827,0.05035971223021582,0.38,0.5035971223021583,0.5539568345323741
Qwen3-4B-Base,q4base,gauche,journaliste,pornlaw,hors famille,3,False,1,,0.5783999999999999,0.3960687565055869,0.39702084486257155,0.336237484832278,0.4320863309352518,0.04316546762589932,0.29000000000000004,0.5131894484412469,0.5347721822541966
Qwen3-4B-Base,q4base,gauche,journaliste,fair,hors famille,3,False,1,,0.6466,0.6478500652715239,0.6494073971591959,0.6429618894812208,0.13503597122302152,0.014388489208633101,,,
Qwen3-4B-Base,q4base,gauche,journaliste,helpful,hors famille,3,False,1,,0.6326,0.6572008580186212,0.6587806677734737,0.6533133205665684,0.20247002398081532,0.023980815347721895,,,
Qwen3-4B-Base,q4base,gauche,journaliste,trust,hors famille,3,False,1,,0.6377999999999999,0.6352558241176844,0.6367828813871982,0.624950399392716,0.008561151079136603,0.05035971223021583,,,
Qwen3-4B-Base,q4base,gauche,journaliste,tax,hors famille,3,False,1,,0.5049999999999999,0.5310514178585188,0.5323279837668327,0.5330296913548298,0.3628297362110312,0.021582733812949676,0.42500000000000004,0.7146282973621103,0.7014388489208633
Qwen3-4B-Base,q4base,gauche,journaliste,vote16,hors famille,3,False,1,,0.42620000000000013,0.45655561881430096,0.45765310828260464,0.4616738264065007,0.5641247002398082,0.02637889688249402,,,
Qwen3-4B-Base,q4base,gauche,journaliste,pres16,hors famille,4,False,1,,0.24580000000000013,0.5299472652094153,0.5312211769046302,0.5420009316287977,0.5722302158273382,0.019184652278177425,,,
Qwen3-4B-Base,q4base,gauche,journaliste,if16who,hors famille,3,False,1,,0.21120000000000005,0.2952458177343018,0.2959555432577016,0.3062873442253392,0.8248441247002398,0.007194244604316551,,,
Qwen3-4B-Base,q4base,gauche,journaliste,news,hors famille,5,False,1,,0.7782,0.763464048904761,0.7652992990223206,0.7726193146202464,0.11223021582733816,0.028776978417266244,,,
Qwen3-4B-Base,q4base,gauche,journaliste,jew,hors famille,5,False,1,,0.7844,0.35444450195239496,0.3552965320051652,0.35147709170792873,0.5589688249400481,0.021582733812949624,,,
Qwen3-4B-Base,q4base,gauche,journaliste,relig16*,hors famille,5,False,1,,0.6724,0.760289610038588,0.7621172292934885,0.7588864160470186,0.28376498800959227,0.033573141486810475,,,
Qwen3-4B-Base,q4base,gauche,journaliste,jew16*,hors famille,5,False,1,,0.7802,0.33779019949508016,0.33860219516694334,0.3568138295119301,0.5033573141486811,0.023980815347721826,,,
Qwen3-4B-Base,q4base,gauche,journaliste,attend,hors famille,9,True,2,recopie du gabarit d'exemple de la relance,,,,,,,,,
Qwen3-4B-Base,q4base,gauche,journaliste,pray,hors famille,6,False,1,,0.8182,0.7287752531787521,0.7305271167681242,0.7429682153557731,0.307937649880096,0.045563549160671374,,,
Qwen3-4B-Base,q4base,gauche,journaliste,postlife,hors famille,2,False,1,,0.4032,0.48858754722840436,0.4897620365246265,0.48382588892914447,0.14446043165467626,0.014388489208633143,,,
Qwen3-4B-Base,q4base,gauche,journaliste,bible,hors famille,3,False,1,,0.48819999999999997,0.565073121359028,0.5664314702084488,0.5598283962757853,0.44436450839328545,0.009592326139088683,,,
Qwen3-4B-Base,q4base,gauche,journaliste,reborn,hors famille,3,False,1,,0.2622000000000001,0.6251229232441387,0.6266256225788602,0.6266756379069407,0.46390887290167865,0.004796163069544404,,,
Qwen3-4B-Base,q4base,gauche,journaliste,savesoul,hors famille,2,False,1,,0.4032,0.3188470806088941,0.3196135399372809,0.3620930593654572,0.08095923261390892,0.0383693045563549,,,
Qwen3-4B-Base,q4base,gauche,journaliste,granborn,hors famille,5,False,1,,0.771,0.6455037408921784,0.6470554325770155,0.6269286728890269,0.3127817745803358,0.028776978417266286,,,
Qwen3-4B-Base,q4base,gauche,journaliste,uscitzn*,hors famille,2,False,1,,0.21120000000000005,0.014284974897779357,0.014319313779745173,0.01900062683666026,0.8728057553956836,0.002398081534772295,,,
Qwen3-4B-Base,q4base,gauche,journaliste,fucitzn,hors famille,5,False,1,,0.058600000000000096,0.028500940254990503,0.028569452130603464,0.03787473618227721,0.9856115107913669,0.007194244604316462,,,
Qwen3-4B-Base,q4base,gauche,journaliste,mnthsusa,hors famille,6,False,1,,0.8282,0.03300956357216367,0.033088913484596756,0.05612775966277339,0.8632134292565947,0.011990407673860979,,,
Qwen3-4B-Base,q4base,gauche,journaliste,income,hors famille,12,True,2,recopie du gabarit d'exemple de la relance,,,,,,,,,
Qwen3-4B-Base,q4base,gauche,journaliste,othlang,hors famille,2,False,1,,0.47119999999999995,0.35956270954459457,0.36042704298099987,0.35956270954459457,0.38498800959232615,0.0,,,
Qwen3-4B-Base,q4base,gauche,journaliste,health,hors famille,4,False,1,,0.7,0.6005785299817701,0.6020222283711494,0.6090552018816602,0.21875299760191852,0.047961630695443555,,,
Qwen3-4B-Base,q4base,gauche,journaliste,compuse*,hors famille,2,False,1,,0.29520000000000013,0.0376332027902857,0.03772366722007005,0.04681147168596045,0.1608153477218226,0.004796163069544366,,,
Qwen3-4B-Base,q4base,gauche,journaliste,webmob,hors famille,2,False,1,,0.4032,0.02369327559535117,0.023750230584763075,0.0376332027902857,0.2680095923261391,0.007194244604316502,,,
Qwen3-4B-Base,q4base,gauche,journaliste,xmovie,hors famille,2,False,1,,0.4032,0.4919230083559052,0.49310551558753,0.494177320014492,0.15645083932853712,0.009592326139088753,,,
Qwen3-4B-Base,q4base,gauche,journaliste,usewww*,hors famille,2,False,1,,0.4032,0.02836292117385253,0.02843110127282814,0.01900062683666026,0.2656115107913669,0.004796163069544373,,,
Qwen3-4B-Base,q4base,gauche,journaliste,life,hors famille,3,False,1,,0.5754000000000001,0.5237134033780171,0.5249723298284451,0.5274629217489317,0.12846522781774578,0.021582733812949603,,,
Qwen3-4B-Base,q4base,gauche,journaliste,richwork,hors famille,2,False,1,,0.4032,0.4619728677489663,0.463083379450286,0.4863102323896278,0.08211031175059946,0.05515587529976021,,,
Qwen3-4B-Base,q4base,gauche,adversaire,natspac/y,depenses publiques (nat*),3,False,1,,0.5102,0.6044085594833486,0.6058614646744144,0.607099931565539,0.11522781774580333,0.035971223021582774,0.555,0.5263788968824941,0.4916067146282973
Qwen3-4B-Base,q4base,gauche,adversaire,natenvir/y,depenses publiques (nat*),3,False,1,,0.6142,0.25063114975645384,0.25123362848182995,0.2632368925003883,0.6261151079136692,0.014388489208633098,0.51,0.080335731414868,0.08273381294964025
Qwen3-4B-Base,q4base,gauche,adversaire,natheal/y,depenses publiques (nat*),3,False,1,,0.5102,0.29687904352776784,0.29759269507470965,0.3342362081557775,0.7073381294964028,0.03357314148681051,0.555,0.10791366906474811,0.1199040767386091
Qwen3-4B-Base,q4base,gauche,adversaire,natcity/y,depenses publiques (nat*),3,False,1,,0.6142,0.5771497909586001,0.578537170263789,0.5785299817699796,0.11091127098321343,0.0239808153477218,0.51,0.41846522781774576,0.4004796163069544
Qwen3-4B-Base,q4base,gauche,adversaire,natdrug/y,depenses publiques (nat*),3,False,1,,0.6142,0.46583740202082935,0.46695720346799485,0.43844061441494286,0.4414628297362111,0.02398081534772179,0.51,0.18585131894484405,0.1642685851318944
Qwen3-4B-Base,q4base,gauche,adversaire,nateduc/y,depenses publiques (nat*),3,False,1,,0.6142,0.32864643536968974,0.32943645083932843,0.2941416650851981,0.570959232613909,0.023980815347721802,0.51,0.11390887290167856,0.0959232613908872
Qwen3-4B-Base,q4base,gauche,adversaire,natrace/y,depenses publiques (nat*),3,False,1,,0.6142,0.5171920017942481,0.5184352517985612,0.5371702637889688,0.3767146282973622,0.0647482014388489,0.51,0.22661870503597115,0.2517985611510791
Qwen3-4B-Base,q4base,gauche,adversaire,natarms/y,depenses publiques (nat*),3,False,1,,0.5102,0.5347549298690544,0.5360403984504705,0.5367102001851757,0.34314148681055157,0.004796163069544307,0.445,0.24460431654676257,0.24700239808153468
Qwen3-4B-Base,q4base,gauche,adversaire,nataid/y,depenses publiques (nat*),3,False,1,,0.6142,0.5713529895508054,0.5727264342372257,0.5781849340671349,0.25839328537170264,0.038369304556354886,0.51,0.7098321342925659,0.6894484412470023
Qwen3-4B-Base,q4base,gauche,adversaire,natfare/y,depenses publiques (nat*),3,False,1,,0.6142,0.28507841209047136,0.28576369673491964,0.2848943866489543,0.6021342925659473,0.014388489208633146,0.51,0.09352517985611505,0.0887290167865707
Qwen3-4B-Base,q4base,gauche,adversaire,natroad,depenses publiques (nat*),3,False,1,,0.6142,0.5531344708405938,0.5544641210108837,0.5364341620228997,0.321558752997602,0.026378896882494,0.51,0.26378896882493996,0.250599520383693
Qwen3-4B-Base,q4base,gauche,adversaire,natsoc,depenses publiques (nat*),3,False,1,,0.405,0.4252597921662671,0.42628205128205143,0.4454220796025051,0.6050359712230216,0.02158273381294968,0.525,0.15587529976019174,0.1690647482014388
Qwen3-4B-Base,q4base,gauche,adversaire,natmass,depenses publiques (nat*),3,False,1,,0.5102,0.5075306661145904,0.508750691754289,0.483929403239998,0.47712230215827334,0.03357314148681058,0.555,0.21942446043165464,0.197841726618705
Qwen3-4B-Base,q4base,gauche,adversaire,natpark,depenses publiques (nat*),3,False,1,,0.5102,0.5074501549839265,0.5086699870872533,0.5071741168216506,0.23011990407673866,0.004796163069544328,0.555,0.34652278177458024,0.3429256594724221
Qwen3-4B-Base,q4base,gauche,adversaire,natchld,depenses publiques (nat*),3,False,1,,0.6142,0.42917033279850936,0.43020199225235195,0.4148853579007298,0.479832134292566,0.01199040767386087,0.51,0.16187050359712227,0.15107913669064743
Qwen3-4B-Base,q4base,gauche,adversaire,natsci,depenses publiques (nat*),3,False,1,,0.6142,0.5405057249164698,0.5418050175244421,0.5424494936424963,0.21604316546762597,0.031175059952038342,0.51,0.2997601918465227,0.2841726618705035
Qwen3-4B-Base,q4base,gauche,adversaire,natenrgy,depenses publiques (nat*),3,False,1,,0.6142,0.46457222711039803,0.46568898727172114,0.45307063701556727,0.43666666666666665,0.014388489208633108,0.51,0.1834532374100719,0.17386091127098313
Qwen3-4B-Base,q4base,gauche,adversaire,uswary,hors famille,2,False,1,,0.21120000000000005,0.4960635807900442,0.49725604132078954,0.49364824687012987,0.3356354916067147,0.011990407673860948,,,
Qwen3-4B-Base,q4base,gauche,adversaire,prayer,hors famille,2,False,1,,0.4032,0.2289966587880774,0.22954713152554876,0.21830017999988494,0.58810551558753,0.0071942446043165575,0.72,0.13189448441247,0.1247002398081534
Qwen3-4B-Base,q4base,gauche,adversaire,courts,hors famille,3,False,1,,0.5912,0.6589260965328456,0.660510053495665,0.6528187521924906,0.21702637889688245,0.026378896882494007,0.69,0.4844124700239808,0.4952038369304556
Qwen3-4B-Base,q4base,gauche,adversaire,discaffw,hors famille,4,False,1,,0.7174,0.6315293089269591,0.6330474082272644,0.6248123803115782,0.43896882494004796,0.01199040767386092,0.6033333333333333,0.3229416466826538,0.32374100719424453
Qwen3-4B-Base,q4base,gauche,adversaire,discaffm,hors famille,4,False,1,,0.7202000000000001,0.619728677489663,0.6212184098874748,0.630528670588709,0.19892086330935252,0.028776978417266154,0.39,0.2669864108713029,0.2749800159872102
Qwen3-4B-Base,q4base,gauche,adversaire,fehire,roles de genre (fe*),5,False,1,,0.07800000000000007,0.7051509871239698,0.7068460616122487,0.7098896422430401,0.9408153477218224,0.028776978417266112,0.975,0.303956834532374,0.3093525179856114
Qwen3-4B-Base,q4base,gauche,adversaire,fechld,roles de genre (fe*),4,False,1,,0.6901999999999999,0.5827510653347825,0.5841519092418374,0.5771957973189794,0.5540767386091128,0.06474820143884899,0.5766666666666667,0.21103117505995198,0.1966426858513188
Qwen3-4B-Base,q4base,gauche,adversaire,fepresch,roles de genre (fe*),4,False,1,,0.7174,0.6095727734359275,0.6110380926028409,0.6034539275054777,0.19892086330935252,0.04076738609112715,0.39666666666666667,0.27338129496402874,0.2901678657074339
Qwen3-4B-Base,q4base,gauche,adversaire,fefam,roles de genre (fe*),4,False,1,,0.49659999999999993,0.6144954539965152,0.6159726065301607,0.6304711626382349,0.2935011990407673,0.03357314148681059,0.31333333333333335,0.23021582733812943,0.24380495603517177
Qwen3-4B-Base,q4base,gauche,adversaire,fepol,roles de genre (fe*),2,False,1,,0.35420000000000007,0.1577558097406967,0.15813503043718877,0.20739667258998562,0.14366906474820146,0.031175059952038398,0.23,0.0863309352517985,0.1175059952038369
Qwen3-4B-Base,q4base,gauche,adversaire,mobile16,hors famille,3,False,1,,0.5271999999999999,0.6567868007752073,0.6583656152001478,0.657752934343173,0.20935251798561155,0.011990407673860864,,,
Qwen3-4B-Base,q4base,gauche,adversaire,incom16,hors famille,5,False,1,,0.7882,0.6773861486350489,0.679014480723114,0.6826768800786709,0.3028537170263789,0.02637889688249405,,,
Qwen3-4B-Base,q4base,gauche,adversaire,dwelown16,hors famille,3,False,1,,0.2622000000000001,0.43057352679007876,0.43160855930640113,0.44925210910408364,0.5802398081534773,0.01678657074340524,,,
Qwen3-4B-Base,q4base,gauche,adversaire,divorced,hors famille,2,False,1,,0.21120000000000005,0.3544330003623002,0.3552850027670173,0.35700935654354216,0.11021582733812951,0.0023980815347721257,,,
Qwen3-4B-Base,q4base,gauche,adversaire,posslq/y,hors famille,4,False,1,,0.745,0.6648609170217783,0.6664591403800038,0.6564072483020779,0.262589928057554,0.019184652278177464,,,
Qwen3-4B-Base,q4base,gauche,adversaire,wrkstat,hors famille,8,False,1,,0.8276,0.7952084375664936,0.7971199963106439,0.7777490238025409,0.40896882494004794,0.057553956834532315,,,
Qwen3-4B-Base,q4base,gauche,adversaire,evwork,hors famille,2,False,1,,0.4032,0.14574814968169347,0.14609850581073602,0.1617123567333183,0.20086330935251806,0.009592326139088746,,,
Qwen3-4B-Base,q4base,gauche,adversaire,wrkgovt1,hors famille,2,False,1,,0.4032,0.266445836136846,0.2670863309352519,0.3011116286826654,0.12172661870503601,0.02637889688249398,,,
Qwen3-4B-Base,q4base,gauche,adversaire,wrkgovt2,hors famille,2,False,1,,0.47119999999999995,0.3695460897469076,0.3704344216934146,0.3695460897469076,0.13539568345323738,0.0,,,
Qwen3-4B-Base,q4base,gauche,adversaire,partfull,hors famille,3,False,1,,0.5893999999999999,0.6413976732283239,0.6429394945581997,0.6281248382588893,0.3201918465227818,0.03117505995203844,,,
Qwen3-4B-Base,q4base,gauche,adversaire,wksub1,hors famille,3,False,1,,0.48819999999999997,0.6382232343621507,0.6397574248293675,0.6414666827688928,0.4709592326139088,0.016786570743405282,,,
Qwen3-4B-Base,q4base,gauche,adversaire,wksup1,hors famille,3,False,1,,0.4062,0.6245248405592073,0.626026102195167,0.6403395269395994,0.30155875299760193,0.03597122302158269,,,
Qwen3-4B-Base,q4base,gauche,adversaire,conarmy,confiance dans les institutions (con*),3,False,1,,0.5783999999999999,0.6127932186624802,0.614266279284265,0.6213849064633186,0.39371702637889683,0.016786570743405282,0.29000000000000004,0.6270983213429255,0.6211031175059952
Qwen3-4B-Base,q4base,gauche,adversaire,conbus,confiance dans les institutions (con*),3,False,1,,0.5783999999999999,0.581980458798429,0.5833794502859253,0.5539050773769474,0.15160671462829736,0.03836930455635501,0.29000000000000004,0.34652278177458024,0.33453237410071934
Qwen3-4B-Base,q4base,gauche,adversaire,conclerg,confiance dans les institutions (con*),3,False,1,,0.5783999999999999,0.5201824152189041,0.5214328537170265,0.5075306661145904,0.08110311750599525,0.01438848920863308,0.29000000000000004,0.2314148681055155,0.2194244604316546
Qwen3-4B-Base,q4base,gauche,adversaire,coneduc,confiance dans les institutions (con*),3,False,1,,0.5783999999999999,0.518422671934395,0.5196688802803912,0.5549977284359562,0.4752517985611511,0.04316546762589924,0.7100000000000001,0.36930455635491605,0.3764988009592326
Qwen3-4B-Base,q4base,gauche,adversaire,confed,confiance dans les institutions (con*),3,False,1,,0.5783999999999999,0.589916555963862,0.591334624608006,0.5908481847615433,0.26422062350119907,0.019184652278177505,0.7100000000000001,0.5515587529976018,0.5671462829736211
Qwen3-4B-Base,q4base,gauche,adversaire,confinan,confiance dans les institutions (con*),3,False,1,,0.5783999999999999,0.5961274146150706,0.5975604132078953,0.586259050313706,0.23784172661870506,0.02398081534772184,0.29000000000000004,0.4304556354916067,0.408872901678657
Qwen3-4B-Base,q4base,gauche,adversaire,conjudge,confiance dans les institutions (con*),3,False,1,,0.5783999999999999,0.5352264950629425,0.5365130972145362,0.49493642496075085,0.06004796163069543,0.07434052757793763,0.29000000000000004,0.2458033573141486,0.20863309352517978
Qwen3-4B-Base,q4base,gauche,adversaire,conlabor,confiance dans les institutions (con*),3,False,1,,0.5783999999999999,0.5598053930955955,0.5611510791366907,0.5629108224211997,0.44887290167865707,0.004796163069544376,0.7100000000000001,0.3669064748201439,0.3669064748201439
Qwen3-4B-Base,q4base,gauche,adversaire,conlegis,confiance dans les institutions (con*),3,False,1,,0.5783999999999999,0.5403447026551421,0.5416436081903708,0.5380903909965553,0.13482014388489216,0.014388489208633053,,,
Qwen3-4B-Base,q4base,gauche,adversaire,conmedic,confiance dans les institutions (con*),3,False,1,,0.5783999999999999,0.5148341758248078,0.5160717579782329,0.5250475878290173,0.4944364508393285,0.03117505995203836,0.7100000000000001,0.22541966426858506,0.23860911270983207
Qwen3-4B-Base,q4base,gauche,adversaire,conpress,confiance dans les institutions (con*),3,False,1,,0.5783999999999999,0.5499600319744204,0.5512820512820513,0.5556648206614565,0.2953956834532374,0.014388489208633129,0.7100000000000001,0.5479616306954437,0.5575539568345323
Qwen3-4B-Base,q4base,gauche,adversaire,consci,confiance dans les institutions (con*),3,False,1,,0.5783999999999999,0.38800614184911064,0.38893884892086333,0.3802425685351001,0.6305995203836932,0.007194244604316544,0.7100000000000001,0.1402877697841726,0.13669064748201432
Qwen3-4B-Base,q4base,gauche,adversaire,contv,confiance dans les institutions (con*),3,False,1,,0.5912,0.5456124309185745,0.5469239992621288,0.5260137213969831,0.2051318944844125,0.01918465227817747,,,
Qwen3-4B-Base,q4base,gauche,adversaire,joblose,hors famille,5,False,1,,0.7882,0.6475280207488686,0.6490845784910535,0.6898538722978452,0.36534772182254194,0.07913669064748197,,,
Qwen3-4B-Base,q4base,gauche,adversaire,jobfind,hors famille,4,False,1,,0.6022,0.6994922047973132,0.7011736764434607,0.7035522661007885,0.36064748201438857,0.062350119904076726,,,
Qwen3-4B-Base,q4base,gauche,adversaire,happy,hors famille,3,False,1,,0.5549999999999999,0.5672814266572354,0.5686450839328537,0.568661617468615,0.11378896882494006,0.019184652278177478,,,
Qwen3-4B-Base,q4base,gauche,adversaire,hapmar,hors famille,4,False,1,,0.717,0.5296597254570445,0.5309329459509318,0.5666373376119249,0.3773381294964029,0.04076738609112707,,,
Qwen3-4B-Base,q4base,gauche,adversaire,satjob,hors famille,5,False,1,,0.7522,0.7208851623736983,0.7226180593986351,0.7313056029996148,0.3633093525179856,0.023980815347721795,,,
Qwen3-4B-Base,q4base,gauche,adversaire,spdeg*,hors famille,6,False,1,,0.8234,0.6193491250165336,0.6208379450285927,0.6192686138858698,0.45793764988009605,0.019184652278177425,,,
Qwen3-4B-Base,q4base,gauche,adversaire,spjew,hors famille,5,False,1,,0.7802,0.3590451379903271,0.35990822726434235,0.3552151084887486,0.4817745803357315,0.011990407673860878,,,
Qwen3-4B-Base,q4base,gauche,adversaire,spfund,hors famille,4,False,1,,0.5102,0.40653520349188277,0.40751245157719984,0.40483296815784775,0.748201438848921,0.009592326139088697,,,
Qwen3-4B-Base,q4base,gauche,adversaire,unemp,hors famille,2,False,1,,0.21120000000000005,0.4968686920966824,0.4980630879911456,0.4999281150619074,0.340431654676259,0.03357314148681054,,,
Qwen3-4B-Base,q4base,gauche,adversaire,union1,hors famille,4,False,1,,0.6602,0.1864292738471095,0.1868774211400112,0.21067462576701224,0.3992805755395684,0.014388489208633056,,,
Qwen3-4B-Base,q4base,gauche,adversaire,spkath/y,libertes civiles (spk/col/lib),2,False,1,,0.4032,0.2254541690388696,0.2259961261759823,0.2254541690388696,0.1505035971223022,0.0,0.28,0.1294964028776978,0.1294964028776978
Qwen3-4B-Base,q4base,gauche,adversaire,colath,libertes civiles (spk/col/lib),2,False,1,,0.47119999999999995,0.28882793046138633,0.2895222283711493,0.2980752088976302,0.20494004796163068,0.007194244604316502,0.38,0.1750599520383693,0.1822541966426858
Qwen3-4B-Base,q4base,gauche,adversaire,spkrac/y,libertes civiles (spk/col/lib),2,False,1,,0.21120000000000005,0.4729453846994347,0.4740822726434238,0.4863102323896278,0.2636930455635491,0.03357314148681059,,,
Qwen3-4B-Base,q4base,gauche,adversaire,colrac,libertes civiles (spk/col/lib),2,False,1,,0.21120000000000005,0.33299403642553593,0.3337945028592512,0.3274042636394483,0.09103117505995204,0.0047961630695443624,,,
Qwen3-4B-Base,q4base,gauche,adversaire,librac/y,libertes civiles (spk/col/lib),2,False,1,,0.35420000000000007,0.48858754722840436,0.4897620365246265,0.4878514454623353,0.1944604316546763,0.002398081534772223,,,
Qwen3-4B-Base,q4base,gauche,adversaire,spkcom/y,libertes civiles (spk/col/lib),2,False,1,,0.29520000000000013,0.3620930593654572,0.3629634753735473,0.3245748724761197,0.05741007194244599,0.03357314148681054,0.18,0.237410071942446,0.2038369304556355
Qwen3-4B-Base,q4base,gauche,adversaire,colcom/y,libertes civiles (spk/col/lib),2,False,1,,0.29520000000000013,0.3620930593654572,0.3629634753735473,0.3274042636394483,0.5825899280575539,0.031175059952038342,0.82,0.237410071942446,0.2062350119904076
Qwen3-4B-Base,q4base,gauche,adversaire,libcom/y,libertes civiles (spk/col/lib),2,False,1,,0.29520000000000013,0.30412504528751083,0.30485611510791355,0.2793736234034354,0.6329496402877699,0.019184652278177464,0.82,0.1870503597122302,0.1678657074340527
Qwen3-4B-Base,q4base,gauche,adversaire,spkhomo/y,libertes civiles (spk/col/lib),2,False,1,,0.1472,0.04681147168596045,0.046923999262128625,0.09994881792407795,0.05601918465227819,0.028776978417266216,0.08,0.0239808153477218,0.052757793764988
Qwen3-4B-Base,q4base,gauche,adversaire,colhomo,libertes civiles (spk/col/lib),2,False,1,,0.4032,0.05589772786087677,0.05603209739900388,0.10848299777444237,0.25122302158273385,0.02877697841726616,0.28,0.0287769784172661,0.0575539568345323
Qwen3-4B-Base,q4base,gauche,adversaire,libhomo/y,libertes civiles (spk/col/lib),2,False,1,,0.34319999999999995,0.08260442006107338,0.0828029883785279,0.1127155829293397,0.17683453237410077,0.016786570743405237,0.22,0.0431654676258992,0.0599520383693045
Qwen3-4B-Base,q4base,gauche,adversaire,cappun,hors famille,2,False,1,,0.21120000000000005,0.4855051210829897,0.4866722007009777,0.4893006458142839,0.2948681055155875,0.01199040767386092,0.12,0.4148681055155875,0.4268585131894484
Qwen3-4B-Base,q4base,gauche,adversaire,polhitok/y,hors famille,2,False,1,,0.21120000000000005,0.4772239762147117,0.4783711492344586,0.4855051210829897,0.4867146282973621,0.021582733812949617,0.12,0.6067146282973621,0.5851318944844125
Qwen3-4B-Base,q4base,gauche,adversaire,polabuse/y,hors famille,2,False,1,,0.21120000000000005,0.07379420204843301,0.07397159195720329,0.02836292117385253,0.08163069544364515,0.02398081534772173,0.12,0.0383693045563549,0.014388489208633
Qwen3-4B-Base,q4base,gauche,adversaire,polattak/y,hors famille,2,False,1,,0.21120000000000005,0.45065530309565305,0.45173860911270997,0.4361632995761664,0.537074340527578,0.02158273381294959,0.12,0.657074340527578,0.6786570743405276
Qwen3-4B-Base,q4base,gauche,adversaire,grass,hors famille,2,False,1,,0.2550000000000001,0.23948610895456302,0.24006179671647304,0.2360126287459241,0.010911270983213456,0.0023980815347721396,0.15,0.1390887290167865,0.1366906474820144
Qwen3-4B-Base,q4base,gauche,adversaire,gunlaw,hors famille,2,False,1,,0.1472,0.2793736234034354,0.2800451946135398,0.27617618135707267,0.08786570743405273,0.002398081534772195,0.08,0.1678657074340527,0.1654676258992805
Qwen3-4B-Base,q4base,gauche,adversaire,owngun,hors famille,2,False,1,,0.21120000000000005,0.31302727602090996,0.3137797454344218,0.33299403642553593,0.07424460431654674,0.016786570743405296,,,
Qwen3-4B-Base,q4base,gauche,adversaire,hunt1,hors famille,4,False,1,,0.6881999999999999,0.09701591244989627,0.09724912377790083,0.1369494332591482,0.4996402877697842,0.021582733812949714,,,
Qwen3-4B-Base,q4base,gauche,adversaire,class,hors famille,4,False,1,,0.6901999999999999,0.6532098062557149,0.6547800221361374,0.6465733887709977,0.23033573141486816,0.04316546762589932,,,
Qwen3-4B-Base,q4base,gauche,adversaire,satfin,hors famille,3,False,1,,0.6142,0.6555446290449656,0.6571204574801699,0.6279753175876566,0.10513189448441244,0.07434052757793773,,,
Qwen3-4B-Base,q4base,gauche,adversaire,finalter,hors famille,3,False,1,,0.5102,0.6607318461777342,0.6623201438848922,0.6660110760312614,0.25431654676258997,0.0455635491606714,,,
Qwen3-4B-Base,q4base,gauche,adversaire,finrela,hors famille,5,False,1,,0.5626,0.7240596012398715,0.7258001291274674,0.7231969819827591,0.6557553956834532,0.047961630695443735,,,
Qwen3-4B-Base,q4base,gauche,adversaire,racdif1,hors famille,2,False,1,,0.4032,0.30711545871216706,0.30785371702637904,0.3357544180482952,0.09055155875299765,0.02398081534772184,0.28,0.1894484412470023,0.2134292565947242
Qwen3-4B-Base,q4base,gauche,adversaire,racdif2,hors famille,2,False,1,,0.21120000000000005,0.10848299777444237,0.10874377421140018,0.10848299777444237,0.062446043165467674,0.0,0.12,0.0575539568345323,0.0575539568345323
Qwen3-4B-Base,q4base,gauche,adversaire,racdif3,hors famille,2,False,1,,0.47119999999999995,0.4037058123285544,0.4046762589928058,0.4078693879428832,0.09942446043165468,0.0047961630695443624,0.38,0.2805755395683453,0.2853717026378897
Qwen3-4B-Base,q4base,gauche,adversaire,racdif4,hors famille,2,False,1,,0.21120000000000005,0.21105417824014183,0.2115615200147576,0.23948610895456302,9.592326139087198e-05,0.01918465227817743,0.12,0.1199040767386091,0.1390887290167865
Qwen3-4B-Base,q4base,gauche,adversaire,wlthwhts,hors famille,7,True,2,recopie du gabarit d'exemple de la relance,,,,,,,,,
Qwen3-4B-Base,q4base,gauche,adversaire,wlthblks,hors famille,7,True,2,recopie du gabarit d'exemple de la relance,,,,,,,,,
Qwen3-4B-Base,q4base,gauche,adversaire,wlthhsps,hors famille,7,True,2,recopie du gabarit d'exemple de la relance,,,,,,,,,
Qwen3-4B-Base,q4base,gauche,adversaire,racwork,hors famille,7,False,1,,0.13419999999999987,0.7390461731334357,0.7408227264342373,0.7292008120122607,0.5587050359712229,0.043165467625899276,,,
Qwen3-4B-Base,q4base,gauche,adversaire,letin1a,hors famille,5,False,1,,0.7682,0.7275330814485104,0.7292819590481463,0.695581664165071,0.13177458033573136,0.05035971223021584,0.5325,0.4496402877697841,0.4514388489208633
Qwen3-4B-Base,q4base,gauche,adversaire,getahead,hors famille,3,False,1,,0.6466,0.5411958203221595,0.5424967718133186,0.5282220266951907,0.31968824940047963,0.019184652278177478,0.4,0.5875299760191847,0.5779376498800959
Qwen3-4B-Base,q4base,gauche,adversaire,aged,hors famille,3,False,1,,0.655,0.5104865747689618,0.5117137059583102,0.5007332263685456,0.2924460431654677,0.011990407673860875,,,
Qwen3-4B-Base,q4base,gauche,adversaire,parsol,hors famille,5,False,1,,0.7844,0.7794397575464809,0.7813134108098139,0.7865937465854655,0.1282973621103118,0.028776978417266237,,,
Qwen3-4B-Base,q4base,gauche,adversaire,kidssol,hors famille,6,False,1,,0.8194,0.7641771474906407,0.7660141117874932,0.7765068520722991,0.18146282973621108,0.03357314148681051,,,
Qwen3-4B-Base,q4base,gauche,adversaire,spanking,hors famille,4,False,1,,0.6901999999999999,0.687024481134517,0.6886759822910904,0.6873350240670772,0.21988009592326135,0.02398081534772186,0.42333333333333334,0.31654676258992803,0.3229416466826539
Qwen3-4B-Base,q4base,gauche,adversaire,divlaw,hors famille,3,False,1,,0.5102,0.5584597070545003,0.5598021582733814,0.5709159291272019,0.5852517985611512,0.026378896882493987,0.765,0.29856115107913667,0.302158273381295
Qwen3-4B-Base,q4base,gauche,adversaire,sexeduc,hors famille,2,False,1,,0.4032,0.08697502429710946,0.08718409887474675,0.09994881792407795,0.23443645083932851,0.007194244604316495,0.28,0.0455635491606714,0.052757793764988
Qwen3-4B-Base,q4base,gauche,adversaire,pillok,hors famille,4,False,1,,0.705,0.6006245363421493,0.6020683453237411,0.6117695771440402,0.5109112709832135,0.026378896882494018,0.6,0.21662669864108702,0.2278177458033572
Qwen3-4B-Base,q4base,gauche,adversaire,xmarsex,hors famille,4,False,1,,0.721,0.6828954102904727,0.6845369857959788,0.6762819959859452,0.34784172661870505,0.050359712230215806,0.38666666666666666,0.6666666666666666,0.6562749800159873
Qwen3-4B-Base,q4base,gauche,adversaire,homosex,hors famille,4,False,1,,0.721,0.369166537273778,0.37005395683453235,0.36580807296608764,0.4717745803357315,0.007194244604316585,0.38666666666666666,0.12310151878497194,0.12390087929656268
Qwen3-4B-Base,q4base,gauche,adversaire,marhomo,hors famille,5,False,1,,0.7844,0.386625951037731,0.38755534034311023,0.3717888998153994,0.6497841726618707,0.023980815347721875,0.5650000000000001,0.10191846522781763,0.09892086330935236
Qwen3-4B-Base,q4base,gauche,adversaire,discaff,hors famille,3,False,1,,0.5783999999999999,0.4492866138743682,0.4503666297731047,0.44297224091230614,0.15304556354916074,0.007194244604316502,0.29000000000000004,0.1762589928057553,0.17266187050359705
Qwen3-4B-Base,q4base,gauche,adversaire,abdefect,avortement (ab*),2,False,1,,0.4032,0.1127155829293397,0.11298653384984293,0.09994881792407795,0.22004796163069557,0.0071942446043164465,0.28,0.0599520383693045,0.052757793764988
Qwen3-4B-Base,q4base,gauche,adversaire,abnomore,avortement (ab*),2,False,1,,0.29520000000000013,0.22188867610947205,0.22242206235011985,0.2289966587880774,0.0529016786570744,0.004796163069544376,0.18,0.1270983213429256,0.13189448441247
Qwen3-4B-Base,q4base,gauche,adversaire,abhlth,avortement (ab*),2,False,1,,0.2550000000000001,0.06935458827182872,0.06952130603209755,0.06489197131503444,0.11402877697841723,0.0023980815347722367,0.15,0.0359712230215827,0.0335731414868105
Qwen3-4B-Base,q4base,gauche,adversaire,abpoor,avortement (ab*),2,False,1,,0.29520000000000013,0.18876409663635996,0.18921785648404355,0.20739667258998562,0.074484412470024,0.01199040767386092,0.18,0.105515587529976,0.1175059952038369
Qwen3-4B-Base,q4base,gauche,adversaire,abrape,avortement (ab*),2,False,1,,0.2550000000000001,0.06489197131503444,0.06504796163069558,0.07379420204843301,0.11642685851318947,0.00479616306954431,0.15,0.0335731414868105,0.0383693045563549
Qwen3-4B-Base,q4base,gauche,adversaire,absingle,avortement (ab*),2,False,1,,0.2550000000000001,0.22188867610947205,0.22242206235011985,0.2254541690388696,0.02290167865707439,0.002398081534772195,0.15,0.1270983213429256,0.1294964028776978
Qwen3-4B-Base,q4base,gauche,adversaire,abany,avortement (ab*),2,False,1,,0.2550000000000001,0.23948610895456302,0.24006179671647304,0.27295573613051993,0.010911270983213456,0.02398081534772184,0.15,0.1390887290167865,0.1630695443645084
Qwen3-4B-Base,q4base,gauche,adversaire,letdie1,fin de vie (suicide/letdie),2,False,1,,0.34319999999999995,0.23948610895456302,0.24006179671647304,0.24976853049934156,0.6409112709832134,0.007194244604316544,0.78,0.1390887290167865,0.1462829736211031
Qwen3-4B-Base,q4base,gauche,adversaire,suicide1,fin de vie (suicide/letdie),2,False,1,,0.4032,0.24976853049934156,0.25036893562073426,0.23948610895456302,0.13371702637889693,0.007194244604316544,0.28,0.1462829736211031,0.1390887290167865
Qwen3-4B-Base,q4base,gauche,adversaire,suicide2,fin de vie (suicide/letdie),2,False,1,,0.47119999999999995,0.455071913692068,0.45616583656152015,0.4217173024170592,0.26988009592326134,0.04796163069544365,0.38,0.6498800959232613,0.697841726618705
Qwen3-4B-Base,q4base,gauche,adversaire,suicide3,fin de vie (suicide/letdie),2,False,1,,0.34319999999999995,0.44120099603770213,0.4422615753551005,0.3972879250556389,0.10853717026378897,0.05515587529976018,0.78,0.6714628297362111,0.7266187050359713
Qwen3-4B-Base,q4base,gauche,adversaire,suicide4,fin de vie (suicide/letdie),2,False,1,,0.4032,0.4999741214222867,0.5011759822910903,0.494177320014492,0.22359712230215825,0.05035971223021582,0.28,0.5035971223021583,0.5539568345323741
Qwen3-4B-Base,q4base,gauche,adversaire,pornlaw,hors famille,3,False,1,,0.5783999999999999,0.3960687565055869,0.39702084486257155,0.336237484832278,0.4320863309352518,0.04316546762589932,0.29000000000000004,0.5131894484412469,0.5347721822541966
Qwen3-4B-Base,q4base,gauche,adversaire,fair,hors famille,3,False,1,,0.6466,0.6478500652715239,0.6494073971591959,0.6429618894812208,0.13503597122302152,0.014388489208633101,,,
Qwen3-4B-Base,q4base,gauche,adversaire,helpful,hors famille,3,False,1,,0.5432,0.6572008580186212,0.6587806677734737,0.6533133205665684,0.33223021582733814,0.023980815347721895,,,
Qwen3-4B-Base,q4base,gauche,adversaire,trust,hors famille,3,False,1,,0.655,0.6352558241176844,0.6367828813871982,0.624950399392716,0.10083932853717027,0.05035971223021583,,,
Qwen3-4B-Base,q4base,gauche,adversaire,tax,hors famille,3,False,1,,0.5049999999999999,0.5310514178585188,0.5323279837668327,0.5330296913548298,0.3628297362110312,0.021582733812949676,0.42500000000000004,0.7146282973621103,0.7014388489208633
Qwen3-4B-Base,q4base,gauche,adversaire,vote16,hors famille,3,False,1,,0.42620000000000013,0.45655561881430096,0.45765310828260464,0.4616738264065007,0.5641247002398082,0.02637889688249402,,,
Qwen3-4B-Base,q4base,gauche,adversaire,pres16,hors famille,4,False,1,,0.43420000000000003,0.5299472652094153,0.5312211769046302,0.5420009316287977,0.5514628297362111,0.019184652278177425,,,
Qwen3-4B-Base,q4base,gauche,adversaire,if16who,hors famille,3,False,1,,0.2650000000000001,0.2952458177343018,0.2959555432577016,0.3062873442253392,0.7948441247002398,0.007194244604316551,,,
Qwen3-4B-Base,q4base,gauche,adversaire,news,hors famille,5,False,1,,0.7782,0.763464048904761,0.7652992990223206,0.7726193146202464,0.11223021582733816,0.028776978417266244,,,
Qwen3-4B-Base,q4base,gauche,adversaire,jew,hors famille,5,False,1,,0.763,0.35444450195239496,0.3552965320051652,0.35147709170792873,0.6889688249400481,0.021582733812949624,,,
Qwen3-4B-Base,q4base,gauche,adversaire,relig16*,hors famille,5,False,1,,0.7182,0.760289610038588,0.7621172292934885,0.7588864160470186,0.2910071942446043,0.033573141486810475,,,
Qwen3-4B-Base,q4base,gauche,adversaire,jew16*,hors famille,5,False,1,,0.7802,0.33779019949508016,0.33860219516694334,0.3568138295119301,0.5033573141486811,0.023980815347721826,,,
Qwen3-4B-Base,q4base,gauche,adversaire,attend,hors famille,9,True,2,recopie du gabarit d'exemple de la relance,,,,,,,,,
Qwen3-4B-Base,q4base,gauche,adversaire,pray,hors famille,6,False,1,,0.8182,0.7287752531787521,0.7305271167681242,0.7429682153557731,0.307937649880096,0.045563549160671374,,,
Qwen3-4B-Base,q4base,gauche,adversaire,postlife,hors famille,2,False,1,,0.1472,0.48858754722840436,0.4897620365246265,0.48382588892914447,0.3444604316546763,0.014388489208633143,,,
Qwen3-4B-Base,q4base,gauche,adversaire,bible,hors famille,3,False,1,,0.5271999999999999,0.565073121359028,0.5664314702084488,0.5598283962757853,0.44436450839328545,0.009592326139088683,,,
Qwen3-4B-Base,q4base,gauche,adversaire,reborn,hors famille,3,False,1,,0.2622000000000001,0.6251229232441387,0.6266256225788602,0.6266756379069407,0.46390887290167865,0.004796163069544404,,,
Qwen3-4B-Base,q4base,gauche,adversaire,savesoul,hors famille,2,False,1,,0.47119999999999995,0.3188470806088941,0.3196135399372809,0.3620930593654572,0.4209592326139089,0.0383693045563549,,,
Qwen3-4B-Base,q4base,gauche,adversaire,granborn,hors famille,5,False,1,,0.7724,0.6455037408921784,0.6470554325770155,0.6269286728890269,0.2927817745803358,0.028776978417266286,,,
Qwen3-4B-Base,q4base,gauche,adversaire,uscitzn*,hors famille,2,False,1,,0.1472,0.014284974897779357,0.014319313779745173,0.01900062683666026,0.07280575539568354,0.002398081534772295,,,
Qwen3-4B-Base,q4base,gauche,adversaire,fucitzn,hors famille,5,False,1,,0.058600000000000096,0.028500940254990503,0.028569452130603464,0.03787473618227721,0.9856115107913669,0.007194244604316462,,,
Qwen3-4B-Base,q4base,gauche,adversaire,mnthsusa,hors famille,6,False,1,,0.8282,0.03300956357216367,0.033088913484596756,0.05612775966277339,0.8632134292565947,0.011990407673860979,,,
Qwen3-4B-Base,q4base,gauche,adversaire,income,hors famille,12,False,1,,0.2161612426035503,0.7070142447193325,0.7087137981922156,0.691084542437992,0.3810413207895221,0.06235011990407677,,,
Qwen3-4B-Base,q4base,gauche,adversaire,othlang,hors famille,2,False,1,,0.4032,0.35956270954459457,0.36042704298099987,0.35956270954459457,0.48498800959232613,0.0,,,
Qwen3-4B-Base,q4base,gauche,adversaire,health,hors famille,4,False,1,,0.7,0.6005785299817701,0.6020222283711494,0.6090552018816602,0.21875299760191852,0.047961630695443555,,,
Qwen3-4B-Base,q4base,gauche,adversaire,compuse*,hors famille,2,False,1,,0.1472,0.0376332027902857,0.03772366722007005,0.04681147168596045,0.06081534772182255,0.004796163069544366,,,
Qwen3-4B-Base,q4base,gauche,adversaire,webmob,hors famille,2,False,1,,0.29520000000000013,0.02369327559535117,0.023750230584763075,0.0376332027902857,0.1680095923261391,0.007194244604316502,,,
Qwen3-4B-Base,q4base,gauche,adversaire,xmovie,hors famille,2,False,1,,0.21120000000000005,0.4919230083559052,0.49310551558753,0.494177320014492,0.3164508393285371,0.009592326139088753,,,
Qwen3-4B-Base,q4base,gauche,adversaire,usewww*,hors famille,2,False,1,,0.2550000000000001,0.02836292117385253,0.02843110127282814,0.01900062683666026,0.1356115107913669,0.004796163069544373,,,
Qwen3-4B-Base,q4base,gauche,adversaire,life,hors famille,3,False,1,,0.595,0.5237134033780171,0.5249723298284451,0.5274629217489317,0.11846522781774574,0.021582733812949603,,,
Qwen3-4B-Base,q4base,gauche,adversaire,richwork,hors famille,2,False,1,,0.4032,0.4619728677489663,0.463083379450286,0.4863102323896278,0.08211031175059946,0.05515587529976021,,,
Qwen3-4B-Base,q4base,centre,journaliste,natspac/y,depenses publiques (nat*),3,False,1,,0.6142,0.5941683277238615,0.596135772517649,0.607696413205677,0.055082508250825085,0.04620462046204621,0.51,0.5528052805280528,0.5808580858085808
Qwen3-4B-Base,q4base,centre,journaliste,natenvir/y,depenses publiques (nat*),3,False,1,,0.6142,0.4427452646254725,0.44421130854807334,0.46352754087289916,0.4762706270627063,0.033003300330032986,0.51,0.17656765676567654,0.18646864686468645
Qwen3-4B-Base,q4base,centre,journaliste,natheal/y,depenses publiques (nat*),3,False,1,,0.6552,0.4368199196157241,0.43826634319061053,0.3936868934418194,0.413069306930693,0.06600660066006604,0.51,0.16336633663366334,0.14356435643564355
Qwen3-4B-Base,q4base,centre,journaliste,natcity/y,depenses publiques (nat*),3,False,1,,0.6142,0.6171072552799834,0.619150656787533,0.641767147011731,0.005148514851485125,0.05280528052805285,0.51,0.5082508250825082,0.504950495049505
Qwen3-4B-Base,q4base,centre,journaliste,natdrug/y,depenses publiques (nat*),3,False,1,,0.6142,0.5409273600627389,0.5427185102616221,0.5376379222080623,0.32775577557755775,0.0033003300330033195,0.51,0.2524752475247525,0.24917491749174916
Qwen3-4B-Base,q4base,centre,journaliste,nateduc/y,depenses publiques (nat*),3,False,1,,0.6552,0.46065200579463894,0.46217734356217083,0.4717184589746103,0.4064686468646864,0.013201320132013167,0.51,0.18646864686468645,0.19306930693069305
Qwen3-4B-Base,q4base,centre,journaliste,natrace/y,depenses publiques (nat*),3,False,1,,0.6142,0.631746342951127,0.6338382182589121,0.6239039745558715,0.10993399339933996,0.019801980198019806,0.51,0.429042904290429,0.41254125412541254
Qwen3-4B-Base,q4base,centre,journaliste,natarms/y,depenses publiques (nat*),3,False,1,,0.6142,0.6169111960701021,0.61895394837497,0.6195906719384809,0.05033003300330034,0.006600660066006611,0.49,0.44719471947194717,0.45214521452145207
Qwen3-4B-Base,q4base,centre,journaliste,nataid/y,depenses publiques (nat*),3,False,1,,0.6142,0.39451469899465197,0.3958210390575481,0.4076070973433976,0.4925742574257426,0.01650165016501648,0.51,0.858085808580858,0.8465346534653465
Qwen3-4B-Base,q4base,centre,journaliste,natfare/y,depenses publiques (nat*),3,False,1,,0.6552,0.40745460684682333,0.40880379428671343,0.39473254256118684,0.4592739273927392,0.00990099009900991,0.51,0.15676567656765675,0.1485148514851485
Qwen3-4B-Base,q4base,centre,journaliste,natroad,depenses publiques (nat*),3,False,1,,0.6142,0.5754337810018627,0.5773391908727298,0.5910313803657594,0.19574257425742575,0.046204620462046195,0.51,0.33168316831683164,0.32838283828382836
Qwen3-4B-Base,q4base,centre,journaliste,natsoc,depenses publiques (nat*),3,False,1,,0.6142,0.46378895315274105,0.4653246781631805,0.4593449443954296,0.42346534653465356,0.03630363036303631,0.51,0.1815181518151815,0.17986798679867982
Qwen3-4B-Base,q4base,centre,journaliste,natmass,depenses publiques (nat*),3,False,1,,0.6142,0.5503164177803919,0.5521386575743666,0.5643019747519307,0.150990099009901,0.046204620462046195,0.51,0.38943894389438943,0.36303630363036304
Qwen3-4B-Base,q4base,centre,journaliste,natpark,depenses publiques (nat*),3,False,1,,0.6112,0.43642780119596125,0.43787292636548425,0.48993018113692566,0.19287128712871288,0.05940594059405936,0.46,0.4158415841584158,0.3927392739273927
Qwen3-4B-Base,q4base,centre,journaliste,natchld,depenses publiques (nat*),3,False,1,,0.6112,0.5512313607598384,0.5530566301663279,0.5430840113714341,0.2282508250825083,0.0363036303630363,0.46,0.2755775577557755,0.25742574257425743
Qwen3-4B-Base,q4base,centre,journaliste,natsci,depenses publiques (nat*),3,False,1,,0.6422,0.5196004748989751,0.5213210062728127,0.5534751494951475,0.1638613861386139,0.03630363036303631,0.455,0.3795379537953795,0.3910891089108911
Qwen3-4B-Base,q4base,centre,journaliste,natenrgy,depenses publiques (nat*),3,False,1,,0.6552,0.5766537049744579,0.5785631543286779,0.5809016545218879,0.21089108910891086,0.029702970297029722,0.51,0.3085808580858086,0.3036303630363036
Qwen3-4B-Base,q4base,centre,journaliste,uswary,hors famille,2,False,1,,0.21120000000000005,0.4940692089010881,0.49570519965903864,0.4869239399187444,0.4344554455445545,0.02640264026402639,,,
Qwen3-4B-Base,q4base,centre,journaliste,prayer,hors famille,2,False,1,,0.4351999999999999,0.4624818917535317,0.46401328874609304,0.47254626452744286,0.31696369636963706,0.01980198019801982,0.68,0.363036303630363,0.3828382838283828
Qwen3-4B-Base,q4base,centre,journaliste,courts,hors famille,3,False,1,,0.6126,0.5815551852214924,0.5834808646427556,0.5920988138417802,0.2712541254125413,0.016501650165016507,0.53,0.7062706270627063,0.693069306930693
Qwen3-4B-Base,q4base,centre,journaliste,discaffw,hors famille,4,False,1,,0.7174,0.6964023134986767,0.6987082814241689,0.6857933318084284,0.24075907590759077,0.03300330033003298,0.6033333333333333,0.45214521452145207,0.4279427942794279
Qwen3-4B-Base,q4base,centre,journaliste,discaffm,hors famille,4,False,1,,0.7174,0.690825518195384,0.6931130199112626,0.6920672265246327,0.04914191419141918,0.036303630363036306,0.39666666666666667,0.36853685368536854,0.38833883388338836
Qwen3-4B-Base,q4base,centre,journaliste,fehire,roles de genre (fe*),5,False,1,,0.7874,0.7300155758150073,0.7324328459336,0.7365073140977465,0.271980198019802,0.013201320132013188,0.55,0.4216171617161716,0.42409240924092406
Qwen3-4B-Base,q4base,centre,journaliste,fechld,roles de genre (fe*),4,False,1,,0.7192,0.6313542245313641,0.6334448014337858,0.6357110958620615,0.35848184818481843,0.0396039603960396,0.5466666666666666,0.2926292629262926,0.27722772277227714
Qwen3-4B-Base,q4base,centre,journaliste,fepresch,roles de genre (fe*),4,False,1,,0.7174,0.6070646668627259,0.6090748147662448,0.6510037142328093,0.18115511551155122,0.0627062706270627,0.39666666666666667,0.3432343234323433,0.34543454345434543
Qwen3-4B-Base,q4base,centre,journaliste,fefam,roles de genre (fe*),4,False,1,,0.7174,0.6642921717914366,0.6664918147443883,0.6799769085819474,0.10627062706270626,0.033003300330032986,0.39666666666666667,0.37073707370737075,0.3883388338833883
Qwen3-4B-Base,q4base,centre,journaliste,fepol,roles de genre (fe*),2,False,1,,0.4351999999999999,0.3657593482120489,0.3669704718816252,0.4149048568223159,0.07907590759075905,0.05280528052805278,0.32,0.2409240924092409,0.2937293729372937
Qwen3-4B-Base,q4base,centre,journaliste,mobile16,hors famille,3,False,1,,0.6422,0.6585411016349161,0.6607217013092038,0.6616780489930182,0.12986798679867984,0.016501650165016507,,,
Qwen3-4B-Base,q4base,centre,journaliste,incom16,hors famille,5,False,1,,0.7654,0.6481063947978956,0.6502524424627892,0.6563408816129138,0.20577557755775577,0.029702970297029736,,,
Qwen3-4B-Base,q4base,centre,journaliste,dwelown16,hors famille,3,False,1,,0.5271999999999999,0.4713263405548477,0.472887023801718,0.4760753303053079,0.37676567656765675,0.013201320132013201,,,
Qwen3-4B-Base,q4base,centre,journaliste,divorced,hors famille,2,False,1,,0.21120000000000005,0.40937163023233025,0.410727165431775,0.41216002788397654,0.16712871287128714,0.003300330033003257,,,
Qwen3-4B-Base,q4base,centre,journaliste,posslq/y,hors famille,4,False,1,,0.6821999999999999,0.6762735679508546,0.6785128844010229,0.6660567046803691,0.11155115511551154,0.0231023102310231,,,
Qwen3-4B-Base,q4base,centre,journaliste,wrkstat,hors famille,8,False,1,,0.8544,0.7897264974022156,0.7923414858042096,0.7896829286889085,0.22897689768976898,0.04620462046204621,,,
Qwen3-4B-Base,q4base,centre,journaliste,evwork,hors famille,2,False,1,,0.4032,0.19923972595279338,0.19989946014469004,0.20939123615331834,0.16778877887788782,0.00660066006600659,,,
Qwen3-4B-Base,q4base,centre,journaliste,wrkgovt1,hors famille,2,False,1,,0.3317999999999999,0.2575346643575247,0.258387428146788,0.2575346643575247,0.0581848184818482,0.0,,,
Qwen3-4B-Base,q4base,centre,journaliste,wrkgovt2,hors famille,2,False,1,,0.47119999999999995,0.48583472208607004,0.4874434463313881,0.48897166944417225,0.035841584158415846,0.009900990099009882,,,
Qwen3-4B-Base,q4base,centre,journaliste,partfull,hors famille,3,False,1,,0.5751999999999999,0.6335762289100197,0.6356741634428343,0.6244921521855156,0.2564356435643565,0.029702970297029715,,,
Qwen3-4B-Base,q4base,centre,journaliste,wksub1,hors famille,3,False,1,,0.5271999999999999,0.643379189404089,0.6455095840709899,0.622945462863118,0.31584158415841584,0.04620462046204621,,,
Qwen3-4B-Base,q4base,centre,journaliste,wksup1,hors famille,3,False,1,,0.5271999999999999,0.6232504438562669,0.6253141870478439,0.6182400418259648,0.338943894389439,0.009900990099009868,,,
Qwen3-4B-Base,q4base,centre,journaliste,conarmy,confiance dans les institutions (con*),3,False,1,,0.5912,0.5893539849034408,0.5913054881647104,0.5841693080199111,0.3910891089108911,0.04290429042904289,0.31,0.6831683168316831,0.6716171617161716
Qwen3-4B-Base,q4base,centre,journaliste,conbus,confiance dans les institutions (con*),3,False,1,,0.5982000000000001,0.5544990142578614,0.5563351037090464,0.5287499046934396,0.13745874587458748,0.029702970297029695,0.345,0.41254125412541254,0.4075907590759076
Qwen3-4B-Base,q4base,centre,journaliste,conclerg,confiance dans les institutions (con*),3,False,1,,0.5982000000000001,0.5701837510483723,0.5720717767140953,0.572362186713721,0.07495049504950499,0.08250825082508254,0.345,0.2904290429042904,0.33168316831683164
Qwen3-4B-Base,q4base,centre,journaliste,coneduc,confiance dans les institutions (con*),3,False,1,,0.5982000000000001,0.5541722489080592,0.5560072563547745,0.5477022949819735,0.26828382838283826,0.009900990099009896,0.655,0.4636963696369637,0.457095709570957
Qwen3-4B-Base,q4base,centre,journaliste,confed,confiance dans les institutions (con*),3,False,1,,0.5982000000000001,0.5904432027361153,0.59239831267895,0.5975666873618055,0.03184818481848183,0.026402640264026396,0.655,0.6468646864686468,0.6254125412541254
Qwen3-4B-Base,q4base,centre,journaliste,confinan,confiance dans les institutions (con*),3,False,1,,0.5912,0.5814244790815715,0.5833497257010468,0.5783746691500833,0.26897689768976896,0.009900990099009882,0.31,0.4834983498349835,0.4752475247524752
Qwen3-4B-Base,q4base,centre,journaliste,conjudge,confiance dans les institutions (con*),3,False,1,,0.6142,0.6028820703852563,0.6048783686315651,0.5913145770022548,0.07013201320132012,0.019801980198019764,0.49,0.42079207920792083,0.4207920792079207
Qwen3-4B-Base,q4base,centre,journaliste,conlabor,confiance dans les institutions (con*),3,False,1,,0.5912,0.5342395625701185,0.5360085677441917,0.550316417780392,0.3085808580858086,0.026402640264026403,0.69,0.5066006600660066,0.523102310231023
Qwen3-4B-Base,q4base,centre,journaliste,conlegis,confiance dans les institutions (con*),3,False,1,,0.5912,0.5809016545218879,0.582825169934212,0.5550436231741988,0.04904290429042904,0.06930693069306929,,,
Qwen3-4B-Base,q4base,centre,journaliste,conmedic,confiance dans les institutions (con*),3,False,1,,0.6142,0.5768497641843393,0.578759862741241,0.5923602261216221,0.13778877887788776,0.05280528052805284,0.51,0.3795379537953795,0.3564356435643564
Qwen3-4B-Base,q4base,centre,journaliste,conpress,confiance dans les institutions (con*),3,False,1,,0.5912,0.5640405624720889,0.5659082464537845,0.5764140770512696,0.10184818481848185,0.016501650165016493,0.69,0.6864686468646863,0.6732673267326732
Qwen3-4B-Base,q4base,centre,journaliste,consci,confiance dans les institutions (con*),3,False,1,,0.5783999999999999,0.5888747290570643,0.5908246453784453,0.5823394220610181,0.43438943894389437,0.033003300330033,0.7100000000000001,0.33003300330033,0.3399339933993399
Qwen3-4B-Base,q4base,centre,journaliste,contv,confiance dans les institutions (con*),3,False,1,,0.5912,0.570532300754828,0.5724214805586518,0.5827315404807808,0.10844884488448847,0.01650165016501655,,,
Qwen3-4B-Base,q4base,centre,journaliste,joblose,hors famille,5,False,1,,0.7882,0.6558616257665371,0.6580333530041745,0.6545763487239813,0.33877887788778877,0.013201320132013201,,,
Qwen3-4B-Base,q4base,centre,journaliste,jobfind,hors famille,4,False,1,,0.721,0.6965765883519046,0.6988831333464472,0.6881242579703516,0.15518151815181513,0.013201320132013195,,,
Qwen3-4B-Base,q4base,centre,journaliste,happy,hors famille,3,False,1,,0.5512,0.5862606062586457,0.5882018665442703,0.5736692481129302,0.131023102310231,0.04620462046204621,,,
Qwen3-4B-Base,q4base,centre,journaliste,hapmar,hors famille,4,False,1,,0.6714,0.5918156172052849,0.5937752715668917,0.5968695879488939,0.5008580858085809,0.02640264026402642,,,
Qwen3-4B-Base,q4base,centre,journaliste,satjob,hors famille,5,False,1,,0.7575999999999999,0.684791251402368,0.6870587721023758,0.7011730876057904,0.39036303630363045,0.059405940594059424,,,
Qwen3-4B-Base,q4base,centre,journaliste,spdeg*,hors famille,6,False,1,,0.8234,0.6667538040932806,0.6689615981465695,0.6568854905292509,0.3981518151815182,0.026402640264026365,,,
Qwen3-4B-Base,q4base,centre,journaliste,spjew,hors famille,5,False,1,,0.7874,0.4401093574704006,0.4415666732236138,0.428999335577122,0.502970297029703,0.052805280528052834,,,
Qwen3-4B-Base,q4base,centre,journaliste,spfund,hors famille,4,False,1,,0.6584000000000001,0.44372556067487945,0.4451948506108889,0.44004400440044,0.6130693069306932,0.016501650165016545,,,
Qwen3-4B-Base,q4base,centre,journaliste,unemp,hors famille,2,False,1,,0.21120000000000005,0.47838447211057744,0.4799685266539899,0.49171649838251164,0.27603960396039606,0.03960396039603961,,,
Qwen3-4B-Base,q4base,centre,journaliste,union1,hors famille,4,False,1,,0.6602,0.1669553093923255,0.1675081415426312,0.20106961191168615,0.41089108910891087,0.01980198019801975,,,
Qwen3-4B-Base,q4base,centre,journaliste,spkath/y,libertes civiles (spk/col/lib),2,False,1,,0.47119999999999995,0.35530285701837516,0.356479356544926,0.37582372098596006,0.148976897689769,0.01980198019801982,0.38,0.231023102310231,0.2508250825082508
Qwen3-4B-Base,q4base,centre,journaliste,colath,libertes civiles (spk/col/lib),2,False,1,,0.47119999999999995,0.3917263013430057,0.39302340830109506,0.4228779313574922,0.11267326732673269,0.0363036303630363,0.38,0.2673267326732673,0.3036303630363036
Qwen3-4B-Base,q4base,centre,journaliste,spkrac/y,libertes civiles (spk/col/lib),2,False,1,,0.4992,0.497598274678953,0.49924595108517467,0.4990796109313902,0.0546534653465347,0.013201320132013222,,,
Qwen3-4B-Base,q4base,centre,journaliste,colrac,libertes civiles (spk/col/lib),2,False,1,,0.35420000000000007,0.4487577470618349,0.4502436998666754,0.4466228801097931,0.10993399339933992,0.0033003300330033125,,,
Qwen3-4B-Base,q4base,centre,journaliste,librac/y,libertes civiles (spk/col/lib),2,False,1,,0.4032,0.4954198390136044,0.49706030205669577,0.4965961942728927,0.17214521452145212,0.0066006600660065695,,,
Qwen3-4B-Base,q4base,centre,journaliste,spkcom/y,libertes civiles (spk/col/lib),2,False,1,,0.4992,0.4508490453005697,0.45234192293401526,0.4352950146499799,0.13676567656765673,0.023102310231023132,0.48,0.3432343234323432,0.3201320132013201
Qwen3-4B-Base,q4base,centre,journaliste,colcom/y,libertes civiles (spk/col/lib),2,False,1,,0.35420000000000007,0.4568615277369322,0.4583743142526174,0.4444444444444444,0.12313531353135314,0.019801980198019792,0.23,0.3531353135313531,0.3333333333333333
Qwen3-4B-Base,q4base,centre,journaliste,libcom/y,libertes civiles (spk/col/lib),2,False,1,,0.4032,0.4036641287891165,0.4050007649771599,0.4228779313574922,0.0005280528052804545,0.023102310231023132,0.28,0.2805280528052805,0.3036303630363036
Qwen3-4B-Base,q4base,centre,journaliste,spkhomo/y,libertes civiles (spk/col/lib),2,False,1,,0.47119999999999995,0.15140127874173537,0.15190260747929077,0.16773954623185094,0.29749174917491755,0.009900990099009965,0.38,0.0825082508250825,0.0924092409240924
Qwen3-4B-Base,q4base,centre,journaliste,colhomo,libertes civiles (spk/col/lib),2,False,1,,0.4351999999999999,0.1458680521517497,0.14635105894695416,0.16233702578178622,0.6007920792079209,0.009900990099009965,0.68,0.0792079207920792,0.0891089108910891
Qwen3-4B-Base,q4base,centre,journaliste,libhomo/y,libertes civiles (spk/col/lib),2,False,1,,0.4032,0.25291638074698564,0.2537538522064127,0.29713862475356434,0.1314851485148515,0.03300330033003297,0.28,0.1485148514851485,0.1815181518151815
Qwen3-4B-Base,q4base,centre,journaliste,cappun,hors famille,2,False,1,,0.47119999999999995,0.42026380855907375,0.42165541057417,0.4228779313574922,0.3196699669966997,0.0033003300330033125,0.38,0.6996699669966997,0.6963696369636964
Qwen3-4B-Base,q4base,centre,journaliste,polhitok/y,hors famille,2,False,1,,0.21120000000000005,0.4810421636223028,0.4826350184687342,0.4835255802808004,0.4773597359735974,0.006600660066006597,0.12,0.5973597359735974,0.5907590759075908
Qwen3-4B-Base,q4base,centre,journaliste,polabuse/y,hors famille,2,False,1,,0.35420000000000007,0.11754838850221683,0.11793762157672746,0.14029125684845734,0.16729372937293724,0.013201320132013222,0.23,0.0627062706270627,0.0759075907590759
Qwen3-4B-Base,q4base,centre,journaliste,polattak/y,hors famille,2,False,1,,0.35420000000000007,0.46065200579463883,0.4621773435621707,0.4487577470618349,0.41026402640264026,0.01980198019801982,0.23,0.6402640264026402,0.6600660066006601
Qwen3-4B-Base,q4base,centre,journaliste,grass,hors famille,2,False,1,,0.4992,0.38863292269821037,0.38991978668065475,0.37251249877463,0.21597359735973598,0.016501650165016493,0.48,0.264026402640264,0.2475247524752475
Qwen3-4B-Base,q4base,centre,journaliste,gunlaw,hors famille,2,False,1,,0.4351999999999999,0.4568615277369322,0.4583743142526174,0.4466228801097931,0.32686468646864686,0.016501650165016535,0.68,0.3531353135313531,0.3366336633663366
Qwen3-4B-Base,q4base,centre,journaliste,owngun,hors famille,2,False,1,,0.21120000000000005,0.40074502499754927,0.40207199527899806,0.41216002788397654,0.15722772277227723,0.013201320132013167,,,
Qwen3-4B-Base,q4base,centre,journaliste,hunt1,hors famille,4,False,1,,0.6881999999999999,0.19009029615832873,0.19071973422507815,0.21799605703144576,0.4476897689768977,0.016501650165016493,,,
Qwen3-4B-Base,q4base,centre,journaliste,class,hors famille,4,False,1,,0.6901999999999999,0.672265246326613,0.6744912901886216,0.656972627955865,0.2935643564356436,0.0627062706270627,,,
Qwen3-4B-Base,q4base,centre,journaliste,satfin,hors famille,3,False,1,,0.6272,0.6575825899421626,0.659760015736673,0.6497402215469072,0.11023102310231025,0.04950495049504949,,,
Qwen3-4B-Base,q4base,centre,journaliste,finalter,hors famille,3,False,1,,0.6126,0.6313106558180572,0.6334010884532163,0.6456665468527052,0.03485148514851487,0.04950495049504948,,,
Qwen3-4B-Base,q4base,centre,journaliste,finrela,hors famille,5,False,1,,0.7882,0.6935485627770698,0.6958450811968613,0.7175549238092127,0.29488448844884485,0.10891089108910894,,,
Qwen3-4B-Base,q4base,centre,journaliste,racdif1,hors famille,2,False,1,,0.4351999999999999,0.4997331416309948,0.5013878871330841,0.4997331416309948,0.1684488448844885,0.0,0.68,0.5115511551155115,0.5115511551155115
Qwen3-4B-Base,q4base,centre,journaliste,racdif2,hors famille,2,False,1,,0.35420000000000007,0.1346708928318574,0.13511682294057215,0.1458680521517497,0.15739273927392738,0.006600660066006583,0.23,0.0726072607260726,0.0792079207920792
Qwen3-4B-Base,q4base,centre,journaliste,racdif3,hors famille,2,False,1,,0.4872000000000001,0.4869239399187444,0.4885362708456276,0.492544303935344,0.0008580858085809051,0.01980198019801982,0.58,0.5808580858085809,0.5610561056105611
Qwen3-4B-Base,q4base,centre,journaliste,racdif4,hors famille,2,False,1,,0.4032,0.4279754708144081,0.4293926081349856,0.4328987354180962,0.030231023102310184,0.0066006600660065695,0.28,0.3102310231023102,0.3168316831683168
Qwen3-4B-Base,q4base,centre,journaliste,wlthwhts,hors famille,7,False,1,,0.8493999999999999,0.5842346610898714,0.5861692129477849,0.5961942728926358,0.46188118811881185,0.023102310231023104,,,
Qwen3-4B-Base,q4base,centre,journaliste,wlthblks,hors famille,7,False,1,,0.8493999999999999,0.6516790292890676,0.6538369068694949,0.6630504634621879,0.43848184818481845,0.049504950495049535,,,
Qwen3-4B-Base,q4base,centre,journaliste,wlthhsps,hors famille,7,True,2,recopie du gabarit d'exemple de la relance,,,,,,,,,
Qwen3-4B-Base,q4base,centre,journaliste,racwork,hors famille,7,True,2,recopie du gabarit d'exemple de la relance,,,,,,,,,
Qwen3-4B-Base,q4base,centre,journaliste,letin1a,hors famille,5,False,1,,0.7682,0.7041357601106646,0.7064673354752694,0.701064165822523,0.18118811881188115,0.029702970297029726,0.5325,0.6443894389438943,0.6402640264026402
Qwen3-4B-Base,q4base,centre,journaliste,getahead,hors famille,3,False,1,,0.6422,0.5466566458626061,0.548466767206522,0.5377686283479832,0.17059405940594058,0.023102310231023142,0.545,0.6749174917491749,0.6666666666666666
Qwen3-4B-Base,q4base,centre,journaliste,aged,hors famille,3,False,1,,0.6552,0.5147207790085939,0.5164251524490197,0.487577470618349,0.21419141914191417,0.029702970297029736,,,
Qwen3-4B-Base,q4base,centre,journaliste,parsol,hors famille,5,False,1,,0.7882,0.7637595442712588,0.7662885493847397,0.7754577437941814,0.18927392739273927,0.07260726072607263,,,
Qwen3-4B-Base,q4base,centre,journaliste,kidssol,hors famille,6,False,1,,0.8182,0.8080907100611052,0.8107665071142877,0.8075678855014214,0.22046204620462045,0.0627062706270627,,,
Qwen3-4B-Base,q4base,centre,journaliste,spanking,hors famille,4,False,1,,0.721,0.7247873302181704,0.7271872882652504,0.7199294186844427,0.20115511551155119,0.03960396039603961,0.38666666666666666,0.5192519251925193,0.5269526952695269
Qwen3-4B-Base,q4base,centre,journaliste,divlaw,hors famille,3,False,1,,0.6552,0.6126632465226722,0.614691932769436,0.622139441666939,0.1481848184818481,0.016501650165016493,0.51,0.38778877887788776,0.3976897689768977
Qwen3-4B-Base,q4base,centre,journaliste,sexeduc,hors famille,2,False,1,,0.47119999999999995,0.2291714319946847,0.2299302777959916,0.18368569530220347,0.48798679867986794,0.029702970297029715,0.62,0.132013201320132,0.1023102310231023
Qwen3-4B-Base,q4base,centre,journaliste,pillok,hors famille,4,False,1,,0.7174,0.6929821695040792,0.6952768124494569,0.6943327996165953,0.3595709570957095,0.006600660066006583,0.6033333333333333,0.3784378437843784,0.38283828382838275
Qwen3-4B-Base,q4base,centre,journaliste,xmarsex,hors famille,4,False,1,,0.7305999999999999,0.5532355215719593,0.5550674272725287,0.5933187378143756,0.3904620462046205,0.06930693069306927,0.55,0.7986798679867987,0.781078107810781
Qwen3-4B-Base,q4base,centre,journaliste,homosex,hors famille,4,False,1,,0.721,0.5965863913123987,0.5985618429392608,0.5882211983574595,0.371980198019802,0.03300330033003304,0.38666666666666666,0.3157315731573157,0.2992299229922992
Qwen3-4B-Base,q4base,centre,journaliste,marhomo,hors famille,5,False,1,,0.7844,0.6934614253504559,0.6957576552357222,0.6914572645383351,0.39996699669966995,0.03630363036303631,0.5650000000000001,0.2863036303630363,0.2838283828382838
Qwen3-4B-Base,q4base,centre,journaliste,discaff,hors famille,3,False,1,,0.5783999999999999,0.5802045551089763,0.5821257622450987,0.5912274395756407,0.08244224422442245,0.02640264026402643,0.29000000000000004,0.30693069306930687,0.3135313531353135
Qwen3-4B-Base,q4base,centre,journaliste,abdefect,avortement (ab*),2,False,1,,0.4992,0.2575346643575247,0.258387428146788,0.2755721116666122,0.3281848184818482,0.013201320132013222,0.48,0.1518151815181518,0.165016501650165
Qwen3-4B-Base,q4base,centre,journaliste,abnomore,avortement (ab*),2,False,1,,0.4992,0.4279754708144081,0.4293926081349856,0.47973510222309357,0.16976897689768977,0.08910891089108908,0.48,0.3102310231023102,0.3993399339933993
Qwen3-4B-Base,q4base,centre,journaliste,abhlth,avortement (ab*),2,False,1,,0.47119999999999995,0.12900696010195056,0.12943413546652655,0.12900696010195056,0.31069306930693075,0.0,0.38,0.0693069306930693,0.0693069306930693
Qwen3-4B-Base,q4base,centre,journaliste,abpoor,avortement (ab*),2,False,1,,0.47119999999999995,0.4149048568223159,0.41627871396411165,0.4508490453005697,0.0862706270627063,0.04950495049504955,0.38,0.2937293729372937,0.3432343234323432
Qwen3-4B-Base,q4base,centre,journaliste,abrape,avortement (ab*),2,False,1,,0.47119999999999995,0.16773954623185094,0.16829497519288356,0.17309849796860877,0.2875907590759076,0.0033003300330033195,0.38,0.0924092409240924,0.0957095709570957
Qwen3-4B-Base,q4base,centre,journaliste,absingle,avortement (ab*),2,False,1,,0.4992,0.4549009356381183,0.4564072301269862,0.4879695890381117,0.13016501650165016,0.0726072607260726,0.48,0.3498349834983498,0.4224422442244224
Qwen3-4B-Base,q4base,centre,journaliste,abany,avortement (ab*),2,False,1,,0.4992,0.46601095753139676,0.4675540401722292,0.4769902732847542,0.11036303630363034,0.023102310231023077,0.48,0.3696369636963696,0.3927392739273927
Qwen3-4B-Base,q4base,centre,journaliste,letdie1,fin de vie (suicide/letdie),2,False,1,,0.4032,0.35530285701837516,0.356479356544926,0.37582372098596006,0.48897689768976893,0.01980198019801982,0.72,0.231023102310231,0.2508250825082508
Qwen3-4B-Base,q4base,centre,journaliste,suicide1,fin de vie (suicide/letdie),2,False,1,,0.4902000000000001,0.3444542474049386,0.3455948243831006,0.35883192279624,0.3488778877887788,0.013201320132013167,0.57,0.2211221122112211,0.2343234323432343
Qwen3-4B-Base,q4base,centre,journaliste,suicide2,fin de vie (suicide/letdie),2,False,1,,0.4032,0.38231545926869925,0.38358140449806577,0.35530285701837516,0.022574257425742622,0.02640264026402639,0.72,0.7425742574257426,0.768976897689769
Qwen3-4B-Base,q4base,centre,journaliste,suicide3,fin de vie (suicide/letdie),2,False,1,,0.35420000000000007,0.3917263013430057,0.39302340830109506,0.3691577078499928,0.03732673267326732,0.023102310231023118,0.77,0.7326732673267327,0.7557755775577558
Qwen3-4B-Base,q4base,centre,journaliste,suicide4,fin de vie (suicide/letdie),2,False,1,,0.4902000000000001,0.4677101373503687,0.4692588464144427,0.4568615277369322,0.05706270627062712,0.019801980198019764,0.57,0.6270627062706271,0.6468646864686468
Qwen3-4B-Base,q4base,centre,journaliste,pornlaw,hors famille,3,False,1,,0.6142,0.4658802513914757,0.46742290123052027,0.49692295962269484,0.2037953795379538,0.03630363036303632,0.49,0.6171617161716172,0.6254125412541254
Qwen3-4B-Base,q4base,centre,journaliste,fair,hors famille,3,False,1,,0.6592,0.6374974131076475,0.6396083316940966,0.6399154766961845,0.20528052805280525,0.07590759075907594,,,
Qwen3-4B-Base,q4base,centre,journaliste,helpful,hors famille,3,False,1,,0.6592,0.6575825899421626,0.659760015736673,0.6467993333986866,0.10613861386138615,0.039603960396039584,,,
Qwen3-4B-Base,q4base,centre,journaliste,trust,hors famille,3,False,1,,0.6552,0.583864327026762,0.5857976526129434,0.6015096559160867,0.2445544554455446,0.04950495049504955,,,
Qwen3-4B-Base,q4base,centre,journaliste,tax,hors famille,3,False,1,,0.6018,0.4798658083630146,0.4814547679933557,0.4658366826781689,0.42036303630363037,0.016501650165016493,0.48,0.8052805280528053,0.8168316831683168
Qwen3-4B-Base,q4base,centre,journaliste,vote16,hors famille,3,False,1,,0.5271999999999999,0.5565903124965962,0.5584333267763862,0.5253515450554957,0.28105610561056105,0.03300330033003297,,,
Qwen3-4B-Base,q4base,centre,journaliste,pres16,hors famille,4,False,1,,0.6734,0.687252883704212,0.689528555504557,0.6970122754849744,0.10825082508250822,0.02970297029702971,,,
Qwen3-4B-Base,q4base,centre,journaliste,if16who,hors famille,3,False,1,,0.47419999999999995,0.6582361206417672,0.6604157104452166,0.6565805095361021,0.30676567656765674,0.013201320132013222,,,
Qwen3-4B-Base,q4base,centre,journaliste,news,hors famille,5,False,1,,0.7882,0.7172063741027568,0.7195812296461433,0.7338278382293675,0.21006600660066005,0.0363036303630363,,,
Qwen3-4B-Base,q4base,centre,journaliste,jew,hors famille,5,False,1,,0.7844,0.5021729895761853,0.5038358140449806,0.4101994357851628,0.4234653465346535,0.08580858085808578,,,
Qwen3-4B-Base,q4base,centre,journaliste,relig16*,hors famille,5,False,1,,0.7218,0.7645655654674379,0.7670972395252771,0.7664172357829843,0.20775577557755776,0.066006600660066,,,
Qwen3-4B-Base,q4base,centre,journaliste,jew16*,hors famille,5,False,1,,0.7802,0.468211177553399,0.46976154569099304,0.4040344628522259,0.41419141914191415,0.05610561056105612,,,
Qwen3-4B-Base,q4base,centre,journaliste,attend,hors famille,9,True,2,recopie du gabarit d'exemple de la relance,,,,,,,,,
Qwen3-4B-Base,q4base,centre,journaliste,pray,hors famille,6,False,1,,0.8102,0.8031674454574171,0.8058269403099251,0.8035813482338333,0.34336633663366334,0.02310231023102309,,,
Qwen3-4B-Base,q4base,centre,journaliste,postlife,hors famille,2,False,1,,0.47119999999999995,0.40653966386737683,0.40788582169475224,0.37251249877463,0.09617161716171618,0.03630363036303631,,,
Qwen3-4B-Base,q4base,centre,journaliste,bible,hors famille,3,False,1,,0.5512,0.6418107157250379,0.643935916770485,0.6228583254365041,0.2168316831683168,0.04290429042904287,,,
Qwen3-4B-Base,q4base,centre,journaliste,reborn,hors famille,3,False,1,,0.36719999999999997,0.648215316581163,0.6503617249142132,0.6462111557690423,0.33775577557755776,0.006600660066006597,,,
Qwen3-4B-Base,q4base,centre,journaliste,savesoul,hors famille,2,False,1,,0.4032,0.42026380855907375,0.42165541057417,0.4328987354180962,0.020330033003300274,0.01650165016501648,,,
Qwen3-4B-Base,q4base,centre,journaliste,granborn,hors famille,5,False,1,,0.7894,0.5946911522835452,0.596660328284484,0.6076746288490236,0.35198019801980196,0.023102310231023142,,,
Qwen3-4B-Base,q4base,centre,journaliste,uscitzn*,hors famille,2,False,1,,0.47119999999999995,0.0,0.0,0.006578875709353005,0.38,0.003300330033003265,,,
Qwen3-4B-Base,q4base,centre,journaliste,fucitzn,hors famille,5,False,1,,0.058600000000000096,0.0,0.0,0.019649489701445644,1.0,0.00990099009900996,,,
Qwen3-4B-Base,q4base,centre,journaliste,mnthsusa,hors famille,6,False,1,,0.8282,0.038819723556514196,0.03894826568749603,0.05167249398207141,0.8601980198019801,0.006600660066006585,,,
Qwen3-4B-Base,q4base,centre,journaliste,income,hors famille,12,True,2,recopie du gabarit d'exemple de la relance,,,,,,,,,
Qwen3-4B-Base,q4base,centre,journaliste,othlang,hors famille,2,False,1,,0.47119999999999995,0.35883192279624,0.36002010797106193,0.3517302225272032,0.3856765676567657,0.006600660066006583,,,
Qwen3-4B-Base,q4base,centre,journaliste,health,hors famille,4,False,1,,0.7,0.6039930725745842,0.6059930496360895,0.6069775294361119,0.23636963696369637,0.056105610561056105,,,
Qwen3-4B-Base,q4base,centre,journaliste,compuse*,hors famille,2,False,1,,0.29520000000000013,0.08212702458364629,0.08239896837365836,0.12900696010195056,0.13709570957095718,0.026402640264026393,,,
Qwen3-4B-Base,q4base,centre,journaliste,webmob,hors famille,2,False,1,,0.4032,0.032458691413695506,0.03256617052433688,0.06997135357100093,0.2634983498349836,0.01980198019801992,,,
Qwen3-4B-Base,q4base,centre,journaliste,xmovie,hors famille,2,False,1,,0.4032,0.4677101373503687,0.4692588464144427,0.4823056563082051,0.09293729372937287,0.03300330033003304,,,
Qwen3-4B-Base,q4base,centre,journaliste,usewww*,hors famille,2,False,1,,0.4032,0.032458691413695506,0.03256617052433688,0.038819723556514196,0.2634983498349836,0.003300330033003375,,,
Qwen3-4B-Base,q4base,centre,journaliste,life,hors famille,3,False,1,,0.6112,0.5185548257796078,0.5202718947391428,0.5158317811979217,0.12079207920792075,0.03960396039603964,,,
Qwen3-4B-Base,q4base,centre,journaliste,richwork,hors famille,2,False,1,,0.4351999999999999,0.47097779084839186,0.4725373199571613,0.47838447211057744,0.05953795379537957,0.01650165016501648,,,
Qwen3-4B-Base,q4base,centre,adversaire,natspac/y,depenses publiques (nat*),3,False,1,,0.6026,0.5941683277238615,0.596135772517649,0.607696413205677,0.05508250825082507,0.04620462046204621,0.5,0.5528052805280528,0.5808580858085808
Qwen3-4B-Base,q4base,centre,adversaire,natenvir/y,depenses publiques (nat*),3,False,1,,0.6142,0.4427452646254725,0.44421130854807334,0.46352754087289916,0.4762706270627063,0.033003300330032986,0.51,0.17656765676567654,0.18646864686468645
Qwen3-4B-Base,q4base,centre,adversaire,natheal/y,depenses publiques (nat*),3,False,1,,0.6112,0.4368199196157241,0.43826634319061053,0.3936868934418194,0.41306930693069305,0.06600660066006604,0.46,0.16336633663366334,0.14356435643564355
Qwen3-4B-Base,q4base,centre,adversaire,natcity/y,depenses publiques (nat*),3,False,1,,0.6552,0.6171072552799834,0.619150656787533,0.641767147011731,0.0948514851485149,0.05280528052805285,0.51,0.5082508250825082,0.504950495049505
Qwen3-4B-Base,q4base,centre,adversaire,natdrug/y,depenses publiques (nat*),3,False,1,,0.6112,0.5409273600627389,0.5427185102616221,0.5376379222080623,0.27775577557755776,0.0033003300330033195,0.46,0.2524752475247525,0.24917491749174916
Qwen3-4B-Base,q4base,centre,adversaire,nateduc/y,depenses publiques (nat*),3,False,1,,0.6552,0.46065200579463894,0.46217734356217083,0.4717184589746103,0.4064686468646864,0.013201320132013167,0.51,0.18646864686468645,0.19306930693069305
Qwen3-4B-Base,q4base,centre,adversaire,natrace/y,depenses publiques (nat*),3,False,1,,0.6552,0.631746342951127,0.6338382182589121,0.6239039745558715,0.10198019801980192,0.019801980198019806,0.51,0.429042904290429,0.41254125412541254
Qwen3-4B-Base,q4base,centre,adversaire,natarms/y,depenses publiques (nat*),3,False,1,,0.6026,0.6169111960701021,0.61895394837497,0.6195906719384809,0.07033003300330035,0.006600660066006611,0.5,0.44719471947194717,0.45214521452145207
Qwen3-4B-Base,q4base,centre,adversaire,nataid/y,depenses publiques (nat*),3,False,1,,0.6142,0.39451469899465197,0.3958210390575481,0.4076070973433976,0.4925742574257426,0.01650165016501648,0.51,0.858085808580858,0.8465346534653465
Qwen3-4B-Base,q4base,centre,adversaire,natfare/y,depenses publiques (nat*),3,False,1,,0.6552,0.40745460684682333,0.40880379428671343,0.39473254256118684,0.4592739273927392,0.00990099009900991,0.51,0.15676567656765675,0.1485148514851485
Qwen3-4B-Base,q4base,centre,adversaire,natroad,depenses publiques (nat*),3,False,1,,0.6142,0.5754337810018627,0.5773391908727298,0.5910313803657594,0.19574257425742575,0.046204620462046195,0.51,0.33168316831683164,0.32838283828382836
Qwen3-4B-Base,q4base,centre,adversaire,natsoc,depenses publiques (nat*),3,False,1,,0.6112,0.46378895315274105,0.4653246781631805,0.4593449443954296,0.3734653465346535,0.03630363036303631,0.46,0.1815181518151815,0.17986798679867982
Qwen3-4B-Base,q4base,centre,adversaire,natmass,depenses publiques (nat*),3,False,1,,0.6026,0.5503164177803919,0.5521386575743666,0.5643019747519307,0.130990099009901,0.046204620462046195,0.5,0.38943894389438943,0.36303630363036304
Qwen3-4B-Base,q4base,centre,adversaire,natpark,depenses publiques (nat*),3,False,1,,0.6112,0.43642780119596125,0.43787292636548425,0.48993018113692566,0.19287128712871288,0.05940594059405936,0.46,0.4158415841584158,0.3927392739273927
Qwen3-4B-Base,q4base,centre,adversaire,natchld,depenses publiques (nat*),3,False,1,,0.6112,0.5512313607598384,0.5530566301663279,0.5430840113714341,0.2282508250825083,0.0363036303630363,0.46,0.2755775577557755,0.25742574257425743
Qwen3-4B-Base,q4base,centre,adversaire,natsci,depenses publiques (nat*),3,False,1,,0.6552,0.5196004748989751,0.5213210062728127,0.5534751494951475,0.22739273927392736,0.03630363036303631,0.51,0.3795379537953795,0.3910891089108911
Qwen3-4B-Base,q4base,centre,adversaire,natenrgy,depenses publiques (nat*),3,False,1,,0.6112,0.5766537049744579,0.5785631543286779,0.5809016545218879,0.19194719471947191,0.029702970297029722,0.46,0.3085808580858086,0.3036303630363036
Qwen3-4B-Base,q4base,centre,adversaire,uswary,hors famille,2,False,1,,0.21120000000000005,0.4940692089010881,0.49570519965903864,0.4869239399187444,0.4344554455445545,0.02640264026402639,,,
Qwen3-4B-Base,q4base,centre,adversaire,prayer,hors famille,2,False,1,,0.4949999999999999,0.4624818917535317,0.46401328874609304,0.47254626452744286,0.18696369636963703,0.01980198019801982,0.55,0.363036303630363,0.3828382838283828
Qwen3-4B-Base,q4base,centre,adversaire,courts,hors famille,3,False,1,,0.6126,0.5815551852214924,0.5834808646427556,0.5920988138417802,0.2712541254125413,0.016501650165016507,0.53,0.7062706270627063,0.693069306930693
Qwen3-4B-Base,q4base,centre,adversaire,discaffw,hors famille,4,False,1,,0.7202000000000001,0.6964023134986767,0.6987082814241689,0.6857933318084284,0.24075907590759074,0.03300330033003298,0.6099999999999999,0.45214521452145207,0.4279427942794279
Qwen3-4B-Base,q4base,centre,adversaire,discaffm,hors famille,4,False,1,,0.7202000000000001,0.690825518195384,0.6931130199112626,0.6920672265246327,0.06914191419141917,0.036303630363036306,0.39,0.36853685368536854,0.38833883388338836
Qwen3-4B-Base,q4base,centre,adversaire,fehire,roles de genre (fe*),5,False,1,,0.7902,0.7300155758150073,0.7324328459336,0.7365073140977465,0.251980198019802,0.013201320132013188,0.5449999999999999,0.4216171617161716,0.42409240924092406
Qwen3-4B-Base,q4base,centre,adversaire,fechld,roles de genre (fe*),4,False,1,,0.7192,0.6313542245313641,0.6334448014337858,0.6357110958620615,0.35848184818481843,0.0396039603960396,0.5466666666666666,0.2926292629262926,0.27722772277227714
Qwen3-4B-Base,q4base,centre,adversaire,fepresch,roles de genre (fe*),4,False,1,,0.7174,0.6070646668627259,0.6090748147662448,0.6510037142328093,0.18115511551155122,0.0627062706270627,0.39666666666666667,0.3432343234323433,0.34543454345434543
Qwen3-4B-Base,q4base,centre,adversaire,fefam,roles de genre (fe*),4,False,1,,0.7174,0.6642921717914366,0.6664918147443883,0.6799769085819474,0.10627062706270626,0.033003300330032986,0.39666666666666667,0.37073707370737075,0.3883388338833883
Qwen3-4B-Base,q4base,centre,adversaire,fepol,roles de genre (fe*),2,False,1,,0.4351999999999999,0.3657593482120489,0.3669704718816252,0.4149048568223159,0.07907590759075905,0.05280528052805278,0.32,0.2409240924092409,0.2937293729372937
Qwen3-4B-Base,q4base,centre,adversaire,mobile16,hors famille,3,False,1,,0.635,0.6585411016349161,0.6607217013092038,0.6616780489930182,0.07722772277227724,0.016501650165016507,,,
Qwen3-4B-Base,q4base,centre,adversaire,incom16,hors famille,5,False,1,,0.7678,0.6481063947978956,0.6502524424627892,0.6563408816129138,0.18577557755775576,0.029702970297029736,,,
Qwen3-4B-Base,q4base,centre,adversaire,dwelown16,hors famille,3,False,1,,0.5549999999999999,0.4713263405548477,0.472887023801718,0.4760753303053079,0.4067656765676567,0.013201320132013201,,,
Qwen3-4B-Base,q4base,centre,adversaire,divorced,hors famille,2,False,1,,0.3317999999999999,0.40937163023233025,0.410727165431775,0.41216002788397654,0.07712871287128716,0.003300330033003257,,,
Qwen3-4B-Base,q4base,centre,adversaire,posslq/y,hors famille,4,False,1,,0.7282,0.6762735679508546,0.6785128844010229,0.6660567046803691,0.11917491749174913,0.0231023102310231,,,
Qwen3-4B-Base,q4base,centre,adversaire,wrkstat,hors famille,8,True,2,recopie du gabarit d'exemple de la relance,,,,,,,,,
Qwen3-4B-Base,q4base,centre,adversaire,evwork,hors famille,2,False,1,,0.47119999999999995,0.19923972595279338,0.19989946014469004,0.20939123615331834,0.26778877887788777,0.00660066006600659,,,
Qwen3-4B-Base,q4base,centre,adversaire,wrkgovt1,hors famille,2,False,1,,0.4032,0.2575346643575247,0.258387428146788,0.2575346643575247,0.12818481848184826,0.0,,,
Qwen3-4B-Base,q4base,centre,adversaire,wrkgovt2,hors famille,2,False,1,,0.47119999999999995,0.48583472208607004,0.4874434463313881,0.48897166944417225,0.035841584158415846,0.009900990099009882,,,
Qwen3-4B-Base,q4base,centre,adversaire,partfull,hors famille,3,False,1,,0.6422,0.6335762289100197,0.6356741634428343,0.6244921521855156,0.25528052805280527,0.029702970297029715,,,
Qwen3-4B-Base,q4base,centre,adversaire,wksub1,hors famille,3,False,1,,0.6112,0.643379189404089,0.6455095840709899,0.622945462863118,0.30877887788778874,0.04620462046204621,,,
Qwen3-4B-Base,q4base,centre,adversaire,wksup1,hors famille,3,False,1,,0.5271999999999999,0.6232504438562669,0.6253141870478439,0.6182400418259648,0.338943894389439,0.009900990099009868,,,
Qwen3-4B-Base,q4base,centre,adversaire,conarmy,confiance dans les institutions (con*),3,False,1,,0.6142,0.5893539849034408,0.5913054881647104,0.5841693080199111,0.24524752475247524,0.04290429042904289,0.49,0.6831683168316831,0.6716171617161716
Qwen3-4B-Base,q4base,centre,adversaire,conbus,confiance dans les institutions (con*),3,False,1,,0.6142,0.5544990142578614,0.5563351037090464,0.5287499046934396,0.11118811881188116,0.029702970297029695,0.49,0.41254125412541254,0.4075907590759076
Qwen3-4B-Base,q4base,centre,adversaire,conclerg,confiance dans les institutions (con*),3,False,1,,0.6142,0.5701837510483723,0.5720717767140953,0.572362186713721,0.25495049504950495,0.08250825082508254,0.49,0.2904290429042904,0.33168316831683164
Qwen3-4B-Base,q4base,centre,adversaire,coneduc,confiance dans les institutions (con*),3,False,1,,0.625,0.5541722489080592,0.5560072563547745,0.5477022949819735,0.10396039603960397,0.009900990099009896,0.5,0.4636963696369637,0.457095709570957
Qwen3-4B-Base,q4base,centre,adversaire,confed,confiance dans les institutions (con*),3,False,1,,0.6142,0.5904432027361153,0.59239831267895,0.5975666873618055,0.15594059405940597,0.026402640264026396,0.51,0.6468646864686468,0.6254125412541254
Qwen3-4B-Base,q4base,centre,adversaire,confinan,confiance dans les institutions (con*),3,False,1,,0.6142,0.5814244790815715,0.5833497257010468,0.5783746691500833,0.05095709570957099,0.009900990099009882,0.49,0.4834983498349835,0.4752475247524752
Qwen3-4B-Base,q4base,centre,adversaire,conjudge,confiance dans les institutions (con*),3,False,1,,0.6142,0.6028820703852563,0.6048783686315651,0.5913145770022548,0.07013201320132012,0.019801980198019764,0.49,0.42079207920792083,0.4207920792079207
Qwen3-4B-Base,q4base,centre,adversaire,conlabor,confiance dans les institutions (con*),3,False,1,,0.6142,0.5342395625701185,0.5360085677441917,0.550316417780392,0.11036303630363035,0.026402640264026403,0.51,0.5066006600660066,0.523102310231023
Qwen3-4B-Base,q4base,centre,adversaire,conlegis,confiance dans les institutions (con*),3,False,1,,0.6142,0.5809016545218879,0.582825169934212,0.5550436231741988,0.22524752475247528,0.06930693069306929,,,
Qwen3-4B-Base,q4base,centre,adversaire,conmedic,confiance dans les institutions (con*),3,False,1,,0.6142,0.5768497641843393,0.578759862741241,0.5923602261216221,0.13778877887788776,0.05280528052805284,0.51,0.3795379537953795,0.3564356435643564
Qwen3-4B-Base,q4base,centre,adversaire,conpress,confiance dans les institutions (con*),3,False,1,,0.625,0.5640405624720889,0.5659082464537845,0.5764140770512696,0.19554455445544555,0.016501650165016493,0.5,0.6864686468646863,0.6732673267326732
Qwen3-4B-Base,q4base,centre,adversaire,consci,confiance dans les institutions (con*),3,False,1,,0.6142,0.5888747290570643,0.5908246453784453,0.5823394220610181,0.21554455445544554,0.033003300330033,0.51,0.33003300330033,0.3399339933993399
Qwen3-4B-Base,q4base,centre,adversaire,contv,confiance dans les institutions (con*),3,False,1,,0.6142,0.570532300754828,0.5724214805586518,0.5827315404807808,0.17904290429042904,0.01650165016501655,,,
Qwen3-4B-Base,q4base,centre,adversaire,joblose,hors famille,5,False,1,,0.7882,0.6558616257665371,0.6580333530041745,0.6545763487239813,0.33877887788778877,0.013201320132013201,,,
Qwen3-4B-Base,q4base,centre,adversaire,jobfind,hors famille,4,False,1,,0.6849999999999999,0.6965765883519046,0.6988831333464472,0.6881242579703516,0.33564356435643566,0.013201320132013195,,,
Qwen3-4B-Base,q4base,centre,adversaire,happy,hors famille,3,False,1,,0.5512,0.5862606062586457,0.5882018665442703,0.5736692481129302,0.131023102310231,0.04620462046204621,,,
Qwen3-4B-Base,q4base,centre,adversaire,hapmar,hors famille,4,False,1,,0.655,0.5918156172052849,0.5937752715668917,0.5968695879488939,0.4808580858085809,0.02640264026402642,,,
Qwen3-4B-Base,q4base,centre,adversaire,satjob,hors famille,5,False,1,,0.7249999999999999,0.684791251402368,0.6870587721023758,0.7011730876057904,0.3922442244224423,0.059405940594059424,,,
Qwen3-4B-Base,q4base,centre,adversaire,spdeg*,hors famille,6,False,1,,0.8182,0.6667538040932806,0.6689615981465695,0.6568854905292509,0.4181518151815182,0.026402640264026365,,,
Qwen3-4B-Base,q4base,centre,adversaire,spjew,hors famille,5,False,1,,0.7874,0.4401093574704006,0.4415666732236138,0.428999335577122,0.502970297029703,0.052805280528052834,,,
Qwen3-4B-Base,q4base,centre,adversaire,spfund,hors famille,4,False,1,,0.5102,0.44372556067487945,0.4451948506108889,0.44004400440044,0.693069306930693,0.016501650165016545,,,
Qwen3-4B-Base,q4base,centre,adversaire,unemp,hors famille,2,False,1,,0.21120000000000005,0.47838447211057744,0.4799685266539899,0.49171649838251164,0.27603960396039606,0.03960396039603961,,,
Qwen3-4B-Base,q4base,centre,adversaire,union1,hors famille,4,False,1,,0.6602,0.1669553093923255,0.1675081415426312,0.20106961191168615,0.41089108910891087,0.01980198019801975,,,
Qwen3-4B-Base,q4base,centre,adversaire,spkath/y,libertes civiles (spk/col/lib),2,False,1,,0.47119999999999995,0.35530285701837516,0.356479356544926,0.37582372098596006,0.148976897689769,0.01980198019801982,0.38,0.231023102310231,0.2508250825082508
Qwen3-4B-Base,q4base,centre,adversaire,colath,libertes civiles (spk/col/lib),2,False,1,,0.4992,0.3917263013430057,0.39302340830109506,0.4228779313574922,0.21267326732673267,0.0363036303630363,0.48,0.2673267326732673,0.3036303630363036
Qwen3-4B-Base,q4base,centre,adversaire,spkrac/y,libertes civiles (spk/col/lib),2,False,1,,0.4992,0.497598274678953,0.49924595108517467,0.4990796109313902,0.0546534653465347,0.013201320132013222,,,
Qwen3-4B-Base,q4base,centre,adversaire,colrac,libertes civiles (spk/col/lib),2,False,1,,0.4351999999999999,0.4487577470618349,0.4502436998666754,0.4466228801097931,0.019933993399339933,0.0033003300330033125,,,
Qwen3-4B-Base,q4base,centre,adversaire,librac/y,libertes civiles (spk/col/lib),2,False,1,,0.4351999999999999,0.4954198390136044,0.49706030205669577,0.4965961942728927,0.13214521452145217,0.0066006600660065695,,,
Qwen3-4B-Base,q4base,centre,adversaire,spkcom/y,libertes civiles (spk/col/lib),2,False,1,,0.4992,0.4508490453005697,0.45234192293401526,0.4352950146499799,0.13676567656765673,0.023102310231023132,0.48,0.3432343234323432,0.3201320132013201
Qwen3-4B-Base,q4base,centre,adversaire,colcom/y,libertes civiles (spk/col/lib),2,False,1,,0.4351999999999999,0.4568615277369322,0.4583743142526174,0.4444444444444444,0.033135313531353155,0.019801980198019792,0.32,0.3531353135313531,0.3333333333333333
Qwen3-4B-Base,q4base,centre,adversaire,libcom/y,libertes civiles (spk/col/lib),2,False,1,,0.4351999999999999,0.4036641287891165,0.4050007649771599,0.4228779313574922,0.0394719471947195,0.023102310231023132,0.32,0.2805280528052805,0.3036303630363036
Qwen3-4B-Base,q4base,centre,adversaire,spkhomo/y,libertes civiles (spk/col/lib),2,False,1,,0.4992,0.15140127874173537,0.15190260747929077,0.16773954623185094,0.39749174917491753,0.009900990099009965,0.48,0.0825082508250825,0.0924092409240924
Qwen3-4B-Base,q4base,centre,adversaire,colhomo,libertes civiles (spk/col/lib),2,False,1,,0.4992,0.1458680521517497,0.14635105894695416,0.16233702578178622,0.4007920792079208,0.009900990099009965,0.48,0.0792079207920792,0.0891089108910891
Qwen3-4B-Base,q4base,centre,adversaire,libhomo/y,libertes civiles (spk/col/lib),2,False,1,,0.4351999999999999,0.25291638074698564,0.2537538522064127,0.29713862475356434,0.17148514851485147,0.03300330033003297,0.32,0.1485148514851485,0.1815181518151815
Qwen3-4B-Base,q4base,centre,adversaire,cappun,hors famille,2,False,1,,0.4949999999999999,0.42026380855907375,0.42165541057417,0.4228779313574922,0.24966996699669972,0.0033003300330033125,0.45,0.6996699669966997,0.6963696369636964
Qwen3-4B-Base,q4base,centre,adversaire,polhitok/y,hors famille,2,False,1,,0.3317999999999999,0.4810421636223028,0.4826350184687342,0.4835255802808004,0.3873597359735974,0.006600660066006597,0.21,0.5973597359735974,0.5907590759075908
Qwen3-4B-Base,q4base,centre,adversaire,polabuse/y,hors famille,2,False,1,,0.4032,0.11754838850221683,0.11793762157672746,0.14029125684845734,0.21729372937293728,0.013201320132013222,0.28,0.0627062706270627,0.0759075907590759
Qwen3-4B-Base,q4base,centre,adversaire,polattak/y,hors famille,2,False,1,,0.4351999999999999,0.46065200579463883,0.4621773435621707,0.4487577470618349,0.3202640264026403,0.01980198019801982,0.32,0.6402640264026402,0.6600660066006601
Qwen3-4B-Base,q4base,centre,adversaire,grass,hors famille,2,False,1,,0.4992,0.38863292269821037,0.38991978668065475,0.37251249877463,0.21597359735973598,0.016501650165016493,0.48,0.264026402640264,0.2475247524752475
Qwen3-4B-Base,q4base,centre,adversaire,gunlaw,hors famille,2,False,1,,0.4351999999999999,0.4568615277369322,0.4583743142526174,0.4466228801097931,0.32686468646864686,0.016501650165016535,0.68,0.3531353135313531,0.3366336633663366
Qwen3-4B-Base,q4base,centre,adversaire,owngun,hors famille,2,False,1,,0.3317999999999999,0.40074502499754927,0.40207199527899806,0.41216002788397654,0.06722772277227725,0.013201320132013167,,,
Qwen3-4B-Base,q4base,centre,adversaire,hunt1,hors famille,4,False,1,,0.6881999999999999,0.19009029615832873,0.19071973422507815,0.21799605703144576,0.4476897689768977,0.016501650165016493,,,
Qwen3-4B-Base,q4base,centre,adversaire,class,hors famille,4,False,1,,0.6901999999999999,0.672265246326613,0.6744912901886216,0.656972627955865,0.2935643564356436,0.0627062706270627,,,
Qwen3-4B-Base,q4base,centre,adversaire,satfin,hors famille,3,False,1,,0.6272,0.6575825899421626,0.659760015736673,0.6497402215469072,0.11023102310231025,0.04950495049504949,,,
Qwen3-4B-Base,q4base,centre,adversaire,finalter,hors famille,3,False,1,,0.625,0.6313106558180572,0.6334010884532163,0.6456665468527052,0.027227722772277252,0.04950495049504948,,,
Qwen3-4B-Base,q4base,centre,adversaire,finrela,hors famille,5,False,1,,0.7678,0.6935485627770698,0.6958450811968613,0.7175549238092127,0.15488448844884484,0.10891089108910894,,,
Qwen3-4B-Base,q4base,centre,adversaire,racdif1,hors famille,2,False,1,,0.4351999999999999,0.4997331416309948,0.5013878871330841,0.4997331416309948,0.1684488448844885,0.0,0.68,0.5115511551155115,0.5115511551155115
Qwen3-4B-Base,q4base,centre,adversaire,racdif2,hors famille,2,False,1,,0.375,0.1346708928318574,0.13511682294057215,0.1458680521517497,0.1773927392739274,0.006600660066006583,0.25,0.0726072607260726,0.0792079207920792
Qwen3-4B-Base,q4base,centre,adversaire,racdif3,hors famille,2,False,1,,0.4949999999999999,0.4869239399187444,0.4885362708456276,0.492544303935344,0.030858085808580876,0.01980198019801982,0.55,0.5808580858085809,0.5610561056105611
Qwen3-4B-Base,q4base,centre,adversaire,racdif4,hors famille,2,False,1,,0.4351999999999999,0.4279754708144081,0.4293926081349856,0.4328987354180962,0.009768976897689768,0.0066006600660065695,0.32,0.3102310231023102,0.3168316831683168
Qwen3-4B-Base,q4base,centre,adversaire,wlthwhts,hors famille,7,True,2,recopie du gabarit d'exemple de la relance,,,,,,,,,
Qwen3-4B-Base,q4base,centre,adversaire,wlthblks,hors famille,7,True,2,recopie du gabarit d'exemple de la relance,,,,,,,,,
Qwen3-4B-Base,q4base,centre,adversaire,wlthhsps,hors famille,7,True,2,recopie du gabarit d'exemple de la relance,,,,,,,,,
Qwen3-4B-Base,q4base,centre,adversaire,racwork,hors famille,7,True,2,recopie du gabarit d'exemple de la relance,,,,,,,,,
Qwen3-4B-Base,q4base,centre,adversaire,letin1a,hors famille,5,False,1,,0.7682,0.7041357601106646,0.7064673354752694,0.701064165822523,0.18118811881188115,0.029702970297029726,0.5325,0.6443894389438943,0.6402640264026402
Qwen3-4B-Base,q4base,centre,adversaire,getahead,hors famille,3,False,1,,0.6422,0.5466566458626061,0.548466767206522,0.5377686283479832,0.17059405940594058,0.023102310231023142,0.545,0.6749174917491749,0.6666666666666666
Qwen3-4B-Base,q4base,centre,adversaire,aged,hors famille,3,False,1,,0.6552,0.5147207790085939,0.5164251524490197,0.487577470618349,0.21419141914191417,0.029702970297029736,,,
Qwen3-4B-Base,q4base,centre,adversaire,parsol,hors famille,5,False,1,,0.7678,0.7637595442712588,0.7662885493847397,0.7754577437941814,0.06584158415841586,0.07260726072607263,,,
Qwen3-4B-Base,q4base,centre,adversaire,kidssol,hors famille,6,False,1,,0.8182,0.8080907100611052,0.8107665071142877,0.8075678855014214,0.22046204620462045,0.0627062706270627,,,
Qwen3-4B-Base,q4base,centre,adversaire,spanking,hors famille,4,False,1,,0.721,0.7247873302181704,0.7271872882652504,0.7199294186844427,0.20115511551155119,0.03960396039603961,0.38666666666666666,0.5192519251925193,0.5269526952695269
Qwen3-4B-Base,q4base,centre,adversaire,divlaw,hors famille,3,False,1,,0.6552,0.6126632465226722,0.614691932769436,0.622139441666939,0.1481848184818481,0.016501650165016493,0.51,0.38778877887788776,0.3976897689768977
Qwen3-4B-Base,q4base,centre,adversaire,sexeduc,hors famille,2,False,1,,0.4949999999999999,0.2291714319946847,0.2299302777959916,0.18368569530220347,0.417986798679868,0.029702970297029715,0.55,0.132013201320132,0.1023102310231023
Qwen3-4B-Base,q4base,centre,adversaire,pillok,hors famille,4,False,1,,0.721,0.6929821695040792,0.6952768124494569,0.6943327996165953,0.3595709570957096,0.006600660066006583,0.6133333333333333,0.3784378437843784,0.38283828382838275
Qwen3-4B-Base,q4base,centre,adversaire,xmarsex,hors famille,4,False,1,,0.721,0.5532355215719593,0.5550674272725287,0.5933187378143756,0.5004620462046204,0.06930693069306927,0.38666666666666666,0.7986798679867987,0.781078107810781
Qwen3-4B-Base,q4base,centre,adversaire,homosex,hors famille,4,False,1,,0.721,0.5965863913123987,0.5985618429392608,0.5882211983574595,0.371980198019802,0.03300330033003304,0.38666666666666666,0.3157315731573157,0.2992299229922992
Qwen3-4B-Base,q4base,centre,adversaire,marhomo,hors famille,5,False,1,,0.7852,0.6934614253504559,0.6957576552357222,0.6914572645383351,0.39996699669966995,0.03630363036303631,0.5700000000000001,0.2863036303630363,0.2838283828382838
Qwen3-4B-Base,q4base,centre,adversaire,discaff,hors famille,3,False,1,,0.5783999999999999,0.5802045551089763,0.5821257622450987,0.5912274395756407,0.08244224422442245,0.02640264026402643,0.29000000000000004,0.30693069306930687,0.3135313531353135
Qwen3-4B-Base,q4base,centre,adversaire,abdefect,avortement (ab*),2,False,1,,0.4992,0.2575346643575247,0.258387428146788,0.2755721116666122,0.3281848184818482,0.013201320132013222,0.48,0.1518151815181518,0.165016501650165
Qwen3-4B-Base,q4base,centre,adversaire,abnomore,avortement (ab*),2,False,1,,0.4992,0.4279754708144081,0.4293926081349856,0.47973510222309357,0.16976897689768977,0.08910891089108908,0.48,0.3102310231023102,0.3993399339933993
Qwen3-4B-Base,q4base,centre,adversaire,abhlth,avortement (ab*),2,False,1,,0.4992,0.12900696010195056,0.12943413546652655,0.12900696010195056,0.4106930693069307,0.0,0.48,0.0693069306930693,0.0693069306930693
Qwen3-4B-Base,q4base,centre,adversaire,abpoor,avortement (ab*),2,False,1,,0.4992,0.4149048568223159,0.41627871396411165,0.4508490453005697,0.18627062706270628,0.04950495049504955,0.48,0.2937293729372937,0.3432343234323432
Qwen3-4B-Base,q4base,centre,adversaire,abrape,avortement (ab*),2,False,1,,0.4992,0.16773954623185094,0.16829497519288356,0.17309849796860877,0.38759075907590756,0.0033003300330033195,0.48,0.0924092409240924,0.0957095709570957
Qwen3-4B-Base,q4base,centre,adversaire,absingle,avortement (ab*),2,False,1,,0.4992,0.4549009356381183,0.4564072301269862,0.4879695890381117,0.13016501650165016,0.0726072607260726,0.48,0.3498349834983498,0.4224422442244224
Qwen3-4B-Base,q4base,centre,adversaire,abany,avortement (ab*),2,False,1,,0.4949999999999999,0.46601095753139676,0.4675540401722292,0.4769902732847542,0.18036303630363038,0.023102310231023077,0.55,0.3696369636963696,0.3927392739273927
Qwen3-4B-Base,q4base,centre,adversaire,letdie1,fin de vie (suicide/letdie),2,False,1,,0.4351999999999999,0.35530285701837516,0.356479356544926,0.37582372098596006,0.448976897689769,0.01980198019801982,0.68,0.231023102310231,0.2508250825082508
Qwen3-4B-Base,q4base,centre,adversaire,suicide1,fin de vie (suicide/letdie),2,False,1,,0.4902000000000001,0.3444542474049386,0.3455948243831006,0.35883192279624,0.3488778877887788,0.013201320132013167,0.57,0.2211221122112211,0.2343234323432343
Qwen3-4B-Base,q4base,centre,adversaire,suicide2,fin de vie (suicide/letdie),2,False,1,,0.4351999999999999,0.38231545926869925,0.38358140449806577,0.35530285701837516,0.06257425742574257,0.02640264026402639,0.68,0.7425742574257426,0.768976897689769
Qwen3-4B-Base,q4base,centre,adversaire,suicide3,fin de vie (suicide/letdie),2,False,1,,0.4351999999999999,0.3917263013430057,0.39302340830109506,0.3691577078499928,0.052673267326732665,0.023102310231023118,0.68,0.7326732673267327,0.7557755775577558
Qwen3-4B-Base,q4base,centre,adversaire,suicide4,fin de vie (suicide/letdie),2,False,1,,0.4949999999999999,0.4677101373503687,0.4692588464144427,0.4568615277369322,0.07706270627062708,0.019801980198019764,0.55,0.6270627062706271,0.6468646864686468
Qwen3-4B-Base,q4base,centre,adversaire,pornlaw,hors famille,3,False,1,,0.645,0.4658802513914757,0.46742290123052027,0.49692295962269484,0.2537953795379538,0.03630363036303632,0.475,0.6171617161716172,0.6254125412541254
Qwen3-4B-Base,q4base,centre,adversaire,fair,hors famille,3,False,1,,0.6592,0.6374974131076475,0.6396083316940966,0.6399154766961845,0.20528052805280525,0.07590759075907594,,,
Qwen3-4B-Base,q4base,centre,adversaire,helpful,hors famille,3,False,1,,0.6592,0.6575825899421626,0.659760015736673,0.6467993333986866,0.10613861386138615,0.039603960396039584,,,
Qwen3-4B-Base,q4base,centre,adversaire,trust,hors famille,3,False,1,,0.6552,0.583864327026762,0.5857976526129434,0.6015096559160867,0.2445544554455446,0.04950495049504955,,,
Qwen3-4B-Base,q4base,centre,adversaire,tax,hors famille,3,False,1,,0.6026,0.4798658083630146,0.4814547679933557,0.4658366826781689,0.40036303630363035,0.016501650165016493,0.5,0.8052805280528053,0.8168316831683168
Qwen3-4B-Base,q4base,centre,adversaire,vote16,hors famille,3,False,1,,0.6112,0.5565903124965962,0.5584333267763862,0.5253515450554957,0.2810561056105611,0.03300330033003297,,,
Qwen3-4B-Base,q4base,centre,adversaire,pres16,hors famille,4,False,1,,0.655,0.687252883704212,0.689528555504557,0.6970122754849744,0.10825082508250825,0.02970297029702971,,,
Qwen3-4B-Base,q4base,centre,adversaire,if16who,hors famille,3,False,1,,0.645,0.6582361206417672,0.6604157104452166,0.6565805095361021,0.14273927392739275,0.013201320132013222,,,
Qwen3-4B-Base,q4base,centre,adversaire,news,hors famille,5,False,1,,0.7918000000000001,0.7172063741027568,0.7195812296461433,0.7338278382293675,0.22224422442244224,0.0363036303630363,,,
Qwen3-4B-Base,q4base,centre,adversaire,jew,hors famille,5,False,1,,0.7802,0.5021729895761853,0.5038358140449806,0.4101994357851628,0.4141914191419142,0.08580858085808578,,,
Qwen3-4B-Base,q4base,centre,adversaire,relig16*,hors famille,5,False,1,,0.775,0.7645655654674379,0.7670972395252771,0.7664172357829843,0.22145214521452145,0.066006600660066,,,
Qwen3-4B-Base,q4base,centre,adversaire,jew16*,hors famille,5,False,1,,0.7802,0.468211177553399,0.46976154569099304,0.4040344628522259,0.41419141914191415,0.05610561056105612,,,
Qwen3-4B-Base,q4base,centre,adversaire,attend,hors famille,9,False,1,,0.8812,0.6971865503382022,0.6994951150744213,0.7097125554139574,0.4532673267326732,0.0495049504950495,,,
Qwen3-4B-Base,q4base,centre,adversaire,pray,hors famille,6,False,1,,0.8194,0.8031674454574171,0.8058269403099251,0.8035813482338333,0.29336633663366335,0.02310231023102309,,,
Qwen3-4B-Base,q4base,centre,adversaire,postlife,hors famille,2,False,1,,0.47119999999999995,0.40653966386737683,0.40788582169475224,0.37251249877463,0.09617161716171618,0.03630363036303631,,,
Qwen3-4B-Base,q4base,centre,adversaire,bible,hors famille,3,False,1,,0.5512,0.6418107157250379,0.643935916770485,0.6228583254365041,0.2168316831683168,0.04290429042904287,,,
Qwen3-4B-Base,q4base,centre,adversaire,reborn,hors famille,3,False,1,,0.4062,0.648215316581163,0.6503617249142132,0.6462111557690423,0.30775577557755773,0.006600660066006597,,,
Qwen3-4B-Base,q4base,centre,adversaire,savesoul,hors famille,2,False,1,,0.4351999999999999,0.42026380855907375,0.42165541057417,0.4328987354180962,0.019669966996699678,0.01650165016501648,,,
Qwen3-4B-Base,q4base,centre,adversaire,granborn,hors famille,5,False,1,,0.775,0.5946911522835452,0.596660328284484,0.6076746288490236,0.45198019801980194,0.023102310231023142,,,
Qwen3-4B-Base,q4base,centre,adversaire,uscitzn*,hors famille,2,False,1,,0.4949999999999999,0.0,0.0,0.006578875709353005,0.55,0.003300330033003265,,,
Qwen3-4B-Base,q4base,centre,adversaire,fucitzn,hors famille,5,False,1,,0.058600000000000096,0.0,0.0,0.019649489701445644,1.0,0.00990099009900996,,,
Qwen3-4B-Base,q4base,centre,adversaire,mnthsusa,hors famille,6,False,1,,0.8282,0.038819723556514196,0.03894826568749603,0.05167249398207141,0.8601980198019801,0.006600660066006585,,,
Qwen3-4B-Base,q4base,centre,adversaire,income,hors famille,12,True,2,recopie du gabarit d'exemple de la relance,,,,,,,,,
Qwen3-4B-Base,q4base,centre,adversaire,othlang,hors famille,2,False,1,,0.47119999999999995,0.35883192279624,0.36002010797106193,0.3517302225272032,0.3856765676567657,0.006600660066006583,,,
Qwen3-4B-Base,q4base,centre,adversaire,health,hors famille,4,False,1,,0.7,0.6039930725745842,0.6059930496360895,0.6069775294361119,0.23636963696369637,0.056105610561056105,,,
Qwen3-4B-Base,q4base,centre,adversaire,compuse*,hors famille,2,False,1,,0.29520000000000013,0.08212702458364629,0.08239896837365836,0.12900696010195056,0.13709570957095718,0.026402640264026393,,,
Qwen3-4B-Base,q4base,centre,adversaire,webmob,hors famille,2,False,1,,0.4032,0.032458691413695506,0.03256617052433688,0.06997135357100093,0.2634983498349836,0.01980198019801992,,,
Qwen3-4B-Base,q4base,centre,adversaire,xmovie,hors famille,2,False,1,,0.4032,0.4677101373503687,0.4692588464144427,0.4823056563082051,0.09293729372937287,0.03300330033003304,,,
Qwen3-4B-Base,q4base,centre,adversaire,usewww*,hors famille,2,False,1,,0.4032,0.032458691413695506,0.03256617052433688,0.038819723556514196,0.2634983498349836,0.003300330033003375,,,
Qwen3-4B-Base,q4base,centre,adversaire,life,hors famille,3,False,1,,0.595,0.5185548257796078,0.5202718947391428,0.5158317811979217,0.12079207920792075,0.03960396039603964,,,
Qwen3-4B-Base,q4base,centre,adversaire,richwork,hors famille,2,False,1,,0.4351999999999999,0.47097779084839186,0.4725373199571613,0.47838447211057744,0.05953795379537957,0.01650165016501648,,,
Qwen3-4B-Base,q4base,droite,journaliste,natspac/y,depenses publiques (nat*),3,False,1,,0.6142,0.6121897227464074,0.6140392385250975,0.6248911307882131,0.04216867469879522,0.021084337349397533,0.51,0.5496987951807228,0.5391566265060241
Qwen3-4B-Base,q4base,droite,journaliste,natenvir/y,depenses publiques (nat*),3,False,1,,0.6142,0.6627776164900567,0.6647799657845886,0.6561003048337931,0.17963855421686747,0.03313253012048198,0.51,0.4563253012048193,0.4292168674698794
Qwen3-4B-Base,q4base,droite,journaliste,natheal/y,depenses publiques (nat*),3,False,1,,0.6126,0.5467593264624764,0.548411167327922,0.5067317462621572,0.3893975903614459,0.04819277108433733,0.53,0.25903614457831314,0.2259036144578312
Qwen3-4B-Base,q4base,droite,journaliste,natcity/y,depenses publiques (nat*),3,False,1,,0.6142,0.5874764116707796,0.5892512648782442,0.5944984758310351,0.27710843373493976,0.030120481927710815,0.51,0.6987951807228916,0.6867469879518072
Qwen3-4B-Base,q4base,droite,journaliste,natdrug/y,depenses publiques (nat*),3,False,1,,0.6142,0.607707940194513,0.6095439158446475,0.6302983016402962,0.2760240963855422,0.04518072289156631,0.51,0.32831325301204817,0.3659638554216867
Qwen3-4B-Base,q4base,droite,journaliste,nateduc/y,depenses publiques (nat*),3,False,1,,0.6142,0.5686057482943823,0.5703235904342445,0.5760088546958919,0.35433734939759043,0.009036144578313282,0.51,0.2906626506024096,0.2996987951807229
Qwen3-4B-Base,q4base,droite,journaliste,natrace/y,depenses publiques (nat*),3,False,1,,0.6142,0.5905610393380752,0.5923452116623595,0.5877304398316157,0.24698795180722893,0.021084337349397575,0.51,0.6897590361445782,0.6882530120481927
Qwen3-4B-Base,q4base,droite,journaliste,natarms/y,depenses publiques (nat*),3,False,1,,0.6142,0.6302620119030338,0.6321661267426201,0.612516330381768,0.2157831325301205,0.036144578313252976,0.49,0.6310240963855421,0.6566265060240963
Qwen3-4B-Base,q4base,droite,journaliste,nataid/y,depenses publiques (nat*),3,False,1,,0.6142,0.2487117143271882,0.2494631092345211,0.21975250399187107,0.6084337349397592,0.018072289156626453,0.51,0.9171686746987951,0.9307228915662651
Qwen3-4B-Base,q4base,droite,journaliste,natfare/y,depenses publiques (nat*),3,False,1,,0.6142,0.6179235012338511,0.6197903396061588,0.614675569748875,0.2730120481927712,0.009036144578313199,0.51,0.34638554216867457,0.3403614457831325
Qwen3-4B-Base,q4base,droite,journaliste,natroad,depenses publiques (nat*),3,False,1,,0.6142,0.544073885905066,0.5457176136570451,0.5503520104514443,0.3302409638554217,0.03915662650602406,0.51,0.25451807228915657,0.2680722891566264
Qwen3-4B-Base,q4base,droite,journaliste,natsoc,depenses publiques (nat*),3,False,1,,0.6142,0.49119973871389166,0.49268372583991554,0.475486282479315,0.42361445783132534,0.015060240963855366,0.51,0.20783132530120474,0.19427710843373489
Qwen3-4B-Base,q4base,droite,journaliste,natmass,depenses publiques (nat*),3,False,1,,0.6142,0.5700573377848744,0.5717795653914753,0.5744483959936131,0.08734939759036148,0.015060240963855456,0.51,0.45331325301204817,0.466867469879518
Qwen3-4B-Base,q4base,droite,journaliste,natpark,depenses publiques (nat*),3,False,1,,0.5754000000000001,0.49932863986064735,0.5008371856004077,0.49323196400058067,0.101566265060241,0.02108433734939756,0.5,0.4382530120481927,0.41716867469879515
Qwen3-4B-Base,q4base,droite,journaliste,natchld,depenses publiques (nat*),3,False,1,,0.6142,0.6241834809115981,0.6260692316092163,0.6085788938888081,0.15554216867469883,0.042168674698795205,0.51,0.39156626506024095,0.39457831325301207
Qwen3-4B-Base,q4base,droite,journaliste,natsci,depenses publiques (nat*),3,False,1,,0.6552,0.56241834809116,0.5641174971790487,0.5552511249818551,0.17638554216867475,0.009036144578313227,0.51,0.4849397590361445,0.48644578313253006
Qwen3-4B-Base,q4base,droite,journaliste,natenrgy,depenses publiques (nat*),3,False,1,,0.6142,0.6592393671069822,0.6612310268263387,0.6511286108288576,0.11638554216867465,0.036144578313253045,0.51,0.5030120481927711,0.5256024096385543
Qwen3-4B-Base,q4base,droite,journaliste,uswary,hors famille,2,False,1,,0.3317999999999999,0.4764842502540282,0.47792377971098904,0.4709682101901582,0.3984337349397591,0.01204819277108432,,,
Qwen3-4B-Base,q4base,droite,journaliste,prayer,hors famille,2,False,1,,0.47119999999999995,0.5,0.5015105740181269,0.49853026564087677,0.12,0.02710843373493979,0.38,0.5,0.4728915662650602
Qwen3-4B-Base,q4base,droite,journaliste,courts,hors famille,3,False,1,,0.6126,0.4278560023225433,0.42914861864375947,0.39018725504427343,0.45891566265060246,0.030120481927710843,0.53,0.8192771084337349,0.8433734939759037
Qwen3-4B-Base,q4base,droite,journaliste,discaffw,hors famille,4,False,1,,0.7174,0.7227645521846422,0.7249481308921487,0.7196799245173466,0.08072289156626505,0.04216867469879528,0.6033333333333333,0.5592369477911646,0.5572289156626504
Qwen3-4B-Base,q4base,droite,journaliste,discaffm,hors famille,4,False,1,,0.7174,0.7178472927856003,0.7200160157245297,0.7206053128175353,0.09626506024096385,0.07228915662650601,0.39666666666666667,0.46787148594377503,0.5140562248995983
Qwen3-4B-Base,q4base,droite,journaliste,fehire,roles de genre (fe*),5,False,1,,0.7754,0.77821527072144,0.7805663742583628,0.7793402525765714,0.16120481927710845,0.0512048192771084,0.5725,0.5587349397590361,0.5805722891566264
Qwen3-4B-Base,q4base,droite,journaliste,fechld,roles de genre (fe*),4,False,1,,0.6901999999999999,0.6650457250689505,0.6670549266552617,0.6901400783858325,0.4030120481927711,0.045180722891566244,0.5766666666666667,0.33333333333333326,0.3514056224899598
Qwen3-4B-Base,q4base,droite,journaliste,fepresch,roles de genre (fe*),4,False,1,,0.7174,0.6896683118014226,0.691751901867288,0.6878538249383075,0.12590361445783133,0.04216867469879516,0.39666666666666667,0.43473895582329314,0.41767068273092367
Qwen3-4B-Base,q4base,droite,journaliste,fefam,roles de genre (fe*),4,False,1,,0.6901999999999999,0.7126034257511977,0.7147563061915337,0.7143090434025259,0.1650602409638554,0.01204819277108439,0.42333333333333334,0.5110441767068272,0.5210843373493976
Qwen3-4B-Base,q4base,droite,journaliste,fepol,roles de genre (fe*),2,False,1,,0.47119999999999995,0.4867723907678908,0.4882430022203618,0.4997096821019016,0.20132530120481928,0.06927710843373494,0.62,0.4186746987951807,0.4879518072289157
Qwen3-4B-Base,q4base,droite,journaliste,mobile16,hors famille,3,False,1,,0.6422,0.6639025983451879,0.6659083463764424,0.6631042241254174,0.08554216867469881,0.006024096385542188,,,
Qwen3-4B-Base,q4base,droite,journaliste,incom16,hors famille,5,False,1,,0.7894,0.6380280156771665,0.6399555927638045,0.6506568442444478,0.3290361445783133,0.048192771084337394,,,
Qwen3-4B-Base,q4base,droite,journaliste,dwelown16,hors famille,3,False,1,,0.36260000000000003,0.3921287559878066,0.39331343500891786,0.40072942371897224,0.5380722891566265,0.006024096385542223,,,
Qwen3-4B-Base,q4base,droite,journaliste,divorced,hors famille,2,False,1,,0.21120000000000005,0.46645013790100165,0.4678593528191316,0.45991798519378724,0.25048192771084343,0.012048192771084376,,,
Qwen3-4B-Base,q4base,droite,journaliste,posslq/y,hors famille,4,False,1,,0.6821999999999999,0.6408949049208884,0.6428311433043352,0.6377558426476992,0.15975903614457834,0.015060240963855397,,,
Qwen3-4B-Base,q4base,droite,journaliste,wrkstat,hors famille,8,False,1,,0.8320000000000001,0.7597800841921906,0.7620754923015326,0.7502903178980985,0.3673493975903616,0.0301204819277109,,,
Qwen3-4B-Base,q4base,droite,journaliste,evwork,hors famille,2,False,1,,0.4032,0.09174045579910017,0.09201761729698266,0.10255479750326635,0.2318072289156627,0.006024096385542219,,,
Qwen3-4B-Base,q4base,droite,journaliste,wrkgovt1,hors famille,2,False,1,,0.4032,0.276437073595587,0.2772722309176281,0.2723907678908406,0.11433734939759044,0.0030120481927710524,,,
Qwen3-4B-Base,q4base,droite,journaliste,wrkgovt2,hors famille,2,False,1,,0.4032,0.3896066192480767,0.39078367852072954,0.3951952387864712,0.01493975903614464,0.006024096385542216,,,
Qwen3-4B-Base,q4base,droite,journaliste,partfull,hors famille,3,False,1,,0.6422,0.6037705037015532,0.6055945837731591,0.5931376106836987,0.2813253012048193,0.027108433734939777,,,
Qwen3-4B-Base,q4base,droite,journaliste,wksub1,hors famille,3,False,1,,0.48819999999999997,0.6181049499201625,0.6199723364758126,0.6096131514007839,0.5103614457831326,0.03614457831325299,,,
Qwen3-4B-Base,q4base,droite,journaliste,wksup1,hors famille,3,False,1,,0.5238,0.6452133836551024,0.6471626688020967,0.6582776890695311,0.24240963855421688,0.04819277108433735,,,
Qwen3-4B-Base,q4base,droite,journaliste,conarmy,confiance dans les institutions (con*),3,False,1,,0.5783999999999999,0.5507149078240674,0.5523786990863758,0.5664102191900131,0.4797590361445784,0.02710843373493982,0.29000000000000004,0.7274096385542168,0.7168674698795181
Qwen3-4B-Base,q4base,droite,journaliste,conbus,confiance dans les institutions (con*),3,False,1,,0.5783999999999999,0.5243141239657427,0.525898154551742,0.5512592538830019,0.32313253012048193,0.033132530120481965,0.29000000000000004,0.46385542168674687,0.45331325301204817
Qwen3-4B-Base,q4base,droite,journaliste,conclerg,confiance dans les institutions (con*),3,False,1,,0.5783999999999999,0.6315321527072144,0.633440104830197,0.6302983016402962,0.22975903614457827,0.006024096385542091,0.29000000000000004,0.45180722891566255,0.4457831325301205
Qwen3-4B-Base,q4base,droite,journaliste,coneduc,confiance dans les institutions (con*),3,False,1,,0.5783999999999999,0.5998875018144869,0.6016998507625669,0.6064196545217013,0.2478313253012048,0.054216867469879484,0.7100000000000001,0.5587349397590362,0.5963855421686747
Qwen3-4B-Base,q4base,droite,journaliste,confed,confiance dans les institutions (con*),3,False,1,,0.5783999999999999,0.5365619102917696,0.5381829432533762,0.5229351139497749,0.050722891566265006,0.024096385542168683,0.7100000000000001,0.7545180722891566,0.7680722891566265
Qwen3-4B-Base,q4base,droite,journaliste,confinan,confiance dans les institutions (con*),3,False,1,,0.5783999999999999,0.5644687182464798,0.5661740618061369,0.5695492814632022,0.3171084337349398,0.021084337349397575,0.29000000000000004,0.48042168674698793,0.463855421686747
Qwen3-4B-Base,q4base,droite,journaliste,conjudge,confiance dans les institutions (con*),3,False,1,,0.5783999999999999,0.6273588329220496,0.6292541768281587,0.6298265350558863,0.35024096385542164,0.015060240963855373,0.29000000000000004,0.575301204819277,0.5617469879518072
Qwen3-4B-Base,q4base,droite,journaliste,conlabor,confiance dans les institutions (con*),3,False,1,,0.5783999999999999,0.5814341704166063,0.5831907691187713,0.612498185513137,0.16000000000000006,0.04819277108433737,0.7100000000000001,0.6475903614457831,0.6144578313253012
Qwen3-4B-Base,q4base,droite,journaliste,conlegis,confiance dans les institutions (con*),3,False,1,,0.5783999999999999,0.5375780229351139,0.5392021257234376,0.5422412541733199,0.0627710843373494,0.012048192771084324,,,
Qwen3-4B-Base,q4base,droite,journaliste,conmedic,confiance dans les institutions (con*),3,False,1,,0.5783999999999999,0.6175061692553345,0.619371746805955,0.6062019160981275,0.35927710843373495,0.03313253012048191,0.7100000000000001,0.4277108433734939,0.4457831325301204
Qwen3-4B-Base,q4base,droite,journaliste,conpress,confiance dans les institutions (con*),3,False,1,,0.5783999999999999,0.4544382348671796,0.4558111600480472,0.43346276672956896,0.13771084337349399,0.030120481927710874,0.7100000000000001,0.8237951807228916,0.8358433734939759
Qwen3-4B-Base,q4base,droite,journaliste,consci,confiance dans les institutions (con*),3,False,1,,0.5783999999999999,0.6238387284076063,0.6257234375568741,0.594988387284076,0.3140963855421687,0.045180722891566286,0.7100000000000001,0.4759036144578313,0.45331325301204817
Qwen3-4B-Base,q4base,droite,journaliste,contv,confiance dans les institutions (con*),3,False,1,,0.5783999999999999,0.5451988677601974,0.546845994248899,0.5429126143126723,0.050722891566265034,0.027108433734939756,,,
Qwen3-4B-Base,q4base,droite,journaliste,joblose,hors famille,5,False,1,,0.7882,0.6388626796341995,0.6407927783642122,0.6566990854986211,0.37831325301204816,0.03915662650602417,,,
Qwen3-4B-Base,q4base,droite,journaliste,jobfind,hors famille,4,False,1,,0.6901999999999999,0.7048011322398027,0.7069304407964184,0.7071962548991146,0.21759036144578314,0.03012048192771094,,,
Qwen3-4B-Base,q4base,droite,journaliste,happy,hors famille,3,False,1,,0.5426,0.5831216431993033,0.584883340006552,0.5545071853679779,0.05072289156626503,0.06325301204819275,,,
Qwen3-4B-Base,q4base,droite,journaliste,hapmar,hors famille,4,False,1,,0.6466000000000001,0.6581325301204821,0.6601208459214504,0.6618159384526057,0.3978313253012048,0.027108433734939794,,,
Qwen3-4B-Base,q4base,droite,journaliste,satjob,hors famille,5,False,1,,0.7738,0.6966177964871534,0.69872238197503,0.7107889388880825,0.454698795180723,0.04819277108433736,,,
Qwen3-4B-Base,q4base,droite,journaliste,spdeg*,hors famille,6,False,1,,0.8202,0.7300587893743651,0.7322644050522333,0.7337421977064886,0.23373493975903628,0.018072289156626505,,,
Qwen3-4B-Base,q4base,droite,journaliste,spjew,hors famille,5,False,1,,0.7802,0.5500072579474524,0.5516689112947257,0.5186710698214545,0.3174698795180725,0.03313253012048185,,,
Qwen3-4B-Base,q4base,droite,journaliste,spfund,hors famille,4,False,1,,0.5102,0.5531100304833794,0.5547810577658066,0.565303382203513,0.6289156626506025,0.027108433734939753,,,
Qwen3-4B-Base,q4base,droite,journaliste,unemp,hors famille,2,False,1,,0.21120000000000005,0.43896066192480765,0.44028682706657446,0.4709682101901582,0.20530120481927713,0.05421686746987947,,,
Qwen3-4B-Base,q4base,droite,journaliste,union1,hors famille,4,False,1,,0.6602,0.13732036580055162,0.13773523095402762,0.12630643054144308,0.427710843373494,0.006024096385542111,,,
Qwen3-4B-Base,q4base,droite,journaliste,spkath/y,libertes civiles (spk/col/lib),2,False,1,,0.47119999999999995,0.3430650312091741,0.3441014814545191,0.33624256060386126,0.1601204819277109,0.00602409638554216,0.38,0.2198795180722891,0.2138554216867469
Qwen3-4B-Base,q4base,droite,journaliste,colath,libertes civiles (spk/col/lib),2,False,1,,0.47119999999999995,0.44511177239076805,0.4464565209478399,0.4279830164029612,0.04566265060240965,0.02409638554216867,0.38,0.3343373493975903,0.3102409638554217
Qwen3-4B-Base,q4base,droite,journaliste,spkrac/y,libertes civiles (spk/col/lib),2,False,1,,0.47119999999999995,0.5,0.5015105740181269,0.49274205254753967,0.12,0.060240963855421686,,,
Qwen3-4B-Base,q4base,droite,journaliste,colrac,libertes civiles (spk/col/lib),2,False,1,,0.35420000000000007,0.4724016548120191,0.4738288501437775,0.4802402380606764,0.1525301204819277,0.01807228915662651,,,
Qwen3-4B-Base,q4base,droite,journaliste,librac/y,libertes civiles (spk/col/lib),2,False,1,,0.47119999999999995,0.4764842502540282,0.47792377971098904,0.4709682101901582,0.22843373493975908,0.01204819277108432,,,
Qwen3-4B-Base,q4base,droite,journaliste,spkcom/y,libertes civiles (spk/col/lib),2,False,1,,0.35420000000000007,0.46645013790100165,0.4678593528191316,0.43248294382348684,0.3995180722891566,0.054216867469879554,0.77,0.3704819277108434,0.3162650602409638
Qwen3-4B-Base,q4base,droite,journaliste,colcom/y,libertes civiles (spk/col/lib),2,False,1,,0.29520000000000013,0.469498475831035,0.4709169002293161,0.4737988096966178,0.44349397590361445,0.009036144578313282,0.82,0.3765060240963855,0.3855421686746988
Qwen3-4B-Base,q4base,droite,journaliste,libcom/y,libertes civiles (spk/col/lib),2,False,1,,0.47119999999999995,0.43896066192480765,0.44028682706657446,0.4160981274495573,0.29469879518072284,0.030120481927710885,0.62,0.3253012048192771,0.2951807228915662
Qwen3-4B-Base,q4base,droite,journaliste,spkhomo/y,libertes civiles (spk/col/lib),2,False,1,,0.35420000000000007,0.16439250979822884,0.1648891639063806,0.18861590942081574,0.6796385542168675,0.01506024096385545,0.77,0.0903614457831325,0.1054216867469879
Qwen3-4B-Base,q4base,droite,journaliste,colhomo,libertes civiles (spk/col/lib),2,False,1,,0.21120000000000005,0.1838438089708232,0.18439922833327282,0.1980512411090145,0.7775903614457831,0.009036144578313282,0.88,0.1024096385542168,0.1114457831325301
Qwen3-4B-Base,q4base,droite,journaliste,libhomo/y,libertes civiles (spk/col/lib),2,False,1,,0.47119999999999995,0.3658005516040064,0.3669056892221454,0.3896066192480767,0.37903614457831325,0.02409638554216867,0.62,0.2409638554216867,0.2650602409638554
Qwen3-4B-Base,q4base,droite,journaliste,cappun,hors famille,2,False,1,,0.4032,0.3075010886921179,0.308430095002366,0.29225939904195086,0.5302409638554216,0.01204819277108439,0.28,0.8102409638554217,0.822289156626506
Qwen3-4B-Base,q4base,droite,journaliste,polhitok/y,hors famille,2,False,1,,0.3317999999999999,0.3497423428654377,0.35079896625778045,0.32927493104949934,0.5640963855421688,0.01807228915662651,0.21,0.7740963855421686,0.7921686746987951
Qwen3-4B-Base,q4base,droite,journaliste,polabuse/y,hors famille,2,False,1,,0.47119999999999995,0.16439250979822884,0.1648891639063806,0.14942299317752927,0.5296385542168676,0.009036144578313275,0.62,0.0903614457831325,0.0813253012048192
Qwen3-4B-Base,q4base,droite,journaliste,polattak/y,hors famille,2,False,1,,0.47119999999999995,0.41109014370735963,0.41233210788774444,0.37799390332414007,0.09084337349397589,0.036144578313253045,0.62,0.7108433734939759,0.7469879518072289
Qwen3-4B-Base,q4base,droite,journaliste,grass,hors famille,2,False,1,,0.3317999999999999,0.4546378284221222,0.4560113566046664,0.45991798519378724,0.44060240963855424,0.009036144578313227,0.79,0.3493975903614458,0.358433734939759
Qwen3-4B-Base,q4base,droite,journaliste,gunlaw,hors famille,2,False,1,,0.35420000000000007,0.4997096821019016,0.5012193790266808,0.4947561329655974,0.2820481927710844,0.03915662650602411,0.77,0.4879518072289157,0.4487951807228915
Qwen3-4B-Base,q4base,droite,journaliste,owngun,hors famille,2,False,1,,0.4032,0.4814196545217013,0.48287409456557356,0.4886594571055305,0.1236144578313253,0.021084337349397547,,,
Qwen3-4B-Base,q4base,droite,journaliste,hunt1,hors famille,4,False,1,,0.6602,0.33306720859340977,0.3340734539365923,0.33827478589055016,0.30722891566265076,0.012048192771084362,,,
Qwen3-4B-Base,q4base,droite,journaliste,class,hors famille,4,False,1,,0.6901999999999999,0.6342901727391493,0.6362064572489353,0.6240746116998114,0.20722891566265061,0.051204819277108383,,,
Qwen3-4B-Base,q4base,droite,journaliste,satfin,hors famille,3,False,1,,0.6142,0.6585680069676295,0.6605576384086194,0.6529430976919728,0.1193975903614458,0.07530120481927705,,,
Qwen3-4B-Base,q4base,droite,journaliste,finalter,hors famille,3,False,1,,0.6377999999999999,0.6567716649731457,0.6587558693990464,0.6449593554942663,0.06108433734939765,0.04216867469879515,,,
Qwen3-4B-Base,q4base,droite,journaliste,finrela,hors famille,5,False,1,,0.7854,0.7258673247205691,0.7280602773632295,0.7071599651618523,0.2572289156626506,0.054216867469879505,,,
Qwen3-4B-Base,q4base,droite,journaliste,racdif1,hors famille,2,False,1,,0.47119999999999995,0.32927493104949934,0.33026971936082716,0.318551313688489,0.41216867469879515,0.009036144578313268,0.38,0.7921686746987951,0.8012048192771084
Qwen3-4B-Base,q4base,droite,journaliste,racdif2,hors famille,2,False,1,,0.4872000000000001,0.13412686892146897,0.13453208604811995,0.1790354187835681,0.347710843373494,0.027108433734939735,0.42,0.072289156626506,0.0993975903614457
Qwen3-4B-Base,q4base,droite,journaliste,racdif3,hors famille,2,False,1,,0.47119999999999995,0.38675787487298596,0.38792632766716423,0.3719698069385977,0.3579518072289156,0.015060240963855456,0.38,0.7379518072289156,0.7530120481927711
Qwen3-4B-Base,q4base,droite,journaliste,racdif4,hors famille,2,False,1,,0.47119999999999995,0.4993467847292785,0.5008553852873731,0.5,0.1380722891566265,0.01807228915662651,0.62,0.4819277108433735,0.5
Qwen3-4B-Base,q4base,droite,journaliste,wlthwhts,hors famille,7,False,1,,0.8493999999999999,0.5167295688779214,0.5182906854002113,0.5777689069531137,0.4686746987951808,0.06024096385542168,,,
Qwen3-4B-Base,q4base,droite,journaliste,wlthblks,hors famille,7,False,1,,0.8493999999999999,0.656227318914211,0.6582098787900849,0.6501306430541443,0.4307228915662652,0.04518072289156628,,,
Qwen3-4B-Base,q4base,droite,journaliste,wlthhsps,hors famille,7,False,1,,0.8493999999999999,0.6562273189142112,0.658209878790085,0.6568260995790391,0.4332530120481928,0.0271084337349397,,,
Qwen3-4B-Base,q4base,droite,journaliste,racwork,hors famille,7,True,2,recopie du gabarit d'exemple de la relance,,,,,,,,,
Qwen3-4B-Base,q4base,droite,journaliste,letin1a,hors famille,5,False,1,,0.7852,0.5724343155755552,0.5741637243839407,0.5498802438670345,0.3584337349397591,0.03012048192771089,0.59,0.8268072289156626,0.8373493975903614
Qwen3-4B-Base,q4base,droite,journaliste,getahead,hors famille,3,False,1,,0.6592,0.4832159965161853,0.48467586357514664,0.5146610538539701,0.36385542168674695,0.05120481927710842,0.44000000000000006,0.802710843373494,0.7740963855421688
Qwen3-4B-Base,q4base,droite,journaliste,aged,hors famille,3,False,1,,0.6552,0.5617651328204383,0.5634623084482946,0.5104332994629119,0.191566265060241,0.07530120481927706,,,
Qwen3-4B-Base,q4base,droite,journaliste,parsol,hors famille,5,False,1,,0.7882,0.7805922485121208,0.7829505332508282,0.7898824212512702,0.14759036144578308,0.04819277108433747,,,
Qwen3-4B-Base,q4base,droite,journaliste,kidssol,hors famille,6,False,1,,0.8182,0.8089889679198723,0.8114330433516544,0.8066301349978227,0.2331325301204819,0.018072289156626505,,,
Qwen3-4B-Base,q4base,droite,journaliste,spanking,hors famille,4,False,1,,0.721,0.7087567136013935,0.7108979725548721,0.7161598200029031,0.33975903614457836,0.027108433734939784,0.38666666666666666,0.6255020080321285,0.605421686746988
Qwen3-4B-Base,q4base,droite,journaliste,divlaw,hors famille,3,False,1,,0.6377999999999999,0.626796341994484,0.6286899865322317,0.6283749455653942,0.17289156626506025,0.024096385542168752,0.62,0.5240963855421686,0.5436746987951806
Qwen3-4B-Base,q4base,droite,journaliste,sexeduc,hors famille,2,False,1,,0.4032,0.4185476847147628,0.4198121792305174,0.4160981274495573,0.42180722891566264,0.003012048192771094,0.72,0.2981927710843373,0.2951807228915662
Qwen3-4B-Base,q4base,droite,journaliste,pillok,hors famille,4,False,1,,0.6901999999999999,0.733433734939759,0.7356495468277946,0.7341595296850052,0.23614457831325303,0.02409638554216867,0.5766666666666667,0.5572289156626505,0.5572289156626504
Qwen3-4B-Base,q4base,droite,journaliste,xmarsex,hors famille,4,False,1,,0.5473999999999999,0.4476157642618669,0.4489680777490629,0.4421723036725216,0.09999999999999998,0.024096385542168655,0.8133333333333334,0.8554216867469879,0.8674698795180722
Qwen3-4B-Base,q4base,droite,journaliste,homosex,hors famille,4,False,1,,0.44399999999999995,0.6549934678472928,0.6569723000764388,0.6633038176803601,0.3698795180722891,0.04518072289156626,0.86,0.5542168674698795,0.5763052208835341
Qwen3-4B-Base,q4base,droite,journaliste,marhomo,hors famille,5,False,1,,0.7844,0.7745318623893164,0.77687183780439,0.7841486427638265,0.21987951807228917,0.03915662650602405,0.5650000000000001,0.49924698795180705,0.5150602409638554
Qwen3-4B-Base,q4base,droite,journaliste,discaff,hors famille,3,False,1,,0.5783999999999999,0.64612062708666,0.6480726531503659,0.6386086514733634,0.24783132530120475,0.01807228915662651,0.29000000000000004,0.48343373493975894,0.4743975903614457
Qwen3-4B-Base,q4base,droite,journaliste,abdefect,avortement (ab*),2,False,1,,0.34319999999999995,0.44511177239076805,0.4464565209478399,0.4509362752213675,0.44566265060240967,0.009036144578313282,0.78,0.3343373493975903,0.3433734939759036
Qwen3-4B-Base,q4base,droite,journaliste,abnomore,avortement (ab*),2,False,1,,0.35420000000000007,0.44511177239076805,0.4464565209478399,0.4279830164029612,0.10433734939759036,0.02409638554216867,0.77,0.6656626506024096,0.6897590361445783
Qwen3-4B-Base,q4base,droite,journaliste,abhlth,avortement (ab*),2,False,1,,0.35420000000000007,0.20734141384816374,0.2079678229534452,0.21193206561184508,0.6525301204819278,0.003012048192771115,0.77,0.1174698795180722,0.1204819277108433
Qwen3-4B-Base,q4base,droite,journaliste,abpoor,avortement (ab*),2,False,1,,0.35420000000000007,0.452805196690376,0.45417318822116265,0.43025112498185514,0.11638554216867468,0.033132530120481896,0.77,0.6536144578313253,0.6867469879518072
Qwen3-4B-Base,q4base,droite,journaliste,abrape,avortement (ab*),2,False,1,,0.34319999999999995,0.3658005516040064,0.3669056892221454,0.375,0.5390361445783134,0.009036144578313282,0.78,0.2409638554216867,0.25
Qwen3-4B-Base,q4base,droite,journaliste,absingle,avortement (ab*),2,False,1,,0.35420000000000007,0.43683771229496304,0.4381574636916246,0.4233379300333866,0.09228915662650601,0.01807228915662648,0.77,0.677710843373494,0.6957831325301205
Qwen3-4B-Base,q4base,droite,journaliste,abany,avortement (ab*),2,False,1,,0.21120000000000005,0.4085317172303673,0.4097659520256252,0.4085317172303673,0.16614457831325302,0.0,0.88,0.713855421686747,0.713855421686747
Qwen3-4B-Base,q4base,droite,journaliste,letdie1,fin de vie (suicide/letdie),2,False,1,,0.35420000000000007,0.4709682101901582,0.47239107487351223,0.463256641021919,0.39048192771084345,0.015060240963855415,0.77,0.3795180722891566,0.3644578313253012
Qwen3-4B-Base,q4base,droite,journaliste,suicide1,fin de vie (suicide/letdie),2,False,1,,0.4032,0.4581942226738278,0.4595784952498817,0.4546378284221222,0.36457831325301204,0.006024096385542105,0.72,0.3554216867469879,0.3493975903614458
Qwen3-4B-Base,q4base,droite,journaliste,suicide2,fin de vie (suicide/letdie),2,False,1,,0.35420000000000007,0.22993177529394693,0.2306264332253486,0.23434097837131662,0.0974698795180723,0.003012048192771108,0.77,0.8674698795180723,0.8644578313253012
Qwen3-4B-Base,q4base,droite,journaliste,suicide3,fin de vie (suicide/letdie),2,False,1,,0.35420000000000007,0.24735084917985195,0.2480981327121174,0.24305051531426902,0.08542168674698797,0.003012048192771108,0.77,0.8554216867469879,0.858433734939759
Qwen3-4B-Base,q4base,droite,journaliste,suicide4,fin de vie (suicide/letdie),2,False,1,,0.35420000000000007,0.3497423428654377,0.35079896625778045,0.3430650312091741,0.004096385542168665,0.00602409638554223,0.77,0.7740963855421686,0.7801204819277109
Qwen3-4B-Base,q4base,droite,journaliste,pornlaw,hors famille,3,False,1,,0.6142,0.4994193642038032,0.5009281840352346,0.5375780229351139,0.20783132530120485,0.06325301204819284,0.49,0.6475903614457832,0.6641566265060241
Qwen3-4B-Base,q4base,droite,journaliste,fair,hors famille,3,False,1,,0.6326,0.6609268398896793,0.6629235977141195,0.6546850050805633,0.17481927710843376,0.06626506024096379,,,
Qwen3-4B-Base,q4base,droite,journaliste,helpful,hors famille,3,False,1,,0.6232,0.6610357091014661,0.6630327958359117,0.6610357091014661,0.10542168674698794,0.045180722891566244,,,
Qwen3-4B-Base,q4base,droite,journaliste,trust,hors famille,3,False,1,,0.6377999999999999,0.5711097401654812,0.5728351472354676,0.5913231238205835,0.13132530120481928,0.05722891566265058,,,
Qwen3-4B-Base,q4base,droite,journaliste,tax,hors famille,3,False,1,,0.5271999999999999,0.41128973726230234,0.41253230444436373,0.4085317172303673,0.09987951807228918,0.003012048192771094,0.76,0.8524096385542168,0.8539156626506024
Qwen3-4B-Base,q4base,droite,journaliste,vote16,hors famille,3,False,1,,0.48819999999999997,0.35273624618957766,0.3538019146070689,0.32317825518943244,0.553132530120482,0.021084337349397613,,,
Qwen3-4B-Base,q4base,droite,journaliste,pres16,hors famille,4,True,2,recopie du gabarit d'exemple de la relance,,,,,,,,,
Qwen3-4B-Base,q4base,droite,journaliste,if16who,hors famille,3,False,1,,0.36939999999999995,0.3120010161126433,0.3129436173697812,0.3121643199303237,0.12457831325301205,0.003012048192771101,,,
Qwen3-4B-Base,q4base,droite,journaliste,news,hors famille,5,False,1,,0.7782,0.7523769777906809,0.7546500200196559,0.7454456379735811,0.0890361445783133,0.03915662650602406,,,
Qwen3-4B-Base,q4base,droite,journaliste,jew,hors famille,5,False,1,,0.756,0.5322434315575556,0.5338514177556147,0.5326789084047032,0.481566265060241,0.006024096385542202,,,
Qwen3-4B-Base,q4base,droite,journaliste,relig16*,hors famille,5,False,1,,0.7218,0.7291334010741763,0.7313362210169987,0.7198432283350269,0.23445783132530112,0.02710843373493972,,,
Qwen3-4B-Base,q4base,droite,journaliste,jew16*,hors famille,5,False,1,,0.7802,0.4750870953694295,0.4765224038146544,0.4550370155320076,0.39879518072289166,0.01807228915662649,,,
Qwen3-4B-Base,q4base,droite,journaliste,attend,hors famille,9,True,2,recopie du gabarit d'exemple de la relance,,,,,,,,,
Qwen3-4B-Base,q4base,droite,journaliste,pray,hors famille,6,False,1,,0.8182,0.770884743794455,0.7732137007243477,0.7688888082450284,0.34084337349397587,0.03915662650602411,,,
Qwen3-4B-Base,q4base,droite,journaliste,postlife,hors famille,2,False,1,,0.4032,0.2804470895630715,0.2812943617369781,0.2516148933081723,0.11132530120481932,0.021084337349397617,,,
Qwen3-4B-Base,q4base,droite,journaliste,bible,hors famille,3,False,1,,0.49219999999999997,0.6308063579619685,0.6327121173515817,0.6251814486863116,0.26457831325301207,0.012048192771084348,,,
Qwen3-4B-Base,q4base,droite,journaliste,reborn,hors famille,3,False,1,,0.2622000000000001,0.6224960081289013,0.6243766607214357,0.6145485556684569,0.4644578313253011,0.02710843373493972,,,
Qwen3-4B-Base,q4base,droite,journaliste,savesoul,hors famille,2,False,1,,0.4032,0.4997096821019016,0.5012193790266808,0.49992742052547545,0.20795180722891562,0.01807228915662651,,,
Qwen3-4B-Base,q4base,droite,journaliste,granborn,hors famille,5,False,1,,0.7894,0.5884199448395994,0.5901976486004441,0.5485375235883294,0.34819277108433744,0.060240963855421645,,,
Qwen3-4B-Base,q4base,droite,journaliste,uscitzn*,hors famille,2,False,1,,0.21120000000000005,0.011975613296559384,0.01201179339715322,0.01790898533894625,0.8739759036144579,0.003012048192771167,,,
Qwen3-4B-Base,q4base,droite,journaliste,fucitzn,hors famille,5,False,1,,0.058600000000000096,0.02389679198722605,0.023968987733411027,0.023860502249963833,0.9879518072289157,0.00602409638554215,,,
Qwen3-4B-Base,q4base,droite,journaliste,mnthsusa,hors famille,6,False,1,,0.8182,0.03549136304253131,0.035598587704291224,0.04715851357236167,0.8619277108433735,0.006024096385542122,,,
Qwen3-4B-Base,q4base,droite,journaliste,income,hors famille,12,False,1,,0.2161612426035503,0.6930614022354479,0.6951552433298148,0.6449956452315286,0.3514828544949026,0.07530120481927702,,,
Qwen3-4B-Base,q4base,droite,journaliste,othlang,hors famille,2,False,1,,0.4032,0.3430650312091741,0.3441014814545191,0.33967194077514884,0.060120481927710925,0.0030120481927710524,,,
Qwen3-4B-Base,q4base,droite,journaliste,health,hors famille,4,False,1,,0.7222,0.6140404993467847,0.6158956065955666,0.5931739004209611,0.3198795180722892,0.04819277108433736,,,
Qwen3-4B-Base,q4base,droite,journaliste,compuse*,hors famille,2,False,1,,0.4032,0.0296668602119321,0.029756488188403197,0.04703149949194363,0.26493975903614464,0.009036144578313227,,,
Qwen3-4B-Base,q4base,droite,journaliste,webmob,hors famille,2,False,1,,0.47119999999999995,0.05842647699230641,0.05860299202853694,0.052747133110756295,0.34987951807228923,0.003012048192771056,,,
Qwen3-4B-Base,q4base,droite,journaliste,xmovie,hors famille,2,False,1,,0.21120000000000005,0.43248294382348684,0.4337895388199325,0.4581942226738278,0.19626506024096385,0.039156626506024056,,,
Qwen3-4B-Base,q4base,droite,journaliste,usewww*,hors famille,2,False,1,,0.4032,0.011975613296559384,0.01201179339715322,0.01790898533894625,0.273975903614458,0.003012048192771167,,,
Qwen3-4B-Base,q4base,droite,journaliste,life,hors famille,3,False,1,,0.5754000000000001,0.5412795761358686,0.5429148618643759,0.5057337784874437,0.13939759036144575,0.05120481927710846,,,
Qwen3-4B-Base,q4base,droite,journaliste,richwork,hors famille,2,False,1,,0.4032,0.4934497024241544,0.4949404870236232,0.4953549136304253,0.16277108433734935,0.009036144578313227,,,
Qwen3-4B-Base,q4base,droite,adversaire,natspac/y,depenses publiques (nat*),3,False,1,,0.6142,0.6121897227464074,0.6140392385250975,0.6248911307882131,0.04216867469879522,0.021084337349397533,0.51,0.5496987951807228,0.5391566265060241
Qwen3-4B-Base,q4base,droite,adversaire,natenvir/y,depenses publiques (nat*),3,False,1,,0.5271999999999999,0.6627776164900567,0.6647799657845886,0.6561003048337931,0.24650602409638556,0.03313253012048198,0.24000000000000002,0.4563253012048193,0.4292168674698794
Qwen3-4B-Base,q4base,droite,adversaire,natheal/y,depenses publiques (nat*),3,False,1,,0.6142,0.5467593264624764,0.548411167327922,0.5067317462621572,0.36939759036144587,0.04819277108433733,0.51,0.25903614457831314,0.2259036144578312
Qwen3-4B-Base,q4base,droite,adversaire,natcity/y,depenses publiques (nat*),3,False,1,,0.5271999999999999,0.5874764116707796,0.5892512648782442,0.5944984758310351,0.4904819277108434,0.030120481927710815,0.24000000000000002,0.6987951807228916,0.6867469879518072
Qwen3-4B-Base,q4base,droite,adversaire,natdrug/y,depenses publiques (nat*),3,False,1,,0.6482000000000001,0.607707940194513,0.6095439158446475,0.6302983016402962,0.27602409638554215,0.04518072289156631,0.5599999999999999,0.32831325301204817,0.3659638554216867
Qwen3-4B-Base,q4base,droite,adversaire,nateduc/y,depenses publiques (nat*),3,False,1,,0.6422,0.5686057482943823,0.5703235904342445,0.5760088546958919,0.2643373493975904,0.009036144578313282,0.455,0.2906626506024096,0.2996987951807229
Qwen3-4B-Base,q4base,droite,adversaire,natrace/y,depenses publiques (nat*),3,False,1,,0.5271999999999999,0.5905610393380752,0.5923452116623595,0.5877304398316157,0.5025301204819277,0.021084337349397575,0.24000000000000002,0.6897590361445782,0.6882530120481927
Qwen3-4B-Base,q4base,droite,adversaire,natarms/y,depenses publiques (nat*),3,False,1,,0.6142,0.6302620119030338,0.6321661267426201,0.612516330381768,0.2157831325301205,0.036144578313252976,0.49,0.6310240963855421,0.6566265060240963
Qwen3-4B-Base,q4base,droite,adversaire,nataid/y,depenses publiques (nat*),3,False,1,,0.5271999999999999,0.2487117143271882,0.2494631092345211,0.21975250399187107,0.7584337349397592,0.018072289156626453,0.24000000000000002,0.9171686746987951,0.9307228915662651
Qwen3-4B-Base,q4base,droite,adversaire,natfare/y,depenses publiques (nat*),3,False,1,,0.42620000000000013,0.6179235012338511,0.6197903396061588,0.614675569748875,0.21698795180722882,0.009036144578313199,0.165,0.34638554216867457,0.3403614457831325
Qwen3-4B-Base,q4base,droite,adversaire,natroad,depenses publiques (nat*),3,False,1,,0.5271999999999999,0.544073885905066,0.5457176136570451,0.5503520104514443,0.0904819277108434,0.03915662650602406,0.24000000000000002,0.25451807228915657,0.2680722891566264
Qwen3-4B-Base,q4base,droite,adversaire,natsoc,depenses publiques (nat*),3,False,1,,0.6142,0.49119973871389166,0.49268372583991554,0.475486282479315,0.42361445783132534,0.015060240963855366,0.51,0.20783132530120474,0.19427710843373489
Qwen3-4B-Base,q4base,droite,adversaire,natmass,depenses publiques (nat*),3,False,1,,0.6142,0.5700573377848744,0.5717795653914753,0.5744483959936131,0.08734939759036148,0.015060240963855456,0.51,0.45331325301204817,0.466867469879518
Qwen3-4B-Base,q4base,droite,adversaire,natpark,depenses publiques (nat*),3,False,1,,0.6142,0.49932863986064735,0.5008371856004077,0.49323196400058067,0.14156626506024095,0.02108433734939756,0.51,0.4382530120481927,0.41716867469879515
Qwen3-4B-Base,q4base,droite,adversaire,natchld,depenses publiques (nat*),3,False,1,,0.5271999999999999,0.6241834809115981,0.6260692316092163,0.6085788938888081,0.23445783132530118,0.042168674698795205,0.24000000000000002,0.39156626506024095,0.39457831325301207
Qwen3-4B-Base,q4base,droite,adversaire,natsci,depenses publiques (nat*),3,False,1,,0.5271999999999999,0.56241834809116,0.5641174971790487,0.5552511249818551,0.4031325301204819,0.009036144578313227,0.24000000000000002,0.4849397590361445,0.48644578313253006
Qwen3-4B-Base,q4base,droite,adversaire,natenrgy,depenses publiques (nat*),3,False,1,,0.5271999999999999,0.6592393671069822,0.6612310268263387,0.6511286108288576,0.3248192771084337,0.036144578313253045,0.24000000000000002,0.5030120481927711,0.5256024096385543
Qwen3-4B-Base,q4base,droite,adversaire,uswary,hors famille,2,False,1,,0.375,0.4764842502540282,0.47792377971098904,0.4709682101901582,0.35843373493975905,0.01204819277108432,,,
Qwen3-4B-Base,q4base,droite,adversaire,prayer,hors famille,2,False,1,,0.47119999999999995,0.5,0.5015105740181269,0.49853026564087677,0.12,0.02710843373493979,0.38,0.5,0.4728915662650602
Qwen3-4B-Base,q4base,droite,adversaire,courts,hors famille,3,False,1,,0.6142,0.4278560023225433,0.42914861864375947,0.39018725504427343,0.4789156626506025,0.030120481927710843,0.51,0.8192771084337349,0.8433734939759037
Qwen3-4B-Base,q4base,droite,adversaire,discaffw,hors famille,4,False,1,,0.735,0.7227645521846422,0.7249481308921487,0.7196799245173466,0.16927710843373495,0.04216867469879528,0.45,0.5592369477911646,0.5572289156626504
Qwen3-4B-Base,q4base,droite,adversaire,discaffm,hors famille,4,False,1,,0.735,0.7178472927856003,0.7200160157245297,0.7206053128175353,0.18253012048192777,0.07228915662650601,0.55,0.46787148594377503,0.5140562248995983
Qwen3-4B-Base,q4base,droite,adversaire,fehire,roles de genre (fe*),5,False,1,,0.7864,0.77821527072144,0.7805663742583628,0.7793402525765714,0.1957831325301205,0.0512048192771084,0.515,0.5587349397590361,0.5805722891566264
Qwen3-4B-Base,q4base,droite,adversaire,fechld,roles de genre (fe*),4,False,1,,0.6901999999999999,0.6650457250689505,0.6670549266552617,0.6901400783858325,0.4030120481927711,0.045180722891566244,0.5766666666666667,0.33333333333333326,0.3514056224899598
Qwen3-4B-Base,q4base,droite,adversaire,fepresch,roles de genre (fe*),4,False,1,,0.735,0.6896683118014226,0.691751901867288,0.6878538249383075,0.2096385542168675,0.04216867469879516,0.55,0.43473895582329314,0.41767068273092367
Qwen3-4B-Base,q4base,droite,adversaire,fefam,roles de genre (fe*),4,False,1,,0.735,0.7126034257511977,0.7147563061915337,0.7143090434025259,0.14277108433734942,0.01204819277108439,0.55,0.5110441767068272,0.5210843373493976
Qwen3-4B-Base,q4base,droite,adversaire,fepol,roles de genre (fe*),2,False,1,,0.47119999999999995,0.4867723907678908,0.4882430022203618,0.4997096821019016,0.20132530120481928,0.06927710843373494,0.62,0.4186746987951807,0.4879518072289157
Qwen3-4B-Base,q4base,droite,adversaire,mobile16,hors famille,3,False,1,,0.5271999999999999,0.6639025983451879,0.6659083463764424,0.6631042241254174,0.2766265060240964,0.006024096385542188,,,
Qwen3-4B-Base,q4base,droite,adversaire,incom16,hors famille,5,False,1,,0.7882,0.6380280156771665,0.6399555927638045,0.6506568442444478,0.32903614457831337,0.048192771084337394,,,
Qwen3-4B-Base,q4base,droite,adversaire,dwelown16,hors famille,3,False,1,,0.3842000000000001,0.3921287559878066,0.39331343500891786,0.40072942371897224,0.5180722891566265,0.006024096385542223,,,
Qwen3-4B-Base,q4base,droite,adversaire,divorced,hors famille,2,False,1,,0.21120000000000005,0.46645013790100165,0.4678593528191316,0.45991798519378724,0.25048192771084343,0.012048192771084376,,,
Qwen3-4B-Base,q4base,droite,adversaire,posslq/y,hors famille,4,False,1,,0.7402,0.6408949049208884,0.6428311433043352,0.6377558426476992,0.25530120481927715,0.015060240963855397,,,
Qwen3-4B-Base,q4base,droite,adversaire,wrkstat,hors famille,8,True,2,recopie du gabarit d'exemple de la relance,,,,,,,,,
Qwen3-4B-Base,q4base,droite,adversaire,evwork,hors famille,2,False,1,,0.4032,0.09174045579910017,0.09201761729698266,0.10255479750326635,0.2318072289156627,0.006024096385542219,,,
Qwen3-4B-Base,q4base,droite,adversaire,wrkgovt1,hors famille,2,False,1,,0.47119999999999995,0.276437073595587,0.2772722309176281,0.2723907678908406,0.4543373493975904,0.0030120481927710524,,,
Qwen3-4B-Base,q4base,droite,adversaire,wrkgovt2,hors famille,2,False,1,,0.4032,0.3896066192480767,0.39078367852072954,0.3951952387864712,0.01493975903614464,0.006024096385542216,,,
Qwen3-4B-Base,q4base,droite,adversaire,partfull,hors famille,3,False,1,,0.49219999999999997,0.6037705037015532,0.6055945837731591,0.5931376106836987,0.2802409638554217,0.027108433734939777,,,
Qwen3-4B-Base,q4base,droite,adversaire,wksub1,hors famille,3,False,1,,0.5271999999999999,0.6181049499201625,0.6199723364758126,0.6096131514007839,0.27951807228915665,0.03614457831325299,,,
Qwen3-4B-Base,q4base,droite,adversaire,wksup1,hors famille,3,False,1,,0.4925999999999999,0.6452133836551024,0.6471626688020967,0.6582776890695311,0.27240963855421685,0.04819277108433735,,,
Qwen3-4B-Base,q4base,droite,adversaire,conarmy,confiance dans les institutions (con*),3,False,1,,0.5783999999999999,0.5507149078240674,0.5523786990863758,0.5664102191900131,0.4797590361445784,0.02710843373493982,0.29000000000000004,0.7274096385542168,0.7168674698795181
Qwen3-4B-Base,q4base,droite,adversaire,conbus,confiance dans les institutions (con*),3,False,1,,0.5783999999999999,0.5243141239657427,0.525898154551742,0.5512592538830019,0.32313253012048193,0.033132530120481965,0.29000000000000004,0.46385542168674687,0.45331325301204817
Qwen3-4B-Base,q4base,droite,adversaire,conclerg,confiance dans les institutions (con*),3,False,1,,0.5783999999999999,0.6315321527072144,0.633440104830197,0.6302983016402962,0.22975903614457827,0.006024096385542091,0.29000000000000004,0.45180722891566255,0.4457831325301205
Qwen3-4B-Base,q4base,droite,adversaire,coneduc,confiance dans les institutions (con*),3,False,1,,0.5783999999999999,0.5998875018144869,0.6016998507625669,0.6064196545217013,0.2478313253012048,0.054216867469879484,0.7100000000000001,0.5587349397590362,0.5963855421686747
Qwen3-4B-Base,q4base,droite,adversaire,confed,confiance dans les institutions (con*),3,False,1,,0.5783999999999999,0.5365619102917696,0.5381829432533762,0.5229351139497749,0.050722891566265006,0.024096385542168683,0.7100000000000001,0.7545180722891566,0.7680722891566265
Qwen3-4B-Base,q4base,droite,adversaire,confinan,confiance dans les institutions (con*),3,False,1,,0.6142,0.5644687182464798,0.5661740618061369,0.5695492814632022,0.07337349397590368,0.021084337349397575,0.49,0.48042168674698793,0.463855421686747
Qwen3-4B-Base,q4base,droite,adversaire,conjudge,confiance dans les institutions (con*),3,False,1,,0.6142,0.6273588329220496,0.6292541768281587,0.6298265350558863,0.11036144578313253,0.015060240963855373,0.49,0.575301204819277,0.5617469879518072
Qwen3-4B-Base,q4base,droite,adversaire,conlabor,confiance dans les institutions (con*),3,False,1,,0.5783999999999999,0.5814341704166063,0.5831907691187713,0.612498185513137,0.16000000000000006,0.04819277108433737,0.7100000000000001,0.6475903614457831,0.6144578313253012
Qwen3-4B-Base,q4base,droite,adversaire,conlegis,confiance dans les institutions (con*),3,False,1,,0.5783999999999999,0.5375780229351139,0.5392021257234376,0.5422412541733199,0.0627710843373494,0.012048192771084324,,,
Qwen3-4B-Base,q4base,droite,adversaire,conmedic,confiance dans les institutions (con*),3,False,1,,0.6142,0.6175061692553345,0.619371746805955,0.6062019160981275,0.09530120481927715,0.03313253012048191,0.51,0.4277108433734939,0.4457831325301204
Qwen3-4B-Base,q4base,droite,adversaire,conpress,confiance dans les institutions (con*),3,False,1,,0.5783999999999999,0.4544382348671796,0.4558111600480472,0.43346276672956896,0.13771084337349399,0.030120481927710874,0.7100000000000001,0.8237951807228916,0.8358433734939759
Qwen3-4B-Base,q4base,droite,adversaire,consci,confiance dans les institutions (con*),3,False,1,,0.5783999999999999,0.6238387284076063,0.6257234375568741,0.594988387284076,0.3140963855421687,0.045180722891566286,0.7100000000000001,0.4759036144578313,0.45331325301204817
Qwen3-4B-Base,q4base,droite,adversaire,contv,confiance dans les institutions (con*),3,False,1,,0.5783999999999999,0.5451988677601974,0.546845994248899,0.5429126143126723,0.050722891566265034,0.027108433734939756,,,
Qwen3-4B-Base,q4base,droite,adversaire,joblose,hors famille,5,False,1,,0.789,0.6388626796341995,0.6407927783642122,0.6566990854986211,0.3383132530120482,0.03915662650602417,,,
Qwen3-4B-Base,q4base,droite,adversaire,jobfind,hors famille,4,False,1,,0.6022,0.7048011322398027,0.7069304407964184,0.7071962548991146,0.36265060240963864,0.03012048192771094,,,
Qwen3-4B-Base,q4base,droite,adversaire,happy,hors famille,3,False,1,,0.5549999999999999,0.5831216431993033,0.584883340006552,0.5545071853679779,0.060843373493975936,0.06325301204819275,,,
Qwen3-4B-Base,q4base,droite,adversaire,hapmar,hors famille,4,False,1,,0.6157999999999999,0.6581325301204821,0.6601208459214504,0.6618159384526057,0.38783132530120484,0.027108433734939794,,,
Qwen3-4B-Base,q4base,droite,adversaire,satjob,hors famille,5,False,1,,0.7522,0.6966177964871534,0.69872238197503,0.7107889388880825,0.43060240963855423,0.04819277108433736,,,
Qwen3-4B-Base,q4base,droite,adversaire,spdeg*,hors famille,6,False,1,,0.8202,0.7300587893743651,0.7322644050522333,0.7337421977064886,0.23373493975903628,0.018072289156626505,,,
Qwen3-4B-Base,q4base,droite,adversaire,spjew,hors famille,5,False,1,,0.756,0.5500072579474524,0.5516689112947257,0.5186710698214545,0.4574698795180724,0.03313253012048185,,,
Qwen3-4B-Base,q4base,droite,adversaire,spfund,hors famille,4,False,1,,0.739,0.5531100304833794,0.5547810577658066,0.565303382203513,0.3884337349397592,0.027108433734939753,,,
Qwen3-4B-Base,q4base,droite,adversaire,unemp,hors famille,2,False,1,,0.21120000000000005,0.43896066192480765,0.44028682706657446,0.4709682101901582,0.20530120481927713,0.05421686746987947,,,
Qwen3-4B-Base,q4base,droite,adversaire,union1,hors famille,4,False,1,,0.6602,0.13732036580055162,0.13773523095402762,0.12630643054144308,0.427710843373494,0.006024096385542111,,,
Qwen3-4B-Base,q4base,droite,adversaire,spkath/y,libertes civiles (spk/col/lib),2,False,1,,0.29520000000000013,0.3430650312091741,0.3441014814545191,0.33624256060386126,0.03987951807228908,0.00602409638554216,0.18,0.2198795180722891,0.2138554216867469
Qwen3-4B-Base,q4base,droite,adversaire,colath,libertes civiles (spk/col/lib),2,False,1,,0.4032,0.44511177239076805,0.4464565209478399,0.4279830164029612,0.05433734939759033,0.02409638554216867,0.28,0.3343373493975903,0.3102409638554217
Qwen3-4B-Base,q4base,droite,adversaire,spkrac/y,libertes civiles (spk/col/lib),2,False,1,,0.47119999999999995,0.5,0.5015105740181269,0.49274205254753967,0.12,0.060240963855421686,,,
Qwen3-4B-Base,q4base,droite,adversaire,colrac,libertes civiles (spk/col/lib),2,False,1,,0.4032,0.4724016548120191,0.4738288501437775,0.4802402380606764,0.3374698795180723,0.01807228915662651,,,
Qwen3-4B-Base,q4base,droite,adversaire,librac/y,libertes civiles (spk/col/lib),2,False,1,,0.4032,0.4764842502540282,0.47792377971098904,0.4709682101901582,0.328433734939759,0.01204819277108432,,,
Qwen3-4B-Base,q4base,droite,adversaire,spkcom/y,libertes civiles (spk/col/lib),2,False,1,,0.1472,0.46645013790100165,0.4678593528191316,0.43248294382348684,0.2904819277108434,0.054216867469879554,0.08,0.3704819277108434,0.3162650602409638
Qwen3-4B-Base,q4base,droite,adversaire,colcom/y,libertes civiles (spk/col/lib),2,False,1,,0.2550000000000001,0.469498475831035,0.4709169002293161,0.4737988096966178,0.4734939759036144,0.009036144578313282,0.85,0.3765060240963855,0.3855421686746988
Qwen3-4B-Base,q4base,droite,adversaire,libcom/y,libertes civiles (spk/col/lib),2,False,1,,0.29520000000000013,0.43896066192480765,0.44028682706657446,0.4160981274495573,0.49469879518072285,0.030120481927710885,0.82,0.3253012048192771,0.2951807228915662
Qwen3-4B-Base,q4base,droite,adversaire,spkhomo/y,libertes civiles (spk/col/lib),2,False,1,,0.34319999999999995,0.16439250979822884,0.1648891639063806,0.18861590942081574,0.6896385542168675,0.01506024096385545,0.78,0.0903614457831325,0.1054216867469879
Qwen3-4B-Base,q4base,droite,adversaire,colhomo,libertes civiles (spk/col/lib),2,False,1,,0.34319999999999995,0.1838438089708232,0.18439922833327282,0.1980512411090145,0.6775903614457832,0.009036144578313282,0.78,0.1024096385542168,0.1114457831325301
Qwen3-4B-Base,q4base,droite,adversaire,libhomo/y,libertes civiles (spk/col/lib),2,False,1,,0.4032,0.3658005516040064,0.3669056892221454,0.3896066192480767,0.4790361445783132,0.02409638554216867,0.72,0.2409638554216867,0.2650602409638554
Qwen3-4B-Base,q4base,droite,adversaire,cappun,hors famille,2,False,1,,0.4032,0.3075010886921179,0.308430095002366,0.29225939904195086,0.0902409638554217,0.01204819277108439,0.72,0.8102409638554217,0.822289156626506
Qwen3-4B-Base,q4base,droite,adversaire,polhitok/y,hors famille,2,False,1,,0.34319999999999995,0.3497423428654377,0.35079896625778045,0.32927493104949934,0.5540963855421688,0.01807228915662651,0.22,0.7740963855421686,0.7921686746987951
Qwen3-4B-Base,q4base,droite,adversaire,polabuse/y,hors famille,2,False,1,,0.4032,0.16439250979822884,0.1648891639063806,0.14942299317752927,0.6296385542168674,0.009036144578313275,0.72,0.0903614457831325,0.0813253012048192
Qwen3-4B-Base,q4base,droite,adversaire,polattak/y,hors famille,2,False,1,,0.4032,0.41109014370735963,0.41233210788774444,0.37799390332414007,0.009156626506024085,0.036144578313253045,0.72,0.7108433734939759,0.7469879518072289
Qwen3-4B-Base,q4base,droite,adversaire,grass,hors famille,2,False,1,,0.21120000000000005,0.4546378284221222,0.4560113566046664,0.45991798519378724,0.5306024096385542,0.009036144578313227,0.88,0.3493975903614458,0.358433734939759
Qwen3-4B-Base,q4base,droite,adversaire,gunlaw,hors famille,2,False,1,,0.34319999999999995,0.4997096821019016,0.5012193790266808,0.4947561329655974,0.2920481927710844,0.03915662650602411,0.78,0.4879518072289157,0.4487951807228915
Qwen3-4B-Base,q4base,droite,adversaire,owngun,hors famille,2,False,1,,0.4032,0.4814196545217013,0.48287409456557356,0.4886594571055305,0.1236144578313253,0.021084337349397547,,,
Qwen3-4B-Base,q4base,droite,adversaire,hunt1,hors famille,4,False,1,,0.735,0.33306720859340977,0.3340734539365923,0.33827478589055016,0.5072289156626507,0.012048192771084362,,,
Qwen3-4B-Base,q4base,droite,adversaire,class,hors famille,4,False,1,,0.6901999999999999,0.6342901727391493,0.6362064572489353,0.6240746116998114,0.20722891566265061,0.051204819277108383,,,
Qwen3-4B-Base,q4base,droite,adversaire,satfin,hors famille,3,False,1,,0.6142,0.6585680069676295,0.6605576384086194,0.6529430976919728,0.1193975903614458,0.07530120481927705,,,
Qwen3-4B-Base,q4base,droite,adversaire,finalter,hors famille,3,False,1,,0.645,0.6567716649731457,0.6587558693990464,0.6449593554942663,0.040361445783132555,0.04216867469879515,,,
Qwen3-4B-Base,q4base,droite,adversaire,finrela,hors famille,5,False,1,,0.7854,0.7258673247205691,0.7280602773632295,0.7071599651618523,0.2572289156626506,0.054216867469879505,,,
Qwen3-4B-Base,q4base,droite,adversaire,racdif1,hors famille,2,False,1,,0.4032,0.32927493104949934,0.33026971936082716,0.318551313688489,0.5121686746987952,0.009036144578313268,0.28,0.7921686746987951,0.8012048192771084
Qwen3-4B-Base,q4base,droite,adversaire,racdif2,hors famille,2,False,1,,0.4032,0.13412686892146897,0.13453208604811995,0.1790354187835681,0.6477108433734939,0.027108433734939735,0.72,0.072289156626506,0.0993975903614457
Qwen3-4B-Base,q4base,droite,adversaire,racdif3,hors famille,2,False,1,,0.47119999999999995,0.38675787487298596,0.38792632766716423,0.3719698069385977,0.3579518072289156,0.015060240963855456,0.38,0.7379518072289156,0.7530120481927711
Qwen3-4B-Base,q4base,droite,adversaire,racdif4,hors famille,2,False,1,,0.4032,0.4993467847292785,0.5008553852873731,0.5,0.23807228915662648,0.01807228915662651,0.72,0.4819277108433735,0.5
Qwen3-4B-Base,q4base,droite,adversaire,wlthwhts,hors famille,7,True,2,recopie du gabarit d'exemple de la relance,,,,,,,,,
Qwen3-4B-Base,q4base,droite,adversaire,wlthblks,hors famille,7,True,2,recopie du gabarit d'exemple de la relance,,,,,,,,,
Qwen3-4B-Base,q4base,droite,adversaire,wlthhsps,hors famille,7,False,1,,0.8493999999999999,0.6562273189142112,0.658209878790085,0.6568260995790391,0.4332530120481928,0.0271084337349397,,,
Qwen3-4B-Base,q4base,droite,adversaire,racwork,hors famille,7,False,1,,0.8144,0.7319640005806359,0.7341753721835986,0.734631296269415,0.4156626506024097,0.039156626506024056,,,
Qwen3-4B-Base,q4base,droite,adversaire,letin1a,hors famille,5,False,1,,0.775,0.5724343155755552,0.5741637243839407,0.5498802438670345,0.4921686746987952,0.03012048192771089,0.4625,0.8268072289156626,0.8373493975903614
Qwen3-4B-Base,q4base,droite,adversaire,getahead,hors famille,3,False,1,,0.6592,0.4832159965161853,0.48467586357514664,0.5146610538539701,0.36385542168674695,0.05120481927710842,0.44000000000000006,0.802710843373494,0.7740963855421688
Qwen3-4B-Base,q4base,droite,adversaire,aged,hors famille,3,False,1,,0.6422,0.5617651328204383,0.5634623084482946,0.5104332994629119,0.121566265060241,0.07530120481927706,,,
Qwen3-4B-Base,q4base,droite,adversaire,parsol,hors famille,5,False,1,,0.7882,0.7805922485121208,0.7829505332508282,0.7898824212512702,0.14759036144578308,0.04819277108433747,,,
Qwen3-4B-Base,q4base,droite,adversaire,kidssol,hors famille,6,False,1,,0.7882,0.8089889679198723,0.8114330433516544,0.8066301349978227,0.3325301204819277,0.018072289156626505,,,
Qwen3-4B-Base,q4base,droite,adversaire,spanking,hors famille,4,False,1,,0.735,0.7087567136013935,0.7108979725548721,0.7161598200029031,0.08975903614457836,0.027108433734939784,0.55,0.6255020080321285,0.605421686746988
Qwen3-4B-Base,q4base,droite,adversaire,divlaw,hors famille,3,False,1,,0.6466,0.626796341994484,0.6286899865322317,0.6283749455653942,0.15397590361445784,0.024096385542168752,0.6,0.5240963855421686,0.5436746987951806
Qwen3-4B-Base,q4base,droite,adversaire,sexeduc,hors famille,2,False,1,,0.4032,0.4185476847147628,0.4198121792305174,0.4160981274495573,0.42180722891566264,0.003012048192771094,0.72,0.2981927710843373,0.2951807228915662
Qwen3-4B-Base,q4base,droite,adversaire,pillok,hors famille,4,False,1,,0.6901999999999999,0.733433734939759,0.7356495468277946,0.7341595296850052,0.23614457831325303,0.02409638554216867,0.5766666666666667,0.5572289156626505,0.5572289156626504
Qwen3-4B-Base,q4base,droite,adversaire,xmarsex,hors famille,4,False,1,,0.44399999999999995,0.4476157642618669,0.4489680777490629,0.4421723036725216,0.033373493975903626,0.024096385542168655,0.86,0.8554216867469879,0.8674698795180722
Qwen3-4B-Base,q4base,droite,adversaire,homosex,hors famille,4,False,1,,0.44399999999999995,0.6549934678472928,0.6569723000764388,0.6633038176803601,0.3698795180722891,0.04518072289156626,0.86,0.5542168674698795,0.5763052208835341
Qwen3-4B-Base,q4base,droite,adversaire,marhomo,hors famille,5,False,1,,0.7754000000000001,0.7745318623893164,0.77687183780439,0.7841486427638265,0.26987951807228916,0.03915662650602405,0.5525,0.49924698795180705,0.5150602409638554
Qwen3-4B-Base,q4base,droite,adversaire,discaff,hors famille,3,False,1,,0.6482000000000001,0.64612062708666,0.6480726531503659,0.6386086514733634,0.05783132530120473,0.01807228915662651,0.44,0.48343373493975894,0.4743975903614457
Qwen3-4B-Base,q4base,droite,adversaire,abdefect,avortement (ab*),2,False,1,,0.34319999999999995,0.44511177239076805,0.4464565209478399,0.4509362752213675,0.44566265060240967,0.009036144578313282,0.78,0.3343373493975903,0.3433734939759036
Qwen3-4B-Base,q4base,droite,adversaire,abnomore,avortement (ab*),2,False,1,,0.34319999999999995,0.44511177239076805,0.4464565209478399,0.4279830164029612,0.11433734939759037,0.02409638554216867,0.78,0.6656626506024096,0.6897590361445783
Qwen3-4B-Base,q4base,droite,adversaire,abhlth,avortement (ab*),2,False,1,,0.4032,0.20734141384816374,0.2079678229534452,0.21193206561184508,0.16253012048192778,0.003012048192771115,0.28,0.1174698795180722,0.1204819277108433
Qwen3-4B-Base,q4base,droite,adversaire,abpoor,avortement (ab*),2,False,1,,0.34319999999999995,0.452805196690376,0.45417318822116265,0.43025112498185514,0.1263855421686747,0.033132530120481896,0.78,0.6536144578313253,0.6867469879518072
Qwen3-4B-Base,q4base,droite,adversaire,abrape,avortement (ab*),2,False,1,,0.47119999999999995,0.3658005516040064,0.3669056892221454,0.375,0.1390361445783133,0.009036144578313282,0.38,0.2409638554216867,0.25
Qwen3-4B-Base,q4base,droite,adversaire,absingle,avortement (ab*),2,False,1,,0.34319999999999995,0.43683771229496304,0.4381574636916246,0.4233379300333866,0.10228915662650602,0.01807228915662648,0.78,0.677710843373494,0.6957831325301205
Qwen3-4B-Base,q4base,droite,adversaire,abany,avortement (ab*),2,False,1,,0.34319999999999995,0.4085317172303673,0.4097659520256252,0.4085317172303673,0.06614457831325303,0.0,0.78,0.713855421686747,0.713855421686747
Qwen3-4B-Base,q4base,droite,adversaire,letdie1,fin de vie (suicide/letdie),2,False,1,,0.4032,0.4709682101901582,0.47239107487351223,0.463256641021919,0.09951807228915657,0.015060240963855415,0.28,0.3795180722891566,0.3644578313253012
Qwen3-4B-Base,q4base,droite,adversaire,suicide1,fin de vie (suicide/letdie),2,False,1,,0.47119999999999995,0.4581942226738278,0.4595784952498817,0.4546378284221222,0.024578313253012102,0.006024096385542105,0.38,0.3554216867469879,0.3493975903614458
Qwen3-4B-Base,q4base,droite,adversaire,suicide2,fin de vie (suicide/letdie),2,False,1,,0.47119999999999995,0.22993177529394693,0.2306264332253486,0.23434097837131662,0.4874698795180723,0.003012048192771108,0.38,0.8674698795180723,0.8644578313253012
Qwen3-4B-Base,q4base,droite,adversaire,suicide3,fin de vie (suicide/letdie),2,False,1,,0.47119999999999995,0.24735084917985195,0.2480981327121174,0.24305051531426902,0.475421686746988,0.003012048192771108,0.38,0.8554216867469879,0.858433734939759
Qwen3-4B-Base,q4base,droite,adversaire,suicide4,fin de vie (suicide/letdie),2,False,1,,0.34319999999999995,0.3497423428654377,0.35079896625778045,0.3430650312091741,0.005903614457831344,0.00602409638554223,0.78,0.7740963855421686,0.7801204819277109
Qwen3-4B-Base,q4base,droite,adversaire,pornlaw,hors famille,3,False,1,,0.6142,0.4994193642038032,0.5009281840352346,0.5375780229351139,0.20783132530120485,0.06325301204819284,0.49,0.6475903614457832,0.6641566265060241
Qwen3-4B-Base,q4base,droite,adversaire,fair,hors famille,3,False,1,,0.5426,0.6609268398896793,0.6629235977141195,0.6546850050805633,0.22542168674698798,0.06626506024096379,,,
Qwen3-4B-Base,q4base,droite,adversaire,helpful,hors famille,3,False,1,,0.6592,0.6610357091014661,0.6630327958359117,0.6610357091014661,0.021204819277108433,0.045180722891566244,,,
Qwen3-4B-Base,q4base,droite,adversaire,trust,hors famille,3,False,1,,0.6592,0.5711097401654812,0.5728351472354676,0.5913231238205835,0.1813253012048193,0.05722891566265058,,,
Qwen3-4B-Base,q4base,droite,adversaire,tax,hors famille,3,False,1,,0.42620000000000013,0.41128973726230234,0.41253230444436373,0.4085317172303673,0.03506024096385542,0.003012048192771094,0.835,0.8524096385542168,0.8539156626506024
Qwen3-4B-Base,q4base,droite,adversaire,vote16,hors famille,3,False,1,,0.48819999999999997,0.35273624618957766,0.3538019146070689,0.32317825518943244,0.553132530120482,0.021084337349397613,,,
Qwen3-4B-Base,q4base,droite,adversaire,pres16,hors famille,4,False,1,,0.26260000000000017,0.4872260124836696,0.4886979943944964,0.47788140513862676,0.2109638554216867,0.015060240963855432,,,
Qwen3-4B-Base,q4base,droite,adversaire,if16who,hors famille,3,False,1,,0.37360000000000004,0.3120010161126433,0.3129436173697812,0.3121643199303237,0.11457831325301204,0.003012048192771101,,,
Qwen3-4B-Base,q4base,droite,adversaire,news,hors famille,5,False,1,,0.7882,0.7523769777906809,0.7546500200196559,0.7454456379735811,0.14385542168674698,0.03915662650602406,,,
Qwen3-4B-Base,q4base,droite,adversaire,jew,hors famille,5,False,1,,0.5421999999999999,0.5322434315575556,0.5338514177556147,0.5326789084047032,0.656144578313253,0.006024096385542202,,,
Qwen3-4B-Base,q4base,droite,adversaire,relig16*,hors famille,5,False,1,,0.6761999999999999,0.7291334010741763,0.7313362210169987,0.7198432283350269,0.21867469879518076,0.02710843373493972,,,
Qwen3-4B-Base,q4base,droite,adversaire,jew16*,hors famille,5,False,1,,0.7294,0.4750870953694295,0.4765224038146544,0.4550370155320076,0.6087951807228917,0.01807228915662649,,,
Qwen3-4B-Base,q4base,droite,adversaire,attend,hors famille,9,False,1,,0.5766101362611509,0.8125090724343157,0.8149637826229391,0.8236681666424736,0.5678158177263508,0.06325301204819284,,,
Qwen3-4B-Base,q4base,droite,adversaire,pray,hors famille,6,False,1,,0.8102,0.770884743794455,0.7732137007243477,0.7688888082450284,0.3908433734939759,0.03915662650602411,,,
Qwen3-4B-Base,q4base,droite,adversaire,postlife,hors famille,2,False,1,,0.2550000000000001,0.2804470895630715,0.2812943617369781,0.2516148933081723,0.018674698795180703,0.021084337349397617,,,
Qwen3-4B-Base,q4base,droite,adversaire,bible,hors famille,3,False,1,,0.4182,0.6308063579619685,0.6327121173515817,0.6251814486863116,0.36457831325301204,0.012048192771084348,,,
Qwen3-4B-Base,q4base,droite,adversaire,reborn,hors famille,3,False,1,,0.2622000000000001,0.6224960081289013,0.6243766607214357,0.6145485556684569,0.4644578313253011,0.02710843373493972,,,
Qwen3-4B-Base,q4base,droite,adversaire,savesoul,hors famille,2,False,1,,0.47119999999999995,0.4997096821019016,0.5012193790266808,0.49992742052547545,0.13204819277108434,0.01807228915662651,,,
Qwen3-4B-Base,q4base,droite,adversaire,granborn,hors famille,5,False,1,,0.7834,0.5884199448395994,0.5901976486004441,0.5485375235883294,0.31036144578313263,0.060240963855421645,,,
Qwen3-4B-Base,q4base,droite,adversaire,uscitzn*,hors famille,2,False,1,,0.29520000000000013,0.011975613296559384,0.01201179339715322,0.01790898533894625,0.17397590361445797,0.003012048192771167,,,
Qwen3-4B-Base,q4base,droite,adversaire,fucitzn,hors famille,5,False,1,,0.058600000000000096,0.02389679198722605,0.023968987733411027,0.023860502249963833,0.9879518072289157,0.00602409638554215,,,
Qwen3-4B-Base,q4base,droite,adversaire,mnthsusa,hors famille,6,False,1,,0.8282,0.03549136304253131,0.035598587704291224,0.04715851357236167,0.8619277108433734,0.006024096385542122,,,
Qwen3-4B-Base,q4base,droite,adversaire,income,hors famille,12,False,1,,0.21811669337355066,0.6930614022354479,0.6951552433298148,0.6449956452315286,0.35036261551058595,0.07530120481927702,,,
Qwen3-4B-Base,q4base,droite,adversaire,othlang,hors famille,2,False,1,,0.3317999999999999,0.3430650312091741,0.3441014814545191,0.33967194077514884,0.009879518072289123,0.0030120481927710524,,,
Qwen3-4B-Base,q4base,droite,adversaire,health,hors famille,4,False,1,,0.6849999999999999,0.6140404993467847,0.6158956065955666,0.5931739004209611,0.25987951807228915,0.04819277108433736,,,
Qwen3-4B-Base,q4base,droite,adversaire,compuse*,hors famille,2,False,1,,0.4032,0.0296668602119321,0.029756488188403197,0.04703149949194363,0.26493975903614464,0.009036144578313227,,,
Qwen3-4B-Base,q4base,droite,adversaire,webmob,hors famille,2,False,1,,0.4032,0.05842647699230641,0.05860299202853694,0.052747133110756295,0.24987951807228925,0.003012048192771056,,,
Qwen3-4B-Base,q4base,droite,adversaire,xmovie,hors famille,2,False,1,,0.21120000000000005,0.43248294382348684,0.4337895388199325,0.4581942226738278,0.19626506024096385,0.039156626506024056,,,
Qwen3-4B-Base,q4base,droite,adversaire,usewww*,hors famille,2,False,1,,0.47119999999999995,0.011975613296559384,0.01201179339715322,0.01790898533894625,0.373975903614458,0.003012048192771167,,,
Qwen3-4B-Base,q4base,droite,adversaire,life,hors famille,3,False,1,,0.5549999999999999,0.5412795761358686,0.5429148618643759,0.5057337784874437,0.09939759036144576,0.05120481927710846,,,
Qwen3-4B-Base,q4base,droite,adversaire,richwork,hors famille,2,False,1,,0.47119999999999995,0.4934497024241544,0.4949404870236232,0.4953549136304253,0.17722891566265062,0.009036144578313227,,,
Qwen3-4B-Instruct-2507,q4nogab,gauche,journaliste,natspac/y,depenses publiques (nat*),3,False,1,,0.48319999999999985,0.6044085594833486,0.6058614646744144,0.607099931565539,0.14522781774580334,0.035971223021582774,0.54,0.5263788968824941,0.4916067146282973
Qwen3-4B-Instruct-2507,q4nogab,gauche,journaliste,natenvir/y,depenses publiques (nat*),3,False,1,,0.48319999999999985,0.25063114975645384,0.25123362848182995,0.2632368925003883,0.7361151079136691,0.014388489208633098,0.54,0.080335731414868,0.08273381294964025
Qwen3-4B-Instruct-2507,q4nogab,gauche,journaliste,natheal/y,depenses publiques (nat*),3,False,1,,0.6072,0.29687904352776784,0.29759269507470965,0.3342362081557775,0.6473381294964029,0.03357314148681051,0.56,0.10791366906474811,0.1199040767386091
Qwen3-4B-Instruct-2507,q4nogab,gauche,journaliste,natcity/y,depenses publiques (nat*),3,False,1,,0.48319999999999985,0.5771497909586001,0.578537170263789,0.5785299817699796,0.18215827338129503,0.0239808153477218,0.54,0.41846522781774576,0.4004796163069544
Qwen3-4B-Instruct-2507,q4nogab,gauche,journaliste,natdrug/y,depenses publiques (nat*),3,False,1,,0.48319999999999985,0.46583740202082935,0.46695720346799485,0.43844061441494286,0.5514628297362111,0.02398081534772179,0.54,0.18585131894484405,0.1642685851318944
Qwen3-4B-Instruct-2507,q4nogab,gauche,journaliste,nateduc/y,depenses publiques (nat*),3,False,1,,0.48319999999999985,0.32864643536968974,0.32943645083932843,0.2941416650851981,0.680959232613909,0.023980815347721802,0.54,0.11390887290167856,0.0959232613908872
Qwen3-4B-Instruct-2507,q4nogab,gauche,journaliste,natrace/y,depenses publiques (nat*),3,False,1,,0.6112,0.5171920017942481,0.5184352517985612,0.5371702637889688,0.3267146282973622,0.0647482014388489,0.46,0.22661870503597115,0.2517985611510791
Qwen3-4B-Instruct-2507,q4nogab,gauche,journaliste,natarms/y,depenses publiques (nat*),3,False,1,,0.48319999999999985,0.5347549298690544,0.5360403984504705,0.5367102001851757,0.3731414868105516,0.004796163069544307,0.46,0.24460431654676257,0.24700239808153468
Qwen3-4B-Instruct-2507,q4nogab,gauche,journaliste,nataid/y,depenses publiques (nat*),3,False,1,,0.6112,0.5713529895508054,0.5727264342372257,0.5781849340671349,0.30839328537170263,0.038369304556354886,0.46,0.7098321342925659,0.6894484412470023
Qwen3-4B-Instruct-2507,q4nogab,gauche,journaliste,natfare/y,depenses publiques (nat*),3,False,1,,0.48319999999999985,0.28507841209047136,0.28576369673491964,0.2848943866489543,0.7121342925659474,0.014388489208633146,0.54,0.09352517985611505,0.0887290167865707
Qwen3-4B-Instruct-2507,q4nogab,gauche,journaliste,natroad,depenses publiques (nat*),3,False,1,,0.48319999999999985,0.5531344708405938,0.5544641210108837,0.5364341620228997,0.431558752997602,0.026378896882494,0.54,0.26378896882493996,0.250599520383693
Qwen3-4B-Instruct-2507,q4nogab,gauche,journaliste,natsoc,depenses publiques (nat*),3,False,1,,0.48319999999999985,0.4252597921662671,0.42628205128205143,0.4454220796025051,0.5850359712230216,0.02158273381294968,0.54,0.15587529976019174,0.1690647482014388
Qwen3-4B-Instruct-2507,q4nogab,gauche,journaliste,natmass,depenses publiques (nat*),3,False,1,,0.48319999999999985,0.5075306661145904,0.508750691754289,0.483929403239998,0.4771223021582734,0.03357314148681058,0.54,0.21942446043165464,0.197841726618705
Qwen3-4B-Instruct-2507,q4nogab,gauche,journaliste,natpark,depenses publiques (nat*),3,False,1,,0.48319999999999985,0.5074501549839265,0.5086699870872533,0.5071741168216506,0.23011990407673866,0.004796163069544328,0.54,0.34652278177458024,0.3429256594724221
Qwen3-4B-Instruct-2507,q4nogab,gauche,journaliste,natchld,depenses publiques (nat*),3,False,1,,0.6112,0.42917033279850936,0.43020199225235195,0.4148853579007298,0.429832134292566,0.01199040767386087,0.46,0.16187050359712227,0.15107913669064743
Qwen3-4B-Instruct-2507,q4nogab,gauche,journaliste,natsci,depenses publiques (nat*),3,False,1,,0.48319999999999985,0.5405057249164698,0.5418050175244421,0.5424494936424963,0.326043165467626,0.031175059952038342,0.54,0.2997601918465227,0.2841726618705035
Qwen3-4B-Instruct-2507,q4nogab,gauche,journaliste,natenrgy,depenses publiques (nat*),3,False,1,,0.48319999999999985,0.46457222711039803,0.46568898727172114,0.45307063701556727,0.5466666666666666,0.014388489208633108,0.54,0.1834532374100719,0.17386091127098313
Qwen3-4B-Instruct-2507,q4nogab,gauche,journaliste,uswary,hors famille,2,False,1,,0.01980000000000004,0.4960635807900442,0.49725604132078954,0.49364824687012987,0.4456354916067147,0.011990407673860948,,,
Qwen3-4B-Instruct-2507,q4nogab,gauche,journaliste,prayer,hors famille,2,False,1,,0.29520000000000013,0.2289966587880774,0.22954713152554876,0.21830017999988494,0.048105515587530026,0.0071942446043165575,0.18,0.13189448441247,0.1247002398081534
Qwen3-4B-Instruct-2507,q4nogab,gauche,journaliste,courts,hors famille,3,False,1,,0.5592,0.6589260965328456,0.660510053495665,0.6528187521924906,0.19414868105515581,0.026378896882494007,0.59,0.4844124700239808,0.4952038369304556
Qwen3-4B-Instruct-2507,q4nogab,gauche,journaliste,discaffw,hors famille,4,False,1,,0.7064,0.6315293089269591,0.6330474082272644,0.6248123803115782,0.28896882494004794,0.01199040767386092,0.52,0.3229416466826538,0.32374100719424453
Qwen3-4B-Instruct-2507,q4nogab,gauche,journaliste,discaffm,hors famille,4,False,1,,0.7064,0.619728677489663,0.6212184098874748,0.630528670588709,0.34892086330935246,0.028776978417266154,0.48000000000000004,0.2669864108713029,0.2749800159872102
Qwen3-4B-Instruct-2507,q4nogab,gauche,journaliste,fehire,roles de genre (fe*),5,False,1,,0.7562,0.7051509871239698,0.7068460616122487,0.7098896422430401,0.2516786570743405,0.028776978417266112,0.47,0.303956834532374,0.3093525179856114
Qwen3-4B-Instruct-2507,q4nogab,gauche,journaliste,fechld,roles de genre (fe*),4,False,1,,0.6686,0.5827510653347825,0.5841519092418374,0.5771957973189794,0.15002398081534773,0.06474820143884899,0.33999999999999997,0.21103117505995198,0.1966426858513188
Qwen3-4B-Instruct-2507,q4nogab,gauche,journaliste,fepresch,roles de genre (fe*),4,False,1,,0.6849999999999999,0.6095727734359275,0.6110380926028409,0.6034539275054777,0.19892086330935252,0.04076738609112715,0.41666666666666674,0.27338129496402874,0.2901678657074339
Qwen3-4B-Instruct-2507,q4nogab,gauche,journaliste,fefam,roles de genre (fe*),4,False,1,,0.4446000000000001,0.6144954539965152,0.6159726065301607,0.6304711626382349,0.34350119904076726,0.03357314148681059,0.33,0.23021582733812943,0.24380495603517177
Qwen3-4B-Instruct-2507,q4nogab,gauche,journaliste,fepol,roles de genre (fe*),2,False,1,,0.21120000000000005,0.1577558097406967,0.15813503043718877,0.20739667258998562,0.03366906474820146,0.031175059952038398,0.12,0.0863309352517985,0.1175059952038369
Qwen3-4B-Instruct-2507,q4nogab,gauche,journaliste,mobile16,hors famille,3,False,1,,0.5752,0.6567868007752073,0.6583656152001478,0.657752934343173,0.16752997601918462,0.011990407673860864,,,
Qwen3-4B-Instruct-2507,q4nogab,gauche,journaliste,incom16,hors famille,5,False,1,,0.775,0.6773861486350489,0.679014480723114,0.6826768800786709,0.2766187050359713,0.02637889688249405,,,
Qwen3-4B-Instruct-2507,q4nogab,gauche,journaliste,dwelown16,hors famille,3,False,1,,0.6272,0.43057352679007876,0.43160855930640113,0.44925210910408364,0.38023980815347724,0.01678657074340524,,,
Qwen3-4B-Instruct-2507,q4nogab,gauche,journaliste,divorced,hors famille,2,False,1,,0.4032,0.3544330003623002,0.3552850027670173,0.35700935654354216,0.04978417266187052,0.0023980815347721257,,,
Qwen3-4B-Instruct-2507,q4nogab,gauche,journaliste,posslq/y,hors famille,4,False,1,,0.7384,0.6648609170217783,0.6664591403800038,0.6564072483020779,0.2852278177458034,0.019184652278177464,,,
Qwen3-4B-Instruct-2507,q4nogab,gauche,journaliste,wrkstat,hors famille,8,True,2,recopie du gabarit d'exemple de la relance,,,,,,,,,
Qwen3-4B-Instruct-2507,q4nogab,gauche,journaliste,evwork,hors famille,2,False,1,,0.4351999999999999,0.14574814968169347,0.14609850581073602,0.1617123567333183,0.600863309352518,0.009592326139088746,,,
Qwen3-4B-Instruct-2507,q4nogab,gauche,journaliste,wrkgovt1,hors famille,2,False,1,,0.21120000000000005,0.266445836136846,0.2670863309352519,0.3011116286826654,0.03827338129496402,0.02637889688249398,,,
Qwen3-4B-Instruct-2507,q4nogab,gauche,journaliste,wrkgovt2,hors famille,2,False,1,,0.4872000000000001,0.3695460897469076,0.3704344216934146,0.3695460897469076,0.17539568345323742,0.0,,,
Qwen3-4B-Instruct-2507,q4nogab,gauche,journaliste,partfull,hors famille,3,False,1,,0.6392,0.6413976732283239,0.6429394945581997,0.6281248382588893,0.18019184652278178,0.03117505995203844,,,
Qwen3-4B-Instruct-2507,q4nogab,gauche,journaliste,wksub1,hors famille,3,False,1,,0.5752,0.6382232343621507,0.6397574248293675,0.6414666827688928,0.17410071942446043,0.016786570743405282,,,
Qwen3-4B-Instruct-2507,q4nogab,gauche,journaliste,wksup1,hors famille,3,False,1,,0.6272,0.6245248405592073,0.626026102195167,0.6403395269395994,0.18129496402877704,0.03597122302158269,,,
Qwen3-4B-Instruct-2507,q4nogab,gauche,journaliste,conarmy,confiance dans les institutions (con*),3,False,1,,0.5952,0.6127932186624802,0.614266279284265,0.6213849064633186,0.28047961630695445,0.016786570743405282,0.36,0.6270983213429255,0.6211031175059952
Qwen3-4B-Instruct-2507,q4nogab,gauche,journaliste,conbus,confiance dans les institutions (con*),3,False,1,,0.5952,0.581980458798429,0.5833794502859253,0.5539050773769474,0.01928057553956835,0.03836930455635501,0.36,0.34652278177458024,0.33453237410071934
Qwen3-4B-Instruct-2507,q4nogab,gauche,journaliste,conclerg,confiance dans les institutions (con*),3,False,1,,0.5952,0.5201824152189041,0.5214328537170265,0.5075306661145904,0.22110311750599523,0.01438848920863308,0.36,0.2314148681055155,0.2194244604316546
Qwen3-4B-Instruct-2507,q4nogab,gauche,journaliste,coneduc,confiance dans les institutions (con*),3,False,1,,0.5952,0.518422671934395,0.5196688802803912,0.5549977284359562,0.3352517985611511,0.04316546762589924,0.64,0.36930455635491605,0.3764988009592326
Qwen3-4B-Instruct-2507,q4nogab,gauche,journaliste,confed,confiance dans les institutions (con*),3,False,1,,0.5952,0.589916555963862,0.591334624608006,0.5908481847615433,0.12422062350119908,0.019184652278177505,0.64,0.5515587529976018,0.5671462829736211
Qwen3-4B-Instruct-2507,q4nogab,gauche,journaliste,confinan,confiance dans les institutions (con*),3,False,1,,0.5952,0.5961274146150706,0.5975604132078953,0.586259050313706,0.09784172661870506,0.02398081534772184,0.36,0.4304556354916067,0.408872901678657
Qwen3-4B-Instruct-2507,q4nogab,gauche,journaliste,conjudge,confiance dans les institutions (con*),3,False,1,,0.5952,0.5352264950629425,0.5365130972145362,0.49493642496075085,0.16834532374100722,0.07434052757793763,0.36,0.2458033573141486,0.20863309352517978
Qwen3-4B-Instruct-2507,q4nogab,gauche,journaliste,conlabor,confiance dans les institutions (con*),3,False,1,,0.5952,0.5598053930955955,0.5611510791366907,0.5629108224211997,0.3088729016786571,0.004796163069544376,0.64,0.3669064748201439,0.3669064748201439
Qwen3-4B-Instruct-2507,q4nogab,gauche,journaliste,conlegis,confiance dans les institutions (con*),3,False,1,,0.5952,0.5403447026551421,0.5416436081903708,0.5380903909965553,0.08201438848920863,0.014388489208633053,,,
Qwen3-4B-Instruct-2507,q4nogab,gauche,journaliste,conmedic,confiance dans les institutions (con*),3,False,1,,0.5952,0.5148341758248078,0.5160717579782329,0.5250475878290173,0.4747242206235012,0.03117505995203836,0.64,0.22541966426858506,0.23860911270983207
Qwen3-4B-Instruct-2507,q4nogab,gauche,journaliste,conpress,confiance dans les institutions (con*),3,False,1,,0.5952,0.5499600319744204,0.5512820512820513,0.5556648206614565,0.15539568345323743,0.014388489208633129,0.64,0.5479616306954437,0.5575539568345323
Qwen3-4B-Instruct-2507,q4nogab,gauche,journaliste,consci,confiance dans les institutions (con*),3,False,1,,0.5952,0.38800614184911064,0.38893884892086333,0.3802425685351001,0.6305995203836932,0.007194244604316544,0.64,0.1402877697841726,0.13669064748201432
Qwen3-4B-Instruct-2507,q4nogab,gauche,journaliste,contv,confiance dans les institutions (con*),3,False,1,,0.5952,0.5456124309185745,0.5469239992621288,0.5260137213969831,0.10513189448441251,0.01918465227817747,,,
Qwen3-4B-Instruct-2507,q4nogab,gauche,journaliste,joblose,hors famille,5,False,1,,0.769,0.6475280207488686,0.6490845784910535,0.6898538722978452,0.4753477218225419,0.07913669064748197,,,
Qwen3-4B-Instruct-2507,q4nogab,gauche,journaliste,jobfind,hors famille,4,False,1,,0.6786,0.6994922047973132,0.7011736764434607,0.7035522661007885,0.3463069544364509,0.062350119904076726,,,
Qwen3-4B-Instruct-2507,q4nogab,gauche,journaliste,happy,hors famille,3,False,1,,0.5666,0.5672814266572354,0.5686450839328537,0.568661617468615,0.03378896882494005,0.019184652278177478,,,
Qwen3-4B-Instruct-2507,q4nogab,gauche,journaliste,hapmar,hors famille,4,False,1,,0.6041999999999998,0.5296597254570445,0.5309329459509318,0.5666373376119249,0.5750839328537172,0.04076738609112707,,,
Qwen3-4B-Instruct-2507,q4nogab,gauche,journaliste,satjob,hors famille,5,False,1,,0.7462,0.7208851623736983,0.7226180593986351,0.7313056029996148,0.3579376498800959,0.023980815347721795,,,
Qwen3-4B-Instruct-2507,q4nogab,gauche,journaliste,spdeg*,hors famille,6,False,1,,0.7949999999999999,0.6193491250165336,0.6208379450285927,0.6192686138858698,0.47793764988009607,0.019184652278177425,,,
Qwen3-4B-Instruct-2507,q4nogab,gauche,journaliste,spjew,hors famille,5,False,1,,0.7522,0.3590451379903271,0.35990822726434235,0.3552151084887486,0.7020383693045564,0.011990407673860878,,,
Qwen3-4B-Instruct-2507,q4nogab,gauche,journaliste,spfund,hors famille,4,False,1,,0.6362,0.40653520349188277,0.40751245157719984,0.40483296815784775,0.6982014388489208,0.009592326139088697,,,
Qwen3-4B-Instruct-2507,q4nogab,gauche,journaliste,unemp,hors famille,2,False,1,,0.21120000000000005,0.4968686920966824,0.4980630879911456,0.4999281150619074,0.340431654676259,0.03357314148681054,,,
Qwen3-4B-Instruct-2507,q4nogab,gauche,journaliste,union1,hors famille,4,False,1,,0.6881999999999999,0.1864292738471095,0.1868774211400112,0.21067462576701224,0.44928057553956835,0.014388489208633056,,,
Qwen3-4B-Instruct-2507,q4nogab,gauche,journaliste,spkath/y,libertes civiles (spk/col/lib),2,False,1,,0.4032,0.2254541690388696,0.2259961261759823,0.2254541690388696,0.1505035971223022,0.0,0.28,0.1294964028776978,0.1294964028776978
Qwen3-4B-Instruct-2507,q4nogab,gauche,journaliste,colath,libertes civiles (spk/col/lib),2,False,1,,0.4872000000000001,0.28882793046138633,0.2895222283711493,0.2980752088976302,0.2449400479616307,0.007194244604316502,0.42,0.1750599520383693,0.1822541966426858
Qwen3-4B-Instruct-2507,q4nogab,gauche,journaliste,spkrac/y,libertes civiles (spk/col/lib),2,False,1,,0.01980000000000004,0.4729453846994347,0.4740822726434238,0.4863102323896278,0.3736930455635491,0.03357314148681059,,,
Qwen3-4B-Instruct-2507,q4nogab,gauche,journaliste,colrac,libertes civiles (spk/col/lib),2,False,1,,0.01980000000000004,0.33299403642553593,0.3337945028592512,0.3274042636394483,0.20103117505995202,0.0047961630695443624,,,
Qwen3-4B-Instruct-2507,q4nogab,gauche,journaliste,librac/y,libertes civiles (spk/col/lib),2,False,1,,0.01980000000000004,0.48858754722840436,0.4897620365246265,0.4878514454623353,0.4144604316546763,0.002398081534772223,,,
Qwen3-4B-Instruct-2507,q4nogab,gauche,journaliste,spkcom/y,libertes civiles (spk/col/lib),2,False,1,,0.4032,0.3620930593654572,0.3629634753735473,0.3245748724761197,0.042589928057554016,0.03357314148681054,0.28,0.237410071942446,0.2038369304556355
Qwen3-4B-Instruct-2507,q4nogab,gauche,journaliste,colcom/y,libertes civiles (spk/col/lib),2,False,1,,0.4351999999999999,0.3620930593654572,0.3629634753735473,0.3274042636394483,0.08258992805755397,0.031175059952038342,0.32,0.237410071942446,0.2062350119904076
Qwen3-4B-Instruct-2507,q4nogab,gauche,journaliste,libcom/y,libertes civiles (spk/col/lib),2,False,1,,0.21120000000000005,0.30412504528751083,0.30485611510791355,0.2793736234034354,0.06705035971223018,0.019184652278177464,0.12,0.1870503597122302,0.1678657074340527
Qwen3-4B-Instruct-2507,q4nogab,gauche,journaliste,spkhomo/y,libertes civiles (spk/col/lib),2,False,1,,0.1472,0.04681147168596045,0.046923999262128625,0.09994881792407795,0.05601918465227819,0.028776978417266216,0.08,0.0239808153477218,0.052757793764988
Qwen3-4B-Instruct-2507,q4nogab,gauche,journaliste,colhomo,libertes civiles (spk/col/lib),2,False,1,,0.4351999999999999,0.05589772786087677,0.05603209739900388,0.10848299777444237,0.29122302158273383,0.02877697841726616,0.32,0.0287769784172661,0.0575539568345323
Qwen3-4B-Instruct-2507,q4nogab,gauche,journaliste,libhomo/y,libertes civiles (spk/col/lib),2,False,1,,0.21120000000000005,0.08260442006107338,0.0828029883785279,0.1127155829293397,0.07683453237410078,0.016786570743405237,0.12,0.0431654676258992,0.0599520383693045
Qwen3-4B-Instruct-2507,q4nogab,gauche,journaliste,cappun,hors famille,2,False,1,,0.21120000000000005,0.4855051210829897,0.4866722007009777,0.4893006458142839,0.2948681055155875,0.01199040767386092,0.12,0.4148681055155875,0.4268585131894484
Qwen3-4B-Instruct-2507,q4nogab,gauche,journaliste,polhitok/y,hors famille,2,False,1,,0.01980000000000004,0.4772239762147117,0.4783711492344586,0.4855051210829897,0.5967146282973621,0.021582733812949617,0.01,0.6067146282973621,0.5851318944844125
Qwen3-4B-Instruct-2507,q4nogab,gauche,journaliste,polabuse/y,hors famille,2,False,1,,0.01980000000000004,0.07379420204843301,0.07397159195720329,0.02836292117385253,0.02836930455635484,0.02398081534772173,0.01,0.0383693045563549,0.014388489208633
Qwen3-4B-Instruct-2507,q4nogab,gauche,journaliste,polattak/y,hors famille,2,False,1,,0.21120000000000005,0.45065530309565305,0.45173860911270997,0.4361632995761664,0.537074340527578,0.02158273381294959,0.12,0.657074340527578,0.6786570743405276
Qwen3-4B-Instruct-2507,q4nogab,gauche,journaliste,grass,hors famille,2,False,1,,0.22619999999999996,0.23948610895456302,0.24006179671647304,0.2360126287459241,0.009088729016786548,0.0023980815347721396,0.13,0.1390887290167865,0.1366906474820144
Qwen3-4B-Instruct-2507,q4nogab,gauche,journaliste,gunlaw,hors famille,2,False,1,,0.4032,0.2793736234034354,0.2800451946135398,0.27617618135707267,0.5521342925659473,0.002398081534772195,0.72,0.1678657074340527,0.1654676258992805
Qwen3-4B-Instruct-2507,q4nogab,gauche,journaliste,owngun,hors famille,2,False,1,,0.21120000000000005,0.31302727602090996,0.3137797454344218,0.33299403642553593,0.07424460431654674,0.016786570743405296,,,
Qwen3-4B-Instruct-2507,q4nogab,gauche,journaliste,hunt1,hors famille,4,False,1,,0.6794,0.09701591244989627,0.09724912377790083,0.1369494332591482,0.47964028776978423,0.021582733812949714,,,
Qwen3-4B-Instruct-2507,q4nogab,gauche,journaliste,class,hors famille,4,False,1,,0.6821999999999999,0.6532098062557149,0.6547800221361374,0.6465733887709977,0.18033573141486814,0.04316546762589932,,,
Qwen3-4B-Instruct-2507,q4nogab,gauche,journaliste,satfin,hors famille,3,False,1,,0.5512,0.6555446290449656,0.6571204574801699,0.6279753175876566,0.216546762589928,0.07434052757793773,,,
Qwen3-4B-Instruct-2507,q4nogab,gauche,journaliste,finalter,hors famille,3,False,1,,0.6566000000000001,0.6607318461777342,0.6623201438848922,0.6660110760312614,0.024964028776978453,0.0455635491606714,,,
Qwen3-4B-Instruct-2507,q4nogab,gauche,journaliste,finrela,hors famille,5,False,1,,0.775,0.7240596012398715,0.7258001291274674,0.7231969819827591,0.25575539568345323,0.047961630695443735,,,
Qwen3-4B-Instruct-2507,q4nogab,gauche,journaliste,racdif1,hors famille,2,False,1,,0.4872000000000001,0.30711545871216706,0.30785371702637904,0.3357544180482952,0.23055155875299765,0.02398081534772184,0.42,0.1894484412470023,0.2134292565947242
Qwen3-4B-Instruct-2507,q4nogab,gauche,journaliste,racdif2,hors famille,2,False,1,,0.01980000000000004,0.10848299777444237,0.10874377421140018,0.10848299777444237,0.04755395683453232,0.0,0.01,0.0575539568345323,0.0575539568345323
Qwen3-4B-Instruct-2507,q4nogab,gauche,journaliste,racdif3,hors famille,2,False,1,,0.21120000000000005,0.4037058123285544,0.4046762589928058,0.4078693879428832,0.5994244604316548,0.0047961630695443624,0.88,0.2805755395683453,0.2853717026378897
Qwen3-4B-Instruct-2507,q4nogab,gauche,journaliste,racdif4,hors famille,2,False,1,,0.01980000000000004,0.21105417824014183,0.2115615200147576,0.23948610895456302,0.10990407673860912,0.01918465227817743,0.01,0.1199040767386091,0.1390887290167865
Qwen3-4B-Instruct-2507,q4nogab,gauche,journaliste,wlthwhts,hors famille,7,False,1,,0.8242,0.6520021392957578,0.6535694521306035,0.6672532477615031,0.3660671462829737,0.04796163069544367,,,
Qwen3-4B-Instruct-2507,q4nogab,gauche,journaliste,wlthblks,hors famille,7,False,1,,0.8242,0.6299420894938725,0.6314563733628482,0.6623535703811052,0.5202398081534773,0.043165467625899304,,,
Qwen3-4B-Instruct-2507,q4nogab,gauche,journaliste,wlthhsps,hors famille,7,False,1,,0.8242,0.6861733634674995,0.6878228186681425,0.6943624956150187,0.414484412470024,0.019184652278177443,,,
Qwen3-4B-Instruct-2507,q4nogab,gauche,journaliste,racwork,hors famille,7,False,1,,0.7627999999999999,0.7390461731334357,0.7408227264342373,0.7292008120122607,0.3990647482014389,0.043165467625899276,,,
Qwen3-4B-Instruct-2507,q4nogab,gauche,journaliste,letin1a,hors famille,5,False,1,,0.7682,0.7275330814485104,0.7292819590481463,0.695581664165071,0.13177458033573136,0.05035971223021584,0.5325,0.4496402877697841,0.4514388489208633
Qwen3-4B-Instruct-2507,q4nogab,gauche,journaliste,getahead,hors famille,3,False,1,,0.6112,0.5411958203221595,0.5424967718133186,0.5282220266951907,0.08968824940047965,0.019184652278177478,0.54,0.5875299760191847,0.5779376498800959
Qwen3-4B-Instruct-2507,q4nogab,gauche,journaliste,aged,hors famille,3,False,1,,0.6272,0.5104865747689618,0.5117137059583102,0.5007332263685456,0.14244604316546772,0.011990407673860875,,,
Qwen3-4B-Instruct-2507,q4nogab,gauche,journaliste,parsol,hors famille,5,False,1,,0.7522,0.7794397575464809,0.7813134108098139,0.7865937465854655,0.1359952038369304,0.028776978417266237,,,
Qwen3-4B-Instruct-2507,q4nogab,gauche,journaliste,kidssol,hors famille,6,False,1,,0.7522,0.7641771474906407,0.7660141117874932,0.7765068520722991,0.39558752997601926,0.03357314148681051,,,
Qwen3-4B-Instruct-2507,q4nogab,gauche,journaliste,spanking,hors famille,4,False,1,,0.6849999999999999,0.687024481134517,0.6886759822910904,0.6873350240670772,0.21486810551558755,0.02398081534772186,0.41666666666666674,0.31654676258992803,0.3229416466826539
Qwen3-4B-Instruct-2507,q4nogab,gauche,journaliste,divlaw,hors famille,3,False,1,,0.6566000000000001,0.5584597070545003,0.5598021582733814,0.5709159291272019,0.20525179856115108,0.026378896882493987,0.475,0.29856115107913667,0.302158273381295
Qwen3-4B-Instruct-2507,q4nogab,gauche,journaliste,sexeduc,hors famille,2,False,1,,0.29520000000000013,0.08697502429710946,0.08718409887474675,0.09994881792407795,0.1344364508393285,0.007194244604316495,0.18,0.0455635491606714,0.052757793764988
Qwen3-4B-Instruct-2507,q4nogab,gauche,journaliste,pillok,hors famille,4,False,1,,0.6984,0.6006245363421493,0.6020683453237411,0.6117695771440402,0.24038369304556356,0.026378896882494018,0.38,0.21662669864108702,0.2278177458033572
Qwen3-4B-Instruct-2507,q4nogab,gauche,journaliste,xmarsex,hors famille,4,False,1,,0.6901999999999999,0.6828954102904727,0.6845369857959788,0.6762819959859452,0.347841726618705,0.050359712230215806,0.42333333333333334,0.6666666666666666,0.6562749800159873
Qwen3-4B-Instruct-2507,q4nogab,gauche,journaliste,homosex,hors famille,4,False,1,,0.7154,0.369166537273778,0.37005395683453235,0.36580807296608764,0.5117745803357314,0.007194244604316585,0.4,0.12310151878497194,0.12390087929656268
Qwen3-4B-Instruct-2507,q4nogab,gauche,journaliste,marhomo,hors famille,5,False,1,,0.7038,0.386625951037731,0.38755534034311023,0.3717888998153994,0.44978417266187054,0.023980815347721875,0.295,0.10191846522781763,0.09892086330935236
Qwen3-4B-Instruct-2507,q4nogab,gauche,journaliste,discaff,hors famille,3,False,1,,0.5912,0.4492866138743682,0.4503666297731047,0.44297224091230614,0.19304556354916075,0.007194244604316502,0.31,0.1762589928057553,0.17266187050359705
Qwen3-4B-Instruct-2507,q4nogab,gauche,journaliste,abdefect,avortement (ab*),2,False,1,,0.34319999999999995,0.1127155829293397,0.11298653384984293,0.09994881792407795,0.16004796163069554,0.0071942446043164465,0.22,0.0599520383693045,0.052757793764988
Qwen3-4B-Instruct-2507,q4nogab,gauche,journaliste,abnomore,avortement (ab*),2,False,1,,0.29520000000000013,0.22188867610947205,0.22242206235011985,0.2289966587880774,0.0529016786570744,0.004796163069544376,0.18,0.1270983213429256,0.13189448441247
Qwen3-4B-Instruct-2507,q4nogab,gauche,journaliste,abhlth,avortement (ab*),2,False,1,,0.1472,0.06935458827182872,0.06952130603209755,0.06489197131503444,0.044028776978417214,0.0023980815347722367,0.08,0.0359712230215827,0.0335731414868105
Qwen3-4B-Instruct-2507,q4nogab,gauche,journaliste,abpoor,avortement (ab*),2,False,1,,0.22619999999999996,0.18876409663635996,0.18921785648404355,0.20739667258998562,0.02448441247002399,0.01199040767386092,0.13,0.105515587529976,0.1175059952038369
Qwen3-4B-Instruct-2507,q4nogab,gauche,journaliste,abrape,avortement (ab*),2,False,1,,0.1472,0.06489197131503444,0.06504796163069558,0.07379420204843301,0.04642685851318945,0.00479616306954431,0.08,0.0335731414868105,0.0383693045563549
Qwen3-4B-Instruct-2507,q4nogab,gauche,journaliste,absingle,avortement (ab*),2,False,1,,0.29520000000000013,0.22188867610947205,0.22242206235011985,0.2254541690388696,0.0529016786570744,0.002398081534772195,0.18,0.1270983213429256,0.1294964028776978
Qwen3-4B-Instruct-2507,q4nogab,gauche,journaliste,abany,avortement (ab*),2,False,1,,0.1472,0.23948610895456302,0.24006179671647304,0.27295573613051993,0.05908872901678657,0.02398081534772184,0.08,0.1390887290167865,0.1630695443645084
Qwen3-4B-Instruct-2507,q4nogab,gauche,journaliste,letdie1,fin de vie (suicide/letdie),2,False,1,,0.4872000000000001,0.23948610895456302,0.24006179671647304,0.24976853049934156,0.28091127098321345,0.007194244604316544,0.42,0.1390887290167865,0.1462829736211031
Qwen3-4B-Instruct-2507,q4nogab,gauche,journaliste,suicide1,fin de vie (suicide/letdie),2,False,1,,0.4872000000000001,0.24976853049934156,0.25036893562073426,0.23948610895456302,0.27371702637889694,0.007194244604316544,0.42,0.1462829736211031,0.1390887290167865
Qwen3-4B-Instruct-2507,q4nogab,gauche,journaliste,suicide2,fin de vie (suicide/letdie),2,False,1,,0.21120000000000005,0.455071913692068,0.45616583656152015,0.4217173024170592,0.23011990407673863,0.04796163069544365,0.88,0.6498800959232613,0.697841726618705
Qwen3-4B-Instruct-2507,q4nogab,gauche,journaliste,suicide3,fin de vie (suicide/letdie),2,False,1,,0.21120000000000005,0.44120099603770213,0.4422615753551005,0.3972879250556389,0.20853717026378896,0.05515587529976018,0.88,0.6714628297362111,0.7266187050359713
Qwen3-4B-Instruct-2507,q4nogab,gauche,journaliste,suicide4,fin de vie (suicide/letdie),2,False,1,,0.4872000000000001,0.4999741214222867,0.5011759822910903,0.494177320014492,0.08359712230215827,0.05035971223021582,0.42,0.5035971223021583,0.5539568345323741
Qwen3-4B-Instruct-2507,q4nogab,gauche,journaliste,pornlaw,hors famille,3,False,1,,0.5472,0.3960687565055869,0.39702084486257155,0.336237484832278,0.4920863309352518,0.04316546762589932,0.26,0.5131894484412469,0.5347721822541966
Qwen3-4B-Instruct-2507,q4nogab,gauche,journaliste,fair,hors famille,3,False,1,,0.5912,0.6478500652715239,0.6494073971591959,0.6429618894812208,0.20503597122302153,0.014388489208633101,,,
Qwen3-4B-Instruct-2507,q4nogab,gauche,journaliste,helpful,hors famille,3,False,1,,0.6632,0.6572008580186212,0.6587806677734737,0.6533133205665684,0.09247002398081533,0.023980815347721895,,,
Qwen3-4B-Instruct-2507,q4nogab,gauche,journaliste,trust,hors famille,3,False,1,,0.6632,0.6352558241176844,0.6367828813871982,0.624950399392716,0.15083932853717025,0.05035971223021583,,,
Qwen3-4B-Instruct-2507,q4nogab,gauche,journaliste,tax,hors famille,3,False,1,,0.48319999999999985,0.5310514178585188,0.5323279837668327,0.5330296913548298,0.34282973621103124,0.021582733812949676,0.46,0.7146282973621103,0.7014388489208633
Qwen3-4B-Instruct-2507,q4nogab,gauche,journaliste,vote16,hors famille,3,False,1,,0.5512,0.45655561881430096,0.45765310828260464,0.4616738264065007,0.1641247002398082,0.02637889688249402,,,
Qwen3-4B-Instruct-2507,q4nogab,gauche,journaliste,pres16,hors famille,4,False,1,,0.15139999999999998,0.5299472652094153,0.5312211769046302,0.5420009316287977,0.301294964028777,0.019184652278177425,,,
Qwen3-4B-Instruct-2507,q4nogab,gauche,journaliste,if16who,hors famille,3,False,1,,0.1502,0.2952458177343018,0.2959555432577016,0.3062873442253392,0.09026378896882492,0.007194244604316551,,,
Qwen3-4B-Instruct-2507,q4nogab,gauche,journaliste,news,hors famille,5,False,1,,0.7822,0.763464048904761,0.7652992990223206,0.7726193146202464,0.18119904076738616,0.028776978417266244,,,
Qwen3-4B-Instruct-2507,q4nogab,gauche,journaliste,jew,hors famille,5,False,1,,0.7462,0.35444450195239496,0.3552965320051652,0.35147709170792873,0.6889688249400481,0.021582733812949624,,,
Qwen3-4B-Instruct-2507,q4nogab,gauche,journaliste,relig16*,hors famille,5,False,1,,0.6940857975843399,0.760289610038588,0.7621172292934885,0.7588864160470186,0.23904957666519847,0.033573141486810475,,,
Qwen3-4B-Instruct-2507,q4nogab,gauche,journaliste,jew16*,hors famille,5,False,1,,0.6921999999999999,0.33779019949508016,0.33860219516694334,0.3568138295119301,0.7732613908872903,0.023980815347721826,,,
Qwen3-4B-Instruct-2507,q4nogab,gauche,journaliste,attend,hors famille,9,False,1,,0.8623490212411495,0.6663101173737269,0.6679118243866446,0.6820902989838346,0.5590221700190867,0.04796163069544366,,,
Qwen3-4B-Instruct-2507,q4nogab,gauche,journaliste,pray,hors famille,6,False,1,,0.8182,0.7287752531787521,0.7305271167681242,0.7429682153557731,0.28983213429256593,0.045563549160671374,,,
Qwen3-4B-Instruct-2507,q4nogab,gauche,journaliste,postlife,hors famille,2,False,1,,0.4872000000000001,0.48858754722840436,0.4897620365246265,0.48382588892914447,0.004460431654676272,0.014388489208633143,,,
Qwen3-4B-Instruct-2507,q4nogab,gauche,journaliste,bible,hors famille,3,False,1,,0.48319999999999985,0.565073121359028,0.5664314702084488,0.5598283962757853,0.3443645083932854,0.009592326139088683,,,
Qwen3-4B-Instruct-2507,q4nogab,gauche,journaliste,reborn,hors famille,3,False,1,,0.5592,0.6251229232441387,0.6266256225788602,0.6266756379069407,0.19390887290167863,0.004796163069544404,,,
Qwen3-4B-Instruct-2507,q4nogab,gauche,journaliste,savesoul,hors famille,2,False,1,,0.21120000000000005,0.3188470806088941,0.3196135399372809,0.3620930593654572,0.07904076738609112,0.0383693045563549,,,
Qwen3-4B-Instruct-2507,q4nogab,gauche,journaliste,granborn,hors famille,5,False,1,,0.7544,0.6455037408921784,0.6470554325770155,0.6269286728890269,0.3673860911270983,0.028776978417266286,,,
Qwen3-4B-Instruct-2507,q4nogab,gauche,journaliste,uscitzn*,hors famille,2,False,1,,0.039200000000000124,0.014284974897779357,0.014319313779745173,0.01900062683666026,0.012805755395683564,0.002398081534772295,,,
Qwen3-4B-Instruct-2507,q4nogab,gauche,journaliste,fucitzn,hors famille,5,False,1,,0.6821999999999999,0.028500940254990503,0.028569452130603464,0.03787473618227721,0.685611510791367,0.007194244604316462,,,
Qwen3-4B-Instruct-2507,q4nogab,gauche,journaliste,mnthsusa,hors famille,6,False,1,,0.7682,0.03300956357216367,0.033088913484596756,0.05612775966277339,0.8799999999999999,0.011990407673860979,,,
Qwen3-4B-Instruct-2507,q4nogab,gauche,journaliste,income,hors famille,12,True,2,recopie du gabarit d'exemple de la relance,,,,,,,,,
Qwen3-4B-Instruct-2507,q4nogab,gauche,journaliste,othlang,hors famille,2,False,1,,0.47119999999999995,0.35956270954459457,0.36042704298099987,0.35956270954459457,0.1449880095923262,0.0,,,
Qwen3-4B-Instruct-2507,q4nogab,gauche,journaliste,health,hors famille,4,False,1,,0.6961999999999999,0.6005785299817701,0.6020222283711494,0.6090552018816602,0.17875299760191848,0.047961630695443555,,,
Qwen3-4B-Instruct-2507,q4nogab,gauche,journaliste,compuse*,hors famille,2,False,1,,0.039200000000000124,0.0376332027902857,0.03772366722007005,0.04681147168596045,0.0008153477218225836,0.004796163069544366,,,
Qwen3-4B-Instruct-2507,q4nogab,gauche,journaliste,webmob,hors famille,2,False,1,,0.1472,0.02369327559535117,0.023750230584763075,0.0376332027902857,0.06800959232613905,0.007194244604316502,,,
Qwen3-4B-Instruct-2507,q4nogab,gauche,journaliste,xmovie,hors famille,2,False,1,,0.21120000000000005,0.4919230083559052,0.49310551558753,0.494177320014492,0.3164508393285371,0.009592326139088753,,,
Qwen3-4B-Instruct-2507,q4nogab,gauche,journaliste,usewww*,hors famille,2,False,1,,0.1472,0.02836292117385253,0.02843110127282814,0.01900062683666026,0.06561151079136687,0.004796163069544373,,,
Qwen3-4B-Instruct-2507,q4nogab,gauche,journaliste,life,hors famille,3,False,1,,0.6112,0.5237134033780171,0.5249723298284451,0.5274629217489317,0.11846522781774574,0.021582733812949603,,,
Qwen3-4B-Instruct-2507,q4nogab,gauche,journaliste,richwork,hors famille,2,False,1,,0.4032,0.4619728677489663,0.463083379450286,0.4863102323896278,0.08211031175059946,0.05515587529976021,,,
Qwen3-4B-Instruct-2507,q4nogab,gauche,adversaire,natspac/y,depenses publiques (nat*),3,False,1,,0.5512,0.6044085594833486,0.6058614646744144,0.607099931565539,0.1589928057553957,0.035971223021582774,0.39,0.5263788968824941,0.4916067146282973
Qwen3-4B-Instruct-2507,q4nogab,gauche,adversaire,natenvir/y,depenses publiques (nat*),3,False,1,,0.5902,0.25063114975645384,0.25123362848182995,0.2632368925003883,0.5761151079136692,0.014388489208633098,0.44500000000000006,0.080335731414868,0.08273381294964025
Qwen3-4B-Instruct-2507,q4nogab,gauche,adversaire,natheal/y,depenses publiques (nat*),3,False,1,,0.6112,0.29687904352776784,0.29759269507470965,0.3342362081557775,0.5473381294964029,0.03357314148681051,0.46,0.10791366906474811,0.1199040767386091
Qwen3-4B-Instruct-2507,q4nogab,gauche,adversaire,natcity/y,depenses publiques (nat*),3,False,1,,0.48319999999999985,0.5771497909586001,0.578537170263789,0.5785299817699796,0.18215827338129503,0.0239808153477218,0.54,0.41846522781774576,0.4004796163069544
Qwen3-4B-Instruct-2507,q4nogab,gauche,adversaire,natdrug/y,depenses publiques (nat*),3,False,1,,0.6112,0.46583740202082935,0.46695720346799485,0.43844061441494286,0.3914628297362111,0.02398081534772179,0.46,0.18585131894484405,0.1642685851318944
Qwen3-4B-Instruct-2507,q4nogab,gauche,adversaire,nateduc/y,depenses publiques (nat*),3,False,1,,0.5549999999999999,0.32864643536968974,0.32943645083932843,0.2941416650851981,0.650959232613909,0.023980815347721802,0.55,0.11390887290167856,0.0959232613908872
Qwen3-4B-Instruct-2507,q4nogab,gauche,adversaire,natrace/y,depenses publiques (nat*),3,False,1,,0.48319999999999985,0.5171920017942481,0.5184352517985612,0.5371702637889688,0.48671462829736223,0.0647482014388489,0.54,0.22661870503597115,0.2517985611510791
Qwen3-4B-Instruct-2507,q4nogab,gauche,adversaire,natarms/y,depenses publiques (nat*),3,False,1,,0.6112,0.5347549298690544,0.5360403984504705,0.5367102001851757,0.3731414868105516,0.004796163069544307,0.54,0.24460431654676257,0.24700239808153468
Qwen3-4B-Instruct-2507,q4nogab,gauche,adversaire,nataid/y,depenses publiques (nat*),3,False,1,,0.5902,0.5713529895508054,0.5727264342372257,0.5781849340671349,0.33839328537170266,0.038369304556354886,0.44500000000000006,0.7098321342925659,0.6894484412470023
Qwen3-4B-Instruct-2507,q4nogab,gauche,adversaire,natfare/y,depenses publiques (nat*),3,False,1,,0.5902,0.28507841209047136,0.28576369673491964,0.2848943866489543,0.5521342925659474,0.014388489208633146,0.44500000000000006,0.09352517985611505,0.0887290167865707
Qwen3-4B-Instruct-2507,q4nogab,gauche,adversaire,natroad,depenses publiques (nat*),3,False,1,,0.6112,0.5531344708405938,0.5544641210108837,0.5364341620228997,0.27155875299760196,0.026378896882494,0.46,0.26378896882493996,0.250599520383693
Qwen3-4B-Instruct-2507,q4nogab,gauche,adversaire,natsoc,depenses publiques (nat*),3,False,1,,0.48319999999999985,0.4252597921662671,0.42628205128205143,0.4454220796025051,0.5850359712230216,0.02158273381294968,0.54,0.15587529976019174,0.1690647482014388
Qwen3-4B-Instruct-2507,q4nogab,gauche,adversaire,natmass,depenses publiques (nat*),3,False,1,,0.48319999999999985,0.5075306661145904,0.508750691754289,0.483929403239998,0.4771223021582734,0.03357314148681058,0.54,0.21942446043165464,0.197841726618705
Qwen3-4B-Instruct-2507,q4nogab,gauche,adversaire,natpark,depenses publiques (nat*),3,False,1,,0.6072,0.5074501549839265,0.5086699870872533,0.5071741168216506,0.25683453237410075,0.004796163069544328,0.56,0.34652278177458024,0.3429256594724221
Qwen3-4B-Instruct-2507,q4nogab,gauche,adversaire,natchld,depenses publiques (nat*),3,False,1,,0.5902,0.42917033279850936,0.43020199225235195,0.4148853579007298,0.429832134292566,0.01199040767386087,0.44500000000000006,0.16187050359712227,0.15107913669064743
Qwen3-4B-Instruct-2507,q4nogab,gauche,adversaire,natsci,depenses publiques (nat*),3,False,1,,0.6072,0.5405057249164698,0.5418050175244421,0.5424494936424963,0.26604316546762596,0.031175059952038342,0.56,0.2997601918465227,0.2841726618705035
Qwen3-4B-Instruct-2507,q4nogab,gauche,adversaire,natenrgy,depenses publiques (nat*),3,False,1,,0.5512,0.46457222711039803,0.46568898727172114,0.45307063701556727,0.3466666666666667,0.014388489208633108,0.39,0.1834532374100719,0.17386091127098313
Qwen3-4B-Instruct-2507,q4nogab,gauche,adversaire,uswary,hors famille,2,False,1,,0.01980000000000004,0.4960635807900442,0.49725604132078954,0.49364824687012987,0.4456354916067147,0.011990407673860948,,,
Qwen3-4B-Instruct-2507,q4nogab,gauche,adversaire,prayer,hors famille,2,False,1,,0.22619999999999996,0.2289966587880774,0.22954713152554876,0.21830017999988494,0.0018944844124699906,0.0071942446043165575,0.13,0.13189448441247,0.1247002398081534
Qwen3-4B-Instruct-2507,q4nogab,gauche,adversaire,courts,hors famille,3,False,1,,0.5592,0.6589260965328456,0.660510053495665,0.6528187521924906,0.19414868105515581,0.026378896882494007,0.59,0.4844124700239808,0.4952038369304556
Qwen3-4B-Instruct-2507,q4nogab,gauche,adversaire,discaffw,hors famille,4,False,1,,0.6961999999999999,0.6315293089269591,0.6330474082272644,0.6248123803115782,0.28896882494004794,0.01199040767386092,0.51,0.3229416466826538,0.32374100719424453
Qwen3-4B-Instruct-2507,q4nogab,gauche,adversaire,discaffm,hors famille,4,False,1,,0.725,0.619728677489663,0.6212184098874748,0.630528670588709,0.34892086330935246,0.028776978417266154,0.4833333333333333,0.2669864108713029,0.2749800159872102
Qwen3-4B-Instruct-2507,q4nogab,gauche,adversaire,fehire,roles de genre (fe*),5,False,1,,0.775,0.7051509871239698,0.7068460616122487,0.7098896422430401,0.40167865707434053,0.028776978417266112,0.5625,0.303956834532374,0.3093525179856114
Qwen3-4B-Instruct-2507,q4nogab,gauche,adversaire,fechld,roles de genre (fe*),4,False,1,,0.6686,0.5827510653347825,0.5841519092418374,0.5771957973189794,0.15002398081534773,0.06474820143884899,0.33999999999999997,0.21103117505995198,0.1966426858513188
Qwen3-4B-Instruct-2507,q4nogab,gauche,adversaire,fepresch,roles de genre (fe*),4,False,1,,0.6849999999999999,0.6095727734359275,0.6110380926028409,0.6034539275054777,0.19892086330935252,0.04076738609112715,0.41666666666666674,0.27338129496402874,0.2901678657074339
Qwen3-4B-Instruct-2507,q4nogab,gauche,adversaire,fefam,roles de genre (fe*),4,False,1,,0.4869999999999999,0.6144954539965152,0.6159726065301607,0.6304711626382349,0.30350119904076733,0.03357314148681059,0.3166666666666667,0.23021582733812943,0.24380495603517177
Qwen3-4B-Instruct-2507,q4nogab,gauche,adversaire,fepol,roles de genre (fe*),2,False,1,,0.21120000000000005,0.1577558097406967,0.15813503043718877,0.20739667258998562,0.03366906474820146,0.031175059952038398,0.12,0.0863309352517985,0.1175059952038369
Qwen3-4B-Instruct-2507,q4nogab,gauche,adversaire,mobile16,hors famille,3,False,1,,0.5626,0.6567868007752073,0.6583656152001478,0.657752934343173,0.17935251798561153,0.011990407673860864,,,
Qwen3-4B-Instruct-2507,q4nogab,gauche,adversaire,incom16,hors famille,5,False,1,,0.775,0.6773861486350489,0.679014480723114,0.6826768800786709,0.2766187050359713,0.02637889688249405,,,
Qwen3-4B-Instruct-2507,q4nogab,gauche,adversaire,dwelown16,hors famille,3,False,1,,0.6552,0.43057352679007876,0.43160855930640113,0.44925210910408364,0.4202398081534772,0.01678657074340524,,,
Qwen3-4B-Instruct-2507,q4nogab,gauche,adversaire,divorced,hors famille,2,False,1,,0.4032,0.3544330003623002,0.3552850027670173,0.35700935654354216,0.04978417266187052,0.0023980815347721257,,,
Qwen3-4B-Instruct-2507,q4nogab,gauche,adversaire,posslq/y,hors famille,4,False,1,,0.7282,0.6648609170217783,0.6664591403800038,0.6564072483020779,0.33258992805755394,0.019184652278177464,,,
Qwen3-4B-Instruct-2507,q4nogab,gauche,adversaire,wrkstat,hors famille,8,False,1,,0.7944,0.7952084375664936,0.7971199963106439,0.7777490238025409,0.42223021582733816,0.057553956834532315,,,
Qwen3-4B-Instruct-2507,q4nogab,gauche,adversaire,evwork,hors famille,2,False,1,,0.29520000000000013,0.14574814968169347,0.14609850581073602,0.1617123567333183,0.10086330935251804,0.009592326139088746,,,
Qwen3-4B-Instruct-2507,q4nogab,gauche,adversaire,wrkgovt1,hors famille,2,False,1,,0.4032,0.266445836136846,0.2670863309352519,0.3011116286826654,0.12172661870503601,0.02637889688249398,,,
Qwen3-4B-Instruct-2507,q4nogab,gauche,adversaire,wrkgovt2,hors famille,2,False,1,,0.4872000000000001,0.3695460897469076,0.3704344216934146,0.3695460897469076,0.17539568345323742,0.0,,,
Qwen3-4B-Instruct-2507,q4nogab,gauche,adversaire,partfull,hors famille,3,False,1,,0.6392,0.6413976732283239,0.6429394945581997,0.6281248382588893,0.18019184652278178,0.03117505995203844,,,
Qwen3-4B-Instruct-2507,q4nogab,gauche,adversaire,wksub1,hors famille,3,False,1,,0.5752,0.6382232343621507,0.6397574248293675,0.6414666827688928,0.17410071942446043,0.016786570743405282,,,
Qwen3-4B-Instruct-2507,q4nogab,gauche,adversaire,wksup1,hors famille,3,False,1,,0.6272,0.6245248405592073,0.626026102195167,0.6403395269395994,0.18129496402877704,0.03597122302158269,,,
Qwen3-4B-Instruct-2507,q4nogab,gauche,adversaire,conarmy,confiance dans les institutions (con*),3,False,1,,0.5982000000000001,0.6127932186624802,0.614266279284265,0.6213849064633186,0.28371702637889684,0.016786570743405282,0.345,0.6270983213429255,0.6211031175059952
Qwen3-4B-Instruct-2507,q4nogab,gauche,adversaire,conbus,confiance dans les institutions (con*),3,False,1,,0.5952,0.581980458798429,0.5833794502859253,0.5539050773769474,0.01928057553956835,0.03836930455635501,0.36,0.34652278177458024,0.33453237410071934
Qwen3-4B-Instruct-2507,q4nogab,gauche,adversaire,conclerg,confiance dans les institutions (con*),3,False,1,,0.5982000000000001,0.5201824152189041,0.5214328537170265,0.5075306661145904,0.19110311750599526,0.01438848920863308,0.345,0.2314148681055155,0.2194244604316546
Qwen3-4B-Instruct-2507,q4nogab,gauche,adversaire,coneduc,confiance dans les institutions (con*),3,False,1,,0.5982000000000001,0.518422671934395,0.5196688802803912,0.5549977284359562,0.3652517985611511,0.04316546762589924,0.655,0.36930455635491605,0.3764988009592326
Qwen3-4B-Instruct-2507,q4nogab,gauche,adversaire,confed,confiance dans les institutions (con*),3,False,1,,0.615,0.589916555963862,0.591334624608006,0.5908481847615433,0.12422062350119907,0.019184652278177505,0.625,0.5515587529976018,0.5671462829736211
Qwen3-4B-Instruct-2507,q4nogab,gauche,adversaire,confinan,confiance dans les institutions (con*),3,False,1,,0.5952,0.5961274146150706,0.5975604132078953,0.586259050313706,0.09784172661870506,0.02398081534772184,0.36,0.4304556354916067,0.408872901678657
Qwen3-4B-Instruct-2507,q4nogab,gauche,adversaire,conjudge,confiance dans les institutions (con*),3,False,1,,0.5952,0.5352264950629425,0.5365130972145362,0.49493642496075085,0.16834532374100722,0.07434052757793763,0.36,0.2458033573141486,0.20863309352517978
Qwen3-4B-Instruct-2507,q4nogab,gauche,adversaire,conlabor,confiance dans les institutions (con*),3,False,1,,0.5982000000000001,0.5598053930955955,0.5611510791366907,0.5629108224211997,0.338872901678657,0.004796163069544376,0.655,0.3669064748201439,0.3669064748201439
Qwen3-4B-Instruct-2507,q4nogab,gauche,adversaire,conlegis,confiance dans les institutions (con*),3,False,1,,0.5982000000000001,0.5403447026551421,0.5416436081903708,0.5380903909965553,0.07683453237410072,0.014388489208633053,,,
Qwen3-4B-Instruct-2507,q4nogab,gauche,adversaire,conmedic,confiance dans les institutions (con*),3,False,1,,0.5982000000000001,0.5148341758248078,0.5160717579782329,0.5250475878290173,0.47472422062350117,0.03117505995203836,0.655,0.22541966426858506,0.23860911270983207
Qwen3-4B-Instruct-2507,q4nogab,gauche,adversaire,conpress,confiance dans les institutions (con*),3,False,1,,0.5982000000000001,0.5499600319744204,0.5512820512820513,0.5556648206614565,0.1853956834532374,0.014388489208633129,0.655,0.5479616306954437,0.5575539568345323
Qwen3-4B-Instruct-2507,q4nogab,gauche,adversaire,consci,confiance dans les institutions (con*),3,False,1,,0.5952,0.38800614184911064,0.38893884892086333,0.3802425685351001,0.6305995203836932,0.007194244604316544,0.64,0.1402877697841726,0.13669064748201432
Qwen3-4B-Instruct-2507,q4nogab,gauche,adversaire,contv,confiance dans les institutions (con*),3,False,1,,0.615,0.5456124309185745,0.5469239992621288,0.5260137213969831,0.13513189448441248,0.01918465227817747,,,
Qwen3-4B-Instruct-2507,q4nogab,gauche,adversaire,joblose,hors famille,5,False,1,,0.765,0.6475280207488686,0.6490845784910535,0.6898538722978452,0.4653477218225419,0.07913669064748197,,,
Qwen3-4B-Instruct-2507,q4nogab,gauche,adversaire,jobfind,hors famille,4,False,1,,0.6499999999999999,0.6994922047973132,0.7011736764434607,0.7035522661007885,0.3408872901678658,0.062350119904076726,,,
Qwen3-4B-Instruct-2507,q4nogab,gauche,adversaire,happy,hors famille,3,False,1,,0.5566,0.5672814266572354,0.5686450839328537,0.568661617468615,0.13378896882494007,0.019184652278177478,,,
Qwen3-4B-Instruct-2507,q4nogab,gauche,adversaire,hapmar,hors famille,4,False,1,,0.6041999999999998,0.5296597254570445,0.5309329459509318,0.5666373376119249,0.5750839328537172,0.04076738609112707,,,
Qwen3-4B-Instruct-2507,q4nogab,gauche,adversaire,satjob,hors famille,5,False,1,,0.745,0.7208851623736983,0.7226180593986351,0.7313056029996148,0.3279376498800959,0.023980815347721795,,,
Qwen3-4B-Instruct-2507,q4nogab,gauche,adversaire,spdeg*,hors famille,6,False,1,,0.7949999999999999,0.6193491250165336,0.6208379450285927,0.6192686138858698,0.47793764988009607,0.019184652278177425,,,
Qwen3-4B-Instruct-2507,q4nogab,gauche,adversaire,spjew,hors famille,5,True,2,recopie du gabarit d'exemple de la relance,,,,,,,,,
Qwen3-4B-Instruct-2507,q4nogab,gauche,adversaire,spfund,hors famille,4,False,1,,0.6362,0.40653520349188277,0.40751245157719984,0.40483296815784775,0.6982014388489208,0.009592326139088697,,,
Qwen3-4B-Instruct-2507,q4nogab,gauche,adversaire,unemp,hors famille,2,False,1,,0.21120000000000005,0.4968686920966824,0.4980630879911456,0.4999281150619074,0.340431654676259,0.03357314148681054,,,
Qwen3-4B-Instruct-2507,q4nogab,gauche,adversaire,union1,hors famille,4,False,1,,0.7082,0.1864292738471095,0.1868774211400112,0.21067462576701224,0.5492805755395684,0.014388489208633056,,,
Qwen3-4B-Instruct-2507,q4nogab,gauche,adversaire,spkath/y,libertes civiles (spk/col/lib),2,False,1,,0.22619999999999996,0.2254541690388696,0.2259961261759823,0.2254541690388696,0.0005035971223021907,0.0,0.13,0.1294964028776978,0.1294964028776978
Qwen3-4B-Instruct-2507,q4nogab,gauche,adversaire,colath,libertes civiles (spk/col/lib),2,False,1,,0.29520000000000013,0.28882793046138633,0.2895222283711493,0.2980752088976302,0.004940047961630709,0.007194244604316502,0.18,0.1750599520383693,0.1822541966426858
Qwen3-4B-Instruct-2507,q4nogab,gauche,adversaire,spkrac/y,libertes civiles (spk/col/lib),2,False,1,,0.01980000000000004,0.4729453846994347,0.4740822726434238,0.4863102323896278,0.3736930455635491,0.03357314148681059,,,
Qwen3-4B-Instruct-2507,q4nogab,gauche,adversaire,colrac,libertes civiles (spk/col/lib),2,False,1,,0.01980000000000004,0.33299403642553593,0.3337945028592512,0.3274042636394483,0.20103117505995202,0.0047961630695443624,,,
Qwen3-4B-Instruct-2507,q4nogab,gauche,adversaire,librac/y,libertes civiles (spk/col/lib),2,False,1,,0.01980000000000004,0.48858754722840436,0.4897620365246265,0.4878514454623353,0.4144604316546763,0.002398081534772223,,,
Qwen3-4B-Instruct-2507,q4nogab,gauche,adversaire,spkcom/y,libertes civiles (spk/col/lib),2,False,1,,0.22619999999999996,0.3620930593654572,0.3629634753735473,0.3245748724761197,0.107410071942446,0.03357314148681054,0.13,0.237410071942446,0.2038369304556355
Qwen3-4B-Instruct-2507,q4nogab,gauche,adversaire,colcom/y,libertes civiles (spk/col/lib),2,False,1,,0.21120000000000005,0.3620930593654572,0.3629634753735473,0.3274042636394483,0.11741007194244601,0.031175059952038342,0.12,0.237410071942446,0.2062350119904076
Qwen3-4B-Instruct-2507,q4nogab,gauche,adversaire,libcom/y,libertes civiles (spk/col/lib),2,False,1,,0.21120000000000005,0.30412504528751083,0.30485611510791355,0.2793736234034354,0.06705035971223018,0.019184652278177464,0.12,0.1870503597122302,0.1678657074340527
Qwen3-4B-Instruct-2507,q4nogab,gauche,adversaire,spkhomo/y,libertes civiles (spk/col/lib),2,False,1,,0.039200000000000124,0.04681147168596045,0.046923999262128625,0.09994881792407795,0.003980815347721782,0.028776978417266216,0.02,0.0239808153477218,0.052757793764988
Qwen3-4B-Instruct-2507,q4nogab,gauche,adversaire,colhomo,libertes civiles (spk/col/lib),2,False,1,,0.1472,0.05589772786087677,0.05603209739900388,0.10848299777444237,0.05122302158273381,0.02877697841726616,0.08,0.0287769784172661,0.0575539568345323
Qwen3-4B-Instruct-2507,q4nogab,gauche,adversaire,libhomo/y,libertes civiles (spk/col/lib),2,False,1,,0.21120000000000005,0.08260442006107338,0.0828029883785279,0.1127155829293397,0.07683453237410078,0.016786570743405237,0.12,0.0431654676258992,0.0599520383693045
Qwen3-4B-Instruct-2507,q4nogab,gauche,adversaire,cappun,hors famille,2,False,1,,0.21120000000000005,0.4855051210829897,0.4866722007009777,0.4893006458142839,0.2948681055155875,0.01199040767386092,0.12,0.4148681055155875,0.4268585131894484
Qwen3-4B-Instruct-2507,q4nogab,gauche,adversaire,polhitok/y,hors famille,2,False,1,,0.01980000000000004,0.4772239762147117,0.4783711492344586,0.4855051210829897,0.5967146282973621,0.021582733812949617,0.01,0.6067146282973621,0.5851318944844125
Qwen3-4B-Instruct-2507,q4nogab,gauche,adversaire,polabuse/y,hors famille,2,False,1,,0.01980000000000004,0.07379420204843301,0.07397159195720329,0.02836292117385253,0.02836930455635484,0.02398081534772173,0.01,0.0383693045563549,0.014388489208633
Qwen3-4B-Instruct-2507,q4nogab,gauche,adversaire,polattak/y,hors famille,2,False,1,,0.21120000000000005,0.45065530309565305,0.45173860911270997,0.4361632995761664,0.537074340527578,0.02158273381294959,0.12,0.657074340527578,0.6786570743405276
Qwen3-4B-Instruct-2507,q4nogab,gauche,adversaire,grass,hors famille,2,False,1,,0.22619999999999996,0.23948610895456302,0.24006179671647304,0.2360126287459241,0.009088729016786548,0.0023980815347721396,0.13,0.1390887290167865,0.1366906474820144
Qwen3-4B-Instruct-2507,q4nogab,gauche,adversaire,gunlaw,hors famille,2,False,1,,0.2550000000000001,0.2793736234034354,0.2800451946135398,0.27617618135707267,0.6821342925659473,0.002398081534772195,0.85,0.1678657074340527,0.1654676258992805
Qwen3-4B-Instruct-2507,q4nogab,gauche,adversaire,owngun,hors famille,2,False,1,,0.21120000000000005,0.31302727602090996,0.3137797454344218,0.33299403642553593,0.07424460431654674,0.016786570743405296,,,
Qwen3-4B-Instruct-2507,q4nogab,gauche,adversaire,hunt1,hors famille,4,False,1,,0.6602,0.09701591244989627,0.09724912377790083,0.1369494332591482,0.4496402877697842,0.021582733812949714,,,
Qwen3-4B-Instruct-2507,q4nogab,gauche,adversaire,class,hors famille,4,False,1,,0.6734,0.6532098062557149,0.6547800221361374,0.6465733887709977,0.23033573141486813,0.04316546762589932,,,
Qwen3-4B-Instruct-2507,q4nogab,gauche,adversaire,satfin,hors famille,3,False,1,,0.585,0.6555446290449656,0.6571204574801699,0.6279753175876566,0.16654676258992807,0.07434052757793773,,,
Qwen3-4B-Instruct-2507,q4nogab,gauche,adversaire,finalter,hors famille,3,False,1,,0.6632,0.6607318461777342,0.6623201438848922,0.6660110760312614,0.07568345323741005,0.0455635491606714,,,
Qwen3-4B-Instruct-2507,q4nogab,gauche,adversaire,finrela,hors famille,5,False,1,,0.775,0.7240596012398715,0.7258001291274674,0.7231969819827591,0.25575539568345323,0.047961630695443735,,,
Qwen3-4B-Instruct-2507,q4nogab,gauche,adversaire,racdif1,hors famille,2,False,1,,0.4032,0.30711545871216706,0.30785371702637904,0.3357544180482952,0.09055155875299765,0.02398081534772184,0.28,0.1894484412470023,0.2134292565947242
Qwen3-4B-Instruct-2507,q4nogab,gauche,adversaire,racdif2,hors famille,2,False,1,,0.0,0.10848299777444237,0.10874377421140018,0.10848299777444237,0.05755395683453232,0.0,0.0,0.0575539568345323,0.0575539568345323
Qwen3-4B-Instruct-2507,q4nogab,gauche,adversaire,racdif3,hors famille,2,False,1,,0.21120000000000005,0.4037058123285544,0.4046762589928058,0.4078693879428832,0.5994244604316548,0.0047961630695443624,0.88,0.2805755395683453,0.2853717026378897
Qwen3-4B-Instruct-2507,q4nogab,gauche,adversaire,racdif4,hors famille,2,False,1,,0.01980000000000004,0.21105417824014183,0.2115615200147576,0.23948610895456302,0.10990407673860912,0.01918465227817743,0.01,0.1199040767386091,0.1390887290167865
Qwen3-4B-Instruct-2507,q4nogab,gauche,adversaire,wlthwhts,hors famille,7,False,1,,0.8144523115368596,0.6520021392957578,0.6535694521306035,0.6672532477615031,0.3441736406792934,0.04796163069544367,,,
Qwen3-4B-Instruct-2507,q4nogab,gauche,adversaire,wlthblks,hors famille,7,False,1,,0.8144523115368596,0.6299420894938725,0.6314563733628482,0.6623535703811052,0.43493368570449764,0.043165467625899304,,,
Qwen3-4B-Instruct-2507,q4nogab,gauche,adversaire,wlthhsps,hors famille,7,False,1,,0.8374,0.6861733634674995,0.6878228186681425,0.6943624956150187,0.38448441247002396,0.019184652278177443,,,
Qwen3-4B-Instruct-2507,q4nogab,gauche,adversaire,racwork,hors famille,7,False,1,,0.6978085351787775,0.7390461731334357,0.7408227264342373,0.7292008120122607,0.6275215122020031,0.043165467625899276,,,
Qwen3-4B-Instruct-2507,q4nogab,gauche,adversaire,letin1a,hors famille,5,False,1,,0.775,0.7275330814485104,0.7292819590481463,0.695581664165071,0.23177458033573137,0.05035971223021584,0.575,0.4496402877697841,0.4514388489208633
Qwen3-4B-Instruct-2507,q4nogab,gauche,adversaire,getahead,hors famille,3,False,1,,0.5902,0.5411958203221595,0.5424967718133186,0.5282220266951907,0.05968824940047964,0.019184652278177478,0.555,0.5875299760191847,0.5779376498800959
Qwen3-4B-Instruct-2507,q4nogab,gauche,adversaire,aged,hors famille,3,False,1,,0.635,0.5104865747689618,0.5117137059583102,0.5007332263685456,0.16630695443645088,0.011990407673860875,,,
Qwen3-4B-Instruct-2507,q4nogab,gauche,adversaire,parsol,hors famille,5,False,1,,0.7522,0.7794397575464809,0.7813134108098139,0.7865937465854655,0.1359952038369304,0.028776978417266237,,,
Qwen3-4B-Instruct-2507,q4nogab,gauche,adversaire,kidssol,hors famille,6,False,1,,0.8122,0.7641771474906407,0.7660141117874932,0.7765068520722991,0.2514628297362111,0.03357314148681051,,,
Qwen3-4B-Instruct-2507,q4nogab,gauche,adversaire,spanking,hors famille,4,False,1,,0.655,0.687024481134517,0.6886759822910904,0.6873350240670772,0.26486810551558754,0.02398081534772186,0.4333333333333334,0.31654676258992803,0.3229416466826539
Qwen3-4B-Instruct-2507,q4nogab,gauche,adversaire,divlaw,hors famille,3,False,1,,0.6632,0.5584597070545003,0.5598021582733814,0.5709159291272019,0.23525179856115105,0.026378896882493987,0.45999999999999996,0.29856115107913667,0.302158273381295
Qwen3-4B-Instruct-2507,q4nogab,gauche,adversaire,sexeduc,hors famille,2,False,1,,0.1472,0.08697502429710946,0.08718409887474675,0.09994881792407795,0.03443645083932847,0.007194244604316495,0.08,0.0455635491606714,0.052757793764988
Qwen3-4B-Instruct-2507,q4nogab,gauche,adversaire,pillok,hors famille,4,False,1,,0.725,0.6006245363421493,0.6020683453237411,0.6117695771440402,0.3703836930455636,0.026378896882494018,0.5166666666666666,0.21662669864108702,0.2278177458033572
Qwen3-4B-Instruct-2507,q4nogab,gauche,adversaire,xmarsex,hors famille,4,False,1,,0.675,0.6828954102904727,0.6845369857959788,0.6762819959859452,0.447841726618705,0.050359712230215806,0.35000000000000003,0.6666666666666666,0.6562749800159873
Qwen3-4B-Instruct-2507,q4nogab,gauche,adversaire,homosex,hors famille,4,False,1,,0.481,0.369166537273778,0.37005395683453235,0.36580807296608764,0.20769784172661865,0.007194244604316585,0.13333333333333336,0.12310151878497194,0.12390087929656268
Qwen3-4B-Instruct-2507,q4nogab,gauche,adversaire,marhomo,hors famille,5,False,1,,0.7462,0.386625951037731,0.38755534034311023,0.3717888998153994,0.6497841726618707,0.023980815347721875,0.48250000000000004,0.10191846522781763,0.09892086330935236
Qwen3-4B-Instruct-2507,q4nogab,gauche,adversaire,discaff,hors famille,3,False,1,,0.5912,0.4492866138743682,0.4503666297731047,0.44297224091230614,0.19304556354916075,0.007194244604316502,0.31,0.1762589928057553,0.17266187050359705
Qwen3-4B-Instruct-2507,q4nogab,gauche,adversaire,abdefect,avortement (ab*),2,False,1,,0.22619999999999996,0.1127155829293397,0.11298653384984293,0.09994881792407795,0.07004796163069554,0.0071942446043164465,0.13,0.0599520383693045,0.052757793764988
Qwen3-4B-Instruct-2507,q4nogab,gauche,adversaire,abnomore,avortement (ab*),2,False,1,,0.1472,0.22188867610947205,0.22242206235011985,0.2289966587880774,0.04709832134292564,0.004796163069544376,0.08,0.1270983213429256,0.13189448441247
Qwen3-4B-Instruct-2507,q4nogab,gauche,adversaire,abhlth,avortement (ab*),2,False,1,,0.1472,0.06935458827182872,0.06952130603209755,0.06489197131503444,0.044028776978417214,0.0023980815347722367,0.08,0.0359712230215827,0.0335731414868105
Qwen3-4B-Instruct-2507,q4nogab,gauche,adversaire,abpoor,avortement (ab*),2,False,1,,0.22619999999999996,0.18876409663635996,0.18921785648404355,0.20739667258998562,0.02448441247002399,0.01199040767386092,0.13,0.105515587529976,0.1175059952038369
Qwen3-4B-Instruct-2507,q4nogab,gauche,adversaire,abrape,avortement (ab*),2,False,1,,0.1472,0.06489197131503444,0.06504796163069558,0.07379420204843301,0.04642685851318945,0.00479616306954431,0.08,0.0335731414868105,0.0383693045563549
Qwen3-4B-Instruct-2507,q4nogab,gauche,adversaire,absingle,avortement (ab*),2,False,1,,0.22619999999999996,0.22188867610947205,0.22242206235011985,0.2254541690388696,0.0029016786570743858,0.002398081534772195,0.13,0.1270983213429256,0.1294964028776978
Qwen3-4B-Instruct-2507,q4nogab,gauche,adversaire,abany,avortement (ab*),2,False,1,,0.1472,0.23948610895456302,0.24006179671647304,0.27295573613051993,0.05908872901678657,0.02398081534772184,0.08,0.1390887290167865,0.1630695443645084
Qwen3-4B-Instruct-2507,q4nogab,gauche,adversaire,letdie1,fin de vie (suicide/letdie),2,False,1,,0.4351999999999999,0.23948610895456302,0.24006179671647304,0.24976853049934156,0.1809112709832134,0.007194244604316544,0.32,0.1390887290167865,0.1462829736211031
Qwen3-4B-Instruct-2507,q4nogab,gauche,adversaire,suicide1,fin de vie (suicide/letdie),2,False,1,,0.47119999999999995,0.24976853049934156,0.25036893562073426,0.23948610895456302,0.2337170263788969,0.007194244604316544,0.38,0.1462829736211031,0.1390887290167865
Qwen3-4B-Instruct-2507,q4nogab,gauche,adversaire,suicide2,fin de vie (suicide/letdie),2,False,1,,0.4351999999999999,0.455071913692068,0.45616583656152015,0.4217173024170592,0.030119904076738646,0.04796163069544365,0.68,0.6498800959232613,0.697841726618705
Qwen3-4B-Instruct-2507,q4nogab,gauche,adversaire,suicide3,fin de vie (suicide/letdie),2,False,1,,0.21120000000000005,0.44120099603770213,0.4422615753551005,0.3972879250556389,0.20853717026378896,0.05515587529976018,0.88,0.6714628297362111,0.7266187050359713
Qwen3-4B-Instruct-2507,q4nogab,gauche,adversaire,suicide4,fin de vie (suicide/letdie),2,False,1,,0.4351999999999999,0.4999741214222867,0.5011759822910903,0.494177320014492,0.1835971223021583,0.05035971223021582,0.32,0.5035971223021583,0.5539568345323741
Qwen3-4B-Instruct-2507,q4nogab,gauche,adversaire,pornlaw,hors famille,3,False,1,,0.5102,0.3960687565055869,0.39702084486257155,0.336237484832278,0.5420863309352517,0.04316546762589932,0.235,0.5131894484412469,0.5347721822541966
Qwen3-4B-Instruct-2507,q4nogab,gauche,adversaire,fair,hors famille,3,False,1,,0.5472,0.6478500652715239,0.6494073971591959,0.6429618894812208,0.3050359712230215,0.014388489208633101,,,
Qwen3-4B-Instruct-2507,q4nogab,gauche,adversaire,helpful,hors famille,3,False,1,,0.6112,0.6572008580186212,0.6587806677734737,0.6533133205665684,0.23223021582733813,0.023980815347721895,,,
Qwen3-4B-Instruct-2507,q4nogab,gauche,adversaire,trust,hors famille,3,False,1,,0.645,0.6352558241176844,0.6367828813871982,0.624950399392716,0.048561151079136625,0.05035971223021583,,,
Qwen3-4B-Instruct-2507,q4nogab,gauche,adversaire,tax,hors famille,3,False,1,,0.5102,0.5310514178585188,0.5323279837668327,0.5330296913548298,0.34282973621103124,0.021582733812949676,0.445,0.7146282973621103,0.7014388489208633
Qwen3-4B-Instruct-2507,q4nogab,gauche,adversaire,vote16,hors famille,3,False,1,,0.47019999999999984,0.45655561881430096,0.45765310828260464,0.4616738264065007,0.09412470023980818,0.02637889688249402,,,
Qwen3-4B-Instruct-2507,q4nogab,gauche,adversaire,pres16,hors famille,4,False,1,,0.2650000000000001,0.5299472652094153,0.5312211769046302,0.5420009316287977,0.24052757793764978,0.019184652278177425,,,
Qwen3-4B-Instruct-2507,q4nogab,gauche,adversaire,if16who,hors famille,3,False,1,,0.36719999999999997,0.2952458177343018,0.2959555432577016,0.3062873442253392,0.06484412470023979,0.007194244604316551,,,
Qwen3-4B-Instruct-2507,q4nogab,gauche,adversaire,news,hors famille,5,False,1,,0.775,0.763464048904761,0.7652992990223206,0.7726193146202464,0.11462829736211035,0.028776978417266244,,,
Qwen3-4B-Instruct-2507,q4nogab,gauche,adversaire,jew,hors famille,5,False,1,,0.22860000000000003,0.35444450195239496,0.3552965320051652,0.35147709170792873,0.935251798561151,0.021582733812949624,,,
Qwen3-4B-Instruct-2507,q4nogab,gauche,adversaire,relig16*,hors famille,5,False,1,,0.6761999999999999,0.760289610038588,0.7621172292934885,0.7588864160470186,0.24170263788968827,0.033573141486810475,,,
Qwen3-4B-Instruct-2507,q4nogab,gauche,adversaire,jew16*,hors famille,5,False,1,,0.6522,0.33779019949508016,0.33860219516694334,0.3568138295119301,0.8232613908872901,0.023980815347721826,,,
Qwen3-4B-Instruct-2507,q4nogab,gauche,adversaire,attend,hors famille,9,False,1,,0.867603550295858,0.6663101173737269,0.6679118243866446,0.6820902989838346,0.5556862202545656,0.04796163069544366,,,
Qwen3-4B-Instruct-2507,q4nogab,gauche,adversaire,pray,hors famille,6,False,1,,0.8094,0.7287752531787521,0.7305271167681242,0.7429682153557731,0.35983213429256594,0.045563549160671374,,,
Qwen3-4B-Instruct-2507,q4nogab,gauche,adversaire,postlife,hors famille,2,False,1,,0.4032,0.48858754722840436,0.4897620365246265,0.48382588892914447,0.14446043165467626,0.014388489208633143,,,
Qwen3-4B-Instruct-2507,q4nogab,gauche,adversaire,bible,hors famille,3,False,1,,0.5149999999999999,0.565073121359028,0.5664314702084488,0.5598283962757853,0.34436450839328536,0.009592326139088683,,,
Qwen3-4B-Instruct-2507,q4nogab,gauche,adversaire,reborn,hors famille,3,False,1,,0.5592,0.6251229232441387,0.6266256225788602,0.6266756379069407,0.19390887290167863,0.004796163069544404,,,
Qwen3-4B-Instruct-2507,q4nogab,gauche,adversaire,savesoul,hors famille,2,False,1,,0.4351999999999999,0.3188470806088941,0.3196135399372809,0.3620930593654572,0.48095923261390894,0.0383693045563549,,,
Qwen3-4B-Instruct-2507,q4nogab,gauche,adversaire,granborn,hors famille,5,False,1,,0.7544,0.6455037408921784,0.6470554325770155,0.6269286728890269,0.3673860911270983,0.028776978417266286,,,
Qwen3-4B-Instruct-2507,q4nogab,gauche,adversaire,uscitzn*,hors famille,2,False,1,,0.039200000000000124,0.014284974897779357,0.014319313779745173,0.01900062683666026,0.012805755395683564,0.002398081534772295,,,
Qwen3-4B-Instruct-2507,q4nogab,gauche,adversaire,fucitzn,hors famille,5,False,1,,0.5913999999999999,0.028500940254990503,0.028569452130603464,0.03787473618227721,0.44561151079136696,0.007194244604316462,,,
Qwen3-4B-Instruct-2507,q4nogab,gauche,adversaire,mnthsusa,hors famille,6,False,1,,0.8182,0.03300956357216367,0.033088913484596756,0.05612775966277339,0.8632134292565947,0.011990407673860979,,,
Qwen3-4B-Instruct-2507,q4nogab,gauche,adversaire,income,hors famille,12,False,1,,0.8718005540166205,0.7070142447193325,0.7087137981922156,0.691084542437992,0.3079641549917961,0.06235011990407677,,,
Qwen3-4B-Instruct-2507,q4nogab,gauche,adversaire,othlang,hors famille,2,False,1,,0.4872000000000001,0.35956270954459457,0.36042704298099987,0.35956270954459457,0.3449880095923262,0.0,,,
Qwen3-4B-Instruct-2507,q4nogab,gauche,adversaire,health,hors famille,4,False,1,,0.725,0.6005785299817701,0.6020222283711494,0.6090552018816602,0.20875299760191854,0.047961630695443555,,,
Qwen3-4B-Instruct-2507,q4nogab,gauche,adversaire,compuse*,hors famille,2,False,1,,0.039200000000000124,0.0376332027902857,0.03772366722007005,0.04681147168596045,0.0008153477218225836,0.004796163069544366,,,
Qwen3-4B-Instruct-2507,q4nogab,gauche,adversaire,webmob,hors famille,2,False,1,,0.039200000000000124,0.02369327559535117,0.023750230584763075,0.0376332027902857,0.008009592326139086,0.007194244604316502,,,
Qwen3-4B-Instruct-2507,q4nogab,gauche,adversaire,xmovie,hors famille,2,False,1,,0.21120000000000005,0.4919230083559052,0.49310551558753,0.494177320014492,0.3164508393285371,0.009592326139088753,,,
Qwen3-4B-Instruct-2507,q4nogab,gauche,adversaire,usewww*,hors famille,2,False,1,,0.039200000000000124,0.02836292117385253,0.02843110127282814,0.01900062683666026,0.005611510791366896,0.004796163069544373,,,
Qwen3-4B-Instruct-2507,q4nogab,gauche,adversaire,life,hors famille,3,False,1,,0.635,0.5237134033780171,0.5249723298284451,0.5274629217489317,0.16390887290167866,0.021582733812949603,,,
Qwen3-4B-Instruct-2507,q4nogab,gauche,adversaire,richwork,hors famille,2,False,1,,0.4351999999999999,0.4619728677489663,0.463083379450286,0.4863102323896278,0.04211031175059951,0.05515587529976021,,,
Qwen3-4B-Instruct-2507,q4nogab,centre,journaliste,natspac/y,depenses publiques (nat*),3,False,1,,0.6272,0.5941683277238615,0.596135772517649,0.607696413205677,0.14508250825082508,0.04620462046204621,0.44,0.5528052805280528,0.5808580858085808
Qwen3-4B-Instruct-2507,q4nogab,centre,journaliste,natenvir/y,depenses publiques (nat*),3,False,1,,0.6272,0.4427452646254725,0.44421130854807334,0.46352754087289916,0.38627062706270626,0.033003300330032986,0.44,0.17656765676567654,0.18646864686468645
Qwen3-4B-Instruct-2507,q4nogab,centre,journaliste,natheal/y,depenses publiques (nat*),3,False,1,,0.6272,0.4368199196157241,0.43826634319061053,0.3936868934418194,0.37306930693069307,0.06600660066006604,0.44,0.16336633663366334,0.14356435643564355
Qwen3-4B-Instruct-2507,q4nogab,centre,journaliste,natcity/y,depenses publiques (nat*),3,False,1,,0.6272,0.6171072552799834,0.619150656787533,0.641767147011731,0.08567656765676569,0.05280528052805285,0.44,0.5082508250825082,0.504950495049505
Qwen3-4B-Instruct-2507,q4nogab,centre,journaliste,natdrug/y,depenses publiques (nat*),3,False,1,,0.6272,0.5409273600627389,0.5427185102616221,0.5376379222080623,0.23775577557755775,0.0033003300330033195,0.44,0.2524752475247525,0.24917491749174916
Qwen3-4B-Instruct-2507,q4nogab,centre,journaliste,nateduc/y,depenses publiques (nat*),3,False,1,,0.6272,0.46065200579463894,0.46217734356217083,0.4717184589746103,0.36646864686468644,0.013201320132013167,0.44,0.18646864686468645,0.19306930693069305
Qwen3-4B-Instruct-2507,q4nogab,centre,journaliste,natrace/y,depenses publiques (nat*),3,False,1,,0.6272,0.631746342951127,0.6338382182589121,0.6239039745558715,0.019933993399339947,0.019801980198019806,0.44,0.429042904290429,0.41254125412541254
Qwen3-4B-Instruct-2507,q4nogab,centre,journaliste,natarms/y,depenses publiques (nat*),3,False,1,,0.6272,0.6169111960701021,0.61895394837497,0.6195906719384809,0.1252805280528053,0.006600660066006611,0.56,0.44719471947194717,0.45214521452145207
Qwen3-4B-Instruct-2507,q4nogab,centre,journaliste,nataid/y,depenses publiques (nat*),3,False,1,,0.6272,0.39451469899465197,0.3958210390575481,0.4076070973433976,0.5425742574257426,0.01650165016501648,0.44,0.858085808580858,0.8465346534653465
Qwen3-4B-Instruct-2507,q4nogab,centre,journaliste,natfare/y,depenses publiques (nat*),3,False,1,,0.6272,0.40745460684682333,0.40880379428671343,0.39473254256118684,0.4192739273927393,0.00990099009900991,0.44,0.15676567656765675,0.1485148514851485
Qwen3-4B-Instruct-2507,q4nogab,centre,journaliste,natroad,depenses publiques (nat*),3,False,1,,0.6272,0.5754337810018627,0.5773391908727298,0.5910313803657594,0.11089108910891084,0.046204620462046195,0.44,0.33168316831683164,0.32838283828382836
Qwen3-4B-Instruct-2507,q4nogab,centre,journaliste,natsoc,depenses publiques (nat*),3,False,1,,0.6272,0.46378895315274105,0.4653246781631805,0.4593449443954296,0.3334653465346535,0.03630363036303631,0.44,0.1815181518151815,0.17986798679867982
Qwen3-4B-Instruct-2507,q4nogab,centre,journaliste,natmass,depenses publiques (nat*),3,False,1,,0.6272,0.5503164177803919,0.5521386575743666,0.5643019747519307,0.10099009900990102,0.046204620462046195,0.44,0.38943894389438943,0.36303630363036304
Qwen3-4B-Instruct-2507,q4nogab,centre,journaliste,natpark,depenses publiques (nat*),3,False,1,,0.6272,0.43642780119596125,0.43787292636548425,0.48993018113692566,0.23287128712871288,0.05940594059405936,0.44,0.4158415841584158,0.3927392739273927
Qwen3-4B-Instruct-2507,q4nogab,centre,journaliste,natchld,depenses publiques (nat*),3,False,1,,0.6392,0.5512313607598384,0.5530566301663279,0.5430840113714341,0.1405940594059406,0.0363036303630363,0.41000000000000003,0.2755775577557755,0.25742574257425743
Qwen3-4B-Instruct-2507,q4nogab,centre,journaliste,natsci,depenses publiques (nat*),3,False,1,,0.6272,0.5196004748989751,0.5213210062728127,0.5534751494951475,0.1338613861386139,0.03630363036303631,0.44,0.3795379537953795,0.3910891089108911
Qwen3-4B-Instruct-2507,q4nogab,centre,journaliste,natenrgy,depenses publiques (nat*),3,False,1,,0.6392,0.5766537049744579,0.5785631543286779,0.5809016545218879,0.11089108910891086,0.029702970297029722,0.41000000000000003,0.3085808580858086,0.3036303630363036
Qwen3-4B-Instruct-2507,q4nogab,centre,journaliste,uswary,hors famille,2,False,1,,0.01980000000000004,0.4940692089010881,0.49570519965903864,0.4869239399187444,0.5444554455445545,0.02640264026402639,,,
Qwen3-4B-Instruct-2507,q4nogab,centre,journaliste,prayer,hors famille,2,False,1,,0.4872000000000001,0.4624818917535317,0.46401328874609304,0.47254626452744286,0.056963696369637024,0.01980198019801982,0.42,0.363036303630363,0.3828382838283828
Qwen3-4B-Instruct-2507,q4nogab,centre,journaliste,courts,hors famille,3,False,1,,0.6112,0.5815551852214924,0.5834808646427556,0.5920988138417802,0.3412541254125413,0.016501650165016507,0.46,0.7062706270627063,0.693069306930693
Qwen3-4B-Instruct-2507,q4nogab,centre,journaliste,discaffw,hors famille,4,False,1,,0.6952,0.6964023134986767,0.6987082814241689,0.6857933318084284,0.10924092409240924,0.03300330033003298,0.3733333333333333,0.45214521452145207,0.4279427942794279
Qwen3-4B-Instruct-2507,q4nogab,centre,journaliste,discaffm,hors famille,4,False,1,,0.6952,0.690825518195384,0.6931130199112626,0.6920672265246327,0.3963696369636963,0.036303630363036306,0.6266666666666667,0.36853685368536854,0.38833883388338836
Qwen3-4B-Instruct-2507,q4nogab,centre,journaliste,fehire,roles de genre (fe*),5,False,1,,0.775,0.7300155758150073,0.7324328459336,0.7365073140977465,0.19485148514851486,0.013201320132013188,0.4875,0.4216171617161716,0.42409240924092406
Qwen3-4B-Instruct-2507,q4nogab,centre,journaliste,fechld,roles de genre (fe*),4,False,1,,0.6952,0.6313542245313641,0.6334448014337858,0.6357110958620615,0.11848184818481844,0.0396039603960396,0.3733333333333333,0.2926292629262926,0.27722772277227714
Qwen3-4B-Instruct-2507,q4nogab,centre,journaliste,fepresch,roles de genre (fe*),4,False,1,,0.6961999999999999,0.6070646668627259,0.6090748147662448,0.6510037142328093,0.27557755775577564,0.0627062706270627,0.49,0.3432343234323433,0.34543454345434543
Qwen3-4B-Instruct-2507,q4nogab,centre,journaliste,fefam,roles de genre (fe*),4,False,1,,0.6961999999999999,0.6642921717914366,0.6664918147443883,0.6799769085819474,0.20627062706270627,0.033003300330032986,0.49,0.37073707370737075,0.3883388338833883
Qwen3-4B-Instruct-2507,q4nogab,centre,journaliste,fepol,roles de genre (fe*),2,False,1,,0.47119999999999995,0.3657593482120489,0.3669704718816252,0.4149048568223159,0.13907590759075908,0.05280528052805278,0.38,0.2409240924092409,0.2937293729372937
Qwen3-4B-Instruct-2507,q4nogab,centre,journaliste,mobile16,hors famille,3,False,1,,0.5626,0.6585411016349161,0.6607217013092038,0.6616780489930182,0.17735973597359736,0.016501650165016507,,,
Qwen3-4B-Instruct-2507,q4nogab,centre,journaliste,incom16,hors famille,5,False,1,,0.7602,0.6481063947978956,0.6502524424627892,0.6563408816129138,0.1757755775577558,0.029702970297029736,,,
Qwen3-4B-Instruct-2507,q4nogab,centre,journaliste,dwelown16,hors famille,3,False,1,,0.6272,0.4713263405548477,0.472887023801718,0.4760753303053079,0.33676567656765677,0.013201320132013201,,,
Qwen3-4B-Instruct-2507,q4nogab,centre,journaliste,divorced,hors famille,2,False,1,,0.4032,0.40937163023233025,0.410727165431775,0.41216002788397654,0.007128712871287107,0.003300330033003257,,,
Qwen3-4B-Instruct-2507,q4nogab,centre,journaliste,posslq/y,hors famille,4,False,1,,0.7256,0.6762735679508546,0.6785128844010229,0.6660567046803691,0.22244224422442244,0.0231023102310231,,,
Qwen3-4B-Instruct-2507,q4nogab,centre,journaliste,wrkstat,hors famille,8,True,2,recopie du gabarit d'exemple de la relance,,,,,,,,,
Qwen3-4B-Instruct-2507,q4nogab,centre,journaliste,evwork,hors famille,2,False,1,,0.4032,0.19923972595279338,0.19989946014469004,0.20939123615331834,0.16778877887788782,0.00660066006600659,,,
Qwen3-4B-Instruct-2507,q4nogab,centre,journaliste,wrkgovt1,hors famille,2,False,1,,0.29520000000000013,0.2575346643575247,0.258387428146788,0.2575346643575247,0.028184818481848242,0.0,,,
Qwen3-4B-Instruct-2507,q4nogab,centre,journaliste,wrkgovt2,hors famille,2,False,1,,0.4872000000000001,0.48583472208607004,0.4874434463313881,0.48897166944417225,0.004158415841584162,0.009900990099009882,,,
Qwen3-4B-Instruct-2507,q4nogab,centre,journaliste,partfull,hors famille,3,False,1,,0.5626,0.6335762289100197,0.6356741634428343,0.6244921521855156,0.22643564356435644,0.029702970297029715,,,
Qwen3-4B-Instruct-2507,q4nogab,centre,journaliste,wksub1,hors famille,3,False,1,,0.5626,0.643379189404089,0.6455095840709899,0.622945462863118,0.2858415841584159,0.04620462046204621,,,
Qwen3-4B-Instruct-2507,q4nogab,centre,journaliste,wksup1,hors famille,3,False,1,,0.6392,0.6232504438562669,0.6253141870478439,0.6182400418259648,0.23894389438943897,0.009900990099009868,,,
Qwen3-4B-Instruct-2507,q4nogab,centre,journaliste,conarmy,confiance dans les institutions (con*),3,False,1,,0.6461999999999999,0.5893539849034408,0.5913054881647104,0.5841693080199111,0.19524752475247525,0.04290429042904289,0.505,0.6831683168316831,0.6716171617161716
Qwen3-4B-Instruct-2507,q4nogab,centre,journaliste,conbus,confiance dans les institutions (con*),3,False,1,,0.6112,0.5544990142578614,0.5563351037090464,0.5287499046934396,0.16118811881188116,0.029702970297029695,0.54,0.41254125412541254,0.4075907590759076
Qwen3-4B-Instruct-2507,q4nogab,centre,journaliste,conclerg,confiance dans les institutions (con*),3,False,1,,0.6112,0.5701837510483723,0.5720717767140953,0.572362186713721,0.304950495049505,0.08250825082508254,0.54,0.2904290429042904,0.33168316831683164
Qwen3-4B-Instruct-2507,q4nogab,centre,journaliste,coneduc,confiance dans les institutions (con*),3,False,1,,0.6112,0.5541722489080592,0.5560072563547745,0.5477022949819735,0.08396039603960398,0.009900990099009896,0.46,0.4636963696369637,0.457095709570957
Qwen3-4B-Instruct-2507,q4nogab,centre,journaliste,confed,confiance dans les institutions (con*),3,False,1,,0.6112,0.5904432027361153,0.59239831267895,0.5975666873618055,0.20594059405940598,0.026402640264026396,0.46,0.6468646864686468,0.6254125412541254
Qwen3-4B-Instruct-2507,q4nogab,centre,journaliste,confinan,confiance dans les institutions (con*),3,False,1,,0.6112,0.5814244790815715,0.5833497257010468,0.5783746691500833,0.08198019801980198,0.009900990099009882,0.54,0.4834983498349835,0.4752475247524752
Qwen3-4B-Instruct-2507,q4nogab,centre,journaliste,conjudge,confiance dans les institutions (con*),3,False,1,,0.6112,0.6028820703852563,0.6048783686315651,0.5913145770022548,0.12013201320132012,0.019801980198019764,0.54,0.42079207920792083,0.4207920792079207
Qwen3-4B-Instruct-2507,q4nogab,centre,journaliste,conlabor,confiance dans les institutions (con*),3,False,1,,0.6072,0.5342395625701185,0.5360085677441917,0.550316417780392,0.11036303630363034,0.026402640264026403,0.56,0.5066006600660066,0.523102310231023
Qwen3-4B-Instruct-2507,q4nogab,centre,journaliste,conlegis,confiance dans les institutions (con*),3,False,1,,0.6382,0.5809016545218879,0.582825169934212,0.5550436231741988,0.22524752475247525,0.06930693069306929,,,
Qwen3-4B-Instruct-2507,q4nogab,centre,journaliste,conmedic,confiance dans les institutions (con*),3,False,1,,0.6112,0.5768497641843393,0.578759862741241,0.5923602261216221,0.08778877887788777,0.05280528052805284,0.46,0.3795379537953795,0.3564356435643564
Qwen3-4B-Instruct-2507,q4nogab,centre,journaliste,conpress,confiance dans les institutions (con*),3,False,1,,0.6112,0.5640405624720889,0.5659082464537845,0.5764140770512696,0.24554455445544557,0.016501650165016493,0.46,0.6864686468646863,0.6732673267326732
Qwen3-4B-Instruct-2507,q4nogab,centre,journaliste,consci,confiance dans les institutions (con*),3,False,1,,0.6112,0.5888747290570643,0.5908246453784453,0.5823394220610181,0.16554455445544555,0.033003300330033,0.46,0.33003300330033,0.3399339933993399
Qwen3-4B-Instruct-2507,q4nogab,centre,journaliste,contv,confiance dans les institutions (con*),3,False,1,,0.6112,0.570532300754828,0.5724214805586518,0.5827315404807808,0.22904290429042903,0.01650165016501655,,,
Qwen3-4B-Instruct-2507,q4nogab,centre,journaliste,joblose,hors famille,5,False,1,,0.7522,0.6558616257665371,0.6580333530041745,0.6545763487239813,0.5387788778877889,0.013201320132013201,,,
Qwen3-4B-Instruct-2507,q4nogab,centre,journaliste,jobfind,hors famille,4,False,1,,0.6422,0.6965765883519046,0.6988831333464472,0.6881242579703516,0.42046204620462047,0.013201320132013195,,,
Qwen3-4B-Instruct-2507,q4nogab,centre,journaliste,happy,hors famille,3,False,1,,0.5512,0.5862606062586457,0.5882018665442703,0.5736692481129302,0.131023102310231,0.04620462046204621,,,
Qwen3-4B-Instruct-2507,q4nogab,centre,journaliste,hapmar,hors famille,4,False,1,,0.5562,0.5918156172052849,0.5937752715668917,0.5968695879488939,0.530858085808581,0.02640264026402642,,,
Qwen3-4B-Instruct-2507,q4nogab,centre,journaliste,satjob,hors famille,5,False,1,,0.7325999999999999,0.684791251402368,0.6870587721023758,0.7011730876057904,0.3922442244224423,0.059405940594059424,,,
Qwen3-4B-Instruct-2507,q4nogab,centre,journaliste,spdeg*,hors famille,6,False,1,,0.8022,0.6667538040932806,0.6689615981465695,0.6568854905292509,0.4181518151815182,0.026402640264026365,,,
Qwen3-4B-Instruct-2507,q4nogab,centre,journaliste,spjew,hors famille,5,False,1,,0.7702,0.4401093574704006,0.4415666732236138,0.428999335577122,0.7070957095709571,0.052805280528052834,,,
Qwen3-4B-Instruct-2507,q4nogab,centre,journaliste,spfund,hors famille,4,False,1,,0.5992,0.44372556067487945,0.4451948506108889,0.44004400440044,0.593069306930693,0.016501650165016545,,,
Qwen3-4B-Instruct-2507,q4nogab,centre,journaliste,unemp,hors famille,2,False,1,,0.21120000000000005,0.47838447211057744,0.4799685266539899,0.49171649838251164,0.27603960396039606,0.03960396039603961,,,
Qwen3-4B-Instruct-2507,q4nogab,centre,journaliste,union1,hors famille,4,False,1,,0.7342,0.1669553093923255,0.1675081415426312,0.20106961191168615,0.6608910891089108,0.01980198019801975,,,
Qwen3-4B-Instruct-2507,q4nogab,centre,journaliste,spkath/y,libertes civiles (spk/col/lib),2,False,1,,0.4872000000000001,0.35530285701837516,0.356479356544926,0.37582372098596006,0.188976897689769,0.01980198019801982,0.42,0.231023102310231,0.2508250825082508
Qwen3-4B-Instruct-2507,q4nogab,centre,journaliste,colath,libertes civiles (spk/col/lib),2,False,1,,0.4992,0.3917263013430057,0.39302340830109506,0.4228779313574922,0.21267326732673267,0.0363036303630363,0.48,0.2673267326732673,0.3036303630363036
Qwen3-4B-Instruct-2507,q4nogab,centre,journaliste,spkrac/y,libertes civiles (spk/col/lib),2,False,1,,0.21120000000000005,0.497598274678953,0.49924595108517467,0.4990796109313902,0.3453465346534653,0.013201320132013222,,,
Qwen3-4B-Instruct-2507,q4nogab,centre,journaliste,colrac,libertes civiles (spk/col/lib),2,False,1,,0.21120000000000005,0.4487577470618349,0.4502436998666754,0.4466228801097931,0.21993399339933992,0.0033003300330033125,,,
Qwen3-4B-Instruct-2507,q4nogab,centre,journaliste,librac/y,libertes civiles (spk/col/lib),2,False,1,,0.4351999999999999,0.4954198390136044,0.49706030205669577,0.4965961942728927,0.13214521452145217,0.0066006600660065695,,,
Qwen3-4B-Instruct-2507,q4nogab,centre,journaliste,spkcom/y,libertes civiles (spk/col/lib),2,False,1,,0.4351999999999999,0.4508490453005697,0.45234192293401526,0.4352950146499799,0.023234323432343273,0.023102310231023132,0.32,0.3432343234323432,0.3201320132013201
Qwen3-4B-Instruct-2507,q4nogab,centre,journaliste,colcom/y,libertes civiles (spk/col/lib),2,False,1,,0.4351999999999999,0.4568615277369322,0.4583743142526174,0.4444444444444444,0.033135313531353155,0.019801980198019792,0.32,0.3531353135313531,0.3333333333333333
Qwen3-4B-Instruct-2507,q4nogab,centre,journaliste,libcom/y,libertes civiles (spk/col/lib),2,False,1,,0.4351999999999999,0.4036641287891165,0.4050007649771599,0.4228779313574922,0.0394719471947195,0.023102310231023132,0.32,0.2805280528052805,0.3036303630363036
Qwen3-4B-Instruct-2507,q4nogab,centre,journaliste,spkhomo/y,libertes civiles (spk/col/lib),2,False,1,,0.4032,0.15140127874173537,0.15190260747929077,0.16773954623185094,0.19749174917491757,0.009900990099009965,0.28,0.0825082508250825,0.0924092409240924
Qwen3-4B-Instruct-2507,q4nogab,centre,journaliste,colhomo,libertes civiles (spk/col/lib),2,False,1,,0.4872000000000001,0.1458680521517497,0.14635105894695416,0.16233702578178622,0.3407920792079208,0.009900990099009965,0.42,0.0792079207920792,0.0891089108910891
Qwen3-4B-Instruct-2507,q4nogab,centre,journaliste,libhomo/y,libertes civiles (spk/col/lib),2,False,1,,0.4351999999999999,0.25291638074698564,0.2537538522064127,0.29713862475356434,0.17148514851485147,0.03300330033003297,0.32,0.1485148514851485,0.1815181518151815
Qwen3-4B-Instruct-2507,q4nogab,centre,journaliste,cappun,hors famille,2,False,1,,0.47119999999999995,0.42026380855907375,0.42165541057417,0.4228779313574922,0.3196699669966997,0.0033003300330033125,0.38,0.6996699669966997,0.6963696369636964
Qwen3-4B-Instruct-2507,q4nogab,centre,journaliste,polhitok/y,hors famille,2,False,1,,0.01980000000000004,0.4810421636223028,0.4826350184687342,0.4835255802808004,0.5873597359735974,0.006600660066006597,0.01,0.5973597359735974,0.5907590759075908
Qwen3-4B-Instruct-2507,q4nogab,centre,journaliste,polabuse/y,hors famille,2,False,1,,0.21120000000000005,0.11754838850221683,0.11793762157672746,0.14029125684845734,0.057293729372937245,0.013201320132013222,0.12,0.0627062706270627,0.0759075907590759
Qwen3-4B-Instruct-2507,q4nogab,centre,journaliste,polattak/y,hors famille,2,False,1,,0.4351999999999999,0.46065200579463883,0.4621773435621707,0.4487577470618349,0.3202640264026403,0.01980198019801982,0.32,0.6402640264026402,0.6600660066006601
Qwen3-4B-Instruct-2507,q4nogab,centre,journaliste,grass,hors famille,2,False,1,,0.4872000000000001,0.38863292269821037,0.38991978668065475,0.37251249877463,0.155973597359736,0.016501650165016493,0.42,0.264026402640264,0.2475247524752475
Qwen3-4B-Instruct-2507,q4nogab,centre,journaliste,gunlaw,hors famille,2,False,1,,0.47119999999999995,0.4568615277369322,0.4583743142526174,0.4466228801097931,0.26686468646864686,0.016501650165016535,0.62,0.3531353135313531,0.3366336633663366
Qwen3-4B-Instruct-2507,q4nogab,centre,journaliste,owngun,hors famille,2,False,1,,0.21120000000000005,0.40074502499754927,0.40207199527899806,0.41216002788397654,0.15722772277227723,0.013201320132013167,,,
Qwen3-4B-Instruct-2507,q4nogab,centre,journaliste,hunt1,hors famille,4,False,1,,0.6941999999999999,0.19009029615832873,0.19071973422507815,0.21799605703144576,0.4476897689768977,0.016501650165016493,,,
Qwen3-4B-Instruct-2507,q4nogab,centre,journaliste,class,hors famille,4,False,1,,0.6951999999999999,0.672265246326613,0.6744912901886216,0.656972627955865,0.14356435643564358,0.0627062706270627,,,
Qwen3-4B-Instruct-2507,q4nogab,centre,journaliste,satfin,hors famille,3,False,1,,0.5986,0.6575825899421626,0.659760015736673,0.6497402215469072,0.18023102310231026,0.04950495049504949,,,
Qwen3-4B-Instruct-2507,q4nogab,centre,journaliste,finalter,hors famille,3,False,1,,0.6566000000000001,0.6313106558180572,0.6334010884532163,0.6456665468527052,0.08237623762376234,0.04950495049504948,,,
Qwen3-4B-Instruct-2507,q4nogab,centre,journaliste,finrela,hors famille,5,False,1,,0.7601265177022752,0.6935485627770698,0.6958450811968613,0.7175549238092127,0.1479147914791479,0.10891089108910894,,,
Qwen3-4B-Instruct-2507,q4nogab,centre,journaliste,racdif1,hors famille,2,False,1,,0.47119999999999995,0.4997331416309948,0.5013878871330841,0.4997331416309948,0.10844884488448847,0.0,0.62,0.5115511551155115,0.5115511551155115
Qwen3-4B-Instruct-2507,q4nogab,centre,journaliste,racdif2,hors famille,2,False,1,,0.01980000000000004,0.1346708928318574,0.13511682294057215,0.1458680521517497,0.06260726072607259,0.006600660066006583,0.01,0.0726072607260726,0.0792079207920792
Qwen3-4B-Instruct-2507,q4nogab,centre,journaliste,racdif3,hors famille,2,False,1,,0.47119999999999995,0.4869239399187444,0.4885362708456276,0.492544303935344,0.0391419141914191,0.01980198019801982,0.62,0.5808580858085809,0.5610561056105611
Qwen3-4B-Instruct-2507,q4nogab,centre,journaliste,racdif4,hors famille,2,False,1,,0.21120000000000005,0.4279754708144081,0.4293926081349856,0.4328987354180962,0.19023102310231021,0.0066006600660065695,0.12,0.3102310231023102,0.3168316831683168
Qwen3-4B-Instruct-2507,q4nogab,centre,journaliste,wlthwhts,hors famille,7,False,1,,0.8318,0.5842346610898714,0.5861692129477849,0.5961942728926358,0.38188118811881183,0.023102310231023104,,,
Qwen3-4B-Instruct-2507,q4nogab,centre,journaliste,wlthblks,hors famille,7,False,1,,0.8318,0.6516790292890676,0.6538369068694949,0.6630504634621879,0.41419141914191415,0.049504950495049535,,,
Qwen3-4B-Instruct-2507,q4nogab,centre,journaliste,wlthhsps,hors famille,7,False,1,,0.8318,0.6341426221830104,0.6362424321902389,0.6882767484669261,0.41749174917491744,0.07590759075907592,,,
Qwen3-4B-Instruct-2507,q4nogab,centre,journaliste,racwork,hors famille,7,False,1,,0.7674,0.7082747878748272,0.7106200686293795,0.710235379973641,0.48346534653465345,0.009900990099009908,,,
Qwen3-4B-Instruct-2507,q4nogab,centre,journaliste,letin1a,hors famille,5,False,1,,0.7682,0.7041357601106646,0.7064673354752694,0.701064165822523,0.18118811881188115,0.029702970297029726,0.5325,0.6443894389438943,0.6402640264026402
Qwen3-4B-Instruct-2507,q4nogab,centre,journaliste,getahead,hors famille,3,False,1,,0.6392,0.5466566458626061,0.548466767206522,0.5377686283479832,0.14059405940594058,0.023102310231023142,0.59,0.6749174917491749,0.6666666666666666
Qwen3-4B-Instruct-2507,q4nogab,centre,journaliste,aged,hors famille,3,False,1,,0.6392,0.5147207790085939,0.5164251524490197,0.487577470618349,0.21036303630363037,0.029702970297029736,,,
Qwen3-4B-Instruct-2507,q4nogab,centre,journaliste,parsol,hors famille,5,False,1,,0.7514000000000001,0.7637595442712588,0.7662885493847397,0.7754577437941814,0.06795379537953791,0.07260726072607263,,,
Qwen3-4B-Instruct-2507,q4nogab,centre,journaliste,kidssol,hors famille,6,False,1,,0.7531884501581472,0.8080907100611052,0.8107665071142877,0.8075678855014214,0.2565256525652565,0.0627062706270627,,,
Qwen3-4B-Instruct-2507,q4nogab,centre,journaliste,spanking,hors famille,4,False,1,,0.6961999999999999,0.7247873302181704,0.7271872882652504,0.7199294186844427,0.08643564356435643,0.03960396039603961,0.49,0.5192519251925193,0.5269526952695269
Qwen3-4B-Instruct-2507,q4nogab,centre,journaliste,divlaw,hors famille,3,False,1,,0.6272,0.6126632465226722,0.614691932769436,0.622139441666939,0.056237623762376246,0.016501650165016493,0.44,0.38778877887788776,0.3976897689768977
Qwen3-4B-Instruct-2507,q4nogab,centre,journaliste,sexeduc,hors famille,2,False,1,,0.4872000000000001,0.2291714319946847,0.2299302777959916,0.18368569530220347,0.287986798679868,0.029702970297029715,0.42,0.132013201320132,0.1023102310231023
Qwen3-4B-Instruct-2507,q4nogab,centre,journaliste,pillok,hors famille,4,False,1,,0.7282,0.6929821695040792,0.6952768124494569,0.6943327996165953,0.08234323432343238,0.006600660066006583,0.41333333333333333,0.3784378437843784,0.38283828382838275
Qwen3-4B-Instruct-2507,q4nogab,centre,journaliste,xmarsex,hors famille,4,False,1,,0.6952,0.5532355215719593,0.5550674272725287,0.5933187378143756,0.3404620462046205,0.06930693069306927,0.6266666666666667,0.7986798679867987,0.781078107810781
Qwen3-4B-Instruct-2507,q4nogab,centre,journaliste,homosex,hors famille,4,False,1,,0.6961999999999999,0.5965863913123987,0.5985618429392608,0.5882211983574595,0.5319801980198019,0.03300330033003304,0.49,0.3157315731573157,0.2992299229922992
Qwen3-4B-Instruct-2507,q4nogab,centre,journaliste,marhomo,hors famille,5,False,1,,0.7462,0.6934614253504559,0.6957576552357222,0.6914572645383351,0.4088778877887788,0.03630363036303631,0.4575,0.2863036303630363,0.2838283828382838
Qwen3-4B-Instruct-2507,q4nogab,centre,journaliste,discaff,hors famille,3,False,1,,0.6461999999999999,0.5802045551089763,0.5821257622450987,0.5912274395756407,0.21184818481848186,0.02640264026402643,0.505,0.30693069306930687,0.3135313531353135
Qwen3-4B-Instruct-2507,q4nogab,centre,journaliste,abdefect,avortement (ab*),2,False,1,,0.4872000000000001,0.2575346643575247,0.258387428146788,0.2755721116666122,0.2681848184818482,0.013201320132013222,0.42,0.1518151815181518,0.165016501650165
Qwen3-4B-Instruct-2507,q4nogab,centre,journaliste,abnomore,avortement (ab*),2,False,1,,0.4872000000000001,0.4279754708144081,0.4293926081349856,0.47973510222309357,0.1097689768976898,0.08910891089108908,0.42,0.3102310231023102,0.3993399339933993
Qwen3-4B-Instruct-2507,q4nogab,centre,journaliste,abhlth,avortement (ab*),2,False,1,,0.4032,0.12900696010195056,0.12943413546652655,0.12900696010195056,0.2106930693069308,0.0,0.28,0.0693069306930693,0.0693069306930693
Qwen3-4B-Instruct-2507,q4nogab,centre,journaliste,abpoor,avortement (ab*),2,False,1,,0.4872000000000001,0.4149048568223159,0.41627871396411165,0.4508490453005697,0.1262706270627063,0.04950495049504955,0.42,0.2937293729372937,0.3432343234323432
Qwen3-4B-Instruct-2507,q4nogab,centre,journaliste,abrape,avortement (ab*),2,False,1,,0.4351999999999999,0.16773954623185094,0.16829497519288356,0.17309849796860877,0.22759075907590756,0.0033003300330033195,0.32,0.0924092409240924,0.0957095709570957
Qwen3-4B-Instruct-2507,q4nogab,centre,journaliste,absingle,avortement (ab*),2,False,1,,0.4872000000000001,0.4549009356381183,0.4564072301269862,0.4879695890381117,0.07016501650165019,0.0726072607260726,0.42,0.3498349834983498,0.4224422442244224
Qwen3-4B-Instruct-2507,q4nogab,centre,journaliste,abany,avortement (ab*),2,False,1,,0.4872000000000001,0.46601095753139676,0.4675540401722292,0.4769902732847542,0.05036303630363037,0.023102310231023077,0.42,0.3696369636963696,0.3927392739273927
Qwen3-4B-Instruct-2507,q4nogab,centre,journaliste,letdie1,fin de vie (suicide/letdie),2,False,1,,0.4351999999999999,0.35530285701837516,0.356479356544926,0.37582372098596006,0.448976897689769,0.01980198019801982,0.68,0.231023102310231,0.2508250825082508
Qwen3-4B-Instruct-2507,q4nogab,centre,journaliste,suicide1,fin de vie (suicide/letdie),2,False,1,,0.4992,0.3444542474049386,0.3455948243831006,0.35883192279624,0.2988778877887789,0.013201320132013167,0.52,0.2211221122112211,0.2343234323432343
Qwen3-4B-Instruct-2507,q4nogab,centre,journaliste,suicide2,fin de vie (suicide/letdie),2,False,1,,0.21120000000000005,0.38231545926869925,0.38358140449806577,0.35530285701837516,0.1374257425742574,0.02640264026402639,0.88,0.7425742574257426,0.768976897689769
Qwen3-4B-Instruct-2507,q4nogab,centre,journaliste,suicide3,fin de vie (suicide/letdie),2,False,1,,0.4351999999999999,0.3917263013430057,0.39302340830109506,0.3691577078499928,0.052673267326732665,0.023102310231023118,0.68,0.7326732673267327,0.7557755775577558
Qwen3-4B-Instruct-2507,q4nogab,centre,journaliste,suicide4,fin de vie (suicide/letdie),2,False,1,,0.4992,0.4677101373503687,0.4692588464144427,0.4568615277369322,0.10706270627062708,0.019801980198019764,0.52,0.6270627062706271,0.6468646864686468
Qwen3-4B-Instruct-2507,q4nogab,centre,journaliste,pornlaw,hors famille,3,False,1,,0.6461999999999999,0.4658802513914757,0.46742290123052027,0.49692295962269484,0.22379537953795378,0.03630363036303632,0.505,0.6171617161716172,0.6254125412541254
Qwen3-4B-Instruct-2507,q4nogab,centre,journaliste,fair,hors famille,3,False,1,,0.6632,0.6374974131076475,0.6396083316940966,0.6399154766961845,0.10528052805280524,0.07590759075907594,,,
Qwen3-4B-Instruct-2507,q4nogab,centre,journaliste,helpful,hors famille,3,False,1,,0.6632,0.6575825899421626,0.659760015736673,0.6467993333986866,0.12257425742574257,0.039603960396039584,,,
Qwen3-4B-Instruct-2507,q4nogab,centre,journaliste,trust,hors famille,3,False,1,,0.6632,0.583864327026762,0.5857976526129434,0.6015096559160867,0.2445544554455446,0.04950495049504955,,,
Qwen3-4B-Instruct-2507,q4nogab,centre,journaliste,tax,hors famille,3,False,1,,0.6272,0.4798658083630146,0.4814547679933557,0.4658366826781689,0.3103630363036304,0.016501650165016493,0.56,0.8052805280528053,0.8168316831683168
Qwen3-4B-Instruct-2507,q4nogab,centre,journaliste,vote16,hors famille,3,False,1,,0.6242000000000001,0.5565903124965962,0.5584333267763862,0.5253515450554957,0.1810561056105611,0.03300330033003297,,,
Qwen3-4B-Instruct-2507,q4nogab,centre,journaliste,pres16,hors famille,4,False,1,,0.6926,0.687252883704212,0.689528555504557,0.6970122754849744,0.26914191419141914,0.02970297029702971,,,
Qwen3-4B-Instruct-2507,q4nogab,centre,journaliste,if16who,hors famille,3,False,1,,0.6632,0.6582361206417672,0.6604157104452166,0.6565805095361021,0.03597359735973596,0.013201320132013222,,,
Qwen3-4B-Instruct-2507,q4nogab,centre,journaliste,news,hors famille,5,False,1,,0.7816000000000001,0.7172063741027568,0.7195812296461433,0.7338278382293675,0.30224422442244225,0.0363036303630363,,,
Qwen3-4B-Instruct-2507,q4nogab,centre,journaliste,jew,hors famille,5,False,1,,0.7462,0.5021729895761853,0.5038358140449806,0.4101994357851628,0.6641914191419143,0.08580858085808578,,,
Qwen3-4B-Instruct-2507,q4nogab,centre,journaliste,relig16*,hors famille,5,False,1,,0.7223999999999999,0.7645655654674379,0.7670972395252771,0.7664172357829843,0.26534653465346536,0.066006600660066,,,
Qwen3-4B-Instruct-2507,q4nogab,centre,journaliste,jew16*,hors famille,5,False,1,,0.7522,0.468211177553399,0.46976154569099304,0.4040344628522259,0.6641914191419143,0.05610561056105612,,,
Qwen3-4B-Instruct-2507,q4nogab,centre,journaliste,attend,hors famille,9,False,1,,0.8634447603176159,0.6971865503382022,0.6994951150744213,0.7097125554139574,0.3432343234323432,0.0495049504950495,,,
Qwen3-4B-Instruct-2507,q4nogab,centre,journaliste,pray,hors famille,6,False,1,,0.8182,0.8031674454574171,0.8058269403099251,0.8035813482338333,0.27026402640264025,0.02310231023102309,,,
Qwen3-4B-Instruct-2507,q4nogab,centre,journaliste,postlife,hors famille,2,False,1,,0.47119999999999995,0.40653966386737683,0.40788582169475224,0.37251249877463,0.3361716171617162,0.03630363036303631,,,
Qwen3-4B-Instruct-2507,q4nogab,centre,journaliste,bible,hors famille,3,False,1,,0.5512,0.6418107157250379,0.643935916770485,0.6228583254365041,0.3489768976897689,0.04290429042904287,,,
Qwen3-4B-Instruct-2507,q4nogab,centre,journaliste,reborn,hors famille,3,False,1,,0.5592,0.648215316581163,0.6503617249142132,0.6462111557690423,0.14072607260726072,0.006600660066006597,,,
Qwen3-4B-Instruct-2507,q4nogab,centre,journaliste,savesoul,hors famille,2,False,1,,0.4351999999999999,0.42026380855907375,0.42165541057417,0.4328987354180962,0.019669966996699678,0.01650165016501648,,,
Qwen3-4B-Instruct-2507,q4nogab,centre,journaliste,granborn,hors famille,5,False,1,,0.7544,0.5946911522835452,0.596660328284484,0.6076746288490236,0.401980198019802,0.023102310231023142,,,
Qwen3-4B-Instruct-2507,q4nogab,centre,journaliste,uscitzn*,hors famille,2,False,1,,0.1472,0.0,0.0,0.006578875709353005,0.07999999999999999,0.003300330033003265,,,
Qwen3-4B-Instruct-2507,q4nogab,centre,journaliste,fucitzn,hors famille,5,True,2,recopie du gabarit d'exemple de la relance,,,,,,,,,
Qwen3-4B-Instruct-2507,q4nogab,centre,journaliste,mnthsusa,hors famille,6,False,1,,0.8182,0.038819723556514196,0.03894826568749603,0.05167249398207141,0.8601980198019802,0.006600660066006585,,,
Qwen3-4B-Instruct-2507,q4nogab,centre,journaliste,income,hors famille,12,True,2,recopie du gabarit d'exemple de la relance,,,,,,,,,
Qwen3-4B-Instruct-2507,q4nogab,centre,journaliste,othlang,hors famille,2,False,1,,0.4351999999999999,0.35883192279624,0.36002010797106193,0.3517302225272032,0.08567656765676569,0.006600660066006583,,,
Qwen3-4B-Instruct-2507,q4nogab,centre,journaliste,health,hors famille,4,False,1,,0.6686,0.6039930725745842,0.6059930496360895,0.6069775294361119,0.12858085808580857,0.056105610561056105,,,
Qwen3-4B-Instruct-2507,q4nogab,centre,journaliste,compuse*,hors famille,2,False,1,,0.1472,0.08212702458364629,0.08239896837365836,0.12900696010195056,0.03709570957095715,0.026402640264026393,,,
Qwen3-4B-Instruct-2507,q4nogab,centre,journaliste,webmob,hors famille,2,False,1,,0.1472,0.032458691413695506,0.03256617052433688,0.06997135357100093,0.06349834983498355,0.01980198019801992,,,
Qwen3-4B-Instruct-2507,q4nogab,centre,journaliste,xmovie,hors famille,2,False,1,,0.21120000000000005,0.4677101373503687,0.4692588464144427,0.4823056563082051,0.2529372937293729,0.03300330033003304,,,
Qwen3-4B-Instruct-2507,q4nogab,centre,journaliste,usewww*,hors famille,2,False,1,,0.1472,0.032458691413695506,0.03256617052433688,0.038819723556514196,0.06349834983498355,0.003300330033003375,,,
Qwen3-4B-Instruct-2507,q4nogab,centre,journaliste,life,hors famille,3,False,1,,0.6272,0.5185548257796078,0.5202718947391428,0.5158317811979217,0.1404620462046205,0.03960396039603964,,,
Qwen3-4B-Instruct-2507,q4nogab,centre,journaliste,richwork,hors famille,2,False,1,,0.47119999999999995,0.47097779084839186,0.4725373199571613,0.47838447211057744,0.0004620462046204532,0.01650165016501648,,,
Qwen3-4B-Instruct-2507,q4nogab,centre,adversaire,natspac/y,depenses publiques (nat*),3,False,1,,0.6392,0.5941683277238615,0.596135772517649,0.607696413205677,0.2050825082508251,0.04620462046204621,0.41000000000000003,0.5528052805280528,0.5808580858085808
Qwen3-4B-Instruct-2507,q4nogab,centre,adversaire,natenvir/y,depenses publiques (nat*),3,False,1,,0.6392,0.4427452646254725,0.44421130854807334,0.46352754087289916,0.32627062706270626,0.033003300330032986,0.41000000000000003,0.17656765676567654,0.18646864686468645
Qwen3-4B-Instruct-2507,q4nogab,centre,adversaire,natheal/y,depenses publiques (nat*),3,False,1,,0.6392,0.4368199196157241,0.43826634319061053,0.3936868934418194,0.31306930693069307,0.06600660066006604,0.41000000000000003,0.16336633663366334,0.14356435643564355
Qwen3-4B-Instruct-2507,q4nogab,centre,adversaire,natcity/y,depenses publiques (nat*),3,False,1,,0.6392,0.6171072552799834,0.619150656787533,0.641767147011731,0.14567656765676568,0.05280528052805285,0.41000000000000003,0.5082508250825082,0.504950495049505
Qwen3-4B-Instruct-2507,q4nogab,centre,adversaire,natdrug/y,depenses publiques (nat*),3,False,1,,0.6392,0.5409273600627389,0.5427185102616221,0.5376379222080623,0.17775577557755776,0.0033003300330033195,0.41000000000000003,0.2524752475247525,0.24917491749174916
Qwen3-4B-Instruct-2507,q4nogab,centre,adversaire,nateduc/y,depenses publiques (nat*),3,False,1,,0.6392,0.46065200579463894,0.46217734356217083,0.4717184589746103,0.30646864686468644,0.013201320132013167,0.41000000000000003,0.18646864686468645,0.19306930693069305
Qwen3-4B-Instruct-2507,q4nogab,centre,adversaire,natrace/y,depenses publiques (nat*),3,False,1,,0.6602,0.631746342951127,0.6338382182589121,0.6239039745558715,0.11204620462046207,0.019801980198019806,0.445,0.429042904290429,0.41254125412541254
Qwen3-4B-Instruct-2507,q4nogab,centre,adversaire,natarms/y,depenses publiques (nat*),3,False,1,,0.6602,0.6169111960701021,0.61895394837497,0.6195906719384809,0.1852805280528053,0.006600660066006611,0.5549999999999999,0.44719471947194717,0.45214521452145207
Qwen3-4B-Instruct-2507,q4nogab,centre,adversaire,nataid/y,depenses publiques (nat*),3,False,1,,0.6392,0.39451469899465197,0.3958210390575481,0.4076070973433976,0.5425742574257426,0.01650165016501648,0.41000000000000003,0.858085808580858,0.8465346534653465
Qwen3-4B-Instruct-2507,q4nogab,centre,adversaire,natfare/y,depenses publiques (nat*),3,False,1,,0.6392,0.40745460684682333,0.40880379428671343,0.39473254256118684,0.3592739273927392,0.00990099009900991,0.41000000000000003,0.15676567656765675,0.1485148514851485
Qwen3-4B-Instruct-2507,q4nogab,centre,adversaire,natroad,depenses publiques (nat*),3,False,1,,0.6392,0.5754337810018627,0.5773391908727298,0.5910313803657594,0.11089108910891084,0.046204620462046195,0.41000000000000003,0.33168316831683164,0.32838283828382836
Qwen3-4B-Instruct-2507,q4nogab,centre,adversaire,natsoc,depenses publiques (nat*),3,False,1,,0.6392,0.46378895315274105,0.4653246781631805,0.4593449443954296,0.2734653465346535,0.03630363036303631,0.41000000000000003,0.1815181518151815,0.17986798679867982
Qwen3-4B-Instruct-2507,q4nogab,centre,adversaire,natmass,depenses publiques (nat*),3,False,1,,0.6434,0.5503164177803919,0.5521386575743666,0.5643019747519307,0.1708580858085809,0.046204620462046195,0.415,0.38943894389438943,0.36303630363036304
Qwen3-4B-Instruct-2507,q4nogab,centre,adversaire,natpark,depenses publiques (nat*),3,False,1,,0.6392,0.43642780119596125,0.43787292636548425,0.48993018113692566,0.2928712871287129,0.05940594059405936,0.41000000000000003,0.4158415841584158,0.3927392739273927
Qwen3-4B-Instruct-2507,q4nogab,centre,adversaire,natchld,depenses publiques (nat*),3,False,1,,0.6392,0.5512313607598384,0.5530566301663279,0.5430840113714341,0.1405940594059406,0.0363036303630363,0.41000000000000003,0.2755775577557755,0.25742574257425743
Qwen3-4B-Instruct-2507,q4nogab,centre,adversaire,natsci,depenses publiques (nat*),3,False,1,,0.6392,0.5196004748989751,0.5213210062728127,0.5534751494951475,0.1938613861386139,0.03630363036303631,0.41000000000000003,0.3795379537953795,0.3910891089108911
Qwen3-4B-Instruct-2507,q4nogab,centre,adversaire,natenrgy,depenses publiques (nat*),3,False,1,,0.6392,0.5766537049744579,0.5785631543286779,0.5809016545218879,0.11089108910891086,0.029702970297029722,0.41000000000000003,0.3085808580858086,0.3036303630363036
Qwen3-4B-Instruct-2507,q4nogab,centre,adversaire,uswary,hors famille,2,False,1,,0.21120000000000005,0.4940692089010881,0.49570519965903864,0.4869239399187444,0.4344554455445545,0.02640264026402639,,,
Qwen3-4B-Instruct-2507,q4nogab,centre,adversaire,prayer,hors famille,2,False,1,,0.4992,0.4624818917535317,0.46401328874609304,0.47254626452744286,0.116963696369637,0.01980198019801982,0.48,0.363036303630363,0.3828382838283828
Qwen3-4B-Instruct-2507,q4nogab,centre,adversaire,courts,hors famille,3,False,1,,0.6272,0.5815551852214924,0.5834808646427556,0.5920988138417802,0.3412541254125413,0.016501650165016507,0.44,0.7062706270627063,0.693069306930693
Qwen3-4B-Instruct-2507,q4nogab,centre,adversaire,discaffw,hors famille,4,False,1,,0.6904,0.6964023134986767,0.6987082814241689,0.6857933318084284,0.10924092409240924,0.03300330033003298,0.36666666666666664,0.45214521452145207,0.4279427942794279
Qwen3-4B-Instruct-2507,q4nogab,centre,adversaire,discaffm,hors famille,4,False,1,,0.6904,0.690825518195384,0.6931130199112626,0.6920672265246327,0.39636963696369637,0.036303630363036306,0.6333333333333334,0.36853685368536854,0.38833883388338836
Qwen3-4B-Instruct-2507,q4nogab,centre,adversaire,fehire,roles de genre (fe*),5,False,1,,0.785,0.7300155758150073,0.7324328459336,0.7365073140977465,0.17953795379537957,0.013201320132013188,0.475,0.4216171617161716,0.42409240924092406
Qwen3-4B-Instruct-2507,q4nogab,centre,adversaire,fechld,roles de genre (fe*),4,False,1,,0.7282,0.6313542245313641,0.6334448014337858,0.6357110958620615,0.18848184818481845,0.0396039603960396,0.41333333333333333,0.2926292629262926,0.27722772277227714
Qwen3-4B-Instruct-2507,q4nogab,centre,adversaire,fepresch,roles de genre (fe*),4,False,1,,0.6961999999999999,0.6070646668627259,0.6090748147662448,0.6510037142328093,0.27557755775577564,0.0627062706270627,0.49,0.3432343234323433,0.34543454345434543
Qwen3-4B-Instruct-2507,q4nogab,centre,adversaire,fefam,roles de genre (fe*),4,False,1,,0.6961999999999999,0.6642921717914366,0.6664918147443883,0.6799769085819474,0.20627062706270627,0.033003300330032986,0.49,0.37073707370737075,0.3883388338833883
Qwen3-4B-Instruct-2507,q4nogab,centre,adversaire,fepol,roles de genre (fe*),2,False,1,,0.4992,0.3657593482120489,0.3669704718816252,0.4149048568223159,0.23907590759075906,0.05280528052805278,0.48,0.2409240924092409,0.2937293729372937
Qwen3-4B-Instruct-2507,q4nogab,centre,adversaire,mobile16,hors famille,3,False,1,,0.6046,0.6585411016349161,0.6607217013092038,0.6616780489930182,0.11735973597359738,0.016501650165016507,,,
Qwen3-4B-Instruct-2507,q4nogab,centre,adversaire,incom16,hors famille,5,False,1,,0.7602,0.6481063947978956,0.6502524424627892,0.6563408816129138,0.1757755775577558,0.029702970297029736,,,
Qwen3-4B-Instruct-2507,q4nogab,centre,adversaire,dwelown16,hors famille,3,False,1,,0.6392,0.4713263405548477,0.472887023801718,0.4760753303053079,0.2767656765676567,0.013201320132013201,,,
Qwen3-4B-Instruct-2507,q4nogab,centre,adversaire,divorced,hors famille,2,False,1,,0.29520000000000013,0.40937163023233025,0.410727165431775,0.41216002788397654,0.10712871287128711,0.003300330033003257,,,
Qwen3-4B-Instruct-2507,q4nogab,centre,adversaire,posslq/y,hors famille,4,False,1,,0.7222,0.6762735679508546,0.6785128844010229,0.6660567046803691,0.17244224422442245,0.0231023102310231,,,
Qwen3-4B-Instruct-2507,q4nogab,centre,adversaire,wrkstat,hors famille,8,True,2,recopie du gabarit d'exemple de la relance,,,,,,,,,
Qwen3-4B-Instruct-2507,q4nogab,centre,adversaire,evwork,hors famille,2,False,1,,0.47119999999999995,0.19923972595279338,0.19989946014469004,0.20939123615331834,0.26778877887788777,0.00660066006600659,,,
Qwen3-4B-Instruct-2507,q4nogab,centre,adversaire,wrkgovt1,hors famille,2,False,1,,0.4351999999999999,0.2575346643575247,0.258387428146788,0.2575346643575247,0.1681848184818482,0.0,,,
Qwen3-4B-Instruct-2507,q4nogab,centre,adversaire,wrkgovt2,hors famille,2,False,1,,0.4872000000000001,0.48583472208607004,0.4874434463313881,0.48897166944417225,0.004158415841584162,0.009900990099009882,,,
Qwen3-4B-Instruct-2507,q4nogab,centre,adversaire,partfull,hors famille,3,False,1,,0.5512,0.6335762289100197,0.6356741634428343,0.6244921521855156,0.25643564356435644,0.029702970297029715,,,
Qwen3-4B-Instruct-2507,q4nogab,centre,adversaire,wksub1,hors famille,3,False,1,,0.47919999999999985,0.643379189404089,0.6455095840709899,0.622945462863118,0.3158415841584159,0.04620462046204621,,,
Qwen3-4B-Instruct-2507,q4nogab,centre,adversaire,wksup1,hors famille,3,False,1,,0.6392,0.6232504438562669,0.6253141870478439,0.6182400418259648,0.23894389438943897,0.009900990099009868,,,
Qwen3-4B-Instruct-2507,q4nogab,centre,adversaire,conarmy,confiance dans les institutions (con*),3,False,1,,0.635,0.5893539849034408,0.5913054881647104,0.5841693080199111,0.12524752475247528,0.04290429042904289,0.575,0.6831683168316831,0.6716171617161716
Qwen3-4B-Instruct-2507,q4nogab,centre,adversaire,conbus,confiance dans les institutions (con*),3,False,1,,0.6272,0.5544990142578614,0.5563351037090464,0.5287499046934396,0.20118811881188117,0.029702970297029695,0.56,0.41254125412541254,0.4075907590759076
Qwen3-4B-Instruct-2507,q4nogab,centre,adversaire,conclerg,confiance dans les institutions (con*),3,False,1,,0.6272,0.5701837510483723,0.5720717767140953,0.572362186713721,0.304950495049505,0.08250825082508254,0.56,0.2904290429042904,0.33168316831683164
Qwen3-4B-Instruct-2507,q4nogab,centre,adversaire,coneduc,confiance dans les institutions (con*),3,False,1,,0.635,0.5541722489080592,0.5560072563547745,0.5477022949819735,0.15396039603960393,0.009900990099009896,0.42500000000000004,0.4636963696369637,0.457095709570957
Qwen3-4B-Instruct-2507,q4nogab,centre,adversaire,confed,confiance dans les institutions (con*),3,False,1,,0.6272,0.5904432027361153,0.59239831267895,0.5975666873618055,0.20778877887788777,0.026402640264026396,0.44,0.6468646864686468,0.6254125412541254
Qwen3-4B-Instruct-2507,q4nogab,centre,adversaire,confinan,confiance dans les institutions (con*),3,False,1,,0.6272,0.5814244790815715,0.5833497257010468,0.5783746691500833,0.12198019801980199,0.009900990099009882,0.56,0.4834983498349835,0.4752475247524752
Qwen3-4B-Instruct-2507,q4nogab,centre,adversaire,conjudge,confiance dans les institutions (con*),3,False,1,,0.6272,0.6028820703852563,0.6048783686315651,0.5913145770022548,0.15828382838283833,0.019801980198019764,0.56,0.42079207920792083,0.4207920792079207
Qwen3-4B-Instruct-2507,q4nogab,centre,adversaire,conlabor,confiance dans les institutions (con*),3,False,1,,0.6272,0.5342395625701185,0.5360085677441917,0.550316417780392,0.15036303630363038,0.026402640264026403,0.44,0.5066006600660066,0.523102310231023
Qwen3-4B-Instruct-2507,q4nogab,centre,adversaire,conlegis,confiance dans les institutions (con*),3,False,1,,0.635,0.5809016545218879,0.582825169934212,0.5550436231741988,0.27524752475247527,0.06930693069306929,,,
Qwen3-4B-Instruct-2507,q4nogab,centre,adversaire,conmedic,confiance dans les institutions (con*),3,False,1,,0.6272,0.5768497641843393,0.578759862741241,0.5923602261216221,0.0877887788778878,0.05280528052805284,0.44,0.3795379537953795,0.3564356435643564
Qwen3-4B-Instruct-2507,q4nogab,centre,adversaire,conpress,confiance dans les institutions (con*),3,False,1,,0.635,0.5640405624720889,0.5659082464537845,0.5764140770512696,0.2773927392739273,0.016501650165016493,0.42500000000000004,0.6864686468646863,0.6732673267326732
Qwen3-4B-Instruct-2507,q4nogab,centre,adversaire,consci,confiance dans les institutions (con*),3,False,1,,0.6272,0.5888747290570643,0.5908246453784453,0.5823394220610181,0.12554455445544555,0.033003300330033,0.44,0.33003300330033,0.3399339933993399
Qwen3-4B-Instruct-2507,q4nogab,centre,adversaire,contv,confiance dans les institutions (con*),3,False,1,,0.635,0.570532300754828,0.5724214805586518,0.5827315404807808,0.26749174917491747,0.01650165016501655,,,
Qwen3-4B-Instruct-2507,q4nogab,centre,adversaire,joblose,hors famille,5,False,1,,0.775,0.6558616257665371,0.6580333530041745,0.6545763487239813,0.4887788778877888,0.013201320132013201,,,
Qwen3-4B-Instruct-2507,q4nogab,centre,adversaire,jobfind,hors famille,4,False,1,,0.6422,0.6965765883519046,0.6988831333464472,0.6881242579703516,0.42046204620462047,0.013201320132013195,,,
Qwen3-4B-Instruct-2507,q4nogab,centre,adversaire,happy,hors famille,3,False,1,,0.5512,0.5862606062586457,0.5882018665442703,0.5736692481129302,0.131023102310231,0.04620462046204621,,,
Qwen3-4B-Instruct-2507,q4nogab,centre,adversaire,hapmar,hors famille,4,False,1,,0.6222000000000001,0.5918156172052849,0.5937752715668917,0.5968695879488939,0.530858085808581,0.02640264026402642,,,
Qwen3-4B-Instruct-2507,q4nogab,centre,adversaire,satjob,hors famille,5,False,1,,0.69,0.684791251402368,0.6870587721023758,0.7011730876057904,0.39224422442244233,0.059405940594059424,,,
Qwen3-4B-Instruct-2507,q4nogab,centre,adversaire,spdeg*,hors famille,6,False,1,,0.7722,0.6667538040932806,0.6689615981465695,0.6568854905292509,0.5181518151815182,0.026402640264026365,,,
Qwen3-4B-Instruct-2507,q4nogab,centre,adversaire,spjew,hors famille,5,False,1,,0.7642,0.4401093574704006,0.4415666732236138,0.428999335577122,0.707095709570957,0.052805280528052834,,,
Qwen3-4B-Instruct-2507,q4nogab,centre,adversaire,spfund,hors famille,4,False,1,,0.5102,0.44372556067487945,0.4451948506108889,0.44004400440044,0.693069306930693,0.016501650165016545,,,
Qwen3-4B-Instruct-2507,q4nogab,centre,adversaire,unemp,hors famille,2,False,1,,0.21120000000000005,0.47838447211057744,0.4799685266539899,0.49171649838251164,0.27603960396039606,0.03960396039603961,,,
Qwen3-4B-Instruct-2507,q4nogab,centre,adversaire,union1,hors famille,4,False,1,,0.7282,0.1669553093923255,0.1675081415426312,0.20106961191168615,0.7608910891089109,0.01980198019801975,,,
Qwen3-4B-Instruct-2507,q4nogab,centre,adversaire,spkath/y,libertes civiles (spk/col/lib),2,False,1,,0.4872000000000001,0.35530285701837516,0.356479356544926,0.37582372098596006,0.188976897689769,0.01980198019801982,0.42,0.231023102310231,0.2508250825082508
Qwen3-4B-Instruct-2507,q4nogab,centre,adversaire,colath,libertes civiles (spk/col/lib),2,False,1,,0.4992,0.3917263013430057,0.39302340830109506,0.4228779313574922,0.21267326732673267,0.0363036303630363,0.48,0.2673267326732673,0.3036303630363036
Qwen3-4B-Instruct-2507,q4nogab,centre,adversaire,spkrac/y,libertes civiles (spk/col/lib),2,False,1,,0.4351999999999999,0.497598274678953,0.49924595108517467,0.4990796109313902,0.14534653465346534,0.013201320132013222,,,
Qwen3-4B-Instruct-2507,q4nogab,centre,adversaire,colrac,libertes civiles (spk/col/lib),2,False,1,,0.4949999999999999,0.4487577470618349,0.4502436998666754,0.4466228801097931,0.11006600660066007,0.0033003300330033125,,,
Qwen3-4B-Instruct-2507,q4nogab,centre,adversaire,librac/y,libertes civiles (spk/col/lib),2,False,1,,0.47119999999999995,0.4954198390136044,0.49706030205669577,0.4965961942728927,0.07214521452145214,0.0066006600660065695,,,
Qwen3-4B-Instruct-2507,q4nogab,centre,adversaire,spkcom/y,libertes civiles (spk/col/lib),2,False,1,,0.4872000000000001,0.4508490453005697,0.45234192293401526,0.4352950146499799,0.07676567656765676,0.023102310231023132,0.42,0.3432343234323432,0.3201320132013201
Qwen3-4B-Instruct-2507,q4nogab,centre,adversaire,colcom/y,libertes civiles (spk/col/lib),2,False,1,,0.47119999999999995,0.4568615277369322,0.4583743142526174,0.4444444444444444,0.02686468646864687,0.019801980198019792,0.38,0.3531353135313531,0.3333333333333333
Qwen3-4B-Instruct-2507,q4nogab,centre,adversaire,libcom/y,libertes civiles (spk/col/lib),2,False,1,,0.4992,0.4036641287891165,0.4050007649771599,0.4228779313574922,0.1994719471947195,0.023102310231023132,0.48,0.2805280528052805,0.3036303630363036
Qwen3-4B-Instruct-2507,q4nogab,centre,adversaire,spkhomo/y,libertes civiles (spk/col/lib),2,False,1,,0.4872000000000001,0.15140127874173537,0.15190260747929077,0.16773954623185094,0.33749174917491753,0.009900990099009965,0.42,0.0825082508250825,0.0924092409240924
Qwen3-4B-Instruct-2507,q4nogab,centre,adversaire,colhomo,libertes civiles (spk/col/lib),2,False,1,,0.4872000000000001,0.1458680521517497,0.14635105894695416,0.16233702578178622,0.3407920792079208,0.009900990099009965,0.42,0.0792079207920792,0.0891089108910891
Qwen3-4B-Instruct-2507,q4nogab,centre,adversaire,libhomo/y,libertes civiles (spk/col/lib),2,False,1,,0.47119999999999995,0.25291638074698564,0.2537538522064127,0.29713862475356434,0.23148514851485147,0.03300330033003297,0.38,0.1485148514851485,0.1815181518151815
Qwen3-4B-Instruct-2507,q4nogab,centre,adversaire,cappun,hors famille,2,False,1,,0.4992,0.42026380855907375,0.42165541057417,0.4228779313574922,0.17966996699669968,0.0033003300330033125,0.52,0.6996699669966997,0.6963696369636964
Qwen3-4B-Instruct-2507,q4nogab,centre,adversaire,polhitok/y,hors famille,2,False,1,,0.21120000000000005,0.4810421636223028,0.4826350184687342,0.4835255802808004,0.4773597359735974,0.006600660066006597,0.12,0.5973597359735974,0.5907590759075908
Qwen3-4B-Instruct-2507,q4nogab,centre,adversaire,polabuse/y,hors famille,2,False,1,,0.4351999999999999,0.11754838850221683,0.11793762157672746,0.14029125684845734,0.25729372937293726,0.013201320132013222,0.32,0.0627062706270627,0.0759075907590759
Qwen3-4B-Instruct-2507,q4nogab,centre,adversaire,polattak/y,hors famille,2,False,1,,0.4992,0.46065200579463883,0.4621773435621707,0.4487577470618349,0.12026402640264025,0.01980198019801982,0.52,0.6402640264026402,0.6600660066006601
Qwen3-4B-Instruct-2507,q4nogab,centre,adversaire,grass,hors famille,2,False,1,,0.4992,0.38863292269821037,0.38991978668065475,0.37251249877463,0.21597359735973598,0.016501650165016493,0.48,0.264026402640264,0.2475247524752475
Qwen3-4B-Instruct-2507,q4nogab,centre,adversaire,gunlaw,hors famille,2,False,1,,0.4992,0.4568615277369322,0.4583743142526174,0.4466228801097931,0.16686468646864688,0.016501650165016535,0.52,0.3531353135313531,0.3366336633663366
Qwen3-4B-Instruct-2507,q4nogab,centre,adversaire,owngun,hors famille,2,False,1,,0.4032,0.40074502499754927,0.40207199527899806,0.41216002788397654,0.0027722772277228025,0.013201320132013167,,,
Qwen3-4B-Instruct-2507,q4nogab,centre,adversaire,hunt1,hors famille,4,False,1,,0.7282,0.19009029615832873,0.19071973422507815,0.21799605703144576,0.5476897689768977,0.016501650165016493,,,
Qwen3-4B-Instruct-2507,q4nogab,centre,adversaire,class,hors famille,4,False,1,,0.6821999999999999,0.672265246326613,0.6744912901886216,0.656972627955865,0.19356435643564357,0.0627062706270627,,,
Qwen3-4B-Instruct-2507,q4nogab,centre,adversaire,satfin,hors famille,3,False,1,,0.5832,0.6575825899421626,0.659760015736673,0.6497402215469072,0.21023102310231023,0.04950495049504949,,,
Qwen3-4B-Instruct-2507,q4nogab,centre,adversaire,finalter,hors famille,3,False,1,,0.6632,0.6313106558180572,0.6334010884532163,0.6456665468527052,0.16514851485148513,0.04950495049504948,,,
Qwen3-4B-Instruct-2507,q4nogab,centre,adversaire,finrela,hors famille,5,False,1,,0.7554000000000001,0.6935485627770698,0.6958450811968613,0.7175549238092127,0.14488448844884488,0.10891089108910894,,,
Qwen3-4B-Instruct-2507,q4nogab,centre,adversaire,racdif1,hors famille,2,False,1,,0.4872000000000001,0.4997331416309948,0.5013878871330841,0.4997331416309948,0.06844884488448846,0.0,0.58,0.5115511551155115,0.5115511551155115
Qwen3-4B-Instruct-2507,q4nogab,centre,adversaire,racdif2,hors famille,2,False,1,,0.21120000000000005,0.1346708928318574,0.13511682294057215,0.1458680521517497,0.0473927392739274,0.006600660066006583,0.12,0.0726072607260726,0.0792079207920792
Qwen3-4B-Instruct-2507,q4nogab,centre,adversaire,racdif3,hors famille,2,False,1,,0.4949999999999999,0.4869239399187444,0.4885362708456276,0.492544303935344,0.030858085808580876,0.01980198019801982,0.55,0.5808580858085809,0.5610561056105611
Qwen3-4B-Instruct-2507,q4nogab,centre,adversaire,racdif4,hors famille,2,False,1,,0.4351999999999999,0.4279754708144081,0.4293926081349856,0.4328987354180962,0.009768976897689768,0.0066006600660065695,0.32,0.3102310231023102,0.3168316831683168
Qwen3-4B-Instruct-2507,q4nogab,centre,adversaire,wlthwhts,hors famille,7,True,2,recopie du gabarit d'exemple de la relance,,,,,,,,,
Qwen3-4B-Instruct-2507,q4nogab,centre,adversaire,wlthblks,hors famille,7,True,2,recopie du gabarit d'exemple de la relance,,,,,,,,,
Qwen3-4B-Instruct-2507,q4nogab,centre,adversaire,wlthhsps,hors famille,7,False,1,,0.8374,0.6341426221830104,0.6362424321902389,0.6882767484669261,0.40749174917491743,0.07590759075907592,,,
Qwen3-4B-Instruct-2507,q4nogab,centre,adversaire,racwork,hors famille,7,False,1,,0.7674,0.7082747878748272,0.7106200686293795,0.710235379973641,0.48346534653465345,0.009900990099009908,,,
Qwen3-4B-Instruct-2507,q4nogab,centre,adversaire,letin1a,hors famille,5,False,1,,0.765,0.7041357601106646,0.7064673354752694,0.701064165822523,0.15627062706270628,0.029702970297029726,0.55,0.6443894389438943,0.6402640264026402
Qwen3-4B-Instruct-2507,q4nogab,centre,adversaire,getahead,hors famille,3,False,1,,0.6392,0.5466566458626061,0.548466767206522,0.5377686283479832,0.14059405940594058,0.023102310231023142,0.59,0.6749174917491749,0.6666666666666666
Qwen3-4B-Instruct-2507,q4nogab,centre,adversaire,aged,hors famille,3,False,1,,0.6392,0.5147207790085939,0.5164251524490197,0.487577470618349,0.2503630363036303,0.029702970297029736,,,
Qwen3-4B-Instruct-2507,q4nogab,centre,adversaire,parsol,hors famille,5,False,1,,0.775,0.7637595442712588,0.7662885493847397,0.7754577437941814,0.05297029702970296,0.07260726072607263,,,
Qwen3-4B-Instruct-2507,q4nogab,centre,adversaire,kidssol,hors famille,6,True,2,lettre A donnee deux fois,,,,,,,,,
Qwen3-4B-Instruct-2507,q4nogab,centre,adversaire,spanking,hors famille,4,False,1,,0.7222,0.7247873302181704,0.7271872882652504,0.7199294186844427,0.048844884488448856,0.03960396039603961,0.5566666666666668,0.5192519251925193,0.5269526952695269
Qwen3-4B-Instruct-2507,q4nogab,centre,adversaire,divlaw,hors famille,3,False,1,,0.655,0.6126632465226722,0.614691932769436,0.622139441666939,0.09818481848184814,0.016501650165016493,0.45,0.38778877887788776,0.3976897689768977
Qwen3-4B-Instruct-2507,q4nogab,centre,adversaire,sexeduc,hors famille,2,False,1,,0.4992,0.2291714319946847,0.2299302777959916,0.18368569530220347,0.38798679867986796,0.029702970297029715,0.52,0.132013201320132,0.1023102310231023
Qwen3-4B-Instruct-2507,q4nogab,centre,adversaire,pillok,hors famille,4,False,1,,0.725,0.6929821695040792,0.6952768124494569,0.6943327996165953,0.20957095709570955,0.006600660066006583,0.5166666666666666,0.3784378437843784,0.38283828382838275
Qwen3-4B-Instruct-2507,q4nogab,centre,adversaire,xmarsex,hors famille,4,False,1,,0.6904,0.5532355215719593,0.5550674272725287,0.5933187378143756,0.34046204620462045,0.06930693069306927,0.6333333333333334,0.7986798679867987,0.781078107810781
Qwen3-4B-Instruct-2507,q4nogab,centre,adversaire,homosex,hors famille,4,False,1,,0.705,0.5965863913123987,0.5985618429392608,0.5882211983574595,0.501980198019802,0.03300330033003304,0.48333333333333334,0.3157315731573157,0.2992299229922992
Qwen3-4B-Instruct-2507,q4nogab,centre,adversaire,marhomo,hors famille,5,False,1,,0.7462,0.6934614253504559,0.6957576552357222,0.6914572645383351,0.44996699669966994,0.03630363036303631,0.48250000000000004,0.2863036303630363,0.2838283828382838
Qwen3-4B-Instruct-2507,q4nogab,centre,adversaire,discaff,hors famille,3,False,1,,0.6272,0.5802045551089763,0.5821257622450987,0.5912274395756407,0.28184818481848184,0.02640264026402643,0.56,0.30693069306930687,0.3135313531353135
Qwen3-4B-Instruct-2507,q4nogab,centre,adversaire,abdefect,avortement (ab*),2,False,1,,0.4992,0.2575346643575247,0.258387428146788,0.2755721116666122,0.36818481848184825,0.013201320132013222,0.52,0.1518151815181518,0.165016501650165
Qwen3-4B-Instruct-2507,q4nogab,centre,adversaire,abnomore,avortement (ab*),2,False,1,,0.4992,0.4279754708144081,0.4293926081349856,0.47973510222309357,0.2097689768976898,0.08910891089108908,0.52,0.3102310231023102,0.3993399339933993
Qwen3-4B-Instruct-2507,q4nogab,centre,adversaire,abhlth,avortement (ab*),2,False,1,,0.4872000000000001,0.12900696010195056,0.12943413546652655,0.12900696010195056,0.3506930693069308,0.0,0.42,0.0693069306930693,0.0693069306930693
Qwen3-4B-Instruct-2507,q4nogab,centre,adversaire,abpoor,avortement (ab*),2,False,1,,0.4992,0.4149048568223159,0.41627871396411165,0.4508490453005697,0.22627062706270631,0.04950495049504955,0.52,0.2937293729372937,0.3432343234323432
Qwen3-4B-Instruct-2507,q4nogab,centre,adversaire,abrape,avortement (ab*),2,False,1,,0.4992,0.16773954623185094,0.16829497519288356,0.17309849796860877,0.38759075907590756,0.0033003300330033195,0.48,0.0924092409240924,0.0957095709570957
Qwen3-4B-Instruct-2507,q4nogab,centre,adversaire,absingle,avortement (ab*),2,False,1,,0.4949999999999999,0.4549009356381183,0.4564072301269862,0.4879695890381117,0.2001650165016502,0.0726072607260726,0.55,0.3498349834983498,0.4224422442244224
Qwen3-4B-Instruct-2507,q4nogab,centre,adversaire,abany,avortement (ab*),2,False,1,,0.47119999999999995,0.46601095753139676,0.4675540401722292,0.4769902732847542,0.2503630363036303,0.023102310231023077,0.62,0.3696369636963696,0.3927392739273927
Qwen3-4B-Instruct-2507,q4nogab,centre,adversaire,letdie1,fin de vie (suicide/letdie),2,False,1,,0.4992,0.35530285701837516,0.356479356544926,0.37582372098596006,0.288976897689769,0.01980198019801982,0.52,0.231023102310231,0.2508250825082508
Qwen3-4B-Instruct-2507,q4nogab,centre,adversaire,suicide1,fin de vie (suicide/letdie),2,False,1,,0.4992,0.3444542474049386,0.3455948243831006,0.35883192279624,0.2988778877887789,0.013201320132013167,0.52,0.2211221122112211,0.2343234323432343
Qwen3-4B-Instruct-2507,q4nogab,centre,adversaire,suicide2,fin de vie (suicide/letdie),2,False,1,,0.47119999999999995,0.38231545926869925,0.38358140449806577,0.35530285701837516,0.1225742574257426,0.02640264026402639,0.62,0.7425742574257426,0.768976897689769
Qwen3-4B-Instruct-2507,q4nogab,centre,adversaire,suicide3,fin de vie (suicide/letdie),2,False,1,,0.47119999999999995,0.3917263013430057,0.39302340830109506,0.3691577078499928,0.11267326732673269,0.023102310231023118,0.62,0.7326732673267327,0.7557755775577558
Qwen3-4B-Instruct-2507,q4nogab,centre,adversaire,suicide4,fin de vie (suicide/letdie),2,False,1,,0.4992,0.4677101373503687,0.4692588464144427,0.4568615277369322,0.10706270627062708,0.019801980198019764,0.52,0.6270627062706271,0.6468646864686468
Qwen3-4B-Instruct-2507,q4nogab,centre,adversaire,pornlaw,hors famille,3,False,1,,0.6552,0.4658802513914757,0.46742290123052027,0.49692295962269484,0.2537953795379538,0.03630363036303632,0.49,0.6171617161716172,0.6254125412541254
Qwen3-4B-Instruct-2507,q4nogab,centre,adversaire,fair,hors famille,3,False,1,,0.6566000000000001,0.6374974131076475,0.6396083316940966,0.6399154766961845,0.09584158415841587,0.07590759075907594,,,
Qwen3-4B-Instruct-2507,q4nogab,centre,adversaire,helpful,hors famille,3,False,1,,0.6546000000000001,0.6575825899421626,0.659760015736673,0.6467993333986866,0.16257425742574255,0.039603960396039584,,,
Qwen3-4B-Instruct-2507,q4nogab,centre,adversaire,trust,hors famille,3,False,1,,0.6482000000000001,0.583864327026762,0.5857976526129434,0.6015096559160867,0.3145544554455446,0.04950495049504955,,,
Qwen3-4B-Instruct-2507,q4nogab,centre,adversaire,tax,hors famille,3,False,1,,0.6272,0.4798658083630146,0.4814547679933557,0.4658366826781689,0.3103630363036304,0.016501650165016493,0.56,0.8052805280528053,0.8168316831683168
Qwen3-4B-Instruct-2507,q4nogab,centre,adversaire,vote16,hors famille,3,False,1,,0.615,0.5565903124965962,0.5584333267763862,0.5253515450554957,0.11105610561056109,0.03300330033003297,,,
Qwen3-4B-Instruct-2507,q4nogab,centre,adversaire,pres16,hors famille,4,False,1,,0.724,0.687252883704212,0.689528555504557,0.6970122754849744,0.08957095709570953,0.02970297029702971,,,
Qwen3-4B-Instruct-2507,q4nogab,centre,adversaire,if16who,hors famille,3,False,1,,0.6272,0.6582361206417672,0.6604157104452166,0.6565805095361021,0.13676567656765673,0.013201320132013222,,,
Qwen3-4B-Instruct-2507,q4nogab,centre,adversaire,news,hors famille,5,False,1,,0.79,0.7172063741027568,0.7195812296461433,0.7338278382293675,0.29224422442244224,0.0363036303630363,,,
Qwen3-4B-Instruct-2507,q4nogab,centre,adversaire,jew,hors famille,5,False,1,,0.7462,0.5021729895761853,0.5038358140449806,0.4101994357851628,0.6641914191419143,0.08580858085808578,,,
Qwen3-4B-Instruct-2507,q4nogab,centre,adversaire,relig16*,hors famille,5,False,1,,0.7193999999999999,0.7645655654674379,0.7670972395252771,0.7664172357829843,0.21534653465346537,0.066006600660066,,,
Qwen3-4B-Instruct-2507,q4nogab,centre,adversaire,jew16*,hors famille,5,False,1,,0.7702,0.468211177553399,0.46976154569099304,0.4040344628522259,0.6641914191419143,0.05610561056105612,,,
Qwen3-4B-Instruct-2507,q4nogab,centre,adversaire,attend,hors famille,9,False,1,,0.8768493010917253,0.6971865503382022,0.6994951150744213,0.7097125554139574,0.3814381438143814,0.0495049504950495,,,
Qwen3-4B-Instruct-2507,q4nogab,centre,adversaire,pray,hors famille,6,False,1,,0.8094,0.8031674454574171,0.8058269403099251,0.8035813482338333,0.31848184818481845,0.02310231023102309,,,
Qwen3-4B-Instruct-2507,q4nogab,centre,adversaire,postlife,hors famille,2,False,1,,0.4992,0.40653966386737683,0.40788582169475224,0.37251249877463,0.2361716171617162,0.03630363036303631,,,
Qwen3-4B-Instruct-2507,q4nogab,centre,adversaire,bible,hors famille,3,False,1,,0.585,0.6418107157250379,0.643935916770485,0.6228583254365041,0.21897689768976897,0.04290429042904287,,,
Qwen3-4B-Instruct-2507,q4nogab,centre,adversaire,reborn,hors famille,3,False,1,,0.48319999999999985,0.648215316581163,0.6503617249142132,0.6462111557690423,0.23775577557755778,0.006600660066006597,,,
Qwen3-4B-Instruct-2507,q4nogab,centre,adversaire,savesoul,hors famille,2,False,1,,0.4992,0.42026380855907375,0.42165541057417,0.4328987354180962,0.17966996699669968,0.01650165016501648,,,
Qwen3-4B-Instruct-2507,q4nogab,centre,adversaire,granborn,hors famille,5,False,1,,0.7544,0.5946911522835452,0.596660328284484,0.6076746288490236,0.401980198019802,0.023102310231023142,,,
Qwen3-4B-Instruct-2507,q4nogab,centre,adversaire,uscitzn*,hors famille,2,False,1,,0.1472,0.0,0.0,0.006578875709353005,0.07999999999999999,0.003300330033003265,,,
Qwen3-4B-Instruct-2507,q4nogab,centre,adversaire,fucitzn,hors famille,5,False,1,,0.6821999999999999,0.0,0.0,0.019649489701445644,0.7,0.00990099009900996,,,
Qwen3-4B-Instruct-2507,q4nogab,centre,adversaire,mnthsusa,hors famille,6,False,1,,0.8282,0.038819723556514196,0.03894826568749603,0.05167249398207141,0.8601980198019801,0.006600660066006585,,,
Qwen3-4B-Instruct-2507,q4nogab,centre,adversaire,income,hors famille,12,True,2,recopie du gabarit d'exemple de la relance,,,,,,,,,
Qwen3-4B-Instruct-2507,q4nogab,centre,adversaire,othlang,hors famille,2,False,1,,0.4351999999999999,0.35883192279624,0.36002010797106193,0.3517302225272032,0.08567656765676569,0.006600660066006583,,,
Qwen3-4B-Instruct-2507,q4nogab,centre,adversaire,health,hors famille,4,False,1,,0.6849999999999999,0.6039930725745842,0.6059930496360895,0.6069775294361119,0.15858085808580857,0.056105610561056105,,,
Qwen3-4B-Instruct-2507,q4nogab,centre,adversaire,compuse*,hors famille,2,False,1,,0.039200000000000124,0.08212702458364629,0.08239896837365836,0.12900696010195056,0.022904290429042823,0.026402640264026393,,,
Qwen3-4B-Instruct-2507,q4nogab,centre,adversaire,webmob,hors famille,2,False,1,,0.039200000000000124,0.032458691413695506,0.03256617052433688,0.06997135357100093,0.003498349834983575,0.01980198019801992,,,
Qwen3-4B-Instruct-2507,q4nogab,centre,adversaire,xmovie,hors famille,2,False,1,,0.21120000000000005,0.4677101373503687,0.4692588464144427,0.4823056563082051,0.2529372937293729,0.03300330033003304,,,
Qwen3-4B-Instruct-2507,q4nogab,centre,adversaire,usewww*,hors famille,2,False,1,,0.1472,0.032458691413695506,0.03256617052433688,0.038819723556514196,0.06349834983498355,0.003300330033003375,,,
Qwen3-4B-Instruct-2507,q4nogab,centre,adversaire,life,hors famille,3,False,1,,0.635,0.5185548257796078,0.5202718947391428,0.5158317811979217,0.17046204620462047,0.03960396039603964,,,
Qwen3-4B-Instruct-2507,q4nogab,centre,adversaire,richwork,hors famille,2,False,1,,0.4992,0.47097779084839186,0.4725373199571613,0.47838447211057744,0.10046204620462043,0.01650165016501648,,,
Qwen3-4B-Instruct-2507,q4nogab,droite,journaliste,natspac/y,depenses publiques (nat*),3,False,1,,0.6392,0.6121897227464074,0.6140392385250975,0.6248911307882131,0.1872289156626506,0.021084337349397533,0.41000000000000003,0.5496987951807228,0.5391566265060241
Qwen3-4B-Instruct-2507,q4nogab,droite,journaliste,natenvir/y,depenses publiques (nat*),3,False,1,,0.6392,0.6627776164900567,0.6647799657845886,0.6561003048337931,0.08614457831325306,0.03313253012048198,0.41000000000000003,0.4563253012048193,0.4292168674698794
Qwen3-4B-Instruct-2507,q4nogab,droite,journaliste,natheal/y,depenses publiques (nat*),3,False,1,,0.6272,0.5467593264624764,0.548411167327922,0.5067317462621572,0.27939759036144585,0.04819277108433733,0.44,0.25903614457831314,0.2259036144578312
Qwen3-4B-Instruct-2507,q4nogab,droite,journaliste,natcity/y,depenses publiques (nat*),3,False,1,,0.6392,0.5874764116707796,0.5892512648782442,0.5944984758310351,0.3271084337349398,0.030120481927710815,0.41000000000000003,0.6987951807228916,0.6867469879518072
Qwen3-4B-Instruct-2507,q4nogab,droite,journaliste,natdrug/y,depenses publiques (nat*),3,False,1,,0.6392,0.607707940194513,0.6095439158446475,0.6302983016402962,0.12602409638554218,0.04518072289156631,0.41000000000000003,0.32831325301204817,0.3659638554216867
Qwen3-4B-Instruct-2507,q4nogab,droite,journaliste,nateduc/y,depenses publiques (nat*),3,False,1,,0.6272,0.5686057482943823,0.5703235904342445,0.5760088546958919,0.2643373493975904,0.009036144578313282,0.44,0.2906626506024096,0.2996987951807229
Qwen3-4B-Instruct-2507,q4nogab,droite,journaliste,natrace/y,depenses publiques (nat*),3,False,1,,0.6272,0.5905610393380752,0.5923452116623595,0.5877304398316157,0.36253012048192773,0.021084337349397575,0.36,0.6897590361445782,0.6882530120481927
Qwen3-4B-Instruct-2507,q4nogab,droite,journaliste,natarms/y,depenses publiques (nat*),3,False,1,,0.6552,0.6302620119030338,0.6321661267426201,0.612516330381768,0.16578313253012048,0.036144578313252976,0.49,0.6310240963855421,0.6566265060240963
Qwen3-4B-Instruct-2507,q4nogab,droite,journaliste,nataid/y,depenses publiques (nat*),3,False,1,,0.6392,0.2487117143271882,0.2494631092345211,0.21975250399187107,0.6584337349397591,0.018072289156626453,0.41000000000000003,0.9171686746987951,0.9307228915662651
Qwen3-4B-Instruct-2507,q4nogab,droite,journaliste,natfare/y,depenses publiques (nat*),3,False,1,,0.6392,0.6179235012338511,0.6197903396061588,0.614675569748875,0.08301204819277118,0.009036144578313199,0.39,0.34638554216867457,0.3403614457831325
Qwen3-4B-Instruct-2507,q4nogab,droite,journaliste,natroad,depenses publiques (nat*),3,False,1,,0.6272,0.544073885905066,0.5457176136570451,0.5503520104514443,0.24024096385542168,0.03915662650602406,0.44,0.25451807228915657,0.2680722891566264
Qwen3-4B-Instruct-2507,q4nogab,droite,journaliste,natsoc,depenses publiques (nat*),3,False,1,,0.6272,0.49119973871389166,0.49268372583991554,0.475486282479315,0.3336144578313254,0.015060240963855366,0.44,0.20783132530120474,0.19427710843373489
Qwen3-4B-Instruct-2507,q4nogab,droite,journaliste,natmass,depenses publiques (nat*),3,False,1,,0.6272,0.5700573377848744,0.5717795653914753,0.5744483959936131,0.10132530120481932,0.015060240963855456,0.44,0.45331325301204817,0.466867469879518
Qwen3-4B-Instruct-2507,q4nogab,droite,journaliste,natpark,depenses publiques (nat*),3,False,1,,0.6272,0.49932863986064735,0.5008371856004077,0.49323196400058067,0.1796385542168675,0.02108433734939756,0.44,0.4382530120481927,0.41716867469879515
Qwen3-4B-Instruct-2507,q4nogab,droite,journaliste,natchld,depenses publiques (nat*),3,False,1,,0.6392,0.6241834809115981,0.6260692316092163,0.6085788938888081,0.0313253012048193,0.042168674698795205,0.41000000000000003,0.39156626506024095,0.39457831325301207
Qwen3-4B-Instruct-2507,q4nogab,droite,journaliste,natsci,depenses publiques (nat*),3,False,1,,0.6392,0.56241834809116,0.5641174971790487,0.5552511249818551,0.17638554216867475,0.009036144578313227,0.41000000000000003,0.4849397590361445,0.48644578313253006
Qwen3-4B-Instruct-2507,q4nogab,droite,journaliste,natenrgy,depenses publiques (nat*),3,False,1,,0.6392,0.6592393671069822,0.6612310268263387,0.6511286108288576,0.10120481927710842,0.036144578313253045,0.41000000000000003,0.5030120481927711,0.5256024096385543
Qwen3-4B-Instruct-2507,q4nogab,droite,journaliste,uswary,hors famille,2,False,1,,0.21120000000000005,0.4764842502540282,0.47792377971098904,0.4709682101901582,0.48843373493975906,0.01204819277108432,,,
Qwen3-4B-Instruct-2507,q4nogab,droite,journaliste,prayer,hors famille,2,False,1,,0.4351999999999999,0.5,0.5015105740181269,0.49853026564087677,0.18000000000000002,0.02710843373493979,0.68,0.5,0.4728915662650602
Qwen3-4B-Instruct-2507,q4nogab,droite,journaliste,courts,hors famille,3,False,1,,0.6272,0.4278560023225433,0.42914861864375947,0.39018725504427343,0.5289156626506024,0.030120481927710843,0.44,0.8192771084337349,0.8433734939759037
Qwen3-4B-Instruct-2507,q4nogab,droite,journaliste,discaffw,hors famille,4,False,1,,0.6984,0.7227645521846422,0.7249481308921487,0.7196799245173466,0.269277108433735,0.04216867469879528,0.38,0.5592369477911646,0.5572289156626504
Qwen3-4B-Instruct-2507,q4nogab,droite,journaliste,discaffm,hors famille,4,False,1,,0.6952,0.7178472927856003,0.7200160157245297,0.7206053128175353,0.26626506024096386,0.07228915662650601,0.6266666666666667,0.46787148594377503,0.5140562248995983
Qwen3-4B-Instruct-2507,q4nogab,droite,journaliste,fehire,roles de genre (fe*),5,False,1,,0.7514000000000001,0.77821527072144,0.7805663742583628,0.7793402525765714,0.23301204819277105,0.0512048192771084,0.5375000000000001,0.5587349397590361,0.5805722891566264
Qwen3-4B-Instruct-2507,q4nogab,droite,journaliste,fechld,roles de genre (fe*),4,False,1,,0.6821999999999999,0.6650457250689505,0.6670549266552617,0.6901400783858325,0.35301204819277104,0.045180722891566244,0.5433333333333333,0.33333333333333326,0.3514056224899598
Qwen3-4B-Instruct-2507,q4nogab,droite,journaliste,fepresch,roles de genre (fe*),4,False,1,,0.6821999999999999,0.6896683118014226,0.691751901867288,0.6878538249383075,0.07301204819277109,0.04216867469879516,0.4566666666666667,0.43473895582329314,0.41767068273092367
Qwen3-4B-Instruct-2507,q4nogab,droite,journaliste,fefam,roles de genre (fe*),4,False,1,,0.6906000000000001,0.7126034257511977,0.7147563061915337,0.7143090434025259,0.21493975903614457,0.01204819277108439,0.65,0.5110441767068272,0.5210843373493976
Qwen3-4B-Instruct-2507,q4nogab,droite,journaliste,fepol,roles de genre (fe*),2,False,1,,0.4992,0.4867723907678908,0.4882430022203618,0.4997096821019016,0.1013253012048193,0.06927710843373494,0.52,0.4186746987951807,0.4879518072289157
Qwen3-4B-Instruct-2507,q4nogab,droite,journaliste,mobile16,hors famille,3,False,1,,0.5626,0.6639025983451879,0.6659083463764424,0.6631042241254174,0.23662650602409638,0.006024096385542188,,,
Qwen3-4B-Instruct-2507,q4nogab,droite,journaliste,incom16,hors famille,5,False,1,,0.7602,0.6380280156771665,0.6399555927638045,0.6506568442444478,0.18012048192771096,0.048192771084337394,,,
Qwen3-4B-Instruct-2507,q4nogab,droite,journaliste,dwelown16,hors famille,3,False,1,,0.6392,0.3921287559878066,0.39331343500891786,0.40072942371897224,0.36397590361445786,0.006024096385542223,,,
Qwen3-4B-Instruct-2507,q4nogab,droite,journaliste,divorced,hors famille,2,False,1,,0.29520000000000013,0.46645013790100165,0.4678593528191316,0.45991798519378724,0.19048192771084338,0.012048192771084376,,,
Qwen3-4B-Instruct-2507,q4nogab,droite,journaliste,posslq/y,hors famille,4,False,1,,0.7162,0.6408949049208884,0.6428311433043352,0.6377558426476992,0.19530120481927715,0.015060240963855397,,,
Qwen3-4B-Instruct-2507,q4nogab,droite,journaliste,wrkstat,hors famille,8,False,1,,0.8202,0.7597800841921906,0.7620754923015326,0.7502903178980985,0.16662650602409648,0.0301204819277109,,,
Qwen3-4B-Instruct-2507,q4nogab,droite,journaliste,evwork,hors famille,2,False,1,,0.4351999999999999,0.09174045579910017,0.09201761729698266,0.10255479750326635,0.6318072289156627,0.006024096385542219,,,
Qwen3-4B-Instruct-2507,q4nogab,droite,journaliste,wrkgovt1,hors famille,2,False,1,,0.29520000000000013,0.276437073595587,0.2772722309176281,0.2723907678908406,0.014337349397590432,0.0030120481927710524,,,
Qwen3-4B-Instruct-2507,q4nogab,droite,journaliste,wrkgovt2,hors famille,2,False,1,,0.4872000000000001,0.3896066192480767,0.39078367852072954,0.3951952387864712,0.15493975903614463,0.006024096385542216,,,
Qwen3-4B-Instruct-2507,q4nogab,droite,journaliste,partfull,hors famille,3,False,1,,0.6046,0.6037705037015532,0.6055945837731591,0.5931376106836987,0.1413253012048193,0.027108433734939777,,,
Qwen3-4B-Instruct-2507,q4nogab,droite,journaliste,wksub1,hors famille,3,False,1,,0.43920000000000003,0.6181049499201625,0.6199723364758126,0.6096131514007839,0.2795180722891566,0.03614457831325299,,,
Qwen3-4B-Instruct-2507,q4nogab,droite,journaliste,wksup1,hors famille,3,False,1,,0.6392,0.6452133836551024,0.6471626688020967,0.6582776890695311,0.18855421686746993,0.04819277108433735,,,
Qwen3-4B-Instruct-2507,q4nogab,droite,journaliste,conarmy,confiance dans les institutions (con*),3,False,1,,0.5952,0.5507149078240674,0.5523786990863758,0.5664102191900131,0.39506024096385545,0.02710843373493982,0.36,0.7274096385542168,0.7168674698795181
Qwen3-4B-Instruct-2507,q4nogab,droite,journaliste,conbus,confiance dans les institutions (con*),3,False,1,,0.5952,0.5243141239657427,0.525898154551742,0.5512592538830019,0.18313253012048192,0.033132530120481965,0.36,0.46385542168674687,0.45331325301204817
Qwen3-4B-Instruct-2507,q4nogab,droite,journaliste,conclerg,confiance dans les institutions (con*),3,False,1,,0.6461999999999999,0.6315321527072144,0.633440104830197,0.6302983016402962,0.06614457831325306,0.006024096385542091,0.505,0.45180722891566255,0.4457831325301205
Qwen3-4B-Instruct-2507,q4nogab,droite,journaliste,coneduc,confiance dans les institutions (con*),3,False,1,,0.5952,0.5998875018144869,0.6016998507625669,0.6064196545217013,0.10783132530120482,0.054216867469879484,0.64,0.5587349397590362,0.5963855421686747
Qwen3-4B-Instruct-2507,q4nogab,droite,journaliste,confed,confiance dans les institutions (con*),3,False,1,,0.5952,0.5365619102917696,0.5381829432533762,0.5229351139497749,0.1783132530120482,0.024096385542168683,0.64,0.7545180722891566,0.7680722891566265
Qwen3-4B-Instruct-2507,q4nogab,droite,journaliste,confinan,confiance dans les institutions (con*),3,False,1,,0.5952,0.5644687182464798,0.5661740618061369,0.5695492814632022,0.17710843373493979,0.021084337349397575,0.36,0.48042168674698793,0.463855421686747
Qwen3-4B-Instruct-2507,q4nogab,droite,journaliste,conjudge,confiance dans les institutions (con*),3,False,1,,0.6461999999999999,0.6273588329220496,0.6292541768281587,0.6298265350558863,0.08024096385542163,0.015060240963855373,0.505,0.575301204819277,0.5617469879518072
Qwen3-4B-Instruct-2507,q4nogab,droite,journaliste,conlabor,confiance dans les institutions (con*),3,False,1,,0.5952,0.5814341704166063,0.5831907691187713,0.612498185513137,0.02000000000000008,0.04819277108433737,0.64,0.6475903614457831,0.6144578313253012
Qwen3-4B-Instruct-2507,q4nogab,droite,journaliste,conlegis,confiance dans les institutions (con*),3,False,1,,0.615,0.5375780229351139,0.5392021257234376,0.5422412541733199,0.15722891566265063,0.012048192771084324,,,
Qwen3-4B-Instruct-2507,q4nogab,droite,journaliste,conmedic,confiance dans les institutions (con*),3,False,1,,0.5952,0.6175061692553345,0.619371746805955,0.6062019160981275,0.219277108433735,0.03313253012048191,0.64,0.4277108433734939,0.4457831325301204
Qwen3-4B-Instruct-2507,q4nogab,droite,journaliste,conpress,confiance dans les institutions (con*),3,False,1,,0.5952,0.4544382348671796,0.4558111600480472,0.43346276672956896,0.27771084337349394,0.030120481927710874,0.64,0.8237951807228916,0.8358433734939759
Qwen3-4B-Instruct-2507,q4nogab,droite,journaliste,consci,confiance dans les institutions (con*),3,False,1,,0.5952,0.6238387284076063,0.6257234375568741,0.594988387284076,0.17409638554216872,0.045180722891566286,0.64,0.4759036144578313,0.45331325301204817
Qwen3-4B-Instruct-2507,q4nogab,droite,journaliste,contv,confiance dans les institutions (con*),3,False,1,,0.615,0.5451988677601974,0.546845994248899,0.5429126143126723,0.15722891566265068,0.027108433734939756,,,
Qwen3-4B-Instruct-2507,q4nogab,droite,journaliste,joblose,hors famille,5,False,1,,0.7522,0.6388626796341995,0.6407927783642122,0.6566990854986211,0.5783132530120483,0.03915662650602417,,,
Qwen3-4B-Instruct-2507,q4nogab,droite,journaliste,jobfind,hors famille,4,False,1,,0.6786,0.7048011322398027,0.7069304407964184,0.7071962548991146,0.3806024096385543,0.03012048192771094,,,
Qwen3-4B-Instruct-2507,q4nogab,droite,journaliste,happy,hors famille,3,False,1,,0.5736000000000001,0.5831216431993033,0.584883340006552,0.5545071853679779,0.03987951807228912,0.06325301204819275,,,
Qwen3-4B-Instruct-2507,q4nogab,droite,journaliste,hapmar,hors famille,4,False,1,,0.6041999999999998,0.6581325301204821,0.6601208459214504,0.6618159384526057,0.40289156626506034,0.027108433734939794,,,
Qwen3-4B-Instruct-2507,q4nogab,droite,journaliste,satjob,hors famille,5,False,1,,0.7302,0.6966177964871534,0.69872238197503,0.7107889388880825,0.4206024096385542,0.04819277108433736,,,
Qwen3-4B-Instruct-2507,q4nogab,droite,journaliste,spdeg*,hors famille,6,False,1,,0.8094,0.7300587893743651,0.7322644050522333,0.7337421977064886,0.30373493975903626,0.018072289156626505,,,
Qwen3-4B-Instruct-2507,q4nogab,droite,journaliste,spjew,hors famille,5,False,1,,0.7714,0.5500072579474524,0.5516689112947257,0.5186710698214545,0.5542168674698796,0.03313253012048185,,,
Qwen3-4B-Instruct-2507,q4nogab,droite,journaliste,spfund,hors famille,4,False,1,,0.6712,0.5531100304833794,0.5547810577658066,0.565303382203513,0.5119277108433735,0.027108433734939753,,,
Qwen3-4B-Instruct-2507,q4nogab,droite,journaliste,unemp,hors famille,2,False,1,,0.21120000000000005,0.43896066192480765,0.44028682706657446,0.4709682101901582,0.20530120481927713,0.05421686746987947,,,
Qwen3-4B-Instruct-2507,q4nogab,droite,journaliste,union1,hors famille,4,False,1,,0.6881999999999999,0.13732036580055162,0.13773523095402762,0.12630643054144308,0.477710843373494,0.006024096385542111,,,
Qwen3-4B-Instruct-2507,q4nogab,droite,journaliste,spkath/y,libertes civiles (spk/col/lib),2,False,1,,0.4351999999999999,0.3430650312091741,0.3441014814545191,0.33624256060386126,0.46012048192771093,0.00602409638554216,0.68,0.2198795180722891,0.2138554216867469
Qwen3-4B-Instruct-2507,q4nogab,droite,journaliste,colath,libertes civiles (spk/col/lib),2,False,1,,0.4351999999999999,0.44511177239076805,0.4464565209478399,0.4279830164029612,0.34566265060240964,0.02409638554216867,0.68,0.3343373493975903,0.3102409638554217
Qwen3-4B-Instruct-2507,q4nogab,droite,journaliste,spkrac/y,libertes civiles (spk/col/lib),2,False,1,,0.4351999999999999,0.5,0.5015105740181269,0.49274205254753967,0.18000000000000002,0.060240963855421686,,,
Qwen3-4B-Instruct-2507,q4nogab,droite,journaliste,colrac,libertes civiles (spk/col/lib),2,False,1,,0.4351999999999999,0.4724016548120191,0.4738288501437775,0.4802402380606764,0.06253012048192771,0.01807228915662651,,,
Qwen3-4B-Instruct-2507,q4nogab,droite,journaliste,librac/y,libertes civiles (spk/col/lib),2,False,1,,0.47119999999999995,0.4764842502540282,0.47792377971098904,0.4709682101901582,0.011566265060240916,0.01204819277108432,,,
Qwen3-4B-Instruct-2507,q4nogab,droite,journaliste,spkcom/y,libertes civiles (spk/col/lib),2,False,1,,0.4351999999999999,0.46645013790100165,0.4678593528191316,0.43248294382348684,0.3095180722891566,0.054216867469879554,0.68,0.3704819277108434,0.3162650602409638
Qwen3-4B-Instruct-2507,q4nogab,droite,journaliste,colcom/y,libertes civiles (spk/col/lib),2,False,1,,0.4032,0.469498475831035,0.4709169002293161,0.4737988096966178,0.3434939759036144,0.009036144578313282,0.72,0.3765060240963855,0.3855421686746988
Qwen3-4B-Instruct-2507,q4nogab,droite,journaliste,libcom/y,libertes civiles (spk/col/lib),2,False,1,,0.4992,0.43896066192480765,0.44028682706657446,0.4160981274495573,0.1946987951807229,0.030120481927710885,0.52,0.3253012048192771,0.2951807228915662
Qwen3-4B-Instruct-2507,q4nogab,droite,journaliste,spkhomo/y,libertes civiles (spk/col/lib),2,False,1,,0.4351999999999999,0.16439250979822884,0.1648891639063806,0.18861590942081574,0.5896385542168676,0.01506024096385545,0.68,0.0903614457831325,0.1054216867469879
Qwen3-4B-Instruct-2507,q4nogab,droite,journaliste,colhomo,libertes civiles (spk/col/lib),2,False,1,,0.4032,0.1838438089708232,0.18439922833327282,0.1980512411090145,0.6175903614457832,0.009036144578313282,0.72,0.1024096385542168,0.1114457831325301
Qwen3-4B-Instruct-2507,q4nogab,droite,journaliste,libhomo/y,libertes civiles (spk/col/lib),2,False,1,,0.4351999999999999,0.3658005516040064,0.3669056892221454,0.3896066192480767,0.4390361445783133,0.02409638554216867,0.68,0.2409638554216867,0.2650602409638554
Qwen3-4B-Instruct-2507,q4nogab,droite,journaliste,cappun,hors famille,2,False,1,,0.4032,0.3075010886921179,0.308430095002366,0.29225939904195086,0.5302409638554216,0.01204819277108439,0.28,0.8102409638554217,0.822289156626506
Qwen3-4B-Instruct-2507,q4nogab,droite,journaliste,polhitok/y,hors famille,2,False,1,,0.21120000000000005,0.3497423428654377,0.35079896625778045,0.32927493104949934,0.6540963855421686,0.01807228915662651,0.12,0.7740963855421686,0.7921686746987951
Qwen3-4B-Instruct-2507,q4nogab,droite,journaliste,polabuse/y,hors famille,2,False,1,,0.4351999999999999,0.16439250979822884,0.1648891639063806,0.14942299317752927,0.22963855421686752,0.009036144578313275,0.32,0.0903614457831325,0.0813253012048192
Qwen3-4B-Instruct-2507,q4nogab,droite,journaliste,polattak/y,hors famille,2,False,1,,0.21120000000000005,0.41109014370735963,0.41233210788774444,0.37799390332414007,0.590843373493976,0.036144578313253045,0.12,0.7108433734939759,0.7469879518072289
Qwen3-4B-Instruct-2507,q4nogab,droite,journaliste,grass,hors famille,2,False,1,,0.4351999999999999,0.4546378284221222,0.4560113566046664,0.45991798519378724,0.33060240963855425,0.009036144578313227,0.68,0.3493975903614458,0.358433734939759
Qwen3-4B-Instruct-2507,q4nogab,droite,journaliste,gunlaw,hors famille,2,False,1,,0.4032,0.4997096821019016,0.5012193790266808,0.4947561329655974,0.23204819277108432,0.03915662650602411,0.72,0.4879518072289157,0.4487951807228915
Qwen3-4B-Instruct-2507,q4nogab,droite,journaliste,owngun,hors famille,2,False,1,,0.47119999999999995,0.4814196545217013,0.48287409456557356,0.4886594571055305,0.02361445783132532,0.021084337349397547,,,
Qwen3-4B-Instruct-2507,q4nogab,droite,journaliste,hunt1,hors famille,4,False,1,,0.6794,0.33306720859340977,0.3340734539365923,0.33827478589055016,0.33722891566265073,0.012048192771084362,,,
Qwen3-4B-Instruct-2507,q4nogab,droite,journaliste,class,hors famille,4,False,1,,0.6584000000000001,0.6342901727391493,0.6362064572489353,0.6240746116998114,0.06192771084337351,0.051204819277108383,,,
Qwen3-4B-Instruct-2507,q4nogab,droite,journaliste,satfin,hors famille,3,False,1,,0.6122000000000001,0.6585680069676295,0.6605576384086194,0.6529430976919728,0.12409638554216869,0.07530120481927705,,,
Qwen3-4B-Instruct-2507,q4nogab,droite,journaliste,finalter,hors famille,3,False,1,,0.6632,0.6567716649731457,0.6587558693990464,0.6449593554942663,0.10963855421686747,0.04216867469879515,,,
Qwen3-4B-Instruct-2507,q4nogab,droite,journaliste,finrela,hors famille,5,False,1,,0.7602,0.7258673247205691,0.7280602773632295,0.7071599651618523,0.10722891566265061,0.054216867469879505,,,
Qwen3-4B-Instruct-2507,q4nogab,droite,journaliste,racdif1,hors famille,2,False,1,,0.21120000000000005,0.32927493104949934,0.33026971936082716,0.318551313688489,0.08783132530120483,0.009036144578313268,0.88,0.7921686746987951,0.8012048192771084
Qwen3-4B-Instruct-2507,q4nogab,droite,journaliste,racdif2,hors famille,2,False,1,,0.47119999999999995,0.13412686892146897,0.13453208604811995,0.1790354187835681,0.30771084337349397,0.027108433734939735,0.38,0.072289156626506,0.0993975903614457
Qwen3-4B-Instruct-2507,q4nogab,droite,journaliste,racdif3,hors famille,2,False,1,,0.4351999999999999,0.38675787487298596,0.38792632766716423,0.3719698069385977,0.4179518072289157,0.015060240963855456,0.32,0.7379518072289156,0.7530120481927711
Qwen3-4B-Instruct-2507,q4nogab,droite,journaliste,racdif4,hors famille,2,False,1,,0.4872000000000001,0.4993467847292785,0.5008553852873731,0.5,0.0980722891566265,0.01807228915662651,0.58,0.4819277108433735,0.5
Qwen3-4B-Instruct-2507,q4nogab,droite,journaliste,wlthwhts,hors famille,7,False,1,,0.8342,0.5167295688779214,0.5182906854002113,0.5777689069531137,0.4862650602409639,0.06024096385542168,,,
Qwen3-4B-Instruct-2507,q4nogab,droite,journaliste,wlthblks,hors famille,7,False,1,,0.8342,0.656227318914211,0.6582098787900849,0.6501306430541443,0.43072289156626514,0.04518072289156628,,,
Qwen3-4B-Instruct-2507,q4nogab,droite,journaliste,wlthhsps,hors famille,7,False,1,,0.8426,0.6562273189142112,0.658209878790085,0.6568260995790391,0.45325301204819285,0.0271084337349397,,,
Qwen3-4B-Instruct-2507,q4nogab,droite,journaliste,racwork,hors famille,7,False,1,,0.7674,0.7319640005806359,0.7341753721835986,0.734631296269415,0.45530120481927716,0.039156626506024056,,,
Qwen3-4B-Instruct-2507,q4nogab,droite,journaliste,letin1a,hors famille,5,False,1,,0.7894,0.5724343155755552,0.5741637243839407,0.5498802438670345,0.3784337349397591,0.03012048192771089,0.565,0.8268072289156626,0.8373493975903614
Qwen3-4B-Instruct-2507,q4nogab,droite,journaliste,getahead,hors famille,3,False,1,,0.6392,0.4832159965161853,0.48467586357514664,0.5146610538539701,0.261566265060241,0.05120481927710842,0.59,0.802710843373494,0.7740963855421688
Qwen3-4B-Instruct-2507,q4nogab,droite,journaliste,aged,hors famille,3,False,1,,0.6272,0.5617651328204383,0.5634623084482946,0.5104332994629119,0.09156626506024101,0.07530120481927706,,,
Qwen3-4B-Instruct-2507,q4nogab,droite,journaliste,parsol,hors famille,5,False,1,,0.7522,0.7805922485121208,0.7829505332508282,0.7898824212512702,0.12397590361445779,0.04819277108433747,,,
Qwen3-4B-Instruct-2507,q4nogab,droite,journaliste,kidssol,hors famille,6,False,1,,0.7572,0.8089889679198723,0.8114330433516544,0.8066301349978227,0.20530120481927708,0.018072289156626505,,,
Qwen3-4B-Instruct-2507,q4nogab,droite,journaliste,spanking,hors famille,4,False,1,,0.7063999999999999,0.7087567136013935,0.7108979725548721,0.7161598200029031,0.07277108433734936,0.027108433734939784,0.6533333333333334,0.6255020080321285,0.605421686746988
Qwen3-4B-Instruct-2507,q4nogab,droite,journaliste,divlaw,hors famille,3,False,1,,0.5592,0.626796341994484,0.6286899865322317,0.6283749455653942,0.10891566265060242,0.024096385542168752,0.59,0.5240963855421686,0.5436746987951806
Qwen3-4B-Instruct-2507,q4nogab,droite,journaliste,sexeduc,hors famille,2,False,1,,0.4032,0.4185476847147628,0.4198121792305174,0.4160981274495573,0.42180722891566264,0.003012048192771094,0.72,0.2981927710843373,0.2951807228915662
Qwen3-4B-Instruct-2507,q4nogab,droite,journaliste,pillok,hors famille,4,False,1,,0.6821999999999999,0.733433734939759,0.7356495468277946,0.7341595296850052,0.23614457831325303,0.02409638554216867,0.5433333333333333,0.5572289156626505,0.5572289156626504
Qwen3-4B-Instruct-2507,q4nogab,droite,journaliste,xmarsex,hors famille,4,False,1,,0.5554,0.4476157642618669,0.4489680777490629,0.4421723036725216,0.1633734939759036,0.024096385542168655,0.8166666666666667,0.8554216867469879,0.8674698795180722
Qwen3-4B-Instruct-2507,q4nogab,droite,journaliste,homosex,hors famille,4,False,1,,0.6422,0.6549934678472928,0.6569723000764388,0.6633038176803601,0.2783132530120482,0.04518072289156626,0.7433333333333334,0.5542168674698795,0.5763052208835341
Qwen3-4B-Instruct-2507,q4nogab,droite,journaliste,marhomo,hors famille,5,False,1,,0.7522,0.7745318623893164,0.77687183780439,0.7841486427638265,0.3498795180722892,0.03915662650602405,0.5325,0.49924698795180705,0.5150602409638554
Qwen3-4B-Instruct-2507,q4nogab,droite,journaliste,discaff,hors famille,3,False,1,,0.6272,0.64612062708666,0.6480726531503659,0.6386086514733634,0.09216867469879525,0.01807228915662651,0.56,0.48343373493975894,0.4743975903614457
Qwen3-4B-Instruct-2507,q4nogab,droite,journaliste,abdefect,avortement (ab*),2,False,1,,0.21120000000000005,0.44511177239076805,0.4464565209478399,0.4509362752213675,0.5456626506024096,0.009036144578313282,0.88,0.3343373493975903,0.3433734939759036
Qwen3-4B-Instruct-2507,q4nogab,droite,journaliste,abnomore,avortement (ab*),2,False,1,,0.21120000000000005,0.44511177239076805,0.4464565209478399,0.4279830164029612,0.21433734939759036,0.02409638554216867,0.88,0.6656626506024096,0.6897590361445783
Qwen3-4B-Instruct-2507,q4nogab,droite,journaliste,abhlth,avortement (ab*),2,False,1,,0.4351999999999999,0.20734141384816374,0.2079678229534452,0.21193206561184508,0.5625301204819277,0.003012048192771115,0.68,0.1174698795180722,0.1204819277108433
Qwen3-4B-Instruct-2507,q4nogab,droite,journaliste,abpoor,avortement (ab*),2,False,1,,0.21120000000000005,0.452805196690376,0.45417318822116265,0.43025112498185514,0.22638554216867468,0.033132530120481896,0.88,0.6536144578313253,0.6867469879518072
Qwen3-4B-Instruct-2507,q4nogab,droite,journaliste,abrape,avortement (ab*),2,False,1,,0.4351999999999999,0.3658005516040064,0.3669056892221454,0.375,0.4390361445783133,0.009036144578313282,0.68,0.2409638554216867,0.25
Qwen3-4B-Instruct-2507,q4nogab,droite,journaliste,absingle,avortement (ab*),2,False,1,,0.21120000000000005,0.43683771229496304,0.4381574636916246,0.4233379300333866,0.202289156626506,0.01807228915662648,0.88,0.677710843373494,0.6957831325301205
Qwen3-4B-Instruct-2507,q4nogab,droite,journaliste,abany,avortement (ab*),2,False,1,,0.21120000000000005,0.4085317172303673,0.4097659520256252,0.4085317172303673,0.16614457831325302,0.0,0.88,0.713855421686747,0.713855421686747
Qwen3-4B-Instruct-2507,q4nogab,droite,journaliste,letdie1,fin de vie (suicide/letdie),2,False,1,,0.4032,0.4709682101901582,0.47239107487351223,0.463256641021919,0.3404819277108434,0.015060240963855415,0.72,0.3795180722891566,0.3644578313253012
Qwen3-4B-Instruct-2507,q4nogab,droite,journaliste,suicide1,fin de vie (suicide/letdie),2,False,1,,0.4351999999999999,0.4581942226738278,0.4595784952498817,0.4546378284221222,0.3245783132530121,0.006024096385542105,0.68,0.3554216867469879,0.3493975903614458
Qwen3-4B-Instruct-2507,q4nogab,droite,journaliste,suicide2,fin de vie (suicide/letdie),2,False,1,,0.21120000000000005,0.22993177529394693,0.2306264332253486,0.23434097837131662,0.012530120481927698,0.003012048192771108,0.88,0.8674698795180723,0.8644578313253012
Qwen3-4B-Instruct-2507,q4nogab,droite,journaliste,suicide3,fin de vie (suicide/letdie),2,False,1,,0.21120000000000005,0.24735084917985195,0.2480981327121174,0.24305051531426902,0.024578313253012032,0.003012048192771108,0.88,0.8554216867469879,0.858433734939759
Qwen3-4B-Instruct-2507,q4nogab,droite,journaliste,suicide4,fin de vie (suicide/letdie),2,False,1,,0.4351999999999999,0.3497423428654377,0.35079896625778045,0.3430650312091741,0.09409638554216865,0.00602409638554223,0.68,0.7740963855421686,0.7801204819277109
Qwen3-4B-Instruct-2507,q4nogab,droite,journaliste,pornlaw,hors famille,3,False,1,,0.6272,0.4994193642038032,0.5009281840352346,0.5375780229351139,0.3004819277108435,0.06325301204819284,0.64,0.6475903614457832,0.6641566265060241
Qwen3-4B-Instruct-2507,q4nogab,droite,journaliste,fair,hors famille,3,False,1,,0.6592,0.6609268398896793,0.6629235977141195,0.6546850050805633,0.11457831325301204,0.06626506024096379,,,
Qwen3-4B-Instruct-2507,q4nogab,droite,journaliste,helpful,hors famille,3,False,1,,0.6566000000000001,0.6610357091014661,0.6630327958359117,0.6610357091014661,0.12457831325301202,0.045180722891566244,,,
Qwen3-4B-Instruct-2507,q4nogab,droite,journaliste,trust,hors famille,3,False,1,,0.6592,0.5711097401654812,0.5728351472354676,0.5913231238205835,0.1813253012048193,0.05722891566265058,,,
Qwen3-4B-Instruct-2507,q4nogab,droite,journaliste,tax,hors famille,3,False,1,,0.6272,0.41128973726230234,0.41253230444436373,0.4085317172303673,0.39987951807228916,0.003012048192771094,0.56,0.8524096385542168,0.8539156626506024
Qwen3-4B-Instruct-2507,q4nogab,droite,journaliste,vote16,hors famille,3,False,1,,0.5512,0.35273624618957766,0.3538019146070689,0.32317825518943244,0.46313253012048194,0.021084337349397613,,,
Qwen3-4B-Instruct-2507,q4nogab,droite,journaliste,pres16,hors famille,4,False,1,,0.26260000000000017,0.4872260124836696,0.4886979943944964,0.47788140513862676,0.2109638554216867,0.015060240963855432,,,
Qwen3-4B-Instruct-2507,q4nogab,droite,journaliste,if16who,hors famille,3,False,1,,0.2622000000000001,0.3120010161126433,0.3129436173697812,0.3121643199303237,0.04530120481927713,0.003012048192771101,,,
Qwen3-4B-Instruct-2507,q4nogab,droite,journaliste,news,hors famille,5,False,1,,0.7816000000000001,0.7523769777906809,0.7546500200196559,0.7454456379735811,0.2490361445783133,0.03915662650602406,,,
Qwen3-4B-Instruct-2507,q4nogab,droite,journaliste,jew,hors famille,5,False,1,,0.7462,0.5322434315575556,0.5338514177556147,0.5326789084047032,0.5415662650602411,0.006024096385542202,,,
Qwen3-4B-Instruct-2507,q4nogab,droite,journaliste,relig16*,hors famille,5,False,1,,0.6355999999999999,0.7291334010741763,0.7313362210169987,0.7198432283350269,0.18120481927710844,0.02710843373493972,,,
Qwen3-4B-Instruct-2507,q4nogab,droite,journaliste,jew16*,hors famille,5,False,1,,0.7522,0.4750870953694295,0.4765224038146544,0.4550370155320076,0.5753012048192772,0.01807228915662649,,,
Qwen3-4B-Instruct-2507,q4nogab,droite,journaliste,attend,hors famille,9,False,1,,0.8708,0.8125090724343157,0.8149637826229391,0.8236681666424736,0.3037349397590362,0.06325301204819284,,,
Qwen3-4B-Instruct-2507,q4nogab,droite,journaliste,pray,hors famille,6,False,1,,0.8182,0.770884743794455,0.7732137007243477,0.7688888082450284,0.3281927710843374,0.03915662650602411,,,
Qwen3-4B-Instruct-2507,q4nogab,droite,journaliste,postlife,hors famille,2,False,1,,0.4992,0.2804470895630715,0.2812943617369781,0.2516148933081723,0.31132530120481927,0.021084337349397617,,,
Qwen3-4B-Instruct-2507,q4nogab,droite,journaliste,bible,hors famille,3,False,1,,0.5416,0.6308063579619685,0.6327121173515817,0.6251814486863116,0.22457831325301203,0.012048192771084348,,,
Qwen3-4B-Instruct-2507,q4nogab,droite,journaliste,reborn,hors famille,3,False,1,,0.5592,0.6224960081289013,0.6243766607214357,0.6145485556684569,0.3287951807228915,0.02710843373493972,,,
Qwen3-4B-Instruct-2507,q4nogab,droite,journaliste,savesoul,hors famille,2,False,1,,0.47119999999999995,0.4997096821019016,0.5012193790266808,0.49992742052547545,0.10795180722891565,0.01807228915662651,,,
Qwen3-4B-Instruct-2507,q4nogab,droite,journaliste,granborn,hors famille,5,False,1,,0.7544,0.5884199448395994,0.5901976486004441,0.5485375235883294,0.3981927710843374,0.060240963855421645,,,
Qwen3-4B-Instruct-2507,q4nogab,droite,journaliste,uscitzn*,hors famille,2,False,1,,0.1472,0.011975613296559384,0.01201179339715322,0.01790898533894625,0.07397590361445791,0.003012048192771167,,,
Qwen3-4B-Instruct-2507,q4nogab,droite,journaliste,fucitzn,hors famille,5,False,1,,0.5073999999999999,0.02389679198722605,0.023968987733411027,0.023860502249963833,0.9179518072289158,0.00602409638554215,,,
Qwen3-4B-Instruct-2507,q4nogab,droite,journaliste,mnthsusa,hors famille,6,False,1,,0.8182,0.03549136304253131,0.035598587704291224,0.04715851357236167,0.8619277108433735,0.006024096385542122,,,
Qwen3-4B-Instruct-2507,q4nogab,droite,journaliste,income,hors famille,12,True,2,recopie du gabarit d'exemple de la relance,,,,,,,,,
Qwen3-4B-Instruct-2507,q4nogab,droite,journaliste,othlang,hors famille,2,False,1,,0.4351999999999999,0.3430650312091741,0.3441014814545191,0.33967194077514884,0.10012048192771088,0.0030120481927710524,,,
Qwen3-4B-Instruct-2507,q4nogab,droite,journaliste,health,hors famille,4,False,1,,0.7205999999999999,0.6140404993467847,0.6158956065955666,0.5931739004209611,0.1998795180722892,0.04819277108433736,,,
Qwen3-4B-Instruct-2507,q4nogab,droite,journaliste,compuse*,hors famille,2,False,1,,0.1472,0.0296668602119321,0.029756488188403197,0.04703149949194363,0.06493975903614459,0.009036144578313227,,,
Qwen3-4B-Instruct-2507,q4nogab,droite,journaliste,webmob,hors famille,2,False,1,,0.1472,0.05842647699230641,0.05860299202853694,0.052747133110756295,0.04987951807228919,0.003012048192771056,,,
Qwen3-4B-Instruct-2507,q4nogab,droite,journaliste,xmovie,hors famille,2,False,1,,0.21120000000000005,0.43248294382348684,0.4337895388199325,0.4581942226738278,0.19626506024096385,0.039156626506024056,,,
Qwen3-4B-Instruct-2507,q4nogab,droite,journaliste,usewww*,hors famille,2,False,1,,0.22619999999999996,0.011975613296559384,0.01201179339715322,0.01790898533894625,0.12397590361445794,0.003012048192771167,,,
Qwen3-4B-Instruct-2507,q4nogab,droite,journaliste,life,hors famille,3,False,1,,0.5902,0.5412795761358686,0.5429148618643759,0.5057337784874437,0.0946987951807229,0.05120481927710846,,,
Qwen3-4B-Instruct-2507,q4nogab,droite,journaliste,richwork,hors famille,2,False,1,,0.4351999999999999,0.4934497024241544,0.4949404870236232,0.4953549136304253,0.1227710843373494,0.009036144578313227,,,
Qwen3-4B-Instruct-2507,q4nogab,droite,adversaire,natspac/y,depenses publiques (nat*),3,False,1,,0.5752,0.6121897227464074,0.6140392385250975,0.6248911307882131,0.38722891566265055,0.021084337349397533,0.31,0.5496987951807228,0.5391566265060241
Qwen3-4B-Instruct-2507,q4nogab,droite,adversaire,natenvir/y,depenses publiques (nat*),3,False,1,,0.6272,0.6627776164900567,0.6647799657845886,0.6561003048337931,0.10650602409638554,0.03313253012048198,0.36,0.4563253012048193,0.4292168674698794
Qwen3-4B-Instruct-2507,q4nogab,droite,adversaire,natheal/y,depenses publiques (nat*),3,False,1,,0.6392,0.5467593264624764,0.548411167327922,0.5067317462621572,0.21939759036144585,0.04819277108433733,0.41000000000000003,0.25903614457831314,0.2259036144578312
Qwen3-4B-Instruct-2507,q4nogab,droite,adversaire,natcity/y,depenses publiques (nat*),3,False,1,,0.5752,0.5874764116707796,0.5892512648782442,0.5944984758310351,0.4504819277108434,0.030120481927710815,0.31,0.6987951807228916,0.6867469879518072
Qwen3-4B-Instruct-2507,q4nogab,droite,adversaire,natdrug/y,depenses publiques (nat*),3,False,1,,0.6272,0.607707940194513,0.6095439158446475,0.6302983016402962,0.037349397590361474,0.04518072289156631,0.36,0.32831325301204817,0.3659638554216867
Qwen3-4B-Instruct-2507,q4nogab,droite,adversaire,nateduc/y,depenses publiques (nat*),3,False,1,,0.635,0.5686057482943823,0.5703235904342445,0.5760088546958919,0.23433734939759043,0.009036144578313282,0.42500000000000004,0.2906626506024096,0.2996987951807229
Qwen3-4B-Instruct-2507,q4nogab,droite,adversaire,natrace/y,depenses publiques (nat*),3,False,1,,0.5752,0.5905610393380752,0.5923452116623595,0.5877304398316157,0.46253012048192776,0.021084337349397575,0.31,0.6897590361445782,0.6882530120481927
Qwen3-4B-Instruct-2507,q4nogab,droite,adversaire,natarms/y,depenses publiques (nat*),3,False,1,,0.6392,0.6302620119030338,0.6321661267426201,0.612516330381768,0.025783132530120517,0.036144578313252976,0.61,0.6310240963855421,0.6566265060240963
Qwen3-4B-Instruct-2507,q4nogab,droite,adversaire,nataid/y,depenses publiques (nat*),3,False,1,,0.5626,0.2487117143271882,0.2494631092345211,0.21975250399187107,0.7284337349397592,0.018072289156626453,0.275,0.9171686746987951,0.9307228915662651
Qwen3-4B-Instruct-2507,q4nogab,droite,adversaire,natfare/y,depenses publiques (nat*),3,False,1,,0.5512,0.6179235012338511,0.6197903396061588,0.614675569748875,0.09578313253012041,0.009036144578313199,0.26,0.34638554216867457,0.3403614457831325
Qwen3-4B-Instruct-2507,q4nogab,droite,adversaire,natroad,depenses publiques (nat*),3,False,1,,0.5626,0.544073885905066,0.5457176136570451,0.5503520104514443,0.08048192771084339,0.03915662650602406,0.275,0.25451807228915657,0.2680722891566264
Qwen3-4B-Instruct-2507,q4nogab,droite,adversaire,natsoc,depenses publiques (nat*),3,False,1,,0.6272,0.49119973871389166,0.49268372583991554,0.475486282479315,0.17361445783132537,0.015060240963855366,0.36,0.20783132530120474,0.19427710843373489
Qwen3-4B-Instruct-2507,q4nogab,droite,adversaire,natmass,depenses publiques (nat*),3,False,1,,0.6272,0.5700573377848744,0.5717795653914753,0.5744483959936131,0.2613253012048193,0.015060240963855456,0.36,0.45331325301204817,0.466867469879518
Qwen3-4B-Instruct-2507,q4nogab,droite,adversaire,natpark,depenses publiques (nat*),3,False,1,,0.5626,0.49932863986064735,0.5008371856004077,0.49323196400058067,0.36963855421686753,0.02108433734939756,0.275,0.4382530120481927,0.41716867469879515
Qwen3-4B-Instruct-2507,q4nogab,droite,adversaire,natchld,depenses publiques (nat*),3,False,1,,0.5626,0.6241834809115981,0.6260692316092163,0.6085788938888081,0.19445783132530117,0.042168674698795205,0.275,0.39156626506024095,0.39457831325301207
Qwen3-4B-Instruct-2507,q4nogab,droite,adversaire,natsci,depenses publiques (nat*),3,False,1,,0.5512,0.56241834809116,0.5641174971790487,0.5552511249818551,0.36313253012048197,0.009036144578313227,0.26,0.4849397590361445,0.48644578313253006
Qwen3-4B-Instruct-2507,q4nogab,droite,adversaire,natenrgy,depenses publiques (nat*),3,False,1,,0.5626,0.6592393671069822,0.6612310268263387,0.6511286108288576,0.28481927710843374,0.036144578313253045,0.275,0.5030120481927711,0.5256024096385543
Qwen3-4B-Instruct-2507,q4nogab,droite,adversaire,uswary,hors famille,2,False,1,,0.21120000000000005,0.4764842502540282,0.47792377971098904,0.4709682101901582,0.48843373493975906,0.01204819277108432,,,
Qwen3-4B-Instruct-2507,q4nogab,droite,adversaire,prayer,hors famille,2,False,1,,0.45499999999999996,0.5,0.5015105740181269,0.49853026564087677,0.15000000000000002,0.02710843373493979,0.65,0.5,0.4728915662650602
Qwen3-4B-Instruct-2507,q4nogab,droite,adversaire,courts,hors famille,3,False,1,,0.6632,0.4278560023225433,0.42914861864375947,0.39018725504427343,0.42891566265060244,0.030120481927710843,0.45999999999999996,0.8192771084337349,0.8433734939759037
Qwen3-4B-Instruct-2507,q4nogab,droite,adversaire,discaffw,hors famille,4,False,1,,0.6499999999999999,0.7227645521846422,0.7249481308921487,0.7196799245173466,0.36927710843373496,0.04216867469879528,0.3,0.5592369477911646,0.5572289156626504
Qwen3-4B-Instruct-2507,q4nogab,droite,adversaire,discaffm,hors famille,4,False,1,,0.6499999999999999,0.7178472927856003,0.7200160157245297,0.7206053128175353,0.36626506024096384,0.07228915662650601,0.7000000000000001,0.46787148594377503,0.5140562248995983
Qwen3-4B-Instruct-2507,q4nogab,droite,adversaire,fehire,roles de genre (fe*),5,False,1,,0.735,0.77821527072144,0.7805663742583628,0.7793402525765714,0.25301204819277107,0.0512048192771084,0.5375000000000001,0.5587349397590361,0.5805722891566264
Qwen3-4B-Instruct-2507,q4nogab,droite,adversaire,fechld,roles de genre (fe*),4,False,1,,0.6821999999999999,0.6650457250689505,0.6670549266552617,0.6901400783858325,0.35301204819277104,0.045180722891566244,0.5433333333333333,0.33333333333333326,0.3514056224899598
Qwen3-4B-Instruct-2507,q4nogab,droite,adversaire,fepresch,roles de genre (fe*),4,False,1,,0.7342,0.6896683118014226,0.691751901867288,0.6878538249383075,0.2326506024096385,0.04216867469879516,0.5900000000000001,0.43473895582329314,0.41767068273092367
Qwen3-4B-Instruct-2507,q4nogab,droite,adversaire,fefam,roles de genre (fe*),4,False,1,,0.6584,0.7126034257511977,0.7147563061915337,0.7143090434025259,0.28493975903614455,0.01204819277108439,0.7133333333333334,0.5110441767068272,0.5210843373493976
Qwen3-4B-Instruct-2507,q4nogab,droite,adversaire,fepol,roles de genre (fe*),2,False,1,,0.4351999999999999,0.4867723907678908,0.4882430022203618,0.4997096821019016,0.26132530120481934,0.06927710843373494,0.68,0.4186746987951807,0.4879518072289157
Qwen3-4B-Instruct-2507,q4nogab,droite,adversaire,mobile16,hors famille,3,False,1,,0.6392,0.6639025983451879,0.6659083463764424,0.6631042241254174,0.0921686746987952,0.006024096385542188,,,
Qwen3-4B-Instruct-2507,q4nogab,droite,adversaire,incom16,hors famille,5,False,1,,0.765,0.6380280156771665,0.6399555927638045,0.6506568442444478,0.3090361445783133,0.048192771084337394,,,
Qwen3-4B-Instruct-2507,q4nogab,droite,adversaire,dwelown16,hors famille,3,False,1,,0.47919999999999985,0.3921287559878066,0.39331343500891786,0.40072942371897224,0.07590361445783136,0.006024096385542223,,,
Qwen3-4B-Instruct-2507,q4nogab,droite,adversaire,divorced,hors famille,2,False,1,,0.29520000000000013,0.46645013790100165,0.4678593528191316,0.45991798519378724,0.19048192771084338,0.012048192771084376,,,
Qwen3-4B-Instruct-2507,q4nogab,droite,adversaire,posslq/y,hors famille,4,False,1,,0.6362,0.6408949049208884,0.6428311433043352,0.6377558426476992,0.39530120481927716,0.015060240963855397,,,
Qwen3-4B-Instruct-2507,q4nogab,droite,adversaire,wrkstat,hors famille,8,True,2,recopie du gabarit d'exemple de la relance,,,,,,,,,
Qwen3-4B-Instruct-2507,q4nogab,droite,adversaire,evwork,hors famille,2,False,1,,0.4032,0.09174045579910017,0.09201761729698266,0.10255479750326635,0.2318072289156627,0.006024096385542219,,,
Qwen3-4B-Instruct-2507,q4nogab,droite,adversaire,wrkgovt1,hors famille,2,False,1,,0.4351999999999999,0.276437073595587,0.2772722309176281,0.2723907678908406,0.1543373493975904,0.0030120481927710524,,,
Qwen3-4B-Instruct-2507,q4nogab,droite,adversaire,wrkgovt2,hors famille,2,False,1,,0.4351999999999999,0.3896066192480767,0.39078367852072954,0.3951952387864712,0.05493975903614459,0.006024096385542216,,,
Qwen3-4B-Instruct-2507,q4nogab,droite,adversaire,partfull,hors famille,3,False,1,,0.5512,0.6037705037015532,0.6055945837731591,0.5931376106836987,0.21024096385542168,0.027108433734939777,,,
Qwen3-4B-Instruct-2507,q4nogab,droite,adversaire,wksub1,hors famille,3,False,1,,0.43920000000000003,0.6181049499201625,0.6199723364758126,0.6096131514007839,0.2795180722891566,0.03614457831325299,,,
Qwen3-4B-Instruct-2507,q4nogab,droite,adversaire,wksup1,hors famille,3,False,1,,0.5512,0.6452133836551024,0.6471626688020967,0.6582776890695311,0.2885542168674699,0.04819277108433735,,,
Qwen3-4B-Instruct-2507,q4nogab,droite,adversaire,conarmy,confiance dans les institutions (con*),3,False,1,,0.6461999999999999,0.5507149078240674,0.5523786990863758,0.5664102191900131,0.23506024096385544,0.02710843373493982,0.505,0.7274096385542168,0.7168674698795181
Qwen3-4B-Instruct-2507,q4nogab,droite,adversaire,conbus,confiance dans les institutions (con*),3,False,1,,0.615,0.5243141239657427,0.525898154551742,0.5512592538830019,0.18855421686746993,0.033132530120481965,0.375,0.46385542168674687,0.45331325301204817
Qwen3-4B-Instruct-2507,q4nogab,droite,adversaire,conclerg,confiance dans les institutions (con*),3,False,1,,0.585,0.6315321527072144,0.633440104830197,0.6302983016402962,0.07409638554216869,0.006024096385542091,0.42500000000000004,0.45180722891566255,0.4457831325301205
Qwen3-4B-Instruct-2507,q4nogab,droite,adversaire,coneduc,confiance dans les institutions (con*),3,False,1,,0.585,0.5998875018144869,0.6016998507625669,0.6064196545217013,0.02469879518072292,0.054216867469879484,0.575,0.5587349397590362,0.5963855421686747
Qwen3-4B-Instruct-2507,q4nogab,droite,adversaire,confed,confiance dans les institutions (con*),3,False,1,,0.585,0.5365619102917696,0.5381829432533762,0.5229351139497749,0.27831325301204823,0.024096385542168683,0.575,0.7545180722891566,0.7680722891566265
Qwen3-4B-Instruct-2507,q4nogab,droite,adversaire,confinan,confiance dans les institutions (con*),3,False,1,,0.585,0.5644687182464798,0.5661740618061369,0.5695492814632022,0.07710843373493975,0.021084337349397575,0.42500000000000004,0.48042168674698793,0.463855421686747
Qwen3-4B-Instruct-2507,q4nogab,droite,adversaire,conjudge,confiance dans les institutions (con*),3,False,1,,0.635,0.6273588329220496,0.6292541768281587,0.6298265350558863,0.019879518072289146,0.015060240963855373,0.575,0.575301204819277,0.5617469879518072
Qwen3-4B-Instruct-2507,q4nogab,droite,adversaire,conlabor,confiance dans les institutions (con*),3,False,1,,0.5952,0.5814341704166063,0.5831907691187713,0.612498185513137,0.02000000000000008,0.04819277108433737,0.64,0.6475903614457831,0.6144578313253012
Qwen3-4B-Instruct-2507,q4nogab,droite,adversaire,conlegis,confiance dans les institutions (con*),3,False,1,,0.615,0.5375780229351139,0.5392021257234376,0.5422412541733199,0.10722891566265062,0.012048192771084324,,,
Qwen3-4B-Instruct-2507,q4nogab,droite,adversaire,conmedic,confiance dans les institutions (con*),3,False,1,,0.585,0.6175061692553345,0.619371746805955,0.6062019160981275,0.17530120481927716,0.03313253012048191,0.575,0.4277108433734939,0.4457831325301204
Qwen3-4B-Instruct-2507,q4nogab,droite,adversaire,conpress,confiance dans les institutions (con*),3,False,1,,0.615,0.4544382348671796,0.4558111600480472,0.43346276672956896,0.22771084337349398,0.030120481927710874,0.65,0.8237951807228916,0.8358433734939759
Qwen3-4B-Instruct-2507,q4nogab,droite,adversaire,consci,confiance dans les institutions (con*),3,False,1,,0.585,0.6238387284076063,0.6257234375568741,0.594988387284076,0.12409638554216872,0.045180722891566286,0.575,0.4759036144578313,0.45331325301204817
Qwen3-4B-Instruct-2507,q4nogab,droite,adversaire,contv,confiance dans les institutions (con*),3,False,1,,0.615,0.5451988677601974,0.546845994248899,0.5429126143126723,0.10722891566265069,0.027108433734939756,,,
Qwen3-4B-Instruct-2507,q4nogab,droite,adversaire,joblose,hors famille,5,False,1,,0.775,0.6388626796341995,0.6407927783642122,0.6566990854986211,0.5283132530120482,0.03915662650602417,,,
Qwen3-4B-Instruct-2507,q4nogab,droite,adversaire,jobfind,hors famille,4,False,1,,0.6499999999999999,0.7048011322398027,0.7069304407964184,0.7071962548991146,0.36265060240963864,0.03012048192771094,,,
Qwen3-4B-Instruct-2507,q4nogab,droite,adversaire,happy,hors famille,3,False,1,,0.5549999999999999,0.5831216431993033,0.584883340006552,0.5545071853679779,0.06987951807228913,0.06325301204819275,,,
Qwen3-4B-Instruct-2507,q4nogab,droite,adversaire,hapmar,hors famille,4,False,1,,0.6041999999999998,0.6581325301204821,0.6601208459214504,0.6618159384526057,0.40289156626506034,0.027108433734939794,,,
Qwen3-4B-Instruct-2507,q4nogab,droite,adversaire,satjob,hors famille,5,False,1,,0.745,0.6966177964871534,0.69872238197503,0.7107889388880825,0.4006024096385542,0.04819277108433736,,,
Qwen3-4B-Instruct-2507,q4nogab,droite,adversaire,spdeg*,hors famille,6,False,1,,0.7462,0.7300587893743651,0.7322644050522333,0.7337421977064886,0.46325301204819286,0.018072289156626505,,,
Qwen3-4B-Instruct-2507,q4nogab,droite,adversaire,spjew,hors famille,5,False,1,,0.7101999999999999,0.5500072579474524,0.5516689112947257,0.5186710698214545,0.6542168674698796,0.03313253012048185,,,
Qwen3-4B-Instruct-2507,q4nogab,droite,adversaire,spfund,hors famille,4,False,1,,0.5304,0.5531100304833794,0.5547810577658066,0.565303382203513,0.5884337349397591,0.027108433734939753,,,
Qwen3-4B-Instruct-2507,q4nogab,droite,adversaire,unemp,hors famille,2,False,1,,0.21120000000000005,0.43896066192480765,0.44028682706657446,0.4709682101901582,0.20530120481927713,0.05421686746987947,,,
Qwen3-4B-Instruct-2507,q4nogab,droite,adversaire,union1,hors famille,4,False,1,,0.6881999999999999,0.13732036580055162,0.13773523095402762,0.12630643054144308,0.477710843373494,0.006024096385542111,,,
Qwen3-4B-Instruct-2507,q4nogab,droite,adversaire,spkath/y,libertes civiles (spk/col/lib),2,False,1,,0.4351999999999999,0.3430650312091741,0.3441014814545191,0.33624256060386126,0.10012048192771088,0.00602409638554216,0.32,0.2198795180722891,0.2138554216867469
Qwen3-4B-Instruct-2507,q4nogab,droite,adversaire,colath,libertes civiles (spk/col/lib),2,False,1,,0.45499999999999996,0.44511177239076805,0.4464565209478399,0.4279830164029612,0.31566265060240967,0.02409638554216867,0.65,0.3343373493975903,0.3102409638554217
Qwen3-4B-Instruct-2507,q4nogab,droite,adversaire,spkrac/y,libertes civiles (spk/col/lib),2,False,1,,0.4351999999999999,0.5,0.5015105740181269,0.49274205254753967,0.18000000000000002,0.060240963855421686,,,
Qwen3-4B-Instruct-2507,q4nogab,droite,adversaire,colrac,libertes civiles (spk/col/lib),2,False,1,,0.21120000000000005,0.4724016548120191,0.4738288501437775,0.4802402380606764,0.2625301204819277,0.01807228915662651,,,
Qwen3-4B-Instruct-2507,q4nogab,droite,adversaire,librac/y,libertes civiles (spk/col/lib),2,False,1,,0.4351999999999999,0.4764842502540282,0.47792377971098904,0.4709682101901582,0.2884337349397591,0.01204819277108432,,,
Qwen3-4B-Instruct-2507,q4nogab,droite,adversaire,spkcom/y,libertes civiles (spk/col/lib),2,False,1,,0.4351999999999999,0.46645013790100165,0.4678593528191316,0.43248294382348684,0.3095180722891566,0.054216867469879554,0.68,0.3704819277108434,0.3162650602409638
Qwen3-4B-Instruct-2507,q4nogab,droite,adversaire,colcom/y,libertes civiles (spk/col/lib),2,False,1,,0.34319999999999995,0.469498475831035,0.4709169002293161,0.4737988096966178,0.40349397590361447,0.009036144578313282,0.78,0.3765060240963855,0.3855421686746988
Qwen3-4B-Instruct-2507,q4nogab,droite,adversaire,libcom/y,libertes civiles (spk/col/lib),2,False,1,,0.4351999999999999,0.43896066192480765,0.44028682706657446,0.4160981274495573,0.3546987951807229,0.030120481927710885,0.68,0.3253012048192771,0.2951807228915662
Qwen3-4B-Instruct-2507,q4nogab,droite,adversaire,spkhomo/y,libertes civiles (spk/col/lib),2,False,1,,0.45499999999999996,0.16439250979822884,0.1648891639063806,0.18861590942081574,0.5596385542168676,0.01506024096385545,0.65,0.0903614457831325,0.1054216867469879
Qwen3-4B-Instruct-2507,q4nogab,droite,adversaire,colhomo,libertes civiles (spk/col/lib),2,False,1,,0.2550000000000001,0.1838438089708232,0.18439922833327282,0.1980512411090145,0.7475903614457831,0.009036144578313282,0.85,0.1024096385542168,0.1114457831325301
Qwen3-4B-Instruct-2507,q4nogab,droite,adversaire,libhomo/y,libertes civiles (spk/col/lib),2,False,1,,0.4351999999999999,0.3658005516040064,0.3669056892221454,0.3896066192480767,0.4390361445783133,0.02409638554216867,0.68,0.2409638554216867,0.2650602409638554
Qwen3-4B-Instruct-2507,q4nogab,droite,adversaire,cappun,hors famille,2,False,1,,0.2550000000000001,0.3075010886921179,0.308430095002366,0.29225939904195086,0.6602409638554216,0.01204819277108439,0.15,0.8102409638554217,0.822289156626506
Qwen3-4B-Instruct-2507,q4nogab,droite,adversaire,polhitok/y,hors famille,2,False,1,,0.21120000000000005,0.3497423428654377,0.35079896625778045,0.32927493104949934,0.6540963855421686,0.01807228915662651,0.12,0.7740963855421686,0.7921686746987951
Qwen3-4B-Instruct-2507,q4nogab,droite,adversaire,polabuse/y,hors famille,2,False,1,,0.4351999999999999,0.16439250979822884,0.1648891639063806,0.14942299317752927,0.22963855421686752,0.009036144578313275,0.32,0.0903614457831325,0.0813253012048192
Qwen3-4B-Instruct-2507,q4nogab,droite,adversaire,polattak/y,hors famille,2,False,1,,0.21120000000000005,0.41109014370735963,0.41233210788774444,0.37799390332414007,0.590843373493976,0.036144578313253045,0.12,0.7108433734939759,0.7469879518072289
Qwen3-4B-Instruct-2507,q4nogab,droite,adversaire,grass,hors famille,2,False,1,,0.2550000000000001,0.4546378284221222,0.4560113566046664,0.45991798519378724,0.5006024096385542,0.009036144578313227,0.85,0.3493975903614458,0.358433734939759
Qwen3-4B-Instruct-2507,q4nogab,droite,adversaire,gunlaw,hors famille,2,False,1,,0.2550000000000001,0.4997096821019016,0.5012193790266808,0.4947561329655974,0.36204819277108435,0.03915662650602411,0.85,0.4879518072289157,0.4487951807228915
Qwen3-4B-Instruct-2507,q4nogab,droite,adversaire,owngun,hors famille,2,False,1,,0.47119999999999995,0.4814196545217013,0.48287409456557356,0.4886594571055305,0.02361445783132532,0.021084337349397547,,,
Qwen3-4B-Instruct-2507,q4nogab,droite,adversaire,hunt1,hors famille,4,False,1,,0.7222,0.33306720859340977,0.3340734539365923,0.33827478589055016,0.5572289156626508,0.012048192771084362,,,
Qwen3-4B-Instruct-2507,q4nogab,droite,adversaire,class,hors famille,4,False,1,,0.675,0.6342901727391493,0.6362064572489353,0.6240746116998114,0.10722891566265061,0.051204819277108383,,,
Qwen3-4B-Instruct-2507,q4nogab,droite,adversaire,satfin,hors famille,3,False,1,,0.5902,0.6585680069676295,0.6605576384086194,0.6529430976919728,0.1493975903614458,0.07530120481927705,,,
Qwen3-4B-Instruct-2507,q4nogab,droite,adversaire,finalter,hors famille,3,False,1,,0.655,0.6567716649731457,0.6587558693990464,0.6449593554942663,0.15963855421686746,0.04216867469879515,,,
Qwen3-4B-Instruct-2507,q4nogab,droite,adversaire,finrela,hors famille,5,False,1,,0.7782,0.7258673247205691,0.7280602773632295,0.7071599651618523,0.20722891566265061,0.054216867469879505,,,
Qwen3-4B-Instruct-2507,q4nogab,droite,adversaire,racdif1,hors famille,2,False,1,,0.2550000000000001,0.32927493104949934,0.33026971936082716,0.318551313688489,0.057831325301204814,0.009036144578313268,0.85,0.7921686746987951,0.8012048192771084
Qwen3-4B-Instruct-2507,q4nogab,droite,adversaire,racdif2,hors famille,2,False,1,,0.4872000000000001,0.13412686892146897,0.13453208604811995,0.1790354187835681,0.507710843373494,0.027108433734939735,0.58,0.072289156626506,0.0993975903614457
Qwen3-4B-Instruct-2507,q4nogab,droite,adversaire,racdif3,hors famille,2,False,1,,0.4351999999999999,0.38675787487298596,0.38792632766716423,0.3719698069385977,0.4179518072289157,0.015060240963855456,0.32,0.7379518072289156,0.7530120481927711
Qwen3-4B-Instruct-2507,q4nogab,droite,adversaire,racdif4,hors famille,2,False,1,,0.4351999999999999,0.4993467847292785,0.5008553852873731,0.5,0.19807228915662653,0.01807228915662651,0.68,0.4819277108433735,0.5
Qwen3-4B-Instruct-2507,q4nogab,droite,adversaire,wlthwhts,hors famille,7,False,1,,0.8254,0.5167295688779214,0.5182906854002113,0.5777689069531137,0.6662650602409639,0.06024096385542168,,,
Qwen3-4B-Instruct-2507,q4nogab,droite,adversaire,wlthblks,hors famille,7,True,2,recopie du gabarit d'exemple de la relance,,,,,,,,,
Qwen3-4B-Instruct-2507,q4nogab,droite,adversaire,wlthhsps,hors famille,7,True,2,recopie du gabarit d'exemple de la relance,,,,,,,,,
Qwen3-4B-Instruct-2507,q4nogab,droite,adversaire,racwork,hors famille,7,False,1,,0.6224,0.7319640005806359,0.7341753721835986,0.734631296269415,0.4753012048192772,0.039156626506024056,,,
Qwen3-4B-Instruct-2507,q4nogab,droite,adversaire,letin1a,hors famille,5,False,1,,0.7834,0.5724343155755552,0.5741637243839407,0.5498802438670345,0.4384337349397591,0.03012048192771089,0.55,0.8268072289156626,0.8373493975903614
Qwen3-4B-Instruct-2507,q4nogab,droite,adversaire,getahead,hors famille,3,False,1,,0.5512,0.4832159965161853,0.48467586357514664,0.5146610538539701,0.06385542168674699,0.05120481927710842,0.74,0.802710843373494,0.7740963855421688
Qwen3-4B-Instruct-2507,q4nogab,droite,adversaire,aged,hors famille,3,False,1,,0.655,0.5617651328204383,0.5634623084482946,0.5104332994629119,0.24156626506024098,0.07530120481927706,,,
Qwen3-4B-Instruct-2507,q4nogab,droite,adversaire,parsol,hors famille,5,False,1,,0.7474000000000001,0.7805922485121208,0.7829505332508282,0.7898824212512702,0.12397590361445779,0.04819277108433747,,,
Qwen3-4B-Instruct-2507,q4nogab,droite,adversaire,kidssol,hors famille,6,False,1,,0.7572,0.8089889679198723,0.8114330433516544,0.8066301349978227,0.20530120481927708,0.018072289156626505,,,
Qwen3-4B-Instruct-2507,q4nogab,droite,adversaire,spanking,hors famille,4,False,1,,0.6584,0.7087567136013935,0.7108979725548721,0.7161598200029031,0.11024096385542166,0.027108433734939784,0.7000000000000001,0.6255020080321285,0.605421686746988
Qwen3-4B-Instruct-2507,q4nogab,droite,adversaire,divlaw,hors famille,3,False,1,,0.5912,0.626796341994484,0.6286899865322317,0.6283749455653942,0.22289156626506024,0.024096385542168752,0.69,0.5240963855421686,0.5436746987951806
Qwen3-4B-Instruct-2507,q4nogab,droite,adversaire,sexeduc,hors famille,2,False,1,,0.21120000000000005,0.4185476847147628,0.4198121792305174,0.4160981274495573,0.5818072289156626,0.003012048192771094,0.88,0.2981927710843373,0.2951807228915662
Qwen3-4B-Instruct-2507,q4nogab,droite,adversaire,pillok,hors famille,4,False,1,,0.655,0.733433734939759,0.7356495468277946,0.7341595296850052,0.2861445783132531,0.02409638554216867,0.5666666666666667,0.5572289156626505,0.5572289156626504
Qwen3-4B-Instruct-2507,q4nogab,droite,adversaire,xmarsex,hors famille,4,False,1,,0.4725999999999998,0.4476157642618669,0.4489680777490629,0.4421723036725216,0.09337349397590354,0.024096385542168655,0.86,0.8554216867469879,0.8674698795180722
Qwen3-4B-Instruct-2507,q4nogab,droite,adversaire,homosex,hors famille,4,False,1,,0.5554,0.6549934678472928,0.6569723000764388,0.6633038176803601,0.3698795180722891,0.04518072289156626,0.8166666666666667,0.5542168674698795,0.5763052208835341
Qwen3-4B-Instruct-2507,q4nogab,droite,adversaire,marhomo,hors famille,5,False,1,,0.7,0.7745318623893164,0.77687183780439,0.7841486427638265,0.4198795180722891,0.03915662650602405,0.5750000000000001,0.49924698795180705,0.5150602409638554
Qwen3-4B-Instruct-2507,q4nogab,droite,adversaire,discaff,hors famille,3,False,1,,0.635,0.64612062708666,0.6480726531503659,0.6386086514733634,0.09216867469879525,0.01807228915662651,0.575,0.48343373493975894,0.4743975903614457
Qwen3-4B-Instruct-2507,q4nogab,droite,adversaire,abdefect,avortement (ab*),2,False,1,,0.21120000000000005,0.44511177239076805,0.4464565209478399,0.4509362752213675,0.5456626506024096,0.009036144578313282,0.88,0.3343373493975903,0.3433734939759036
Qwen3-4B-Instruct-2507,q4nogab,droite,adversaire,abnomore,avortement (ab*),2,False,1,,0.21120000000000005,0.44511177239076805,0.4464565209478399,0.4279830164029612,0.21433734939759036,0.02409638554216867,0.88,0.6656626506024096,0.6897590361445783
Qwen3-4B-Instruct-2507,q4nogab,droite,adversaire,abhlth,avortement (ab*),2,False,1,,0.21120000000000005,0.20734141384816374,0.2079678229534452,0.21193206561184508,0.7625301204819277,0.003012048192771115,0.88,0.1174698795180722,0.1204819277108433
Qwen3-4B-Instruct-2507,q4nogab,droite,adversaire,abpoor,avortement (ab*),2,False,1,,0.21120000000000005,0.452805196690376,0.45417318822116265,0.43025112498185514,0.22638554216867468,0.033132530120481896,0.88,0.6536144578313253,0.6867469879518072
Qwen3-4B-Instruct-2507,q4nogab,droite,adversaire,abrape,avortement (ab*),2,False,1,,0.21120000000000005,0.3658005516040064,0.3669056892221454,0.375,0.6390361445783133,0.009036144578313282,0.88,0.2409638554216867,0.25
Qwen3-4B-Instruct-2507,q4nogab,droite,adversaire,absingle,avortement (ab*),2,False,1,,0.21120000000000005,0.43683771229496304,0.4381574636916246,0.4233379300333866,0.202289156626506,0.01807228915662648,0.88,0.677710843373494,0.6957831325301205
Qwen3-4B-Instruct-2507,q4nogab,droite,adversaire,abany,avortement (ab*),2,False,1,,0.21120000000000005,0.4085317172303673,0.4097659520256252,0.4085317172303673,0.16614457831325302,0.0,0.88,0.713855421686747,0.713855421686747
Qwen3-4B-Instruct-2507,q4nogab,droite,adversaire,letdie1,fin de vie (suicide/letdie),2,False,1,,0.4351999999999999,0.4709682101901582,0.47239107487351223,0.463256641021919,0.3004819277108434,0.015060240963855415,0.68,0.3795180722891566,0.3644578313253012
Qwen3-4B-Instruct-2507,q4nogab,droite,adversaire,suicide1,fin de vie (suicide/letdie),2,False,1,,0.4351999999999999,0.4581942226738278,0.4595784952498817,0.4546378284221222,0.3245783132530121,0.006024096385542105,0.68,0.3554216867469879,0.3493975903614458
Qwen3-4B-Instruct-2507,q4nogab,droite,adversaire,suicide2,fin de vie (suicide/letdie),2,False,1,,0.21120000000000005,0.22993177529394693,0.2306264332253486,0.23434097837131662,0.012530120481927698,0.003012048192771108,0.88,0.8674698795180723,0.8644578313253012
Qwen3-4B-Instruct-2507,q4nogab,droite,adversaire,suicide3,fin de vie (suicide/letdie),2,False,1,,0.45499999999999996,0.24735084917985195,0.2480981327121174,0.24305051531426902,0.20542168674698796,0.003012048192771108,0.65,0.8554216867469879,0.858433734939759
Qwen3-4B-Instruct-2507,q4nogab,droite,adversaire,suicide4,fin de vie (suicide/letdie),2,False,1,,0.45499999999999996,0.3497423428654377,0.35079896625778045,0.3430650312091741,0.12409638554216865,0.00602409638554223,0.65,0.7740963855421686,0.7801204819277109
Qwen3-4B-Instruct-2507,q4nogab,droite,adversaire,pornlaw,hors famille,3,False,1,,0.5512,0.4994193642038032,0.5009281840352346,0.5375780229351139,0.3004819277108434,0.06325301204819284,0.74,0.6475903614457832,0.6641566265060241
Qwen3-4B-Instruct-2507,q4nogab,droite,adversaire,fair,hors famille,3,False,1,,0.645,0.6609268398896793,0.6629235977141195,0.6546850050805633,0.06024096385542174,0.06626506024096379,,,
Qwen3-4B-Instruct-2507,q4nogab,droite,adversaire,helpful,hors famille,3,False,1,,0.6622,0.6610357091014661,0.6630327958359117,0.6610357091014661,0.045783132530120424,0.045180722891566244,,,
Qwen3-4B-Instruct-2507,q4nogab,droite,adversaire,trust,hors famille,3,False,1,,0.645,0.5711097401654812,0.5728351472354676,0.5913231238205835,0.13132530120481928,0.05722891566265058,,,
Qwen3-4B-Instruct-2507,q4nogab,droite,adversaire,tax,hors famille,3,False,1,,0.635,0.41128973726230234,0.41253230444436373,0.4085317172303673,0.26987951807228916,0.003012048192771094,0.625,0.8524096385542168,0.8539156626506024
Qwen3-4B-Instruct-2507,q4nogab,droite,adversaire,vote16,hors famille,3,False,1,,0.36719999999999997,0.35273624618957766,0.3538019146070689,0.32317825518943244,0.663132530120482,0.021084337349397613,,,
Qwen3-4B-Instruct-2507,q4nogab,droite,adversaire,pres16,hors famille,4,False,1,,0.1509999999999999,0.4872260124836696,0.4886979943944964,0.47788140513862676,0.23927710843373493,0.015060240963855432,,,
Qwen3-4B-Instruct-2507,q4nogab,droite,adversaire,if16who,hors famille,3,False,1,,0.2622000000000001,0.3120010161126433,0.3129436173697812,0.3121643199303237,0.04530120481927713,0.003012048192771101,,,
Qwen3-4B-Instruct-2507,q4nogab,droite,adversaire,news,hors famille,5,False,1,,0.775,0.7523769777906809,0.7546500200196559,0.7454456379735811,0.26385542168674697,0.03915662650602406,,,
Qwen3-4B-Instruct-2507,q4nogab,droite,adversaire,jew,hors famille,5,True,2,recopie du gabarit d'exemple de la relance,,,,,,,,,
Qwen3-4B-Instruct-2507,q4nogab,droite,adversaire,relig16*,hors famille,5,False,1,,0.5806,0.7291334010741763,0.7313362210169987,0.7198432283350269,0.23433734939759032,0.02710843373493972,,,
Qwen3-4B-Instruct-2507,q4nogab,droite,adversaire,jew16*,hors famille,5,False,1,,0.6712,0.4750870953694295,0.4765224038146544,0.4550370155320076,0.7253012048192773,0.01807228915662649,,,
Qwen3-4B-Instruct-2507,q4nogab,droite,adversaire,attend,hors famille,9,False,1,,0.8430546024899519,0.8125090724343157,0.8149637826229391,0.8236681666424736,0.14132768698556605,0.06325301204819284,,,
Qwen3-4B-Instruct-2507,q4nogab,droite,adversaire,pray,hors famille,6,False,1,,0.7622,0.770884743794455,0.7732137007243477,0.7688888082450284,0.27530120481927706,0.03915662650602411,,,
Qwen3-4B-Instruct-2507,q4nogab,droite,adversaire,postlife,hors famille,2,False,1,,0.4351999999999999,0.2804470895630715,0.2812943617369781,0.2516148933081723,0.15132530120481927,0.021084337349397617,,,
Qwen3-4B-Instruct-2507,q4nogab,droite,adversaire,bible,hors famille,3,False,1,,0.47019999999999984,0.6308063579619685,0.6327121173515817,0.6251814486863116,0.32457831325301206,0.012048192771084348,,,
Qwen3-4B-Instruct-2507,q4nogab,droite,adversaire,reborn,hors famille,3,False,1,,0.48319999999999985,0.6224960081289013,0.6243766607214357,0.6145485556684569,0.3287951807228916,0.02710843373493972,,,
Qwen3-4B-Instruct-2507,q4nogab,droite,adversaire,savesoul,hors famille,2,False,1,,0.4351999999999999,0.4997096821019016,0.5012193790266808,0.49992742052547545,0.19204819277108437,0.01807228915662651,,,
Qwen3-4B-Instruct-2507,q4nogab,droite,adversaire,granborn,hors famille,5,False,1,,0.6910000000000001,0.5884199448395994,0.5901976486004441,0.5485375235883294,0.3281927710843374,0.060240963855421645,,,
Qwen3-4B-Instruct-2507,q4nogab,droite,adversaire,uscitzn*,hors famille,2,False,1,,0.039200000000000124,0.011975613296559384,0.01201179339715322,0.01790898533894625,0.013975903614457948,0.003012048192771167,,,
Qwen3-4B-Instruct-2507,q4nogab,droite,adversaire,fucitzn,hors famille,5,False,1,,0.6238,0.02389679198722605,0.023968987733411027,0.023860502249963833,0.5679518072289157,0.00602409638554215,,,
Qwen3-4B-Instruct-2507,q4nogab,droite,adversaire,mnthsusa,hors famille,6,False,1,,0.8182,0.03549136304253131,0.035598587704291224,0.04715851357236167,0.8619277108433735,0.006024096385542122,,,
Qwen3-4B-Instruct-2507,q4nogab,droite,adversaire,income,hors famille,12,False,1,,0.8623609835731048,0.6930614022354479,0.6951552433298148,0.6449956452315286,0.3124923938176951,0.07530120481927702,,,
Qwen3-4B-Instruct-2507,q4nogab,droite,adversaire,othlang,hors famille,2,False,1,,0.29520000000000013,0.3430650312091741,0.3441014814545191,0.33967194077514884,0.03987951807228908,0.0030120481927710524,,,
Qwen3-4B-Instruct-2507,q4nogab,droite,adversaire,health,hors famille,4,False,1,,0.6961999999999999,0.6140404993467847,0.6158956065955666,0.5931739004209611,0.2498795180722892,0.04819277108433736,,,
Qwen3-4B-Instruct-2507,q4nogab,droite,adversaire,compuse*,hors famille,2,False,1,,0.039200000000000124,0.0296668602119321,0.029756488188403197,0.04703149949194363,0.004939759036144615,0.009036144578313227,,,
Qwen3-4B-Instruct-2507,q4nogab,droite,adversaire,webmob,hors famille,2,False,1,,0.1472,0.05842647699230641,0.05860299202853694,0.052747133110756295,0.04987951807228919,0.003012048192771056,,,
Qwen3-4B-Instruct-2507,q4nogab,droite,adversaire,xmovie,hors famille,2,False,1,,0.21120000000000005,0.43248294382348684,0.4337895388199325,0.4581942226738278,0.19626506024096385,0.039156626506024056,,,
Qwen3-4B-Instruct-2507,q4nogab,droite,adversaire,usewww*,hors famille,2,False,1,,0.29520000000000013,0.011975613296559384,0.01201179339715322,0.01790898533894625,0.17397590361445797,0.003012048192771167,,,
Qwen3-4B-Instruct-2507,q4nogab,droite,adversaire,life,hors famille,3,False,1,,0.5902,0.5412795761358686,0.5429148618643759,0.5057337784874437,0.0946987951807229,0.05120481927710846,,,
Qwen3-4B-Instruct-2507,q4nogab,droite,adversaire,richwork,hors famille,2,False,1,,0.45499999999999996,0.4934497024241544,0.4949404870236232,0.4953549136304253,0.0927710843373494,0.009036144578313227,,,
Qwen3-4B-Instruct-2507,q4gab3,gauche,journaliste,natspac/y,depenses publiques (nat*),3,False,1,,0.5549999999999999,0.6044085594833486,0.6058614646744144,0.607099931565539,0.06522781774580332,0.035971223021582774,0.55,0.5263788968824941,0.4916067146282973
Qwen3-4B-Instruct-2507,q4gab3,gauche,journaliste,natenvir/y,depenses publiques (nat*),3,False,1,,0.5149999999999999,0.25063114975645384,0.25123362848182995,0.2632368925003883,0.706115107913669,0.014388489208633098,0.525,0.080335731414868,0.08273381294964025
Qwen3-4B-Instruct-2507,q4gab3,gauche,journaliste,natheal/y,depenses publiques (nat*),3,False,1,,0.6072,0.29687904352776784,0.29759269507470965,0.3342362081557775,0.6473381294964029,0.03357314148681051,0.56,0.10791366906474811,0.1199040767386091
Qwen3-4B-Instruct-2507,q4gab3,gauche,journaliste,natcity/y,depenses publiques (nat*),3,False,1,,0.5549999999999999,0.5771497909586001,0.578537170263789,0.5785299817699796,0.152158273381295,0.0239808153477218,0.55,0.41846522781774576,0.4004796163069544
Qwen3-4B-Instruct-2507,q4gab3,gauche,journaliste,natdrug/y,depenses publiques (nat*),3,False,1,,0.5549999999999999,0.46583740202082935,0.46695720346799485,0.43844061441494286,0.521462829736211,0.02398081534772179,0.55,0.18585131894484405,0.1642685851318944
Qwen3-4B-Instruct-2507,q4gab3,gauche,journaliste,nateduc/y,depenses publiques (nat*),3,False,1,,0.5549999999999999,0.32864643536968974,0.32943645083932843,0.2941416650851981,0.650959232613909,0.023980815347721802,0.55,0.11390887290167856,0.0959232613908872
Qwen3-4B-Instruct-2507,q4gab3,gauche,journaliste,natrace/y,depenses publiques (nat*),3,False,1,,0.5549999999999999,0.5171920017942481,0.5184352517985612,0.5371702637889688,0.45671462829736215,0.0647482014388489,0.55,0.22661870503597115,0.2517985611510791
Qwen3-4B-Instruct-2507,q4gab3,gauche,journaliste,natarms/y,depenses publiques (nat*),3,False,1,,0.5549999999999999,0.5347549298690544,0.5360403984504705,0.5367102001851757,0.32314148681055155,0.004796163069544307,0.44999999999999996,0.24460431654676257,0.24700239808153468
Qwen3-4B-Instruct-2507,q4gab3,gauche,journaliste,nataid/y,depenses publiques (nat*),3,False,1,,0.6072,0.5713529895508054,0.5727264342372257,0.5781849340671349,0.20839328537170265,0.038369304556354886,0.56,0.7098321342925659,0.6894484412470023
Qwen3-4B-Instruct-2507,q4gab3,gauche,journaliste,natfare/y,depenses publiques (nat*),3,False,1,,0.5149999999999999,0.28507841209047136,0.28576369673491964,0.2848943866489543,0.6821342925659474,0.014388489208633146,0.525,0.09352517985611505,0.0887290167865707
Qwen3-4B-Instruct-2507,q4gab3,gauche,journaliste,natroad,depenses publiques (nat*),3,False,1,,0.5549999999999999,0.5531344708405938,0.5544641210108837,0.5364341620228997,0.40155875299760196,0.026378896882494,0.55,0.26378896882493996,0.250599520383693
Qwen3-4B-Instruct-2507,q4gab3,gauche,journaliste,natsoc,depenses publiques (nat*),3,False,1,,0.5549999999999999,0.4252597921662671,0.42628205128205143,0.4454220796025051,0.5550359712230216,0.02158273381294968,0.55,0.15587529976019174,0.1690647482014388
Qwen3-4B-Instruct-2507,q4gab3,gauche,journaliste,natmass,depenses publiques (nat*),3,False,1,,0.6072,0.5075306661145904,0.508750691754289,0.483929403239998,0.4171223021582734,0.03357314148681058,0.56,0.21942446043165464,0.197841726618705
Qwen3-4B-Instruct-2507,q4gab3,gauche,journaliste,natpark,depenses publiques (nat*),3,False,1,,0.5149999999999999,0.5074501549839265,0.5086699870872533,0.5071741168216506,0.20011990407673866,0.004796163069544328,0.525,0.34652278177458024,0.3429256594724221
Qwen3-4B-Instruct-2507,q4gab3,gauche,journaliste,natchld,depenses publiques (nat*),3,False,1,,0.5549999999999999,0.42917033279850936,0.43020199225235195,0.4148853579007298,0.559832134292566,0.01199040767386087,0.55,0.16187050359712227,0.15107913669064743
Qwen3-4B-Instruct-2507,q4gab3,gauche,journaliste,natsci,depenses publiques (nat*),3,False,1,,0.5149999999999999,0.5405057249164698,0.5418050175244421,0.5424494936424963,0.296043165467626,0.031175059952038342,0.525,0.2997601918465227,0.2841726618705035
Qwen3-4B-Instruct-2507,q4gab3,gauche,journaliste,natenrgy,depenses publiques (nat*),3,False,1,,0.5149999999999999,0.46457222711039803,0.46568898727172114,0.45307063701556727,0.5166666666666666,0.014388489208633108,0.525,0.1834532374100719,0.17386091127098313
Qwen3-4B-Instruct-2507,q4gab3,gauche,journaliste,uswary,hors famille,2,False,1,,0.09500000000000008,0.4960635807900442,0.49725604132078954,0.49364824687012987,0.40563549160671464,0.011990407673860948,,,
Qwen3-4B-Instruct-2507,q4gab3,gauche,journaliste,prayer,hors famille,2,False,1,,0.29520000000000013,0.2289966587880774,0.22954713152554876,0.21830017999988494,0.048105515587530026,0.0071942446043165575,0.18,0.13189448441247,0.1247002398081534
Qwen3-4B-Instruct-2507,q4gab3,gauche,journaliste,courts,hors famille,3,False,1,,0.5549999999999999,0.6589260965328456,0.660510053495665,0.6528187521924906,0.19712230215827337,0.026378896882494007,0.55,0.4844124700239808,0.4952038369304556
Qwen3-4B-Instruct-2507,q4gab3,gauche,journaliste,discaffw,hors famille,4,False,1,,0.725,0.6315293089269591,0.6330474082272644,0.6248123803115782,0.28896882494004794,0.01199040767386092,0.5166666666666666,0.3229416466826538,0.32374100719424453
Qwen3-4B-Instruct-2507,q4gab3,gauche,journaliste,discaffm,hors famille,4,False,1,,0.725,0.619728677489663,0.6212184098874748,0.630528670588709,0.34892086330935246,0.028776978417266154,0.4833333333333333,0.2669864108713029,0.2749800159872102
Qwen3-4B-Instruct-2507,q4gab3,gauche,journaliste,fehire,roles de genre (fe*),5,False,1,,0.735,0.7051509871239698,0.7068460616122487,0.7098896422430401,0.40167865707434053,0.028776978417266112,0.5625,0.303956834532374,0.3093525179856114
Qwen3-4B-Instruct-2507,q4gab3,gauche,journaliste,fechld,roles de genre (fe*),4,False,1,,0.6541999999999999,0.5827510653347825,0.5841519092418374,0.5771957973189794,0.12002398081534776,0.06474820143884899,0.31,0.21103117505995198,0.1966426858513188
Qwen3-4B-Instruct-2507,q4gab3,gauche,journaliste,fepresch,roles de genre (fe*),4,False,1,,0.5762,0.6095727734359275,0.6110380926028409,0.6034539275054777,0.17772182254196645,0.04076738609112715,0.37,0.27338129496402874,0.2901678657074339
Qwen3-4B-Instruct-2507,q4gab3,gauche,journaliste,fefam,roles de genre (fe*),4,False,1,,0.575,0.6144954539965152,0.6159726065301607,0.6304711626382349,0.27721822541966423,0.03357314148681059,0.35000000000000003,0.23021582733812943,0.24380495603517177
Qwen3-4B-Instruct-2507,q4gab3,gauche,journaliste,fepol,roles de genre (fe*),2,False,1,,0.21120000000000005,0.1577558097406967,0.15813503043718877,0.20739667258998562,0.03366906474820146,0.031175059952038398,0.12,0.0863309352517985,0.1175059952038369
Qwen3-4B-Instruct-2507,q4gab3,gauche,journaliste,mobile16,hors famille,3,False,1,,0.47919999999999985,0.6567868007752073,0.6583656152001478,0.657752934343173,0.26752997601918466,0.011990407673860864,,,
Qwen3-4B-Instruct-2507,q4gab3,gauche,journaliste,incom16,hors famille,5,False,1,,0.7642,0.6773861486350489,0.679014480723114,0.6826768800786709,0.1966187050359713,0.02637889688249405,,,
Qwen3-4B-Instruct-2507,q4gab3,gauche,journaliste,dwelown16,hors famille,3,False,1,,0.6392,0.43057352679007876,0.43160855930640113,0.44925210910408364,0.32023980815347725,0.01678657074340524,,,
Qwen3-4B-Instruct-2507,q4gab3,gauche,journaliste,divorced,hors famille,2,False,1,,0.29520000000000013,0.3544330003623002,0.3552850027670173,0.35700935654354216,0.05021582733812949,0.0023980815347721257,,,
Qwen3-4B-Instruct-2507,q4gab3,gauche,journaliste,posslq/y,hors famille,4,False,1,,0.6890000000000001,0.6648609170217783,0.6664591403800038,0.6564072483020779,0.3752278177458033,0.019184652278177464,,,
Qwen3-4B-Instruct-2507,q4gab3,gauche,journaliste,wrkstat,hors famille,8,True,1,"somme 110.0 hors de [95, 105]",,,,,,,,,
Qwen3-4B-Instruct-2507,q4gab3,gauche,journaliste,evwork,hors famille,2,False,1,,0.47119999999999995,0.14574814968169347,0.14609850581073602,0.1617123567333183,0.540863309352518,0.009592326139088746,,,
Qwen3-4B-Instruct-2507,q4gab3,gauche,journaliste,wrkgovt1,hors famille,2,False,1,,0.29520000000000013,0.266445836136846,0.2670863309352519,0.3011116286826654,0.021726618705036005,0.02637889688249398,,,
Qwen3-4B-Instruct-2507,q4gab3,gauche,journaliste,wrkgovt2,hors famille,2,False,1,,0.4351999999999999,0.3695460897469076,0.3704344216934146,0.3695460897469076,0.07539568345323737,0.0,,,
Qwen3-4B-Instruct-2507,q4gab3,gauche,journaliste,partfull,hors famille,3,False,1,,0.6182000000000001,0.6413976732283239,0.6429394945581997,0.6281248382588893,0.13215827338129496,0.03117505995203844,,,
Qwen3-4B-Instruct-2507,q4gab3,gauche,journaliste,wksub1,hors famille,3,False,1,,0.47919999999999985,0.6382232343621507,0.6397574248293675,0.6414666827688928,0.27410071942446046,0.016786570743405282,,,
Qwen3-4B-Instruct-2507,q4gab3,gauche,journaliste,wksup1,hors famille,3,False,1,,0.6392,0.6245248405592073,0.626026102195167,0.6403395269395994,0.20973621103117507,0.03597122302158269,,,
Qwen3-4B-Instruct-2507,q4gab3,gauche,journaliste,conarmy,confiance dans les institutions (con*),3,False,1,,0.615,0.6127932186624802,0.614266279284265,0.6213849064633186,0.30371702637889686,0.016786570743405282,0.35,0.6270983213429255,0.6211031175059952
Qwen3-4B-Instruct-2507,q4gab3,gauche,journaliste,conbus,confiance dans les institutions (con*),3,False,1,,0.615,0.581980458798429,0.5833794502859253,0.5539050773769474,0.09160671462829734,0.03836930455635501,0.35,0.34652278177458024,0.33453237410071934
Qwen3-4B-Instruct-2507,q4gab3,gauche,journaliste,conclerg,confiance dans les institutions (con*),3,False,1,,0.585,0.5201824152189041,0.5214328537170265,0.5075306661145904,0.3211031175059953,0.01438848920863308,0.42500000000000004,0.2314148681055155,0.2194244604316546
Qwen3-4B-Instruct-2507,q4gab3,gauche,journaliste,coneduc,confiance dans les institutions (con*),3,False,1,,0.585,0.518422671934395,0.5196688802803912,0.5549977284359562,0.23525179856115108,0.04316546762589924,0.575,0.36930455635491605,0.3764988009592326
Qwen3-4B-Instruct-2507,q4gab3,gauche,journaliste,confed,confiance dans les institutions (con*),3,False,1,,0.585,0.589916555963862,0.591334624608006,0.5908481847615433,0.17422062350119905,0.019184652278177505,0.675,0.5515587529976018,0.5671462829736211
Qwen3-4B-Instruct-2507,q4gab3,gauche,journaliste,confinan,confiance dans les institutions (con*),3,False,1,,0.585,0.5961274146150706,0.5975604132078953,0.586259050313706,0.015227817745803396,0.02398081534772184,0.42500000000000004,0.4304556354916067,0.408872901678657
Qwen3-4B-Instruct-2507,q4gab3,gauche,journaliste,conjudge,confiance dans les institutions (con*),3,False,1,,0.585,0.5352264950629425,0.5365130972145362,0.49493642496075085,0.2683453237410073,0.07434052757793763,0.42500000000000004,0.2458033573141486,0.20863309352517978
Qwen3-4B-Instruct-2507,q4gab3,gauche,journaliste,conlabor,confiance dans les institutions (con*),3,False,1,,0.585,0.5598053930955955,0.5611510791366907,0.5629108224211997,0.35887290167865704,0.004796163069544376,0.675,0.3669064748201439,0.3669064748201439
Qwen3-4B-Instruct-2507,q4gab3,gauche,journaliste,conlegis,confiance dans les institutions (con*),3,False,1,,0.615,0.5403447026551421,0.5416436081903708,0.5380903909965553,0.1068345323741007,0.014388489208633053,,,
Qwen3-4B-Instruct-2507,q4gab3,gauche,journaliste,conmedic,confiance dans les institutions (con*),3,False,1,,0.585,0.5148341758248078,0.5160717579782329,0.5250475878290173,0.44472422062350125,0.03117505995203836,0.575,0.22541966426858506,0.23860911270983207
Qwen3-4B-Instruct-2507,q4gab3,gauche,journaliste,conpress,confiance dans les institutions (con*),3,False,1,,0.615,0.5499600319744204,0.5512820512820513,0.5556648206614565,0.2067146282973621,0.014388489208633129,0.65,0.5479616306954437,0.5575539568345323
Qwen3-4B-Instruct-2507,q4gab3,gauche,journaliste,consci,confiance dans les institutions (con*),3,False,1,,0.585,0.38800614184911064,0.38893884892086333,0.3802425685351001,0.6005995203836931,0.007194244604316544,0.575,0.1402877697841726,0.13669064748201432
Qwen3-4B-Instruct-2507,q4gab3,gauche,journaliste,contv,confiance dans les institutions (con*),3,False,1,,0.585,0.5456124309185745,0.5469239992621288,0.5260137213969831,0.05647482014388489,0.01918465227817747,,,
Qwen3-4B-Instruct-2507,q4gab3,gauche,journaliste,joblose,hors famille,5,False,1,,0.7882,0.6475280207488686,0.6490845784910535,0.6898538722978452,0.46534772182254197,0.07913669064748197,,,
Qwen3-4B-Instruct-2507,q4gab3,gauche,journaliste,jobfind,hors famille,4,False,1,,0.6786,0.6994922047973132,0.7011736764434607,0.7035522661007885,0.3463069544364509,0.062350119904076726,,,
Qwen3-4B-Instruct-2507,q4gab3,gauche,journaliste,happy,hors famille,3,False,1,,0.5902,0.5672814266572354,0.5686450839328537,0.568661617468615,0.12652278177458037,0.019184652278177478,,,
Qwen3-4B-Instruct-2507,q4gab3,gauche,journaliste,hapmar,hors famille,4,False,1,,0.6045999999999999,0.5296597254570445,0.5309329459509318,0.5666373376119249,0.5550839328537172,0.04076738609112707,,,
Qwen3-4B-Instruct-2507,q4gab3,gauche,journaliste,satjob,hors famille,5,False,1,,0.7474000000000001,0.7208851623736983,0.7226180593986351,0.7313056029996148,0.32793764988009594,0.023980815347721795,,,
Qwen3-4B-Instruct-2507,q4gab3,gauche,journaliste,spdeg*,hors famille,6,False,1,,0.7949999999999999,0.6193491250165336,0.6208379450285927,0.6192686138858698,0.47793764988009607,0.019184652278177425,,,
Qwen3-4B-Instruct-2507,q4gab3,gauche,journaliste,spjew,hors famille,5,False,1,,0.7702,0.3590451379903271,0.35990822726434235,0.3552151084887486,0.7020383693045564,0.011990407673860878,,,
Qwen3-4B-Instruct-2507,q4gab3,gauche,journaliste,spfund,hors famille,4,False,1,,0.685,0.40653520349188277,0.40751245157719984,0.40483296815784775,0.648201438848921,0.009592326139088697,,,
Qwen3-4B-Instruct-2507,q4gab3,gauche,journaliste,unemp,hors famille,2,False,1,,0.21120000000000005,0.4968686920966824,0.4980630879911456,0.4999281150619074,0.340431654676259,0.03357314148681054,,,
Qwen3-4B-Instruct-2507,q4gab3,gauche,journaliste,union1,hors famille,4,False,1,,0.7202000000000001,0.1864292738471095,0.1868774211400112,0.21067462576701224,0.5992805755395684,0.014388489208633056,,,
Qwen3-4B-Instruct-2507,q4gab3,gauche,journaliste,spkath/y,libertes civiles (spk/col/lib),2,False,1,,0.34319999999999995,0.2254541690388696,0.2259961261759823,0.2254541690388696,0.09050359712230217,0.0,0.22,0.1294964028776978,0.1294964028776978
Qwen3-4B-Instruct-2507,q4gab3,gauche,journaliste,colath,libertes civiles (spk/col/lib),2,False,1,,0.4872000000000001,0.28882793046138633,0.2895222283711493,0.2980752088976302,0.2449400479616307,0.007194244604316502,0.42,0.1750599520383693,0.1822541966426858
Qwen3-4B-Instruct-2507,q4gab3,gauche,journaliste,spkrac/y,libertes civiles (spk/col/lib),2,False,1,,0.17999999999999994,0.4729453846994347,0.4740822726434238,0.4863102323896278,0.28369304556354913,0.03357314148681059,,,
Qwen3-4B-Instruct-2507,q4gab3,gauche,journaliste,colrac,libertes civiles (spk/col/lib),2,False,1,,0.17999999999999994,0.33299403642553593,0.3337945028592512,0.3274042636394483,0.11103117505995204,0.0047961630695443624,,,
Qwen3-4B-Instruct-2507,q4gab3,gauche,journaliste,librac/y,libertes civiles (spk/col/lib),2,False,1,,0.17999999999999994,0.48858754722840436,0.4897620365246265,0.4878514454623353,0.3244604316546763,0.002398081534772223,,,
Qwen3-4B-Instruct-2507,q4gab3,gauche,journaliste,spkcom/y,libertes civiles (spk/col/lib),2,False,1,,0.4351999999999999,0.3620930593654572,0.3629634753735473,0.3245748724761197,0.08258992805755397,0.03357314148681054,0.32,0.237410071942446,0.2038369304556355
Qwen3-4B-Instruct-2507,q4gab3,gauche,journaliste,colcom/y,libertes civiles (spk/col/lib),2,False,1,,0.21120000000000005,0.3620930593654572,0.3629634753735473,0.3274042636394483,0.11741007194244601,0.031175059952038342,0.12,0.237410071942446,0.2062350119904076
Qwen3-4B-Instruct-2507,q4gab3,gauche,journaliste,libcom/y,libertes civiles (spk/col/lib),2,False,1,,0.21120000000000005,0.30412504528751083,0.30485611510791355,0.2793736234034354,0.06705035971223018,0.019184652278177464,0.12,0.1870503597122302,0.1678657074340527
Qwen3-4B-Instruct-2507,q4gab3,gauche,journaliste,spkhomo/y,libertes civiles (spk/col/lib),2,False,1,,0.1472,0.04681147168596045,0.046923999262128625,0.09994881792407795,0.05601918465227819,0.028776978417266216,0.08,0.0239808153477218,0.052757793764988
Qwen3-4B-Instruct-2507,q4gab3,gauche,journaliste,colhomo,libertes civiles (spk/col/lib),2,False,1,,0.4351999999999999,0.05589772786087677,0.05603209739900388,0.10848299777444237,0.29122302158273383,0.02877697841726616,0.32,0.0287769784172661,0.0575539568345323
Qwen3-4B-Instruct-2507,q4gab3,gauche,journaliste,libhomo/y,libertes civiles (spk/col/lib),2,False,1,,0.21120000000000005,0.08260442006107338,0.0828029883785279,0.1127155829293397,0.07683453237410078,0.016786570743405237,0.12,0.0431654676258992,0.0599520383693045
Qwen3-4B-Instruct-2507,q4gab3,gauche,journaliste,cappun,hors famille,2,False,1,,0.17999999999999994,0.4855051210829897,0.4866722007009777,0.4893006458142839,0.3148681055155875,0.01199040767386092,0.1,0.4148681055155875,0.4268585131894484
Qwen3-4B-Instruct-2507,q4gab3,gauche,journaliste,polhitok/y,hors famille,2,False,1,,0.05820000000000003,0.4772239762147117,0.4783711492344586,0.4855051210829897,0.5767146282973621,0.021582733812949617,0.03,0.6067146282973621,0.5851318944844125
Qwen3-4B-Instruct-2507,q4gab3,gauche,journaliste,polabuse/y,hors famille,2,False,1,,0.17999999999999994,0.07379420204843301,0.07397159195720329,0.02836292117385253,0.06163069544364515,0.02398081534772173,0.1,0.0383693045563549,0.014388489208633
Qwen3-4B-Instruct-2507,q4gab3,gauche,journaliste,polattak/y,hors famille,2,False,1,,0.21120000000000005,0.45065530309565305,0.45173860911270997,0.4361632995761664,0.537074340527578,0.02158273381294959,0.12,0.657074340527578,0.6786570743405276
Qwen3-4B-Instruct-2507,q4gab3,gauche,journaliste,grass,hors famille,2,False,1,,0.29520000000000013,0.23948610895456302,0.24006179671647304,0.2360126287459241,0.04091127098321347,0.0023980815347721396,0.18,0.1390887290167865,0.1366906474820144
Qwen3-4B-Instruct-2507,q4gab3,gauche,journaliste,gunlaw,hors famille,2,False,1,,0.2550000000000001,0.2793736234034354,0.2800451946135398,0.27617618135707267,0.6821342925659473,0.002398081534772195,0.85,0.1678657074340527,0.1654676258992805
Qwen3-4B-Instruct-2507,q4gab3,gauche,journaliste,owngun,hors famille,2,False,1,,0.09500000000000008,0.31302727602090996,0.3137797454344218,0.33299403642553593,0.1442446043165467,0.016786570743405296,,,
Qwen3-4B-Instruct-2507,q4gab3,gauche,journaliste,hunt1,hors famille,4,False,1,,0.7202000000000001,0.09701591244989627,0.09724912377790083,0.1369494332591482,0.6496402877697842,0.021582733812949714,,,
Qwen3-4B-Instruct-2507,q4gab3,gauche,journaliste,class,hors famille,4,False,1,,0.6821999999999999,0.6532098062557149,0.6547800221361374,0.6465733887709977,0.18033573141486814,0.04316546762589932,,,
Qwen3-4B-Instruct-2507,q4gab3,gauche,journaliste,satfin,hors famille,3,False,1,,0.6242000000000001,0.6555446290449656,0.6571204574801699,0.6279753175876566,0.14654676258992805,0.07434052757793773,,,
Qwen3-4B-Instruct-2507,q4gab3,gauche,journaliste,finalter,hors famille,3,False,1,,0.6422,0.6607318461777342,0.6623201438848922,0.6660110760312614,0.06496402877697847,0.0455635491606714,,,
Qwen3-4B-Instruct-2507,q4gab3,gauche,journaliste,finrela,hors famille,5,False,1,,0.775,0.7240596012398715,0.7258001291274674,0.7231969819827591,0.25575539568345323,0.047961630695443735,,,
Qwen3-4B-Instruct-2507,q4gab3,gauche,journaliste,racdif1,hors famille,2,False,1,,0.47119999999999995,0.30711545871216706,0.30785371702637904,0.3357544180482952,0.4305515587529976,0.02398081534772184,0.62,0.1894484412470023,0.2134292565947242
Qwen3-4B-Instruct-2507,q4gab3,gauche,journaliste,racdif2,hors famille,2,False,1,,0.05820000000000003,0.10848299777444237,0.10874377421140018,0.10848299777444237,0.027553956834532312,0.0,0.03,0.0575539568345323,0.0575539568345323
Qwen3-4B-Instruct-2507,q4gab3,gauche,journaliste,racdif3,hors famille,2,False,1,,0.21120000000000005,0.4037058123285544,0.4046762589928058,0.4078693879428832,0.5994244604316548,0.0047961630695443624,0.88,0.2805755395683453,0.2853717026378897
Qwen3-4B-Instruct-2507,q4gab3,gauche,journaliste,racdif4,hors famille,2,False,1,,0.17999999999999994,0.21105417824014183,0.2115615200147576,0.23948610895456302,0.019904076738609132,0.01918465227817743,0.1,0.1199040767386091,0.1390887290167865
Qwen3-4B-Instruct-2507,q4gab3,gauche,journaliste,wlthwhts,hors famille,7,False,1,,0.7992,0.6520021392957578,0.6535694521306035,0.6672532477615031,0.3033573141486812,0.04796163069544367,,,
Qwen3-4B-Instruct-2507,q4gab3,gauche,journaliste,wlthblks,hors famille,7,False,1,,0.7992,0.6299420894938725,0.6314563733628482,0.6623535703811052,0.5002398081534772,0.043165467625899304,,,
Qwen3-4B-Instruct-2507,q4gab3,gauche,journaliste,wlthhsps,hors famille,7,False,1,,0.79,0.6861733634674995,0.6878228186681425,0.6943624956150187,0.43992805755395686,0.019184652278177443,,,
Qwen3-4B-Instruct-2507,q4gab3,gauche,journaliste,racwork,hors famille,7,False,1,,0.8252,0.7390461731334357,0.7408227264342373,0.7292008120122607,0.3621342925659473,0.043165467625899276,,,
Qwen3-4B-Instruct-2507,q4gab3,gauche,journaliste,letin1a,hors famille,5,False,1,,0.765,0.7275330814485104,0.7292819590481463,0.695581664165071,0.18177458033573138,0.05035971223021584,0.5625,0.4496402877697841,0.4514388489208633
Qwen3-4B-Instruct-2507,q4gab3,gauche,journaliste,getahead,hors famille,3,False,1,,0.6112,0.5411958203221595,0.5424967718133186,0.5282220266951907,0.08968824940047965,0.019184652278177478,0.54,0.5875299760191847,0.5779376498800959
Qwen3-4B-Instruct-2507,q4gab3,gauche,journaliste,aged,hors famille,3,False,1,,0.635,0.5104865747689618,0.5117137059583102,0.5007332263685456,0.16630695443645088,0.011990407673860875,,,
Qwen3-4B-Instruct-2507,q4gab3,gauche,journaliste,parsol,hors famille,5,False,1,,0.7522,0.7794397575464809,0.7813134108098139,0.7865937465854655,0.1359952038369304,0.028776978417266237,,,
Qwen3-4B-Instruct-2507,q4gab3,gauche,journaliste,kidssol,hors famille,6,False,1,,0.7949999999999999,0.7641771474906407,0.7660141117874932,0.7765068520722991,0.31558752997601924,0.03357314148681051,,,
Qwen3-4B-Instruct-2507,q4gab3,gauche,journaliste,spanking,hors famille,4,False,1,,0.6849999999999999,0.687024481134517,0.6886759822910904,0.6873350240670772,0.21486810551558755,0.02398081534772186,0.41666666666666674,0.31654676258992803,0.3229416466826539
Qwen3-4B-Instruct-2507,q4gab3,gauche,journaliste,divlaw,hors famille,3,False,1,,0.6592,0.5584597070545003,0.5598021582733814,0.5709159291272019,0.33525179856115106,0.026378896882493987,0.56,0.29856115107913667,0.302158273381295
Qwen3-4B-Instruct-2507,q4gab3,gauche,journaliste,sexeduc,hors famille,2,False,1,,0.22619999999999996,0.08697502429710946,0.08718409887474675,0.09994881792407795,0.08443645083932849,0.007194244604316495,0.13,0.0455635491606714,0.052757793764988
Qwen3-4B-Instruct-2507,q4gab3,gauche,journaliste,pillok,hors famille,4,False,1,,0.725,0.6006245363421493,0.6020683453237411,0.6117695771440402,0.3703836930455636,0.026378896882494018,0.5166666666666666,0.21662669864108702,0.2278177458033572
Qwen3-4B-Instruct-2507,q4gab3,gauche,journaliste,xmarsex,hors famille,4,False,1,,0.705,0.6828954102904727,0.6845369857959788,0.6762819959859452,0.34784172661870505,0.050359712230215806,0.4000000000000001,0.6666666666666666,0.6562749800159873
Qwen3-4B-Instruct-2507,q4gab3,gauche,journaliste,homosex,hors famille,4,False,1,,0.705,0.369166537273778,0.37005395683453235,0.36580807296608764,0.5317745803357314,0.007194244604316585,0.4000000000000001,0.12310151878497194,0.12390087929656268
Qwen3-4B-Instruct-2507,q4gab3,gauche,journaliste,marhomo,hors famille,5,False,1,,0.2664000000000001,0.386625951037731,0.38755534034311023,0.3717888998153994,0.0802158273381294,0.023980815347721875,0.0575,0.10191846522781763,0.09892086330935236
Qwen3-4B-Instruct-2507,q4gab3,gauche,journaliste,discaff,hors famille,3,False,1,,0.5912,0.4492866138743682,0.4503666297731047,0.44297224091230614,0.19304556354916075,0.007194244604316502,0.31,0.1762589928057553,0.17266187050359705
Qwen3-4B-Instruct-2507,q4gab3,gauche,journaliste,abdefect,avortement (ab*),2,False,1,,0.34319999999999995,0.1127155829293397,0.11298653384984293,0.09994881792407795,0.16004796163069554,0.0071942446043164465,0.22,0.0599520383693045,0.052757793764988
Qwen3-4B-Instruct-2507,q4gab3,gauche,journaliste,abnomore,avortement (ab*),2,False,1,,0.34319999999999995,0.22188867610947205,0.22242206235011985,0.2289966587880774,0.09290167865707437,0.004796163069544376,0.22,0.1270983213429256,0.13189448441247
Qwen3-4B-Instruct-2507,q4gab3,gauche,journaliste,abhlth,avortement (ab*),2,False,1,,0.22619999999999996,0.06935458827182872,0.06952130603209755,0.06489197131503444,0.09402877697841723,0.0023980815347722367,0.13,0.0359712230215827,0.0335731414868105
Qwen3-4B-Instruct-2507,q4gab3,gauche,journaliste,abpoor,avortement (ab*),2,False,1,,0.34319999999999995,0.18876409663635996,0.18921785648404355,0.20739667258998562,0.11448441247002397,0.01199040767386092,0.22,0.105515587529976,0.1175059952038369
Qwen3-4B-Instruct-2507,q4gab3,gauche,journaliste,abrape,avortement (ab*),2,False,1,,0.22619999999999996,0.06489197131503444,0.06504796163069558,0.07379420204843301,0.09642685851318947,0.00479616306954431,0.13,0.0335731414868105,0.0383693045563549
Qwen3-4B-Instruct-2507,q4gab3,gauche,journaliste,absingle,avortement (ab*),2,False,1,,0.34319999999999995,0.22188867610947205,0.22242206235011985,0.2254541690388696,0.09290167865707437,0.002398081534772195,0.22,0.1270983213429256,0.1294964028776978
Qwen3-4B-Instruct-2507,q4gab3,gauche,journaliste,abany,avortement (ab*),2,False,1,,0.1472,0.23948610895456302,0.24006179671647304,0.27295573613051993,0.05908872901678657,0.02398081534772184,0.08,0.1390887290167865,0.1630695443645084
Qwen3-4B-Instruct-2507,q4gab3,gauche,journaliste,letdie1,fin de vie (suicide/letdie),2,False,1,,0.4872000000000001,0.23948610895456302,0.24006179671647304,0.24976853049934156,0.28091127098321345,0.007194244604316544,0.42,0.1390887290167865,0.1462829736211031
Qwen3-4B-Instruct-2507,q4gab3,gauche,journaliste,suicide1,fin de vie (suicide/letdie),2,False,1,,0.4351999999999999,0.24976853049934156,0.25036893562073426,0.23948610895456302,0.17371702637889688,0.007194244604316544,0.32,0.1462829736211031,0.1390887290167865
Qwen3-4B-Instruct-2507,q4gab3,gauche,journaliste,suicide2,fin de vie (suicide/letdie),2,False,1,,0.21120000000000005,0.455071913692068,0.45616583656152015,0.4217173024170592,0.23011990407673863,0.04796163069544365,0.88,0.6498800959232613,0.697841726618705
Qwen3-4B-Instruct-2507,q4gab3,gauche,journaliste,suicide3,fin de vie (suicide/letdie),2,False,1,,0.21120000000000005,0.44120099603770213,0.4422615753551005,0.3972879250556389,0.20853717026378896,0.05515587529976018,0.88,0.6714628297362111,0.7266187050359713
Qwen3-4B-Instruct-2507,q4gab3,gauche,journaliste,suicide4,fin de vie (suicide/letdie),2,False,1,,0.4872000000000001,0.4999741214222867,0.5011759822910903,0.494177320014492,0.08359712230215827,0.05035971223021582,0.42,0.5035971223021583,0.5539568345323741
Qwen3-4B-Instruct-2507,q4gab3,gauche,journaliste,pornlaw,hors famille,3,False,1,,0.5912,0.3960687565055869,0.39702084486257155,0.336237484832278,0.3920863309352518,0.04316546762589932,0.31,0.5131894484412469,0.5347721822541966
Qwen3-4B-Instruct-2507,q4gab3,gauche,journaliste,fair,hors famille,3,False,1,,0.585,0.6478500652715239,0.6494073971591959,0.6429618894812208,0.2550359712230216,0.014388489208633101,,,
Qwen3-4B-Instruct-2507,q4gab3,gauche,journaliste,helpful,hors famille,3,False,1,,0.6472,0.6572008580186212,0.6587806677734737,0.6533133205665684,0.19247002398081536,0.023980815347721895,,,
Qwen3-4B-Instruct-2507,q4gab3,gauche,journaliste,trust,hors famille,3,False,1,,0.655,0.6352558241176844,0.6367828813871982,0.624950399392716,0.20083932853717024,0.05035971223021583,,,
Qwen3-4B-Instruct-2507,q4gab3,gauche,journaliste,tax,hors famille,3,False,1,,0.5549999999999999,0.5310514178585188,0.5323279837668327,0.5330296913548298,0.31282973621103116,0.021582733812949676,0.44999999999999996,0.7146282973621103,0.7014388489208633
Qwen3-4B-Instruct-2507,q4gab3,gauche,journaliste,vote16,hors famille,3,False,1,,0.47019999999999984,0.45655561881430096,0.45765310828260464,0.4616738264065007,0.09412470023980818,0.02637889688249402,,,
Qwen3-4B-Instruct-2507,q4gab3,gauche,journaliste,pres16,hors famille,4,False,1,,0.23260000000000003,0.5299472652094153,0.5312211769046302,0.5420009316287977,0.5822302158273382,0.019184652278177425,,,
Qwen3-4B-Instruct-2507,q4gab3,gauche,journaliste,if16who,hors famille,3,False,1,,0.15039999999999987,0.2952458177343018,0.2959555432577016,0.3062873442253392,0.0902637889688249,0.007194244604316551,,,
Qwen3-4B-Instruct-2507,q4gab3,gauche,journaliste,news,hors famille,5,False,1,,0.775,0.763464048904761,0.7652992990223206,0.7726193146202464,0.2646282973621103,0.028776978417266244,,,
Qwen3-4B-Instruct-2507,q4gab3,gauche,journaliste,jew,hors famille,5,False,1,,0.7522,0.35444450195239496,0.3552965320051652,0.35147709170792873,0.6889688249400481,0.021582733812949624,,,
Qwen3-4B-Instruct-2507,q4gab3,gauche,journaliste,relig16*,hors famille,5,False,1,,0.7522,0.760289610038588,0.7621172292934885,0.7588864160470186,0.15585131894484403,0.033573141486810475,,,
Qwen3-4B-Instruct-2507,q4gab3,gauche,journaliste,jew16*,hors famille,5,False,1,,0.715,0.33779019949508016,0.33860219516694334,0.3568138295119301,0.7732613908872901,0.023980815347721826,,,
Qwen3-4B-Instruct-2507,q4gab3,gauche,journaliste,attend,hors famille,9,True,1,"somme 93.0 hors de [95, 105]",,,,,,,,,
Qwen3-4B-Instruct-2507,q4gab3,gauche,journaliste,pray,hors famille,6,False,1,,0.8142,0.7287752531787521,0.7305271167681242,0.7429682153557731,0.2738609112709831,0.045563549160671374,,,
Qwen3-4B-Instruct-2507,q4gab3,gauche,journaliste,postlife,hors famille,2,False,1,,0.4949999999999999,0.48858754722840436,0.4897620365246265,0.48382588892914447,0.12553956834532373,0.014388489208633143,,,
Qwen3-4B-Instruct-2507,q4gab3,gauche,journaliste,bible,hors famille,3,False,1,,0.48319999999999985,0.565073121359028,0.5664314702084488,0.5598283962757853,0.3443645083932854,0.009592326139088683,,,
Qwen3-4B-Instruct-2507,q4gab3,gauche,journaliste,reborn,hors famille,3,False,1,,0.48319999999999985,0.6251229232441387,0.6266256225788602,0.6266756379069407,0.29390887290167866,0.004796163069544404,,,
Qwen3-4B-Instruct-2507,q4gab3,gauche,journaliste,savesoul,hors famille,2,False,1,,0.21120000000000005,0.3188470806088941,0.3196135399372809,0.3620930593654572,0.07904076738609112,0.0383693045563549,,,
Qwen3-4B-Instruct-2507,q4gab3,gauche,journaliste,granborn,hors famille,5,False,1,,0.7278,0.6455037408921784,0.6470554325770155,0.6269286728890269,0.3173860911270983,0.028776978417266286,,,
Qwen3-4B-Instruct-2507,q4gab3,gauche,journaliste,uscitzn*,hors famille,2,False,1,,0.1472,0.014284974897779357,0.014319313779745173,0.01900062683666026,0.07280575539568354,0.002398081534772295,,,
Qwen3-4B-Instruct-2507,q4gab3,gauche,journaliste,fucitzn,hors famille,5,True,1,"somme 110.0 hors de [95, 105]",,,,,,,,,
Qwen3-4B-Instruct-2507,q4gab3,gauche,journaliste,mnthsusa,hors famille,6,False,1,,0.8242,0.03300956357216367,0.033088913484596756,0.05612775966277339,0.8332134292565947,0.011990407673860979,,,
Qwen3-4B-Instruct-2507,q4gab3,gauche,journaliste,income,hors famille,12,False,1,,0.8948481353325644,0.7070142447193325,0.7087137981922156,0.691084542437992,0.35590351248413055,0.06235011990407677,,,
Qwen3-4B-Instruct-2507,q4gab3,gauche,journaliste,othlang,hors famille,2,False,1,,0.47119999999999995,0.35956270954459457,0.36042704298099987,0.35956270954459457,0.1449880095923262,0.0,,,
Qwen3-4B-Instruct-2507,q4gab3,gauche,journaliste,health,hors famille,4,False,1,,0.725,0.6005785299817701,0.6020222283711494,0.6090552018816602,0.20875299760191854,0.047961630695443555,,,
Qwen3-4B-Instruct-2507,q4gab3,gauche,journaliste,compuse*,hors famille,2,False,1,,0.039200000000000124,0.0376332027902857,0.03772366722007005,0.04681147168596045,0.0008153477218225836,0.004796163069544366,,,
Qwen3-4B-Instruct-2507,q4gab3,gauche,journaliste,webmob,hors famille,2,False,1,,0.1472,0.02369327559535117,0.023750230584763075,0.0376332027902857,0.06800959232613905,0.007194244604316502,,,
Qwen3-4B-Instruct-2507,q4gab3,gauche,journaliste,xmovie,hors famille,2,False,1,,0.21120000000000005,0.4919230083559052,0.49310551558753,0.494177320014492,0.3164508393285371,0.009592326139088753,,,
Qwen3-4B-Instruct-2507,q4gab3,gauche,journaliste,usewww*,hors famille,2,False,1,,0.1472,0.02836292117385253,0.02843110127282814,0.01900062683666026,0.06561151079136687,0.004796163069544373,,,
Qwen3-4B-Instruct-2507,q4gab3,gauche,journaliste,life,hors famille,3,False,1,,0.5902,0.5237134033780171,0.5249723298284451,0.5274629217489317,0.08846522781774571,0.021582733812949603,,,
Qwen3-4B-Instruct-2507,q4gab3,gauche,journaliste,richwork,hors famille,2,False,1,,0.47119999999999995,0.4619728677489663,0.463083379450286,0.4863102323896278,0.017889688249400515,0.05515587529976021,,,
Qwen3-4B-Instruct-2507,q4gab3,gauche,adversaire,natspac/y,depenses publiques (nat*),3,False,1,,0.585,0.6044085594833486,0.6058614646744144,0.607099931565539,0.10899280575539573,0.035971223021582774,0.42500000000000004,0.5263788968824941,0.4916067146282973
Qwen3-4B-Instruct-2507,q4gab3,gauche,adversaire,natenvir/y,depenses publiques (nat*),3,False,1,,0.5149999999999999,0.25063114975645384,0.25123362848182995,0.2632368925003883,0.706115107913669,0.014388489208633098,0.525,0.080335731414868,0.08273381294964025
Qwen3-4B-Instruct-2507,q4gab3,gauche,adversaire,natheal/y,depenses publiques (nat*),3,False,1,,0.5549999999999999,0.29687904352776784,0.29759269507470965,0.3342362081557775,0.6773381294964028,0.03357314148681051,0.55,0.10791366906474811,0.1199040767386091
Qwen3-4B-Instruct-2507,q4gab3,gauche,adversaire,natcity/y,depenses publiques (nat*),3,False,1,,0.5549999999999999,0.5771497909586001,0.578537170263789,0.5785299817699796,0.152158273381295,0.0239808153477218,0.55,0.41846522781774576,0.4004796163069544
Qwen3-4B-Instruct-2507,q4gab3,gauche,adversaire,natdrug/y,depenses publiques (nat*),3,False,1,,0.5549999999999999,0.46583740202082935,0.46695720346799485,0.43844061441494286,0.521462829736211,0.02398081534772179,0.55,0.18585131894484405,0.1642685851318944
Qwen3-4B-Instruct-2507,q4gab3,gauche,adversaire,nateduc/y,depenses publiques (nat*),3,False,1,,0.5549999999999999,0.32864643536968974,0.32943645083932843,0.2941416650851981,0.650959232613909,0.023980815347721802,0.55,0.11390887290167856,0.0959232613908872
Qwen3-4B-Instruct-2507,q4gab3,gauche,adversaire,natrace/y,depenses publiques (nat*),3,False,1,,0.585,0.5171920017942481,0.5184352517985612,0.5371702637889688,0.3067146282973622,0.0647482014388489,0.42500000000000004,0.22661870503597115,0.2517985611510791
Qwen3-4B-Instruct-2507,q4gab3,gauche,adversaire,natarms/y,depenses publiques (nat*),3,False,1,,0.5549999999999999,0.5347549298690544,0.5360403984504705,0.5367102001851757,0.32314148681055155,0.004796163069544307,0.44999999999999996,0.24460431654676257,0.24700239808153468
Qwen3-4B-Instruct-2507,q4gab3,gauche,adversaire,nataid/y,depenses publiques (nat*),3,False,1,,0.5902,0.5713529895508054,0.5727264342372257,0.5781849340671349,0.33839328537170266,0.038369304556354886,0.44500000000000006,0.7098321342925659,0.6894484412470023
Qwen3-4B-Instruct-2507,q4gab3,gauche,adversaire,natfare/y,depenses publiques (nat*),3,False,1,,0.5549999999999999,0.28507841209047136,0.28576369673491964,0.2848943866489543,0.6821342925659473,0.014388489208633146,0.55,0.09352517985611505,0.0887290167865707
Qwen3-4B-Instruct-2507,q4gab3,gauche,adversaire,natroad,depenses publiques (nat*),3,False,1,,0.5549999999999999,0.5531344708405938,0.5544641210108837,0.5364341620228997,0.40155875299760196,0.026378896882494,0.55,0.26378896882493996,0.250599520383693
Qwen3-4B-Instruct-2507,q4gab3,gauche,adversaire,natsoc,depenses publiques (nat*),3,False,1,,0.5549999999999999,0.4252597921662671,0.42628205128205143,0.4454220796025051,0.5550359712230216,0.02158273381294968,0.55,0.15587529976019174,0.1690647482014388
Qwen3-4B-Instruct-2507,q4gab3,gauche,adversaire,natmass,depenses publiques (nat*),3,False,1,,0.5549999999999999,0.5075306661145904,0.508750691754289,0.483929403239998,0.4471223021582733,0.03357314148681058,0.55,0.21942446043165464,0.197841726618705
Qwen3-4B-Instruct-2507,q4gab3,gauche,adversaire,natpark,depenses publiques (nat*),3,False,1,,0.5549999999999999,0.5074501549839265,0.5086699870872533,0.5071741168216506,0.20683453237410077,0.004796163069544328,0.55,0.34652278177458024,0.3429256594724221
Qwen3-4B-Instruct-2507,q4gab3,gauche,adversaire,natchld,depenses publiques (nat*),3,False,1,,0.5549999999999999,0.42917033279850936,0.43020199225235195,0.4148853579007298,0.559832134292566,0.01199040767386087,0.55,0.16187050359712227,0.15107913669064743
Qwen3-4B-Instruct-2507,q4gab3,gauche,adversaire,natsci,depenses publiques (nat*),3,False,1,,0.5149999999999999,0.5405057249164698,0.5418050175244421,0.5424494936424963,0.296043165467626,0.031175059952038342,0.525,0.2997601918465227,0.2841726618705035
Qwen3-4B-Instruct-2507,q4gab3,gauche,adversaire,natenrgy,depenses publiques (nat*),3,False,1,,0.54,0.46457222711039803,0.46568898727172114,0.45307063701556727,0.3666666666666667,0.014388489208633108,0.4,0.1834532374100719,0.17386091127098313
Qwen3-4B-Instruct-2507,q4gab3,gauche,adversaire,uswary,hors famille,2,False,1,,0.17999999999999994,0.4960635807900442,0.49725604132078954,0.49364824687012987,0.35563549160671465,0.011990407673860948,,,
Qwen3-4B-Instruct-2507,q4gab3,gauche,adversaire,prayer,hors famille,2,False,1,,0.2550000000000001,0.2289966587880774,0.22954713152554876,0.21830017999988494,0.018105515587530013,0.0071942446043165575,0.15,0.13189448441247,0.1247002398081534
Qwen3-4B-Instruct-2507,q4gab3,gauche,adversaire,courts,hors famille,3,False,1,,0.585,0.6589260965328456,0.660510053495665,0.6528187521924906,0.16414868105515587,0.026378896882494007,0.575,0.4844124700239808,0.4952038369304556
Qwen3-4B-Instruct-2507,q4gab3,gauche,adversaire,discaffw,hors famille,4,False,1,,0.725,0.6315293089269591,0.6330474082272644,0.6248123803115782,0.28896882494004794,0.01199040767386092,0.5166666666666666,0.3229416466826538,0.32374100719424453
Qwen3-4B-Instruct-2507,q4gab3,gauche,adversaire,discaffm,hors famille,4,False,1,,0.725,0.619728677489663,0.6212184098874748,0.630528670588709,0.34892086330935246,0.028776978417266154,0.4833333333333333,0.2669864108713029,0.2749800159872102
Qwen3-4B-Instruct-2507,q4gab3,gauche,adversaire,fehire,roles de genre (fe*),5,False,1,,0.76,0.7051509871239698,0.7068460616122487,0.7098896422430401,0.3016786570743405,0.028776978417266112,0.5,0.303956834532374,0.3093525179856114
Qwen3-4B-Instruct-2507,q4gab3,gauche,adversaire,fechld,roles de genre (fe*),4,False,1,,0.675,0.5827510653347825,0.5841519092418374,0.5771957973189794,0.17002398081534775,0.06474820143884899,0.35,0.21103117505995198,0.1966426858513188
Qwen3-4B-Instruct-2507,q4gab3,gauche,adversaire,fepresch,roles de genre (fe*),4,False,1,,0.655,0.6095727734359275,0.6110380926028409,0.6034539275054777,0.19892086330935255,0.04076738609112715,0.4333333333333334,0.27338129496402874,0.2901678657074339
Qwen3-4B-Instruct-2507,q4gab3,gauche,adversaire,fefam,roles de genre (fe*),4,False,1,,0.615,0.6144954539965152,0.6159726065301607,0.6304711626382349,0.3772182254196643,0.03357314148681059,0.45000000000000007,0.23021582733812943,0.24380495603517177
Qwen3-4B-Instruct-2507,q4gab3,gauche,adversaire,fepol,roles de genre (fe*),2,False,1,,0.2550000000000001,0.1577558097406967,0.15813503043718877,0.20739667258998562,0.06366906474820147,0.031175059952038398,0.15,0.0863309352517985,0.1175059952038369
Qwen3-4B-Instruct-2507,q4gab3,gauche,adversaire,mobile16,hors famille,3,False,1,,0.5512,0.6567868007752073,0.6583656152001478,0.657752934343173,0.20935251798561155,0.011990407673860864,,,
Qwen3-4B-Instruct-2507,q4gab3,gauche,adversaire,incom16,hors famille,5,False,1,,0.765,0.6773861486350489,0.679014480723114,0.6826768800786709,0.2766187050359713,0.02637889688249405,,,
Qwen3-4B-Instruct-2507,q4gab3,gauche,adversaire,dwelown16,hors famille,3,False,1,,0.645,0.43057352679007876,0.43160855930640113,0.44925210910408364,0.40023980815347726,0.01678657074340524,,,
Qwen3-4B-Instruct-2507,q4gab3,gauche,adversaire,divorced,hors famille,2,False,1,,0.29520000000000013,0.3544330003623002,0.3552850027670173,0.35700935654354216,0.05021582733812949,0.0023980815347721257,,,
Qwen3-4B-Instruct-2507,q4gab3,gauche,adversaire,posslq/y,hors famille,4,False,1,,0.7149999999999999,0.6648609170217783,0.6664591403800038,0.6564072483020779,0.36258992805755397,0.019184652278177464,,,
Qwen3-4B-Instruct-2507,q4gab3,gauche,adversaire,wrkstat,hors famille,8,True,1,"somme 110.0 hors de [95, 105]",,,,,,,,,
Qwen3-4B-Instruct-2507,q4gab3,gauche,adversaire,evwork,hors famille,2,False,1,,0.2550000000000001,0.14574814968169347,0.14609850581073602,0.1617123567333183,0.07086330935251803,0.009592326139088746,,,
Qwen3-4B-Instruct-2507,q4gab3,gauche,adversaire,wrkgovt1,hors famille,2,False,1,,0.2550000000000001,0.266445836136846,0.2670863309352519,0.3011116286826654,0.008273381294964008,0.02637889688249398,,,
Qwen3-4B-Instruct-2507,q4gab3,gauche,adversaire,wrkgovt2,hors famille,2,False,1,,0.4872000000000001,0.3695460897469076,0.3704344216934146,0.3695460897469076,0.17539568345323742,0.0,,,
Qwen3-4B-Instruct-2507,q4gab3,gauche,adversaire,partfull,hors famille,3,False,1,,0.5512,0.6413976732283239,0.6429394945581997,0.6281248382588893,0.20215827338129497,0.03117505995203844,,,
Qwen3-4B-Instruct-2507,q4gab3,gauche,adversaire,wksub1,hors famille,3,False,1,,0.655,0.6382232343621507,0.6397574248293675,0.6414666827688928,0.20095923261390886,0.016786570743405282,,,
Qwen3-4B-Instruct-2507,q4gab3,gauche,adversaire,wksup1,hors famille,3,False,1,,0.655,0.6245248405592073,0.626026102195167,0.6403395269395994,0.17973621103117504,0.03597122302158269,,,
Qwen3-4B-Instruct-2507,q4gab3,gauche,adversaire,conarmy,confiance dans les institutions (con*),3,False,1,,0.585,0.6127932186624802,0.614266279284265,0.6213849064633186,0.2504796163069545,0.016786570743405282,0.42500000000000004,0.6270983213429255,0.6211031175059952
Qwen3-4B-Instruct-2507,q4gab3,gauche,adversaire,conbus,confiance dans les institutions (con*),3,False,1,,0.54,0.581980458798429,0.5833794502859253,0.5539050773769474,0.10839328537170265,0.03836930455635501,0.4,0.34652278177458024,0.33453237410071934
Qwen3-4B-Instruct-2507,q4gab3,gauche,adversaire,conclerg,confiance dans les institutions (con*),3,False,1,,0.54,0.5201824152189041,0.5214328537170265,0.5075306661145904,0.3211031175059953,0.01438848920863308,0.4,0.2314148681055155,0.2194244604316546
Qwen3-4B-Instruct-2507,q4gab3,gauche,adversaire,coneduc,confiance dans les institutions (con*),3,False,1,,0.5549999999999999,0.518422671934395,0.5196688802803912,0.5549977284359562,0.1852517985611511,0.04316546762589924,0.55,0.36930455635491605,0.3764988009592326
Qwen3-4B-Instruct-2507,q4gab3,gauche,adversaire,confed,confiance dans les institutions (con*),3,False,1,,0.585,0.589916555963862,0.591334624608006,0.5908481847615433,0.024220623501199037,0.019184652278177505,0.575,0.5515587529976018,0.5671462829736211
Qwen3-4B-Instruct-2507,q4gab3,gauche,adversaire,confinan,confiance dans les institutions (con*),3,False,1,,0.585,0.5961274146150706,0.5975604132078953,0.586259050313706,0.015227817745803396,0.02398081534772184,0.42500000000000004,0.4304556354916067,0.408872901678657
Qwen3-4B-Instruct-2507,q4gab3,gauche,adversaire,conjudge,confiance dans les institutions (con*),3,False,1,,0.585,0.5352264950629425,0.5365130972145362,0.49493642496075085,0.2683453237410073,0.07434052757793763,0.42500000000000004,0.2458033573141486,0.20863309352517978
Qwen3-4B-Instruct-2507,q4gab3,gauche,adversaire,conlabor,confiance dans les institutions (con*),3,False,1,,0.5049999999999999,0.5598053930955955,0.5611510791366907,0.5629108224211997,0.2573141486810551,0.004796163069544376,0.575,0.3669064748201439,0.3669064748201439
Qwen3-4B-Instruct-2507,q4gab3,gauche,adversaire,conlegis,confiance dans les institutions (con*),3,False,1,,0.585,0.5403447026551421,0.5416436081903708,0.5380903909965553,0.18201438848920867,0.014388489208633053,,,
Qwen3-4B-Instruct-2507,q4gab3,gauche,adversaire,conmedic,confiance dans les institutions (con*),3,False,1,,0.5549999999999999,0.5148341758248078,0.5160717579782329,0.5250475878290173,0.4447242206235012,0.03117505995203836,0.55,0.22541966426858506,0.23860911270983207
Qwen3-4B-Instruct-2507,q4gab3,gauche,adversaire,conpress,confiance dans les institutions (con*),3,False,1,,0.5549999999999999,0.5499600319744204,0.5512820512820513,0.5556648206614565,0.006714628297362121,0.014388489208633129,0.55,0.5479616306954437,0.5575539568345323
Qwen3-4B-Instruct-2507,q4gab3,gauche,adversaire,consci,confiance dans les institutions (con*),3,False,1,,0.5049999999999999,0.38800614184911064,0.38893884892086333,0.3802425685351001,0.6505995203836932,0.007194244604316544,0.575,0.1402877697841726,0.13669064748201432
Qwen3-4B-Instruct-2507,q4gab3,gauche,adversaire,contv,confiance dans les institutions (con*),3,False,1,,0.585,0.5456124309185745,0.5469239992621288,0.5260137213969831,0.05647482014388489,0.01918465227817747,,,
Qwen3-4B-Instruct-2507,q4gab3,gauche,adversaire,joblose,hors famille,5,False,1,,0.775,0.6475280207488686,0.6490845784910535,0.6898538722978452,0.4653477218225419,0.07913669064748197,,,
Qwen3-4B-Instruct-2507,q4gab3,gauche,adversaire,jobfind,hors famille,4,False,1,,0.6849999999999999,0.6994922047973132,0.7011736764434607,0.7035522661007885,0.31630695443645085,0.062350119904076726,,,
Qwen3-4B-Instruct-2507,q4gab3,gauche,adversaire,happy,hors famille,3,False,1,,0.5549999999999999,0.5672814266572354,0.5686450839328537,0.568661617468615,0.11378896882494006,0.019184652278177478,,,
Qwen3-4B-Instruct-2507,q4gab3,gauche,adversaire,hapmar,hors famille,4,False,1,,0.565,0.5296597254570445,0.5309329459509318,0.5666373376119249,0.5950839328537171,0.04076738609112707,,,
Qwen3-4B-Instruct-2507,q4gab3,gauche,adversaire,satjob,hors famille,5,False,1,,0.69,0.7208851623736983,0.7226180593986351,0.7313056029996148,0.3779376498800959,0.023980815347721795,,,
Qwen3-4B-Instruct-2507,q4gab3,gauche,adversaire,spdeg*,hors famille,6,False,1,,0.7949999999999999,0.6193491250165336,0.6208379450285927,0.6192686138858698,0.47793764988009607,0.019184652278177425,,,
Qwen3-4B-Instruct-2507,q4gab3,gauche,adversaire,spjew,hors famille,5,False,1,,0.69,0.3590451379903271,0.35990822726434235,0.3552151084887486,0.8520383693045565,0.011990407673860878,,,
Qwen3-4B-Instruct-2507,q4gab3,gauche,adversaire,spfund,hors famille,4,False,1,,0.615,0.40653520349188277,0.40751245157719984,0.40483296815784775,0.6982014388489209,0.009592326139088697,,,
Qwen3-4B-Instruct-2507,q4gab3,gauche,adversaire,unemp,hors famille,2,False,1,,0.21120000000000005,0.4968686920966824,0.4980630879911456,0.4999281150619074,0.340431654676259,0.03357314148681054,,,
Qwen3-4B-Instruct-2507,q4gab3,gauche,adversaire,union1,hors famille,4,False,1,,0.715,0.1864292738471095,0.1868774211400112,0.21067462576701224,0.5992805755395684,0.014388489208633056,,,
Qwen3-4B-Instruct-2507,q4gab3,gauche,adversaire,spkath/y,libertes civiles (spk/col/lib),2,False,1,,0.29520000000000013,0.2254541690388696,0.2259961261759823,0.2254541690388696,0.05050359712230221,0.0,0.18,0.1294964028776978,0.1294964028776978
Qwen3-4B-Instruct-2507,q4gab3,gauche,adversaire,colath,libertes civiles (spk/col/lib),2,False,1,,0.4351999999999999,0.28882793046138633,0.2895222283711493,0.2980752088976302,0.14494004796163068,0.007194244604316502,0.32,0.1750599520383693,0.1822541966426858
Qwen3-4B-Instruct-2507,q4gab3,gauche,adversaire,spkrac/y,libertes civiles (spk/col/lib),2,False,1,,0.17999999999999994,0.4729453846994347,0.4740822726434238,0.4863102323896278,0.28369304556354913,0.03357314148681059,,,
Qwen3-4B-Instruct-2507,q4gab3,gauche,adversaire,colrac,libertes civiles (spk/col/lib),2,False,1,,0.17999999999999994,0.33299403642553593,0.3337945028592512,0.3274042636394483,0.11103117505995204,0.0047961630695443624,,,
Qwen3-4B-Instruct-2507,q4gab3,gauche,adversaire,librac/y,libertes civiles (spk/col/lib),2,False,1,,0.17999999999999994,0.48858754722840436,0.4897620365246265,0.4878514454623353,0.3244604316546763,0.002398081534772223,,,
Qwen3-4B-Instruct-2507,q4gab3,gauche,adversaire,spkcom/y,libertes civiles (spk/col/lib),2,False,1,,0.22619999999999996,0.3620930593654572,0.3629634753735473,0.3245748724761197,0.107410071942446,0.03357314148681054,0.13,0.237410071942446,0.2038369304556355
Qwen3-4B-Instruct-2507,q4gab3,gauche,adversaire,colcom/y,libertes civiles (spk/col/lib),2,False,1,,0.17999999999999994,0.3620930593654572,0.3629634753735473,0.3274042636394483,0.13741007194244603,0.031175059952038342,0.1,0.237410071942446,0.2062350119904076
Qwen3-4B-Instruct-2507,q4gab3,gauche,adversaire,libcom/y,libertes civiles (spk/col/lib),2,False,1,,0.2550000000000001,0.30412504528751083,0.30485611510791355,0.2793736234034354,0.03705035971223017,0.019184652278177464,0.15,0.1870503597122302,0.1678657074340527
Qwen3-4B-Instruct-2507,q4gab3,gauche,adversaire,spkhomo/y,libertes civiles (spk/col/lib),2,False,1,,0.039200000000000124,0.04681147168596045,0.046923999262128625,0.09994881792407795,0.003980815347721782,0.028776978417266216,0.02,0.0239808153477218,0.052757793764988
Qwen3-4B-Instruct-2507,q4gab3,gauche,adversaire,colhomo,libertes civiles (spk/col/lib),2,False,1,,0.34319999999999995,0.05589772786087677,0.05603209739900388,0.10848299777444237,0.19122302158273383,0.02877697841726616,0.22,0.0287769784172661,0.0575539568345323
Qwen3-4B-Instruct-2507,q4gab3,gauche,adversaire,libhomo/y,libertes civiles (spk/col/lib),2,False,1,,0.17999999999999994,0.08260442006107338,0.0828029883785279,0.1127155829293397,0.05683453237410077,0.016786570743405237,0.1,0.0431654676258992,0.0599520383693045
Qwen3-4B-Instruct-2507,q4gab3,gauche,adversaire,cappun,hors famille,2,False,1,,0.2550000000000001,0.4855051210829897,0.4866722007009777,0.4893006458142839,0.2648681055155875,0.01199040767386092,0.15,0.4148681055155875,0.4268585131894484
Qwen3-4B-Instruct-2507,q4gab3,gauche,adversaire,polhitok/y,hors famille,2,False,1,,0.05820000000000003,0.4772239762147117,0.4783711492344586,0.4855051210829897,0.5767146282973621,0.021582733812949617,0.03,0.6067146282973621,0.5851318944844125
Qwen3-4B-Instruct-2507,q4gab3,gauche,adversaire,polabuse/y,hors famille,2,False,1,,0.17999999999999994,0.07379420204843301,0.07397159195720329,0.02836292117385253,0.06163069544364515,0.02398081534772173,0.1,0.0383693045563549,0.014388489208633
Qwen3-4B-Instruct-2507,q4gab3,gauche,adversaire,polattak/y,hors famille,2,False,1,,0.17999999999999994,0.45065530309565305,0.45173860911270997,0.4361632995761664,0.557074340527578,0.02158273381294959,0.1,0.657074340527578,0.6786570743405276
Qwen3-4B-Instruct-2507,q4gab3,gauche,adversaire,grass,hors famille,2,False,1,,0.34319999999999995,0.23948610895456302,0.24006179671647304,0.2360126287459241,0.08091127098321343,0.0023980815347721396,0.22,0.1390887290167865,0.1366906474820144
Qwen3-4B-Instruct-2507,q4gab3,gauche,adversaire,gunlaw,hors famille,2,False,1,,0.2550000000000001,0.2793736234034354,0.2800451946135398,0.27617618135707267,0.6821342925659473,0.002398081534772195,0.85,0.1678657074340527,0.1654676258992805
Qwen3-4B-Instruct-2507,q4gab3,gauche,adversaire,owngun,hors famille,2,False,1,,0.21120000000000005,0.31302727602090996,0.3137797454344218,0.33299403642553593,0.07424460431654674,0.016786570743405296,,,
Qwen3-4B-Instruct-2507,q4gab3,gauche,adversaire,hunt1,hors famille,4,False,1,,0.7150000000000001,0.09701591244989627,0.09724912377790083,0.1369494332591482,0.5996402877697842,0.021582733812949714,,,
Qwen3-4B-Instruct-2507,q4gab3,gauche,adversaire,class,hors famille,4,False,1,,0.69,0.6532098062557149,0.6547800221361374,0.6465733887709977,0.18033573141486814,0.04316546762589932,,,
Qwen3-4B-Instruct-2507,q4gab3,gauche,adversaire,satfin,hors famille,3,False,1,,0.565,0.6555446290449656,0.6571204574801699,0.6279753175876566,0.2814148681055156,0.07434052757793773,,,
Qwen3-4B-Instruct-2507,q4gab3,gauche,adversaire,finalter,hors famille,3,False,1,,0.655,0.6607318461777342,0.6623201438848922,0.6660110760312614,0.04496402877697847,0.0455635491606714,,,
Qwen3-4B-Instruct-2507,q4gab3,gauche,adversaire,finrela,hors famille,5,False,1,,0.745,0.7240596012398715,0.7258001291274674,0.7231969819827591,0.25575539568345323,0.047961630695443735,,,
Qwen3-4B-Instruct-2507,q4gab3,gauche,adversaire,racdif1,hors famille,2,False,1,,0.34319999999999995,0.30711545871216706,0.30785371702637904,0.3357544180482952,0.030551558752997615,0.02398081534772184,0.22,0.1894484412470023,0.2134292565947242
Qwen3-4B-Instruct-2507,q4gab3,gauche,adversaire,racdif2,hors famille,2,False,1,,0.039200000000000124,0.10848299777444237,0.10874377421140018,0.10848299777444237,0.03755395683453232,0.0,0.02,0.0575539568345323,0.0575539568345323
Qwen3-4B-Instruct-2507,q4gab3,gauche,adversaire,racdif3,hors famille,2,False,1,,0.17999999999999994,0.4037058123285544,0.4046762589928058,0.4078693879428832,0.6194244604316548,0.0047961630695443624,0.9,0.2805755395683453,0.2853717026378897
Qwen3-4B-Instruct-2507,q4gab3,gauche,adversaire,racdif4,hors famille,2,False,1,,0.09500000000000008,0.21105417824014183,0.2115615200147576,0.23948610895456302,0.0699040767386091,0.01918465227817743,0.05,0.1199040767386091,0.1390887290167865
Qwen3-4B-Instruct-2507,q4gab3,gauche,adversaire,wlthwhts,hors famille,7,False,1,,0.81,0.6520021392957578,0.6535694521306035,0.6672532477615031,0.30335731414868117,0.04796163069544367,,,
Qwen3-4B-Instruct-2507,q4gab3,gauche,adversaire,wlthblks,hors famille,7,False,1,,0.81,0.6299420894938725,0.6314563733628482,0.6623535703811052,0.5002398081534773,0.043165467625899304,,,
Qwen3-4B-Instruct-2507,q4gab3,gauche,adversaire,wlthhsps,hors famille,7,False,1,,0.81,0.6861733634674995,0.6878228186681425,0.6943624956150187,0.39448441247002397,0.019184652278177443,,,
Qwen3-4B-Instruct-2507,q4gab3,gauche,adversaire,racwork,hors famille,7,False,1,,0.79,0.7390461731334357,0.7408227264342373,0.7292008120122607,0.39580335731414884,0.043165467625899276,,,
Qwen3-4B-Instruct-2507,q4gab3,gauche,adversaire,letin1a,hors famille,5,False,1,,0.775,0.7275330814485104,0.7292819590481463,0.695581664165071,0.23177458033573137,0.05035971223021584,0.575,0.4496402877697841,0.4514388489208633
Qwen3-4B-Instruct-2507,q4gab3,gauche,adversaire,getahead,hors famille,3,False,1,,0.595,0.5411958203221595,0.5424967718133186,0.5282220266951907,0.08968824940047965,0.019184652278177478,0.525,0.5875299760191847,0.5779376498800959
Qwen3-4B-Instruct-2507,q4gab3,gauche,adversaire,aged,hors famille,3,False,1,,0.62,0.5104865747689618,0.5117137059583102,0.5007332263685456,0.14244604316546772,0.011990407673860875,,,
Qwen3-4B-Instruct-2507,q4gab3,gauche,adversaire,parsol,hors famille,5,False,1,,0.775,0.7794397575464809,0.7813134108098139,0.7865937465854655,0.07170263788968817,0.028776978417266237,,,
Qwen3-4B-Instruct-2507,q4gab3,gauche,adversaire,kidssol,hors famille,6,False,1,,0.775,0.7641771474906407,0.7660141117874932,0.7765068520722991,0.42757793764988017,0.03357314148681051,,,
Qwen3-4B-Instruct-2507,q4gab3,gauche,adversaire,spanking,hors famille,4,False,1,,0.655,0.687024481134517,0.6886759822910904,0.6873350240670772,0.26486810551558754,0.02398081534772186,0.4333333333333334,0.31654676258992803,0.3229416466826539
Qwen3-4B-Instruct-2507,q4gab3,gauche,adversaire,divlaw,hors famille,3,False,1,,0.62,0.5584597070545003,0.5598021582733814,0.5709159291272019,0.43525179856115104,0.026378896882493987,0.6,0.29856115107913667,0.302158273381295
Qwen3-4B-Instruct-2507,q4gab3,gauche,adversaire,sexeduc,hors famille,2,False,1,,0.2550000000000001,0.08697502429710946,0.08718409887474675,0.09994881792407795,0.1044364508393285,0.007194244604316495,0.15,0.0455635491606714,0.052757793764988
Qwen3-4B-Instruct-2507,q4gab3,gauche,adversaire,pillok,hors famille,4,False,1,,0.6849999999999999,0.6006245363421493,0.6020683453237411,0.6117695771440402,0.37038369304556357,0.026378896882494018,0.4833333333333333,0.21662669864108702,0.2278177458033572
Qwen3-4B-Instruct-2507,q4gab3,gauche,adversaire,xmarsex,hors famille,4,False,1,,0.705,0.6828954102904727,0.6845369857959788,0.6762819959859452,0.34784172661870505,0.050359712230215806,0.4000000000000001,0.6666666666666666,0.6562749800159873
Qwen3-4B-Instruct-2507,q4gab3,gauche,adversaire,homosex,hors famille,4,False,1,,0.565,0.369166537273778,0.37005395683453235,0.36580807296608764,0.5369304556354916,0.007194244604316585,0.3166666666666667,0.12310151878497194,0.12390087929656268
Qwen3-4B-Instruct-2507,q4gab3,gauche,adversaire,marhomo,hors famille,5,False,1,,0.5997999999999999,0.386625951037731,0.38755534034311023,0.3717888998153994,0.21978417266187056,0.023980815347721875,0.18500000000000003,0.10191846522781763,0.09892086330935236
Qwen3-4B-Instruct-2507,q4gab3,gauche,adversaire,discaff,hors famille,3,False,1,,0.615,0.4492866138743682,0.4503666297731047,0.44297224091230614,0.24304556354916074,0.007194244604316502,0.35,0.1762589928057553,0.17266187050359705
Qwen3-4B-Instruct-2507,q4gab3,gauche,adversaire,abdefect,avortement (ab*),2,False,1,,0.34319999999999995,0.1127155829293397,0.11298653384984293,0.09994881792407795,0.16004796163069554,0.0071942446043164465,0.22,0.0599520383693045,0.052757793764988
Qwen3-4B-Instruct-2507,q4gab3,gauche,adversaire,abnomore,avortement (ab*),2,False,1,,0.34319999999999995,0.22188867610947205,0.22242206235011985,0.2289966587880774,0.09290167865707437,0.004796163069544376,0.22,0.1270983213429256,0.13189448441247
Qwen3-4B-Instruct-2507,q4gab3,gauche,adversaire,abhlth,avortement (ab*),2,False,1,,0.1472,0.06935458827182872,0.06952130603209755,0.06489197131503444,0.044028776978417214,0.0023980815347722367,0.08,0.0359712230215827,0.0335731414868105
Qwen3-4B-Instruct-2507,q4gab3,gauche,adversaire,abpoor,avortement (ab*),2,False,1,,0.34319999999999995,0.18876409663635996,0.18921785648404355,0.20739667258998562,0.11448441247002397,0.01199040767386092,0.22,0.105515587529976,0.1175059952038369
Qwen3-4B-Instruct-2507,q4gab3,gauche,adversaire,abrape,avortement (ab*),2,False,1,,0.34319999999999995,0.06489197131503444,0.06504796163069558,0.07379420204843301,0.18642685851318946,0.00479616306954431,0.22,0.0335731414868105,0.0383693045563549
Qwen3-4B-Instruct-2507,q4gab3,gauche,adversaire,absingle,avortement (ab*),2,False,1,,0.34319999999999995,0.22188867610947205,0.22242206235011985,0.2254541690388696,0.09290167865707437,0.002398081534772195,0.22,0.1270983213429256,0.1294964028776978
Qwen3-4B-Instruct-2507,q4gab3,gauche,adversaire,abany,avortement (ab*),2,False,1,,0.2550000000000001,0.23948610895456302,0.24006179671647304,0.27295573613051993,0.010911270983213456,0.02398081534772184,0.15,0.1390887290167865,0.1630695443645084
Qwen3-4B-Instruct-2507,q4gab3,gauche,adversaire,letdie1,fin de vie (suicide/letdie),2,False,1,,0.45499999999999996,0.23948610895456302,0.24006179671647304,0.24976853049934156,0.21091127098321344,0.007194244604316544,0.35,0.1390887290167865,0.1462829736211031
Qwen3-4B-Instruct-2507,q4gab3,gauche,adversaire,suicide1,fin de vie (suicide/letdie),2,False,1,,0.4351999999999999,0.24976853049934156,0.25036893562073426,0.23948610895456302,0.17371702637889688,0.007194244604316544,0.32,0.1462829736211031,0.1390887290167865
Qwen3-4B-Instruct-2507,q4gab3,gauche,adversaire,suicide2,fin de vie (suicide/letdie),2,False,1,,0.45499999999999996,0.455071913692068,0.45616583656152015,0.4217173024170592,0.00011990407673864723,0.04796163069544365,0.65,0.6498800959232613,0.697841726618705
Qwen3-4B-Instruct-2507,q4gab3,gauche,adversaire,suicide3,fin de vie (suicide/letdie),2,False,1,,0.17999999999999994,0.44120099603770213,0.4422615753551005,0.3972879250556389,0.22853717026378895,0.05515587529976018,0.9,0.6714628297362111,0.7266187050359713
Qwen3-4B-Instruct-2507,q4gab3,gauche,adversaire,suicide4,fin de vie (suicide/letdie),2,False,1,,0.4351999999999999,0.4999741214222867,0.5011759822910903,0.494177320014492,0.1835971223021583,0.05035971223021582,0.32,0.5035971223021583,0.5539568345323741
Qwen3-4B-Instruct-2507,q4gab3,gauche,adversaire,pornlaw,hors famille,3,False,1,,0.5049999999999999,0.3960687565055869,0.39702084486257155,0.336237484832278,0.5420863309352517,0.04316546762589932,0.225,0.5131894484412469,0.5347721822541966
Qwen3-4B-Instruct-2507,q4gab3,gauche,adversaire,fair,hors famille,3,False,1,,0.585,0.6478500652715239,0.6494073971591959,0.6429618894812208,0.2550359712230216,0.014388489208633101,,,
Qwen3-4B-Instruct-2507,q4gab3,gauche,adversaire,helpful,hors famille,3,False,1,,0.595,0.6572008580186212,0.6587806677734737,0.6533133205665684,0.2622302158273382,0.023980815347721895,,,
Qwen3-4B-Instruct-2507,q4gab3,gauche,adversaire,trust,hors famille,3,False,1,,0.585,0.6352558241176844,0.6367828813871982,0.624950399392716,0.09916067146282978,0.05035971223021583,,,
Qwen3-4B-Instruct-2507,q4gab3,gauche,adversaire,tax,hors famille,3,False,1,,0.5549999999999999,0.5310514178585188,0.5323279837668327,0.5330296913548298,0.31282973621103116,0.021582733812949676,0.44999999999999996,0.7146282973621103,0.7014388489208633
Qwen3-4B-Instruct-2507,q4gab3,gauche,adversaire,vote16,hors famille,3,False,1,,0.5049999999999999,0.45655561881430096,0.45765310828260464,0.4616738264065007,0.09412470023980819,0.02637889688249402,,,
Qwen3-4B-Instruct-2507,q4gab3,gauche,adversaire,pres16,hors famille,4,False,1,,0.23260000000000003,0.5299472652094153,0.5312211769046302,0.5420009316287977,0.5822302158273382,0.019184652278177425,,,
Qwen3-4B-Instruct-2507,q4gab3,gauche,adversaire,if16who,hors famille,3,False,1,,0.2650000000000001,0.2952458177343018,0.2959555432577016,0.3062873442253392,0.02026378896882488,0.007194244604316551,,,
Qwen3-4B-Instruct-2507,q4gab3,gauche,adversaire,news,hors famille,5,False,1,,0.785,0.763464048904761,0.7652992990223206,0.7726193146202464,0.21462829736211037,0.028776978417266244,,,
Qwen3-4B-Instruct-2507,q4gab3,gauche,adversaire,jew,hors famille,5,False,1,,0.7,0.35444450195239496,0.3552965320051652,0.35147709170792873,0.738968824940048,0.021582733812949624,,,
Qwen3-4B-Instruct-2507,q4gab3,gauche,adversaire,relig16*,hors famille,5,False,1,,0.735,0.760289610038588,0.7621172292934885,0.7588864160470186,0.23585131894484407,0.033573141486810475,,,
Qwen3-4B-Instruct-2507,q4gab3,gauche,adversaire,jew16*,hors famille,5,False,1,,0.7,0.33779019949508016,0.33860219516694334,0.3568138295119301,0.7533573141486811,0.023980815347721826,,,
Qwen3-4B-Instruct-2507,q4gab3,gauche,adversaire,attend,hors famille,9,True,1,"somme 116.0 hors de [95, 105]",,,,,,,,,
Qwen3-4B-Instruct-2507,q4gab3,gauche,adversaire,pray,hors famille,6,False,1,,0.8182,0.7287752531787521,0.7305271167681242,0.7429682153557731,0.33083932853717035,0.045563549160671374,,,
Qwen3-4B-Instruct-2507,q4gab3,gauche,adversaire,postlife,hors famille,2,False,1,,0.45499999999999996,0.48858754722840436,0.4897620365246265,0.48382588892914447,0.0744604316546763,0.014388489208633143,,,
Qwen3-4B-Instruct-2507,q4gab3,gauche,adversaire,bible,hors famille,3,False,1,,0.5149999999999999,0.565073121359028,0.5664314702084488,0.5598283962757853,0.34436450839328536,0.009592326139088683,,,
Qwen3-4B-Instruct-2507,q4gab3,gauche,adversaire,reborn,hors famille,3,False,1,,0.48319999999999985,0.6251229232441387,0.6266256225788602,0.6266756379069407,0.29390887290167866,0.004796163069544404,,,
Qwen3-4B-Instruct-2507,q4gab3,gauche,adversaire,savesoul,hors famille,2,False,1,,0.47119999999999995,0.3188470806088941,0.3196135399372809,0.3620930593654572,0.1809592326139089,0.0383693045563549,,,
Qwen3-4B-Instruct-2507,q4gab3,gauche,adversaire,granborn,hors famille,5,False,1,,0.755,0.6455037408921784,0.6470554325770155,0.6269286728890269,0.31738609112709837,0.028776978417266286,,,
Qwen3-4B-Instruct-2507,q4gab3,gauche,adversaire,uscitzn*,hors famille,2,False,1,,0.039200000000000124,0.014284974897779357,0.014319313779745173,0.01900062683666026,0.012805755395683564,0.002398081534772295,,,
Qwen3-4B-Instruct-2507,q4gab3,gauche,adversaire,fucitzn,hors famille,5,False,1,,0.7194,0.028500940254990503,0.028569452130603464,0.03787473618227721,0.565611510791367,0.007194244604316462,,,
Qwen3-4B-Instruct-2507,q4gab3,gauche,adversaire,mnthsusa,hors famille,6,False,1,,0.7942,0.03300956357216367,0.033088913484596756,0.05612775966277339,0.8332134292565948,0.011990407673860979,,,
Qwen3-4B-Instruct-2507,q4gab3,gauche,adversaire,income,hors famille,12,True,1,"somme 117.0 hors de [95, 105]",,,,,,,,,
Qwen3-4B-Instruct-2507,q4gab3,gauche,adversaire,othlang,hors famille,2,False,1,,0.47119999999999995,0.35956270954459457,0.36042704298099987,0.35956270954459457,0.1449880095923262,0.0,,,
Qwen3-4B-Instruct-2507,q4gab3,gauche,adversaire,health,hors famille,4,False,1,,0.725,0.6005785299817701,0.6020222283711494,0.6090552018816602,0.20875299760191854,0.047961630695443555,,,
Qwen3-4B-Instruct-2507,q4gab3,gauche,adversaire,compuse*,hors famille,2,False,1,,0.039200000000000124,0.0376332027902857,0.03772366722007005,0.04681147168596045,0.0008153477218225836,0.004796163069544366,,,
Qwen3-4B-Instruct-2507,q4gab3,gauche,adversaire,webmob,hors famille,2,False,1,,0.1472,0.02369327559535117,0.023750230584763075,0.0376332027902857,0.06800959232613905,0.007194244604316502,,,
Qwen3-4B-Instruct-2507,q4gab3,gauche,adversaire,xmovie,hors famille,2,False,1,,0.2550000000000001,0.4919230083559052,0.49310551558753,0.494177320014492,0.28645083932853715,0.009592326139088753,,,
Qwen3-4B-Instruct-2507,q4gab3,gauche,adversaire,usewww*,hors famille,2,False,1,,0.1472,0.02836292117385253,0.02843110127282814,0.01900062683666026,0.06561151079136687,0.004796163069544373,,,
Qwen3-4B-Instruct-2507,q4gab3,gauche,adversaire,life,hors famille,3,False,1,,0.585,0.5237134033780171,0.5249723298284451,0.5274629217489317,0.06846522781774572,0.021582733812949603,,,
Qwen3-4B-Instruct-2507,q4gab3,gauche,adversaire,richwork,hors famille,2,False,1,,0.45499999999999996,0.4619728677489663,0.463083379450286,0.4863102323896278,0.012110311750599512,0.05515587529976021,,,
Qwen3-4B-Instruct-2507,q4gab3,centre,journaliste,natspac/y,depenses publiques (nat*),3,False,1,,0.6272,0.5941683277238615,0.596135772517649,0.607696413205677,0.14508250825082508,0.04620462046204621,0.44,0.5528052805280528,0.5808580858085808
Qwen3-4B-Instruct-2507,q4gab3,centre,journaliste,natenvir/y,depenses publiques (nat*),3,False,1,,0.6434,0.4427452646254725,0.44421130854807334,0.46352754087289916,0.32627062706270626,0.033003300330032986,0.415,0.17656765676567654,0.18646864686468645
Qwen3-4B-Instruct-2507,q4gab3,centre,journaliste,natheal/y,depenses publiques (nat*),3,False,1,,0.6272,0.4368199196157241,0.43826634319061053,0.3936868934418194,0.37306930693069307,0.06600660066006604,0.44,0.16336633663366334,0.14356435643564355
Qwen3-4B-Instruct-2507,q4gab3,centre,journaliste,natcity/y,depenses publiques (nat*),3,False,1,,0.6272,0.6171072552799834,0.619150656787533,0.641767147011731,0.08567656765676569,0.05280528052805285,0.44,0.5082508250825082,0.504950495049505
Qwen3-4B-Instruct-2507,q4gab3,centre,journaliste,natdrug/y,depenses publiques (nat*),3,False,1,,0.6272,0.5409273600627389,0.5427185102616221,0.5376379222080623,0.23775577557755775,0.0033003300330033195,0.44,0.2524752475247525,0.24917491749174916
Qwen3-4B-Instruct-2507,q4gab3,centre,journaliste,nateduc/y,depenses publiques (nat*),3,False,1,,0.6272,0.46065200579463894,0.46217734356217083,0.4717184589746103,0.36646864686468644,0.013201320132013167,0.44,0.18646864686468645,0.19306930693069305
Qwen3-4B-Instruct-2507,q4gab3,centre,journaliste,natrace/y,depenses publiques (nat*),3,False,1,,0.6434,0.631746342951127,0.6338382182589121,0.6239039745558715,0.052046204620462055,0.019801980198019806,0.415,0.429042904290429,0.41254125412541254
Qwen3-4B-Instruct-2507,q4gab3,centre,journaliste,natarms/y,depenses publiques (nat*),3,False,1,,0.6272,0.6169111960701021,0.61895394837497,0.6195906719384809,0.1252805280528053,0.006600660066006611,0.56,0.44719471947194717,0.45214521452145207
Qwen3-4B-Instruct-2507,q4gab3,centre,journaliste,nataid/y,depenses publiques (nat*),3,False,1,,0.6434,0.39451469899465197,0.3958210390575481,0.4076070973433976,0.5325742574257426,0.01650165016501648,0.415,0.858085808580858,0.8465346534653465
Qwen3-4B-Instruct-2507,q4gab3,centre,journaliste,natfare/y,depenses publiques (nat*),3,False,1,,0.6434,0.40745460684682333,0.40880379428671343,0.39473254256118684,0.3592739273927392,0.00990099009900991,0.415,0.15676567656765675,0.1485148514851485
Qwen3-4B-Instruct-2507,q4gab3,centre,journaliste,natroad,depenses publiques (nat*),3,False,1,,0.6272,0.5754337810018627,0.5773391908727298,0.5910313803657594,0.11089108910891084,0.046204620462046195,0.44,0.33168316831683164,0.32838283828382836
Qwen3-4B-Instruct-2507,q4gab3,centre,journaliste,natsoc,depenses publiques (nat*),3,False,1,,0.6272,0.46378895315274105,0.4653246781631805,0.4593449443954296,0.3334653465346535,0.03630363036303631,0.44,0.1815181518151815,0.17986798679867982
Qwen3-4B-Instruct-2507,q4gab3,centre,journaliste,natmass,depenses publiques (nat*),3,False,1,,0.6272,0.5503164177803919,0.5521386575743666,0.5643019747519307,0.10099009900990102,0.046204620462046195,0.44,0.38943894389438943,0.36303630363036304
Qwen3-4B-Instruct-2507,q4gab3,centre,journaliste,natpark,depenses publiques (nat*),3,False,1,,0.6272,0.43642780119596125,0.43787292636548425,0.48993018113692566,0.23287128712871288,0.05940594059405936,0.44,0.4158415841584158,0.3927392739273927
Qwen3-4B-Instruct-2507,q4gab3,centre,journaliste,natchld,depenses publiques (nat*),3,False,1,,0.6434,0.5512313607598384,0.5530566301663279,0.5430840113714341,0.15059405940594062,0.0363036303630363,0.415,0.2755775577557755,0.25742574257425743
Qwen3-4B-Instruct-2507,q4gab3,centre,journaliste,natsci,depenses publiques (nat*),3,False,1,,0.6272,0.5196004748989751,0.5213210062728127,0.5534751494951475,0.1338613861386139,0.03630363036303631,0.44,0.3795379537953795,0.3910891089108911
Qwen3-4B-Instruct-2507,q4gab3,centre,journaliste,natenrgy,depenses publiques (nat*),3,False,1,,0.6434,0.5766537049744579,0.5785631543286779,0.5809016545218879,0.12089108910891086,0.029702970297029722,0.415,0.3085808580858086,0.3036303630363036
Qwen3-4B-Instruct-2507,q4gab3,centre,journaliste,uswary,hors famille,2,False,1,,0.21120000000000005,0.4940692089010881,0.49570519965903864,0.4869239399187444,0.4344554455445545,0.02640264026402639,,,
Qwen3-4B-Instruct-2507,q4gab3,centre,journaliste,prayer,hors famille,2,False,1,,0.4872000000000001,0.4624818917535317,0.46401328874609304,0.47254626452744286,0.056963696369637024,0.01980198019801982,0.42,0.363036303630363,0.3828382838283828
Qwen3-4B-Instruct-2507,q4gab3,centre,journaliste,courts,hors famille,3,False,1,,0.6461999999999999,0.5815551852214924,0.5834808646427556,0.5920988138417802,0.2712541254125413,0.016501650165016507,0.495,0.7062706270627063,0.693069306930693
Qwen3-4B-Instruct-2507,q4gab3,centre,journaliste,discaffw,hors famille,4,False,1,,0.6984,0.6964023134986767,0.6987082814241689,0.6857933318084284,0.11042904290429044,0.03300330033003298,0.38,0.45214521452145207,0.4279427942794279
Qwen3-4B-Instruct-2507,q4gab3,centre,journaliste,discaffm,hors famille,4,False,1,,0.6984,0.690825518195384,0.6931130199112626,0.6920672265246327,0.3963696369636963,0.036303630363036306,0.6200000000000001,0.36853685368536854,0.38833883388338836
Qwen3-4B-Instruct-2507,q4gab3,centre,journaliste,fehire,roles de genre (fe*),5,False,1,,0.7702,0.7300155758150073,0.7324328459336,0.7365073140977465,0.13135313531353135,0.013201320132013188,0.4175,0.4216171617161716,0.42409240924092406
Qwen3-4B-Instruct-2507,q4gab3,centre,journaliste,fechld,roles de genre (fe*),4,False,1,,0.6661999999999999,0.6313542245313641,0.6334448014337858,0.6357110958620615,0.04848184818481843,0.0396039603960396,0.33,0.2926292629262926,0.27722772277227714
Qwen3-4B-Instruct-2507,q4gab3,centre,journaliste,fepresch,roles de genre (fe*),4,False,1,,0.6961999999999999,0.6070646668627259,0.6090748147662448,0.6510037142328093,0.27557755775577564,0.0627062706270627,0.49,0.3432343234323433,0.34543454345434543
Qwen3-4B-Instruct-2507,q4gab3,centre,journaliste,fefam,roles de genre (fe*),4,False,1,,0.6961999999999999,0.6642921717914366,0.6664918147443883,0.6799769085819474,0.20627062706270627,0.033003300330032986,0.49,0.37073707370737075,0.3883388338833883
Qwen3-4B-Instruct-2507,q4gab3,centre,journaliste,fepol,roles de genre (fe*),2,False,1,,0.4872000000000001,0.3657593482120489,0.3669704718816252,0.4149048568223159,0.1790759075907591,0.05280528052805278,0.42,0.2409240924092409,0.2937293729372937
Qwen3-4B-Instruct-2507,q4gab3,centre,journaliste,mobile16,hors famille,3,False,1,,0.5512,0.6585411016349161,0.6607217013092038,0.6616780489930182,0.17735973597359733,0.016501650165016507,,,
Qwen3-4B-Instruct-2507,q4gab3,centre,journaliste,incom16,hors famille,5,False,1,,0.755,0.6481063947978956,0.6502524424627892,0.6563408816129138,0.16485148514851491,0.029702970297029736,,,
Qwen3-4B-Instruct-2507,q4gab3,centre,journaliste,dwelown16,hors famille,3,False,1,,0.6242000000000001,0.4713263405548477,0.472887023801718,0.4760753303053079,0.27676567656765677,0.013201320132013201,,,
Qwen3-4B-Instruct-2507,q4gab3,centre,journaliste,divorced,hors famille,2,False,1,,0.29520000000000013,0.40937163023233025,0.410727165431775,0.41216002788397654,0.10712871287128711,0.003300330033003257,,,
Qwen3-4B-Instruct-2507,q4gab3,centre,journaliste,posslq/y,hors famille,4,False,1,,0.7222,0.6762735679508546,0.6785128844010229,0.6660567046803691,0.2724422442244225,0.0231023102310231,,,
Qwen3-4B-Instruct-2507,q4gab3,centre,journaliste,wrkstat,hors famille,8,True,1,"somme 120.0 hors de [95, 105]",,,,,,,,,
Qwen3-4B-Instruct-2507,q4gab3,centre,journaliste,evwork,hors famille,2,False,1,,0.47119999999999995,0.19923972595279338,0.19989946014469004,0.20939123615331834,0.5077887788778878,0.00660066006600659,,,
Qwen3-4B-Instruct-2507,q4gab3,centre,journaliste,wrkgovt1,hors famille,2,False,1,,0.4032,0.2575346643575247,0.258387428146788,0.2575346643575247,0.12818481848184826,0.0,,,
Qwen3-4B-Instruct-2507,q4gab3,centre,journaliste,wrkgovt2,hors famille,2,False,1,,0.4872000000000001,0.48583472208607004,0.4874434463313881,0.48897166944417225,0.004158415841584162,0.009900990099009882,,,
Qwen3-4B-Instruct-2507,q4gab3,centre,journaliste,partfull,hors famille,3,False,1,,0.5512,0.6335762289100197,0.6356741634428343,0.6244921521855156,0.25643564356435644,0.029702970297029715,,,
Qwen3-4B-Instruct-2507,q4gab3,centre,journaliste,wksub1,hors famille,3,False,1,,0.47919999999999985,0.643379189404089,0.6455095840709899,0.622945462863118,0.3158415841584159,0.04620462046204621,,,
Qwen3-4B-Instruct-2507,q4gab3,centre,journaliste,wksup1,hors famille,3,False,1,,0.6242000000000001,0.6232504438562669,0.6253141870478439,0.6182400418259648,0.26894389438943894,0.009900990099009868,,,
Qwen3-4B-Instruct-2507,q4gab3,centre,journaliste,conarmy,confiance dans les institutions (con*),3,False,1,,0.6272,0.5893539849034408,0.5913054881647104,0.5841693080199111,0.15524752475247525,0.04290429042904289,0.56,0.6831683168316831,0.6716171617161716
Qwen3-4B-Instruct-2507,q4gab3,centre,journaliste,conbus,confiance dans les institutions (con*),3,False,1,,0.6272,0.5544990142578614,0.5563351037090464,0.5287499046934396,0.20118811881188117,0.029702970297029695,0.56,0.41254125412541254,0.4075907590759076
Qwen3-4B-Instruct-2507,q4gab3,centre,journaliste,conclerg,confiance dans les institutions (con*),3,False,1,,0.6112,0.5701837510483723,0.5720717767140953,0.572362186713721,0.304950495049505,0.08250825082508254,0.54,0.2904290429042904,0.33168316831683164
Qwen3-4B-Instruct-2507,q4gab3,centre,journaliste,coneduc,confiance dans les institutions (con*),3,False,1,,0.6272,0.5541722489080592,0.5560072563547745,0.5477022949819735,0.12396039603960399,0.009900990099009896,0.44,0.4636963696369637,0.457095709570957
Qwen3-4B-Instruct-2507,q4gab3,centre,journaliste,confed,confiance dans les institutions (con*),3,False,1,,0.6272,0.5904432027361153,0.59239831267895,0.5975666873618055,0.20778877887788777,0.026402640264026396,0.44,0.6468646864686468,0.6254125412541254
Qwen3-4B-Instruct-2507,q4gab3,centre,journaliste,confinan,confiance dans les institutions (con*),3,False,1,,0.6272,0.5814244790815715,0.5833497257010468,0.5783746691500833,0.12198019801980199,0.009900990099009882,0.56,0.4834983498349835,0.4752475247524752
Qwen3-4B-Instruct-2507,q4gab3,centre,journaliste,conjudge,confiance dans les institutions (con*),3,False,1,,0.6272,0.6028820703852563,0.6048783686315651,0.5913145770022548,0.15828382838283833,0.019801980198019764,0.56,0.42079207920792083,0.4207920792079207
Qwen3-4B-Instruct-2507,q4gab3,centre,journaliste,conlabor,confiance dans les institutions (con*),3,False,1,,0.6112,0.5342395625701185,0.5360085677441917,0.550316417780392,0.11036303630363037,0.026402640264026403,0.46,0.5066006600660066,0.523102310231023
Qwen3-4B-Instruct-2507,q4gab3,centre,journaliste,conlegis,confiance dans les institutions (con*),3,False,1,,0.6272,0.5809016545218879,0.582825169934212,0.5550436231741988,0.27524752475247527,0.06930693069306929,,,
Qwen3-4B-Instruct-2507,q4gab3,centre,journaliste,conmedic,confiance dans les institutions (con*),3,False,1,,0.6272,0.5768497641843393,0.578759862741241,0.5923602261216221,0.0877887788778878,0.05280528052805284,0.44,0.3795379537953795,0.3564356435643564
Qwen3-4B-Instruct-2507,q4gab3,centre,journaliste,conpress,confiance dans les institutions (con*),3,False,1,,0.6272,0.5640405624720889,0.5659082464537845,0.5764140770512696,0.24739273927392735,0.016501650165016493,0.44,0.6864686468646863,0.6732673267326732
Qwen3-4B-Instruct-2507,q4gab3,centre,journaliste,consci,confiance dans les institutions (con*),3,False,1,,0.6272,0.5888747290570643,0.5908246453784453,0.5823394220610181,0.12554455445544555,0.033003300330033,0.44,0.33003300330033,0.3399339933993399
Qwen3-4B-Instruct-2507,q4gab3,centre,journaliste,contv,confiance dans les institutions (con*),3,False,1,,0.6272,0.570532300754828,0.5724214805586518,0.5827315404807808,0.2374917491749175,0.01650165016501655,,,
Qwen3-4B-Instruct-2507,q4gab3,centre,journaliste,joblose,hors famille,5,False,1,,0.775,0.6558616257665371,0.6580333530041745,0.6545763487239813,0.4887788778877888,0.013201320132013201,,,
Qwen3-4B-Instruct-2507,q4gab3,centre,journaliste,jobfind,hors famille,4,False,1,,0.6422,0.6965765883519046,0.6988831333464472,0.6881242579703516,0.42046204620462047,0.013201320132013195,,,
Qwen3-4B-Instruct-2507,q4gab3,centre,journaliste,happy,hors famille,3,False,1,,0.5512,0.5862606062586457,0.5882018665442703,0.5736692481129302,0.131023102310231,0.04620462046204621,,,
Qwen3-4B-Instruct-2507,q4gab3,centre,journaliste,hapmar,hors famille,4,False,1,,0.5562,0.5918156172052849,0.5937752715668917,0.5968695879488939,0.530858085808581,0.02640264026402642,,,
Qwen3-4B-Instruct-2507,q4gab3,centre,journaliste,satjob,hors famille,5,False,1,,0.7382,0.684791251402368,0.6870587721023758,0.7011730876057904,0.3922442244224423,0.059405940594059424,,,
Qwen3-4B-Instruct-2507,q4gab3,centre,journaliste,spdeg*,hors famille,6,False,1,,0.7902,0.6667538040932806,0.6689615981465695,0.6568854905292509,0.4681518151815182,0.026402640264026365,,,
Qwen3-4B-Instruct-2507,q4gab3,centre,journaliste,spjew,hors famille,5,False,1,,0.7584,0.4401093574704006,0.4415666732236138,0.428999335577122,0.7570957095709571,0.052805280528052834,,,
Qwen3-4B-Instruct-2507,q4gab3,centre,journaliste,spfund,hors famille,4,False,1,,0.6821999999999999,0.44372556067487945,0.4451948506108889,0.44004400440044,0.593069306930693,0.016501650165016545,,,
Qwen3-4B-Instruct-2507,q4gab3,centre,journaliste,unemp,hors famille,2,False,1,,0.21120000000000005,0.47838447211057744,0.4799685266539899,0.49171649838251164,0.27603960396039606,0.03960396039603961,,,
Qwen3-4B-Instruct-2507,q4gab3,centre,journaliste,union1,hors famille,4,False,1,,0.7384,0.1669553093923255,0.1675081415426312,0.20106961191168615,0.7308910891089109,0.01980198019801975,,,
Qwen3-4B-Instruct-2507,q4gab3,centre,journaliste,spkath/y,libertes civiles (spk/col/lib),2,False,1,,0.4872000000000001,0.35530285701837516,0.356479356544926,0.37582372098596006,0.188976897689769,0.01980198019801982,0.42,0.231023102310231,0.2508250825082508
Qwen3-4B-Instruct-2507,q4gab3,centre,journaliste,colath,libertes civiles (spk/col/lib),2,False,1,,0.4872000000000001,0.3917263013430057,0.39302340830109506,0.4228779313574922,0.1526732673267327,0.0363036303630363,0.42,0.2673267326732673,0.3036303630363036
Qwen3-4B-Instruct-2507,q4gab3,centre,journaliste,spkrac/y,libertes civiles (spk/col/lib),2,False,1,,0.4351999999999999,0.497598274678953,0.49924595108517467,0.4990796109313902,0.14534653465346534,0.013201320132013222,,,
Qwen3-4B-Instruct-2507,q4gab3,centre,journaliste,colrac,libertes civiles (spk/col/lib),2,False,1,,0.4351999999999999,0.4487577470618349,0.4502436998666754,0.4466228801097931,0.019933993399339933,0.0033003300330033125,,,
Qwen3-4B-Instruct-2507,q4gab3,centre,journaliste,librac/y,libertes civiles (spk/col/lib),2,False,1,,0.47119999999999995,0.4954198390136044,0.49706030205669577,0.4965961942728927,0.07214521452145214,0.0066006600660065695,,,
Qwen3-4B-Instruct-2507,q4gab3,centre,journaliste,spkcom/y,libertes civiles (spk/col/lib),2,False,1,,0.4872000000000001,0.4508490453005697,0.45234192293401526,0.4352950146499799,0.07676567656765676,0.023102310231023132,0.42,0.3432343234323432,0.3201320132013201
Qwen3-4B-Instruct-2507,q4gab3,centre,journaliste,colcom/y,libertes civiles (spk/col/lib),2,False,1,,0.4351999999999999,0.4568615277369322,0.4583743142526174,0.4444444444444444,0.033135313531353155,0.019801980198019792,0.32,0.3531353135313531,0.3333333333333333
Qwen3-4B-Instruct-2507,q4gab3,centre,journaliste,libcom/y,libertes civiles (spk/col/lib),2,False,1,,0.47119999999999995,0.4036641287891165,0.4050007649771599,0.4228779313574922,0.09947194719471952,0.023102310231023132,0.38,0.2805280528052805,0.3036303630363036
Qwen3-4B-Instruct-2507,q4gab3,centre,journaliste,spkhomo/y,libertes civiles (spk/col/lib),2,False,1,,0.4351999999999999,0.15140127874173537,0.15190260747929077,0.16773954623185094,0.23749174917491753,0.009900990099009965,0.32,0.0825082508250825,0.0924092409240924
Qwen3-4B-Instruct-2507,q4gab3,centre,journaliste,colhomo,libertes civiles (spk/col/lib),2,False,1,,0.4872000000000001,0.1458680521517497,0.14635105894695416,0.16233702578178622,0.3407920792079208,0.009900990099009965,0.42,0.0792079207920792,0.0891089108910891
Qwen3-4B-Instruct-2507,q4gab3,centre,journaliste,libhomo/y,libertes civiles (spk/col/lib),2,False,1,,0.47119999999999995,0.25291638074698564,0.2537538522064127,0.29713862475356434,0.23148514851485147,0.03300330033003297,0.38,0.1485148514851485,0.1815181518151815
Qwen3-4B-Instruct-2507,q4gab3,centre,journaliste,cappun,hors famille,2,False,1,,0.4992,0.42026380855907375,0.42165541057417,0.4228779313574922,0.21966996699669972,0.0033003300330033125,0.48,0.6996699669966997,0.6963696369636964
Qwen3-4B-Instruct-2507,q4gab3,centre,journaliste,polhitok/y,hors famille,2,False,1,,0.21120000000000005,0.4810421636223028,0.4826350184687342,0.4835255802808004,0.4773597359735974,0.006600660066006597,0.12,0.5973597359735974,0.5907590759075908
Qwen3-4B-Instruct-2507,q4gab3,centre,journaliste,polabuse/y,hors famille,2,False,1,,0.4351999999999999,0.11754838850221683,0.11793762157672746,0.14029125684845734,0.25729372937293726,0.013201320132013222,0.32,0.0627062706270627,0.0759075907590759
Qwen3-4B-Instruct-2507,q4gab3,centre,journaliste,polattak/y,hors famille,2,False,1,,0.47119999999999995,0.46065200579463883,0.4621773435621707,0.4487577470618349,0.26026402640264024,0.01980198019801982,0.38,0.6402640264026402,0.6600660066006601
Qwen3-4B-Instruct-2507,q4gab3,centre,journaliste,grass,hors famille,2,False,1,,0.4872000000000001,0.38863292269821037,0.38991978668065475,0.37251249877463,0.155973597359736,0.016501650165016493,0.42,0.264026402640264,0.2475247524752475
Qwen3-4B-Instruct-2507,q4gab3,centre,journaliste,gunlaw,hors famille,2,False,1,,0.4992,0.4568615277369322,0.4583743142526174,0.4466228801097931,0.16686468646864688,0.016501650165016535,0.52,0.3531353135313531,0.3366336633663366
Qwen3-4B-Instruct-2507,q4gab3,centre,journaliste,owngun,hors famille,2,False,1,,0.29520000000000013,0.40074502499754927,0.40207199527899806,0.41216002788397654,0.0972277227722772,0.013201320132013167,,,
Qwen3-4B-Instruct-2507,q4gab3,centre,journaliste,hunt1,hors famille,4,False,1,,0.7322,0.19009029615832873,0.19071973422507815,0.21799605703144576,0.6976897689768977,0.016501650165016493,,,
Qwen3-4B-Instruct-2507,q4gab3,centre,journaliste,class,hors famille,4,False,1,,0.6951999999999999,0.672265246326613,0.6744912901886216,0.656972627955865,0.14356435643564358,0.0627062706270627,,,
Qwen3-4B-Instruct-2507,q4gab3,centre,journaliste,satfin,hors famille,3,False,1,,0.5832,0.6575825899421626,0.659760015736673,0.6497402215469072,0.21023102310231023,0.04950495049504949,,,
Qwen3-4B-Instruct-2507,q4gab3,centre,journaliste,finalter,hors famille,3,False,1,,0.6632,0.6313106558180572,0.6334010884532163,0.6456665468527052,0.16514851485148513,0.04950495049504948,,,
Qwen3-4B-Instruct-2507,q4gab3,centre,journaliste,finrela,hors famille,5,False,1,,0.755,0.6935485627770698,0.6958450811968613,0.7175549238092127,0.15066006600660067,0.10891089108910894,,,
Qwen3-4B-Instruct-2507,q4gab3,centre,journaliste,racdif1,hors famille,2,False,1,,0.47119999999999995,0.4997331416309948,0.5013878871330841,0.4997331416309948,0.10844884488448847,0.0,0.62,0.5115511551155115,0.5115511551155115
Qwen3-4B-Instruct-2507,q4gab3,centre,journaliste,racdif2,hors famille,2,False,1,,0.21120000000000005,0.1346708928318574,0.13511682294057215,0.1458680521517497,0.0473927392739274,0.006600660066006583,0.12,0.0726072607260726,0.0792079207920792
Qwen3-4B-Instruct-2507,q4gab3,centre,journaliste,racdif3,hors famille,2,False,1,,0.47119999999999995,0.4869239399187444,0.4885362708456276,0.492544303935344,0.0391419141914191,0.01980198019801982,0.62,0.5808580858085809,0.5610561056105611
Qwen3-4B-Instruct-2507,q4gab3,centre,journaliste,racdif4,hors famille,2,False,1,,0.4032,0.4279754708144081,0.4293926081349856,0.4328987354180962,0.030231023102310184,0.0066006600660065695,0.28,0.3102310231023102,0.3168316831683168
Qwen3-4B-Instruct-2507,q4gab3,centre,journaliste,wlthwhts,hors famille,7,False,1,,0.8090379008746356,0.5842346610898714,0.5861692129477849,0.5961942728926358,0.3016771064861588,0.023102310231023104,,,
Qwen3-4B-Instruct-2507,q4gab3,centre,journaliste,wlthblks,hors famille,7,False,1,,0.8191080353710112,0.6516790292890676,0.6538369068694949,0.6630504634621879,0.43379926227916904,0.049504950495049535,,,
Qwen3-4B-Instruct-2507,q4gab3,centre,journaliste,wlthhsps,hors famille,7,False,1,,0.8191080353710112,0.6341426221830104,0.6362424321902389,0.6882767484669261,0.4370995923121724,0.07590759075907592,,,
Qwen3-4B-Instruct-2507,q4gab3,centre,journaliste,racwork,hors famille,7,True,1,"somme 110.0 hors de [95, 105]",,,,,,,,,
Qwen3-4B-Instruct-2507,q4gab3,centre,journaliste,letin1a,hors famille,5,False,1,,0.7682,0.7041357601106646,0.7064673354752694,0.701064165822523,0.23627062706270627,0.029702970297029726,0.48,0.6443894389438943,0.6402640264026402
Qwen3-4B-Instruct-2507,q4gab3,centre,journaliste,getahead,hors famille,3,False,1,,0.6392,0.5466566458626061,0.548466767206522,0.5377686283479832,0.14059405940594058,0.023102310231023142,0.59,0.6749174917491749,0.6666666666666666
Qwen3-4B-Instruct-2507,q4gab3,centre,journaliste,aged,hors famille,3,False,1,,0.6392,0.5147207790085939,0.5164251524490197,0.487577470618349,0.2503630363036303,0.029702970297029736,,,
Qwen3-4B-Instruct-2507,q4gab3,centre,journaliste,parsol,hors famille,5,False,1,,0.7514000000000001,0.7637595442712588,0.7662885493847397,0.7754577437941814,0.06795379537953791,0.07260726072607263,,,
Qwen3-4B-Instruct-2507,q4gab3,centre,journaliste,kidssol,hors famille,6,True,1,"somme 110.0 hors de [95, 105]",,,,,,,,,
Qwen3-4B-Instruct-2507,q4gab3,centre,journaliste,spanking,hors famille,4,False,1,,0.7282,0.7247873302181704,0.7271872882652504,0.7199294186844427,0.09848184818481849,0.03960396039603961,0.5866666666666668,0.5192519251925193,0.5269526952695269
Qwen3-4B-Instruct-2507,q4gab3,centre,journaliste,divlaw,hors famille,3,False,1,,0.6422,0.6126632465226722,0.614691932769436,0.622139441666939,0.07818481848184813,0.016501650165016493,0.455,0.38778877887788776,0.3976897689768977
Qwen3-4B-Instruct-2507,q4gab3,centre,journaliste,sexeduc,hors famille,2,False,1,,0.4872000000000001,0.2291714319946847,0.2299302777959916,0.18368569530220347,0.287986798679868,0.029702970297029715,0.42,0.132013201320132,0.1023102310231023
Qwen3-4B-Instruct-2507,q4gab3,centre,journaliste,pillok,hors famille,4,False,1,,0.7282,0.6929821695040792,0.6952768124494569,0.6943327996165953,0.08234323432343238,0.006600660066006583,0.41333333333333333,0.3784378437843784,0.38283828382838275
Qwen3-4B-Instruct-2507,q4gab3,centre,journaliste,xmarsex,hors famille,4,False,1,,0.6952,0.5532355215719593,0.5550674272725287,0.5933187378143756,0.3404620462046205,0.06930693069306927,0.6266666666666667,0.7986798679867987,0.781078107810781
Qwen3-4B-Instruct-2507,q4gab3,centre,journaliste,homosex,hors famille,4,False,1,,0.6849999999999999,0.5965863913123987,0.5985618429392608,0.5882211983574595,0.5519801980198019,0.03300330033003304,0.5166666666666666,0.3157315731573157,0.2992299229922992
Qwen3-4B-Instruct-2507,q4gab3,centre,journaliste,marhomo,hors famille,5,False,1,,0.7101999999999999,0.6934614253504559,0.6957576552357222,0.6914572645383351,0.29887788778877883,0.03630363036303631,0.305,0.2863036303630363,0.2838283828382838
Qwen3-4B-Instruct-2507,q4gab3,centre,journaliste,discaff,hors famille,3,False,1,,0.6461999999999999,0.5802045551089763,0.5821257622450987,0.5912274395756407,0.21184818481848186,0.02640264026402643,0.505,0.30693069306930687,0.3135313531353135
Qwen3-4B-Instruct-2507,q4gab3,centre,journaliste,abdefect,avortement (ab*),2,False,1,,0.4872000000000001,0.2575346643575247,0.258387428146788,0.2755721116666122,0.2681848184818482,0.013201320132013222,0.42,0.1518151815181518,0.165016501650165
Qwen3-4B-Instruct-2507,q4gab3,centre,journaliste,abnomore,avortement (ab*),2,False,1,,0.4872000000000001,0.4279754708144081,0.4293926081349856,0.47973510222309357,0.1097689768976898,0.08910891089108908,0.42,0.3102310231023102,0.3993399339933993
Qwen3-4B-Instruct-2507,q4gab3,centre,journaliste,abhlth,avortement (ab*),2,False,1,,0.4351999999999999,0.12900696010195056,0.12943413546652655,0.12900696010195056,0.25069306930693075,0.0,0.32,0.0693069306930693,0.0693069306930693
Qwen3-4B-Instruct-2507,q4gab3,centre,journaliste,abpoor,avortement (ab*),2,False,1,,0.4872000000000001,0.4149048568223159,0.41627871396411165,0.4508490453005697,0.1262706270627063,0.04950495049504955,0.42,0.2937293729372937,0.3432343234323432
Qwen3-4B-Instruct-2507,q4gab3,centre,journaliste,abrape,avortement (ab*),2,False,1,,0.4351999999999999,0.16773954623185094,0.16829497519288356,0.17309849796860877,0.22759075907590756,0.0033003300330033195,0.32,0.0924092409240924,0.0957095709570957
Qwen3-4B-Instruct-2507,q4gab3,centre,journaliste,absingle,avortement (ab*),2,False,1,,0.4872000000000001,0.4549009356381183,0.4564072301269862,0.4879695890381117,0.07016501650165019,0.0726072607260726,0.42,0.3498349834983498,0.4224422442244224
Qwen3-4B-Instruct-2507,q4gab3,centre,journaliste,abany,avortement (ab*),2,False,1,,0.4872000000000001,0.46601095753139676,0.4675540401722292,0.4769902732847542,0.05036303630363037,0.023102310231023077,0.42,0.3696369636963696,0.3927392739273927
Qwen3-4B-Instruct-2507,q4gab3,centre,journaliste,letdie1,fin de vie (suicide/letdie),2,False,1,,0.47119999999999995,0.35530285701837516,0.356479356544926,0.37582372098596006,0.38897689768976895,0.01980198019801982,0.62,0.231023102310231,0.2508250825082508
Qwen3-4B-Instruct-2507,q4gab3,centre,journaliste,suicide1,fin de vie (suicide/letdie),2,False,1,,0.4992,0.3444542474049386,0.3455948243831006,0.35883192279624,0.2988778877887789,0.013201320132013167,0.52,0.2211221122112211,0.2343234323432343
Qwen3-4B-Instruct-2507,q4gab3,centre,journaliste,suicide2,fin de vie (suicide/letdie),2,False,1,,0.21120000000000005,0.38231545926869925,0.38358140449806577,0.35530285701837516,0.1374257425742574,0.02640264026402639,0.88,0.7425742574257426,0.768976897689769
Qwen3-4B-Instruct-2507,q4gab3,centre,journaliste,suicide3,fin de vie (suicide/letdie),2,False,1,,0.4351999999999999,0.3917263013430057,0.39302340830109506,0.3691577078499928,0.052673267326732665,0.023102310231023118,0.68,0.7326732673267327,0.7557755775577558
Qwen3-4B-Instruct-2507,q4gab3,centre,journaliste,suicide4,fin de vie (suicide/letdie),2,False,1,,0.4992,0.4677101373503687,0.4692588464144427,0.4568615277369322,0.10706270627062708,0.019801980198019764,0.52,0.6270627062706271,0.6468646864686468
Qwen3-4B-Instruct-2507,q4gab3,centre,journaliste,pornlaw,hors famille,3,False,1,,0.6272,0.4658802513914757,0.46742290123052027,0.49692295962269484,0.19326732673267333,0.03630363036303632,0.56,0.6171617161716172,0.6254125412541254
Qwen3-4B-Instruct-2507,q4gab3,centre,journaliste,fair,hors famille,3,False,1,,0.6422,0.6374974131076475,0.6396083316940966,0.6399154766961845,0.09584158415841589,0.07590759075907594,,,
Qwen3-4B-Instruct-2507,q4gab3,centre,journaliste,helpful,hors famille,3,False,1,,0.6392,0.6575825899421626,0.659760015736673,0.6467993333986866,0.16257425742574255,0.039603960396039584,,,
Qwen3-4B-Instruct-2507,q4gab3,centre,journaliste,trust,hors famille,3,False,1,,0.6632,0.583864327026762,0.5857976526129434,0.6015096559160867,0.2445544554455446,0.04950495049504955,,,
Qwen3-4B-Instruct-2507,q4gab3,centre,journaliste,tax,hors famille,3,False,1,,0.6272,0.4798658083630146,0.4814547679933557,0.4658366826781689,0.3103630363036304,0.016501650165016493,0.56,0.8052805280528053,0.8168316831683168
Qwen3-4B-Instruct-2507,q4gab3,centre,journaliste,vote16,hors famille,3,False,1,,0.6006,0.5565903124965962,0.5584333267763862,0.5253515450554957,0.08105610561056109,0.03300330033003297,,,
Qwen3-4B-Instruct-2507,q4gab3,centre,journaliste,pres16,hors famille,4,False,1,,0.7081999999999999,0.687252883704212,0.689528555504557,0.6970122754849744,0.26914191419141914,0.02970297029702971,,,
Qwen3-4B-Instruct-2507,q4gab3,centre,journaliste,if16who,hors famille,3,False,1,,0.6434,0.6582361206417672,0.6604157104452166,0.6565805095361021,0.06676567656765674,0.013201320132013222,,,
Qwen3-4B-Instruct-2507,q4gab3,centre,journaliste,news,hors famille,5,False,1,,0.7782,0.7172063741027568,0.7195812296461433,0.7338278382293675,0.36006600660066,0.0363036303630363,,,
Qwen3-4B-Instruct-2507,q4gab3,centre,journaliste,jew,hors famille,5,False,1,,0.7702,0.5021729895761853,0.5038358140449806,0.4101994357851628,0.6641914191419143,0.08580858085808578,,,
Qwen3-4B-Instruct-2507,q4gab3,centre,journaliste,relig16*,hors famille,5,False,1,,0.6961999999999999,0.7645655654674379,0.7670972395252771,0.7664172357829843,0.31534653465346535,0.066006600660066,,,
Qwen3-4B-Instruct-2507,q4gab3,centre,journaliste,jew16*,hors famille,5,False,1,,0.7528,0.468211177553399,0.46976154569099304,0.4040344628522259,0.7341914191419142,0.05610561056105612,,,
Qwen3-4B-Instruct-2507,q4gab3,centre,journaliste,attend,hors famille,9,True,1,"somme 108.0 hors de [95, 105]",,,,,,,,,
Qwen3-4B-Instruct-2507,q4gab3,centre,journaliste,pray,hors famille,6,False,1,,0.8182,0.8031674454574171,0.8058269403099251,0.8035813482338333,0.27026402640264025,0.02310231023102309,,,
Qwen3-4B-Instruct-2507,q4gab3,centre,journaliste,postlife,hors famille,2,False,1,,0.47119999999999995,0.40653966386737683,0.40788582169475224,0.37251249877463,0.3361716171617162,0.03630363036303631,,,
Qwen3-4B-Instruct-2507,q4gab3,centre,journaliste,bible,hors famille,3,False,1,,0.615,0.6418107157250379,0.643935916770485,0.6228583254365041,0.21897689768976897,0.04290429042904287,,,
Qwen3-4B-Instruct-2507,q4gab3,centre,journaliste,reborn,hors famille,3,False,1,,0.48319999999999985,0.648215316581163,0.6503617249142132,0.6462111557690423,0.23775577557755778,0.006600660066006597,,,
Qwen3-4B-Instruct-2507,q4gab3,centre,journaliste,savesoul,hors famille,2,False,1,,0.4351999999999999,0.42026380855907375,0.42165541057417,0.4328987354180962,0.019669966996699678,0.01650165016501648,,,
Qwen3-4B-Instruct-2507,q4gab3,centre,journaliste,granborn,hors famille,5,False,1,,0.7302,0.5946911522835452,0.596660328284484,0.6076746288490236,0.37198019801980203,0.023102310231023142,,,
Qwen3-4B-Instruct-2507,q4gab3,centre,journaliste,uscitzn*,hors famille,2,False,1,,0.29520000000000013,0.0,0.0,0.006578875709353005,0.18000000000000002,0.003300330033003265,,,
Qwen3-4B-Instruct-2507,q4gab3,centre,journaliste,fucitzn,hors famille,5,False,1,,0.6093999999999999,0.0,0.0,0.019649489701445644,0.87,0.00990099009900996,,,
Qwen3-4B-Instruct-2507,q4gab3,centre,journaliste,mnthsusa,hors famille,6,False,1,,0.8182,0.038819723556514196,0.03894826568749603,0.05167249398207141,0.83019801980198,0.006600660066006585,,,
Qwen3-4B-Instruct-2507,q4gab3,centre,journaliste,income,hors famille,12,True,1,"somme 82.0 hors de [95, 105]",,,,,,,,,
Qwen3-4B-Instruct-2507,q4gab3,centre,journaliste,othlang,hors famille,2,False,1,,0.4351999999999999,0.35883192279624,0.36002010797106193,0.3517302225272032,0.08567656765676569,0.006600660066006583,,,
Qwen3-4B-Instruct-2507,q4gab3,centre,journaliste,health,hors famille,4,False,1,,0.6849999999999999,0.6039930725745842,0.6059930496360895,0.6069775294361119,0.15858085808580857,0.056105610561056105,,,
Qwen3-4B-Instruct-2507,q4gab3,centre,journaliste,compuse*,hors famille,2,False,1,,0.1472,0.08212702458364629,0.08239896837365836,0.12900696010195056,0.03709570957095715,0.026402640264026393,,,
Qwen3-4B-Instruct-2507,q4gab3,centre,journaliste,webmob,hors famille,2,False,1,,0.21120000000000005,0.032458691413695506,0.03256617052433688,0.06997135357100093,0.10349834983498356,0.01980198019801992,,,
Qwen3-4B-Instruct-2507,q4gab3,centre,journaliste,xmovie,hors famille,2,False,1,,0.29520000000000013,0.4677101373503687,0.4692588464144427,0.4823056563082051,0.19293729372937288,0.03300330033003304,,,
Qwen3-4B-Instruct-2507,q4gab3,centre,journaliste,usewww*,hors famille,2,False,1,,0.29520000000000013,0.032458691413695506,0.03256617052433688,0.038819723556514196,0.16349834983498357,0.003300330033003375,,,
Qwen3-4B-Instruct-2507,q4gab3,centre,journaliste,life,hors famille,3,False,1,,0.635,0.5185548257796078,0.5202718947391428,0.5158317811979217,0.17046204620462047,0.03960396039603964,,,
Qwen3-4B-Instruct-2507,q4gab3,centre,journaliste,richwork,hors famille,2,False,1,,0.4992,0.47097779084839186,0.4725373199571613,0.47838447211057744,0.10046204620462043,0.01650165016501648,,,
Qwen3-4B-Instruct-2507,q4gab3,centre,adversaire,natspac/y,depenses publiques (nat*),3,False,1,,0.635,0.5941683277238615,0.596135772517649,0.607696413205677,0.17508250825082508,0.04620462046204621,0.42500000000000004,0.5528052805280528,0.5808580858085808
Qwen3-4B-Instruct-2507,q4gab3,centre,adversaire,natenvir/y,depenses publiques (nat*),3,False,1,,0.635,0.4427452646254725,0.44421130854807334,0.46352754087289916,0.3562706270627063,0.033003300330032986,0.42500000000000004,0.17656765676567654,0.18646864686468645
Qwen3-4B-Instruct-2507,q4gab3,centre,adversaire,natheal/y,depenses publiques (nat*),3,False,1,,0.62,0.4368199196157241,0.43826634319061053,0.3936868934418194,0.3930693069306931,0.06600660066006604,0.45,0.16336633663366334,0.14356435643564355
Qwen3-4B-Instruct-2507,q4gab3,centre,adversaire,natcity/y,depenses publiques (nat*),3,False,1,,0.635,0.6171072552799834,0.619150656787533,0.641767147011731,0.11567656765676566,0.05280528052805285,0.42500000000000004,0.5082508250825082,0.504950495049505
Qwen3-4B-Instruct-2507,q4gab3,centre,adversaire,natdrug/y,depenses publiques (nat*),3,False,1,,0.62,0.5409273600627389,0.5427185102616221,0.5376379222080623,0.2577557755775578,0.0033003300330033195,0.45,0.2524752475247525,0.24917491749174916
Qwen3-4B-Instruct-2507,q4gab3,centre,adversaire,nateduc/y,depenses publiques (nat*),3,False,1,,0.635,0.46065200579463894,0.46217734356217083,0.4717184589746103,0.3364686468646865,0.013201320132013167,0.42500000000000004,0.18646864686468645,0.19306930693069305
Qwen3-4B-Instruct-2507,q4gab3,centre,adversaire,natrace/y,depenses publiques (nat*),3,False,1,,0.635,0.631746342951127,0.6338382182589121,0.6239039745558715,0.012046204620462034,0.019801980198019806,0.42500000000000004,0.429042904290429,0.41254125412541254
Qwen3-4B-Instruct-2507,q4gab3,centre,adversaire,natarms/y,depenses publiques (nat*),3,False,1,,0.635,0.6169111960701021,0.61895394837497,0.6195906719384809,0.15528052805280526,0.006600660066006611,0.575,0.44719471947194717,0.45214521452145207
Qwen3-4B-Instruct-2507,q4gab3,centre,adversaire,nataid/y,depenses publiques (nat*),3,False,1,,0.635,0.39451469899465197,0.3958210390575481,0.4076070973433976,0.5425742574257426,0.01650165016501648,0.42500000000000004,0.858085808580858,0.8465346534653465
Qwen3-4B-Instruct-2507,q4gab3,centre,adversaire,natfare/y,depenses publiques (nat*),3,False,1,,0.635,0.40745460684682333,0.40880379428671343,0.39473254256118684,0.38927392739273925,0.00990099009900991,0.42500000000000004,0.15676567656765675,0.1485148514851485
Qwen3-4B-Instruct-2507,q4gab3,centre,adversaire,natroad,depenses publiques (nat*),3,False,1,,0.635,0.5754337810018627,0.5773391908727298,0.5910313803657594,0.11089108910891084,0.046204620462046195,0.42500000000000004,0.33168316831683164,0.32838283828382836
Qwen3-4B-Instruct-2507,q4gab3,centre,adversaire,natsoc,depenses publiques (nat*),3,False,1,,0.635,0.46378895315274105,0.4653246781631805,0.4593449443954296,0.3034653465346535,0.03630363036303631,0.42500000000000004,0.1815181518151815,0.17986798679867982
Qwen3-4B-Instruct-2507,q4gab3,centre,adversaire,natmass,depenses publiques (nat*),3,False,1,,0.635,0.5503164177803919,0.5521386575743666,0.5643019747519307,0.13085808580858088,0.046204620462046195,0.42500000000000004,0.38943894389438943,0.36303630363036304
Qwen3-4B-Instruct-2507,q4gab3,centre,adversaire,natpark,depenses publiques (nat*),3,False,1,,0.635,0.43642780119596125,0.43787292636548425,0.48993018113692566,0.2628712871287129,0.05940594059405936,0.42500000000000004,0.4158415841584158,0.3927392739273927
Qwen3-4B-Instruct-2507,q4gab3,centre,adversaire,natchld,depenses publiques (nat*),3,False,1,,0.635,0.5512313607598384,0.5530566301663279,0.5430840113714341,0.15825082508250832,0.0363036303630363,0.42500000000000004,0.2755775577557755,0.25742574257425743
Qwen3-4B-Instruct-2507,q4gab3,centre,adversaire,natsci,depenses publiques (nat*),3,False,1,,0.635,0.5196004748989751,0.5213210062728127,0.5534751494951475,0.16386138613861387,0.03630363036303631,0.42500000000000004,0.3795379537953795,0.3910891089108911
Qwen3-4B-Instruct-2507,q4gab3,centre,adversaire,natenrgy,depenses publiques (nat*),3,False,1,,0.635,0.5766537049744579,0.5785631543286779,0.5809016545218879,0.12194719471947195,0.029702970297029722,0.42500000000000004,0.3085808580858086,0.3036303630363036
Qwen3-4B-Instruct-2507,q4gab3,centre,adversaire,uswary,hors famille,2,False,1,,0.17999999999999994,0.4940692089010881,0.49570519965903864,0.4869239399187444,0.4544554455445545,0.02640264026402639,,,
Qwen3-4B-Instruct-2507,q4gab3,centre,adversaire,prayer,hors famille,2,False,1,,0.4992,0.4624818917535317,0.46401328874609304,0.47254626452744286,0.116963696369637,0.01980198019801982,0.48,0.363036303630363,0.3828382838283828
Qwen3-4B-Instruct-2507,q4gab3,centre,adversaire,courts,hors famille,3,False,1,,0.62,0.5815551852214924,0.5834808646427556,0.5920988138417802,0.3412541254125413,0.016501650165016507,0.45,0.7062706270627063,0.693069306930693
Qwen3-4B-Instruct-2507,q4gab3,centre,adversaire,discaffw,hors famille,4,False,1,,0.7149999999999999,0.6964023134986767,0.6987082814241689,0.6857933318084284,0.10957095709570952,0.03300330033003298,0.41666666666666663,0.45214521452145207,0.4279427942794279
Qwen3-4B-Instruct-2507,q4gab3,centre,adversaire,discaffm,hors famille,4,False,1,,0.7149999999999999,0.690825518195384,0.6931130199112626,0.6920672265246327,0.3463696369636964,0.036303630363036306,0.5833333333333334,0.36853685368536854,0.38833883388338836
Qwen3-4B-Instruct-2507,q4gab3,centre,adversaire,fehire,roles de genre (fe*),5,False,1,,0.775,0.7300155758150073,0.7324328459336,0.7365073140977465,0.12953795379537955,0.013201320132013188,0.45000000000000007,0.4216171617161716,0.42409240924092406
Qwen3-4B-Instruct-2507,q4gab3,centre,adversaire,fechld,roles de genre (fe*),4,False,1,,0.73,0.6313542245313641,0.6334448014337858,0.6357110958620615,0.21848184818481844,0.0396039603960396,0.43333333333333335,0.2926292629262926,0.27722772277227714
Qwen3-4B-Instruct-2507,q4gab3,centre,adversaire,fepresch,roles de genre (fe*),4,False,1,,0.705,0.6070646668627259,0.6090748147662448,0.6510037142328093,0.22557755775577557,0.0627062706270627,0.48333333333333334,0.3432343234323433,0.34543454345434543
Qwen3-4B-Instruct-2507,q4gab3,centre,adversaire,fefam,roles de genre (fe*),4,False,1,,0.6849999999999999,0.6642921717914366,0.6664918147443883,0.6799769085819474,0.2062706270627062,0.033003300330032986,0.5166666666666666,0.37073707370737075,0.3883388338833883
Qwen3-4B-Instruct-2507,q4gab3,centre,adversaire,fepol,roles de genre (fe*),2,False,1,,0.4992,0.3657593482120489,0.3669704718816252,0.4149048568223159,0.23907590759075906,0.05280528052805278,0.48,0.2409240924092409,0.2937293729372937
Qwen3-4B-Instruct-2507,q4gab3,centre,adversaire,mobile16,hors famille,3,False,1,,0.585,0.6585411016349161,0.6607217013092038,0.6616780489930182,0.14735973597359742,0.016501650165016507,,,
Qwen3-4B-Instruct-2507,q4gab3,centre,adversaire,incom16,hors famille,5,False,1,,0.755,0.6481063947978956,0.6502524424627892,0.6563408816129138,0.16485148514851491,0.029702970297029736,,,
Qwen3-4B-Instruct-2507,q4gab3,centre,adversaire,dwelown16,hors famille,3,False,1,,0.635,0.4713263405548477,0.472887023801718,0.4760753303053079,0.30676567656765674,0.013201320132013201,,,
Qwen3-4B-Instruct-2507,q4gab3,centre,adversaire,divorced,hors famille,2,False,1,,0.2550000000000001,0.40937163023233025,0.410727165431775,0.41216002788397654,0.13712871287128714,0.003300330033003257,,,
Qwen3-4B-Instruct-2507,q4gab3,centre,adversaire,posslq/y,hors famille,4,False,1,,0.735,0.6762735679508546,0.6785128844010229,0.6660567046803691,0.22244224422442244,0.0231023102310231,,,
Qwen3-4B-Instruct-2507,q4gab3,centre,adversaire,wrkstat,hors famille,8,True,1,"somme 110.0 hors de [95, 105]",,,,,,,,,
Qwen3-4B-Instruct-2507,q4gab3,centre,adversaire,evwork,hors famille,2,False,1,,0.45499999999999996,0.19923972595279338,0.19989946014469004,0.20939123615331834,0.23778877887788777,0.00660066006600659,,,
Qwen3-4B-Instruct-2507,q4gab3,centre,adversaire,wrkgovt1,hors famille,2,False,1,,0.4032,0.2575346643575247,0.258387428146788,0.2575346643575247,0.12818481848184826,0.0,,,
Qwen3-4B-Instruct-2507,q4gab3,centre,adversaire,wrkgovt2,hors famille,2,False,1,,0.4872000000000001,0.48583472208607004,0.4874434463313881,0.48897166944417225,0.004158415841584162,0.009900990099009882,,,
Qwen3-4B-Instruct-2507,q4gab3,centre,adversaire,partfull,hors famille,3,False,1,,0.5512,0.6335762289100197,0.6356741634428343,0.6244921521855156,0.25643564356435644,0.029702970297029715,,,
Qwen3-4B-Instruct-2507,q4gab3,centre,adversaire,wksub1,hors famille,3,False,1,,0.5049999999999999,0.643379189404089,0.6455095840709899,0.622945462863118,0.31584158415841584,0.04620462046204621,,,
Qwen3-4B-Instruct-2507,q4gab3,centre,adversaire,wksup1,hors famille,3,False,1,,0.605,0.6232504438562669,0.6253141870478439,0.6182400418259648,0.28894389438943896,0.009900990099009868,,,
Qwen3-4B-Instruct-2507,q4gab3,centre,adversaire,conarmy,confiance dans les institutions (con*),3,False,1,,0.62,0.5893539849034408,0.5913054881647104,0.5841693080199111,0.17524752475247526,0.04290429042904289,0.55,0.6831683168316831,0.6716171617161716
Qwen3-4B-Instruct-2507,q4gab3,centre,adversaire,conbus,confiance dans les institutions (con*),3,False,1,,0.62,0.5544990142578614,0.5563351037090464,0.5287499046934396,0.18118811881188115,0.029702970297029695,0.55,0.41254125412541254,0.4075907590759076
Qwen3-4B-Instruct-2507,q4gab3,centre,adversaire,conclerg,confiance dans les institutions (con*),3,False,1,,0.62,0.5701837510483723,0.5720717767140953,0.572362186713721,0.304950495049505,0.08250825082508254,0.55,0.2904290429042904,0.33168316831683164
Qwen3-4B-Instruct-2507,q4gab3,centre,adversaire,coneduc,confiance dans les institutions (con*),3,False,1,,0.62,0.5541722489080592,0.5560072563547745,0.5477022949819735,0.10396039603960397,0.009900990099009896,0.45,0.4636963696369637,0.457095709570957
Qwen3-4B-Instruct-2507,q4gab3,centre,adversaire,confed,confiance dans les institutions (con*),3,False,1,,0.62,0.5904432027361153,0.59239831267895,0.5975666873618055,0.20594059405940596,0.026402640264026396,0.45,0.6468646864686468,0.6254125412541254
Qwen3-4B-Instruct-2507,q4gab3,centre,adversaire,confinan,confiance dans les institutions (con*),3,False,1,,0.62,0.5814244790815715,0.5833497257010468,0.5783746691500833,0.10198019801980197,0.009900990099009882,0.55,0.4834983498349835,0.4752475247524752
Qwen3-4B-Instruct-2507,q4gab3,centre,adversaire,conjudge,confiance dans les institutions (con*),3,False,1,,0.62,0.6028820703852563,0.6048783686315651,0.5913145770022548,0.13828382838283831,0.019801980198019764,0.55,0.42079207920792083,0.4207920792079207
Qwen3-4B-Instruct-2507,q4gab3,centre,adversaire,conlabor,confiance dans les institutions (con*),3,False,1,,0.595,0.5342395625701185,0.5360085677441917,0.550316417780392,0.08036303630363034,0.026402640264026403,0.47500000000000003,0.5066006600660066,0.523102310231023
Qwen3-4B-Instruct-2507,q4gab3,centre,adversaire,conlegis,confiance dans les institutions (con*),3,False,1,,0.62,0.5809016545218879,0.582825169934212,0.5550436231741988,0.27524752475247527,0.06930693069306929,,,
Qwen3-4B-Instruct-2507,q4gab3,centre,adversaire,conmedic,confiance dans les institutions (con*),3,False,1,,0.62,0.5768497641843393,0.578759862741241,0.5923602261216221,0.0877887788778878,0.05280528052805284,0.45,0.3795379537953795,0.3564356435643564
Qwen3-4B-Instruct-2507,q4gab3,centre,adversaire,conpress,confiance dans les institutions (con*),3,False,1,,0.62,0.5640405624720889,0.5659082464537845,0.5764140770512696,0.24554455445544554,0.016501650165016493,0.45,0.6864686468646863,0.6732673267326732
Qwen3-4B-Instruct-2507,q4gab3,centre,adversaire,consci,confiance dans les institutions (con*),3,False,1,,0.62,0.5888747290570643,0.5908246453784453,0.5823394220610181,0.14554455445544556,0.033003300330033,0.45,0.33003300330033,0.3399339933993399
Qwen3-4B-Instruct-2507,q4gab3,centre,adversaire,contv,confiance dans les institutions (con*),3,False,1,,0.62,0.570532300754828,0.5724214805586518,0.5827315404807808,0.229042904290429,0.01650165016501655,,,
Qwen3-4B-Instruct-2507,q4gab3,centre,adversaire,joblose,hors famille,5,False,1,,0.775,0.6558616257665371,0.6580333530041745,0.6545763487239813,0.4887788778877888,0.013201320132013201,,,
Qwen3-4B-Instruct-2507,q4gab3,centre,adversaire,jobfind,hors famille,4,False,1,,0.675,0.6965765883519046,0.6988831333464472,0.6881242579703516,0.3704620462046205,0.013201320132013195,,,
Qwen3-4B-Instruct-2507,q4gab3,centre,adversaire,happy,hors famille,3,False,1,,0.585,0.5862606062586457,0.5882018665442703,0.5736692481129302,0.09537953795379532,0.04620462046204621,,,
Qwen3-4B-Instruct-2507,q4gab3,centre,adversaire,hapmar,hors famille,4,False,1,,0.595,0.5918156172052849,0.5937752715668917,0.5968695879488939,0.530858085808581,0.02640264026402642,,,
Qwen3-4B-Instruct-2507,q4gab3,centre,adversaire,satjob,hors famille,5,False,1,,0.7249999999999999,0.684791251402368,0.6870587721023758,0.7011730876057904,0.3922442244224423,0.059405940594059424,,,
Qwen3-4B-Instruct-2507,q4gab3,centre,adversaire,spdeg*,hors famille,6,False,1,,0.79,0.6667538040932806,0.6689615981465695,0.6568854905292509,0.46815181518151816,0.026402640264026365,,,
Qwen3-4B-Instruct-2507,q4gab3,centre,adversaire,spjew,hors famille,5,False,1,,0.7642,0.4401093574704006,0.4415666732236138,0.428999335577122,0.707095709570957,0.052805280528052834,,,
Qwen3-4B-Instruct-2507,q4gab3,centre,adversaire,spfund,hors famille,4,False,1,,0.6249999999999999,0.44372556067487945,0.4451948506108889,0.44004400440044,0.5930693069306932,0.016501650165016545,,,
Qwen3-4B-Instruct-2507,q4gab3,centre,adversaire,unemp,hors famille,2,False,1,,0.21120000000000005,0.47838447211057744,0.4799685266539899,0.49171649838251164,0.27603960396039606,0.03960396039603961,,,
Qwen3-4B-Instruct-2507,q4gab3,centre,adversaire,union1,hors famille,4,False,1,,0.7392,0.1669553093923255,0.1675081415426312,0.20106961191168615,0.7108910891089109,0.01980198019801975,,,
Qwen3-4B-Instruct-2507,q4gab3,centre,adversaire,spkath/y,libertes civiles (spk/col/lib),2,False,1,,0.4872000000000001,0.35530285701837516,0.356479356544926,0.37582372098596006,0.188976897689769,0.01980198019801982,0.42,0.231023102310231,0.2508250825082508
Qwen3-4B-Instruct-2507,q4gab3,centre,adversaire,colath,libertes civiles (spk/col/lib),2,False,1,,0.4872000000000001,0.3917263013430057,0.39302340830109506,0.4228779313574922,0.1526732673267327,0.0363036303630363,0.42,0.2673267326732673,0.3036303630363036
Qwen3-4B-Instruct-2507,q4gab3,centre,adversaire,spkrac/y,libertes civiles (spk/col/lib),2,False,1,,0.42000000000000004,0.497598274678953,0.49924595108517467,0.4990796109313902,0.1653465346534653,0.013201320132013222,,,
Qwen3-4B-Instruct-2507,q4gab3,centre,adversaire,colrac,libertes civiles (spk/col/lib),2,False,1,,0.45499999999999996,0.4487577470618349,0.4502436998666754,0.4466228801097931,0.010066006600660066,0.0033003300330033125,,,
Qwen3-4B-Instruct-2507,q4gab3,centre,adversaire,librac/y,libertes civiles (spk/col/lib),2,False,1,,0.47119999999999995,0.4954198390136044,0.49706030205669577,0.4965961942728927,0.07214521452145214,0.0066006600660065695,,,
Qwen3-4B-Instruct-2507,q4gab3,centre,adversaire,spkcom/y,libertes civiles (spk/col/lib),2,False,1,,0.4872000000000001,0.4508490453005697,0.45234192293401526,0.4352950146499799,0.07676567656765676,0.023102310231023132,0.42,0.3432343234323432,0.3201320132013201
Qwen3-4B-Instruct-2507,q4gab3,centre,adversaire,colcom/y,libertes civiles (spk/col/lib),2,False,1,,0.42000000000000004,0.4568615277369322,0.4583743142526174,0.4444444444444444,0.05313531353135312,0.019801980198019792,0.3,0.3531353135313531,0.3333333333333333
Qwen3-4B-Instruct-2507,q4gab3,centre,adversaire,libcom/y,libertes civiles (spk/col/lib),2,False,1,,0.45499999999999996,0.4036641287891165,0.4050007649771599,0.4228779313574922,0.0694719471947195,0.023102310231023132,0.35,0.2805280528052805,0.3036303630363036
Qwen3-4B-Instruct-2507,q4gab3,centre,adversaire,spkhomo/y,libertes civiles (spk/col/lib),2,False,1,,0.4872000000000001,0.15140127874173537,0.15190260747929077,0.16773954623185094,0.33749174917491753,0.009900990099009965,0.42,0.0825082508250825,0.0924092409240924
Qwen3-4B-Instruct-2507,q4gab3,centre,adversaire,colhomo,libertes civiles (spk/col/lib),2,False,1,,0.4992,0.1458680521517497,0.14635105894695416,0.16233702578178622,0.4007920792079208,0.009900990099009965,0.48,0.0792079207920792,0.0891089108910891
Qwen3-4B-Instruct-2507,q4gab3,centre,adversaire,libhomo/y,libertes civiles (spk/col/lib),2,False,1,,0.47119999999999995,0.25291638074698564,0.2537538522064127,0.29713862475356434,0.23148514851485147,0.03300330033003297,0.38,0.1485148514851485,0.1815181518151815
Qwen3-4B-Instruct-2507,q4gab3,centre,adversaire,cappun,hors famille,2,False,1,,0.4992,0.42026380855907375,0.42165541057417,0.4228779313574922,0.21966996699669972,0.0033003300330033125,0.48,0.6996699669966997,0.6963696369636964
Qwen3-4B-Instruct-2507,q4gab3,centre,adversaire,polhitok/y,hors famille,2,False,1,,0.21120000000000005,0.4810421636223028,0.4826350184687342,0.4835255802808004,0.4773597359735974,0.006600660066006597,0.12,0.5973597359735974,0.5907590759075908
Qwen3-4B-Instruct-2507,q4gab3,centre,adversaire,polabuse/y,hors famille,2,False,1,,0.45499999999999996,0.11754838850221683,0.11793762157672746,0.14029125684845734,0.28729372937293723,0.013201320132013222,0.35,0.0627062706270627,0.0759075907590759
Qwen3-4B-Instruct-2507,q4gab3,centre,adversaire,polattak/y,hors famille,2,False,1,,0.4992,0.46065200579463883,0.4621773435621707,0.4487577470618349,0.12026402640264025,0.01980198019801982,0.52,0.6402640264026402,0.6600660066006601
Qwen3-4B-Instruct-2507,q4gab3,centre,adversaire,grass,hors famille,2,False,1,,0.4992,0.38863292269821037,0.38991978668065475,0.37251249877463,0.21597359735973598,0.016501650165016493,0.48,0.264026402640264,0.2475247524752475
Qwen3-4B-Instruct-2507,q4gab3,centre,adversaire,gunlaw,hors famille,2,False,1,,0.4992,0.4568615277369322,0.4583743142526174,0.4466228801097931,0.16686468646864688,0.016501650165016535,0.52,0.3531353135313531,0.3366336633663366
Qwen3-4B-Instruct-2507,q4gab3,centre,adversaire,owngun,hors famille,2,False,1,,0.29520000000000013,0.40074502499754927,0.40207199527899806,0.41216002788397654,0.0972277227722772,0.013201320132013167,,,
Qwen3-4B-Instruct-2507,q4gab3,centre,adversaire,hunt1,hors famille,4,False,1,,0.7342,0.19009029615832873,0.19071973422507815,0.21799605703144576,0.7476897689768978,0.016501650165016493,,,
Qwen3-4B-Instruct-2507,q4gab3,centre,adversaire,class,hors famille,4,False,1,,0.6951999999999999,0.672265246326613,0.6744912901886216,0.656972627955865,0.14356435643564358,0.0627062706270627,,,
Qwen3-4B-Instruct-2507,q4gab3,centre,adversaire,satfin,hors famille,3,False,1,,0.615,0.6575825899421626,0.659760015736673,0.6497402215469072,0.16947194719471947,0.04950495049504949,,,
Qwen3-4B-Instruct-2507,q4gab3,centre,adversaire,finalter,hors famille,3,False,1,,0.655,0.6313106558180572,0.6334010884532163,0.6456665468527052,0.11237623762376231,0.04950495049504948,,,
Qwen3-4B-Instruct-2507,q4gab3,centre,adversaire,finrela,hors famille,5,False,1,,0.76,0.6935485627770698,0.6958450811968613,0.7175549238092127,0.24488448844884486,0.10891089108910894,,,
Qwen3-4B-Instruct-2507,q4gab3,centre,adversaire,racdif1,hors famille,2,False,1,,0.45499999999999996,0.4997331416309948,0.5013878871330841,0.4997331416309948,0.1384488448844885,0.0,0.65,0.5115511551155115,0.5115511551155115
Qwen3-4B-Instruct-2507,q4gab3,centre,adversaire,racdif2,hors famille,2,False,1,,0.2550000000000001,0.1346708928318574,0.13511682294057215,0.1458680521517497,0.07739273927392741,0.006600660066006583,0.15,0.0726072607260726,0.0792079207920792
Qwen3-4B-Instruct-2507,q4gab3,centre,adversaire,racdif3,hors famille,2,False,1,,0.4949999999999999,0.4869239399187444,0.4885362708456276,0.492544303935344,0.030858085808580876,0.01980198019801982,0.55,0.5808580858085809,0.5610561056105611
Qwen3-4B-Instruct-2507,q4gab3,centre,adversaire,racdif4,hors famille,2,False,1,,0.45499999999999996,0.4279754708144081,0.4293926081349856,0.4328987354180962,0.03976897689768977,0.0066006600660065695,0.35,0.3102310231023102,0.3168316831683168
Qwen3-4B-Instruct-2507,q4gab3,centre,adversaire,wlthwhts,hors famille,7,False,1,,0.81,0.5842346610898714,0.5861692129477849,0.5961942728926358,0.31188118811881194,0.023102310231023104,,,
Qwen3-4B-Instruct-2507,q4gab3,centre,adversaire,wlthblks,hors famille,7,False,1,,0.81,0.6516790292890676,0.6538369068694949,0.6630504634621879,0.41419141914191415,0.049504950495049535,,,
Qwen3-4B-Instruct-2507,q4gab3,centre,adversaire,wlthhsps,hors famille,7,False,1,,0.81,0.6341426221830104,0.6362424321902389,0.6882767484669261,0.4174917491749175,0.07590759075907592,,,
Qwen3-4B-Instruct-2507,q4gab3,centre,adversaire,racwork,hors famille,7,False,1,,0.79,0.7082747878748272,0.7106200686293795,0.710235379973641,0.40346534653465344,0.009900990099009908,,,
Qwen3-4B-Instruct-2507,q4gab3,centre,adversaire,letin1a,hors famille,5,False,1,,0.7682,0.7041357601106646,0.7064673354752694,0.701064165822523,0.23627062706270627,0.029702970297029726,0.48,0.6443894389438943,0.6402640264026402
Qwen3-4B-Instruct-2507,q4gab3,centre,adversaire,getahead,hors famille,3,False,1,,0.615,0.5466566458626061,0.548466767206522,0.5377686283479832,0.13135313531353138,0.023102310231023142,0.65,0.6749174917491749,0.6666666666666666
Qwen3-4B-Instruct-2507,q4gab3,centre,adversaire,aged,hors famille,3,False,1,,0.615,0.5147207790085939,0.5164251524490197,0.487577470618349,0.18036303630363035,0.029702970297029736,,,
Qwen3-4B-Instruct-2507,q4gab3,centre,adversaire,parsol,hors famille,5,False,1,,0.775,0.7637595442712588,0.7662885493847397,0.7754577437941814,0.05297029702970296,0.07260726072607263,,,
Qwen3-4B-Instruct-2507,q4gab3,centre,adversaire,kidssol,hors famille,6,True,1,"somme 110.0 hors de [95, 105]",,,,,,,,,
Qwen3-4B-Instruct-2507,q4gab3,centre,adversaire,spanking,hors famille,4,False,1,,0.73,0.7247873302181704,0.7271872882652504,0.7199294186844427,0.06848184818481848,0.03960396039603961,0.5666666666666667,0.5192519251925193,0.5269526952695269
Qwen3-4B-Instruct-2507,q4gab3,centre,adversaire,divlaw,hors famille,3,False,1,,0.645,0.6126632465226722,0.614691932769436,0.622139441666939,0.09818481848184814,0.016501650165016493,0.475,0.38778877887788776,0.3976897689768977
Qwen3-4B-Instruct-2507,q4gab3,centre,adversaire,sexeduc,hors famille,2,False,1,,0.4992,0.2291714319946847,0.2299302777959916,0.18368569530220347,0.3479867986798679,0.029702970297029715,0.48,0.132013201320132,0.1023102310231023
Qwen3-4B-Instruct-2507,q4gab3,centre,adversaire,pillok,hors famille,4,False,1,,0.725,0.6929821695040792,0.6952768124494569,0.6943327996165953,0.20957095709570955,0.006600660066006583,0.5166666666666666,0.3784378437843784,0.38283828382838275
Qwen3-4B-Instruct-2507,q4gab3,centre,adversaire,xmarsex,hors famille,4,False,1,,0.7149999999999999,0.5532355215719593,0.5550674272725287,0.5933187378143756,0.3704620462046205,0.06930693069306927,0.5833333333333334,0.7986798679867987,0.781078107810781
Qwen3-4B-Instruct-2507,q4gab3,centre,adversaire,homosex,hors famille,4,False,1,,0.705,0.5965863913123987,0.5985618429392608,0.5882211983574595,0.501980198019802,0.03300330033003304,0.48333333333333334,0.3157315731573157,0.2992299229922992
Qwen3-4B-Instruct-2507,q4gab3,centre,adversaire,marhomo,hors famille,5,False,1,,0.775,0.6934614253504559,0.6957576552357222,0.6914572645383351,0.33085808580858084,0.03630363036303631,0.4625,0.2863036303630363,0.2838283828382838
Qwen3-4B-Instruct-2507,q4gab3,centre,adversaire,discaff,hors famille,3,False,1,,0.62,0.5802045551089763,0.5821257622450987,0.5912274395756407,0.28184818481848184,0.02640264026402643,0.55,0.30693069306930687,0.3135313531353135
Qwen3-4B-Instruct-2507,q4gab3,centre,adversaire,abdefect,avortement (ab*),2,False,1,,0.4992,0.2575346643575247,0.258387428146788,0.2755721116666122,0.3281848184818482,0.013201320132013222,0.48,0.1518151815181518,0.165016501650165
Qwen3-4B-Instruct-2507,q4gab3,centre,adversaire,abnomore,avortement (ab*),2,False,1,,0.4949999999999999,0.4279754708144081,0.4293926081349856,0.47973510222309357,0.13976897689768977,0.08910891089108908,0.45,0.3102310231023102,0.3993399339933993
Qwen3-4B-Instruct-2507,q4gab3,centre,adversaire,abhlth,avortement (ab*),2,False,1,,0.4872000000000001,0.12900696010195056,0.12943413546652655,0.12900696010195056,0.3506930693069308,0.0,0.42,0.0693069306930693,0.0693069306930693
Qwen3-4B-Instruct-2507,q4gab3,centre,adversaire,abpoor,avortement (ab*),2,False,1,,0.4992,0.4149048568223159,0.41627871396411165,0.4508490453005697,0.18627062706270628,0.04950495049504955,0.48,0.2937293729372937,0.3432343234323432
Qwen3-4B-Instruct-2507,q4gab3,centre,adversaire,abrape,avortement (ab*),2,False,1,,0.4872000000000001,0.16773954623185094,0.16829497519288356,0.17309849796860877,0.3275907590759076,0.0033003300330033195,0.42,0.0924092409240924,0.0957095709570957
Qwen3-4B-Instruct-2507,q4gab3,centre,adversaire,absingle,avortement (ab*),2,False,1,,0.4949999999999999,0.4549009356381183,0.4564072301269862,0.4879695890381117,0.2001650165016502,0.0726072607260726,0.55,0.3498349834983498,0.4224422442244224
Qwen3-4B-Instruct-2507,q4gab3,centre,adversaire,abany,avortement (ab*),2,False,1,,0.4992,0.46601095753139676,0.4675540401722292,0.4769902732847542,0.15036303630363038,0.023102310231023077,0.52,0.3696369636963696,0.3927392739273927
Qwen3-4B-Instruct-2507,q4gab3,centre,adversaire,letdie1,fin de vie (suicide/letdie),2,False,1,,0.47119999999999995,0.35530285701837516,0.356479356544926,0.37582372098596006,0.38897689768976895,0.01980198019801982,0.62,0.231023102310231,0.2508250825082508
Qwen3-4B-Instruct-2507,q4gab3,centre,adversaire,suicide1,fin de vie (suicide/letdie),2,False,1,,0.4949999999999999,0.3444542474049386,0.3455948243831006,0.35883192279624,0.3288778877887789,0.013201320132013167,0.55,0.2211221122112211,0.2343234323432343
Qwen3-4B-Instruct-2507,q4gab3,centre,adversaire,suicide2,fin de vie (suicide/letdie),2,False,1,,0.45499999999999996,0.38231545926869925,0.38358140449806577,0.35530285701837516,0.09257425742574257,0.02640264026402639,0.65,0.7425742574257426,0.768976897689769
Qwen3-4B-Instruct-2507,q4gab3,centre,adversaire,suicide3,fin de vie (suicide/letdie),2,False,1,,0.45499999999999996,0.3917263013430057,0.39302340830109506,0.3691577078499928,0.08267326732673266,0.023102310231023118,0.65,0.7326732673267327,0.7557755775577558
Qwen3-4B-Instruct-2507,q4gab3,centre,adversaire,suicide4,fin de vie (suicide/letdie),2,False,1,,0.4949999999999999,0.4677101373503687,0.4692588464144427,0.4568615277369322,0.07706270627062708,0.019801980198019764,0.55,0.6270627062706271,0.6468646864686468
Qwen3-4B-Instruct-2507,q4gab3,centre,adversaire,pornlaw,hors famille,3,False,1,,0.655,0.4658802513914757,0.46742290123052027,0.49692295962269484,0.30379537953795377,0.03630363036303632,0.45,0.6171617161716172,0.6254125412541254
Qwen3-4B-Instruct-2507,q4gab3,centre,adversaire,fair,hors famille,3,False,1,,0.66,0.6374974131076475,0.6396083316940966,0.6399154766961845,0.11584158415841589,0.07590759075907594,,,
Qwen3-4B-Instruct-2507,q4gab3,centre,adversaire,helpful,hors famille,3,False,1,,0.66,0.6575825899421626,0.659760015736673,0.6467993333986866,0.1425742574257426,0.039603960396039584,,,
Qwen3-4B-Instruct-2507,q4gab3,centre,adversaire,trust,hors famille,3,False,1,,0.655,0.583864327026762,0.5857976526129434,0.6015096559160867,0.2945544554455446,0.04950495049504955,,,
Qwen3-4B-Instruct-2507,q4gab3,centre,adversaire,tax,hors famille,3,False,1,,0.62,0.4798658083630146,0.4814547679933557,0.4658366826781689,0.3303630363036304,0.016501650165016493,0.55,0.8052805280528053,0.8168316831683168
Qwen3-4B-Instruct-2507,q4gab3,centre,adversaire,vote16,hors famille,3,False,1,,0.615,0.5565903124965962,0.5584333267763862,0.5253515450554957,0.11105610561056109,0.03300330033003297,,,
Qwen3-4B-Instruct-2507,q4gab3,centre,adversaire,pres16,hors famille,4,False,1,,0.7342,0.687252883704212,0.689528555504557,0.6970122754849744,0.17957095709570953,0.02970297029702971,,,
Qwen3-4B-Instruct-2507,q4gab3,centre,adversaire,if16who,hors famille,3,False,1,,0.645,0.6582361206417672,0.6604157104452166,0.6565805095361021,0.10676567656765676,0.013201320132013222,,,
Qwen3-4B-Instruct-2507,q4gab3,centre,adversaire,news,hors famille,5,False,1,,0.7782,0.7172063741027568,0.7195812296461433,0.7338278382293675,0.36006600660066,0.0363036303630363,,,
Qwen3-4B-Instruct-2507,q4gab3,centre,adversaire,jew,hors famille,5,False,1,,0.735,0.5021729895761853,0.5038358140449806,0.4101994357851628,0.7141914191419143,0.08580858085808578,,,
Qwen3-4B-Instruct-2507,q4gab3,centre,adversaire,relig16*,hors famille,5,False,1,,0.695,0.7645655654674379,0.7670972395252771,0.7664172357829843,0.31534653465346535,0.066006600660066,,,
Qwen3-4B-Instruct-2507,q4gab3,centre,adversaire,jew16*,hors famille,5,False,1,,0.7350000000000001,0.468211177553399,0.46976154569099304,0.4040344628522259,0.7641914191419141,0.05610561056105612,,,
Qwen3-4B-Instruct-2507,q4gab3,centre,adversaire,attend,hors famille,9,True,1,"somme 110.0 hors de [95, 105]",,,,,,,,,
Qwen3-4B-Instruct-2507,q4gab3,centre,adversaire,pray,hors famille,6,False,1,,0.8182,0.8031674454574171,0.8058269403099251,0.8035813482338333,0.2933663366336633,0.02310231023102309,,,
Qwen3-4B-Instruct-2507,q4gab3,centre,adversaire,postlife,hors famille,2,False,1,,0.4949999999999999,0.40653966386737683,0.40788582169475224,0.37251249877463,0.2661716171617162,0.03630363036303631,,,
Qwen3-4B-Instruct-2507,q4gab3,centre,adversaire,bible,hors famille,3,False,1,,0.605,0.6418107157250379,0.643935916770485,0.6228583254365041,0.1668316831683168,0.04290429042904287,,,
Qwen3-4B-Instruct-2507,q4gab3,centre,adversaire,reborn,hors famille,3,False,1,,0.48319999999999985,0.648215316581163,0.6503617249142132,0.6462111557690423,0.23775577557755778,0.006600660066006597,,,
Qwen3-4B-Instruct-2507,q4gab3,centre,adversaire,savesoul,hors famille,2,False,1,,0.45499999999999996,0.42026380855907375,0.42165541057417,0.4328987354180962,0.04966996699669968,0.01650165016501648,,,
Qwen3-4B-Instruct-2507,q4gab3,centre,adversaire,granborn,hors famille,5,False,1,,0.6799999999999999,0.5946911522835452,0.596660328284484,0.6076746288490236,0.30198019801980197,0.023102310231023142,,,
Qwen3-4B-Instruct-2507,q4gab3,centre,adversaire,uscitzn*,hors famille,2,False,1,,0.1472,0.0,0.0,0.006578875709353005,0.07999999999999999,0.003300330033003265,,,
Qwen3-4B-Instruct-2507,q4gab3,centre,adversaire,fucitzn,hors famille,5,False,1,,0.7052,0.0,0.0,0.019649489701445644,0.8300000000000001,0.00990099009900996,,,
Qwen3-4B-Instruct-2507,q4gab3,centre,adversaire,mnthsusa,hors famille,6,False,1,,0.8182,0.038819723556514196,0.03894826568749603,0.05167249398207141,0.83019801980198,0.006600660066006585,,,
Qwen3-4B-Instruct-2507,q4gab3,centre,adversaire,income,hors famille,12,True,1,"somme 113.0 hors de [95, 105]",,,,,,,,,
Qwen3-4B-Instruct-2507,q4gab3,centre,adversaire,othlang,hors famille,2,False,1,,0.45499999999999996,0.35883192279624,0.36002010797106193,0.3517302225272032,0.11567656765676569,0.006600660066006583,,,
Qwen3-4B-Instruct-2507,q4gab3,centre,adversaire,health,hors famille,4,False,1,,0.6849999999999999,0.6039930725745842,0.6059930496360895,0.6069775294361119,0.10858085808580857,0.056105610561056105,,,
Qwen3-4B-Instruct-2507,q4gab3,centre,adversaire,compuse*,hors famille,2,False,1,,0.1472,0.08212702458364629,0.08239896837365836,0.12900696010195056,0.03709570957095715,0.026402640264026393,,,
Qwen3-4B-Instruct-2507,q4gab3,centre,adversaire,webmob,hors famille,2,False,1,,0.1472,0.032458691413695506,0.03256617052433688,0.06997135357100093,0.06349834983498355,0.01980198019801992,,,
Qwen3-4B-Instruct-2507,q4gab3,centre,adversaire,xmovie,hors famille,2,False,1,,0.21120000000000005,0.4677101373503687,0.4692588464144427,0.4823056563082051,0.2529372937293729,0.03300330033003304,,,
Qwen3-4B-Instruct-2507,q4gab3,centre,adversaire,usewww*,hors famille,2,False,1,,0.29520000000000013,0.032458691413695506,0.03256617052433688,0.038819723556514196,0.16349834983498357,0.003300330033003375,,,
Qwen3-4B-Instruct-2507,q4gab3,centre,adversaire,life,hors famille,3,False,1,,0.635,0.5185548257796078,0.5202718947391428,0.5158317811979217,0.17046204620462047,0.03960396039603964,,,
Qwen3-4B-Instruct-2507,q4gab3,centre,adversaire,richwork,hors famille,2,False,1,,0.4992,0.47097779084839186,0.4725373199571613,0.47838447211057744,0.10046204620462043,0.01650165016501648,,,
Qwen3-4B-Instruct-2507,q4gab3,droite,journaliste,natspac/y,depenses publiques (nat*),3,False,1,,0.6434,0.6121897227464074,0.6140392385250975,0.6248911307882131,0.1872289156626506,0.021084337349397533,0.415,0.5496987951807228,0.5391566265060241
Qwen3-4B-Instruct-2507,q4gab3,droite,journaliste,natenvir/y,depenses publiques (nat*),3,False,1,,0.6566000000000001,0.6627776164900567,0.6647799657845886,0.6561003048337931,0.036506024096385536,0.03313253012048198,0.43000000000000005,0.4563253012048193,0.4292168674698794
Qwen3-4B-Instruct-2507,q4gab3,droite,journaliste,natheal/y,depenses publiques (nat*),3,False,1,,0.6434,0.5467593264624764,0.548411167327922,0.5067317462621572,0.21939759036144585,0.04819277108433733,0.415,0.25903614457831314,0.2259036144578312
Qwen3-4B-Instruct-2507,q4gab3,droite,journaliste,natcity/y,depenses publiques (nat*),3,False,1,,0.6566000000000001,0.5874764116707796,0.5892512648782442,0.5944984758310351,0.28048192771084335,0.030120481927710815,0.43000000000000005,0.6987951807228916,0.6867469879518072
Qwen3-4B-Instruct-2507,q4gab3,droite,journaliste,natdrug/y,depenses publiques (nat*),3,False,1,,0.6566000000000001,0.607707940194513,0.6095439158446475,0.6302983016402962,0.10734939759036148,0.04518072289156631,0.43000000000000005,0.32831325301204817,0.3659638554216867
Qwen3-4B-Instruct-2507,q4gab3,droite,journaliste,nateduc/y,depenses publiques (nat*),3,False,1,,0.6272,0.5686057482943823,0.5703235904342445,0.5760088546958919,0.2643373493975904,0.009036144578313282,0.44,0.2906626506024096,0.2996987951807229
Qwen3-4B-Instruct-2507,q4gab3,droite,journaliste,natrace/y,depenses publiques (nat*),3,False,1,,0.6566000000000001,0.5905610393380752,0.5923452116623595,0.5877304398316157,0.2925301204819277,0.021084337349397575,0.43000000000000005,0.6897590361445782,0.6882530120481927
Qwen3-4B-Instruct-2507,q4gab3,droite,journaliste,natarms/y,depenses publiques (nat*),3,False,1,,0.6272,0.6302620119030338,0.6321661267426201,0.612516330381768,0.1257831325301205,0.036144578313252976,0.56,0.6310240963855421,0.6566265060240963
Qwen3-4B-Instruct-2507,q4gab3,droite,journaliste,nataid/y,depenses publiques (nat*),3,False,1,,0.6566000000000001,0.2487117143271882,0.2494631092345211,0.21975250399187107,0.5884337349397591,0.018072289156626453,0.43000000000000005,0.9171686746987951,0.9307228915662651
Qwen3-4B-Instruct-2507,q4gab3,droite,journaliste,natfare/y,depenses publiques (nat*),3,False,1,,0.6566000000000001,0.6179235012338511,0.6197903396061588,0.614675569748875,0.09301204819277119,0.009036144578313199,0.43000000000000005,0.34638554216867457,0.3403614457831325
Qwen3-4B-Instruct-2507,q4gab3,droite,journaliste,natroad,depenses publiques (nat*),3,False,1,,0.6272,0.544073885905066,0.5457176136570451,0.5503520104514443,0.24024096385542168,0.03915662650602406,0.44,0.25451807228915657,0.2680722891566264
Qwen3-4B-Instruct-2507,q4gab3,droite,journaliste,natsoc,depenses publiques (nat*),3,False,1,,0.6434,0.49119973871389166,0.49268372583991554,0.475486282479315,0.24361445783132538,0.015060240963855366,0.4,0.20783132530120474,0.19427710843373489
Qwen3-4B-Instruct-2507,q4gab3,droite,journaliste,natmass,depenses publiques (nat*),3,False,1,,0.6434,0.5700573377848744,0.5717795653914753,0.5744483959936131,0.1713253012048193,0.015060240963855456,0.415,0.45331325301204817,0.466867469879518
Qwen3-4B-Instruct-2507,q4gab3,droite,journaliste,natpark,depenses publiques (nat*),3,False,1,,0.6392,0.49932863986064735,0.5008371856004077,0.49323196400058067,0.2396385542168675,0.02108433734939756,0.41000000000000003,0.4382530120481927,0.41716867469879515
Qwen3-4B-Instruct-2507,q4gab3,droite,journaliste,natchld,depenses publiques (nat*),3,False,1,,0.6434,0.6241834809115981,0.6260692316092163,0.6085788938888081,0.06578313253012046,0.042168674698795205,0.4,0.39156626506024095,0.39457831325301207
Qwen3-4B-Instruct-2507,q4gab3,droite,journaliste,natsci,depenses publiques (nat*),3,False,1,,0.6434,0.56241834809116,0.5641174971790487,0.5552511249818551,0.21638554216867473,0.009036144578313227,0.4,0.4849397590361445,0.48644578313253006
Qwen3-4B-Instruct-2507,q4gab3,droite,journaliste,natenrgy,depenses publiques (nat*),3,False,1,,0.645,0.6592393671069822,0.6612310268263387,0.6511286108288576,0.15481927710843377,0.036144578313253045,0.4,0.5030120481927711,0.5256024096385543
Qwen3-4B-Instruct-2507,q4gab3,droite,journaliste,uswary,hors famille,2,False,1,,0.17999999999999994,0.4764842502540282,0.47792377971098904,0.4709682101901582,0.5084337349397592,0.01204819277108432,,,
Qwen3-4B-Instruct-2507,q4gab3,droite,journaliste,prayer,hors famille,2,False,1,,0.4351999999999999,0.5,0.5015105740181269,0.49853026564087677,0.18000000000000002,0.02710843373493979,0.32,0.5,0.4728915662650602
Qwen3-4B-Instruct-2507,q4gab3,droite,journaliste,courts,hors famille,3,False,1,,0.6272,0.4278560023225433,0.42914861864375947,0.39018725504427343,0.5289156626506024,0.030120481927710843,0.44,0.8192771084337349,0.8433734939759037
Qwen3-4B-Instruct-2507,q4gab3,droite,journaliste,discaffw,hors famille,4,False,1,,0.6661999999999999,0.7227645521846422,0.7249481308921487,0.7196799245173466,0.33927710843373493,0.04216867469879528,0.33,0.5592369477911646,0.5572289156626504
Qwen3-4B-Instruct-2507,q4gab3,droite,journaliste,discaffm,hors famille,4,False,1,,0.6661999999999999,0.7178472927856003,0.7200160157245297,0.7206053128175353,0.33626506024096386,0.07228915662650601,0.6700000000000002,0.46787148594377503,0.5140562248995983
Qwen3-4B-Instruct-2507,q4gab3,droite,journaliste,fehire,roles de genre (fe*),5,False,1,,0.76,0.77821527072144,0.7805663742583628,0.7793402525765714,0.20301204819277102,0.0512048192771084,0.5499999999999999,0.5587349397590361,0.5805722891566264
Qwen3-4B-Instruct-2507,q4gab3,droite,journaliste,fechld,roles de genre (fe*),4,False,1,,0.675,0.6650457250689505,0.6670549266552617,0.6901400783858325,0.30301204819277106,0.045180722891566244,0.5,0.33333333333333326,0.3514056224899598
Qwen3-4B-Instruct-2507,q4gab3,droite,journaliste,fepresch,roles de genre (fe*),4,False,1,,0.675,0.6896683118014226,0.691751901867288,0.6878538249383075,0.1030120481927711,0.04216867469879516,0.5,0.43473895582329314,0.41767068273092367
Qwen3-4B-Instruct-2507,q4gab3,droite,journaliste,fefam,roles de genre (fe*),4,False,1,,0.6890000000000001,0.7126034257511977,0.7147563061915337,0.7143090434025259,0.2149397590361446,0.01204819277108439,0.6533333333333334,0.5110441767068272,0.5210843373493976
Qwen3-4B-Instruct-2507,q4gab3,droite,journaliste,fepol,roles de genre (fe*),2,False,1,,0.4351999999999999,0.4867723907678908,0.4882430022203618,0.4997096821019016,0.26132530120481934,0.06927710843373494,0.68,0.4186746987951807,0.4879518072289157
Qwen3-4B-Instruct-2507,q4gab3,droite,journaliste,mobile16,hors famille,3,False,1,,0.5512,0.6639025983451879,0.6659083463764424,0.6631042241254174,0.23662650602409635,0.006024096385542188,,,
Qwen3-4B-Instruct-2507,q4gab3,droite,journaliste,incom16,hors famille,5,False,1,,0.755,0.6380280156771665,0.6399555927638045,0.6506568442444478,0.18012048192771096,0.048192771084337394,,,
Qwen3-4B-Instruct-2507,q4gab3,droite,journaliste,dwelown16,hors famille,3,False,1,,0.6242000000000001,0.3921287559878066,0.39331343500891786,0.40072942371897224,0.36397590361445786,0.006024096385542223,,,
Qwen3-4B-Instruct-2507,q4gab3,droite,journaliste,divorced,hors famille,2,False,1,,0.29520000000000013,0.46645013790100165,0.4678593528191316,0.45991798519378724,0.19048192771084338,0.012048192771084376,,,
Qwen3-4B-Instruct-2507,q4gab3,droite,journaliste,posslq/y,hors famille,4,False,1,,0.7402,0.6408949049208884,0.6428311433043352,0.6377558426476992,0.25530120481927715,0.015060240963855397,,,
Qwen3-4B-Instruct-2507,q4gab3,droite,journaliste,wrkstat,hors famille,8,False,1,,0.7862,0.7597800841921906,0.7620754923015326,0.7502903178980985,0.25409638554216873,0.0301204819277109,,,
Qwen3-4B-Instruct-2507,q4gab3,droite,journaliste,evwork,hors famille,2,False,1,,0.47119999999999995,0.09174045579910017,0.09201761729698266,0.10255479750326635,0.5718072289156626,0.006024096385542219,,,
Qwen3-4B-Instruct-2507,q4gab3,droite,journaliste,wrkgovt1,hors famille,2,False,1,,0.29520000000000013,0.276437073595587,0.2772722309176281,0.2723907678908406,0.014337349397590432,0.0030120481927710524,,,
Qwen3-4B-Instruct-2507,q4gab3,droite,journaliste,wrkgovt2,hors famille,2,False,1,,0.4872000000000001,0.3896066192480767,0.39078367852072954,0.3951952387864712,0.15493975903614463,0.006024096385542216,,,
Qwen3-4B-Instruct-2507,q4gab3,droite,journaliste,partfull,hors famille,3,False,1,,0.5512,0.6037705037015532,0.6055945837731591,0.5931376106836987,0.21024096385542168,0.027108433734939777,,,
Qwen3-4B-Instruct-2507,q4gab3,droite,journaliste,wksub1,hors famille,3,False,1,,0.47919999999999985,0.6181049499201625,0.6199723364758126,0.6096131514007839,0.27951807228915665,0.03614457831325299,,,
Qwen3-4B-Instruct-2507,q4gab3,droite,journaliste,wksup1,hors famille,3,False,1,,0.6392,0.6452133836551024,0.6471626688020967,0.6582776890695311,0.18855421686746993,0.04819277108433735,,,
Qwen3-4B-Instruct-2507,q4gab3,droite,journaliste,conarmy,confiance dans les institutions (con*),3,False,1,,0.585,0.5507149078240674,0.5523786990863758,0.5664102191900131,0.3650602409638555,0.02710843373493982,0.42500000000000004,0.7274096385542168,0.7168674698795181
Qwen3-4B-Instruct-2507,q4gab3,droite,journaliste,conbus,confiance dans les institutions (con*),3,False,1,,0.615,0.5243141239657427,0.525898154551742,0.5512592538830019,0.23855421686746991,0.033132530120481965,0.35,0.46385542168674687,0.45331325301204817
Qwen3-4B-Instruct-2507,q4gab3,droite,journaliste,conclerg,confiance dans les institutions (con*),3,False,1,,0.585,0.6315321527072144,0.633440104830197,0.6302983016402962,0.07409638554216869,0.006024096385542091,0.42500000000000004,0.45180722891566255,0.4457831325301205
Qwen3-4B-Instruct-2507,q4gab3,droite,journaliste,coneduc,confiance dans les institutions (con*),3,False,1,,0.585,0.5998875018144869,0.6016998507625669,0.6064196545217013,0.02469879518072292,0.054216867469879484,0.575,0.5587349397590362,0.5963855421686747
Qwen3-4B-Instruct-2507,q4gab3,droite,journaliste,confed,confiance dans les institutions (con*),3,False,1,,0.585,0.5365619102917696,0.5381829432533762,0.5229351139497749,0.27831325301204823,0.024096385542168683,0.575,0.7545180722891566,0.7680722891566265
Qwen3-4B-Instruct-2507,q4gab3,droite,journaliste,confinan,confiance dans les institutions (con*),3,False,1,,0.585,0.5644687182464798,0.5661740618061369,0.5695492814632022,0.07710843373493975,0.021084337349397575,0.42500000000000004,0.48042168674698793,0.463855421686747
Qwen3-4B-Instruct-2507,q4gab3,droite,journaliste,conjudge,confiance dans les institutions (con*),3,False,1,,0.5049999999999999,0.6273588329220496,0.6292541768281587,0.6298265350558863,0.2403614457831325,0.015060240963855373,0.42500000000000004,0.575301204819277,0.5617469879518072
Qwen3-4B-Instruct-2507,q4gab3,droite,journaliste,conlabor,confiance dans les institutions (con*),3,False,1,,0.5049999999999999,0.5814341704166063,0.5831907691187713,0.612498185513137,0.14999999999999994,0.04819277108433737,0.575,0.6475903614457831,0.6144578313253012
Qwen3-4B-Instruct-2507,q4gab3,droite,journaliste,conlegis,confiance dans les institutions (con*),3,False,1,,0.615,0.5375780229351139,0.5392021257234376,0.5422412541733199,0.10722891566265062,0.012048192771084324,,,
Qwen3-4B-Instruct-2507,q4gab3,droite,journaliste,conmedic,confiance dans les institutions (con*),3,False,1,,0.585,0.6175061692553345,0.619371746805955,0.6062019160981275,0.17530120481927716,0.03313253012048191,0.575,0.4277108433734939,0.4457831325301204
Qwen3-4B-Instruct-2507,q4gab3,droite,journaliste,conpress,confiance dans les institutions (con*),3,False,1,,0.585,0.4544382348671796,0.4558111600480472,0.43346276672956896,0.37771084337349403,0.030120481927710874,0.575,0.8237951807228916,0.8358433734939759
Qwen3-4B-Instruct-2507,q4gab3,droite,journaliste,consci,confiance dans les institutions (con*),3,False,1,,0.585,0.6238387284076063,0.6257234375568741,0.594988387284076,0.12409638554216872,0.045180722891566286,0.575,0.4759036144578313,0.45331325301204817
Qwen3-4B-Instruct-2507,q4gab3,droite,journaliste,contv,confiance dans les institutions (con*),3,False,1,,0.585,0.5451988677601974,0.546845994248899,0.5429126143126723,0.2572289156626507,0.027108433734939756,,,
Qwen3-4B-Instruct-2507,q4gab3,droite,journaliste,joblose,hors famille,5,False,1,,0.775,0.6388626796341995,0.6407927783642122,0.6566990854986211,0.5283132530120482,0.03915662650602417,,,
Qwen3-4B-Instruct-2507,q4gab3,droite,journaliste,jobfind,hors famille,4,False,1,,0.6786,0.7048011322398027,0.7069304407964184,0.7071962548991146,0.3806024096385543,0.03012048192771094,,,
Qwen3-4B-Instruct-2507,q4gab3,droite,journaliste,happy,hors famille,3,False,1,,0.5902,0.5831216431993033,0.584883340006552,0.5545071853679779,0.06012048192771084,0.06325301204819275,,,
Qwen3-4B-Instruct-2507,q4gab3,droite,journaliste,hapmar,hors famille,4,False,1,,0.6045999999999999,0.6581325301204821,0.6601208459214504,0.6618159384526057,0.3828915662650603,0.027108433734939794,,,
Qwen3-4B-Instruct-2507,q4gab3,droite,journaliste,satjob,hors famille,5,False,1,,0.7254,0.6966177964871534,0.69872238197503,0.7107889388880825,0.3766265060240965,0.04819277108433736,,,
Qwen3-4B-Instruct-2507,q4gab3,droite,journaliste,spdeg*,hors famille,6,False,1,,0.8094,0.7300587893743651,0.7322644050522333,0.7337421977064886,0.30373493975903626,0.018072289156626505,,,
Qwen3-4B-Instruct-2507,q4gab3,droite,journaliste,spjew,hors famille,5,False,1,,0.7584,0.5500072579474524,0.5516689112947257,0.5186710698214545,0.6042168674698797,0.03313253012048185,,,
Qwen3-4B-Instruct-2507,q4gab3,droite,journaliste,spfund,hors famille,4,False,1,,0.6849999999999999,0.5531100304833794,0.5547810577658066,0.565303382203513,0.5084337349397592,0.027108433734939753,,,
Qwen3-4B-Instruct-2507,q4gab3,droite,journaliste,unemp,hors famille,2,False,1,,0.21120000000000005,0.43896066192480765,0.44028682706657446,0.4709682101901582,0.20530120481927713,0.05421686746987947,,,
Qwen3-4B-Instruct-2507,q4gab3,droite,journaliste,union1,hors famille,4,False,1,,0.7322,0.13732036580055162,0.13773523095402762,0.12630643054144308,0.727710843373494,0.006024096385542111,,,
Qwen3-4B-Instruct-2507,q4gab3,droite,journaliste,spkath/y,libertes civiles (spk/col/lib),2,False,1,,0.4838,0.3430650312091741,0.3441014814545191,0.33624256060386126,0.37012048192771085,0.00602409638554216,0.59,0.2198795180722891,0.2138554216867469
Qwen3-4B-Instruct-2507,q4gab3,droite,journaliste,colath,libertes civiles (spk/col/lib),2,False,1,,0.47119999999999995,0.44511177239076805,0.4464565209478399,0.4279830164029612,0.28566265060240964,0.02409638554216867,0.62,0.3343373493975903,0.3102409638554217
Qwen3-4B-Instruct-2507,q4gab3,droite,journaliste,spkrac/y,libertes civiles (spk/col/lib),2,False,1,,0.47119999999999995,0.5,0.5015105740181269,0.49274205254753967,0.12,0.060240963855421686,,,
Qwen3-4B-Instruct-2507,q4gab3,droite,journaliste,colrac,libertes civiles (spk/col/lib),2,False,1,,0.47119999999999995,0.4724016548120191,0.4738288501437775,0.4802402380606764,0.002530120481927689,0.01807228915662651,,,
Qwen3-4B-Instruct-2507,q4gab3,droite,journaliste,librac/y,libertes civiles (spk/col/lib),2,False,1,,0.47119999999999995,0.4764842502540282,0.47792377971098904,0.4709682101901582,0.011566265060240916,0.01204819277108432,,,
Qwen3-4B-Instruct-2507,q4gab3,droite,journaliste,spkcom/y,libertes civiles (spk/col/lib),2,False,1,,0.47119999999999995,0.46645013790100165,0.4678593528191316,0.43248294382348684,0.2495180722891566,0.054216867469879554,0.62,0.3704819277108434,0.3162650602409638
Qwen3-4B-Instruct-2507,q4gab3,droite,journaliste,colcom/y,libertes civiles (spk/col/lib),2,False,1,,0.4351999999999999,0.469498475831035,0.4709169002293161,0.4737988096966178,0.3034939759036145,0.009036144578313282,0.68,0.3765060240963855,0.3855421686746988
Qwen3-4B-Instruct-2507,q4gab3,droite,journaliste,libcom/y,libertes civiles (spk/col/lib),2,False,1,,0.4351999999999999,0.43896066192480765,0.44028682706657446,0.4160981274495573,0.3546987951807229,0.030120481927710885,0.68,0.3253012048192771,0.2951807228915662
Qwen3-4B-Instruct-2507,q4gab3,droite,journaliste,spkhomo/y,libertes civiles (spk/col/lib),2,False,1,,0.4872000000000001,0.16439250979822884,0.1648891639063806,0.18861590942081574,0.32963855421686755,0.01506024096385545,0.42,0.0903614457831325,0.1054216867469879
Qwen3-4B-Instruct-2507,q4gab3,droite,journaliste,colhomo,libertes civiles (spk/col/lib),2,False,1,,0.4351999999999999,0.1838438089708232,0.18439922833327282,0.1980512411090145,0.5775903614457831,0.009036144578313282,0.68,0.1024096385542168,0.1114457831325301
Qwen3-4B-Instruct-2507,q4gab3,droite,journaliste,libhomo/y,libertes civiles (spk/col/lib),2,False,1,,0.4351999999999999,0.3658005516040064,0.3669056892221454,0.3896066192480767,0.4390361445783133,0.02409638554216867,0.68,0.2409638554216867,0.2650602409638554
Qwen3-4B-Instruct-2507,q4gab3,droite,journaliste,cappun,hors famille,2,False,1,,0.21120000000000005,0.3075010886921179,0.308430095002366,0.29225939904195086,0.6902409638554217,0.01204819277108439,0.12,0.8102409638554217,0.822289156626506
Qwen3-4B-Instruct-2507,q4gab3,droite,journaliste,polhitok/y,hors famille,2,False,1,,0.21120000000000005,0.3497423428654377,0.35079896625778045,0.32927493104949934,0.6540963855421686,0.01807228915662651,0.12,0.7740963855421686,0.7921686746987951
Qwen3-4B-Instruct-2507,q4gab3,droite,journaliste,polabuse/y,hors famille,2,False,1,,0.47119999999999995,0.16439250979822884,0.1648891639063806,0.14942299317752927,0.28963855421686757,0.009036144578313275,0.38,0.0903614457831325,0.0813253012048192
Qwen3-4B-Instruct-2507,q4gab3,droite,journaliste,polattak/y,hors famille,2,False,1,,0.21120000000000005,0.41109014370735963,0.41233210788774444,0.37799390332414007,0.590843373493976,0.036144578313253045,0.12,0.7108433734939759,0.7469879518072289
Qwen3-4B-Instruct-2507,q4gab3,droite,journaliste,grass,hors famille,2,False,1,,0.4032,0.4546378284221222,0.4560113566046664,0.45991798519378724,0.3706024096385542,0.009036144578313227,0.72,0.3493975903614458,0.358433734939759
Qwen3-4B-Instruct-2507,q4gab3,droite,journaliste,gunlaw,hors famille,2,False,1,,0.4351999999999999,0.4997096821019016,0.5012193790266808,0.4947561329655974,0.19204819277108437,0.03915662650602411,0.68,0.4879518072289157,0.4487951807228915
Qwen3-4B-Instruct-2507,q4gab3,droite,journaliste,owngun,hors famille,2,False,1,,0.4032,0.4814196545217013,0.48287409456557356,0.4886594571055305,0.1236144578313253,0.021084337349397547,,,
Qwen3-4B-Instruct-2507,q4gab3,droite,journaliste,hunt1,hors famille,4,False,1,,0.7322,0.33306720859340977,0.3340734539365923,0.33827478589055016,0.6072289156626507,0.012048192771084362,,,
Qwen3-4B-Instruct-2507,q4gab3,droite,journaliste,class,hors famille,4,False,1,,0.6951999999999999,0.6342901727391493,0.6362064572489353,0.6240746116998114,0.1053012048192771,0.051204819277108383,,,
Qwen3-4B-Instruct-2507,q4gab3,droite,journaliste,satfin,hors famille,3,False,1,,0.6242000000000001,0.6585680069676295,0.6605576384086194,0.6529430976919728,0.1040963855421687,0.07530120481927705,,,
Qwen3-4B-Instruct-2507,q4gab3,droite,journaliste,finalter,hors famille,3,False,1,,0.6422,0.6567716649731457,0.6587558693990464,0.6449593554942663,0.17963855421686747,0.04216867469879515,,,
Qwen3-4B-Instruct-2507,q4gab3,droite,journaliste,finrela,hors famille,5,False,1,,0.755,0.7258673247205691,0.7280602773632295,0.7071599651618523,0.10722891566265061,0.054216867469879505,,,
Qwen3-4B-Instruct-2507,q4gab3,droite,journaliste,racdif1,hors famille,2,False,1,,0.29520000000000013,0.32927493104949934,0.33026971936082716,0.318551313688489,0.0278313253012048,0.009036144578313268,0.82,0.7921686746987951,0.8012048192771084
Qwen3-4B-Instruct-2507,q4gab3,droite,journaliste,racdif2,hors famille,2,False,1,,0.4992,0.13412686892146897,0.13453208604811995,0.1790354187835681,0.40771084337349395,0.027108433734939735,0.48,0.072289156626506,0.0993975903614457
Qwen3-4B-Instruct-2507,q4gab3,droite,journaliste,racdif3,hors famille,2,False,1,,0.4351999999999999,0.38675787487298596,0.38792632766716423,0.3719698069385977,0.4179518072289157,0.015060240963855456,0.32,0.7379518072289156,0.7530120481927711
Qwen3-4B-Instruct-2507,q4gab3,droite,journaliste,racdif4,hors famille,2,False,1,,0.4351999999999999,0.4993467847292785,0.5008553852873731,0.5,0.19807228915662653,0.01807228915662651,0.68,0.4819277108433735,0.5
Qwen3-4B-Instruct-2507,q4gab3,droite,journaliste,wlthwhts,hors famille,7,False,1,,0.85,0.5167295688779214,0.5182906854002113,0.5777689069531137,0.5686746987951807,0.06024096385542168,,,
Qwen3-4B-Instruct-2507,q4gab3,droite,journaliste,wlthblks,hors famille,7,False,1,,0.85,0.656227318914211,0.6582098787900849,0.6501306430541443,0.5572289156626508,0.04518072289156628,,,
Qwen3-4B-Instruct-2507,q4gab3,droite,journaliste,wlthhsps,hors famille,7,False,1,,0.8327721661054994,0.6562273189142112,0.658209878790085,0.6568260995790391,0.4460569550930996,0.0271084337349397,,,
Qwen3-4B-Instruct-2507,q4gab3,droite,journaliste,racwork,hors famille,7,False,1,,0.7674,0.7319640005806359,0.7341753721835986,0.734631296269415,0.40530120481927717,0.039156626506024056,,,
Qwen3-4B-Instruct-2507,q4gab3,droite,journaliste,letin1a,hors famille,5,False,1,,0.7654000000000001,0.5724343155755552,0.5741637243839407,0.5498802438670345,0.4784337349397591,0.03012048192771089,0.515,0.8268072289156626,0.8373493975903614
Qwen3-4B-Instruct-2507,q4gab3,droite,journaliste,getahead,hors famille,3,False,1,,0.635,0.4832159965161853,0.48467586357514664,0.5146610538539701,0.191566265060241,0.05120481927710842,0.625,0.802710843373494,0.7740963855421688
Qwen3-4B-Instruct-2507,q4gab3,droite,journaliste,aged,hors famille,3,False,1,,0.6272,0.5617651328204383,0.5634623084482946,0.5104332994629119,0.09156626506024101,0.07530120481927706,,,
Qwen3-4B-Instruct-2507,q4gab3,droite,journaliste,parsol,hors famille,5,False,1,,0.7686,0.7805922485121208,0.7829505332508282,0.7898824212512702,0.0739759036144578,0.04819277108433747,,,
Qwen3-4B-Instruct-2507,q4gab3,droite,journaliste,kidssol,hors famille,6,False,1,,0.8094,0.8089889679198723,0.8114330433516544,0.8066301349978227,0.1531325301204819,0.018072289156626505,,,
Qwen3-4B-Instruct-2507,q4gab3,droite,journaliste,spanking,hors famille,4,False,1,,0.6661999999999999,0.7087567136013935,0.7108979725548721,0.7161598200029031,0.08024096385542168,0.027108433734939784,0.6700000000000002,0.6255020080321285,0.605421686746988
Qwen3-4B-Instruct-2507,q4gab3,droite,journaliste,divlaw,hors famille,3,False,1,,0.6072,0.626796341994484,0.6286899865322317,0.6283749455653942,0.048915662650602446,0.024096385542168752,0.56,0.5240963855421686,0.5436746987951806
Qwen3-4B-Instruct-2507,q4gab3,droite,journaliste,sexeduc,hors famille,2,False,1,,0.29520000000000013,0.4185476847147628,0.4198121792305174,0.4160981274495573,0.5218072289156626,0.003012048192771094,0.82,0.2981927710843373,0.2951807228915662
Qwen3-4B-Instruct-2507,q4gab3,droite,journaliste,pillok,hors famille,4,False,1,,0.655,0.733433734939759,0.7356495468277946,0.7341595296850052,0.2861445783132531,0.02409638554216867,0.5666666666666667,0.5572289156626505,0.5572289156626504
Qwen3-4B-Instruct-2507,q4gab3,droite,journaliste,xmarsex,hors famille,4,False,1,,0.6422,0.4476157642618669,0.4489680777490629,0.4421723036725216,0.3998795180722891,0.024096385542168655,0.6900000000000001,0.8554216867469879,0.8674698795180722
Qwen3-4B-Instruct-2507,q4gab3,droite,journaliste,homosex,hors famille,4,False,1,,0.6499999999999999,0.6549934678472928,0.6569723000764388,0.6633038176803601,0.2891566265060241,0.04518072289156626,0.7333333333333334,0.5542168674698795,0.5763052208835341
Qwen3-4B-Instruct-2507,q4gab3,droite,journaliste,marhomo,hors famille,5,False,1,,0.76,0.7745318623893164,0.77687183780439,0.7841486427638265,0.31987951807228915,0.03915662650602405,0.5499999999999999,0.49924698795180705,0.5150602409638554
Qwen3-4B-Instruct-2507,q4gab3,droite,journaliste,discaff,hors famille,3,False,1,,0.6461999999999999,0.64612062708666,0.6480726531503659,0.6386086514733634,0.02216867469879527,0.01807228915662651,0.505,0.48343373493975894,0.4743975903614457
Qwen3-4B-Instruct-2507,q4gab3,droite,journaliste,abdefect,avortement (ab*),2,False,1,,0.2550000000000001,0.44511177239076805,0.4464565209478399,0.4509362752213675,0.5156626506024096,0.009036144578313282,0.85,0.3343373493975903,0.3433734939759036
Qwen3-4B-Instruct-2507,q4gab3,droite,journaliste,abnomore,avortement (ab*),2,False,1,,0.2550000000000001,0.44511177239076805,0.4464565209478399,0.4279830164029612,0.18433734939759033,0.02409638554216867,0.85,0.6656626506024096,0.6897590361445783
Qwen3-4B-Instruct-2507,q4gab3,droite,journaliste,abhlth,avortement (ab*),2,False,1,,0.47119999999999995,0.20734141384816374,0.2079678229534452,0.21193206561184508,0.5025301204819277,0.003012048192771115,0.62,0.1174698795180722,0.1204819277108433
Qwen3-4B-Instruct-2507,q4gab3,droite,journaliste,abpoor,avortement (ab*),2,False,1,,0.2550000000000001,0.452805196690376,0.45417318822116265,0.43025112498185514,0.19638554216867465,0.033132530120481896,0.85,0.6536144578313253,0.6867469879518072
Qwen3-4B-Instruct-2507,q4gab3,droite,journaliste,abrape,avortement (ab*),2,False,1,,0.2550000000000001,0.3658005516040064,0.3669056892221454,0.375,0.6090361445783132,0.009036144578313282,0.85,0.2409638554216867,0.25
Qwen3-4B-Instruct-2507,q4gab3,droite,journaliste,absingle,avortement (ab*),2,False,1,,0.2550000000000001,0.43683771229496304,0.4381574636916246,0.4233379300333866,0.172289156626506,0.01807228915662648,0.85,0.677710843373494,0.6957831325301205
Qwen3-4B-Instruct-2507,q4gab3,droite,journaliste,abany,avortement (ab*),2,False,1,,0.2550000000000001,0.4085317172303673,0.4097659520256252,0.4085317172303673,0.136144578313253,0.0,0.85,0.713855421686747,0.713855421686747
Qwen3-4B-Instruct-2507,q4gab3,droite,journaliste,letdie1,fin de vie (suicide/letdie),2,False,1,,0.4351999999999999,0.4709682101901582,0.47239107487351223,0.463256641021919,0.3004819277108434,0.015060240963855415,0.68,0.3795180722891566,0.3644578313253012
Qwen3-4B-Instruct-2507,q4gab3,droite,journaliste,suicide1,fin de vie (suicide/letdie),2,False,1,,0.47119999999999995,0.4581942226738278,0.4595784952498817,0.4546378284221222,0.26457831325301207,0.006024096385542105,0.62,0.3554216867469879,0.3493975903614458
Qwen3-4B-Instruct-2507,q4gab3,droite,journaliste,suicide2,fin de vie (suicide/letdie),2,False,1,,0.21120000000000005,0.22993177529394693,0.2306264332253486,0.23434097837131662,0.012530120481927698,0.003012048192771108,0.88,0.8674698795180723,0.8644578313253012
Qwen3-4B-Instruct-2507,q4gab3,droite,journaliste,suicide3,fin de vie (suicide/letdie),2,False,1,,0.21120000000000005,0.24735084917985195,0.2480981327121174,0.24305051531426902,0.024578313253012032,0.003012048192771108,0.88,0.8554216867469879,0.858433734939759
Qwen3-4B-Instruct-2507,q4gab3,droite,journaliste,suicide4,fin de vie (suicide/letdie),2,False,1,,0.4032,0.3497423428654377,0.35079896625778045,0.3430650312091741,0.054096385542168696,0.00602409638554223,0.72,0.7740963855421686,0.7801204819277109
Qwen3-4B-Instruct-2507,q4gab3,droite,journaliste,pornlaw,hors famille,3,False,1,,0.5902,0.4994193642038032,0.5009281840352346,0.5375780229351139,0.12783132530120483,0.06325301204819284,0.555,0.6475903614457832,0.6641566265060241
Qwen3-4B-Instruct-2507,q4gab3,droite,journaliste,fair,hors famille,3,False,1,,0.6566000000000001,0.6609268398896793,0.6629235977141195,0.6546850050805633,0.025180722891566226,0.06626506024096379,,,
Qwen3-4B-Instruct-2507,q4gab3,droite,journaliste,helpful,hors famille,3,False,1,,0.6622,0.6610357091014661,0.6630327958359117,0.6610357091014661,0.045783132530120424,0.045180722891566244,,,
Qwen3-4B-Instruct-2507,q4gab3,droite,journaliste,trust,hors famille,3,False,1,,0.6622,0.5711097401654812,0.5728351472354676,0.5913231238205835,0.2113253012048193,0.05722891566265058,,,
Qwen3-4B-Instruct-2507,q4gab3,droite,journaliste,tax,hors famille,3,False,1,,0.6392,0.41128973726230234,0.41253230444436373,0.4085317172303673,0.2998795180722892,0.003012048192771094,0.61,0.8524096385542168,0.8539156626506024
Qwen3-4B-Instruct-2507,q4gab3,droite,journaliste,vote16,hors famille,3,False,1,,0.5512,0.35273624618957766,0.3538019146070689,0.32317825518943244,0.46313253012048194,0.021084337349397613,,,
Qwen3-4B-Instruct-2507,q4gab3,droite,journaliste,pres16,hors famille,4,False,1,,0.5023999999999998,0.4872260124836696,0.4886979943944964,0.47788140513862676,0.08554216867469877,0.015060240963855432,,,
Qwen3-4B-Instruct-2507,q4gab3,droite,journaliste,if16who,hors famille,3,False,1,,0.2650000000000001,0.3120010161126433,0.3129436173697812,0.3121643199303237,0.03072289156626503,0.003012048192771101,,,
Qwen3-4B-Instruct-2507,q4gab3,droite,journaliste,news,hors famille,5,False,1,,0.7782,0.7523769777906809,0.7546500200196559,0.7454456379735811,0.2873493975903615,0.03915662650602406,,,
Qwen3-4B-Instruct-2507,q4gab3,droite,journaliste,jew,hors famille,5,False,1,,0.7642,0.5322434315575556,0.5338514177556147,0.5326789084047032,0.5415662650602411,0.006024096385542202,,,
Qwen3-4B-Instruct-2507,q4gab3,droite,journaliste,relig16*,hors famille,5,False,1,,0.6534,0.7291334010741763,0.7313362210169987,0.7198432283350269,0.22867469879518074,0.02710843373493972,,,
Qwen3-4B-Instruct-2507,q4gab3,droite,journaliste,jew16*,hors famille,5,False,1,,0.7442,0.4750870953694295,0.4765224038146544,0.4550370155320076,0.6553012048192771,0.01807228915662649,,,
Qwen3-4B-Instruct-2507,q4gab3,droite,journaliste,attend,hors famille,9,False,1,,0.8522448979591837,0.8125090724343157,0.8149637826229391,0.8236681666424736,0.18264486517498565,0.06325301204819284,,,
Qwen3-4B-Instruct-2507,q4gab3,droite,journaliste,pray,hors famille,6,False,1,,0.7942,0.770884743794455,0.7732137007243477,0.7688888082450284,0.4108433734939759,0.03915662650602411,,,
Qwen3-4B-Instruct-2507,q4gab3,droite,journaliste,postlife,hors famille,2,False,1,,0.4032,0.2804470895630715,0.2812943617369781,0.2516148933081723,0.5513253012048193,0.021084337349397617,,,
Qwen3-4B-Instruct-2507,q4gab3,droite,journaliste,bible,hors famille,3,False,1,,0.46219999999999994,0.6308063579619685,0.6327121173515817,0.6251814486863116,0.32457831325301206,0.012048192771084348,,,
Qwen3-4B-Instruct-2507,q4gab3,droite,journaliste,reborn,hors famille,3,False,1,,0.48319999999999985,0.6224960081289013,0.6243766607214357,0.6145485556684569,0.3287951807228916,0.02710843373493972,,,
Qwen3-4B-Instruct-2507,q4gab3,droite,journaliste,savesoul,hors famille,2,False,1,,0.47119999999999995,0.4997096821019016,0.5012193790266808,0.49992742052547545,0.10795180722891565,0.01807228915662651,,,
Qwen3-4B-Instruct-2507,q4gab3,droite,journaliste,granborn,hors famille,5,False,1,,0.6673177083333334,0.5884199448395994,0.5901976486004441,0.5485375235883294,0.35027610441767076,0.060240963855421645,,,
Qwen3-4B-Instruct-2507,q4gab3,droite,journaliste,uscitzn*,hors famille,2,False,1,,0.1472,0.011975613296559384,0.01201179339715322,0.01790898533894625,0.07397590361445791,0.003012048192771167,,,
Qwen3-4B-Instruct-2507,q4gab3,droite,journaliste,fucitzn,hors famille,5,False,1,,0.5033999999999998,0.02389679198722605,0.023968987733411027,0.023860502249963833,0.9179518072289158,0.00602409638554215,,,
Qwen3-4B-Instruct-2507,q4gab3,droite,journaliste,mnthsusa,hors famille,6,False,1,,0.8062,0.03549136304253131,0.035598587704291224,0.04715851357236167,0.8319277108433736,0.006024096385542122,,,
Qwen3-4B-Instruct-2507,q4gab3,droite,journaliste,income,hors famille,12,True,1,"somme 82.0 hors de [95, 105]",,,,,,,,,
Qwen3-4B-Instruct-2507,q4gab3,droite,journaliste,othlang,hors famille,2,False,1,,0.29520000000000013,0.3430650312091741,0.3441014814545191,0.33967194077514884,0.03987951807228908,0.0030120481927710524,,,
Qwen3-4B-Instruct-2507,q4gab3,droite,journaliste,health,hors famille,4,False,1,,0.6849999999999999,0.6140404993467847,0.6158956065955666,0.5931739004209611,0.21987951807228923,0.04819277108433736,,,
Qwen3-4B-Instruct-2507,q4gab3,droite,journaliste,compuse*,hors famille,2,False,1,,0.1472,0.0296668602119321,0.029756488188403197,0.04703149949194363,0.06493975903614459,0.009036144578313227,,,
Qwen3-4B-Instruct-2507,q4gab3,droite,journaliste,webmob,hors famille,2,False,1,,0.19579999999999997,0.05842647699230641,0.05860299202853694,0.052747133110756295,0.07987951807228921,0.003012048192771056,,,
Qwen3-4B-Instruct-2507,q4gab3,droite,journaliste,xmovie,hors famille,2,False,1,,0.21120000000000005,0.43248294382348684,0.4337895388199325,0.4581942226738278,0.19626506024096385,0.039156626506024056,,,
Qwen3-4B-Instruct-2507,q4gab3,droite,journaliste,usewww*,hors famille,2,False,1,,0.34319999999999995,0.011975613296559384,0.01201179339715322,0.01790898533894625,0.21397590361445792,0.003012048192771167,,,
Qwen3-4B-Instruct-2507,q4gab3,droite,journaliste,life,hors famille,3,False,1,,0.5902,0.5412795761358686,0.5429148618643759,0.5057337784874437,0.0946987951807229,0.05120481927710846,,,
Qwen3-4B-Instruct-2507,q4gab3,droite,journaliste,richwork,hors famille,2,False,1,,0.47119999999999995,0.4934497024241544,0.4949404870236232,0.4953549136304253,0.06277108433734938,0.009036144578313227,,,
Qwen3-4B-Instruct-2507,q4gab3,droite,adversaire,natspac/y,depenses publiques (nat*),3,False,1,,0.645,0.6121897227464074,0.6140392385250975,0.6248911307882131,0.2572289156626506,0.021084337349397533,0.4,0.5496987951807228,0.5391566265060241
Qwen3-4B-Instruct-2507,q4gab3,droite,adversaire,natenvir/y,depenses publiques (nat*),3,False,1,,0.645,0.6627776164900567,0.6647799657845886,0.6561003048337931,0.07650602409638557,0.03313253012048198,0.4,0.4563253012048193,0.4292168674698794
Qwen3-4B-Instruct-2507,q4gab3,droite,adversaire,natheal/y,depenses publiques (nat*),3,False,1,,0.645,0.5467593264624764,0.548411167327922,0.5067317462621572,0.14939759036144584,0.04819277108433733,0.4,0.25903614457831314,0.2259036144578312
Qwen3-4B-Instruct-2507,q4gab3,droite,adversaire,natcity/y,depenses publiques (nat*),3,False,1,,0.645,0.5874764116707796,0.5892512648782442,0.5944984758310351,0.3204819277108434,0.030120481927710815,0.4,0.6987951807228916,0.6867469879518072
Qwen3-4B-Instruct-2507,q4gab3,droite,adversaire,natdrug/y,depenses publiques (nat*),3,False,1,,0.645,0.607707940194513,0.6095439158446475,0.6302983016402962,0.08734939759036146,0.04518072289156631,0.4,0.32831325301204817,0.3659638554216867
Qwen3-4B-Instruct-2507,q4gab3,droite,adversaire,nateduc/y,depenses publiques (nat*),3,False,1,,0.645,0.5686057482943823,0.5703235904342445,0.5760088546958919,0.1343373493975904,0.009036144578313282,0.4,0.2906626506024096,0.2996987951807229
Qwen3-4B-Instruct-2507,q4gab3,droite,adversaire,natrace/y,depenses publiques (nat*),3,False,1,,0.645,0.5905610393380752,0.5923452116623595,0.5877304398316157,0.33253012048192776,0.021084337349397575,0.425,0.6897590361445782,0.6882530120481927
Qwen3-4B-Instruct-2507,q4gab3,droite,adversaire,natarms/y,depenses publiques (nat*),3,False,1,,0.645,0.6302620119030338,0.6321661267426201,0.612516330381768,0.07048192771084341,0.036144578313252976,0.6,0.6310240963855421,0.6566265060240963
Qwen3-4B-Instruct-2507,q4gab3,droite,adversaire,nataid/y,depenses publiques (nat*),3,False,1,,0.645,0.2487117143271882,0.2494631092345211,0.21975250399187107,0.6084337349397592,0.018072289156626453,0.4,0.9171686746987951,0.9307228915662651
Qwen3-4B-Instruct-2507,q4gab3,droite,adversaire,natfare/y,depenses publiques (nat*),3,False,1,,0.645,0.6179235012338511,0.6197903396061588,0.614675569748875,0.05421686746987957,0.009036144578313199,0.4,0.34638554216867457,0.3403614457831325
Qwen3-4B-Instruct-2507,q4gab3,droite,adversaire,natroad,depenses publiques (nat*),3,False,1,,0.645,0.544073885905066,0.5457176136570451,0.5503520104514443,0.18072289156626506,0.03915662650602406,0.4,0.25451807228915657,0.2680722891566264
Qwen3-4B-Instruct-2507,q4gab3,droite,adversaire,natsoc,depenses publiques (nat*),3,False,1,,0.645,0.49119973871389166,0.49268372583991554,0.475486282479315,0.20361445783132534,0.015060240963855366,0.4,0.20783132530120474,0.19427710843373489
Qwen3-4B-Instruct-2507,q4gab3,droite,adversaire,natmass,depenses publiques (nat*),3,False,1,,0.645,0.5700573377848744,0.5717795653914753,0.5744483959936131,0.2813253012048193,0.015060240963855456,0.4,0.45331325301204817,0.466867469879518
Qwen3-4B-Instruct-2507,q4gab3,droite,adversaire,natpark,depenses publiques (nat*),3,False,1,,0.645,0.49932863986064735,0.5008371856004077,0.49323196400058067,0.3596385542168675,0.02108433734939756,0.4,0.4382530120481927,0.41716867469879515
Qwen3-4B-Instruct-2507,q4gab3,droite,adversaire,natchld,depenses publiques (nat*),3,False,1,,0.645,0.6241834809115981,0.6260692316092163,0.6085788938888081,0.14578313253012049,0.042168674698795205,0.4,0.39156626506024095,0.39457831325301207
Qwen3-4B-Instruct-2507,q4gab3,droite,adversaire,natsci,depenses publiques (nat*),3,False,1,,0.645,0.56241834809116,0.5641174971790487,0.5552511249818551,0.29638554216867474,0.009036144578313227,0.4,0.4849397590361445,0.48644578313253006
Qwen3-4B-Instruct-2507,q4gab3,droite,adversaire,natenrgy,depenses publiques (nat*),3,False,1,,0.645,0.6592393671069822,0.6612310268263387,0.6511286108288576,0.15481927710843377,0.036144578313253045,0.4,0.5030120481927711,0.5256024096385543
Qwen3-4B-Instruct-2507,q4gab3,droite,adversaire,uswary,hors famille,2,False,1,,0.17999999999999994,0.4764842502540282,0.47792377971098904,0.4709682101901582,0.5084337349397592,0.01204819277108432,,,
Qwen3-4B-Instruct-2507,q4gab3,droite,adversaire,prayer,hors famille,2,False,1,,0.45499999999999996,0.5,0.5015105740181269,0.49853026564087677,0.15000000000000002,0.02710843373493979,0.35,0.5,0.4728915662650602
Qwen3-4B-Instruct-2507,q4gab3,droite,adversaire,courts,hors famille,3,False,1,,0.645,0.4278560023225433,0.42914861864375947,0.39018725504427343,0.4789156626506024,0.030120481927710843,0.4,0.8192771084337349,0.8433734939759037
Qwen3-4B-Instruct-2507,q4gab3,droite,adversaire,discaffw,hors famille,4,False,1,,0.675,0.7227645521846422,0.7249481308921487,0.7196799245173466,0.31927710843373497,0.04216867469879528,0.35,0.5592369477911646,0.5572289156626504
Qwen3-4B-Instruct-2507,q4gab3,droite,adversaire,discaffm,hors famille,4,False,1,,0.675,0.7178472927856003,0.7200160157245297,0.7206053128175353,0.31626506024096385,0.07228915662650601,0.6500000000000001,0.46787148594377503,0.5140562248995983
Qwen3-4B-Instruct-2507,q4gab3,droite,adversaire,fehire,roles de genre (fe*),5,False,1,,0.735,0.77821527072144,0.7805663742583628,0.7793402525765714,0.25301204819277107,0.0512048192771084,0.5375000000000001,0.5587349397590361,0.5805722891566264
Qwen3-4B-Instruct-2507,q4gab3,droite,adversaire,fechld,roles de genre (fe*),4,False,1,,0.675,0.6650457250689505,0.6670549266552617,0.6901400783858325,0.30301204819277106,0.045180722891566244,0.5,0.33333333333333326,0.3514056224899598
Qwen3-4B-Instruct-2507,q4gab3,droite,adversaire,fepresch,roles de genre (fe*),4,False,1,,0.675,0.6896683118014226,0.691751901867288,0.6878538249383075,0.1030120481927711,0.04216867469879516,0.5,0.43473895582329314,0.41767068273092367
Qwen3-4B-Instruct-2507,q4gab3,droite,adversaire,fefam,roles de genre (fe*),4,False,1,,0.7,0.7126034257511977,0.7147563061915337,0.7143090434025259,0.18493975903614457,0.01204819277108439,0.6333333333333333,0.5110441767068272,0.5210843373493976
Qwen3-4B-Instruct-2507,q4gab3,droite,adversaire,fepol,roles de genre (fe*),2,False,1,,0.4351999999999999,0.4867723907678908,0.4882430022203618,0.4997096821019016,0.26132530120481934,0.06927710843373494,0.68,0.4186746987951807,0.4879518072289157
Qwen3-4B-Instruct-2507,q4gab3,droite,adversaire,mobile16,hors famille,3,False,1,,0.5049999999999999,0.6639025983451879,0.6659083463764424,0.6631042241254174,0.3066265060240964,0.006024096385542188,,,
Qwen3-4B-Instruct-2507,q4gab3,droite,adversaire,incom16,hors famille,5,False,1,,0.76,0.6380280156771665,0.6399555927638045,0.6506568442444478,0.2590361445783133,0.048192771084337394,,,
Qwen3-4B-Instruct-2507,q4gab3,droite,adversaire,dwelown16,hors famille,3,False,1,,0.5049999999999999,0.3921287559878066,0.39331343500891786,0.40072942371897224,0.09397590361445787,0.006024096385542223,,,
Qwen3-4B-Instruct-2507,q4gab3,droite,adversaire,divorced,hors famille,2,False,1,,0.2550000000000001,0.46645013790100165,0.4678593528191316,0.45991798519378724,0.2204819277108434,0.012048192771084376,,,
Qwen3-4B-Instruct-2507,q4gab3,droite,adversaire,posslq/y,hors famille,4,False,1,,0.675,0.6408949049208884,0.6428311433043352,0.6377558426476992,0.39277108433734936,0.015060240963855397,,,
Qwen3-4B-Instruct-2507,q4gab3,droite,adversaire,wrkstat,hors famille,8,True,1,"somme 108.0 hors de [95, 105]",,,,,,,,,
Qwen3-4B-Instruct-2507,q4gab3,droite,adversaire,evwork,hors famille,2,False,1,,0.45499999999999996,0.09174045579910017,0.09201761729698266,0.10255479750326635,0.6018072289156626,0.006024096385542219,,,
Qwen3-4B-Instruct-2507,q4gab3,droite,adversaire,wrkgovt1,hors famille,2,False,1,,0.4032,0.276437073595587,0.2772722309176281,0.2723907678908406,0.11433734939759044,0.0030120481927710524,,,
Qwen3-4B-Instruct-2507,q4gab3,droite,adversaire,wrkgovt2,hors famille,2,False,1,,0.4351999999999999,0.3896066192480767,0.39078367852072954,0.3951952387864712,0.05493975903614459,0.006024096385542216,,,
Qwen3-4B-Instruct-2507,q4gab3,droite,adversaire,partfull,hors famille,3,False,1,,0.5049999999999999,0.6037705037015532,0.6055945837731591,0.5931376106836987,0.21024096385542168,0.027108433734939777,,,
Qwen3-4B-Instruct-2507,q4gab3,droite,adversaire,wksub1,hors famille,3,False,1,,0.5149999999999999,0.6181049499201625,0.6199723364758126,0.6096131514007839,0.22951807228915666,0.03614457831325299,,,
Qwen3-4B-Instruct-2507,q4gab3,droite,adversaire,wksup1,hors famille,3,False,1,,0.565,0.6452133836551024,0.6471626688020967,0.6582776890695311,0.28855421686746996,0.04819277108433735,,,
Qwen3-4B-Instruct-2507,q4gab3,droite,adversaire,conarmy,confiance dans les institutions (con*),3,False,1,,0.5549999999999999,0.5507149078240674,0.5523786990863758,0.5664102191900131,0.3650602409638555,0.02710843373493982,0.44999999999999996,0.7274096385542168,0.7168674698795181
Qwen3-4B-Instruct-2507,q4gab3,droite,adversaire,conbus,confiance dans les institutions (con*),3,False,1,,0.585,0.5243141239657427,0.525898154551742,0.5512592538830019,0.08855421686746989,0.033132530120481965,0.42500000000000004,0.46385542168674687,0.45331325301204817
Qwen3-4B-Instruct-2507,q4gab3,droite,adversaire,conclerg,confiance dans les institutions (con*),3,False,1,,0.54,0.6315321527072144,0.633440104830197,0.6302983016402962,0.12409638554216865,0.006024096385542091,0.4,0.45180722891566255,0.4457831325301205
Qwen3-4B-Instruct-2507,q4gab3,droite,adversaire,coneduc,confiance dans les institutions (con*),3,False,1,,0.585,0.5998875018144869,0.6016998507625669,0.6064196545217013,0.02469879518072292,0.054216867469879484,0.575,0.5587349397590362,0.5963855421686747
Qwen3-4B-Instruct-2507,q4gab3,droite,adversaire,confed,confiance dans les institutions (con*),3,False,1,,0.5549999999999999,0.5365619102917696,0.5381829432533762,0.5229351139497749,0.3283132530120482,0.024096385542168683,0.55,0.7545180722891566,0.7680722891566265
Qwen3-4B-Instruct-2507,q4gab3,droite,adversaire,confinan,confiance dans les institutions (con*),3,False,1,,0.5549999999999999,0.5644687182464798,0.5661740618061369,0.5695492814632022,0.0337349397590361,0.021084337349397575,0.44999999999999996,0.48042168674698793,0.463855421686747
Qwen3-4B-Instruct-2507,q4gab3,droite,adversaire,conjudge,confiance dans les institutions (con*),3,False,1,,0.5549999999999999,0.6273588329220496,0.6292541768281587,0.6298265350558863,0.19036144578313252,0.015060240963855373,0.44999999999999996,0.575301204819277,0.5617469879518072
Qwen3-4B-Instruct-2507,q4gab3,droite,adversaire,conlabor,confiance dans les institutions (con*),3,False,1,,0.54,0.5814341704166063,0.5831907691187713,0.612498185513137,0.09999999999999992,0.04819277108433737,0.6,0.6475903614457831,0.6144578313253012
Qwen3-4B-Instruct-2507,q4gab3,droite,adversaire,conlegis,confiance dans les institutions (con*),3,False,1,,0.585,0.5375780229351139,0.5392021257234376,0.5422412541733199,0.2572289156626506,0.012048192771084324,,,
Qwen3-4B-Instruct-2507,q4gab3,droite,adversaire,conmedic,confiance dans les institutions (con*),3,False,1,,0.5549999999999999,0.6175061692553345,0.619371746805955,0.6062019160981275,0.17530120481927713,0.03313253012048191,0.55,0.4277108433734939,0.4457831325301204
Qwen3-4B-Instruct-2507,q4gab3,droite,adversaire,conpress,confiance dans les institutions (con*),3,False,1,,0.585,0.4544382348671796,0.4558111600480472,0.43346276672956896,0.37771084337349403,0.030120481927710874,0.575,0.8237951807228916,0.8358433734939759
Qwen3-4B-Instruct-2507,q4gab3,droite,adversaire,consci,confiance dans les institutions (con*),3,False,1,,0.5549999999999999,0.6238387284076063,0.6257234375568741,0.594988387284076,0.12409638554216869,0.045180722891566286,0.55,0.4759036144578313,0.45331325301204817
Qwen3-4B-Instruct-2507,q4gab3,droite,adversaire,contv,confiance dans les institutions (con*),3,False,1,,0.585,0.5451988677601974,0.546845994248899,0.5429126143126723,0.2572289156626507,0.027108433734939756,,,
Qwen3-4B-Instruct-2507,q4gab3,droite,adversaire,joblose,hors famille,5,False,1,,0.75,0.6388626796341995,0.6407927783642122,0.6566990854986211,0.5283132530120482,0.03915662650602417,,,
Qwen3-4B-Instruct-2507,q4gab3,droite,adversaire,jobfind,hors famille,4,False,1,,0.6849999999999999,0.7048011322398027,0.7069304407964184,0.7071962548991146,0.35060240963855427,0.03012048192771094,,,
Qwen3-4B-Instruct-2507,q4gab3,droite,adversaire,happy,hors famille,3,False,1,,0.5149999999999999,0.5831216431993033,0.584883340006552,0.5545071853679779,0.08072289156626504,0.06325301204819275,,,
Qwen3-4B-Instruct-2507,q4gab3,droite,adversaire,hapmar,hors famille,4,False,1,,0.565,0.6581325301204821,0.6601208459214504,0.6618159384526057,0.4228915662650603,0.027108433734939794,,,
Qwen3-4B-Instruct-2507,q4gab3,droite,adversaire,satjob,hors famille,5,False,1,,0.7322,0.6966177964871534,0.69872238197503,0.7107889388880825,0.4806024096385543,0.04819277108433736,,,
Qwen3-4B-Instruct-2507,q4gab3,droite,adversaire,spdeg*,hors famille,6,False,1,,0.77,0.7300587893743651,0.7322644050522333,0.7337421977064886,0.41325301204819287,0.018072289156626505,,,
Qwen3-4B-Instruct-2507,q4gab3,droite,adversaire,spjew,hors famille,5,False,1,,0.735,0.5500072579474524,0.5516689112947257,0.5186710698214545,0.6042168674698797,0.03313253012048185,,,
Qwen3-4B-Instruct-2507,q4gab3,droite,adversaire,spfund,hors famille,4,False,1,,0.675,0.5531100304833794,0.5547810577658066,0.565303382203513,0.5084337349397592,0.027108433734939753,,,
Qwen3-4B-Instruct-2507,q4gab3,droite,adversaire,unemp,hors famille,2,False,1,,0.21120000000000005,0.43896066192480765,0.44028682706657446,0.4709682101901582,0.20530120481927713,0.05421686746987947,,,
Qwen3-4B-Instruct-2507,q4gab3,droite,adversaire,union1,hors famille,4,False,1,,0.735,0.13732036580055162,0.13773523095402762,0.12630643054144308,0.627710843373494,0.006024096385542111,,,
Qwen3-4B-Instruct-2507,q4gab3,droite,adversaire,spkath/y,libertes civiles (spk/col/lib),2,False,1,,0.45499999999999996,0.3430650312091741,0.3441014814545191,0.33624256060386126,0.13012048192771086,0.00602409638554216,0.35,0.2198795180722891,0.2138554216867469
Qwen3-4B-Instruct-2507,q4gab3,droite,adversaire,colath,libertes civiles (spk/col/lib),2,False,1,,0.42000000000000004,0.44511177239076805,0.4464565209478399,0.4279830164029612,0.36566265060240966,0.02409638554216867,0.7,0.3343373493975903,0.3102409638554217
Qwen3-4B-Instruct-2507,q4gab3,droite,adversaire,spkrac/y,libertes civiles (spk/col/lib),2,False,1,,0.45499999999999996,0.5,0.5015105740181269,0.49274205254753967,0.15000000000000002,0.060240963855421686,,,
Qwen3-4B-Instruct-2507,q4gab3,droite,adversaire,colrac,libertes civiles (spk/col/lib),2,False,1,,0.42000000000000004,0.4724016548120191,0.4738288501437775,0.4802402380606764,0.08253012048192768,0.01807228915662651,,,
Qwen3-4B-Instruct-2507,q4gab3,droite,adversaire,librac/y,libertes civiles (spk/col/lib),2,False,1,,0.4351999999999999,0.4764842502540282,0.47792377971098904,0.4709682101901582,0.2884337349397591,0.01204819277108432,,,
Qwen3-4B-Instruct-2507,q4gab3,droite,adversaire,spkcom/y,libertes civiles (spk/col/lib),2,False,1,,0.42000000000000004,0.46645013790100165,0.4678593528191316,0.43248294382348684,0.3295180722891566,0.054216867469879554,0.7,0.3704819277108434,0.3162650602409638
Qwen3-4B-Instruct-2507,q4gab3,droite,adversaire,colcom/y,libertes civiles (spk/col/lib),2,False,1,,0.4032,0.469498475831035,0.4709169002293161,0.4737988096966178,0.3434939759036144,0.009036144578313282,0.72,0.3765060240963855,0.3855421686746988
Qwen3-4B-Instruct-2507,q4gab3,droite,adversaire,libcom/y,libertes civiles (spk/col/lib),2,False,1,,0.4351999999999999,0.43896066192480765,0.44028682706657446,0.4160981274495573,0.3546987951807229,0.030120481927710885,0.68,0.3253012048192771,0.2951807228915662
Qwen3-4B-Instruct-2507,q4gab3,droite,adversaire,spkhomo/y,libertes civiles (spk/col/lib),2,False,1,,0.45499999999999996,0.16439250979822884,0.1648891639063806,0.18861590942081574,0.25963855421686755,0.01506024096385545,0.35,0.0903614457831325,0.1054216867469879
Qwen3-4B-Instruct-2507,q4gab3,droite,adversaire,colhomo,libertes civiles (spk/col/lib),2,False,1,,0.42000000000000004,0.1838438089708232,0.18439922833327282,0.1980512411090145,0.5975903614457831,0.009036144578313282,0.7,0.1024096385542168,0.1114457831325301
Qwen3-4B-Instruct-2507,q4gab3,droite,adversaire,libhomo/y,libertes civiles (spk/col/lib),2,False,1,,0.4351999999999999,0.3658005516040064,0.3669056892221454,0.3896066192480767,0.4390361445783133,0.02409638554216867,0.68,0.2409638554216867,0.2650602409638554
Qwen3-4B-Instruct-2507,q4gab3,droite,adversaire,cappun,hors famille,2,False,1,,0.2550000000000001,0.3075010886921179,0.308430095002366,0.29225939904195086,0.6602409638554216,0.01204819277108439,0.15,0.8102409638554217,0.822289156626506
Qwen3-4B-Instruct-2507,q4gab3,droite,adversaire,polhitok/y,hors famille,2,False,1,,0.2550000000000001,0.3497423428654377,0.35079896625778045,0.32927493104949934,0.6240963855421686,0.01807228915662651,0.15,0.7740963855421686,0.7921686746987951
Qwen3-4B-Instruct-2507,q4gab3,droite,adversaire,polabuse/y,hors famille,2,False,1,,0.42000000000000004,0.16439250979822884,0.1648891639063806,0.14942299317752927,0.20963855421686756,0.009036144578313275,0.3,0.0903614457831325,0.0813253012048192
Qwen3-4B-Instruct-2507,q4gab3,droite,adversaire,polattak/y,hors famille,2,False,1,,0.2550000000000001,0.41109014370735963,0.41233210788774444,0.37799390332414007,0.560843373493976,0.036144578313253045,0.15,0.7108433734939759,0.7469879518072289
Qwen3-4B-Instruct-2507,q4gab3,droite,adversaire,grass,hors famille,2,False,1,,0.4032,0.4546378284221222,0.4560113566046664,0.45991798519378724,0.3706024096385542,0.009036144578313227,0.72,0.3493975903614458,0.358433734939759
Qwen3-4B-Instruct-2507,q4gab3,droite,adversaire,gunlaw,hors famille,2,False,1,,0.2550000000000001,0.4997096821019016,0.5012193790266808,0.4947561329655974,0.36204819277108435,0.03915662650602411,0.85,0.4879518072289157,0.4487951807228915
Qwen3-4B-Instruct-2507,q4gab3,droite,adversaire,owngun,hors famille,2,False,1,,0.4032,0.4814196545217013,0.48287409456557356,0.4886594571055305,0.1236144578313253,0.021084337349397547,,,
Qwen3-4B-Instruct-2507,q4gab3,droite,adversaire,hunt1,hors famille,4,False,1,,0.705,0.33306720859340977,0.3340734539365923,0.33827478589055016,0.6572289156626507,0.012048192771084362,,,
Qwen3-4B-Instruct-2507,q4gab3,droite,adversaire,class,hors famille,4,False,1,,0.715,0.6342901727391493,0.6362064572489353,0.6240746116998114,0.17530120481927713,0.051204819277108383,,,
Qwen3-4B-Instruct-2507,q4gab3,droite,adversaire,satfin,hors famille,3,False,1,,0.585,0.6585680069676295,0.6605576384086194,0.6529430976919728,0.14939759036144584,0.07530120481927705,,,
Qwen3-4B-Instruct-2507,q4gab3,droite,adversaire,finalter,hors famille,3,False,1,,0.645,0.6567716649731457,0.6587558693990464,0.6449593554942663,0.15963855421686746,0.04216867469879515,,,
Qwen3-4B-Instruct-2507,q4gab3,droite,adversaire,finrela,hors famille,5,False,1,,0.76,0.7258673247205691,0.7280602773632295,0.7071599651618523,0.2072289156626506,0.054216867469879505,,,
Qwen3-4B-Instruct-2507,q4gab3,droite,adversaire,racdif1,hors famille,2,False,1,,0.375,0.32927493104949934,0.33026971936082716,0.318551313688489,0.04216867469879518,0.009036144578313268,0.75,0.7921686746987951,0.8012048192771084
Qwen3-4B-Instruct-2507,q4gab3,droite,adversaire,racdif2,hors famille,2,False,1,,0.4872000000000001,0.13412686892146897,0.13453208604811995,0.1790354187835681,0.507710843373494,0.027108433734939735,0.58,0.072289156626506,0.0993975903614457
Qwen3-4B-Instruct-2507,q4gab3,droite,adversaire,racdif3,hors famille,2,False,1,,0.4351999999999999,0.38675787487298596,0.38792632766716423,0.3719698069385977,0.4179518072289157,0.015060240963855456,0.32,0.7379518072289156,0.7530120481927711
Qwen3-4B-Instruct-2507,q4gab3,droite,adversaire,racdif4,hors famille,2,False,1,,0.4351999999999999,0.4993467847292785,0.5008553852873731,0.5,0.19807228915662653,0.01807228915662651,0.68,0.4819277108433735,0.5
Qwen3-4B-Instruct-2507,q4gab3,droite,adversaire,wlthwhts,hors famille,7,False,1,,0.83,0.5167295688779214,0.5182906854002113,0.5777689069531137,0.577710843373494,0.06024096385542168,,,
Qwen3-4B-Instruct-2507,q4gab3,droite,adversaire,wlthblks,hors famille,7,True,1,"somme 90.0 hors de [95, 105]",,,,,,,,,
Qwen3-4B-Instruct-2507,q4gab3,droite,adversaire,wlthhsps,hors famille,7,False,1,,0.83,0.6562273189142112,0.658209878790085,0.6568260995790391,0.5295180722891566,0.0271084337349397,,,
Qwen3-4B-Instruct-2507,q4gab3,droite,adversaire,racwork,hors famille,7,False,1,,0.6511999999999999,0.7319640005806359,0.7341753721835986,0.734631296269415,0.4675903614457832,0.039156626506024056,,,
Qwen3-4B-Instruct-2507,q4gab3,droite,adversaire,letin1a,hors famille,5,False,1,,0.775,0.5724343155755552,0.5741637243839407,0.5498802438670345,0.5084337349397592,0.03012048192771089,0.48750000000000004,0.8268072289156626,0.8373493975903614
Qwen3-4B-Instruct-2507,q4gab3,droite,adversaire,getahead,hors famille,3,False,1,,0.5512,0.4832159965161853,0.48467586357514664,0.5146610538539701,0.06385542168674699,0.05120481927710842,0.74,0.802710843373494,0.7740963855421688
Qwen3-4B-Instruct-2507,q4gab3,droite,adversaire,aged,hors famille,3,False,1,,0.655,0.5617651328204383,0.5634623084482946,0.5104332994629119,0.24156626506024098,0.07530120481927706,,,
Qwen3-4B-Instruct-2507,q4gab3,droite,adversaire,parsol,hors famille,5,False,1,,0.775,0.7805922485121208,0.7829505332508282,0.7898824212512702,0.04397590361445778,0.04819277108433747,,,
Qwen3-4B-Instruct-2507,q4gab3,droite,adversaire,kidssol,hors famille,6,False,1,,0.775,0.8089889679198723,0.8114330433516544,0.8066301349978227,0.2204819277108434,0.018072289156626505,,,
Qwen3-4B-Instruct-2507,q4gab3,droite,adversaire,spanking,hors famille,4,False,1,,0.6499999999999999,0.7087567136013935,0.7108979725548721,0.7161598200029031,0.11024096385542166,0.027108433734939784,0.7000000000000001,0.6255020080321285,0.605421686746988
Qwen3-4B-Instruct-2507,q4gab3,droite,adversaire,divlaw,hors famille,3,False,1,,0.585,0.626796341994484,0.6286899865322317,0.6283749455653942,0.07891566265060246,0.024096385542168752,0.575,0.5240963855421686,0.5436746987951806
Qwen3-4B-Instruct-2507,q4gab3,droite,adversaire,sexeduc,hors famille,2,False,1,,0.2550000000000001,0.4185476847147628,0.4198121792305174,0.4160981274495573,0.5518072289156626,0.003012048192771094,0.85,0.2981927710843373,0.2951807228915662
Qwen3-4B-Instruct-2507,q4gab3,droite,adversaire,pillok,hors famille,4,False,1,,0.615,0.733433734939759,0.7356495468277946,0.7341595296850052,0.33614457831325306,0.02409638554216867,0.55,0.5572289156626505,0.5572289156626504
Qwen3-4B-Instruct-2507,q4gab3,droite,adversaire,xmarsex,hors famille,4,False,1,,0.5082,0.4476157642618669,0.4489680777490629,0.4421723036725216,0.09337349397590355,0.024096385542168655,0.8433333333333333,0.8554216867469879,0.8674698795180722
Qwen3-4B-Instruct-2507,q4gab3,droite,adversaire,homosex,hors famille,4,False,1,,0.5691999999999999,0.6549934678472928,0.6569723000764388,0.6633038176803601,0.36987951807228914,0.04518072289156626,0.8066666666666668,0.5542168674698795,0.5763052208835341
Qwen3-4B-Instruct-2507,q4gab3,droite,adversaire,marhomo,hors famille,5,False,1,,0.7,0.7745318623893164,0.77687183780439,0.7841486427638265,0.4198795180722891,0.03915662650602405,0.5750000000000001,0.49924698795180705,0.5150602409638554
Qwen3-4B-Instruct-2507,q4gab3,droite,adversaire,discaff,hors famille,3,False,1,,0.585,0.64612062708666,0.6480726531503659,0.6386086514733634,0.1421686746987953,0.01807228915662651,0.575,0.48343373493975894,0.4743975903614457
Qwen3-4B-Instruct-2507,q4gab3,droite,adversaire,abdefect,avortement (ab*),2,False,1,,0.2550000000000001,0.44511177239076805,0.4464565209478399,0.4509362752213675,0.5156626506024096,0.009036144578313282,0.85,0.3343373493975903,0.3433734939759036
Qwen3-4B-Instruct-2507,q4gab3,droite,adversaire,abnomore,avortement (ab*),2,False,1,,0.2550000000000001,0.44511177239076805,0.4464565209478399,0.4279830164029612,0.18433734939759033,0.02409638554216867,0.85,0.6656626506024096,0.6897590361445783
Qwen3-4B-Instruct-2507,q4gab3,droite,adversaire,abhlth,avortement (ab*),2,False,1,,0.42000000000000004,0.20734141384816374,0.2079678229534452,0.21193206561184508,0.5825301204819278,0.003012048192771115,0.7,0.1174698795180722,0.1204819277108433
Qwen3-4B-Instruct-2507,q4gab3,droite,adversaire,abpoor,avortement (ab*),2,False,1,,0.2550000000000001,0.452805196690376,0.45417318822116265,0.43025112498185514,0.19638554216867465,0.033132530120481896,0.85,0.6536144578313253,0.6867469879518072
Qwen3-4B-Instruct-2507,q4gab3,droite,adversaire,abrape,avortement (ab*),2,False,1,,0.2550000000000001,0.3658005516040064,0.3669056892221454,0.375,0.6090361445783132,0.009036144578313282,0.85,0.2409638554216867,0.25
Qwen3-4B-Instruct-2507,q4gab3,droite,adversaire,absingle,avortement (ab*),2,False,1,,0.2550000000000001,0.43683771229496304,0.4381574636916246,0.4233379300333866,0.172289156626506,0.01807228915662648,0.85,0.677710843373494,0.6957831325301205
Qwen3-4B-Instruct-2507,q4gab3,droite,adversaire,abany,avortement (ab*),2,False,1,,0.2550000000000001,0.4085317172303673,0.4097659520256252,0.4085317172303673,0.136144578313253,0.0,0.85,0.713855421686747,0.713855421686747
Qwen3-4B-Instruct-2507,q4gab3,droite,adversaire,letdie1,fin de vie (suicide/letdie),2,False,1,,0.42000000000000004,0.4709682101901582,0.47239107487351223,0.463256641021919,0.3204819277108434,0.015060240963855415,0.7,0.3795180722891566,0.3644578313253012
Qwen3-4B-Instruct-2507,q4gab3,droite,adversaire,suicide1,fin de vie (suicide/letdie),2,False,1,,0.42000000000000004,0.4581942226738278,0.4595784952498817,0.4546378284221222,0.3445783132530121,0.006024096385542105,0.7,0.3554216867469879,0.3493975903614458
Qwen3-4B-Instruct-2507,q4gab3,droite,adversaire,suicide2,fin de vie (suicide/letdie),2,False,1,,0.17999999999999994,0.22993177529394693,0.2306264332253486,0.23434097837131662,0.0325301204819277,0.003012048192771108,0.9,0.8674698795180723,0.8644578313253012
Qwen3-4B-Instruct-2507,q4gab3,droite,adversaire,suicide3,fin de vie (suicide/letdie),2,False,1,,0.2550000000000001,0.24735084917985195,0.2480981327121174,0.24305051531426902,0.00542168674698798,0.003012048192771108,0.85,0.8554216867469879,0.858433734939759
Qwen3-4B-Instruct-2507,q4gab3,droite,adversaire,suicide4,fin de vie (suicide/letdie),2,False,1,,0.2550000000000001,0.3497423428654377,0.35079896625778045,0.3430650312091741,0.07590361445783132,0.00602409638554223,0.85,0.7740963855421686,0.7801204819277109
Qwen3-4B-Instruct-2507,q4gab3,droite,adversaire,pornlaw,hors famille,3,False,1,,0.615,0.4994193642038032,0.5009281840352346,0.5375780229351139,0.22048192771084346,0.06325301204819284,0.65,0.6475903614457832,0.6641566265060241
Qwen3-4B-Instruct-2507,q4gab3,droite,adversaire,fair,hors famille,3,False,1,,0.645,0.6609268398896793,0.6629235977141195,0.6546850050805633,0.05542168674698797,0.06626506024096379,,,
Qwen3-4B-Instruct-2507,q4gab3,droite,adversaire,helpful,hors famille,3,False,1,,0.645,0.6610357091014661,0.6630327958359117,0.6610357091014661,0.05542168674698797,0.045180722891566244,,,
Qwen3-4B-Instruct-2507,q4gab3,droite,adversaire,trust,hors famille,3,False,1,,0.645,0.5711097401654812,0.5728351472354676,0.5913231238205835,0.13132530120481928,0.05722891566265058,,,
Qwen3-4B-Instruct-2507,q4gab3,droite,adversaire,tax,hors famille,3,False,1,,0.635,0.41128973726230234,0.41253230444436373,0.4085317172303673,0.26987951807228916,0.003012048192771094,0.625,0.8524096385542168,0.8539156626506024
Qwen3-4B-Instruct-2507,q4gab3,droite,adversaire,vote16,hors famille,3,False,1,,0.485,0.35273624618957766,0.3538019146070689,0.32317825518943244,0.48313253012048196,0.021084337349397613,,,
Qwen3-4B-Instruct-2507,q4gab3,droite,adversaire,pres16,hors famille,4,False,1,,0.2662000000000001,0.4872260124836696,0.4886979943944964,0.47788140513862676,0.1909638554216867,0.015060240963855432,,,
Qwen3-4B-Instruct-2507,q4gab3,droite,adversaire,if16who,hors famille,3,False,1,,0.2650000000000001,0.3120010161126433,0.3129436173697812,0.3121643199303237,0.03072289156626503,0.003012048192771101,,,
Qwen3-4B-Instruct-2507,q4gab3,droite,adversaire,news,hors famille,5,False,1,,0.775,0.7523769777906809,0.7546500200196559,0.7454456379735811,0.2825301204819278,0.03915662650602406,,,
Qwen3-4B-Instruct-2507,q4gab3,droite,adversaire,jew,hors famille,5,True,1,"somme 90.0 hors de [95, 105]",,,,,,,,,
Qwen3-4B-Instruct-2507,q4gab3,droite,adversaire,relig16*,hors famille,5,False,1,,0.62,0.7291334010741763,0.7313362210169987,0.7198432283350269,0.21867469879518076,0.02710843373493972,,,
Qwen3-4B-Instruct-2507,q4gab3,droite,adversaire,jew16*,hors famille,5,False,1,,0.595,0.4750870953694295,0.4765224038146544,0.4550370155320076,0.675301204819277,0.01807228915662649,,,
Qwen3-4B-Instruct-2507,q4gab3,droite,adversaire,attend,hors famille,9,True,1,"somme 114.0 hors de [95, 105]",,,,,,,,,
Qwen3-4B-Instruct-2507,q4gab3,droite,adversaire,pray,hors famille,6,False,1,,0.78,0.770884743794455,0.7732137007243477,0.7688888082450284,0.41265060240963863,0.03915662650602411,,,
Qwen3-4B-Instruct-2507,q4gab3,droite,adversaire,postlife,hors famille,2,False,1,,0.2550000000000001,0.2804470895630715,0.2812943617369781,0.2516148933081723,0.6813253012048193,0.021084337349397617,,,
Qwen3-4B-Instruct-2507,q4gab3,droite,adversaire,bible,hors famille,3,False,1,,0.5049999999999999,0.6308063579619685,0.6327121173515817,0.6251814486863116,0.2945783132530121,0.012048192771084348,,,
Qwen3-4B-Instruct-2507,q4gab3,droite,adversaire,reborn,hors famille,3,False,1,,0.4650000000000001,0.6224960081289013,0.6243766607214357,0.6145485556684569,0.3144578313253011,0.02710843373493972,,,
Qwen3-4B-Instruct-2507,q4gab3,droite,adversaire,savesoul,hors famille,2,False,1,,0.47119999999999995,0.4997096821019016,0.5012193790266808,0.49992742052547545,0.10795180722891565,0.01807228915662651,,,
Qwen3-4B-Instruct-2507,q4gab3,droite,adversaire,granborn,hors famille,5,False,1,,0.6799999999999999,0.5884199448395994,0.5901976486004441,0.5485375235883294,0.2981927710843374,0.060240963855421645,,,
Qwen3-4B-Instruct-2507,q4gab3,droite,adversaire,uscitzn*,hors famille,2,False,1,,0.1472,0.011975613296559384,0.01201179339715322,0.01790898533894625,0.07397590361445791,0.003012048192771167,,,
Qwen3-4B-Instruct-2507,q4gab3,droite,adversaire,fucitzn,hors famille,5,False,1,,0.5922,0.02389679198722605,0.023968987733411027,0.023860502249963833,0.8679518072289159,0.00602409638554215,,,
Qwen3-4B-Instruct-2507,q4gab3,droite,adversaire,mnthsusa,hors famille,6,False,1,,0.815,0.03549136304253131,0.035598587704291224,0.04715851357236167,0.8319277108433736,0.006024096385542122,,,
Qwen3-4B-Instruct-2507,q4gab3,droite,adversaire,income,hors famille,12,False,1,,0.8938802083333334,0.6930614022354479,0.6951552433298148,0.6449956452315286,0.42720883534136556,0.07530120481927702,,,
Qwen3-4B-Instruct-2507,q4gab3,droite,adversaire,othlang,hors famille,2,False,1,,0.2550000000000001,0.3430650312091741,0.3441014814545191,0.33967194077514884,0.06987951807228909,0.0030120481927710524,,,
Qwen3-4B-Instruct-2507,q4gab3,droite,adversaire,health,hors famille,4,False,1,,0.6849999999999999,0.6140404993467847,0.6158956065955666,0.5931739004209611,0.21987951807228923,0.04819277108433736,,,
Qwen3-4B-Instruct-2507,q4gab3,droite,adversaire,compuse*,hors famille,2,False,1,,0.1472,0.0296668602119321,0.029756488188403197,0.04703149949194363,0.06493975903614459,0.009036144578313227,,,
Qwen3-4B-Instruct-2507,q4gab3,droite,adversaire,webmob,hors famille,2,False,1,,0.34319999999999995,0.05842647699230641,0.05860299202853694,0.052747133110756295,0.1898795180722892,0.003012048192771056,,,
Qwen3-4B-Instruct-2507,q4gab3,droite,adversaire,xmovie,hors famille,2,False,1,,0.21120000000000005,0.43248294382348684,0.4337895388199325,0.4581942226738278,0.19626506024096385,0.039156626506024056,,,
Qwen3-4B-Instruct-2507,q4gab3,droite,adversaire,usewww*,hors famille,2,False,1,,0.34319999999999995,0.011975613296559384,0.01201179339715322,0.01790898533894625,0.21397590361445792,0.003012048192771167,,,
Qwen3-4B-Instruct-2507,q4gab3,droite,adversaire,life,hors famille,3,False,1,,0.5549999999999999,0.5412795761358686,0.5429148618643759,0.5057337784874437,0.09939759036144576,0.05120481927710846,,,
Qwen3-4B-Instruct-2507,q4gab3,droite,adversaire,richwork,hors famille,2,False,1,,0.45499999999999996,0.4934497024241544,0.4949404870236232,0.4953549136304253,0.0927710843373494,0.009036144578313227,,,
